buyer_id,first_name,last_name,email,phone,buyer_type,pre_approval_amount,registration_date
BYR-0001,Willie,Thompson,pughdavid@example.net,65622818276243,Individual,439789.5,2023-07-01
BYR-0002,Joshua,Hawkins,kevincollins@example.com,00171132789567538,Investor,1816145.77,2019-05-31
BYR-0003,Nicole,Cross,zacharyhansen@example.org,700234746492903,Individual,1282358.75,2024-03-06
BYR-0004,Michael,Riley,michellewagner@example.net,0012035216215975,Investor,831589.96,2021-06-16
BYR-0005,Jennifer,Johnson,hector91@example.org,17998274871048,Individual,1826786.62,2021-06-11
BYR-0006,Theresa,Brown,qmcdowell@example.com,46723188191262,Individual,2834234.83,2021-09-08
BYR-0007,Lisa,Cooper,michael24@example.com,31920865657433,Trust,1744607.82,2022-02-17
BYR-0008,Ronald,Smith,pmartinez@example.net,9612184710,Individual,2288940.55,2023-01-08
BYR-0009,Melanie,Torres,sarahswanson@example.org,001574932753171715,Corporation,1120702.42,2023-02-22
BYR-0010,Curtis,Montoya,smckay@example.org,70655510865471,Corporation,214045.09,2021-06-05
BYR-0011,Deborah,Richards,roberthart@example.org,00163186617414992,Investor,1789815.49,2024-05-05
BYR-0012,Kelly,Wallace,craigclark@example.org,562701791809193,Individual,975485.74,2019-02-17
BYR-0013,Lisa,Walter,dgutierrez@example.com,221888304317862,Individual,1540185.11,2020-12-22
BYR-0014,Lauren,Rodriguez,paulkent@example.org,5375673179,Individual,1526536.06,2021-09-20
BYR-0015,Lance,Donovan,benjamin75@example.com,3688590148452,Investor,1573199.77,2021-02-16
BYR-0016,Ryan,Anderson,jasonbender@example.net,00187866220614131,Corporation,592138.42,2023-08-08
BYR-0017,Sara,Martin,ecameron@example.com,8105630407,Investor,2676009.54,2022-11-18
BYR-0018,William,Hansen,jacobclark@example.org,1587350435714017,Individual,1635307.33,2020-06-29
BYR-0019,Natalie,Browning,rlewis@example.org,0018469929924401,Corporation,131027.19,2019-07-08
BYR-0020,Johnny,Blake,derekorr@example.net,17643093942,Individual,1526536.06,2022-05-10
BYR-0021,Thomas,Walker,carterrobert@example.com,2577387421750,Individual,1768358.98,2021-12-17
BYR-0022,Donna,Prince,omorton@example.com,9498806393,Investor,2055697.7,2021-06-12
BYR-0023,Janet,Eaton,xsantos@example.org,9122389970,Corporation,890419.57,2024-02-26
BYR-0024,Samantha,Carter,invalid email,58347119695941,Individual,1084886.27,2022-06-01
BYR-0025,Tiffany,Lin,brandonlewis@example.com,7147799459,Corporation,1390761.38,2024-03-20
BYR-0026,Veronica,Harper,dixonterri@example.org,610670013126073,Individual,1526536.06,2021-08-30
BYR-0027,Jessica,Allen,christophermurphy@example.com,268838590915816,Individual,2541212.52,2022-09-08
BYR-0028,James,Smith,eellis@example.org,0016486221467045,Corporation,185830.71,2024-02-25
BYR-0029,Jose,Farmer,amanda77@example.net,158276353162407,Trust,2451580.01,2020-03-19
BYR-0030,Richard,Johnson,ashley28@example.net,959473868345482,Investor,2602980.26,2023-04-11
BYR-0031,Calvin,Wood,amcdonald@example.org,001598700162253530,Individual,1325754.92,2021-10-17
BYR-0032,Joseph,Fields,bethany24@example.org,6582872265,Investor,2168790.92,2022-12-11
BYR-0033,Ruth,Bauer,swilliams@example.net,4515589806,Individual,1190979.37,2021-12-25
BYR-0034,Melissa,Morrow,amy13@example.org,3605827568,Corporation,226721.55,2020-11-26
BYR-0035,Michael,Guzman,moralesjimmy@example.com,38990570127088,Individual,479496.11,2019-12-09
BYR-0036,Susan,Armstrong,chad92@example.org,12514407015,Investor,1573199.77,2022-09-30
BYR-0037,Kylie,Oconnor,jennifer10@example.org,9785722728,Individual,128815.83,2023-10-09
BYR-0038,Nicole,Sutton,dharrison@example.org,49154920273239,Trust,1796749.75,2023-01-29
BYR-0039,Brittany,Hickman,uschneider@example.net,2832861429,Individual,2556298.05,2024-04-24
BYR-0040,Amy,Blackburn,crosslance@example.net,60445535302432,Individual,1526536.06,2020-04-03
BYR-0041,Kristina,Silva,marshalltracey@example.com,55533833908877,Individual,1652300.45,2023-01-28
BYR-0042,Keith,Lopez,caitlin42@example.com,17746307708715,Individual,1526536.06,2019-11-09
BYR-0043,Maureen,Rubio,alisonmcintosh@example.net,1500786115164520,Individual,1526536.06,2019-08-13
BYR-0044,Ashley,Chen,wflowers@example.net,00148540211090993,Investor,2246474.22,2020-11-27
BYR-0045,Samantha,Parker,josephkerr@example.net,7604943632,Individual,1539428.56,2019-04-30
BYR-0046,Pamela,Tran,elizabeth98@example.org,9732427762,Trust,2037305.72,2019-01-29
BYR-0047,Denise,Cruz,ksims@example.com,448471487034884,Investor,1162077.26,2021-09-11
BYR-0048,Joshua,Garcia,barrettsamantha@example.org,2456388899,Investor,1573199.77,2024-03-31
BYR-0049,Rebecca,Ramos,dianachavez@example.com,64726727351071,Investor,1753809.22,2021-09-18
BYR-0050,Dawn,Larson,lukezamora@example.org,132434861465212,Individual,2432176.3,2022-08-25
BYR-0051,Susan,Hines,denise32@example.com,00142788691633655,Investor,1066174.98,2023-05-16
BYR-0052,Mary,Patrick,johnking@example.org,5932165370,Individual,1643937.05,2022-10-13
BYR-0053,Amanda,Yoder,lisa26@example.com,6607015264651,Individual,2481442.65,2019-01-24
BYR-0054,Andrew,Arroyo,justinibarra@example.net,815204428860207,Trust,2150648.72,2024-05-14
BYR-0055,Edward,Andrews,galvantiffany@example.com,5738160740809,Individual,1156173.85,2019-06-02
BYR-0056,Yvette,Reid,william05@example.com,8566628680040,Individual,899421.51,2020-09-26
BYR-0057,Michael,Fernandez,mccoychristopher@example.org,92888753622997,Individual,2058723.08,2021-08-06
BYR-0058,Savannah,Park,megan19@example.org,00146032299613971,Corporation,1484279.23,2023-03-25
BYR-0059,Erica,Reyes,guy18@example.org,5444738483,Investor,1294284.42,2019-03-06
BYR-0060,Ryan,Robinson,charlesjones@example.net,3646984816,Trust,1621959.38,2019-01-18
BYR-0061,Keith,Baker,sheppardmary@example.net,24747822201127,Investor,241111.54,2021-02-18
BYR-0062,Cheyenne,Turner,cjordan@example.com,597448156540374,Individual,1304981.13,2023-01-31
BYR-0063,Michael,Salazar,carrolldenise@example.com,7275432618,Individual,512459.61,2024-06-11
BYR-0064,Julie,Powell,keithlucero@example.com,86198206090748,Individual,101093.32,2019-01-12
BYR-0065,Madison,Arellano,lowens@example.org,260690710845789,Investor,2636925.64,2023-02-13
BYR-0066,Brandon,Phillips,bradytravis@example.com,00156857364095914,Investor,1573199.77,2019-03-12
BYR-0067,Jennifer,Kelley,johnathanpennington@example.com,7768822766,Individual,1234816.54,2021-05-19
BYR-0068,Shelia,Rosales,dcontreras@example.net,3025853258,Individual,1590972.72,2019-07-20
BYR-0069,Dawn,Roberts,garciasean@example.com,4519770901,Individual,1549867.16,2019-03-23
BYR-0070,Amber,Sims,nicholskatelyn@example.net,5825297120302,Individual,1681865.61,2024-06-25
BYR-0071,Joseph,Gardner,xramos@example.net,94181230477866,Investor,1839242.26,2023-05-14
BYR-0072,Elizabeth,Salazar,lorilane@example.com,9064828304151,Individual,718717.97,2020-04-27
BYR-0073,Joseph,Ferguson,mooretodd@example.com,0016215430669,Individual,1430454.01,2021-10-02
BYR-0074,Ashley,Edwards,stewartmichael@example.net,9296566283,Corporation,1182763.19,2019-09-15
BYR-0075,Austin,Cantrell,christopher89@example.org,86830242428038,Corporation,1197110.68,2021-11-15
BYR-0076,Ryan,Stevens,bmerritt@example.org,490968548671267,Individual,787140.33,2020-01-16
BYR-0077,Cynthia,Campbell,zwiggins@example.org,5477310138,Individual,1526536.06,2020-02-13
BYR-0078,Edward,Jackson,jbarker@example.net,77186759036878,Individual,1526536.06,2022-08-12
BYR-0079,Anthony,Kelly,cunninghamjason@example.net,4258984363,Investor,1283059.2,2020-06-28
BYR-0080,Brittany,Gilbert,invalid email,12937944012792,Corporation,937016.13,2020-10-03
BYR-0081,Kevin,Nguyen,jacobrodriguez@example.com,77345457153995,Individual,1521219.09,2021-12-09
BYR-0082,Erica,Rodriguez,invalid email,0012067307228,Investor,2772718.6,2019-02-17
BYR-0083,Nicholas,Knight,darlenebass@example.org,0018037545512300,Individual,910871.29,2021-12-21
BYR-0084,David,Rodriguez,millerjames@example.org,398528223753343,Individual,1526536.06,2021-09-02
BYR-0085,Emma,Jones,invalid email,2933624598,Individual,604637.93,2021-06-14
BYR-0086,Michelle,Taylor,shepherdemily@example.com,5754161827857,Corporation,1277934.37,2019-12-02
BYR-0087,Cindy,Fox,mariah84@example.com,00123821205808064,Investor,2681310.71,2023-12-05
BYR-0088,Kristin,Barker,fsmith@example.org,17982100634,Individual,1526536.06,2024-01-31
BYR-0089,Jonathan,Riggs,matthewjackson@example.org,455362440758447,Investor,222440.69,2024-01-01
BYR-0090,Elizabeth,Jimenez,carriejohnson@example.net,2826119160047,Individual,1214818.94,2019-11-22
BYR-0091,Annette,James,fhansen@example.com,5919504688,Investor,1465693.4,2023-07-14
BYR-0092,Paul,Chen,kevinramos@example.org,93931805374973,Individual,2120495.05,2019-05-11
BYR-0093,Richard,Gonzales,scotthall@example.org,6498364877,Individual,2901132.57,2024-04-29
BYR-0094,Sean,Allen,karen61@example.net,6853811373,Investor,1951321.11,2019-10-11
BYR-0095,Ann,Jones,michaelbaker@example.net,183039099748336,Individual,539586.51,2020-08-09
BYR-0096,Heidi,Thompson,daniel55@example.org,7028169345,Investor,1976365.55,2022-07-26
BYR-0097,Jose,Perry,ganderson@example.com,00146275452299701,Individual,1619526.26,2023-06-14
BYR-0098,Tammy,Solis,kimberlyross@example.net,14275623379950,Individual,1897154.53,2020-12-22
BYR-0099,Luis,Powell,invalid email,16048019387,Individual,1526536.06,2021-10-28
BYR-0100,Russell,Acevedo,anna34@example.org,5339607726,Individual,648610.86,2020-11-12
BYR-0101,John,Carson,heather23@example.com,175497307424229,Individual,1516184.4,2021-10-13
BYR-0102,Steven,Morgan,invalid email,13127241399425,Individual,989789.94,2023-07-11
BYR-0103,Lindsey,Miller,mitchellbilly@example.org,9177935201237,Individual,1708316.61,2020-12-11
BYR-0104,Kylie,Dixon,douglas62@example.net,4034504004,Individual,2574346.29,2023-04-29
BYR-0105,Jack,Valdez,freemanmichelle@example.org,4915259651,Individual,170022.71,2022-01-31
BYR-0106,Crystal,Ruiz,tinaallison@example.net,2978510783,Individual,680350.38,2019-07-23
BYR-0107,Dwayne,Clark,samuel19@example.com,5619325318,Individual,1526536.06,2021-09-27
BYR-0108,Lisa,Boyd,scottdebra@example.org,60681322040071,Corporation,306764.17,2020-01-24
BYR-0109,Mary,Jones,dhatfield@example.org,863329287105260,Individual,1134435.62,2020-08-22
BYR-0110,Billy,Ruiz,robertrivera@example.com,8334277056,Individual,1694930.53,2023-04-17
BYR-0111,Valerie,Mendoza,bakertimothy@example.com,53929814663366,Individual,1220959.5,2022-09-26
BYR-0112,Michelle,Knight,valerie07@example.net,293821541649185,Individual,1526536.06,2021-05-23
BYR-0113,Ashley,Mccarty,alyssa06@example.org,99088315330793,Individual,1710264.9,2019-08-11
BYR-0114,Danielle,Kennedy,matthew01@example.com,2968699987,Individual,1686728.96,2022-02-16
BYR-0115,Eugene,Juarez,grahamjasmine@example.net,8476364047580,Individual,1238539.92,2024-01-01
BYR-0116,John,Wilson,dominguezstephanie@example.org,001823474337015732,Individual,1148230.42,2022-09-05
BYR-0117,Nicolas,Parker,invalid email,8626494521,Individual,207927.06,2023-04-12
BYR-0118,Michael,Davis,dillonlyons@example.org,8377704743762,Investor,975233.06,2024-02-08
BYR-0119,Regina,Maldonado,stewartfrank@example.net,726490300084944,Individual,2249551.56,2022-12-15
BYR-0120,Eddie,Ramirez,lisa39@example.com,4053561788459,Individual,2918682.73,2020-03-24
BYR-0121,Emily,Clark,invalid email,123934188464311,Individual,685433.68,2019-01-14
BYR-0122,Katelyn,Hudson,pbarker@example.net,4914423743,Trust,1606939.46,2021-03-22
BYR-0123,James,Sheppard,rhammond@example.com,9148506174,Trust,2073163.94,2022-06-18
BYR-0124,Patricia,Harris,anahart@example.net,428931036613698,Individual,1526536.06,2022-11-06
BYR-0125,Zachary,Kennedy,wesley37@example.net,001609831934220509,Individual,2872031.6,2023-01-09
BYR-0126,Brian,Hopkins,wanderson@example.com,45730243002923,Investor,1101172.71,2019-08-25
BYR-0127,Kyle,Lee,michael94@example.net,18358727763471,Individual,290960.97,2022-02-16
BYR-0128,Jennifer,Weiss,hortonjason@example.com,6603735938,Individual,884675.48,2022-11-20
BYR-0129,Ryan,Carpenter,joseph25@example.net,5929743106,Individual,1682353.58,2024-03-11
BYR-0130,Billy,Garcia,alexis80@example.org,7817515732,Individual,1330551.91,2019-01-13
BYR-0131,Jonathon,Levine,dillonalexis@example.org,3693767865185,Individual,690429.18,2023-11-13
BYR-0132,Veronica,Sellers,byrdrobert@example.net,19407533986774,Individual,1407748.67,2019-12-23
BYR-0133,Stephanie,Smith,lewiskevin@example.org,9616625021,Individual,2525143.75,2023-01-17
BYR-0134,Patricia,Lin,ljones@example.org,2048717558,Trust,163435.05,2019-12-06
BYR-0135,Bryan,Wilson,youngwarren@example.net,36834381100535,Corporation,2694996.27,2021-07-13
BYR-0136,Brian,Huff,bbaldwin@example.com,8984779588530,Individual,1605381.69,2023-08-13
BYR-0137,Julie,Avila,kmoore@example.com,6845205260,Individual,2863608.54,2020-12-20
BYR-0138,Alexa,Jordan,castrolauren@example.net,15363312588683,Investor,461588.34,2019-10-28
BYR-0139,Jasmine,Graham,michaelmoran@example.org,18728592444270,Individual,1526536.06,2019-10-25
BYR-0140,Elizabeth,Marsh,ericpoole@example.org,5276915662,Corporation,2190466.64,2021-12-06
BYR-0141,Marie,Sanchez,gutierrezsheila@example.net,436836504526182,Individual,1523169.36,2022-09-30
BYR-0142,Jeffery,Griffin,jesus48@example.com,62623946917909,Investor,192826.46,2020-04-14
BYR-0143,Kevin,Thomas,invalid email,50752116228788,Individual,2355659.02,2022-10-06
BYR-0144,Julie,Ellis,wilsonjohn@example.net,67023226561127,Individual,2253777.56,2023-08-13
BYR-0145,Nicholas,Stewart,sean18@example.com,19776534697,Corporation,1515232.77,2019-09-17
BYR-0146,Chad,Evans,iayala@example.org,8337755042379,Investor,1045773.61,2022-02-08
BYR-0147,Brandi,Hunter,carrie09@example.org,4123175025,Individual,1351164.0,2022-06-06
BYR-0148,Andrew,Herman,stephaniecampbell@example.org,8147975573,Investor,1573199.77,2023-01-13
BYR-0149,Brian,Wright,invalid email,0016889984838703,Investor,2545120.12,2020-12-14
BYR-0150,Kelly,Allen,skrause@example.com,9985613074,Individual,2659057.81,2024-06-18
BYR-0151,Shannon,Mullen,rachelsmith@example.org,6153469536,Individual,2696534.41,2020-02-16
BYR-0152,Jacob,Kim,rhondarandolph@example.org,0016364556958,Corporation,121420.21,2021-10-22
BYR-0153,Tiffany,Torres,nthomas@example.com,5276582514,Individual,239021.1,2022-10-07
BYR-0154,Kimberly,Garcia,uharris@example.org,5887360505,Individual,1757485.48,2022-07-14
BYR-0155,Stephen,Hale,cgordon@example.net,8743758487,Corporation,1080000.64,2019-09-14
BYR-0156,Charles,Burton,soliver@example.org,4558884404,Individual,2524676.77,2024-06-11
BYR-0157,Brian,Le,kellyblack@example.net,61736027993516,Individual,682630.34,2022-08-05
BYR-0158,Michaela,Davis,eleonard@example.org,455314632914636,Individual,1526536.06,2022-04-04
BYR-0159,Yvonne,Smith,judith78@example.org,32977598796193,Individual,2023754.65,2021-05-20
BYR-0160,Robert,Davis,frogers@example.com,0013926560375,Individual,1102877.62,2022-09-05
BYR-0161,Kaitlyn,Brown,crystal67@example.org,12855266431469,Individual,2986072.26,2023-02-26
BYR-0162,Roger,Chaney,justin43@example.com,15858980712,Corporation,1484279.23,2019-12-26
BYR-0163,Anthony,Johnston,melissa13@example.net,8342932290,Individual,1859418.77,2022-07-25
BYR-0164,Alice,Lawson,invalid email,15648954638221,Individual,1834698.14,2022-06-17
BYR-0165,Christopher,Carroll,browntiffany@example.org,001549599077860399,Investor,162861.12,2022-03-01
BYR-0166,Thomas,Patterson,robertfranklin@example.com,9837214310,Individual,1526536.06,2019-03-05
BYR-0167,Mary,Mcgee,thomas74@example.net,9559858259823,Trust,903251.69,2019-03-22
BYR-0168,David,Ramirez,hernandezkayla@example.org,14283896124,Investor,1383883.66,2022-06-11
BYR-0169,Shelley,Butler,melissa11@example.com,00162860095674042,Investor,2346076.64,2020-06-15
BYR-0170,Denise,Garcia,saragibson@example.com,195163121000820,Investor,1057718.27,2019-10-21
BYR-0171,Cynthia,Mcgee,austin76@example.org,6769517478,Individual,1526536.06,2020-03-12
BYR-0172,Tonya,Davis,ehouse@example.org,5222528913513,Individual,1620087.99,2020-04-23
BYR-0173,Andrew,Barajas,griffithrebecca@example.org,2735334688,Corporation,582679.35,2021-12-24
BYR-0174,Donna,Williamson,ashleyjackson@example.org,55537107691549,Investor,1573199.77,2021-09-17
BYR-0175,Patricia,Campbell,invalid email,16962840526,Individual,1650394.97,2020-01-28
BYR-0176,Austin,Glover,invalid email,9294503109651,Individual,2842036.88,2024-02-13
BYR-0177,Mark,Chavez,jenniferparks@example.com,0019765524034,Individual,1533993.14,2019-06-10
BYR-0178,Thomas,Herrera,omason@example.com,2053251182,Individual,2247556.79,2021-06-06
BYR-0179,Alex,Ellis,sarah18@example.com,6946641197713,Investor,2224996.22,2019-08-03
BYR-0180,Lindsay,Allison,invalid email,00143541834720900,Individual,1135640.51,2022-09-07
BYR-0181,Eric,Johnson,fishervictoria@example.net,9647203722540,Individual,1526536.06,2019-02-19
BYR-0182,Leslie,Crawford,ramosnancy@example.net,7874799139411,Investor,546963.96,2019-03-12
BYR-0183,Kenneth,Randolph,moorecheryl@example.com,605699131539792,Individual,2991895.35,2023-12-05
BYR-0184,Lindsey,Gonzalez,seanmcdonald@example.com,9563148163,Investor,1722708.34,2023-11-07
BYR-0185,Daniel,Gonzalez,marissa44@example.net,8737010487,Investor,1071781.7,2023-11-10
BYR-0186,Michelle,Olson,paula35@example.com,3258251187,Investor,723833.92,2021-11-17
BYR-0187,Nathan,Wilkerson,juliamorris@example.org,8743331303,Investor,2319585.69,2023-03-09
BYR-0188,William,Lara,baileycindy@example.net,001212697895879597,Individual,835722.77,2022-08-28
BYR-0189,Matthew,Hughes,urogers@example.com,13018528331,Individual,2601634.2,2023-01-20
BYR-0190,Melinda,Bishop,longdavid@example.net,001585400007465468,Corporation,1484279.23,2021-07-20
BYR-0191,Troy,Peterson,quinnchristine@example.com,65059691685642,Corporation,2227970.82,2022-12-14
BYR-0192,Sylvia,Hayes,lori95@example.net,5968016217,Individual,814358.97,2020-12-09
BYR-0193,Jacob,Harris,michaeljones@example.net,8264608386,Individual,1154583.83,2022-09-24
BYR-0194,Walter,Mack,chorn@example.net,902999967622625,Individual,1526536.06,2021-02-12
BYR-0195,Wendy,Wilcox,pfriedman@example.org,6656975003,Individual,1654976.67,2024-06-12
BYR-0196,Michael,Holden,harveytara@example.com,7186759602,Investor,1573199.77,2023-03-17
BYR-0197,Ryan,Bautista,zsmith@example.org,7502755761,Individual,2074948.59,2022-06-25
BYR-0198,Tammy,Thomas,reginald88@example.org,890404588829917,Investor,2718904.97,2023-01-22
BYR-0199,Roberto,Scott,invalid email,2956770244,Individual,341852.72,2022-04-11
BYR-0200,Troy,Taylor,vmarshall@example.org,2412062769046,Investor,2217858.76,2022-04-04
BYR-0201,Monica,Lee,robert77@example.com,2397910503,Individual,946979.2,2019-10-10
BYR-0202,Benjamin,Williams,chanson@example.net,7202178847,Individual,1526536.06,2021-05-09
BYR-0203,Troy,Larson,jasonwilson@example.net,66471570930666,Individual,1686747.85,2022-12-09
BYR-0204,Jenna,Simpson,armstrongautumn@example.com,6959692734,Individual,1526536.06,2019-10-16
BYR-0205,Gary,Lane,richardmacias@example.org,545955432054670,Investor,697320.01,2022-04-27
BYR-0206,Aaron,Graham,christinestrong@example.net,8768440315639,Corporation,2150915.15,2020-05-23
BYR-0207,Brian,Carlson,invalid email,9633174250,Individual,1526536.06,2021-12-21
BYR-0208,David,Jacobs,ericareyes@example.com,147362714590114,Investor,838129.01,2020-09-03
BYR-0209,Tracy,Barnes,teresabean@example.net,4904073928979,Individual,1623476.01,2023-01-29
BYR-0210,Katherine,Cohen,invalid email,3086741726,Investor,1573199.77,2021-04-16
BYR-0211,Alexander,Cunningham,walterssarah@example.com,0018258979454374,Investor,462664.51,2019-11-12
BYR-0212,Steven,Barber,gallen@example.org,6489976875,Corporation,725599.46,2022-07-01
BYR-0213,John,Bradford,gonzalezjulia@example.com,001341616113067512,Individual,197843.84,2019-09-21
BYR-0214,James,Day,qsmith@example.com,6139534529,Trust,2427987.95,2024-04-27
BYR-0215,Marcus,Robinson,wrightjennifer@example.org,602992776100260,Individual,2700093.72,2020-05-26
BYR-0216,Monica,Bridges,jill65@example.com,0015537710874244,Individual,161990.76,2022-04-29
BYR-0217,Tammy,Mann,sean69@example.com,828382108539316,Individual,1617493.74,2021-01-12
BYR-0218,Megan,Brown,harrisallison@example.org,7863506801391,Individual,1185169.36,2020-12-04
BYR-0219,Bryan,Brown,abbottshane@example.net,9627639702458,Individual,293453.96,2021-08-07
BYR-0220,Amber,Watson,vmccoy@example.net,192731854400192,Investor,173676.48,2020-08-23
BYR-0221,Laura,Davis,lori84@example.org,8172717385292,Individual,2715730.47,2023-04-06
BYR-0222,Eileen,Russell,smithtaylor@example.net,2918923645,Individual,1526536.06,2024-03-16
BYR-0223,Christopher,Murphy,kirkmonique@example.com,1999417006282197,Individual,2083669.88,2022-03-22
BYR-0224,Kelsey,Parker,anthony93@example.com,1598598835292731,Individual,2326505.25,2019-02-04
BYR-0225,Marc,Fernandez,tlopez@example.org,0018854810191477,Individual,1526536.06,2021-01-30
BYR-0226,Laurie,Cummings,amymccoy@example.com,3086328642,Individual,2528509.62,2023-12-13
BYR-0227,Holly,Lee,ogreer@example.net,917356302224394,Individual,2833001.26,2021-08-14
BYR-0228,Megan,Jimenez,invalid email,13622951414,Investor,1573199.77,2021-03-09
BYR-0229,Jacqueline,Bruce,mmartin@example.net,00138171670079684,Individual,2795030.99,2023-09-06
BYR-0230,Jason,Cunningham,keith07@example.org,7453610925,Individual,583900.38,2019-06-01
BYR-0231,Justin,Wilson,wesleyhinton@example.org,5607855340,Investor,1411456.02,2019-09-23
BYR-0232,Nancy,Owens,andrew79@example.org,8687481345972,Investor,2191253.47,2023-11-20
BYR-0233,Jenny,Taylor,jeffery92@example.net,4448931750831,Investor,101660.66,2020-12-25
BYR-0234,Gary,Johnson,zhughes@example.net,3427791925,Investor,2942317.48,2020-10-26
BYR-0235,Laura,Rogers,tinawise@example.org,455372062807386,Investor,1250900.65,2021-12-06
BYR-0236,Lawrence,Scott,zacharyjones@example.org,0013946011467,Individual,1526536.06,2019-08-18
BYR-0237,Megan,Gates,gina42@example.com,501452969978193,Individual,1550048.52,2023-09-05
BYR-0238,Dana,Fowler,invalid email,63180018794018,Corporation,1507002.65,2019-03-16
BYR-0239,Alicia,Hines,laura64@example.net,18877632052,Individual,1566011.97,2020-05-07
BYR-0240,Jennifer,Goodman,hmcdonald@example.org,8999564975,Investor,2168999.51,2020-08-15
BYR-0241,Corey,Wallace,coxgarrett@example.net,7208415817,Investor,477459.2,2021-10-08
BYR-0242,Megan,Brown,morenojustin@example.com,831428506243822,Individual,1526536.06,2024-02-02
BYR-0243,Matthew,Clark,tammyholland@example.com,654790484448353,Individual,1357615.66,2020-03-04
BYR-0244,Kevin,Walls,alexanderheather@example.org,4942117623,Individual,1631678.22,2019-05-14
BYR-0245,Carla,Brown,fherrera@example.com,681857997605200,Corporation,2938314.27,2023-12-18
BYR-0246,Christopher,Santiago,glynn@example.com,13425551893,Investor,1143891.33,2022-01-16
BYR-0247,Darius,Glenn,rhonda78@example.net,6372066115,Corporation,1273354.78,2019-02-25
BYR-0248,David,Martinez,heathermiller@example.net,9479091284878,Investor,1729482.65,2020-03-16
BYR-0249,Matthew,Blair,angelajones@example.com,83797154110592,Individual,312598.59,2019-04-27
BYR-0250,Desiree,Figueroa,shahivan@example.org,1962535276741239,Individual,1526536.06,2020-04-28
BYR-0251,Tamara,Vaughn,pbutler@example.org,19272559467267,Individual,1217045.77,2023-10-12
BYR-0252,Jennifer,Kirk,fjohnson@example.com,3802772954524,Investor,1573199.77,2023-08-28
BYR-0253,Patrick,Mason,connor81@example.com,93432394453242,Investor,1573199.77,2020-09-11
BYR-0254,Lauren,Carr,ksmith@example.net,725519110617036,Investor,1573199.77,2023-06-03
BYR-0255,Melissa,Phillips,invalid email,0014274421795525,Individual,1526536.06,2022-04-12
BYR-0256,Carl,Pratt,williamsmith@example.org,00186872887951343,Individual,260539.59,2021-01-16
BYR-0257,Lisa,Lewis,clawrence@example.net,1368672385613250,Individual,2863207.92,2021-03-04
BYR-0258,Calvin,Rice,bennettcristina@example.net,4974189383,Individual,201938.53,2020-06-09
BYR-0259,Shawn,Hall,jessicalee@example.net,9709052047,Individual,106139.97,2022-07-23
BYR-0260,Erik,Graham,heathersmith@example.net,5738864314908,Individual,464095.62,2023-10-22
BYR-0261,John,Garcia,jeffreyclark@example.net,17864392781,Individual,2417969.19,2023-08-04
BYR-0262,Lawrence,Wallace,invalid email,001225778749159939,Individual,1956966.81,2024-06-27
BYR-0263,Judy,Moore,awilliams@example.net,949235469363619,Individual,1931269.88,2020-11-07
BYR-0264,Vincent,Monroe,qyoung@example.com,8847034599,Investor,1586058.92,2021-10-04
BYR-0265,Jennifer,Santana,kevin99@example.com,001483540597790209,Investor,582578.61,2024-01-20
BYR-0266,James,Cummings,david72@example.org,99567011116540,Investor,132072.51,2022-06-08
BYR-0267,Michael,Allen,reynoldstimothy@example.com,133245661988479,Corporation,598287.21,2020-10-07
BYR-0268,Tiffany,Park,vgraham@example.net,14459621748196,Investor,794530.32,2021-04-11
BYR-0269,Anthony,Reed,psanders@example.net,91297646851917,Investor,1573199.77,2022-04-29
BYR-0270,Sean,Hanson,avalencia@example.com,19144135723,Individual,469591.72,2020-08-24
BYR-0271,Mathew,Rose,oleblanc@example.com,5473687938,Individual,2686575.43,2021-06-27
BYR-0272,Brad,Murray,kimberlyrodriguez@example.org,2962066093494,Individual,798561.49,2020-04-24
BYR-0273,Erica,Roberts,clane@example.org,8573763331,Individual,315229.22,2022-05-05
BYR-0274,Juan,Harper,robertmartinez@example.org,001329539553325173,Investor,701034.3,2019-04-22
BYR-0275,Robert,Newton,maureen09@example.org,306489296461915,Corporation,986131.57,2022-01-20
BYR-0276,Peggy,Johnson,powerssusan@example.net,1672800299733166,Individual,1526536.06,2023-12-25
BYR-0277,Angel,Jennings,invalid email,4188495894835,Investor,2829821.95,2021-11-15
BYR-0278,Brianna,Jackson,elizabeth55@example.com,00155122603070659,Investor,1924755.18,2022-03-24
BYR-0279,Chelsea,Miller,james44@example.org,19427153338532,Trust,2496402.16,2021-04-24
BYR-0280,Natasha,Patterson,anne85@example.net,67493600113895,Individual,606804.5,2023-12-18
BYR-0281,Veronica,Golden,lorimiddleton@example.com,564797577657249,Individual,2908536.27,2023-11-05
BYR-0282,Jessica,Fisher,ewilson@example.org,001838367125723486,Individual,871540.46,2019-08-19
BYR-0283,Kevin,Jimenez,adamsdaniel@example.org,994494323989085,Investor,2992271.14,2023-06-30
BYR-0284,Madison,Hess,walter22@example.net,3184682283,Individual,860091.82,2024-04-30
BYR-0285,Jennifer,Bauer,hollybrown@example.net,583381539346618,Individual,1557826.36,2019-03-15
BYR-0286,Christie,Hill,timothy78@example.net,001951931139840411,Individual,1606980.25,2021-10-05
BYR-0287,Curtis,Arnold,johnsonemily@example.org,2208124055,Individual,1378238.71,2022-04-16
BYR-0288,Bradley,Day,pmorris@example.org,6705584155,Individual,1849603.7,2024-04-27
BYR-0289,Kathryn,Watkins,gregoryeverett@example.com,0016846050469,Investor,2064512.37,2019-04-16
BYR-0290,Heidi,Stewart,oharris@example.com,46156895667082,Investor,953140.37,2020-10-06
BYR-0291,Alexander,Reilly,evansjared@example.net,00130578865627670,Individual,2805876.29,2023-10-21
BYR-0292,Fernando,Burch,jonestanya@example.com,7244974504,Individual,546681.75,2023-03-23
BYR-0293,Crystal,Huang,william02@example.net,6339268575,Individual,2809094.71,2020-03-18
BYR-0294,Paige,Nelson,adam35@example.org,15585977457085,Individual,1526536.06,2023-09-29
BYR-0295,Samantha,Wilson,angelacox@example.net,0019954868995984,Investor,370081.67,2022-03-17
BYR-0296,Sara,Johnson,udaugherty@example.com,00176826910274406,Trust,2001534.32,2019-10-05
BYR-0297,Stacey,Wright,toddware@example.org,25341371442684,Individual,902350.06,2022-03-02
BYR-0298,Steven,Ortiz,thomaspedro@example.com,0014065603175,Individual,721830.2,2023-08-08
BYR-0299,Emily,Campbell,dwebb@example.net,3374922325,Investor,1150719.57,2022-06-07
BYR-0300,Amanda,Rollins,michelle95@example.org,4895272107,Individual,2700251.4,2023-05-24
BYR-0301,Cody,Wilkinson,susan94@example.net,690293002290997,Trust,2188972.8,2020-11-22
BYR-0302,Benjamin,Moyer,mhill@example.net,4935443363,Individual,1870509.68,2024-02-29
BYR-0303,Kelly,Murphy,wilsonanthony@example.org,3282157186,Individual,1526536.06,2021-07-07
BYR-0304,Jocelyn,Bass,justincontreras@example.net,4169126998973,Investor,358325.6,2020-05-09
BYR-0305,Stephen,Armstrong,yvonnecervantes@example.com,16533406681648,Investor,2218199.11,2023-10-30
BYR-0306,Tyler,Brown,whitney25@example.org,4873593910,Individual,2205751.85,2024-02-23
BYR-0307,Derek,Tyler,dawnkennedy@example.com,7478729109,Individual,2504341.68,2019-11-22
BYR-0308,Michael,Henderson,martingabriella@example.com,7542621624483,Individual,1526536.06,2021-03-08
BYR-0309,Jessica,Mcdaniel,ramseylarry@example.net,170293396941300,Investor,2101213.12,2021-11-28
BYR-0310,William,Crawford,freilly@example.net,79977165163115,Individual,1220351.35,2022-07-04
BYR-0311,Stephanie,Young,patrick80@example.org,80074248120078,Individual,1755744.49,2023-05-22
BYR-0312,Luis,Clements,sheila53@example.com,7519665562515,Individual,221283.46,2020-04-04
BYR-0313,Seth,Butler,ghodge@example.com,1840758489814204,Investor,1814320.77,2020-09-11
BYR-0314,David,Hartman,fraziersteven@example.org,6048598735911,Individual,1526536.06,2022-07-05
BYR-0315,Alexander,Coffey,paulsnyder@example.org,4833741406,Investor,1798381.21,2021-12-23
BYR-0316,Christopher,Jackson,teresa90@example.com,3469070917277,Individual,1393742.35,2022-06-16
BYR-0317,Eric,Lopez,lanehannah@example.com,5949060891318,Investor,2558120.66,2020-07-07
BYR-0318,James,Rodriguez,jenniferwhite@example.net,7219700963874,Individual,922941.14,2020-05-25
BYR-0319,Charles,Brown,rscott@example.com,9374796766,Individual,2513368.84,2022-09-08
BYR-0320,Todd,White,imack@example.org,001427973475841262,Individual,2825853.32,2019-06-02
BYR-0321,Ronald,Castillo,williamsluke@example.com,24894500713576,Investor,2995958.57,2022-10-17
BYR-0322,Jonathan,Warren,jonesderrick@example.com,19088686299,Individual,458022.14,2021-12-04
BYR-0323,Christopher,Cook,eileen35@example.com,2416900521,Trust,1660052.93,2022-03-21
BYR-0324,Leah,Peterson,fostertina@example.com,00144598274294572,Individual,2964017.84,2019-01-22
BYR-0325,Michael,Boyd,jessicahernandez@example.org,4069352448,Individual,567233.7,2020-01-13
BYR-0326,Laura,Hartman,smithpatricia@example.net,001928237475176941,Individual,1444544.21,2021-03-04
BYR-0327,Isaac,Kaufman,santosnicholas@example.com,0018475345528533,Individual,1071014.46,2020-06-18
BYR-0328,Laurie,Scott,dixonthomas@example.org,663249848516380,Individual,1903942.74,2020-09-12
BYR-0329,Shane,Stanley,birdheather@example.net,0013363952424,Investor,2192951.55,2021-10-14
BYR-0330,John,Morales,waltersmichelle@example.net,12835625067655,Individual,129948.38,2020-09-15
BYR-0331,Patricia,Young,nchambers@example.com,218435267800206,Corporation,1412231.49,2024-05-29
BYR-0332,Breanna,Ballard,amanda82@example.net,1403974940082151,Corporation,2329480.7,2021-03-15
BYR-0333,Virginia,Wood,john46@example.com,4384455905,Individual,1274859.32,2021-02-01
BYR-0334,Lance,Sharp,rlittle@example.org,0018445559103588,Individual,1557966.36,2024-04-13
BYR-0335,Bryce,Brown,invalid email,3669638261,Individual,692861.1,2022-03-04
BYR-0336,Lisa,Keller,invalid email,5212786311,Corporation,2234868.2,2020-06-16
BYR-0337,Cameron,Wilson,ryanlopez@example.org,7638873720,Individual,2859862.62,2020-11-18
BYR-0338,Jillian,Lowe,brittany23@example.net,001719461076801235,Investor,990371.63,2023-03-04
BYR-0339,Robert,Stewart,rodriguezthomas@example.org,3702157728272,Individual,1526536.06,2021-02-14
BYR-0340,Jessica,Parker,briancarr@example.com,3593517177,Investor,1573199.77,2020-09-18
BYR-0341,Connie,Torres,matthewkemp@example.net,6178580274,Individual,2744433.52,2024-06-13
BYR-0342,Sherri,Daniels,benjaminmcconnell@example.net,5786329994,Individual,2934521.15,2023-03-04
BYR-0343,Christine,Henderson,charles82@example.org,9279132714778,Investor,1428675.84,2021-06-07
BYR-0344,David,Cervantes,eflores@example.net,1669896193807836,Trust,1621959.38,2019-03-11
BYR-0345,Danielle,Thompson,webbwilliam@example.net,8546348092918,Individual,1526536.06,2019-03-27
BYR-0346,Michael,Howard,nicolehendrix@example.net,782902186309906,Individual,1526536.06,2021-03-02
BYR-0347,Patrick,Hernandez,jonathanbrown@example.com,86790965975835,Individual,177151.24,2019-10-17
BYR-0348,Timothy,Hensley,ukeith@example.org,0018643491714,Individual,775061.73,2023-07-20
BYR-0349,Zachary,Hill,invalid email,5544691188,Corporation,2638868.42,2022-01-03
BYR-0350,Deborah,Gregory,jonathan48@example.com,4589655753,Individual,1818668.2,2023-04-24
BYR-0351,Stephanie,Flores,xgill@example.com,19207452227794,Individual,2873678.22,2020-09-18
BYR-0352,Ashley,Jensen,kevin66@example.net,001842452145413948,Individual,1577772.66,2023-12-05
BYR-0353,Christine,Phillips,bdavis@example.org,4588738638258,Corporation,2238318.85,2022-12-01
BYR-0354,Dan,Salazar,rwise@example.net,0016755731233,Investor,229146.56,2019-04-06
BYR-0355,Tyler,Carney,chelsea68@example.net,59291015976393,Trust,198877.29,2021-05-28
BYR-0356,Stephanie,Guerra,jerome76@example.net,225958799057793,Individual,2847685.71,2022-10-05
BYR-0357,Richard,Doyle,annemorris@example.org,197530201610690,Individual,1636405.19,2019-03-08
BYR-0358,Marvin,Cook,martincheryl@example.com,276372022659967,Investor,664050.57,2022-05-26
BYR-0359,Robyn,Reyes,heatherharris@example.net,905602446933668,Trust,1621959.38,2023-05-04
BYR-0360,Lori,Benson,kyle60@example.com,4637725411,Individual,621198.97,2024-05-08
BYR-0361,Donna,Lee,thomasdaniel@example.org,63656835283607,Corporation,1484279.23,2022-02-11
BYR-0362,Madeline,Strong,angela15@example.com,13703586547,Corporation,1484279.23,2022-11-25
BYR-0363,Sara,Mcdonald,obishop@example.com,4302495104,Individual,1746776.04,2023-07-24
BYR-0364,Stephanie,Zamora,kmartinez@example.net,9086185835139,Individual,1526536.06,2022-04-09
BYR-0365,David,Bailey,stucker@example.net,3795972382,Individual,2805815.31,2020-03-03
BYR-0366,Lauren,James,michelle33@example.com,6549430926,Individual,1169865.56,2022-01-13
BYR-0367,John,Brown,cynthia83@example.org,4975932738970,Investor,1011783.2,2022-04-10
BYR-0368,Michael,Edwards,samuelcooper@example.net,7196244556132,Investor,1685950.57,2021-08-11
BYR-0369,Craig,Gonzalez,dawn60@example.net,0012625012750547,Individual,2539549.14,2024-05-18
BYR-0370,William,Brady,jamierogers@example.org,38034404691319,Investor,2902465.46,2021-05-07
BYR-0371,Matthew,Liu,douglas91@example.com,94221473196945,Individual,1564570.76,2021-03-01
BYR-0372,Erin,Flores,laura73@example.com,001853305692342666,Individual,1328521.31,2021-08-11
BYR-0373,Briana,Kelly,thomasjustin@example.com,8256856614,Trust,1621959.38,2020-07-06
BYR-0374,Kelly,Madden,susanperkins@example.com,7673965408,Individual,1423723.19,2020-04-27
BYR-0375,Matthew,Chang,robert52@example.net,001200284688886713,Corporation,116430.0,2024-05-22
BYR-0376,Abigail,Walker,jenniferbolton@example.com,5885761244,Corporation,1484279.23,2020-01-02
BYR-0377,Brett,Reeves,shannoncruz@example.com,5353815778455,Individual,189881.12,2022-09-11
BYR-0378,Brittany,Frey,katherine76@example.net,0013115157962350,Investor,2494459.76,2021-12-19
BYR-0379,Amanda,Hall,wattsricky@example.net,824359284731344,Investor,1531187.88,2024-03-31
BYR-0380,Joshua,Henry,vwoods@example.net,2677075501,Individual,1526536.06,2020-10-13
BYR-0381,Kenneth,Valdez,cummingsalex@example.net,120339460572940,Individual,1526536.06,2019-11-18
BYR-0382,Derrick,Ballard,michelle86@example.com,6079509774326,Investor,2757982.1,2019-02-26
BYR-0383,Roberta,Weber,stefaniemurphy@example.org,0016003556727462,Corporation,316254.66,2021-07-05
BYR-0384,Ivan,Clark,valentinecatherine@example.com,402512757431000,Individual,1526536.06,2019-05-04
BYR-0385,Mark,Phillips,barbararogers@example.net,3619332487668,Individual,1453240.01,2019-11-18
BYR-0386,Brad,Jimenez,meredith07@example.com,9638471666250,Investor,630499.45,2019-05-04
BYR-0387,Danielle,Thomas,alanwebb@example.com,173765121761658,Individual,775752.15,2023-08-28
BYR-0388,David,Jones,cware@example.net,14042395571,Investor,1044249.79,2020-05-28
BYR-0389,Crystal,Johnson,haneyjulia@example.com,533319069618954,Individual,1526536.06,2020-10-03
BYR-0390,Amanda,Best,cisnerosrobert@example.com,28682153552552,Individual,803868.41,2023-08-02
BYR-0391,Denise,Lee,halljane@example.org,214639137295416,Individual,440974.8,2019-03-11
BYR-0392,Edward,Lowery,townsendkimberly@example.com,0013429598654,Individual,1526536.06,2019-04-09
BYR-0393,Alexandra,Stark,rschultz@example.net,258666929138592,Investor,202249.41,2022-02-14
BYR-0394,Ellen,Mueller,tonya09@example.com,8737285917,Individual,1526536.06,2023-11-21
BYR-0395,Tamara,Greer,saracook@example.org,2212069880,Individual,1526536.06,2024-02-14
BYR-0396,Rebecca,Galvan,hardystacy@example.net,3502359777,Investor,2320280.83,2022-06-13
BYR-0397,Peter,Mcmahon,gregory67@example.com,4715934002,Investor,477135.07,2020-12-27
BYR-0398,Kimberly,Pruitt,erin32@example.org,2483387616457,Investor,241571.33,2024-05-09
BYR-0399,Lawrence,Black,invalid email,139265930872746,Individual,452795.89,2024-06-16
BYR-0400,Jacob,Nelson,bweeks@example.net,0019139100977650,Corporation,1484279.23,2020-12-22
BYR-0401,Lee,Ward,invalid email,5824191051,Trust,1621959.38,2021-06-19
BYR-0402,Diane,Greene,matthew17@example.com,3402876766,Investor,798438.2,2020-02-24
BYR-0403,Nicholas,Myers,tom92@example.org,00146284580975314,Corporation,145341.91,2023-10-06
BYR-0404,Michael,Hayes,edward51@example.net,3964836788,Individual,1441976.33,2021-10-14
BYR-0405,Todd,Parker,james16@example.com,8268139056,Investor,2901393.62,2021-08-30
BYR-0406,Michael,Smith,udavis@example.org,001992302743871793,Individual,1441434.68,2022-05-25
BYR-0407,Dana,Miller,kristincox@example.org,0019052097174919,Corporation,622505.25,2021-08-18
BYR-0408,Laurie,Wade,donaldbaker@example.net,19224835949,Individual,2005082.72,2022-02-17
BYR-0409,Brooke,Wheeler,anthony83@example.com,29841720771882,Individual,1526536.06,2020-06-02
BYR-0410,Krista,Diaz,kelsey87@example.org,560548686016910,Individual,2036876.03,2020-09-08
BYR-0411,Bruce,Obrien,jennifernichols@example.org,69689788202104,Individual,1194478.62,2019-06-26
BYR-0412,Jennifer,Russo,taylorjohn@example.com,7434619406307,Corporation,1484279.23,2021-11-01
BYR-0413,Carlos,Hull,birdangela@example.net,258663264666282,Individual,704236.22,2019-07-13
BYR-0414,Patrick,Richardson,talvarado@example.net,3929125331,Corporation,1628835.48,2023-07-04
BYR-0415,Bonnie,Waters,joshua56@example.net,001205956903731480,Individual,2240438.8,2022-02-12
BYR-0416,Julie,King,ymaynard@example.net,1828959156597318,Individual,451035.79,2021-09-08
BYR-0417,Ryan,Arroyo,dennis25@example.org,5695968727978,Individual,1526536.06,2019-12-03
BYR-0418,Keith,Ramirez,jrogers@example.net,17308657692172,Individual,862686.72,2020-05-27
BYR-0419,Shannon,Aguirre,andrew43@example.net,22875707852433,Individual,911912.32,2021-03-25
BYR-0420,Jason,Harper,ewilson@example.org,2253915542,Individual,633636.0,2021-01-15
BYR-0421,Geoffrey,Graham,tammy67@example.org,9074873903789,Individual,2724926.0,2022-11-25
BYR-0422,Katherine,Dawson,savila@example.org,8834219766,Individual,2162988.44,2021-05-14
BYR-0423,Brittany,Davis,ibaker@example.org,19305245632,Individual,2915155.31,2023-09-09
BYR-0424,Dawn,Lee,kimberlylong@example.org,3853440977949,Investor,1573199.77,2022-01-13
BYR-0425,Robert,Moyer,barrybowman@example.net,3494750071,Individual,1665979.22,2022-09-07
BYR-0426,Mark,Landry,wilkinsondylan@example.com,0019952640050,Individual,2927645.56,2022-02-26
BYR-0427,David,Ballard,jacksonjulie@example.org,83358272072418,Corporation,1609331.13,2022-10-14
BYR-0428,Lisa,Morrison,martinana@example.net,2897150219158,Individual,2309510.86,2021-09-16
BYR-0429,Chloe,Mayer,lambertjennifer@example.org,135923576943856,Individual,178840.12,2023-08-27
BYR-0430,Ryan,Rodriguez,mjohns@example.org,7726067097,Investor,2053758.36,2019-01-06
BYR-0431,Bryan,Bush,tricialopez@example.com,307363459558720,Individual,2044935.68,2021-01-13
BYR-0432,James,Rivera,justin76@example.com,389626280155646,Individual,2028446.06,2019-02-17
BYR-0433,Diana,Vasquez,shelby84@example.com,17832978290864,Investor,756474.33,2020-05-28
BYR-0434,Andrew,Jensen,hdominguez@example.net,8068161523,Individual,2104547.96,2022-02-17
BYR-0435,Mary,Walker,aprilknight@example.net,70263403332427,Individual,2654314.27,2019-01-09
BYR-0436,Jennifer,Hughes,kaylacox@example.com,16537351708654,Corporation,2014427.78,2023-03-01
BYR-0437,James,Scott,charlesflores@example.com,13797750121139,Investor,1162069.24,2022-03-01
BYR-0438,Pamela,Ryan,ghays@example.com,130079044255725,Investor,1553745.11,2024-06-27
BYR-0439,Amy,Berry,marymelendez@example.org,9977268041001,Individual,1921394.79,2022-12-01
BYR-0440,Janet,Moore,fostermadison@example.com,4554160035,Individual,2449923.72,2021-11-10
BYR-0441,Katie,Martinez,invalid email,14623890067,Individual,1163841.49,2023-06-11
BYR-0442,Michael,Wilkins,gwhite@example.com,3705299397,Individual,1711040.72,2021-10-23
BYR-0443,Christine,King,thomas15@example.com,3478239926961,Individual,2092289.96,2022-03-07
BYR-0444,Kimberly,Matthews,meltonangela@example.net,4928667393,Individual,2329267.1,2019-03-12
BYR-0445,Natalie,Munoz,sharon02@example.org,57954851433552,Individual,1561643.65,2023-09-18
BYR-0446,Andrew,Davis,cmartinez@example.com,573937037550283,Corporation,2894585.32,2022-06-08
BYR-0447,Andrea,Hammond,rebecca18@example.com,181420648382681,Trust,1434915.97,2020-03-11
BYR-0448,Sara,Park,vjenkins@example.net,539325824148310,Individual,1313433.59,2019-12-15
BYR-0449,Gary,Hodges,lindsay14@example.net,94535397384605,Investor,1573199.77,2022-03-31
BYR-0450,Sarah,Webb,katieweber@example.net,74759459934234,Individual,685272.12,2024-02-14
BYR-0451,Dale,Abbott,dawnvargas@example.com,9914661813,Investor,1714196.86,2020-08-28
BYR-0452,James,Elliott,jonesamanda@example.org,12395740114093,Individual,645069.58,2021-10-09
BYR-0453,Samantha,Brown,moralesralph@example.net,00170332779048998,Individual,1480706.81,2021-11-15
BYR-0454,Jennifer,Ware,victoriaponce@example.com,47759201750385,Individual,1526536.06,2019-04-24
BYR-0455,Colin,Fleming,alexander53@example.com,3875084519613,Investor,1547025.31,2023-03-09
BYR-0456,Melissa,Flowers,veronicahenson@example.net,7268535881,Individual,491777.67,2020-08-07
BYR-0457,Christian,Gonzales,kimberly18@example.com,001759784829463754,Individual,2218280.64,2020-11-21
BYR-0458,Thomas,Marks,manningsteven@example.net,4413590911999,Individual,1178346.31,2022-02-28
BYR-0459,Randy,Andrews,barnesjoshua@example.net,12985012853,Individual,2325043.03,2020-12-14
BYR-0460,Kenneth,Wilson,dbarker@example.org,0019125363583,Trust,2347914.44,2023-04-18
BYR-0461,Kyle,Barnett,stephanie46@example.com,1574992231391510,Individual,1722017.33,2021-12-05
BYR-0462,Debra,Harrington,jessicapatel@example.com,0015213373328,Individual,1853187.78,2022-01-11
BYR-0463,Victor,Ayers,lauren99@example.net,0017256870154,Individual,1526536.06,2023-09-23
BYR-0464,Christopher,Marshall,srobbins@example.net,7496657816820,Individual,2560655.22,2023-10-05
BYR-0465,Jason,Lester,diazamy@example.org,2908138630,Individual,2683751.35,2021-05-24
BYR-0466,Lawrence,Underwood,stevensongeorge@example.com,138593724928511,Individual,1526536.06,2024-04-10
BYR-0467,Pamela,Jones,invalid email,139192361634066,Individual,890392.72,2021-11-16
BYR-0468,Roberto,Wilson,melissabaker@example.com,1899504983954541,Individual,523713.28,2021-10-06
BYR-0469,Madeline,Robinson,jordanbuchanan@example.com,18945558178,Individual,463725.28,2023-03-23
BYR-0470,Stacy,Casey,jhughes@example.net,3527380196561,Investor,918225.99,2023-07-05
BYR-0471,Michelle,Gonzales,andersontara@example.org,86295853987945,Investor,1548599.9,2019-10-13
BYR-0472,Felicia,Warren,harmonsteven@example.org,2215157144,Individual,970591.18,2022-12-29
BYR-0473,Lori,Williams,cherylrodriguez@example.org,992287156631160,Investor,1346954.77,2019-12-10
BYR-0474,Christine,Bryant,catherineedwards@example.com,80820051464240,Corporation,2662711.98,2021-05-18
BYR-0475,Brian,Bailey,invalid email,001301200015314834,Investor,326379.57,2022-09-03
BYR-0476,Jason,Durham,sharonhernandez@example.net,9918693575,Individual,615323.41,2022-08-14
BYR-0477,Angel,White,jack23@example.org,5245764226,Individual,2054983.96,2023-10-02
BYR-0478,Anne,Garcia,hansentimothy@example.org,3787051725605,Individual,1526536.06,2019-09-22
BYR-0479,Valerie,Bennett,hortonchristopher@example.net,3299559729,Corporation,1469603.16,2024-01-11
BYR-0480,Benjamin,Harding,cynthialewis@example.net,8514689976,Individual,1125013.88,2021-03-14
BYR-0481,Kristopher,Vargas,aaron33@example.com,9447713168,Investor,1573199.77,2022-07-29
BYR-0482,Wendy,Moore,invalid email,766952434232881,Corporation,1717799.68,2020-08-27
BYR-0483,Erika,Duran,geraldwright@example.com,7786784860,Investor,1702428.38,2019-10-08
BYR-0484,Joshua,Garza,mitchell30@example.com,792477580918191,Individual,597470.97,2023-03-09
BYR-0485,Courtney,Key,invalid email,5454114048357,Corporation,127253.42,2024-02-24
BYR-0486,Thomas,Nguyen,hughesangela@example.com,1289715558229250,Individual,273449.36,2021-08-30
BYR-0487,Patricia,Taylor,gford@example.com,49359150489859,Individual,660251.53,2020-09-14
BYR-0488,Veronica,Newman,ashley65@example.com,135645706429220,Individual,1706834.4,2021-11-05
BYR-0489,Gregory,Sanchez,awright@example.com,2486949068,Investor,1075832.63,2020-06-06
BYR-0490,Karen,Douglas,gomezchase@example.com,233709019333818,Individual,1708075.48,2019-11-11
BYR-0491,Laurie,Whitehead,michaelcurtis@example.net,5316508363,Investor,2599341.19,2022-04-03
BYR-0492,Timothy,Rivera,kford@example.com,9168656433,Individual,894007.92,2023-03-30
BYR-0493,Brandon,Parsons,enelson@example.org,7484049877295,Trust,303227.19,2024-01-17
BYR-0494,Nathan,Tran,jwarren@example.org,1264440078094475,Individual,1005121.94,2023-08-14
BYR-0495,James,Lewis,stonemegan@example.com,60399688419736,Investor,2468893.55,2023-07-17
BYR-0496,Robert,Hooper,cherylhurst@example.com,7202581570,Corporation,948339.61,2023-08-15
BYR-0497,Theresa,Tucker,lcowan@example.com,9922443824993,Trust,2094144.97,2020-06-29
BYR-0498,Joshua,Gray,jeffreywallace@example.net,15139450127209,Corporation,2655461.3,2021-03-06
BYR-0499,Bobby,Simmons,cynthiabrock@example.org,7923741792,Investor,2339510.99,2023-09-14
BYR-0500,Jeffrey,Christian,shannon09@example.com,13664900213,Trust,2259862.64,2021-05-19
BYR-0501,Todd,Garcia,lauramoreno@example.com,5152872457,Trust,2668431.87,2019-01-28
BYR-0502,James,Davis,tparker@example.com,5163549092,Trust,2181451.37,2023-02-12
BYR-0503,Dennis,Johnson,reideric@example.com,74786297050458,Individual,956994.01,2020-10-21
BYR-0504,Vanessa,Sawyer,joannbrown@example.org,9884249048,Individual,2306622.0,2023-12-14
BYR-0505,Mark,Warren,ywagner@example.com,001275923255474749,Individual,156634.17,2021-12-22
BYR-0506,Bethany,Johnson,bakerstephanie@example.org,719599138674716,Investor,738583.15,2020-01-30
BYR-0507,Katelyn,Patel,carrie41@example.net,957336971801860,Investor,2888596.52,2023-12-24
BYR-0508,Jason,Rose,andrehayes@example.net,7227975796224,Investor,369256.71,2022-01-31
BYR-0509,Jacqueline,Abbott,ryan19@example.org,8392264268,Investor,1430499.41,2022-09-08
BYR-0510,Joseph,Anderson,ramirezkimberly@example.net,6955451565,Individual,2263750.47,2020-10-18
BYR-0511,William,Klein,smithmark@example.net,2874674599,Individual,1077729.56,2021-08-13
BYR-0512,Susan,Williams,justinbarrera@example.com,9253926349,Investor,615013.65,2023-03-21
BYR-0513,Marcus,Steele,josephhoover@example.com,8802761779,Individual,1297907.19,2020-05-27
BYR-0514,Brian,Taylor,kimberlysuarez@example.com,849679864924659,Investor,2919177.98,2021-04-08
BYR-0515,Matthew,Maxwell,jonessarah@example.net,8558600790,Investor,1186268.48,2021-08-14
BYR-0516,Cindy,Zimmerman,whale@example.com,178259513349168,Corporation,1484279.23,2022-01-29
BYR-0517,Amy,Thomas,robertsoncolin@example.org,788558837636723,Individual,2902229.75,2023-02-04
BYR-0518,Clifford,Moore,charlessmith@example.com,4136910134,Corporation,1875502.6,2022-10-30
BYR-0519,Sandra,Neal,lduran@example.net,123822452236869,Individual,1048273.85,2022-05-02
BYR-0520,Rose,House,martin37@example.net,14483969930568,Trust,1601706.6,2021-01-07
BYR-0521,Ryan,Black,invalid email,18149658101,Investor,1766454.42,2022-07-01
BYR-0522,Amy,Rodgers,kimberlywoods@example.com,4674436651,Investor,1573199.77,2019-02-13
BYR-0523,Mitchell,Powell,jonathan73@example.net,5448213671701,Individual,1296673.1,2022-12-19
BYR-0524,Raymond,Gray,rbowman@example.net,283590147068839,Individual,621941.69,2022-03-28
BYR-0525,Dennis,Cain,pennyscott@example.org,939948246678722,Individual,2219033.75,2024-02-14
BYR-0526,Wendy,Wilson,jessicalopez@example.net,4399587099810,Individual,2407330.02,2023-10-24
BYR-0527,Meghan,Martinez,gilbertjuan@example.com,6726353709,Individual,2452887.9,2022-12-04
BYR-0528,Leslie,Martin,daniellejackson@example.com,1487739847438245,Corporation,380074.17,2020-01-24
BYR-0529,Theresa,Harmon,trujillobriana@example.net,4889122155,Individual,963994.74,2020-09-12
BYR-0530,Rita,Butler,andrewsmark@example.com,14159959184085,Investor,2031958.08,2019-03-11
BYR-0531,Antonio,Bailey,invalid email,749528636043047,Individual,2104250.02,2023-07-20
BYR-0532,William,Wheeler,evansdana@example.com,727617786038176,Individual,1526536.06,2022-09-16
BYR-0533,David,Pearson,kcain@example.org,4616468233504,Individual,2060375.78,2022-01-29
BYR-0534,Heather,Martin,donna35@example.org,17154994449,Individual,790908.72,2022-12-31
BYR-0535,Carolyn,Hall,atate@example.com,850814134006182,Individual,292722.58,2024-01-19
BYR-0536,Michael,Alvarado,houstonmicheal@example.org,7622857475,Individual,1312624.78,2019-01-25
BYR-0537,Joshua,Moore,invalid email,001826902335236230,Individual,229735.06,2019-04-10
BYR-0538,Nathan,Walker,crystal46@example.org,8338190166,Investor,1269991.87,2019-10-20
BYR-0539,Autumn,Ramos,fgreen@example.net,4027510563,Individual,1930987.54,2021-10-31
BYR-0540,Sharon,Mitchell,sierrasanchez@example.com,0016457513108,Individual,152435.63,2023-02-16
BYR-0541,Tony,Taylor,xmartinez@example.com,2088661212,Individual,2397431.49,2021-01-16
BYR-0542,Steven,Briggs,jasonsmith@example.com,00199924089797747,Individual,210042.53,2024-01-10
BYR-0543,Christine,Wilson,russellmarilyn@example.net,1232466995564997,Individual,219672.66,2021-05-28
BYR-0544,Jacob,Fernandez,pnorris@example.com,6217845863,Individual,603051.21,2022-07-21
BYR-0545,Kelly,Lopez,zbell@example.com,8687797496557,Individual,2315632.12,2022-06-18
BYR-0546,Martin,Schwartz,murphylori@example.net,00176163243853500,Individual,1112007.39,2022-11-16
BYR-0547,Joshua,Gibbs,invalid email,001434717460976630,Investor,2378018.35,2022-05-14
BYR-0548,Benjamin,Kelly,hreid@example.net,3103147832288,Investor,447128.5,2020-06-11
BYR-0549,Jeanette,Hicks,rle@example.org,839936589804373,Individual,471376.53,2023-10-30
BYR-0550,Nicole,Miller,russoaustin@example.org,8584488477,Investor,1573199.77,2023-09-17
BYR-0551,Michelle,Burke,cruznicole@example.net,5864181546329,Individual,1526536.06,2019-10-07
BYR-0552,Katherine,Gamble,thomas60@example.com,0016988374597,Investor,480164.13,2020-12-30
BYR-0553,William,Sanchez,katherinesawyer@example.net,6859010052,Investor,1435201.09,2019-05-12
BYR-0554,Keith,Baker,milleramy@example.org,001338940621933596,Corporation,296457.81,2021-11-30
BYR-0555,Chad,Gomez,pharris@example.net,549425221040784,Investor,2531245.78,2022-04-19
BYR-0556,Andrew,Powell,invalid email,2049005297,Investor,817237.73,2021-09-15
BYR-0557,Scott,Chang,mstewart@example.org,5678704798098,Corporation,1484279.23,2021-10-28
BYR-0558,Julia,Kaiser,alexjennings@example.net,001573704764745803,Investor,1381347.02,2019-09-26
BYR-0559,Michael,Ramos,stephenlopez@example.com,6468120032094,Investor,1573199.77,2022-05-05
BYR-0560,Steven,Carr,williamsalyssa@example.org,4347549164,Individual,1498153.68,2021-07-16
BYR-0561,Ronnie,Mcdonald,ryanmiller@example.com,336530604150024,Corporation,1484279.23,2019-03-22
BYR-0562,Mitchell,Johnson,hbecker@example.org,0014139608126,Investor,2226971.52,2022-06-18
BYR-0563,Jeffrey,Fleming,rosselizabeth@example.com,7824253055,Individual,2345086.47,2023-08-14
BYR-0564,Kimberly,Turner,stephanie84@example.org,37337317603648,Individual,2497335.69,2020-02-16
BYR-0565,Daniel,Robbins,benjaminholmes@example.org,8924356035,Investor,1715669.88,2019-05-26
BYR-0566,Michael,Armstrong,jeffrey92@example.org,3775164375,Individual,552705.38,2019-12-11
BYR-0567,Maria,Martinez,proctorkathy@example.org,4952384864,Individual,1326949.15,2019-09-01
BYR-0568,Geoffrey,Hanson,gregory13@example.com,1282250406584436,Individual,2083267.03,2023-06-12
BYR-0569,Lauren,Thomas,margaretlogan@example.org,3319002578,Individual,1526536.06,2021-01-07
BYR-0570,Vicki,Luna,nicolehuerta@example.com,0017634233634,Individual,1526536.06,2021-02-19
BYR-0571,Fernando,Cameron,christina36@example.com,162845869572529,Investor,2233257.48,2020-06-04
BYR-0572,Jennifer,Price,josephdavis@example.org,4102315970,Individual,2852305.11,2023-08-28
BYR-0573,Jeffrey,Rose,anthonymiller@example.net,831525908281085,Investor,205257.05,2019-02-05
BYR-0574,Julie,Gutierrez,smithmaria@example.net,2824734921112,Individual,1707967.89,2023-08-23
BYR-0575,Rhonda,Garcia,zhangkenneth@example.org,713408807272473,Individual,1881318.5,2022-01-14
BYR-0576,John,Jordan,grush@example.org,001469617866337521,Individual,124817.24,2020-06-04
BYR-0577,James,Mckinney,williamsonjohn@example.com,19787497808623,Investor,1573199.77,2022-07-06
BYR-0578,Brian,Turner,humphreyabigail@example.org,0013628639784,Investor,674082.31,2019-11-25
BYR-0579,Daisy,Sullivan,starkmonica@example.org,16415198162503,Individual,2851761.37,2021-09-04
BYR-0580,Barbara,Green,turnerwanda@example.com,2406842678,Individual,1278859.1,2022-01-31
BYR-0581,Emily,Brown,williamsjessica@example.net,186129397314473,Individual,864368.09,2024-03-27
BYR-0582,Briana,Foster,thomaswhite@example.net,351808076536448,Individual,2722531.94,2021-04-01
BYR-0583,Jason,Lewis,christopherfrazier@example.net,555912114799723,Individual,245011.75,2019-12-29
BYR-0584,Michael,Nguyen,rebecca28@example.org,5285886831983,Corporation,1887283.64,2023-09-06
BYR-0585,Marvin,Anderson,osalazar@example.com,001743637690386604,Investor,2554015.39,2021-10-10
BYR-0586,Mia,Palmer,qramirez@example.org,6789020938,Individual,246643.45,2023-04-13
BYR-0587,Jennifer,Carroll,ybeltran@example.net,7676372753512,Individual,2601934.09,2019-08-13
BYR-0588,Jennifer,Adkins,adammay@example.net,00133166409408748,Individual,1538955.82,2024-01-13
BYR-0589,Carolyn,Glover,luisclark@example.com,7649151143794,Trust,1100997.22,2022-03-01
BYR-0590,Jason,Norman,morgansandoval@example.org,001913443775716578,Individual,963555.13,2024-05-21
BYR-0591,James,Walsh,ncoleman@example.org,70691170273146,Individual,2996155.54,2024-02-10
BYR-0592,Michael,Wiggins,mariamays@example.net,8653539794,Investor,1573199.77,2019-11-19
BYR-0593,Mary,Willis,christophermays@example.org,9537016123510,Investor,1395542.23,2020-03-12
BYR-0594,Teresa,Tran,wbrown@example.net,178836128398918,Individual,849556.76,2020-01-19
BYR-0595,David,Kelley,william49@example.org,7052035996,Individual,1030247.88,2023-04-10
BYR-0596,Dawn,Stewart,misty44@example.net,12589548968117,Individual,1526536.06,2020-04-29
BYR-0597,Joseph,Miller,judith66@example.com,0014637010683821,Individual,2785534.39,2022-05-12
BYR-0598,Rachel,Bailey,andrearice@example.com,570714255492301,Individual,2076806.0,2021-04-14
BYR-0599,Mike,Mcclure,vnewman@example.net,978286844720794,Individual,500838.56,2020-07-28
BYR-0600,Randy,Hernandez,stokesrobert@example.org,8152457848,Investor,1946250.84,2022-02-01
BYR-0601,David,Bell,lynn02@example.net,0014014685299194,Individual,1836771.94,2020-06-24
BYR-0602,Troy,Cantu,jfields@example.org,8173375314,Investor,254932.64,2019-10-23
BYR-0603,Jennifer,Bartlett,brownnancy@example.com,6778834260365,Individual,1527462.63,2021-12-31
BYR-0604,Cameron,Schaefer,jessicawright@example.com,473556395166266,Individual,1526536.06,2021-10-30
BYR-0605,Hannah,Kidd,cooperjacqueline@example.net,86073338715451,Corporation,2076467.45,2023-04-07
BYR-0606,Natalie,Hayes,invalid email,88146233747525,Individual,1009683.02,2020-06-17
BYR-0607,Willie,Schmitt,qhall@example.org,14204727565,Individual,1676564.65,2021-08-10
BYR-0608,Nichole,Hayes,michaelbenson@example.net,0019237894287,Individual,1370148.15,2023-02-03
BYR-0609,Ashley,Brown,thomasdavid@example.com,9793262067,Trust,899352.64,2022-03-25
BYR-0610,Benjamin,Chandler,daviscatherine@example.com,179146069298517,Investor,2962945.85,2019-01-05
BYR-0611,Robert,Cameron,angelaburns@example.org,0019739706852865,Investor,1573199.77,2024-03-16
BYR-0612,William,Walker,erojas@example.org,16992108806986,Individual,2209880.24,2020-03-13
BYR-0613,Eric,Anderson,invalid email,5512340107,Investor,2194483.99,2021-08-13
BYR-0614,Christopher,Matthews,zmiller@example.net,9253658654,Investor,2185036.09,2020-02-07
BYR-0615,Katherine,Olson,gregory68@example.org,4063570712612,Investor,1765368.0,2019-02-12
BYR-0616,Michael,Calderon,stewartsamantha@example.com,99560172390702,Individual,2446102.51,2019-07-02
BYR-0617,Shawn,Mora,penachristopher@example.com,7417621928,Investor,1573199.77,2019-09-14
BYR-0618,Frances,Martinez,awilliamson@example.org,5324113830,Trust,1621959.38,2020-10-13
BYR-0619,Douglas,Campbell,vparks@example.net,715819117806945,Individual,150041.9,2022-10-22
BYR-0620,Sharon,Hart,conniemosley@example.org,0019465104344196,Individual,491078.77,2024-02-10
BYR-0621,Jeremy,Kim,porterpaul@example.net,001498365251040306,Investor,1203081.03,2019-08-08
BYR-0622,Karen,Coleman,amyevans@example.net,6715854643,Individual,641534.3,2022-08-22
BYR-0623,Angela,Thornton,judithmcclure@example.net,163151964880165,Individual,444475.6,2019-12-22
BYR-0624,Thomas,Mcdonald,iwhite@example.org,3313333088,Investor,1055335.79,2020-02-19
BYR-0625,Charles,Whitaker,williamhart@example.org,57180645934000,Individual,132766.09,2019-04-14
BYR-0626,Madison,Khan,pmorgan@example.com,001233942283018495,Individual,2928069.13,2022-05-19
BYR-0627,Tommy,Jenkins,lopezmary@example.net,00199669148445402,Individual,1526536.06,2019-01-27
BYR-0628,Anthony,Hanson,johnsonkristen@example.net,3492210397,Individual,256560.08,2024-01-14
BYR-0629,Diane,Daniel,xward@example.net,333938718015821,Individual,2711191.8,2020-11-26
BYR-0630,Jennifer,Mills,invalid email,6025083077,Corporation,1484279.23,2023-10-03
BYR-0631,Kim,Miller,webbstephen@example.com,9087983991,Individual,1378022.68,2021-12-28
BYR-0632,Jesus,Porter,cesarhill@example.net,0018753865830922,Individual,1526536.06,2023-12-03
BYR-0633,Emily,Wilson,jessicaleon@example.com,3028495565,Individual,1503280.87,2020-08-24
BYR-0634,Billy,Rowland,harolddavis@example.org,2766677423,Individual,491163.97,2022-05-20
BYR-0635,Evelyn,Rodriguez,donnacarey@example.org,1878653185385560,Individual,1291309.22,2019-08-01
BYR-0636,Rodney,Simon,chelsea27@example.org,2879212337,Individual,2544223.22,2022-12-29
BYR-0637,Kurt,Cardenas,ylyons@example.net,0019515545813,Individual,1316094.08,2021-04-14
BYR-0638,Victoria,King,robert85@example.com,2159057338,Corporation,758379.09,2022-06-30
BYR-0639,Danny,Lucas,ryanfreeman@example.net,24331599589574,Investor,911300.43,2023-07-13
BYR-0640,Allen,Butler,corylopez@example.com,6705583576,Individual,1177098.71,2020-06-26
BYR-0641,Charles,Riddle,manndillon@example.net,5459792844,Corporation,2481506.58,2022-08-12
BYR-0642,Daniel,Davies,ybryan@example.com,001488916524735833,Individual,2039930.93,2024-04-14
BYR-0643,Janice,Allison,kevin77@example.org,3225818342,Investor,2781670.05,2021-04-24
BYR-0644,James,Espinoza,travisgarcia@example.com,129392307202181,Individual,1470813.33,2024-05-08
BYR-0645,David,Doyle,eugene97@example.org,3829121427,Investor,1573199.77,2021-11-06
BYR-0646,Jeffery,Baldwin,isanchez@example.com,2814966799,Individual,1469896.46,2022-06-06
BYR-0647,Tracie,Evans,zacharymontgomery@example.net,506435026457948,Individual,2739296.28,2020-09-12
BYR-0648,Michael,Flores,stoneapril@example.org,655434490284096,Individual,2465198.75,2019-07-05
BYR-0649,John,Martinez,nramos@example.net,7034427156,Individual,1526536.06,2022-06-26
BYR-0650,Tami,Cordova,brockrobert@example.com,14007365168,Individual,1015461.1,2021-03-27
BYR-0651,Ryan,Hall,keith97@example.org,9165138278718,Individual,2639819.12,2019-07-10
BYR-0652,David,Johnson,michaelajenkins@example.org,18699867920,Individual,1526536.06,2021-06-22
BYR-0653,Jodi,Smith,invalid email,4493521010967,Individual,704969.34,2023-02-08
BYR-0654,Joseph,Herrera,roberttownsend@example.org,143897176472502,Individual,1526536.06,2022-02-06
BYR-0655,Derek,Smith,brian10@example.net,7877225935,Individual,634270.39,2020-11-20
BYR-0656,Kenneth,Moody,elizabeth46@example.com,1645970005205772,Investor,2170823.87,2022-02-20
BYR-0657,Hannah,Webb,cwatts@example.net,7896406041,Individual,1526536.06,2022-12-18
BYR-0658,Ashley,Brown,jessica96@example.org,6553039952,Individual,1478917.85,2021-06-24
BYR-0659,April,Carrillo,joseph70@example.net,2217471859,Investor,1573199.77,2022-11-13
BYR-0660,Jerry,Turner,yramos@example.com,7087036821,Individual,776868.1,2019-08-04
BYR-0661,Jason,Marshall,cfrancis@example.net,0012895169500,Corporation,351408.55,2021-10-05
BYR-0662,Cynthia,Mcbride,brandonclark@example.org,9434594295,Individual,1492299.98,2020-02-27
BYR-0663,Garrett,Oliver,brent74@example.net,16967633336,Individual,746608.81,2019-05-24
BYR-0664,Alicia,Goodwin,invalid email,794808593092642,Trust,680322.39,2023-06-03
BYR-0665,Bryan,Carlson,deborah87@example.org,9956147618041,Investor,1573199.77,2019-01-02
BYR-0666,Hayley,Pearson,mackkaren@example.net,00182248951410404,Individual,482666.23,2019-03-13
BYR-0667,Lisa,Johnson,maxwellrobert@example.com,1817469267213638,Individual,1441777.54,2021-07-30
BYR-0668,Natasha,Duncan,jenningsashley@example.com,301383476674077,Corporation,601698.32,2023-09-24
BYR-0669,David,Marshall,robertlee@example.net,4544945035,Corporation,1484279.23,2021-03-21
BYR-0670,Lisa,Richardson,lsanchez@example.org,17906374816,Investor,1573199.77,2019-07-10
BYR-0671,Jeffrey,Schmidt,steven66@example.com,169379179297637,Individual,2637684.27,2023-06-24
BYR-0672,Jeffrey,Griffin,edwardruiz@example.org,0019677262977,Trust,1864576.58,2022-02-22
BYR-0673,Lori,Duran,sherri66@example.net,0012995451755,Investor,100034.58,2022-07-17
BYR-0674,Debra,Cook,glennjames@example.org,297529093728765,Individual,1598135.63,2024-03-25
BYR-0675,Misty,Burgess,charlescooper@example.org,1632283849352540,Individual,704907.53,2023-09-21
BYR-0676,Elijah,Foster,danieljames@example.com,7516041250,Investor,2143198.95,2022-06-07
BYR-0677,Diana,Clark,edecker@example.net,42939854723430,Investor,1573199.77,2022-05-08
BYR-0678,Nicole,Roberts,derrickwilliams@example.com,3665109069671,Investor,1392224.05,2023-01-30
BYR-0679,Paul,Todd,mark28@example.com,6679217627,Investor,1573199.77,2019-10-12
BYR-0680,Cynthia,Wagner,larsonlaura@example.com,3023910018,Individual,651894.98,2022-06-19
BYR-0681,Brittany,Powell,shawnallen@example.net,15297113469,Corporation,597619.29,2023-02-23
BYR-0682,David,Reynolds,gary05@example.com,001745636281226311,Investor,1647630.47,2023-08-07
BYR-0683,Erika,Harper,brianjensen@example.com,0019528964171341,Individual,2823314.54,2020-08-13
BYR-0684,Heather,Black,tonyapeterson@example.org,3337812343,Individual,673067.54,2020-11-29
BYR-0685,Tammy,Miller,christyramsey@example.org,12915262514,Trust,828584.14,2020-11-04
BYR-0686,Jesse,Wilson,fischersarah@example.net,2702212584,Corporation,2568271.49,2022-08-07
BYR-0687,Hannah,Williams,invalid email,0012257893995,Individual,863115.2,2020-05-12
BYR-0688,Brian,Perez,stevenhunter@example.net,44236077548487,Investor,2540194.27,2019-06-15
BYR-0689,Sharon,Winters,jennifer85@example.net,9094182189,Individual,514399.48,2021-05-05
BYR-0690,Kimberly,Ibarra,nyoung@example.org,2229928924,Trust,1053944.34,2022-12-31
BYR-0691,Bryan,Park,invalid email,26359299548232,Individual,1526536.06,2019-08-18
BYR-0692,Erik,Campbell,randalllee@example.com,7386191176752,Individual,1567839.64,2022-06-30
BYR-0693,Patrick,Graves,jennifer42@example.com,98684775951027,Corporation,2551431.32,2022-07-04
BYR-0694,Carolyn,Thomas,harrisonbenjamin@example.org,6022150930,Individual,2588440.85,2019-02-28
BYR-0695,Alexis,White,epadilla@example.com,0019273976081,Investor,1573199.77,2024-02-12
BYR-0696,Harold,Jones,invalid email,9498276648,Individual,1809590.78,2019-02-24
BYR-0697,Keith,Franklin,kristycollier@example.com,6819022939,Investor,1717194.12,2020-10-07
BYR-0698,Crystal,Harris,pgarcia@example.com,17386106678,Individual,1866968.02,2020-01-07
BYR-0699,Jeanette,Nielsen,tmiller@example.com,9718584893349,Individual,357988.07,2021-01-27
BYR-0700,Jonathan,Miller,joseph45@example.com,9922854212,Individual,1526536.06,2022-12-07
BYR-0701,Katherine,Maldonado,xortega@example.net,96578622418990,Individual,1570897.77,2023-11-26
BYR-0702,Lydia,Bennett,richard91@example.net,4992016642343,Individual,2918172.02,2019-11-25
BYR-0703,Stephanie,Garrett,xreid@example.net,559282488911480,Individual,1526536.06,2022-11-13
BYR-0704,David,Phillips,kevin67@example.org,2613424170,Trust,977384.64,2019-04-16
BYR-0705,John,Robinson,michelle33@example.net,6548683674,Individual,874112.17,2019-11-23
BYR-0706,Michael,Herrera,dawnhoward@example.net,001264538264477776,Individual,2993233.81,2019-10-29
BYR-0707,Jennifer,Ortiz,david66@example.com,9128638604585,Individual,274402.16,2020-01-18
BYR-0708,Brandon,Allen,laura89@example.com,950925687349937,Individual,711590.49,2024-01-26
BYR-0709,Gina,Martin,weberchristian@example.com,84648945084791,Individual,1017596.5,2022-01-28
BYR-0710,Diane,Woodard,gheath@example.org,001696329510619561,Investor,1573199.77,2021-03-24
BYR-0711,Rita,Hinton,martin30@example.com,4434388150,Corporation,1484279.23,2023-09-18
BYR-0712,Tracy,Robertson,bmartin@example.com,8113140533,Individual,612708.63,2019-02-15
BYR-0713,Heather,Whitehead,invalid email,4749420178,Corporation,1539371.18,2020-07-18
BYR-0714,Andre,Wright,sreyes@example.com,9023147076,Individual,1110001.79,2020-05-27
BYR-0715,David,Nguyen,allenvirginia@example.com,5324088891379,Investor,2586599.52,2021-09-18
BYR-0716,Nathaniel,Huff,ilopez@example.com,6018583620,Individual,1567915.61,2021-11-22
BYR-0717,Jeffrey,Abbott,sullivanteresa@example.org,9275511054,Trust,561993.1,2021-06-10
BYR-0718,Michelle,Rodriguez,invalid email,956670028893603,Individual,981454.15,2020-08-05
BYR-0719,Pamela,Taylor,loricohen@example.org,3849352761,Individual,101917.8,2020-08-14
BYR-0720,Randy,Lopez,fergusonpeter@example.net,13646521972,Corporation,1850692.6,2019-03-31
BYR-0721,Lindsay,Harris,nthompson@example.net,7495110045,Individual,1526536.06,2020-05-16
BYR-0722,Elizabeth,Simon,millsrita@example.net,0013922342734,Individual,1469834.47,2022-10-05
BYR-0723,Steven,Rowland,bailey65@example.net,3296244505,Individual,1794094.05,2020-05-24
BYR-0724,Lisa,Smith,thompsonjesus@example.com,974449328554569,Investor,2452902.23,2019-09-24
BYR-0725,Lori,Dominguez,gryan@example.net,9432706935,Individual,1526536.06,2019-10-17
BYR-0726,Kristin,Dean,ryankhan@example.com,9207576732,Investor,2140304.67,2021-10-28
BYR-0727,Lisa,Harris,garzamelvin@example.net,2193182134,Corporation,449350.95,2023-02-17
BYR-0728,Dawn,Johnson,zvasquez@example.net,4494872537,Individual,1444202.34,2022-02-15
BYR-0729,Summer,Richardson,hlewis@example.com,00193041160692205,Individual,1156330.3,2020-12-08
BYR-0730,Melanie,Harris,rivasjames@example.net,001323911175953233,Individual,2173847.42,2022-06-04
BYR-0731,Erika,Reed,gscott@example.org,7825007152711,Individual,1181118.31,2020-05-18
BYR-0732,Ann,Wood,mcconnelltyrone@example.org,6914021395907,Individual,360006.43,2022-02-16
BYR-0733,Richard,Mayo,sheila57@example.com,456336678861905,Individual,1145141.32,2021-12-07
BYR-0734,Mariah,Byrd,melissa87@example.com,181562093217122,Individual,1526536.06,2019-03-23
BYR-0735,Heather,Bruce,briannacook@example.org,7916766280,Individual,2615821.82,2022-08-20
BYR-0736,Rachel,Carter,longmaurice@example.com,131520909576232,Individual,1526536.06,2020-11-14
BYR-0737,Kelsey,Rocha,elizabeth12@example.net,001422356730840967,Individual,332148.48,2019-05-10
BYR-0738,Kelsey,Jones,moralesshannon@example.net,1209390813477352,Individual,1234339.82,2022-02-26
BYR-0739,Emma,Donovan,lgarner@example.net,3809091505,Investor,1342340.47,2020-10-07
BYR-0740,Mary,Hurley,thompsonjohn@example.org,6306560848,Individual,2547368.27,2019-03-23
BYR-0741,Christina,Brady,andrewkennedy@example.net,606620673530980,Individual,1516681.33,2024-04-15
BYR-0742,Sheila,Henderson,garnerjohn@example.org,5302984778,Individual,355805.91,2023-09-30
BYR-0743,Daniel,Stephens,amy18@example.com,001470932568374994,Individual,1551853.97,2020-09-10
BYR-0744,Michael,Clark,troymoore@example.org,889300221829057,Investor,2009488.55,2024-05-03
BYR-0745,Robert,Bowman,hurstheather@example.org,3892498582178,Investor,2120086.8,2024-04-05
BYR-0746,Michael,Cole,michele20@example.com,27044276883929,Individual,784216.92,2024-04-24
BYR-0747,Vincent,Vincent,lindseyandersen@example.net,4047422939,Trust,1621959.38,2022-05-13
BYR-0748,Jared,Barton,gravestamara@example.net,12278341570,Investor,470975.39,2024-02-08
BYR-0749,Michelle,Fowler,sheppardandrew@example.com,602960324470521,Individual,2993084.81,2021-07-10
BYR-0750,Robert,Gardner,frankcalhoun@example.net,2115757499,Investor,1401621.2,2023-12-04
BYR-0751,Ronald,Ewing,paullewis@example.org,31337749739678,Individual,2716072.09,2021-07-09
BYR-0752,Michael,Munoz,carlsondavid@example.net,001815453533944444,Investor,238474.54,2023-04-20
BYR-0753,Maria,Smith,dmiller@example.org,43940378538297,Trust,2810364.28,2023-10-23
BYR-0754,Denise,Salas,halljacqueline@example.net,53774643648057,Investor,367199.36,2022-08-04
BYR-0755,Betty,Smith,sherry17@example.net,6385164842,Corporation,1277745.88,2023-03-28
BYR-0756,Sarah,Stone,barbara95@example.org,7336371471,Individual,1954461.65,2023-06-30
BYR-0757,Brittney,Koch,calebesparza@example.net,7695746144,Individual,911656.87,2019-05-12
BYR-0758,Samuel,Vasquez,waynerivas@example.org,391811470935454,Individual,554078.86,2022-10-01
BYR-0759,Lisa,Gonzalez,danielle74@example.com,3148770760,Individual,1035963.42,2020-05-21
BYR-0760,Cory,Butler,keithalyssa@example.org,7664413730,Individual,2745174.32,2024-04-28
BYR-0761,Deborah,Jackson,markcortez@example.com,6627341123,Individual,2565755.96,2020-11-09
BYR-0762,James,Bernard,daniel16@example.org,488905858519203,Trust,403381.15,2022-08-24
BYR-0763,Maria,Owen,vthomas@example.org,7843173544,Individual,1870209.96,2023-10-29
BYR-0764,Taylor,Thompson,mcdanielchristopher@example.com,81924567827598,Individual,2848068.89,2022-03-10
BYR-0765,Cynthia,Hunter,morgansampson@example.net,63847223740280,Investor,2600447.85,2020-04-24
BYR-0766,Kelly,Smith,wilsonmichael@example.com,7396575152195,Individual,1981011.66,2023-03-29
BYR-0767,Daisy,Stout,stephen81@example.com,001906528788655671,Investor,379527.92,2020-01-30
BYR-0768,Janice,Nunez,joycegerald@example.org,7072393781,Trust,1442796.81,2019-02-16
BYR-0769,Karen,Charles,iford@example.com,6185440926564,Individual,1056043.15,2023-09-05
BYR-0770,Jason,Ramos,omarbennett@example.net,3072946052,Investor,2793839.74,2021-08-25
BYR-0771,Dean,Stevens,megan90@example.org,1388698767398177,Individual,682174.67,2019-02-08
BYR-0772,Caitlin,James,zjames@example.org,596318759494353,Corporation,2798075.93,2021-03-27
BYR-0773,Sharon,Sullivan,grobinson@example.net,7873434998,Investor,2963295.44,2020-08-15
BYR-0774,Michael,Taylor,qlong@example.org,149256983005640,Trust,1752500.99,2020-07-16
BYR-0775,Brianna,Thompson,blakedavid@example.com,13674647655383,Individual,2378407.03,2023-07-23
BYR-0776,Stacy,Mathews,jennifer84@example.net,136975231362814,Trust,1806421.21,2019-07-21
BYR-0777,Barbara,Wong,sullivanrachel@example.net,13093899176,Investor,310966.0,2024-05-17
BYR-0778,Marc,Austin,wjohns@example.net,5087695963,Investor,1573199.77,2021-06-30
BYR-0779,Allen,Turner,cookjon@example.net,001336418902582572,Individual,1040406.8,2021-01-06
BYR-0780,Andrea,Harris,lkrause@example.net,18087504235,Individual,1526536.06,2019-06-01
BYR-0781,Crystal,Perry,mollyvega@example.org,136326590930028,Individual,314588.49,2021-05-16
BYR-0782,Randall,Mayer,jeffreybates@example.net,16382696174,Individual,2351739.33,2020-10-01
BYR-0783,Mary,Richardson,amber24@example.com,9396738720903,Individual,935321.94,2023-09-23
BYR-0784,Sarah,Vincent,keith62@example.net,6568414652,Individual,2298248.18,2020-06-21
BYR-0785,Amy,Mccann,mjohnston@example.net,190467538467886,Individual,708283.03,2022-01-24
BYR-0786,Kimberly,Lutz,pjordan@example.com,00175070972835846,Individual,1123017.16,2022-03-24
BYR-0787,James,Hamilton,hlee@example.org,00122479443525215,Individual,2406887.64,2024-02-15
BYR-0788,Joseph,Taylor,invalid email,6679591297,Individual,1929172.46,2024-06-25
BYR-0789,Keith,Boyer,jasmine15@example.net,17086088851,Individual,2922212.81,2021-02-01
BYR-0790,Carla,Sanchez,ufitzgerald@example.net,8259189910,Individual,1526536.06,2019-10-22
BYR-0791,Jenna,Black,robert92@example.org,3877768586014,Corporation,1884179.23,2022-07-22
BYR-0792,Elizabeth,Smith,debbiethomas@example.net,00140751211610735,Investor,2412282.65,2023-07-07
BYR-0793,Mary,Wilson,qkim@example.com,178931978755515,Individual,590572.86,2019-03-16
BYR-0794,Brandon,Gray,bfisher@example.net,19128391737607,Corporation,1704647.37,2020-01-28
BYR-0795,Jordan,Webb,xdickerson@example.org,187294488027087,Individual,1778616.39,2021-10-25
BYR-0796,Daniel,Hall,johnsondiana@example.com,4304317610,Individual,2146847.14,2022-05-22
BYR-0797,Amber,Pierce,alyssahernandez@example.com,163885629968863,Investor,2189162.28,2019-10-18
BYR-0798,Christopher,Peterson,lozanostephanie@example.net,95737477424506,Individual,2531681.42,2021-04-19
BYR-0799,Todd,Miller,thompsonscott@example.org,5873110548,Corporation,1484279.23,2023-10-23
BYR-0800,Jennifer,Jackson,jkhan@example.net,5587980963,Investor,2296124.73,2020-06-24
BYR-0801,Ashley,Reed,tiffanyhodge@example.org,6315134076109,Individual,2791506.47,2019-01-16
BYR-0802,Christina,Harrington,njacobson@example.net,4632435330,Investor,1615241.96,2019-10-02
BYR-0803,Rose,Jordan,ycabrera@example.com,00144520811627597,Individual,1526536.06,2024-06-11
BYR-0804,Allison,Ball,invalid email,80353441860748,Individual,1625471.38,2023-08-20
BYR-0805,Emily,Butler,rhobbs@example.org,2535222523,Individual,519130.73,2021-08-23
BYR-0806,Michael,Martin,hurleytaylor@example.com,2416200394,Individual,532625.0,2022-10-14
BYR-0807,Jessica,Peterson,vwatson@example.com,7227997712,Investor,1573199.77,2019-01-23
BYR-0808,Lindsey,Williams,loweevan@example.net,00123553187516367,Investor,602343.3,2019-12-21
BYR-0809,Kimberly,Watkins,uharper@example.com,001249794971771042,Individual,1526536.06,2023-07-23
BYR-0810,Joe,Lopez,james61@example.org,7713606290088,Corporation,2485715.23,2023-06-26
BYR-0811,Claire,Jimenez,melissa63@example.com,9269219660,Individual,2695015.23,2019-02-27
BYR-0812,Alyssa,Morrow,woodmichelle@example.org,124442997958253,Individual,383082.15,2020-07-23
BYR-0813,Elizabeth,Evans,rvance@example.org,6343786556,Investor,1073960.67,2020-09-16
BYR-0814,Stephanie,Silva,jenniferhooper@example.net,5317410983,Investor,2778281.01,2023-09-14
BYR-0815,Regina,Turner,jonesjennifer@example.org,204367274293111,Corporation,1068406.61,2023-10-21
BYR-0816,Robert,Lopez,francoalbert@example.org,2145684625,Individual,1526536.06,2023-08-18
BYR-0817,Chelsea,Morales,ncook@example.org,001843411421195637,Individual,1104600.27,2021-04-03
BYR-0818,Robert,Benson,erodriguez@example.net,2292378197,Individual,2665933.79,2022-12-04
BYR-0819,Michael,Cameron,roberthale@example.net,12745624999523,Individual,2899928.66,2021-02-14
BYR-0820,Ronald,Vasquez,deborah75@example.com,914589363617227,Individual,984360.23,2022-08-14
BYR-0821,David,Moreno,xgoodman@example.org,30879052078191,Individual,1938448.99,2020-01-23
BYR-0822,James,Dominguez,michaelgraves@example.org,00141594724926409,Individual,231266.93,2021-08-22
BYR-0823,Robert,Chen,amycrawford@example.com,8955398219,Trust,1741484.39,2019-01-21
BYR-0824,Renee,Diaz,taylor03@example.org,25134100712421,Individual,2107010.63,2019-05-17
BYR-0825,Mackenzie,Williams,helen79@example.com,176537035889522,Individual,1451826.33,2021-06-04
BYR-0826,Eric,Flores,lori65@example.org,5202876431,Individual,1389433.0,2020-04-26
BYR-0827,Jennifer,Jones,webbjeffrey@example.net,43593190956534,Investor,1626127.14,2020-01-25
BYR-0828,Laura,Stein,qking@example.org,97693387955229,Individual,164368.53,2020-08-23
BYR-0829,Amanda,Moore,jason18@example.com,324422609084650,Individual,2455729.24,2023-08-23
BYR-0830,Heidi,Vincent,uwhite@example.net,15294652942,Individual,1526536.06,2023-06-12
BYR-0831,Natalie,Snyder,thomas25@example.com,0018724607785,Corporation,2872897.62,2022-08-26
BYR-0832,Marcus,Long,laura76@example.org,254218297424035,Individual,2915647.68,2023-10-09
BYR-0833,Larry,Brooks,rebecca69@example.com,5873041949855,Individual,2932241.03,2021-07-27
BYR-0834,Summer,Moore,timothygutierrez@example.com,9773289415575,Individual,1526536.06,2021-11-23
BYR-0835,Daniel,Avery,kelli80@example.net,702668597369747,Individual,2424441.14,2019-07-20
BYR-0836,Jennifer,Lowe,connie29@example.net,0012882808984273,Individual,1727267.13,2019-05-16
BYR-0837,Hannah,Johnson,markberry@example.net,15679272929110,Individual,1843775.71,2021-11-29
BYR-0838,Lauren,Turner,kingkevin@example.com,7793938070717,Investor,1599532.2,2022-08-29
BYR-0839,Jordan,Scott,gnoble@example.net,4147254872737,Individual,1526536.06,2021-04-04
BYR-0840,Dennis,Fleming,alyssamyers@example.com,7845515199,Investor,911516.85,2019-11-03
BYR-0841,Laura,Estes,tlee@example.com,3427561368477,Individual,2116855.19,2022-06-25
BYR-0842,Mario,Lane,catherine02@example.net,6339816219,Individual,1511685.25,2020-02-25
BYR-0843,Mary,Hall,gregory47@example.org,3345631927,Corporation,2313218.6,2019-02-18
BYR-0844,Katherine,Lopez,todd59@example.org,0018717323274,Individual,2113586.96,2020-07-18
BYR-0845,Courtney,Parsons,clarkeleslie@example.org,0014149567751032,Corporation,494895.54,2022-02-06
BYR-0846,Emily,Davis,fieldsderrick@example.com,12027360772,Investor,2385325.75,2022-10-11
BYR-0847,Belinda,Cardenas,dawsonkyle@example.org,247879600271520,Individual,2940526.12,2019-12-01
BYR-0848,Ashley,Chapman,leonard79@example.org,2563846934,Trust,1153952.73,2022-02-21
BYR-0849,David,Pena,jerry50@example.org,2142301397,Individual,1806261.37,2021-09-28
BYR-0850,Tyler,Reyes,travis28@example.com,8799316988,Individual,1614311.27,2023-02-27
BYR-0851,Terri,Spencer,ksmith@example.org,001870311577766060,Corporation,1500655.08,2019-11-09
BYR-0852,Justin,Johns,lisasmith@example.net,638717500942663,Individual,2018210.09,2022-04-16
BYR-0853,Jennifer,Liu,kpetersen@example.com,3828301965,Trust,696942.87,2023-07-13
BYR-0854,Katherine,Padilla,jrobertson@example.net,6863739528,Corporation,1936256.65,2023-11-01
BYR-0855,Michael,Bradley,mwilkerson@example.net,00199480918642753,Individual,2873969.92,2024-01-17
BYR-0856,Tiffany,Kennedy,fergusonkaitlin@example.org,7488724315,Individual,1526536.06,2021-08-31
BYR-0857,Steven,Barrera,latoyaramirez@example.net,0015814033963,Investor,1573199.77,2019-01-28
BYR-0858,Raven,Williams,ythomas@example.com,4682260716,Individual,1526536.06,2023-01-18
BYR-0859,Elizabeth,Parker,invalid email,5288786263,Trust,2863798.61,2021-04-22
BYR-0860,Louis,Barrett,patrick63@example.net,1592729165876119,Corporation,752339.79,2023-11-03
BYR-0861,Karen,Howell,justinhernandez@example.org,12432681533813,Individual,875723.5,2020-05-21
BYR-0862,Brittany,Ross,fperry@example.org,393272209000165,Individual,1572012.05,2019-09-19
BYR-0863,Erin,Holmes,benjamin16@example.net,16284607506,Investor,2214734.27,2023-12-24
BYR-0864,James,Campbell,brandon60@example.net,8619965557,Trust,1681202.46,2022-02-25
BYR-0865,Brianna,Grimes,inoble@example.net,669826718720465,Investor,1373743.13,2020-03-04
BYR-0866,Christine,Lee,zevans@example.net,6018656385,Individual,1526536.06,2020-12-27
BYR-0867,Victoria,Hernandez,brandonbautista@example.com,940587713525133,Individual,2832714.68,2024-01-07
BYR-0868,Dustin,Hart,geraldjackson@example.org,0016769827442,Corporation,1484279.23,2023-03-04
BYR-0869,Edward,Davis,mark23@example.com,18169419543921,Investor,2838814.63,2021-10-26
BYR-0870,Kyle,Gilmore,stacy85@example.com,0015482931282847,Investor,2146547.01,2024-04-05
BYR-0871,Brian,Macias,margarettorres@example.net,2714944170,Corporation,1179649.95,2020-06-19
BYR-0872,Jacob,Arellano,davidsondonna@example.org,5653052310,Investor,1573199.77,2024-06-13
BYR-0873,Sarah,Pena,billwright@example.net,8617481792,Investor,408523.16,2020-07-27
BYR-0874,Patricia,Williams,james24@example.org,3522384910,Individual,1526536.06,2020-09-21
BYR-0875,Jessica,Velasquez,invalid email,00199527236347095,Investor,1471643.19,2023-06-14
BYR-0876,Gerald,Hunt,frankbuchanan@example.com,5985542656,Individual,1020825.43,2024-01-13
BYR-0877,Lee,Duke,whiteandrew@example.net,747307520169098,Individual,2571214.41,2023-03-01
BYR-0878,John,Flores,maymarc@example.com,18718618368203,Trust,2245993.34,2024-03-28
BYR-0879,Heather,Torres,john16@example.org,4194125588,Investor,2891219.43,2022-08-26
BYR-0880,Allison,Griffin,jennifer43@example.com,7683267692,Investor,2216855.84,2022-06-24
BYR-0881,Tyler,Hill,wmartin@example.net,7805831497091,Corporation,2356285.4,2019-09-17
BYR-0882,Anita,Douglas,jeremyhernandez@example.net,792970101255371,Individual,1751595.68,2022-06-27
BYR-0883,Vincent,Garcia,serranoaaron@example.com,2074169032,Individual,2777885.29,2020-01-15
BYR-0884,Megan,Kent,bryantroberta@example.org,00180227416958524,Investor,2683111.07,2021-11-26
BYR-0885,Kevin,Shaw,ryanchristopher@example.net,00191830785865215,Investor,2394809.64,2023-06-19
BYR-0886,Vanessa,Barajas,pbrewer@example.org,2723997704,Investor,160938.75,2020-04-17
BYR-0887,Aaron,Black,robertrodgers@example.org,4569724431,Investor,355872.66,2022-03-18
BYR-0888,Robin,Davis,greenbrandon@example.com,19669729942,Investor,180106.01,2024-03-14
BYR-0889,Matthew,Grant,marthabaker@example.org,33429987521472,Individual,828699.83,2021-12-09
BYR-0890,Hector,Cook,joshuahernandez@example.org,0012215313865,Investor,2571396.3,2023-05-29
BYR-0891,James,Carter,bwright@example.org,739396604933425,Individual,969598.02,2023-05-14
BYR-0892,Carl,Sanchez,anthony98@example.com,4062197129,Individual,2036158.15,2023-08-14
BYR-0893,Gina,Scott,zsmith@example.com,6033936565,Investor,2744181.84,2022-03-25
BYR-0894,Nicholas,Martinez,aaron61@example.net,7574753801571,Corporation,123226.94,2020-11-24
BYR-0895,Christopher,Holmes,williamsashley@example.org,787552452765646,Individual,311112.34,2023-02-01
BYR-0896,Heidi,Rocha,adam74@example.net,720651461053276,Individual,2014115.42,2022-08-22
BYR-0897,Carolyn,Gonzalez,stevensilva@example.org,7104806327218,Individual,1526536.06,2022-01-25
BYR-0898,Jason,Pierce,harrisrichard@example.net,2617882073,Investor,2116513.21,2020-12-31
BYR-0899,Jimmy,Soto,wmata@example.com,627526038073842,Corporation,1995971.32,2020-02-26
BYR-0900,Sharon,Martinez,otrujillo@example.com,5863173461,Individual,1526536.06,2020-07-08
BYR-0901,Patrick,Duncan,amandacarey@example.org,140793808848738,Individual,738579.97,2022-09-28
BYR-0902,Frances,Dixon,sbishop@example.com,17115072003717,Individual,1208621.64,2021-01-17
BYR-0903,Shannon,Ellis,alexandra96@example.org,391904384624992,Individual,1134198.33,2024-05-02
BYR-0904,Shawn,Bishop,shawnagardner@example.org,5598745499,Trust,508967.26,2022-07-26
BYR-0905,Kevin,Pacheco,invalid email,56738741430797,Individual,1526536.06,2021-09-21
BYR-0906,Sarah,Ramos,fhenry@example.org,3547947028,Individual,2478827.12,2023-06-24
BYR-0907,Michael,Hahn,nicholasbradford@example.net,0015483529008044,Investor,1705383.97,2023-01-03
BYR-0908,Robert,Jacobson,lynnhood@example.com,98052890723459,Investor,1650579.0,2021-06-18
BYR-0909,Diane,Gray,jaychavez@example.org,69425027031427,Individual,1837439.81,2020-06-16
BYR-0910,Joshua,Glenn,diazadrian@example.com,1812944817167321,Investor,2654531.12,2022-03-10
BYR-0911,Alison,Martinez,marymcconnell@example.net,3817005777,Investor,1509784.92,2021-01-31
BYR-0912,Emily,Bennett,colenicole@example.com,3599429957811,Investor,352957.13,2020-06-16
BYR-0913,Joshua,Tyler,zlopez@example.com,2148202916,Investor,1573199.77,2022-02-12
BYR-0914,Glenn,Collins,westrachel@example.net,3979948979,Individual,2690928.21,2019-10-14
BYR-0915,Randy,Carson,rgriffin@example.net,49367915032862,Corporation,1550141.86,2023-03-09
BYR-0916,Cathy,Henderson,westjared@example.net,595377402719272,Corporation,1862688.06,2023-12-12
BYR-0917,Dawn,Flores,patricia89@example.com,4885085914,Investor,2876491.42,2019-04-11
BYR-0918,Robert,Bryant,murphydaniel@example.org,6694510058,Individual,1428910.39,2019-07-19
BYR-0919,Larry,Morris,invalid email,2529566540,Investor,1573199.77,2023-02-12
BYR-0920,Carol,Pratt,vthomas@example.com,7795339259,Individual,2874186.07,2023-06-16
BYR-0921,Patricia,Morse,fowens@example.org,8103861094,Individual,428510.92,2024-06-03
BYR-0922,Timothy,Leon,ichan@example.com,68270002280820,Individual,2110233.64,2023-09-02
BYR-0923,Scott,Mccall,kimmartin@example.org,4679884157,Investor,167555.31,2019-06-07
BYR-0924,Catherine,Bonilla,jessica24@example.org,2502009568913,Individual,1789185.05,2019-10-15
BYR-0925,Kendra,Rivers,belindavega@example.com,1772203678870135,Trust,2600076.7,2022-07-05
BYR-0926,Steven,Ryan,nicole04@example.com,001222269933418919,Individual,511655.44,2019-08-03
BYR-0927,Gregory,Burton,kevin46@example.net,886669324855645,Corporation,523305.35,2024-06-12
BYR-0928,Edward,Carroll,kathrynhamilton@example.net,160842345321917,Individual,176585.46,2024-01-17
BYR-0929,Kimberly,Jensen,tracy26@example.com,6174686732077,Individual,333317.5,2020-12-21
BYR-0930,Jean,Walker,jcurtis@example.net,7788416300,Individual,2362107.15,2022-09-30
BYR-0931,Russell,Love,trevorknight@example.com,001438392242148585,Investor,519929.25,2020-02-09
BYR-0932,Michelle,Jenkins,invalid email,644606028223032,Trust,1513877.45,2020-04-11
BYR-0933,Rachel,Taylor,nicholas24@example.org,465594520713801,Investor,630598.62,2024-03-31
BYR-0934,Brian,Stevens,juan00@example.com,0018239911949492,Individual,1005006.31,2019-04-01
BYR-0935,Jesse,Bradley,brianhiggins@example.net,1886791916125328,Individual,1526536.06,2023-03-23
BYR-0936,Sarah,Wilson,invalid email,193856901390198,Individual,2201770.77,2023-04-13
BYR-0937,Sheena,Petty,david34@example.net,1308478456135580,Individual,436931.86,2021-08-13
BYR-0938,Angelica,Phillips,davidjohnson@example.net,5692430391960,Investor,2630222.19,2021-06-05
BYR-0939,Eric,Powers,reginamartinez@example.com,9149065001,Individual,656272.1,2020-06-21
BYR-0940,Kevin,Gonzalez,devinboyd@example.org,2265979633,Investor,1406081.18,2019-03-06
BYR-0941,Nicholas,Lee,daniel05@example.org,9486105482469,Individual,1526536.06,2024-01-03
BYR-0942,Colin,Miller,dblack@example.com,17885076103293,Investor,389303.94,2022-09-16
BYR-0943,Gina,Lang,matthewjackson@example.org,001945964681472487,Investor,670131.09,2024-02-27
BYR-0944,Scott,Cardenas,shawnharrington@example.org,0017379287798,Individual,814434.64,2020-11-30
BYR-0945,Larry,Hampton,harrellwalter@example.com,171357091004955,Individual,1784671.48,2020-07-11
BYR-0946,Pamela,Gonzalez,randyaguilar@example.com,406924003970127,Investor,2122129.07,2021-11-06
BYR-0947,Lynn,Ramirez,janet72@example.com,631273704578835,Investor,2307833.44,2021-05-12
BYR-0948,Susan,Shaw,woliver@example.net,7353045065,Investor,1573199.77,2024-05-25
BYR-0949,Andrew,Stevens,williamsashley@example.net,732514077649778,Individual,1526536.06,2020-05-05
BYR-0950,Melissa,Johnson,patrick48@example.com,3596854049607,Investor,2187654.62,2021-03-19
BYR-0951,Darren,Love,albertleonard@example.com,0013453930850346,Individual,2735276.91,2023-08-30
BYR-0952,Elizabeth,Parks,waguilar@example.org,1998953470897200,Individual,775854.06,2022-08-24
BYR-0953,James,Conner,keithmichael@example.org,88435027128529,Corporation,145485.29,2023-11-08
BYR-0954,Joseph,Williams,molly20@example.com,2875692942882,Investor,634079.61,2023-04-25
BYR-0955,Justin,Sawyer,dperkins@example.com,19255363067,Individual,2148219.51,2023-01-08
BYR-0956,Hayden,Stanley,madams@example.net,0015606716830277,Investor,2723268.88,2022-09-16
BYR-0957,Joseph,Anderson,judy86@example.org,99563243058874,Investor,1833709.91,2020-09-23
BYR-0958,Katie,Herring,carriecruz@example.net,4824486707960,Corporation,2404841.72,2019-03-26
BYR-0959,Dylan,Wells,wheelerheather@example.com,2285867481,Investor,2162368.66,2022-08-07
BYR-0960,Ricardo,Parker,lcombs@example.com,3234885156,Individual,1855101.06,2020-05-11
BYR-0961,Michael,Riddle,judy25@example.net,14289792412,Trust,954359.53,2023-01-14
BYR-0962,Kathy,Campbell,charleswhite@example.net,001794603815595726,Investor,1229362.29,2020-10-05
BYR-0963,Melissa,Johnson,ifuller@example.org,457787436160413,Individual,1526536.06,2019-02-09
BYR-0964,Michael,Johnson,invalid email,00133881642100007,Individual,2863323.01,2021-12-26
BYR-0965,Paul,Andrade,laura48@example.com,5259183382,Individual,2998104.39,2020-09-10
BYR-0966,Lisa,Dixon,joshuacochran@example.net,00188156482342617,Individual,2644976.39,2023-10-02
BYR-0967,Anna,Shaw,williamskatelyn@example.net,8158938606,Individual,1526536.06,2020-11-25
BYR-0968,Craig,Fisher,julie41@example.net,8916269081,Individual,1289614.26,2022-07-03
BYR-0969,Kristen,Kelley,taylorerin@example.com,0015296511544,Individual,196063.7,2019-08-15
BYR-0970,Joseph,West,lawrencemalone@example.com,19967591651,Corporation,2213584.55,2023-06-06
BYR-0971,Richard,Baker,kristin98@example.com,9145334610,Individual,1526536.06,2021-12-11
BYR-0972,Christopher,Hill,juan95@example.org,001450319994846524,Individual,1738034.0,2020-04-13
BYR-0973,John,Brooks,paulatyler@example.org,422593704213917,Corporation,1367873.74,2020-11-03
BYR-0974,Joanna,Miller,cindycox@example.org,4218481334370,Individual,781301.96,2022-01-18
BYR-0975,Jeffrey,Howell,kentbishop@example.com,4605114310,Individual,728064.32,2023-07-17
BYR-0976,Andrew,Krueger,moorechristine@example.net,93499791455751,Investor,1573199.77,2023-12-23
BYR-0977,Carrie,Williams,blakelaura@example.net,0013414440173262,Individual,913237.88,2021-07-18
BYR-0978,Sarah,Clark,lesliebowman@example.org,620218136210079,Individual,2957840.61,2021-12-03
BYR-0979,Megan,Griffin,mwillis@example.org,8374689004,Individual,1526536.06,2020-03-25
BYR-0980,Kristen,May,tiffanyhines@example.com,7357100647,Individual,259004.4,2023-03-05
BYR-0981,Derek,Murray,etaylor@example.org,88886207506446,Trust,2892326.04,2019-02-23
BYR-0982,David,Powell,lisa60@example.org,19626388980,Individual,682395.01,2019-11-16
BYR-0983,Samuel,Boyd,ellismolly@example.org,001249419525715440,Corporation,2550884.06,2019-09-30
BYR-0984,Carol,Miller,miguel38@example.com,00195591737288322,Individual,2170285.21,2023-09-10
BYR-0985,David,Patton,khammond@example.com,97729644659408,Individual,1331219.75,2021-03-21
BYR-0986,Anna,Johnson,harrisdavid@example.com,620504720397988,Individual,1526536.06,2020-05-11
BYR-0987,Jennifer,Owens,lcochran@example.com,65690153513554,Individual,2824605.1,2020-09-07
BYR-0988,Robert,Thornton,harrisonkathryn@example.com,9617391659530,Corporation,834426.19,2024-02-29
BYR-0989,Melanie,Aguirre,nicholaspotts@example.net,53580699313221,Investor,2263064.12,2020-12-24
BYR-0990,Joseph,Hubbard,pollardstephanie@example.net,0014825471192485,Individual,603793.61,2023-08-26
BYR-0991,Rose,Duncan,thompsonkimberly@example.org,89874728116817,Individual,2954040.78,2019-11-25
BYR-0992,Melissa,Bryant,gcastro@example.com,178362565796284,Individual,170886.24,2021-04-08
BYR-0993,Johnny,Powell,justin77@example.net,7502862614044,Individual,2141712.96,2019-06-26
BYR-0994,Erik,Mclaughlin,pamela50@example.org,3892233197,Individual,2715095.69,2019-06-28
BYR-0995,Kathleen,Livingston,pettyrussell@example.net,2333157482,Investor,2020042.49,2019-02-06
BYR-0996,Dawn,Sutton,jonathan47@example.org,2143742656080,Individual,2754778.13,2019-12-23
BYR-0997,Jennifer,Young,amartin@example.net,8812369760254,Investor,1573199.77,2021-09-11
BYR-0998,Juan,Johnson,whitemikayla@example.com,87792963716299,Individual,1526536.06,2022-06-08
BYR-0999,Hector,Castaneda,crystalbruce@example.com,1818240772671184,Corporation,1731916.32,2022-09-13
BYR-1000,Nathan,Henderson,leslieramirez@example.org,8623688865,Individual,2441177.68,2024-04-05
BYR-1001,Gary,Bradley,andrewruiz@example.org,2486660837043,Individual,1526536.06,2023-04-10
BYR-1002,Christopher,Brooks,invalid email,8683048629,Individual,2696057.06,2021-03-02
BYR-1003,Kimberly,Martinez,pbarnes@example.org,8163119944,Individual,2614998.16,2019-08-22
BYR-1004,Justin,Hughes,crawfordlisa@example.org,16689101889366,Individual,1526536.06,2019-10-03
BYR-1005,Stanley,Duffy,fsmith@example.org,5289129980,Individual,661156.3,2022-04-06
BYR-1006,Michael,Miller,njohnson@example.org,162336381398494,Individual,1565214.92,2020-10-13
BYR-1007,Jerome,Thompson,susanmartin@example.org,2958866140,Individual,577629.92,2020-03-31
BYR-1008,Stephen,Henderson,william32@example.net,93989808851472,Individual,2538953.9,2021-10-15
BYR-1009,John,Neal,amber79@example.net,0012652479942624,Individual,421257.53,2021-06-16
BYR-1010,Daniel,Long,pknight@example.com,001474555295711527,Individual,1430065.3,2022-09-24
BYR-1011,Kimberly,Webb,kimberly29@example.com,8043085397,Individual,1806518.11,2024-01-29
BYR-1012,John,Peters,vhunt@example.net,2237427628265,Individual,433506.67,2024-02-06
BYR-1013,James,Patterson,millerpaula@example.net,5793019414,Investor,223799.92,2022-04-11
BYR-1014,Antonio,Fischer,misty23@example.org,8077452157,Individual,288289.83,2023-05-14
BYR-1015,Jeffrey,Johnson,valexander@example.net,1498978559332926,Individual,1526536.06,2023-06-17
BYR-1016,Claudia,Young,uvazquez@example.net,1751337976750241,Investor,2919204.13,2024-05-03
BYR-1017,Brenda,Hernandez,guerrarobert@example.org,00160573265745916,Investor,2298111.71,2024-02-22
BYR-1018,Jessica,Howell,olopez@example.com,7217774296,Investor,2825723.98,2021-05-28
BYR-1019,Matthew,Bennett,radams@example.com,19035450845,Investor,1306351.17,2022-09-02
BYR-1020,Laurie,James,kjordan@example.net,23339495207926,Individual,1465103.34,2021-04-16
BYR-1021,Matthew,Hernandez,bettysmith@example.org,001540611512016461,Individual,2565450.86,2022-07-18
BYR-1022,Kevin,Gibson,raymondmike@example.com,4077415454795,Individual,2671135.68,2020-07-30
BYR-1023,Lisa,Day,johnsonbryce@example.com,131061225241360,Investor,720517.21,2023-06-09
BYR-1024,Donna,Diaz,stephenrussell@example.com,7069340509,Individual,1181598.73,2023-01-02
BYR-1025,Ricardo,Clarke,wbailey@example.com,5792609367,Individual,545550.62,2019-12-10
BYR-1026,Molly,Gonzalez,jamesbarnes@example.com,7492592383,Trust,1874016.96,2023-05-06
BYR-1027,Robert,Williams,michaeljackson@example.net,54787840317552,Individual,1744331.48,2022-08-08
BYR-1028,Breanna,Davis,anthony50@example.com,4456075590,Investor,929065.24,2024-05-18
BYR-1029,Kyle,Nelson,louis71@example.com,550694939940967,Trust,1562227.38,2020-04-20
BYR-1030,Misty,Bowen,wlee@example.net,648775073864259,Individual,458254.95,2022-06-18
BYR-1031,Elizabeth,Bush,tanya50@example.org,9668961717336,Individual,1046194.75,2020-01-05
BYR-1032,Stuart,Kennedy,douglas54@example.org,8578745397,Individual,1526536.06,2019-06-26
BYR-1033,Kevin,Hodges,christianbrown@example.net,9412358365,Individual,2509881.58,2020-03-29
BYR-1034,Robin,Mendez,invalid email,9607561945,Individual,1003750.14,2023-01-03
BYR-1035,Curtis,Phelps,xlane@example.net,8933585381,Investor,2204124.72,2020-04-13
BYR-1036,Lori,Cross,rhiggins@example.net,2156775981,Individual,963020.84,2021-09-14
BYR-1037,Diana,Schmidt,lguerrero@example.net,6083528963746,Individual,2640885.18,2020-04-12
BYR-1038,Laurie,George,rosslouis@example.com,00194376068371983,Individual,2954218.35,2020-05-21
BYR-1039,Michael,Williams,mcastro@example.com,416591073725592,Individual,514744.29,2020-09-15
BYR-1040,Deborah,Kennedy,invalid email,9182711166568,Corporation,1484279.23,2019-05-30
BYR-1041,Keith,Sanchez,uwebster@example.org,7212820576007,Individual,451194.37,2020-06-29
BYR-1042,Stacy,Payne,richardperry@example.org,3322600878,Trust,1621959.38,2019-05-20
BYR-1043,Joy,Ramirez,michellebriggs@example.org,84459990843357,Individual,2550119.66,2019-04-20
BYR-1044,Elizabeth,Lewis,kathleen18@example.net,866421444912449,Individual,1420384.65,2020-09-07
BYR-1045,Jessica,Reyes,nthompson@example.net,739375762786537,Individual,620122.45,2022-05-27
BYR-1046,Calvin,Chapman,matthew86@example.org,8303229759,Individual,1939354.72,2019-09-18
BYR-1047,Donald,Burnett,mespinoza@example.org,2266353561,Investor,2988974.86,2021-03-26
BYR-1048,Michael,Davis,thomasbowen@example.com,4146742386,Individual,1624458.02,2020-12-21
BYR-1049,Ashley,Bean,wagnerjason@example.net,6104205475,Trust,1059784.55,2021-11-01
BYR-1050,Donna,Anthony,jeffrey63@example.org,6854665568,Individual,1401723.61,2021-11-21
BYR-1051,Adam,Snyder,hendrixmicheal@example.org,001389741368190381,Investor,1728048.4,2022-11-14
BYR-1052,Dalton,Snow,danielle33@example.net,0019098724281,Individual,130175.21,2021-10-09
BYR-1053,Elizabeth,Kennedy,ajohnson@example.com,2402618585953,Individual,2656381.61,2023-03-16
BYR-1054,Drew,Moran,tricia66@example.net,00137669365345945,Individual,754018.75,2022-10-26
BYR-1055,James,Hernandez,conwaynatasha@example.com,55986065048430,Investor,2376750.64,2019-01-14
BYR-1056,Ashley,Thompson,monique61@example.com,4822768853,Individual,1751069.85,2021-01-05
BYR-1057,John,Foster,garciamichael@example.org,001362895654526529,Investor,439001.5,2020-11-14
BYR-1058,Brian,Harper,bsavage@example.org,3473670900,Individual,286525.4,2023-12-03
BYR-1059,Sean,Warren,daykathleen@example.net,2614570367,Individual,224511.15,2020-06-02
BYR-1060,Jonathon,Barrett,sandraallen@example.net,8933479718,Individual,2184134.71,2020-06-03
BYR-1061,Andrew,Campbell,marcus86@example.net,934204266577333,Individual,1526536.06,2019-07-24
BYR-1062,Roy,Sheppard,wardjennifer@example.net,72388626985195,Investor,1930469.13,2023-10-22
BYR-1063,Michael,Martinez,michaelroberts@example.net,9635549578,Individual,2562729.85,2021-10-07
BYR-1064,Dillon,Kim,everettthomas@example.net,14996634455034,Individual,180112.52,2021-06-13
BYR-1065,Alicia,Dominguez,ashleyjones@example.org,6228855359,Individual,1189814.47,2022-01-05
BYR-1066,Patricia,Bates,michaeldiana@example.com,15726709124751,Trust,1019236.22,2022-05-02
BYR-1067,Jorge,Dunn,austinkeith@example.org,177253998159731,Individual,2830062.6,2021-07-21
BYR-1068,Joseph,Weaver,ddavis@example.org,48959642160548,Investor,1708463.13,2022-03-28
BYR-1069,Richard,Moore,crystalriley@example.net,0018838276018,Individual,483180.6,2022-03-26
BYR-1070,Derrick,Ball,kimgibson@example.net,2487946601,Individual,210729.15,2019-09-07
BYR-1071,James,Tucker,melissa98@example.net,15908579303,Individual,1526536.06,2020-01-06
BYR-1072,Patricia,White,angelrose@example.net,9282775404,Individual,1368062.27,2021-01-28
BYR-1073,Richard,Washington,sandrawallace@example.org,8865759120,Individual,2252207.21,2021-06-13
BYR-1074,Kenneth,Carlson,stanley26@example.net,00193587150763714,Corporation,2614701.25,2019-12-08
BYR-1075,Erin,Mason,martinjames@example.net,6194783705196,Individual,2526974.51,2021-07-26
BYR-1076,David,Miller,hmoore@example.com,6369759041,Individual,1350225.75,2022-09-12
BYR-1077,Daniel,Mitchell,otaylor@example.com,124162032886284,Individual,1526536.06,2022-07-22
BYR-1078,Nicole,Contreras,andersonchristine@example.com,17203238175,Investor,911308.31,2021-05-20
BYR-1079,Nathan,Davis,fgilbert@example.com,607926117796640,Individual,1995463.06,2023-08-26
BYR-1080,Tracy,Evans,russell48@example.net,1395715716629999,Investor,2187855.97,2022-02-27
BYR-1081,Ronald,Lane,shane56@example.org,7673926148808,Investor,1406568.61,2022-05-24
BYR-1082,Zachary,Moore,ccamacho@example.org,3368121259,Corporation,1484279.23,2022-06-15
BYR-1083,Kim,West,melissa11@example.com,3882728095,Individual,1527932.34,2021-08-28
BYR-1084,Julie,Smith,evanskaren@example.net,0016115957713696,Individual,1526536.06,2021-01-12
BYR-1085,Jacob,Miller,jonesthomas@example.com,197734878421309,Individual,2658122.64,2024-02-15
BYR-1086,Melissa,Hopkins,camachojeffrey@example.com,49879162334418,Investor,2390703.78,2022-11-06
BYR-1087,Lauren,Bailey,robert31@example.org,9126336358,Individual,2932119.87,2022-11-24
BYR-1088,Sean,Jackson,invalid email,590589020170808,Investor,2519882.01,2020-02-10
BYR-1089,Heidi,Zuniga,wilsonlisa@example.org,41639109826821,Individual,2784943.75,2022-10-23
BYR-1090,Carlos,Adams,allenscott@example.net,6185800354,Individual,1526536.06,2022-12-29
BYR-1091,Shannon,Hester,robertward@example.net,18673048826,Investor,2743037.06,2021-07-09
BYR-1092,Jesse,Kline,vbennett@example.org,7632534481343,Investor,310113.75,2021-01-23
BYR-1093,Kathryn,Rodriguez,dmeza@example.com,7715286872,Corporation,468452.05,2021-10-12
BYR-1094,Mark,Richardson,kristen39@example.org,773209063580355,Individual,1526536.06,2021-10-05
BYR-1095,Richard,Mccoy,kgarcia@example.net,001912501160944963,Corporation,1118974.1,2019-04-20
BYR-1096,Karen,Crawford,ejohnson@example.org,2267345979,Individual,2125205.3,2020-01-03
BYR-1097,Melissa,King,diane94@example.org,73579719492777,Investor,1603862.08,2019-02-13
BYR-1098,Chad,Carlson,atkinsjames@example.org,125989853721518,Individual,2087901.14,2024-05-19
BYR-1099,Jose,Yang,phillipsdavid@example.com,8199980984,Investor,2791624.54,2023-06-28
BYR-1100,Ashley,Shaw,wisedaniel@example.net,001220323134024940,Trust,2678331.49,2020-10-06
BYR-1101,Jason,Wolfe,harperkristine@example.com,32192032798037,Individual,1526536.06,2023-03-06
BYR-1102,Joanne,Warner,alice56@example.org,3414983513,Individual,2281713.06,2020-09-26
BYR-1103,Felicia,Johnson,dixontonya@example.com,6798747571,Individual,1842943.68,2019-09-25
BYR-1104,Charles,Mccarthy,jennifer18@example.org,4285242350,Investor,2231507.08,2020-04-07
BYR-1105,David,Hopkins,xford@example.org,9556126376582,Individual,1783722.44,2019-07-29
BYR-1106,Brian,Beck,jason79@example.com,001636624794958081,Individual,1778520.25,2023-09-21
BYR-1107,Shannon,Vasquez,anthony80@example.net,647338709848358,Investor,865399.79,2022-03-28
BYR-1108,George,Galloway,brian81@example.net,154424472229648,Investor,1573199.77,2021-01-13
BYR-1109,Chris,Harris,marcguerrero@example.org,2274535082,Individual,563916.07,2019-10-24
BYR-1110,Cameron,French,carrkristina@example.com,125894564551038,Individual,1874272.56,2019-04-24
BYR-1111,Elizabeth,Pitts,martinthomas@example.com,0019488595676,Corporation,2309217.48,2022-04-03
BYR-1112,William,Cole,dylanking@example.com,12844469673,Investor,1083208.25,2023-05-22
BYR-1113,Brian,Beck,lopezmelissa@example.com,23472722355646,Investor,1103927.88,2020-07-06
BYR-1114,David,Hurley,luis76@example.com,8395275375154,Corporation,1484279.23,2020-08-23
BYR-1115,Jessica,Stephens,leesteven@example.net,9286800332,Individual,871313.14,2020-12-16
BYR-1116,Jessica,Anderson,smitharthur@example.net,4439516952,Individual,419241.06,2023-04-05
BYR-1117,Stephen,Lane,johnsonwilliam@example.net,17097932238306,Investor,1573199.77,2023-09-28
BYR-1118,Olivia,Sanchez,griffinlisa@example.net,56689030411226,Individual,2310415.49,2023-03-08
BYR-1119,Gabriel,Thompson,cpowell@example.org,19484762137,Trust,1621959.38,2021-02-21
BYR-1120,Thomas,Lozano,perkinshoward@example.com,4113327855,Individual,1685171.29,2021-10-01
BYR-1121,Derrick,Coleman,tracyhatfield@example.net,7685273458692,Investor,547178.39,2022-10-30
BYR-1122,David,Mcintosh,arnoldvicki@example.org,7776885410,Individual,1409110.56,2021-01-05
BYR-1123,Matthew,Jones,tstanley@example.org,4932178527,Corporation,1484279.23,2022-07-05
BYR-1124,Joseph,Smith,rtorres@example.com,78838098029320,Individual,1979872.49,2022-06-09
BYR-1125,Tracy,Jackson,jessicacrawford@example.org,6447880365,Investor,1573199.77,2022-06-23
BYR-1126,Kristen,Hardy,brockjohn@example.com,1905525788767602,Individual,2477528.28,2021-09-18
BYR-1127,Clarence,Mendez,raguirre@example.net,54732442035021,Investor,2714261.44,2020-12-31
BYR-1128,David,Green,shanegraves@example.net,9092302648,Individual,1526536.06,2022-01-04
BYR-1129,Cynthia,Lewis,billy21@example.com,4292114192,Investor,2569693.24,2019-01-13
BYR-1130,Amanda,Sullivan,icontreras@example.net,1723348907181916,Individual,1526536.06,2021-10-28
BYR-1131,Monica,Robinson,erikamahoney@example.net,54752478388687,Individual,1210339.02,2023-06-24
BYR-1132,Edgar,Baker,invalid email,6774768439802,Individual,1397760.69,2021-05-23
BYR-1133,William,Brown,timothysoto@example.com,26058560670091,Corporation,841010.08,2024-05-02
BYR-1134,Andrew,White,jimenezmanuel@example.net,207486329646382,Individual,1277192.67,2022-04-30
BYR-1135,Thomas,Myers,levinekayla@example.net,3655035301,Trust,349994.82,2021-05-27
BYR-1136,Vanessa,Miller,johngreene@example.net,5327405077,Individual,1340134.82,2023-08-05
BYR-1137,Rebekah,Rivera,christinewilliams@example.net,5716203700,Individual,1871460.89,2020-03-22
BYR-1138,Dennis,Spence,jamiebradshaw@example.com,9759483641,Individual,2065580.13,2023-05-20
BYR-1139,Heather,Allen,evan10@example.org,1236589047144727,Investor,1602607.03,2020-02-27
BYR-1140,Ian,Palmer,lisasmith@example.org,8112272589,Investor,1791121.99,2019-05-31
BYR-1141,Sarah,Ball,invalid email,13777357453,Investor,2475729.1,2023-06-22
BYR-1142,Larry,Diaz,strongrachel@example.com,1236610763373140,Individual,1478768.61,2020-02-18
BYR-1143,Adrian,Romero,miguel20@example.org,00199159089768242,Investor,185526.13,2019-12-22
BYR-1144,Oscar,Sexton,sherryharmon@example.org,3493331886,Individual,2521195.45,2019-11-30
BYR-1145,Elizabeth,Ray,chelseamartinez@example.net,1648255944402715,Individual,1526536.06,2023-10-12
BYR-1146,Cathy,Mcknight,lovedenise@example.com,5518923144,Individual,2967115.37,2021-07-24
BYR-1147,Melanie,Hobbs,erobinson@example.com,6277449719,Individual,1122734.56,2021-10-06
BYR-1148,Robert,Harmon,invalid email,0015873636266,Individual,986809.37,2022-11-18
BYR-1149,Michael,Powell,luke95@example.org,3516515360104,Investor,1525149.72,2022-04-04
BYR-1150,Alex,Morales,joshua50@example.com,9896659132,Investor,175775.38,2020-10-13
BYR-1151,Lindsey,Knox,margaretgonzalez@example.net,2908680264,Individual,1617737.56,2021-09-02
BYR-1152,Bradley,Winters,upeterson@example.org,56956198101682,Individual,1922242.5,2023-05-11
BYR-1153,Jonathan,Tucker,greengabriel@example.net,3317658153222,Individual,1972465.26,2023-03-28
BYR-1154,Jesse,Reed,jesse95@example.net,0014195452932614,Individual,2527292.95,2020-01-13
BYR-1155,Rick,Brewer,greerallen@example.net,2896097116,Individual,2160169.83,2020-08-02
BYR-1156,Charles,Adams,christopher01@example.net,00122091183166169,Individual,1526536.06,2022-04-07
BYR-1157,Tina,Johnson,ashleywebster@example.net,351416951228611,Investor,1573199.77,2024-06-09
BYR-1158,Melissa,Morgan,amber88@example.org,1302422006887495,Individual,443699.75,2024-06-29
BYR-1159,Sheryl,Hernandez,donna77@example.com,00163094785594047,Individual,2380861.16,2021-09-01
BYR-1160,Karla,Mitchell,hwilson@example.net,8347471184,Individual,1235588.36,2024-06-04
BYR-1161,Aaron,Aguirre,mannvictoria@example.net,818723666462286,Individual,2037826.41,2022-03-15
BYR-1162,Micheal,Walsh,theodore27@example.net,7909299040,Individual,2560004.39,2021-05-24
BYR-1163,Samantha,Clark,nathanielsmall@example.net,124295990813040,Investor,2414805.55,2019-08-20
BYR-1164,Stephen,Morales,nicholashayes@example.net,3686396315,Individual,167584.54,2019-03-24
BYR-1165,Anthony,Richardson,janicefernandez@example.com,00159323720053963,Individual,1950510.31,2022-12-28
BYR-1166,Richard,Young,elizabethmejia@example.com,472850066299453,Investor,1451330.45,2024-04-22
BYR-1167,Jacqueline,Carter,leefaulkner@example.org,3733278451,Individual,1921570.55,2019-02-25
BYR-1168,Jesus,Campbell,wigginstodd@example.net,0019405977270,Corporation,510492.73,2019-08-19
BYR-1169,Scott,Wang,xyates@example.net,6138252997,Trust,1620584.96,2022-12-27
BYR-1170,Andrea,Reyes,colinwinters@example.org,8117474826847,Individual,2410206.48,2019-06-06
BYR-1171,Matthew,Rivera,karensmith@example.net,18685130389314,Individual,575524.48,2020-05-24
BYR-1172,Craig,Deleon,briangamble@example.com,6917751124,Investor,2708819.17,2024-01-12
BYR-1173,Tiffany,Fuller,isparks@example.com,14044533612,Individual,1526536.06,2022-01-15
BYR-1174,Christopher,Anderson,kathryn41@example.com,001731221362979157,Individual,2979213.81,2020-08-22
BYR-1175,David,Palmer,johnmatthews@example.org,00127967814277663,Corporation,388920.45,2020-09-03
BYR-1176,Lucas,Horton,baileymary@example.net,3064799006732,Individual,411563.64,2022-06-07
BYR-1177,Donna,Yang,wolfjeffrey@example.org,4636595971,Corporation,1489930.01,2019-06-27
BYR-1178,Shannon,Mason,stephanie63@example.com,2964208639,Investor,2420968.24,2024-04-25
BYR-1179,Ruth,Nguyen,jamesamber@example.org,0019699747279520,Individual,1710178.15,2020-09-01
BYR-1180,James,Snyder,chelsea45@example.org,001741933094426879,Individual,1434945.3,2022-01-25
BYR-1181,David,Simmons,jordanjoseph@example.com,14142854137458,Investor,991055.02,2020-06-14
BYR-1182,Kimberly,Goodman,christopher22@example.com,154850182262433,Individual,2893861.62,2022-10-29
BYR-1183,Heidi,Edwards,loridavenport@example.com,64841732436871,Investor,777856.94,2023-11-10
BYR-1184,Jay,Richards,rodneymacdonald@example.net,0016913425645,Investor,1989785.04,2024-04-05
BYR-1185,Trevor,Melton,andrew22@example.com,7308026387,Corporation,2525725.46,2021-10-26
BYR-1186,Michael,Aguilar,wdaniels@example.com,8514101945,Individual,306870.51,2020-05-09
BYR-1187,Christopher,Clarke,james77@example.com,4947294294,Individual,2873295.52,2020-07-29
BYR-1188,Erik,Lynch,edwardsheather@example.org,4907153594472,Individual,2073182.66,2020-03-01
BYR-1189,Chad,Quinn,xgarcia@example.net,457727485767548,Individual,558036.68,2022-08-28
BYR-1190,Regina,Simmons,andersonsarah@example.net,8868760140,Corporation,2427007.9,2019-10-14
BYR-1191,Amanda,Taylor,invalid email,3503621502055,Investor,620945.31,2021-09-09
BYR-1192,Jody,Gonzalez,jacobskrystal@example.net,2824425449745,Individual,2174930.73,2022-07-04
BYR-1193,Jordan,Ballard,theresa60@example.com,5318247879,Individual,962957.32,2019-03-27
BYR-1194,Laura,Soto,vsmith@example.org,30259482501478,Corporation,2433112.86,2022-12-31
BYR-1195,Paula,Martin,harrywhitehead@example.org,18378057163569,Individual,204363.39,2023-09-11
BYR-1196,Randy,Greene,donald04@example.org,723793265365474,Investor,2403785.56,2023-01-28
BYR-1197,Samuel,Allen,invalid email,00121626422031280,Individual,1524664.72,2019-11-03
BYR-1198,Alexandra,Allen,ramirezheather@example.net,9776629179,Individual,592081.34,2020-11-05
BYR-1199,James,Perry,sochoa@example.org,38222017598475,Individual,1551811.83,2019-06-18
BYR-1200,Connie,Blanchard,ronald58@example.org,6015701423,Corporation,141390.25,2022-11-18
BYR-1201,Charles,Rose,wbrown@example.org,3478367762528,Corporation,109239.98,2019-05-18
BYR-1202,Dustin,Johnson,tdixon@example.org,28389970438594,Investor,384356.69,2022-04-06
BYR-1203,Kristina,Young,zacharyhill@example.net,9628519584,Investor,2896437.58,2024-01-24
BYR-1204,Patricia,Ortiz,smorris@example.com,0016139008560454,Investor,2930017.44,2023-02-02
BYR-1205,Stephanie,Mclean,virginiaperez@example.net,9115357967363,Individual,1137355.22,2019-02-01
BYR-1206,Candace,Austin,markcooper@example.net,12546460320443,Individual,839320.06,2021-06-11
BYR-1207,Jeremy,Brown,jessicaclarke@example.net,992220025822152,Corporation,1658610.2,2023-12-26
BYR-1208,Charles,Mills,kathleen86@example.com,4408147404,Individual,840363.12,2021-05-17
BYR-1209,David,Lewis,stantonfernando@example.com,8517038133,Individual,336132.65,2021-08-24
BYR-1210,Daniel,Davis,gerald56@example.net,8892911642,Investor,2081430.71,2019-01-05
BYR-1211,Kristen,Taylor,mercadodawn@example.com,499889708369604,Individual,671772.92,2019-11-26
BYR-1212,Maria,Fuentes,omay@example.net,179868747627742,Individual,1270864.34,2021-10-07
BYR-1213,Tonya,Sullivan,andreaharris@example.net,2272311787,Trust,1621959.38,2019-07-11
BYR-1214,Barbara,Martinez,dvillanueva@example.org,725714036489178,Individual,1526536.06,2024-01-23
BYR-1215,Sarah,Jensen,jeremy77@example.org,33155210012907,Investor,379616.72,2021-05-13
BYR-1216,Ashley,Jacobson,mckinneytodd@example.com,3189828246,Investor,1217150.99,2024-05-28
BYR-1217,Jimmy,Guzman,destiny09@example.com,91760299736926,Investor,889423.24,2019-02-13
BYR-1218,Amy,Larson,hwagner@example.org,172158503504528,Trust,1510314.32,2024-05-09
BYR-1219,Michael,Arnold,munozscott@example.org,664819021032536,Individual,1875342.18,2019-11-26
BYR-1220,Lisa,Santiago,jacksonerik@example.com,3877657417815,Individual,718120.29,2024-01-27
BYR-1221,Stephen,Zamora,wbutler@example.net,9898759864,Trust,1177310.83,2019-11-23
BYR-1222,Charles,Rhodes,burchtravis@example.com,832309636074387,Individual,1526536.06,2024-03-13
BYR-1223,Alexis,Ryan,william17@example.com,7818903297408,Corporation,1484279.23,2020-01-19
BYR-1224,Stephen,York,christopherboyd@example.org,7988811965894,Investor,1108189.58,2022-07-01
BYR-1225,Elizabeth,Dawson,sheilathomas@example.org,16914458868,Corporation,2520266.19,2019-12-02
BYR-1226,Pamela,Richards,georgekaufman@example.com,3136067013215,Investor,1203645.0,2021-04-04
BYR-1227,Lisa,Clark,invalid email,839830253216718,Investor,1718914.06,2023-06-12
BYR-1228,John,Knight,emily46@example.org,16783132709,Corporation,107861.07,2024-05-05
BYR-1229,Holly,Parsons,bonnie19@example.net,49185168887821,Individual,2879957.65,2021-07-17
BYR-1230,Christine,Holden,nelsonjerry@example.net,14533882096402,Individual,164575.29,2019-09-17
BYR-1231,Noah,Hines,pfrank@example.org,00160790780676701,Individual,441755.09,2020-10-07
BYR-1232,Dana,Madden,ujohnson@example.com,19303513430782,Individual,2764734.65,2024-06-01
BYR-1233,Julie,Young,rachelsanders@example.org,4069138334,Individual,2648445.32,2022-09-24
BYR-1234,Brian,Romero,doyletyler@example.com,254519232818151,Corporation,821265.01,2022-05-07
BYR-1235,Amy,Beard,vtran@example.net,814810150631942,Corporation,2871532.58,2020-09-20
BYR-1236,Lisa,Weiss,michael86@example.com,19453019799725,Individual,276875.37,2022-10-08
BYR-1237,Adam,Howell,qrandolph@example.com,895857163703927,Investor,1573199.77,2023-08-03
BYR-1238,Heather,Jenkins,nancyquinn@example.net,676444852246107,Investor,2456074.14,2022-05-30
BYR-1239,Lance,May,georgeford@example.net,6975078254958,Individual,232855.72,2021-01-19
BYR-1240,Michele,Reed,michaelcobb@example.org,8385586014,Individual,622535.71,2023-05-26
BYR-1241,Steven,Edwards,hawkinstimothy@example.net,31376431942909,Investor,2755545.57,2021-03-15
BYR-1242,David,Brown,justinwade@example.net,33721655244250,Individual,1526536.06,2022-09-05
BYR-1243,Andrew,Cooper,mporter@example.org,00161346495366001,Individual,1757878.92,2022-05-23
BYR-1244,Kayla,Harrington,ustanton@example.com,8609736095,Investor,764671.58,2023-08-18
BYR-1245,William,Wright,barbararodriguez@example.com,38933801554422,Individual,2577261.56,2023-05-19
BYR-1246,Amanda,Lawrence,lejason@example.net,001599318020162291,Investor,1573199.77,2022-04-12
BYR-1247,Glenn,Brown,aaronpineda@example.net,14656328653931,Individual,2481522.17,2023-01-29
BYR-1248,Christopher,Sims,angela89@example.net,18896933138,Corporation,215327.33,2023-07-31
BYR-1249,Jason,Green,stonedeborah@example.org,1949285571518713,Trust,677032.31,2021-09-19
BYR-1250,Lisa,Browning,mtanner@example.org,2279505336,Individual,2266382.51,2024-02-26
BYR-1251,Jason,Terry,mli@example.net,869896598085472,Investor,2058761.61,2021-03-01
BYR-1252,Shelia,Ramsey,lauren67@example.net,8226116916,Investor,2921544.66,2021-01-17
BYR-1253,Christopher,Porter,adriana84@example.org,0015379383220200,Corporation,2787609.14,2023-12-03
BYR-1254,William,Castillo,fulleramanda@example.net,58288073645114,Investor,969014.58,2021-11-25
BYR-1255,Shannon,Bennett,craig44@example.net,352920620477266,Trust,1388050.83,2022-06-30
BYR-1256,Zachary,Mitchell,amy57@example.com,3573578954,Individual,2585132.89,2020-09-26
BYR-1257,Crystal,Murray,lisa60@example.org,139356352235255,Trust,2225946.82,2023-02-04
BYR-1258,Stephanie,Stevens,invalid email,366545735845301,Investor,2109584.05,2019-09-13
BYR-1259,Robert,Hall,ortizbonnie@example.com,30746836668465,Individual,2178474.89,2022-11-06
BYR-1260,Lindsey,White,roysteven@example.net,4863289935,Investor,965017.58,2021-10-03
BYR-1261,David,Hunt,annagonzalez@example.net,001251871187436442,Individual,1421708.23,2022-06-05
BYR-1262,Holly,Galloway,bestrachel@example.net,47975708010596,Investor,1294765.74,2022-12-15
BYR-1263,Melissa,Johnson,scarney@example.com,2505544107,Individual,1741318.83,2023-10-08
BYR-1264,Michael,Carter,chrisvasquez@example.com,4583760486264,Investor,1138616.29,2019-12-15
BYR-1265,Daniel,Thomas,jennifer41@example.net,5308473460,Investor,1696523.95,2022-03-05
BYR-1266,Scott,Morris,debra53@example.com,8807027146,Individual,792840.36,2023-04-23
BYR-1267,Teresa,Cantrell,dennisanthony@example.org,21982442638017,Individual,2172163.14,2024-06-03
BYR-1268,Diane,Castaneda,ggibson@example.org,88790360621917,Individual,2889464.5,2020-05-18
BYR-1269,Martha,Mason,smithmeredith@example.org,1313844944162288,Investor,635194.11,2019-06-27
BYR-1270,Michael,Jordan,kenneth37@example.com,5454509642,Individual,1526536.06,2021-07-24
BYR-1271,Nicholas,Lucas,kevinvalentine@example.net,25865341524816,Investor,262740.81,2024-04-19
BYR-1272,David,Fox,walteranderson@example.net,31746053350822,Individual,278700.04,2024-06-18
BYR-1273,Justin,Macias,wendysanders@example.com,7423056706246,Individual,841863.3,2024-04-28
BYR-1274,Joseph,Tucker,nicoleroth@example.net,568267914863562,Investor,955935.54,2024-03-09
BYR-1275,Laura,Green,paularivera@example.net,4062274957,Individual,1379690.13,2024-02-17
BYR-1276,Gary,Ayala,davisjose@example.com,8132620828,Individual,919848.29,2020-12-04
BYR-1277,Matthew,Weber,kmoss@example.org,6772263482776,Individual,1526536.06,2020-08-20
BYR-1278,Joseph,Howell,jane57@example.org,26388483097578,Individual,2321622.18,2020-06-15
BYR-1279,Jamie,Miller,srose@example.com,839724291387411,Investor,2291209.8,2020-08-08
BYR-1280,Phillip,Dixon,buchananmatthew@example.net,9048913126,Investor,2826715.6,2021-09-13
BYR-1281,Kimberly,Walton,brandybell@example.com,7626036356,Investor,117552.22,2020-03-09
BYR-1282,Jennifer,Hernandez,susan05@example.org,0013604026512,Individual,2312773.1,2023-10-09
BYR-1283,Tiffany,Small,paynebobby@example.net,1519969881366522,Investor,1573199.77,2021-09-14
BYR-1284,Kendra,Duncan,dominiquewelch@example.com,4298711687,Investor,1471164.59,2022-05-25
BYR-1285,Linda,Hurst,michellethomas@example.com,26231727140168,Individual,872126.26,2022-03-25
BYR-1286,Donna,Gonzalez,aguirrejudy@example.com,67051671007095,Individual,1274843.37,2024-02-27
BYR-1287,Zachary,Mckinney,brenda41@example.org,0017277095787346,Individual,1104640.27,2019-06-15
BYR-1288,Larry,Parsons,lisa51@example.com,00147964389386465,Individual,2931689.66,2023-07-10
BYR-1289,Amanda,Brown,kimberly23@example.net,8212721839,Corporation,2022284.14,2024-06-22
BYR-1290,Caroline,Mcdonald,richardgonzalez@example.com,850600483505593,Individual,899289.1,2021-12-19
BYR-1291,Jennifer,Farmer,droach@example.org,12102958203062,Investor,1303091.37,2023-06-23
BYR-1292,Dawn,Peterson,kperez@example.org,8562298605,Investor,2406389.89,2023-01-03
BYR-1293,John,Pierce,colecatherine@example.com,7993169449,Corporation,2486734.24,2019-11-22
BYR-1294,Robert,Silva,huffmannathan@example.net,3889440619,Investor,2044832.35,2019-05-22
BYR-1295,Maria,Hunter,paularamirez@example.net,55560646486578,Individual,2876857.57,2021-06-07
BYR-1296,Ralph,Bailey,david71@example.org,73435002045961,Trust,523282.59,2024-01-30
BYR-1297,Melissa,Owens,jwilliams@example.net,324735172946722,Trust,1933388.37,2021-10-02
BYR-1298,Patricia,Gaines,colliersarah@example.com,755639064815966,Individual,578153.0,2021-06-04
BYR-1299,Robert,Shaw,qkim@example.org,8385409353,Investor,2266763.82,2022-11-20
BYR-1300,Sherri,Walter,dcole@example.net,75839546587308,Investor,2037290.75,2022-12-02
BYR-1301,Jeremy,Washington,scottdurham@example.com,128687156233474,Individual,652332.76,2020-08-31
BYR-1302,Christian,Lopez,josephbennett@example.com,6672120615,Individual,1348759.51,2020-03-12
BYR-1303,Brian,Morgan,kpope@example.net,4195878438,Investor,645233.01,2020-01-25
BYR-1304,Laura,Franco,wrightdeanna@example.com,0013749493713,Individual,1405501.6,2023-04-08
BYR-1305,Rhonda,Webster,kstevenson@example.com,5848523102,Individual,2230622.69,2020-06-16
BYR-1306,Steven,Estes,mezajason@example.org,4808940572188,Individual,1856294.74,2021-12-08
BYR-1307,Alejandro,Thomas,qtaylor@example.net,001775553495913669,Investor,2777808.53,2019-10-31
BYR-1308,Daniel,Hanson,flemingmarcus@example.net,001578827311201505,Corporation,317833.91,2022-11-09
BYR-1309,Thomas,Browning,xjohnson@example.org,6988016507,Investor,2220369.76,2023-11-24
BYR-1310,Denise,House,bensonshelly@example.net,5884296782009,Individual,2095022.29,2021-08-14
BYR-1311,Marc,Foley,xmorrison@example.net,14802585465649,Individual,1438318.7,2023-08-05
BYR-1312,Elizabeth,Tate,pamela75@example.org,17249237778554,Trust,465218.94,2022-08-31
BYR-1313,Ricky,Wright,vnelson@example.org,5888102428,Corporation,2201619.39,2020-12-14
BYR-1314,Nancy,Gonzalez,john46@example.org,6362377397570,Individual,1526536.06,2021-08-15
BYR-1315,Jamie,Morris,eblankenship@example.net,460601788976651,Investor,1247045.7,2019-03-31
BYR-1316,Erica,Grimes,katieodom@example.net,00192241371485281,Individual,2653587.25,2021-07-26
BYR-1317,Kathleen,White,stephanie08@example.org,7029548635,Trust,2020076.6,2019-02-03
BYR-1318,Rebecca,Boone,samanthaholt@example.com,74181664804897,Investor,1582898.97,2020-03-20
BYR-1319,Mary,Benjamin,jonesaaron@example.com,00132267336347371,Individual,336918.41,2020-02-18
BYR-1320,Luke,Hopkins,christinabates@example.com,9136783690,Investor,260447.78,2021-10-23
BYR-1321,Lee,Cole,lindajames@example.org,7639246341,Investor,1573199.77,2024-06-11
BYR-1322,Sierra,Diaz,bmarquez@example.net,6332067271,Individual,880309.06,2019-12-05
BYR-1323,Stacey,Murray,ronald84@example.org,17495455167,Investor,1667327.46,2023-03-18
BYR-1324,Emma,Shelton,larry92@example.net,145492865383818,Individual,1603105.34,2023-12-26
BYR-1325,Brianna,Scott,invalid email,7569176939880,Investor,2606542.27,2023-06-16
BYR-1326,Angela,Brown,craighuber@example.net,1536536902804845,Individual,408101.63,2022-01-30
BYR-1327,Lisa,Willis,usullivan@example.org,9498596039974,Individual,1184199.84,2023-03-07
BYR-1328,Barbara,White,johnstonrichard@example.com,2423720115361,Trust,2179711.84,2022-08-21
BYR-1329,Margaret,Johnson,emily62@example.net,577715491286567,Individual,1526536.06,2019-05-20
BYR-1330,Jacob,Miller,kwashington@example.com,9035934073,Investor,1713286.02,2019-02-05
BYR-1331,Emily,Romero,wandapeters@example.net,1452740624514806,Individual,2737919.54,2021-08-09
BYR-1332,Rebecca,Park,jessica62@example.net,7599390853,Individual,396185.15,2023-08-12
BYR-1333,Clifford,Phillips,knightkelly@example.com,53471713773251,Individual,836723.39,2021-10-14
BYR-1334,Matthew,Baxter,lindsey65@example.com,37953876250706,Investor,1573199.77,2020-10-06
BYR-1335,Marissa,Hayes,megan27@example.com,7908823723,Individual,1063294.84,2022-01-04
BYR-1336,Laura,Paul,jason36@example.org,0012422910669,Investor,1573199.77,2021-12-09
BYR-1337,Carla,Sanders,ochoamatthew@example.org,39086020947231,Investor,1573199.77,2019-04-12
BYR-1338,Dana,Hernandez,invalid email,181630991821294,Individual,1089794.7,2020-11-05
BYR-1339,Erika,Wiley,jwalker@example.org,9406505028587,Individual,409508.59,2021-07-17
BYR-1340,Adriana,Pruitt,kmiller@example.net,0014734402892303,Individual,2287174.61,2019-08-09
BYR-1341,Jennifer,Snyder,christopherwalton@example.net,00148774930655921,Trust,1621959.38,2023-07-09
BYR-1342,Darius,Fisher,alyssa21@example.net,001678243837176471,Investor,2288553.63,2023-11-02
BYR-1343,Mark,Reeves,cgarcia@example.org,941710052436754,Individual,1665005.53,2022-10-17
BYR-1344,Karen,Collier,wanderson@example.net,8117747002,Investor,1191870.38,2022-07-01
BYR-1345,Kristin,Peterson,bobbycunningham@example.net,3147773779,Corporation,1484279.23,2024-06-04
BYR-1346,Felicia,Castillo,robersonsamantha@example.org,3143795647079,Individual,371021.91,2021-06-10
BYR-1347,Rebecca,Mora,tonya59@example.net,4807663890,Corporation,666813.94,2022-09-26
BYR-1348,Adrian,Mays,lespinoza@example.org,147555528272566,Individual,2668520.71,2020-06-07
BYR-1349,Beth,Heath,invalid email,8323863027,Individual,504623.04,2020-12-09
BYR-1350,Jessica,Wilson,eric07@example.com,13065654253,Individual,1238625.48,2022-04-11
BYR-1351,Barry,Edwards,erin85@example.net,6417735876,Individual,1526536.06,2024-03-05
BYR-1352,Candice,Hodge,derrick91@example.com,95870939758530,Investor,982962.56,2024-05-28
BYR-1353,Andrew,Gonzalez,michael10@example.net,142878983727573,Individual,2583074.53,2024-02-27
BYR-1354,Frank,Cabrera,barbarafigueroa@example.net,151735504612310,Trust,1949168.91,2019-05-14
BYR-1355,Ashley,Rhodes,vazquezkenneth@example.org,0017303785501043,Individual,2541122.85,2023-10-05
BYR-1356,Wesley,Costa,johnconner@example.org,0014527508366,Individual,2372231.69,2023-02-28
BYR-1357,Jennifer,Holder,oscarmorris@example.net,5186786578,Individual,1526536.06,2023-08-11
BYR-1358,Olivia,Mitchell,gatesjanet@example.net,4525230071,Investor,1042026.64,2023-07-13
BYR-1359,Nicole,Moss,newmanmadeline@example.net,46838859569047,Trust,333951.67,2023-05-02
BYR-1360,Diana,Stewart,watersjennifer@example.net,3084454354,Individual,2944972.88,2023-08-27
BYR-1361,Amy,Fleming,quinnthomas@example.com,694311605061991,Individual,2197273.6,2021-06-25
BYR-1362,Robin,Scott,ehart@example.net,19618443017,Individual,1271842.06,2020-05-07
BYR-1363,David,Adkins,jwalker@example.org,0019292930123,Trust,1621959.38,2019-12-07
BYR-1364,Joseph,Pope,invalid email,18746539616113,Investor,162287.56,2021-04-01
BYR-1365,Daniel,Alvarado,williamswilliam@example.org,2993997247,Trust,449704.51,2020-02-05
BYR-1366,Dave,Miller,ithompson@example.org,615911130383030,Trust,1522926.76,2019-12-04
BYR-1367,James,Garcia,zbrandt@example.net,9167448212,Corporation,503957.57,2021-02-03
BYR-1368,Kristin,Garcia,underwoodkaren@example.net,545937003722755,Investor,1966753.62,2023-12-06
BYR-1369,Tammy,Turner,taylorjoseph@example.org,0015418822213060,Investor,1488609.7,2020-09-16
BYR-1370,Evan,Davis,coryclayton@example.net,0014002014180537,Individual,2577376.21,2023-11-09
BYR-1371,Nathan,Bennett,iwilson@example.org,2538301528,Corporation,318641.45,2019-01-23
BYR-1372,Theodore,Weaver,tyronediaz@example.com,0016024335338387,Investor,1608000.29,2020-03-20
BYR-1373,Chad,Lee,qfuentes@example.net,1965887485746257,Investor,1882241.67,2023-07-13
BYR-1374,Sandy,Tyler,stricklandbrandon@example.net,19975883034,Individual,1526536.06,2019-03-06
BYR-1375,Billy,Davis,craiggoodwin@example.com,5772291632,Individual,2345789.55,2021-08-12
BYR-1376,Brian,Smith,huffmanann@example.net,8782125287,Individual,2836260.22,2022-11-04
BYR-1377,Stacy,Ramirez,ltaylor@example.org,5938338265,Investor,1573199.77,2023-08-03
BYR-1378,James,Moore,uwalker@example.org,13756237666,Trust,2752217.52,2021-04-13
BYR-1379,Stephanie,Bean,invalid email,8266708140,Individual,169564.39,2019-09-06
BYR-1380,Christopher,Thomas,smallsharon@example.com,9574840810,Individual,2607935.84,2021-12-14
BYR-1381,Erin,Farrell,ajohnson@example.net,888478252418523,Individual,1364716.53,2023-05-05
BYR-1382,Joel,Zimmerman,ambermoody@example.org,2686537919,Trust,1737826.45,2022-01-03
BYR-1383,Rodney,Shaw,joshuadelgado@example.net,530435509574855,Individual,2583423.82,2022-09-09
BYR-1384,Anthony,Wolfe,sanchezcharles@example.com,82852831047693,Investor,1573199.77,2021-09-16
BYR-1385,Whitney,Carlson,hartangela@example.net,2167565988,Investor,1683966.56,2024-06-21
BYR-1386,Joseph,George,davisangela@example.org,0016213605179817,Investor,2049453.19,2023-12-11
BYR-1387,Jacob,Russell,jesse14@example.com,37750803345941,Investor,2819038.52,2021-05-08
BYR-1388,Kevin,Boone,oneillgregory@example.com,328568509555714,Individual,2276362.94,2019-07-05
BYR-1389,Katie,Palmer,michaelgross@example.net,8068583475,Individual,1483135.46,2022-09-12
BYR-1390,Tina,Miller,tyler17@example.org,2364029925404,Individual,414909.96,2022-07-03
BYR-1391,Anthony,Melton,daniel96@example.org,5444839701,Individual,2932594.75,2020-07-02
BYR-1392,Natalie,White,qcameron@example.net,1233742060120902,Investor,2835421.51,2021-07-01
BYR-1393,Lydia,Shelton,reneemitchell@example.net,12148641221,Investor,1573199.77,2019-01-15
BYR-1394,Jeremy,Ortiz,invalid email,1637754259931708,Individual,274416.99,2019-09-01
BYR-1395,Colin,Flores,mitchellkyle@example.com,14387536062662,Investor,950558.18,2023-07-23
BYR-1396,Anna,Avila,rodriguezdavid@example.net,3256454996,Individual,340161.18,2020-01-31
BYR-1397,Natalie,Barry,craig30@example.org,7372692944,Individual,2234629.48,2021-01-03
BYR-1398,Richard,Berry,invalid email,987299722423939,Individual,2020767.87,2021-01-10
BYR-1399,George,Williams,kimberlysingleton@example.net,0018513407888,Individual,209489.0,2023-02-12
BYR-1400,Jessica,Moyer,boydapril@example.com,572839044279721,Investor,888555.06,2019-08-27
BYR-1401,Stephen,Allen,gmartinez@example.com,14253761058,Individual,275519.96,2020-05-05
BYR-1402,James,Ferrell,lauren41@example.org,0018443887288,Individual,1526536.06,2020-09-18
BYR-1403,David,Norman,reesemichael@example.org,8713148451,Individual,759235.36,2020-04-02
BYR-1404,Nicole,Trujillo,brandon15@example.org,0013114713300,Individual,292509.64,2021-11-11
BYR-1405,Carrie,Glover,brendavaldez@example.org,14809173493,Investor,937724.79,2020-07-26
BYR-1406,Tanya,Holmes,timcruz@example.com,0015228429525906,Individual,2365902.15,2022-07-29
BYR-1407,Matthew,Jenkins,vwashington@example.org,6093226691,Individual,2924606.35,2021-10-28
BYR-1408,Candice,Mclaughlin,dwilson@example.com,692476834884990,Investor,1148972.86,2022-12-04
BYR-1409,Donald,Baker,conradjack@example.net,0012477552066,Individual,1526536.06,2021-05-22
BYR-1410,Mark,Brown,amandawang@example.org,7394582484,Investor,1573618.62,2021-09-09
BYR-1411,Lucas,Foster,kthomas@example.com,14623618665,Individual,1526536.06,2021-04-02
BYR-1412,Andrew,Smith,kristin17@example.com,9007473295138,Investor,2155969.17,2020-12-20
BYR-1413,Riley,Cox,martinezelijah@example.net,5872338068,Individual,1163631.96,2020-03-23
BYR-1414,Daniel,Medina,pphillips@example.org,8533759293940,Individual,1382856.5,2019-05-05
BYR-1415,Kimberly,Moss,cynthiawolfe@example.net,8089629759,Individual,302750.64,2023-02-03
BYR-1416,Brian,Paul,invalid email,00166738949049406,Individual,2600408.78,2020-11-07
BYR-1417,Gregory,Weber,invalid email,00165378780792131,Investor,2055453.33,2020-05-18
BYR-1418,Tyler,Miller,solomongreg@example.com,12277556467,Individual,696936.83,2024-02-27
BYR-1419,Matthew,Gardner,anthony50@example.org,7365557837,Investor,2002132.83,2020-03-12
BYR-1420,David,Castaneda,hayescorey@example.net,812852087510272,Individual,1526536.06,2022-04-23
BYR-1421,Chad,Duncan,ericandersen@example.net,001631308720118315,Individual,798129.26,2020-04-11
BYR-1422,Harold,Perry,paige32@example.net,646498993420888,Investor,2154375.88,2024-01-25
BYR-1423,Adam,Chang,nhudson@example.net,99665391449510,Investor,1589738.63,2021-11-29
BYR-1424,Harold,Davila,zbeasley@example.com,97149146512038,Investor,1997420.39,2022-08-08
BYR-1425,Kimberly,Brennan,vpeterson@example.net,71848616166282,Individual,1622880.9,2021-09-14
BYR-1426,Barry,Stevens,youngchristine@example.com,6545887448165,Trust,2983368.34,2023-02-03
BYR-1427,Derek,Schultz,currycynthia@example.net,0018685402738,Individual,1526536.06,2022-03-23
BYR-1428,Kathleen,Jones,audrey12@example.com,817299487493575,Individual,2302234.7,2022-05-28
BYR-1429,Michael,Richmond,clarkekathleen@example.org,0019957127923,Investor,1573199.77,2021-01-14
BYR-1430,Brian,Wood,kevin14@example.org,2359427645,Individual,905013.15,2022-11-16
BYR-1431,Katherine,Rodriguez,flemingvanessa@example.org,8586726655,Individual,220772.65,2020-09-13
BYR-1432,Andrea,Shaffer,eric92@example.net,0012527003817,Corporation,1803521.93,2022-09-01
BYR-1433,Brooke,Mclean,huangcolton@example.net,6787549926,Individual,2452614.28,2020-01-03
BYR-1434,Dustin,Sharp,matthewcruz@example.org,72581061041250,Individual,265797.7,2022-04-23
BYR-1435,Anthony,Cooke,katelynsantana@example.com,494831003025502,Investor,1884076.03,2019-12-26
BYR-1436,Heather,Baker,spencer58@example.org,2589707290,Individual,349931.75,2023-01-20
BYR-1437,Breanna,Leonard,michaelwinters@example.org,18154049591309,Corporation,202235.13,2019-08-12
BYR-1438,Mary,Guzman,kevinsantana@example.net,84921357294962,Individual,710237.44,2020-04-22
BYR-1439,Jessica,Galloway,olsenlacey@example.com,4323764256624,Investor,1573199.77,2023-12-24
BYR-1440,Richard,Hamilton,richardstracy@example.net,7963381948606,Trust,1412377.09,2019-05-24
BYR-1441,Garrett,King,qrivera@example.net,0013854200859,Corporation,266712.23,2019-04-09
BYR-1442,Madeline,Williams,invalid email,7952159274,Individual,1526536.06,2020-07-02
BYR-1443,Nicole,Nunez,bryce73@example.net,0012133291135907,Individual,629027.66,2020-01-24
BYR-1444,Alexandra,Russell,boydjeremy@example.net,5864812499,Investor,1573199.77,2019-12-06
BYR-1445,Roberto,Taylor,lisataylor@example.net,515699956702482,Individual,1470213.44,2024-04-20
BYR-1446,Norman,Lawson,joneslauren@example.com,6028881583,Individual,704160.12,2023-09-15
BYR-1447,Matthew,Wells,yvettesmith@example.com,147747515084855,Individual,717942.8,2022-02-01
BYR-1448,Debbie,Hamilton,daniel40@example.net,79288393733459,Investor,2479266.91,2022-07-28
BYR-1449,Shane,Gordon,belindarichardson@example.org,9337771062,Individual,2062394.01,2023-01-18
BYR-1450,Phyllis,Peterson,jamesmary@example.org,9777883967,Individual,2895606.48,2023-08-14
BYR-1451,Christine,Chan,harry00@example.net,9402491904916,Individual,1621224.59,2021-04-25
BYR-1452,Michael,Tran,patrick92@example.net,0013042360455,Individual,1526536.06,2020-03-18
BYR-1453,Tammy,Roberts,athomas@example.org,8122960132467,Investor,690227.31,2022-08-19
BYR-1454,Richard,Bradley,mariah99@example.net,5847064021374,Individual,2795627.69,2024-02-12
BYR-1455,Martin,Davila,suttondaniel@example.com,0012676128161,Investor,946314.27,2024-01-14
BYR-1456,Robert,Craig,padillacarrie@example.net,6346915166,Individual,1275075.25,2021-01-29
BYR-1457,Kendra,Jackson,shawnhogan@example.net,126839229306822,Trust,1085033.67,2020-06-06
BYR-1458,Kelly,Spencer,kevinrobinson@example.com,9753147607,Individual,899654.22,2023-11-09
BYR-1459,Amy,Martinez,fostergary@example.net,18268704077,Individual,651170.77,2022-11-04
BYR-1460,Shelley,Davenport,lblankenship@example.net,00169355225910067,Individual,580644.45,2023-10-19
BYR-1461,Martha,Mclaughlin,mcdanielstephanie@example.com,982704052982616,Individual,1526536.06,2019-02-02
BYR-1462,Christina,Smith,hannahle@example.net,1568433347609656,Individual,2571558.71,2022-10-17
BYR-1463,James,Wallace,helliott@example.com,00120199164409383,Trust,2068970.78,2022-05-15
BYR-1464,Patrick,Smith,jaime96@example.net,17528134798867,Individual,1919423.1,2020-07-11
BYR-1465,Walter,Frederick,amberbrown@example.com,6147794599,Investor,1573199.77,2019-09-09
BYR-1466,Brandon,Butler,michelle85@example.org,60465013389790,Corporation,2446249.55,2021-12-14
BYR-1467,Manuel,Bradley,breynolds@example.com,5358335430,Individual,556353.21,2020-11-13
BYR-1468,Pamela,Humphrey,christina83@example.com,282563607137326,Individual,566659.74,2021-02-04
BYR-1469,Emily,Garcia,ehickman@example.com,0018218283190637,Investor,380347.05,2021-03-12
BYR-1470,Charles,Wilkerson,daveedwards@example.org,6185421177,Individual,281196.69,2020-02-18
BYR-1471,Steven,Diaz,larrylogan@example.net,14577290308,Individual,1102507.33,2021-10-29
BYR-1472,Jesse,Case,martinezzachary@example.net,5602231594,Individual,472599.26,2021-11-20
BYR-1473,Brittany,Garcia,tamara96@example.net,1535379129235852,Individual,1384816.38,2022-12-18
BYR-1474,Kelsey,Cox,djohnson@example.org,6973049540,Corporation,394462.39,2019-06-17
BYR-1475,Andrew,Krause,joseph24@example.com,1522236959481712,Individual,1526536.06,2021-07-08
BYR-1476,Paul,Brown,barkerlindsey@example.net,19685500260663,Individual,2350979.03,2023-04-12
BYR-1477,Randy,Reyes,gbryant@example.com,12225864790562,Individual,2445263.0,2019-10-07
BYR-1478,Robert,Aguilar,aturner@example.com,6468341463,Individual,2426066.67,2020-03-30
BYR-1479,Lisa,Owens,thomas01@example.net,72229744240970,Individual,1811358.26,2023-01-31
BYR-1480,Evan,Moore,deleonjacob@example.org,14852904643,Individual,321648.46,2023-09-10
BYR-1481,Tammy,Craig,sarahclark@example.net,14966667229,Individual,1539750.89,2021-11-21
BYR-1482,Lauren,Watkins,melissapeters@example.net,7913087211398,Corporation,1708141.64,2023-09-17
BYR-1483,Logan,Conner,swilliams@example.net,0013984501199,Corporation,2900829.55,2019-06-26
BYR-1484,Nicole,Cannon,bgutierrez@example.org,001261519342756990,Individual,1526536.06,2022-03-17
BYR-1485,Gabriel,Campbell,fowlershawn@example.org,2575780305,Investor,1573199.77,2021-11-26
BYR-1486,Gabriel,Conley,melissawoodward@example.net,0018629503808511,Individual,1244045.3,2019-04-18
BYR-1487,Pamela,Holt,jamestyler@example.org,0017136289494363,Investor,1127168.46,2023-03-14
BYR-1488,David,Curtis,sylvia18@example.org,18142384740,Individual,2945170.59,2019-03-28
BYR-1489,Cory,Berry,zjenkins@example.org,14369474621,Investor,720989.78,2023-09-24
BYR-1490,Dale,Wheeler,angel91@example.org,51546134325880,Individual,2105031.88,2020-03-18
BYR-1491,Jeffrey,Sellers,butlerisaac@example.org,7188928111,Individual,2430278.49,2020-04-09
BYR-1492,Travis,Anthony,omichael@example.org,0019924579972,Individual,1526536.06,2023-12-15
BYR-1493,Raymond,Perez,invalid email,00152159538089204,Investor,661181.94,2020-07-29
BYR-1494,William,Anderson,victor98@example.net,9412396439771,Corporation,1133088.6,2023-10-31
BYR-1495,Antonio,Beard,richardskevin@example.com,3508381251,Individual,697088.99,2022-04-01
BYR-1496,Kristopher,Parker,invalid email,596718934981845,Trust,2571466.88,2020-07-22
BYR-1497,Donald,Gray,kellytodd@example.com,8185191047,Individual,268939.07,2022-08-01
BYR-1498,Elizabeth,Rice,geoffrey61@example.net,00167785246746740,Corporation,2356998.39,2023-06-23
BYR-1499,Lee,Hicks,enelson@example.com,200726596849010,Investor,392681.17,2019-10-22
BYR-1500,Michael,Martinez,daniellerose@example.com,5639852619,Individual,1939095.91,2020-06-02
BYR-1501,Melinda,Vega,littleronald@example.com,001519250081154285,Individual,2789944.11,2021-10-17
BYR-1502,Daisy,Flores,invalid email,35960567168504,Investor,2930785.14,2020-08-29
BYR-1503,Ashley,Fox,rmiller@example.com,61693952940554,Individual,1630046.98,2021-07-17
BYR-1504,Nicole,Williams,simspatricia@example.org,2978526523,Individual,1353650.52,2020-10-29
BYR-1505,Mark,Clark,bernardmargaret@example.org,5966838761,Individual,363636.02,2020-11-23
BYR-1506,Jamie,Clark,ysantiago@example.org,3905667998317,Investor,1206498.73,2021-08-18
BYR-1507,Matthew,Parker,foxjane@example.net,45595346447323,Investor,502228.64,2021-06-11
BYR-1508,Eric,Jackson,andrea95@example.org,001318526377573991,Individual,1928615.87,2020-08-04
BYR-1509,James,Carr,dustinmitchell@example.com,3019256000,Investor,1053702.41,2020-01-09
BYR-1510,Gregory,Buchanan,duranmarilyn@example.net,27957227658521,Individual,1526536.06,2022-12-03
BYR-1511,Francis,Hill,zcastro@example.org,39489676189930,Individual,949111.47,2023-10-22
BYR-1512,Jesus,Foster,ebrooks@example.net,54287806358898,Individual,1567581.58,2020-02-03
BYR-1513,David,Floyd,nschroeder@example.com,6668282894934,Investor,2563809.22,2021-04-02
BYR-1514,Erin,Henry,swansonpaul@example.org,29440966801128,Corporation,1912799.72,2024-01-24
BYR-1515,Bernard,Martinez,wrightjennifer@example.net,87228328453439,Trust,1621959.38,2023-07-15
BYR-1516,Jon,Hughes,xedwards@example.net,137989227659983,Individual,1526536.06,2024-04-16
BYR-1517,Carlos,Riley,sullivanmark@example.net,0019955195988,Individual,1061563.78,2023-08-31
BYR-1518,Patricia,Sandoval,matthew95@example.com,6557288590,Individual,1526536.06,2024-03-08
BYR-1519,Justin,Reid,xporter@example.net,358301838666459,Investor,1395596.44,2019-11-03
BYR-1520,Allison,Wells,thompsontimothy@example.org,2713640809037,Individual,1526536.06,2019-09-27
BYR-1521,Natalie,Garcia,sheri49@example.org,5546258220,Individual,2040237.82,2020-02-14
BYR-1522,Robert,Garcia,shawnwilliams@example.org,555215276373692,Individual,2871533.79,2020-04-14
BYR-1523,James,Greer,kimberly94@example.com,00182390999496014,Individual,1456525.31,2022-12-09
BYR-1524,Tiffany,Esparza,bkeller@example.org,001269853790507075,Corporation,1073554.18,2020-09-18
BYR-1525,Kayla,Maldonado,bakerkim@example.org,7004303614,Individual,512981.86,2022-05-04
BYR-1526,Jasmine,Duffy,lauraanderson@example.net,1422647871021390,Individual,578473.17,2019-01-21
BYR-1527,Kayla,Davenport,invalid email,756241184656857,Individual,1526536.06,2021-10-31
BYR-1528,Joshua,Williams,catherine39@example.com,6503711186,Investor,2895451.55,2024-06-05
BYR-1529,Anthony,Hill,nicole90@example.net,0016869334029,Individual,1727305.16,2019-09-04
BYR-1530,Juan,Johns,sheilawilliams@example.com,867275076766369,Investor,2133392.59,2022-02-20
BYR-1531,Deanna,Rodgers,michael11@example.org,0015256861501535,Individual,1771704.87,2020-08-02
BYR-1532,Gregory,Lester,aaron61@example.org,0019168806018146,Investor,1374774.85,2021-09-17
BYR-1533,Ronald,Edwards,jennifer21@example.org,4217260083,Individual,1277855.0,2023-11-03
BYR-1534,Jon,Levy,mjimenez@example.com,369531355097971,Investor,1446861.53,2022-04-03
BYR-1535,Jon,Neal,gpowers@example.net,49597790678193,Individual,961647.6,2023-05-23
BYR-1536,Linda,Higgins,mrojas@example.org,7219830716,Individual,2922139.99,2022-08-30
BYR-1537,Clinton,Brown,armstrongkaren@example.org,482601483171760,Corporation,1326745.28,2020-04-12
BYR-1538,Sara,Wallace,invalid email,5254415720,Individual,1287609.59,2022-07-09
BYR-1539,Gregory,Taylor,donald70@example.net,6475238051086,Individual,2810458.96,2020-10-11
BYR-1540,Dawn,Cole,sherry75@example.net,2393817131,Investor,1158184.07,2023-08-11
BYR-1541,Kelsey,Porter,abigail36@example.org,8455828442886,Individual,1526536.06,2020-06-17
BYR-1542,Stephanie,Clark,butlerlisa@example.org,5232516193542,Investor,1573199.77,2022-02-27
BYR-1543,Sandra,Juarez,taramendoza@example.net,166357672083024,Individual,2452339.16,2023-07-29
BYR-1544,Mike,Morales,yreed@example.net,17175358055,Individual,1797545.26,2021-10-27
BYR-1545,Natalie,King,dakota29@example.net,3604435208,Investor,2844899.1,2023-03-06
BYR-1546,Karen,Parker,blee@example.net,0014996617061464,Corporation,2620168.96,2022-02-01
BYR-1547,Jessica,Glenn,cody37@example.com,86928497904447,Corporation,1396700.51,2020-06-23
BYR-1548,Cody,Page,zdawson@example.com,0015849198114,Individual,360834.32,2020-06-25
BYR-1549,Victoria,Wall,vmccarthy@example.com,0019885781600781,Individual,2463729.96,2020-05-31
BYR-1550,Courtney,Rodriguez,johnhunt@example.net,0012735068094,Individual,1700278.05,2020-05-30
BYR-1551,Bradley,Fowler,sergiomiller@example.com,751424963557139,Individual,2951824.6,2022-02-28
BYR-1552,David,Hampton,averymary@example.com,7897680019,Individual,1076851.48,2022-06-05
BYR-1553,Stephanie,James,jesse71@example.org,5544431121,Investor,1426003.03,2023-09-29
BYR-1554,Sharon,Young,bryan94@example.net,6783318698,Individual,1261695.11,2020-07-30
BYR-1555,Louis,Francis,brookesmith@example.org,76264627394003,Individual,2616485.85,2021-12-25
BYR-1556,Nicholas,Robinson,theresa23@example.net,84393033743086,Individual,1781835.68,2019-06-08
BYR-1557,Theresa,Park,andrew07@example.com,25445114142336,Individual,2483404.03,2023-12-21
BYR-1558,Charles,Romero,jennifer93@example.net,1238909634209884,Investor,1573199.77,2021-02-19
BYR-1559,Mike,Schwartz,lgross@example.net,9815701994,Individual,1060982.94,2020-09-15
BYR-1560,Jennifer,Contreras,fernandezangela@example.org,16657056454921,Individual,2923086.18,2023-03-24
BYR-1561,Stephanie,Mayer,william83@example.org,81925888504274,Investor,1573199.77,2020-04-23
BYR-1562,Brianna,Jackson,jessicapena@example.org,3274328812615,Individual,2574665.88,2022-04-14
BYR-1563,Daniel,Farley,invalid email,0015749982198,Individual,1852384.47,2022-06-26
BYR-1564,Tracy,Rogers,invalid email,0012359016771,Individual,1526536.06,2023-06-05
BYR-1565,Nicholas,Smith,wkramer@example.com,27774758230515,Individual,349198.07,2020-01-16
BYR-1566,Taylor,Swanson,ldoyle@example.com,4544121300,Individual,182542.36,2023-03-13
BYR-1567,Anthony,Morgan,gonzalezcarl@example.com,2004072745,Corporation,1363350.28,2020-12-19
BYR-1568,Patricia,Vaughn,gpowers@example.com,3715005676,Investor,2884544.71,2019-04-08
BYR-1569,Patrick,Hernandez,yjohnson@example.com,00142823159080911,Investor,161033.29,2021-11-24
BYR-1570,Christopher,Hamilton,hgraves@example.org,9094742496699,Investor,2457196.57,2020-05-25
BYR-1571,Chase,Manning,samanthadavis@example.org,490908228195941,Trust,1621959.38,2020-12-06
BYR-1572,Mark,Nguyen,tinalittle@example.com,875940799741113,Corporation,1249400.38,2020-04-02
BYR-1573,Tanya,Decker,qfarrell@example.net,17698081523328,Investor,1483994.62,2020-07-23
BYR-1574,Tamara,Roberts,jessica76@example.net,8635264159700,Individual,788034.59,2020-01-22
BYR-1575,Lisa,Cole,sean39@example.org,8169335981282,Individual,295993.18,2019-12-05
BYR-1576,Melissa,Washington,tranbrett@example.org,2026223583562,Individual,955819.14,2020-05-14
BYR-1577,Eric,Ritter,cranebrooke@example.net,9658499807,Individual,1501378.96,2022-01-10
BYR-1578,Matthew,Barajas,martinlogan@example.net,9347137738,Individual,259301.36,2020-11-27
BYR-1579,Eric,Wang,zmccormick@example.org,0016199583731,Individual,1526536.06,2021-05-03
BYR-1580,Haley,Moody,jonesamber@example.com,001462266972333639,Individual,2201630.38,2019-07-22
BYR-1581,Jared,Rios,lburns@example.com,2629542815,Individual,1614706.97,2020-05-04
BYR-1582,Jon,Garcia,invalid email,27060395325274,Trust,2036061.17,2019-08-17
BYR-1583,Heather,Farmer,qmiller@example.net,73393666855611,Investor,1241092.82,2020-11-29
BYR-1584,Tyler,Foster,katie33@example.com,80992812968575,Individual,2884048.34,2020-10-07
BYR-1585,Michael,Brooks,invalid email,60197036731080,Individual,1705991.51,2022-06-15
BYR-1586,Sarah,Washington,ethanmccormick@example.org,6462134212810,Corporation,362417.56,2021-06-08
BYR-1587,Kevin,Douglas,invalid email,48377725672492,Individual,1921872.13,2024-01-10
BYR-1588,Judith,Bailey,caldwelljasmine@example.org,75621204768664,Investor,1496569.27,2021-08-06
BYR-1589,Heather,Rodriguez,ymcdonald@example.net,64084993289262,Trust,2380660.2,2019-01-16
BYR-1590,Alexander,Pearson,sarahrobinson@example.com,4098915028,Investor,2680779.51,2023-03-09
BYR-1591,Kimberly,Butler,masonjoshua@example.com,9483256499,Individual,2720878.45,2021-04-09
BYR-1592,Andrew,Fuller,john06@example.org,1385829239985291,Investor,874762.18,2023-10-08
BYR-1593,Randall,Dillon,reneemartinez@example.com,0016914412968083,Corporation,1484279.23,2021-06-20
BYR-1594,Joshua,Mccall,christian11@example.com,2489332020477,Individual,1378562.1,2023-07-24
BYR-1595,Laura,Miller,nvasquez@example.org,5984537798,Individual,312569.61,2020-03-31
BYR-1596,Cameron,Stevens,bsmith@example.org,1718684798052922,Corporation,2895887.96,2019-09-18
BYR-1597,Ashley,Freeman,danagonzalez@example.com,423493245366387,Individual,2574498.21,2022-08-15
BYR-1598,Mary,Wilson,brian98@example.org,6757833184,Individual,1526536.06,2023-07-07
BYR-1599,Ryan,Roberts,uwilliams@example.net,2958225387,Trust,847259.92,2020-04-04
BYR-1600,Robin,Bass,morrisonlisa@example.org,001280589575670227,Individual,973230.1,2020-09-18
BYR-1601,Laura,Bowen,brittany43@example.com,134640789354258,Individual,1349887.42,2022-08-14
BYR-1602,Bradley,Boyd,lewiscaroline@example.org,8608870985019,Individual,2588910.44,2023-10-11
BYR-1603,Kenneth,Allen,janet08@example.net,13082310510151,Trust,1018217.98,2023-08-29
BYR-1604,Philip,Lindsey,avilalori@example.org,319776604919132,Individual,2983870.76,2020-02-24
BYR-1605,Kara,Love,dawn54@example.org,6554731221,Trust,2099195.61,2024-01-02
BYR-1606,Victoria,Velasquez,rachel14@example.net,7889180297,Individual,584644.59,2021-06-20
BYR-1607,Justin,Charles,kimberlycox@example.net,6014756476,Individual,226429.85,2019-03-17
BYR-1608,Leslie,Andrade,vdavis@example.com,301705867058094,Investor,2825474.1,2019-02-10
BYR-1609,Richard,Jimenez,castronicholas@example.org,87366901453591,Investor,172919.67,2020-11-07
BYR-1610,Joe,Jackson,hudsoncrystal@example.com,4085562924,Investor,1573199.77,2021-09-08
BYR-1611,Roger,Ryan,vrodriguez@example.org,4346301201,Investor,1419624.67,2023-02-20
BYR-1612,Kristen,Smith,gonzalesivan@example.net,7925092527424,Trust,194984.11,2020-09-03
BYR-1613,Jason,Hernandez,cortezcameron@example.com,001446477433775614,Individual,2042587.99,2022-02-23
BYR-1614,Jennifer,Goodman,crystaljohnson@example.org,96862909160739,Individual,1526536.06,2022-08-09
BYR-1615,William,Gonzales,lthomas@example.org,15829403073,Individual,2248215.0,2023-11-26
BYR-1616,Sharon,Allen,dunlapriley@example.com,421305816870707,Individual,1825044.84,2024-06-25
BYR-1617,Michelle,Wolf,markhaynes@example.org,001668448778634018,Investor,642120.89,2023-08-06
BYR-1618,Heather,Thomas,mary23@example.org,19853437601140,Investor,1573199.77,2020-03-10
BYR-1619,David,Garcia,michelledunlap@example.com,8584241408808,Investor,2501283.16,2019-07-07
BYR-1620,Scott,Snyder,miranda93@example.net,0016306615311247,Individual,1104821.58,2019-12-07
BYR-1621,Jeffrey,Young,simsglenn@example.org,1942918514441914,Individual,2492363.1,2023-01-06
BYR-1622,James,Robinson,greenjackson@example.net,6448872502,Individual,1196625.37,2021-03-16
BYR-1623,Douglas,Fisher,johnsonapril@example.org,7612560383414,Individual,505893.96,2021-11-08
BYR-1624,Kristin,Sanchez,clarkjeffrey@example.com,5593780037764,Investor,1573199.77,2024-05-02
BYR-1625,Sheryl,Garcia,brian52@example.net,2859054726,Individual,2970591.26,2020-09-13
BYR-1626,Corey,Smith,ehoffman@example.com,47046261581123,Individual,2894923.82,2023-09-25
BYR-1627,Jerome,Adams,tiffany49@example.net,00177748230123539,Corporation,1484279.23,2023-04-04
BYR-1628,Joshua,Montoya,christophermatthews@example.com,3482275064,Individual,797284.97,2021-06-22
BYR-1629,Julie,Gardner,james49@example.com,00177279894220022,Investor,680824.9,2019-01-06
BYR-1630,Sophia,Lloyd,guzmankyle@example.org,6947444685175,Individual,1526536.06,2019-03-07
BYR-1631,Laura,Matthews,tjenkins@example.org,3434389760,Individual,1108330.81,2021-05-01
BYR-1632,Christy,Burns,diana17@example.com,001926466858592658,Individual,2052084.52,2021-02-10
BYR-1633,Elizabeth,Snow,jenningssandra@example.org,802576641005852,Corporation,2361680.06,2020-01-31
BYR-1634,Amy,Mays,vaughntanner@example.org,5095983795,Individual,1742065.31,2019-06-14
BYR-1635,Stephen,Meyer,stephanie62@example.com,99465883084241,Individual,790275.52,2022-12-07
BYR-1636,Donna,Duffy,vargaskellie@example.net,23796133381980,Individual,137076.88,2022-10-25
BYR-1637,Thomas,Velasquez,dale60@example.org,18772709204,Individual,2748379.87,2020-07-24
BYR-1638,Candace,Carter,mcbridecharles@example.net,0015287285425328,Individual,1526536.06,2024-01-26
BYR-1639,Robert,Murray,vgeorge@example.com,6217080542770,Individual,2590365.65,2021-05-01
BYR-1640,Christina,Castillo,mckinneybenjamin@example.com,1659452710500265,Individual,2547916.08,2022-11-02
BYR-1641,Paul,Simpson,omartin@example.com,0018685269976,Individual,2428907.46,2020-04-26
BYR-1642,Laura,Evans,robin57@example.net,4586520355,Individual,1102502.64,2023-12-14
BYR-1643,Mary,Baldwin,leerobin@example.org,94420006728654,Investor,107409.17,2023-07-05
BYR-1644,Ashley,Sanders,heatherwilson@example.net,001590644940550010,Individual,2624186.69,2022-03-25
BYR-1645,Heather,Carlson,chadwilson@example.net,00158150413447468,Individual,2303564.99,2021-02-15
BYR-1646,Francisco,Aguirre,vwashington@example.com,4785551334,Individual,268971.95,2019-10-30
BYR-1647,Amanda,Berger,janetmiller@example.com,151080638281819,Investor,1573199.77,2021-10-27
BYR-1648,Laurie,Gonzalez,amber61@example.org,166628167804463,Individual,1004433.06,2019-01-21
BYR-1649,Regina,Miller,arroyokathleen@example.org,59774891697605,Investor,571611.72,2022-08-07
BYR-1650,Jesus,Trujillo,kleinandrew@example.net,001586816693349884,Corporation,305757.23,2020-02-25
BYR-1651,Alison,Nichols,paul36@example.net,4643939996978,Corporation,2766995.07,2019-01-16
BYR-1652,Sharon,Joyce,caitlynwilson@example.org,4892005447,Investor,1314076.76,2021-05-14
BYR-1653,Diana,Young,pnelson@example.com,4226228929905,Trust,2380653.36,2021-06-05
BYR-1654,Gilbert,Pearson,christineharris@example.com,462938729105003,Individual,466183.41,2022-07-12
BYR-1655,Thomas,Holt,stephaniewilson@example.net,8379495698,Investor,1897485.95,2020-05-04
BYR-1656,Gerald,Williams,carrillocharles@example.com,7783042923,Investor,1573199.77,2024-04-25
BYR-1657,Jacqueline,Campos,justinmeyer@example.com,00190756048362309,Investor,1344507.99,2021-05-13
BYR-1658,Robin,Alexander,justin26@example.net,1602945911503355,Corporation,2018731.12,2020-08-26
BYR-1659,Amanda,Hansen,dianacooper@example.com,5546025488,Individual,1254787.76,2019-12-29
BYR-1660,William,Ayala,thomaserin@example.com,13078559997,Individual,1157706.89,2022-06-26
BYR-1661,James,Meyer,invalid email,7504315099,Investor,2228563.64,2021-10-30
BYR-1662,Melissa,Phillips,mark26@example.com,26946609589855,Trust,1621959.38,2020-09-30
BYR-1663,Dana,Chandler,ywilliams@example.org,9123595810,Individual,912928.24,2020-09-23
BYR-1664,David,White,bowersjim@example.net,742512197609159,Investor,980224.19,2024-04-07
BYR-1665,Monique,Moore,fward@example.net,4532180319921,Investor,1573199.77,2020-04-11
BYR-1666,Marcia,Ray,barbaradiaz@example.org,00168086438856459,Individual,1531587.54,2021-03-15
BYR-1667,Stephen,Williams,brownmichael@example.org,5788529664,Individual,901824.23,2020-12-03
BYR-1668,Laura,Johnston,palmerlisa@example.net,336302980629672,Individual,703042.09,2021-02-03
BYR-1669,Ashley,Porter,gregory74@example.com,3843964311350,Individual,1876599.19,2024-04-01
BYR-1670,Karen,Hester,rita33@example.com,7918274789,Individual,2713851.19,2020-09-15
BYR-1671,Victoria,Bartlett,youngbrandon@example.com,2524378821,Corporation,2993096.18,2022-10-06
BYR-1672,Jamie,Snyder,wudonna@example.net,13069958913,Individual,819083.43,2023-06-28
BYR-1673,Scott,Brown,hunterroberts@example.com,1804818349006669,Individual,814800.5,2020-07-08
BYR-1674,Courtney,Reynolds,angelmoon@example.com,6609223941,Individual,1116818.09,2019-10-06
BYR-1675,Brianna,Martinez,leahleon@example.org,9085782744,Individual,2381220.21,2024-03-26
BYR-1676,Sara,Walker,wallsbrittney@example.net,9605105818,Individual,873364.53,2019-12-13
BYR-1677,Allen,Jordan,cynthiamartin@example.org,3042522145,Individual,1526536.06,2019-09-08
BYR-1678,Julia,Kramer,invalid email,00153041279996515,Individual,2816845.45,2019-08-12
BYR-1679,Matthew,Carter,brownmichael@example.net,0018819629714,Corporation,1121997.96,2023-02-05
BYR-1680,Brittany,Mora,carlperkins@example.com,0012764322801,Individual,1526536.06,2020-09-26
BYR-1681,Carlos,Walsh,lucasesparza@example.org,50772067371778,Individual,2314135.51,2020-06-09
BYR-1682,David,Christian,mary83@example.com,7124846751,Individual,1526536.06,2023-12-14
BYR-1683,Martin,Mckay,fellison@example.org,17659245059077,Individual,2690499.7,2021-12-19
BYR-1684,Michael,Peterson,martinnathan@example.com,190360357692495,Investor,1478578.99,2019-10-15
BYR-1685,Stacey,Goodman,erice@example.org,9688341813,Individual,2291014.31,2022-04-19
BYR-1686,Jonathan,Little,martinezzachary@example.com,411729721762089,Individual,1382622.31,2020-12-30
BYR-1687,Patrick,Jordan,ihall@example.net,398627809955886,Trust,1621959.38,2021-10-29
BYR-1688,Kevin,Larson,gbell@example.net,2548619379311,Individual,938967.58,2022-03-19
BYR-1689,Brett,Duncan,rneal@example.com,9369599087,Individual,449332.59,2022-04-29
BYR-1690,David,Ayers,michaelhill@example.com,950675168539682,Investor,737415.52,2023-07-16
BYR-1691,Elizabeth,Marquez,petersonjessica@example.net,3122509277686,Individual,1989582.78,2021-06-20
BYR-1692,Wendy,Brown,nicolehancock@example.com,001824508736497118,Investor,1573199.77,2024-01-08
BYR-1693,Dale,Rowe,wrighttheresa@example.net,158934970081018,Investor,2904411.86,2020-03-10
BYR-1694,Brittney,Mckee,bradley83@example.com,00136779662229297,Individual,986770.57,2020-11-02
BYR-1695,Adrian,Jacobs,jennifermartinez@example.com,673274691206694,Individual,661225.62,2022-10-03
BYR-1696,David,Escobar,ashley82@example.com,0014012243896021,Trust,233317.96,2023-12-20
BYR-1697,Cindy,Perez,jfaulkner@example.org,17468155642228,Individual,1042756.7,2021-12-24
BYR-1698,Susan,Smith,gainesricardo@example.com,4884877509,Individual,1526536.06,2021-06-10
BYR-1699,David,Campbell,julie42@example.com,00137022822804596,Investor,1701174.29,2023-12-19
BYR-1700,Mercedes,Lawrence,rickyporter@example.org,72861210864442,Trust,992011.53,2023-07-24
BYR-1701,Jennifer,Bell,mary36@example.net,00123133959001235,Individual,909216.25,2020-01-05
BYR-1702,Annette,Coleman,ecooper@example.net,6873937643,Individual,2152703.0,2020-07-08
BYR-1703,Melissa,Huang,ychung@example.com,139140093139095,Individual,614496.6,2019-07-28
BYR-1704,Mark,Hunt,aware@example.org,8223907085,Individual,935720.0,2020-12-29
BYR-1705,James,Reed,karenhuber@example.org,9234957016440,Investor,343560.04,2021-01-01
BYR-1706,Tracey,Rivera,wendyhopkins@example.com,6258357781,Individual,1526536.06,2023-03-17
BYR-1707,Alexis,Pace,jennifergeorge@example.com,58932737741076,Investor,1859826.69,2022-12-30
BYR-1708,Bruce,Gardner,vickie76@example.net,991998459459752,Individual,915198.1,2023-09-24
BYR-1709,Carl,Booker,wilsonlori@example.com,5737006389,Trust,643356.99,2019-05-31
BYR-1710,Stacey,Martinez,barbara39@example.net,19872537231636,Corporation,1949602.35,2023-10-11
BYR-1711,Kyle,Smith,invalid email,2453427771,Individual,1178351.89,2023-06-29
BYR-1712,Brian,Alexander,brittanycollins@example.com,183867730558206,Individual,2306320.82,2021-06-26
BYR-1713,Mark,Perry,plester@example.net,001471616120364876,Corporation,1484279.23,2021-03-02
BYR-1714,Lisa,Ramos,cjackson@example.com,0016587163428053,Individual,1075684.23,2019-06-17
BYR-1715,Joseph,Mccormick,isaac02@example.org,00190761220145406,Individual,1526536.06,2022-06-28
BYR-1716,Matthew,Thomas,oconnellpaul@example.org,00165751274417166,Investor,1573199.77,2020-09-27
BYR-1717,Randy,Padilla,manuel95@example.org,312513018974341,Corporation,2734269.76,2024-04-02
BYR-1718,Jackson,Hanna,alfred96@example.net,6155972079,Investor,1573199.77,2023-11-07
BYR-1719,Christopher,Burton,gmoore@example.org,56452522094975,Individual,1949027.28,2024-01-02
BYR-1720,Emily,Griffin,shepherdlaura@example.net,97557737068115,Individual,449221.5,2024-05-09
BYR-1721,James,Wilson,gutierreznathan@example.net,6129868741,Investor,2706285.41,2021-02-09
BYR-1722,Christina,Chavez,kayla71@example.com,13205933324162,Individual,1526536.06,2022-01-26
BYR-1723,Troy,Hull,staceyblack@example.org,5118358271,Individual,1103578.27,2022-01-29
BYR-1724,Katrina,Palmer,kellycalvin@example.net,0017624137708,Individual,1010021.52,2022-05-07
BYR-1725,Ryan,Lyons,bethany83@example.net,17633711040,Investor,322508.96,2022-12-12
BYR-1726,Karen,Mills,zburns@example.com,5014766191,Individual,800260.98,2022-11-25
BYR-1727,Joseph,Cisneros,kingbrandon@example.org,9952716201,Investor,2990737.77,2021-03-28
BYR-1728,Traci,Jones,laurenward@example.com,357237933872429,Individual,1526536.06,2022-04-15
BYR-1729,Eric,Pena,jonesmadison@example.org,7469776969,Investor,1573199.77,2021-09-03
BYR-1730,Steve,Gordon,madisonmurphy@example.org,7647589948,Investor,1573199.77,2022-07-27
BYR-1731,Jennifer,Gray,invalid email,001362308000036399,Individual,2083580.65,2019-02-17
BYR-1732,Mary,Frederick,invalid email,268591289819150,Individual,2737915.34,2020-10-26
BYR-1733,John,Williams,laurie77@example.com,44373609711715,Individual,1647784.17,2021-04-21
BYR-1734,Alicia,Hale,foleyerin@example.net,7753812811336,Investor,929799.76,2021-09-13
BYR-1735,Bonnie,Jones,mgarcia@example.net,001577201953171424,Individual,1080311.9,2020-06-18
BYR-1736,Thomas,Avila,kristy85@example.com,4938009559274,Individual,403974.3,2021-06-28
BYR-1737,Samantha,Nelson,scottellis@example.com,566367701540795,Individual,1368202.2,2024-04-02
BYR-1738,Sean,Soto,johnsonjacqueline@example.net,765554074052723,Corporation,1484279.23,2020-04-09
BYR-1739,Tina,Thornton,kristinemalone@example.net,1318853412113986,Individual,1526536.06,2022-06-27
BYR-1740,John,Lynch,baileywright@example.com,2576601465,Trust,1399326.15,2020-09-09
BYR-1741,Carolyn,Woodward,copelandsusan@example.org,5686492550,Individual,611443.62,2019-03-21
BYR-1742,Michael,Thompson,anthony02@example.com,0012319189798,Individual,2678487.93,2021-10-12
BYR-1743,Stacey,Scott,paul97@example.com,12485821408889,Individual,552739.39,2020-07-20
BYR-1744,Jack,Adams,lkennedy@example.net,2839576680,Individual,1526536.06,2019-05-04
BYR-1745,Hannah,Ortega,mary47@example.com,706498910545528,Corporation,2572118.47,2022-06-08
BYR-1746,Andrew,Ward,hickmanalicia@example.org,5139747941,Individual,297318.26,2019-03-19
BYR-1747,Stacey,Robinson,housejoseph@example.org,3166221260,Investor,1612350.55,2019-03-02
BYR-1748,Thomas,Melendez,invalid email,17447611861,Individual,1373808.84,2022-09-12
BYR-1749,Danielle,Mitchell,brandi76@example.org,1873782634016984,Corporation,1664331.42,2023-06-20
BYR-1750,Tyler,Rose,rickyferguson@example.net,172176309924215,Investor,532133.02,2023-05-12
BYR-1751,Juan,Luna,vmurray@example.net,00159191652754327,Individual,1630848.02,2020-07-06
BYR-1752,John,Haynes,gmaxwell@example.org,7975229131,Individual,2026550.25,2019-09-26
BYR-1753,Adam,Bradley,caroljensen@example.org,1823593035184391,Individual,1076542.88,2021-09-07
BYR-1754,Amber,Hoover,esteskelsey@example.org,3116232300,Individual,1526536.06,2021-09-15
BYR-1755,Christopher,Gutierrez,zrice@example.org,945856728967308,Corporation,1687646.16,2020-12-25
BYR-1756,Kelsey,White,uconrad@example.net,306476286112292,Corporation,2222790.33,2019-06-29
BYR-1757,Robert,Calhoun,natalie55@example.org,2688800175768,Investor,2893394.94,2023-05-31
BYR-1758,Erin,Archer,melissaedwards@example.net,227990329199169,Investor,1573199.77,2023-01-14
BYR-1759,Andrew,Lopez,ryan15@example.net,297764290959023,Individual,2300015.66,2023-12-11
BYR-1760,Todd,Chen,invalid email,957754335470534,Individual,1526536.06,2019-02-24
BYR-1761,Monica,Holmes,alexandrakramer@example.com,13647213079528,Individual,2274947.63,2021-10-02
BYR-1762,Daniel,Stevens,ruth86@example.net,00178767056599380,Corporation,2283387.07,2023-01-11
BYR-1763,Seth,Schroeder,kayla96@example.net,4294952693,Individual,1840607.58,2020-01-17
BYR-1764,Faith,Cortez,juliearroyo@example.org,6396153175,Individual,584641.19,2024-03-31
BYR-1765,Jessica,Long,trevor15@example.com,9239156544,Investor,2859226.25,2019-04-03
BYR-1766,Dwayne,Rodriguez,greerjessica@example.org,4904603749,Individual,517407.59,2022-05-08
BYR-1767,Anne,Flowers,melissayates@example.com,23650483682140,Investor,1121654.83,2022-10-14
BYR-1768,Ryan,Daniel,mackricky@example.org,4743219322,Individual,900109.48,2022-08-07
BYR-1769,Melissa,Floyd,buckleymichael@example.com,8344187751,Individual,1945147.2,2021-06-30
BYR-1770,Steven,Russo,mguerrero@example.com,75454097280441,Individual,2957429.69,2023-11-24
BYR-1771,Scott,Mueller,burchmary@example.org,76467588343517,Individual,2399148.93,2021-07-18
BYR-1772,Keith,Martinez,nmeyers@example.org,40664209000012,Trust,2986906.11,2020-07-26
BYR-1773,Courtney,Bennett,invalid email,2339718319068,Individual,1947662.61,2023-08-18
BYR-1774,Diamond,Herring,invalid email,5312378562436,Individual,684706.43,2020-08-19
BYR-1775,Kyle,Schmitt,robertslauren@example.com,5918307562909,Individual,1011457.22,2019-10-01
BYR-1776,Cheryl,Navarro,riceeric@example.org,646497975826453,Individual,1526536.06,2020-02-20
BYR-1777,Stephen,Young,sandrews@example.org,001555952125090885,Individual,1526536.06,2020-08-26
BYR-1778,James,Lopez,brittany98@example.com,6333190489917,Investor,2323245.51,2019-04-14
BYR-1779,Brenda,Nolan,angelabrown@example.com,2627684884,Individual,1053067.65,2022-11-10
BYR-1780,Joseph,Armstrong,wayne53@example.org,001740897666309682,Individual,2639774.52,2023-10-13
BYR-1781,Cory,Shepherd,stanleydanielle@example.org,424760199769284,Investor,2881760.34,2019-06-16
BYR-1782,Joseph,Morgan,mcisneros@example.com,00180023734852155,Individual,743727.9,2021-04-10
BYR-1783,Amanda,Alvarado,wendytaylor@example.net,00128478466144707,Investor,350871.94,2023-03-27
BYR-1784,Jeff,Brewer,zachary52@example.com,69074552577407,Corporation,2710529.02,2019-02-09
BYR-1785,Matthew,Scott,mayoeric@example.com,21023987787903,Investor,1774366.14,2021-05-09
BYR-1786,Dalton,Walsh,bobbybrown@example.net,227373406985331,Individual,1056269.98,2023-03-11
BYR-1787,Marco,Green,fmurray@example.org,4104903778,Trust,1322623.79,2021-11-04
BYR-1788,Scott,Harris,fergusonjoel@example.com,43628025932349,Individual,2667335.87,2023-04-01
BYR-1789,Darius,Franklin,rebecca03@example.org,189338030758294,Investor,1573199.77,2022-02-10
BYR-1790,Alison,Juarez,thomasphillips@example.net,776334224941192,Individual,314371.4,2020-11-26
BYR-1791,Stephanie,Smith,heatherpark@example.net,6766324857,Individual,1526536.06,2020-10-08
BYR-1792,Lauren,Hall,victoriaobrien@example.net,34042181449178,Individual,1456867.02,2022-04-23
BYR-1793,Caleb,Wilson,christopherjones@example.net,5187479616,Investor,1573199.77,2022-07-11
BYR-1794,Daniel,Matthews,sandramelton@example.com,0012539189611204,Investor,1513885.43,2020-12-04
BYR-1795,Ashlee,Bean,mendozakristie@example.net,20693232667490,Investor,1573199.77,2024-06-04
BYR-1796,Jennifer,Holmes,david03@example.org,4917798653,Corporation,2929030.81,2019-01-31
BYR-1797,Melissa,Grant,jonathon29@example.com,9878708153,Individual,2329847.04,2021-03-21
BYR-1798,Austin,Kelley,rhondaobrien@example.com,8845713331,Trust,155207.84,2022-10-06
BYR-1799,Gloria,Brooks,arthur93@example.org,0015673380974532,Individual,1526536.06,2021-06-26
BYR-1800,Jennifer,Bailey,belindarusso@example.net,5089818321699,Corporation,1883804.74,2019-06-16
BYR-1801,Lauren,Park,brittanyrodriguez@example.com,4102599504353,Individual,2639598.13,2019-01-25
BYR-1802,Pamela,Wells,jessicanavarro@example.com,6179922612,Individual,1526536.06,2023-01-28
BYR-1803,Anthony,Floyd,olyons@example.com,9052547143359,Individual,2364456.96,2019-03-21
BYR-1804,Elizabeth,Allen,stacybaker@example.net,80749489605674,Individual,1230714.31,2019-09-23
BYR-1805,Ashley,Smith,jenniferblake@example.org,1834848064468838,Investor,2187091.54,2020-03-18
BYR-1806,Michelle,Oliver,iking@example.com,4225283645203,Investor,1573199.77,2023-12-04
BYR-1807,Daniel,Schultz,melissajackson@example.net,2417456917422,Individual,1439431.27,2024-03-31
BYR-1808,Michelle,Fisher,sanchezcynthia@example.net,8374993172,Individual,235079.43,2020-06-17
BYR-1809,Jeremy,Hernandez,vaughntravis@example.net,9685634217233,Individual,1195208.56,2019-03-27
BYR-1810,Keith,Juarez,mark38@example.com,0013077815753301,Investor,2009146.86,2023-04-10
BYR-1811,Jane,Mcclain,swilkins@example.com,4833202474,Investor,2987412.53,2022-06-23
BYR-1812,Clarence,Garner,james10@example.com,9074443413954,Individual,1129317.98,2023-12-05
BYR-1813,Christopher,Robinson,wlee@example.net,00132334954935681,Corporation,1484279.23,2021-01-07
BYR-1814,Christine,Moore,jennifercalhoun@example.net,72142643572840,Investor,1573199.77,2019-03-06
BYR-1815,Paul,Williams,ohutchinson@example.net,777467634190865,Investor,1573199.77,2022-09-05
BYR-1816,Marissa,Landry,fdickerson@example.net,752380700014611,Individual,1093814.02,2023-11-18
BYR-1817,Bianca,Howard,nicholasfloyd@example.com,124355227623710,Individual,332001.78,2023-07-11
BYR-1818,Levi,Graves,invalid email,3846066199,Individual,2904797.62,2023-10-13
BYR-1819,Anthony,Matthews,jeffreydean@example.org,4024609587478,Individual,1458105.66,2019-03-16
BYR-1820,Kimberly,Dougherty,connor35@example.org,4787733548,Individual,420832.89,2021-06-21
BYR-1821,Nancy,Jones,fcannon@example.org,16879336366557,Individual,1958145.41,2024-03-25
BYR-1822,Collin,May,invalid email,136774613976108,Individual,1529961.88,2022-12-24
BYR-1823,Keith,Lowe,bwood@example.net,162421983835951,Corporation,1377878.96,2023-12-28
BYR-1824,John,Cunningham,brianbennett@example.net,9494197672,Investor,1512773.36,2019-09-22
BYR-1825,Angela,Johnson,johnsonpaul@example.com,9704124585,Individual,314294.63,2024-06-25
BYR-1826,Michael,Cervantes,robin88@example.org,16207391643,Individual,1673402.34,2021-04-25
BYR-1827,Jessica,Thompson,jessicabradshaw@example.com,001887224467771598,Individual,324756.96,2023-11-15
BYR-1828,Caitlyn,Mendoza,gcurry@example.net,8774052973,Individual,1158491.85,2019-12-06
BYR-1829,Jason,Velasquez,walkerwilliam@example.org,364923015939252,Trust,1648657.27,2020-09-05
BYR-1830,Mark,Murphy,hernandezbill@example.com,9326673755,Individual,2312498.77,2019-05-13
BYR-1831,Katherine,Wagner,fbennett@example.net,0019987889497800,Individual,101626.52,2023-09-29
BYR-1832,Jonathon,Mcclure,johnschelsea@example.com,4116630173,Investor,1518572.23,2020-04-30
BYR-1833,Douglas,Johnson,crystal33@example.net,464370713546312,Individual,327444.34,2019-05-28
BYR-1834,Thomas,Spence,ryanwells@example.com,7157381504,Individual,742224.91,2021-06-11
BYR-1835,Joshua,Conrad,joseph63@example.com,5952275510,Individual,277202.92,2022-11-01
BYR-1836,Kristin,Sanchez,xking@example.net,7177282887,Investor,1439798.16,2023-02-04
BYR-1837,Amy,Mccullough,erica41@example.org,2896436826,Individual,1526536.06,2023-02-04
BYR-1838,Allison,Delgado,keithmcgee@example.com,4869660414,Individual,748530.68,2019-07-13
BYR-1839,Mathew,Thompson,hstevens@example.net,9926849797,Individual,868079.7,2023-01-22
BYR-1840,Karl,Cummings,petercarr@example.net,2552883305,Corporation,771322.13,2023-06-04
BYR-1841,John,Elliott,lindseygomez@example.net,18139603881617,Individual,1526536.06,2024-01-29
BYR-1842,Ashley,Anderson,sarahrandolph@example.org,001945674044202460,Individual,1920868.17,2024-05-15
BYR-1843,Lori,Rodriguez,wrighttimothy@example.org,3298140443774,Individual,1511729.05,2019-03-12
BYR-1844,Carol,Woodard,yallen@example.net,001393208809440834,Individual,1703538.42,2021-01-18
BYR-1845,Joseph,Franklin,bthompson@example.net,13116191856775,Individual,1563076.93,2019-06-02
BYR-1846,Doris,Long,jacobjoseph@example.com,7983961841952,Individual,2180201.01,2021-08-19
BYR-1847,Megan,Moran,trujillodavid@example.net,9578678599,Individual,2072631.91,2019-08-01
BYR-1848,Hunter,Dennis,invalid email,19447123590678,Individual,553221.16,2022-05-19
BYR-1849,Ronald,Mason,jeremyparks@example.org,8647684297600,Individual,1526536.06,2019-07-22
BYR-1850,Benjamin,Murray,cindyhendrix@example.org,9933009132,Individual,1008534.38,2022-03-01
BYR-1851,Vincent,French,invalid email,4165540987,Corporation,2427752.67,2022-09-29
BYR-1852,Connor,Hawkins,michaelmarquez@example.com,4065974234,Individual,1526536.06,2020-06-01
BYR-1853,Melinda,Martinez,bmcintyre@example.com,8569053678,Individual,1526536.06,2023-05-22
BYR-1854,Jeremy,Wilson,lee75@example.org,17439749191,Individual,2374293.47,2022-02-14
BYR-1855,Jacqueline,Brown,diazwesley@example.net,6112431513101,Individual,1214528.7,2023-10-04
BYR-1856,Marvin,Chavez,scott29@example.org,50945519103720,Investor,1988437.38,2022-06-26
BYR-1857,Jerry,Dixon,jeffreyromero@example.com,5982624932,Individual,2267265.17,2019-09-24
BYR-1858,Christopher,Hunt,invalid email,128741256408908,Investor,494779.6,2019-08-04
BYR-1859,Clifford,Campbell,kimberlymurray@example.com,0013757739637,Individual,1526536.06,2022-12-27
BYR-1860,Chelsea,Lyons,jessica23@example.net,219325750140215,Individual,386618.02,2021-02-23
BYR-1861,Peter,Rogers,bbaker@example.org,0019815932664,Investor,2212338.6,2020-09-04
BYR-1862,Darlene,Chang,tannermayo@example.net,4495104878329,Investor,684130.6,2024-02-14
BYR-1863,Sarah,Sanchez,csherman@example.org,3443194860,Individual,1583921.61,2021-07-21
BYR-1864,Kelli,Clarke,kelly78@example.net,5292017698,Individual,526270.44,2023-03-09
BYR-1865,Tanner,Garcia,melissawilliams@example.com,3138111898,Individual,1665828.29,2019-03-03
BYR-1866,Daniel,Allen,mcphersonmichael@example.com,8498145948,Individual,799233.33,2019-03-12
BYR-1867,Amanda,Cohen,flopez@example.com,127490637014086,Individual,1983479.82,2023-11-22
BYR-1868,Sean,Jones,ashley19@example.com,1484569597994114,Individual,2623087.78,2023-08-05
BYR-1869,Peter,Waters,andrewgarcia@example.com,6808135645,Investor,614661.0,2022-07-11
BYR-1870,Gary,Greene,tsmith@example.net,32971849911083,Individual,1526536.06,2021-08-11
BYR-1871,Diane,Harris,nguyenvalerie@example.net,3738013925761,Investor,1457931.21,2019-11-19
BYR-1872,Barry,Mason,stephen42@example.net,15494685836,Individual,1526536.06,2020-06-03
BYR-1873,Luis,Schwartz,invalid email,39539693671665,Corporation,2140872.53,2020-06-24
BYR-1874,Edward,Lowery,ericshepard@example.com,8193177055,Individual,2296375.8,2021-12-03
BYR-1875,Karen,Oconnor,jessesmith@example.org,836261785359305,Individual,504161.94,2019-10-13
BYR-1876,Douglas,Long,scunningham@example.net,0016786233327,Individual,344344.94,2020-07-01
BYR-1877,Daniel,Watkins,emccarthy@example.com,9988582993,Investor,129696.11,2024-03-16
BYR-1878,Edward,Roberts,kayla60@example.com,44733420567955,Investor,1280701.21,2022-07-05
BYR-1879,Adam,Stafford,johnathan22@example.net,00162094372464987,Individual,1887723.09,2022-12-29
BYR-1880,Frank,Hall,justinfisher@example.com,15063799442,Individual,2750634.31,2020-11-15
BYR-1881,Chad,Hall,sandraphillips@example.net,0018425150518074,Individual,1153457.56,2021-06-25
BYR-1882,Valerie,Elliott,invalid email,36621287768921,Individual,1526536.06,2019-07-24
BYR-1883,Aaron,Morrow,walexander@example.net,556249309428893,Individual,2382267.85,2021-07-03
BYR-1884,Matthew,Calderon,xtrevino@example.com,8886661618,Individual,1512572.75,2022-07-13
BYR-1885,Courtney,Guerra,weavercindy@example.net,9578252215,Investor,2351311.32,2023-01-21
BYR-1886,Michael,Perez,wmelendez@example.net,00161567058026265,Individual,1519171.68,2019-09-01
BYR-1887,Melissa,Kennedy,christopherbrown@example.net,284645323487335,Investor,646536.93,2024-02-09
BYR-1888,Paul,Barrera,heather48@example.net,18699903852,Corporation,1484279.23,2019-07-11
BYR-1889,Adam,Hopkins,whiteheadaudrey@example.net,1585977141102541,Individual,2739865.92,2023-10-28
BYR-1890,Stephen,Young,vmorrison@example.org,19389098350,Individual,347251.63,2021-09-23
BYR-1891,Lance,Craig,palmermichael@example.net,552350055734608,Individual,556503.9,2019-05-09
BYR-1892,Rebecca,Dickerson,dgomez@example.com,8685680030337,Investor,1929569.68,2024-05-01
BYR-1893,James,Young,mroth@example.net,34180235043432,Investor,1573199.77,2021-09-02
BYR-1894,Julie,Reed,gabriel73@example.com,43392347765535,Individual,720530.91,2019-09-07
BYR-1895,Kevin,Williams,mariajohnson@example.com,6372619755,Investor,2226606.31,2022-08-27
BYR-1896,William,Myers,xherrera@example.com,7509299045,Individual,1325342.04,2019-09-09
BYR-1897,Edgar,Cruz,sanderson@example.org,26994723210252,Investor,2973525.26,2022-10-01
BYR-1898,Brian,Gutierrez,sandramiles@example.net,582574161117531,Individual,1448615.61,2019-10-14
BYR-1899,Janet,Thompson,zsmith@example.org,6728455627,Investor,1573199.77,2020-05-11
BYR-1900,Gina,Macdonald,gharris@example.com,77849018513177,Investor,1573199.77,2019-05-25
BYR-1901,Jeremy,Carpenter,gomezgeorge@example.com,0016722346500,Investor,212503.02,2024-03-26
BYR-1902,Rachel,Smith,pennymoody@example.com,6162504493243,Individual,413387.54,2021-09-30
BYR-1903,Peter,Martinez,whitealicia@example.net,326574166590161,Individual,176438.7,2019-05-16
BYR-1904,John,Sparks,wkirby@example.net,89465980617632,Individual,1136861.82,2019-08-07
BYR-1905,Rebecca,Lucas,jasonnewman@example.org,22531504708598,Individual,1925810.21,2019-06-14
BYR-1906,Tonya,Brandt,christinamiller@example.net,4349100565968,Corporation,516373.19,2023-11-25
BYR-1907,Whitney,Dickerson,steven31@example.com,1324659830092767,Individual,1526536.06,2022-03-06
BYR-1908,Paul,Dalton,richard22@example.net,0013757912443323,Investor,441118.32,2021-09-21
BYR-1909,Kristopher,Scott,invalid email,12446826894,Individual,1526536.06,2019-02-25
BYR-1910,April,Mason,staceyjames@example.org,427611169519884,Investor,2822885.36,2023-04-11
BYR-1911,Andrew,Porter,morenoalexander@example.org,4207839402,Individual,2869831.29,2020-11-24
BYR-1912,Kristy,Thompson,invalid email,00125656783131644,Corporation,2163965.01,2022-04-04
BYR-1913,Beth,Cross,invalid email,27365503604458,Individual,2058812.79,2019-07-19
BYR-1914,Stephen,Davis,kellydominique@example.org,929621545776846,Individual,438492.26,2020-02-20
BYR-1915,Donald,Williams,invalid email,8099882201860,Investor,2811962.74,2019-08-26
BYR-1916,Mary,Moon,sierralamb@example.com,1695293284089939,Individual,1218830.42,2021-09-06
BYR-1917,Bailey,Miller,bridgesrichard@example.com,5455160969,Investor,1573199.77,2024-05-24
BYR-1918,Bradley,Reyes,katrinapatrick@example.org,439630734525366,Individual,1053615.04,2020-12-01
BYR-1919,Jessica,Johnson,aaron59@example.com,20586353060041,Individual,1401336.42,2019-09-03
BYR-1920,Patrick,Carr,adrian84@example.net,2028176518,Individual,2617352.84,2022-09-21
BYR-1921,Matthew,Maynard,catherine40@example.org,169195753470205,Investor,800474.31,2020-01-18
BYR-1922,Heidi,Larson,troy67@example.com,480953981855743,Investor,2822053.79,2019-03-27
BYR-1923,Elizabeth,Sanchez,francisco31@example.org,00199867198869980,Individual,1526536.06,2019-04-20
BYR-1924,Chris,Gray,gregory26@example.com,5675596434,Corporation,161872.1,2020-05-24
BYR-1925,Michael,Smith,kristinlucero@example.com,00154684675138534,Individual,1756415.74,2023-01-09
BYR-1926,Tara,Ramirez,smithtyler@example.net,2763734352,Individual,499438.99,2021-10-06
BYR-1927,Jennifer,Kelly,woodsamy@example.com,19016635835493,Individual,1526536.06,2020-12-09
BYR-1928,Matthew,Simmons,lcastillo@example.net,4549916155858,Trust,613572.66,2023-01-12
BYR-1929,Elijah,Richmond,invalid email,4017756099,Investor,2113992.01,2022-06-19
BYR-1930,Frank,Zhang,invalid email,1450210905150727,Individual,851690.68,2022-09-21
BYR-1931,Brandon,Valdez,kristi64@example.com,62569465498663,Corporation,960361.96,2020-02-13
BYR-1932,Raymond,Small,turnerelizabeth@example.org,0014128702282676,Individual,1526536.06,2021-03-03
BYR-1933,Andre,Salinas,colleencolon@example.net,7408222419,Individual,2634108.81,2020-04-06
BYR-1934,Robert,Ramirez,philippeterson@example.org,19865032950,Trust,1846788.1,2021-07-06
BYR-1935,Richard,Jenkins,cwright@example.org,7872630974273,Investor,607517.63,2021-09-12
BYR-1936,Aaron,Walker,dennis50@example.net,0012182775122,Individual,1526536.06,2022-09-29
BYR-1937,Benjamin,Blevins,josephwilson@example.com,745438535392692,Individual,1104617.86,2023-06-24
BYR-1938,Adam,Sullivan,kimberly12@example.org,144050097306510,Individual,1698121.54,2021-11-04
BYR-1939,Emily,Myers,davidsonbrenda@example.org,0013774586869323,Individual,2200242.94,2022-05-03
BYR-1940,Edward,Williams,kenneth77@example.net,15694716421916,Investor,1573199.77,2020-01-14
BYR-1941,Johnny,Johnson,hrobertson@example.org,934941012112578,Individual,2548365.91,2021-10-02
BYR-1942,Douglas,Kelly,dawndavis@example.net,693349261013815,Corporation,2932187.03,2020-06-27
BYR-1943,John,Diaz,lbryant@example.com,3988249008,Investor,1896800.07,2023-10-28
BYR-1944,Alexandra,Smith,jenniferdavis@example.org,9273716078,Investor,2510936.48,2019-08-05
BYR-1945,Ronald,Brandt,invalid email,94744395828551,Individual,1120907.99,2020-11-01
BYR-1946,Ann,Smith,huntlaura@example.com,00123497973057856,Individual,2393095.09,2023-10-15
BYR-1947,Amy,Mcdaniel,thomas62@example.org,834943484512947,Individual,2627408.81,2022-02-06
BYR-1948,Katelyn,Taylor,james03@example.com,2522478268,Investor,1573199.77,2023-05-14
BYR-1949,Brian,Hart,smithrobert@example.com,001219577556593170,Corporation,2363944.57,2020-11-16
BYR-1950,Ethan,Stewart,youngalexis@example.net,5225990395,Individual,2750386.3,2022-04-04
BYR-1951,Kevin,Smith,kara19@example.com,65152447872799,Individual,1579797.11,2019-01-12
BYR-1952,Michael,Hughes,gregorymcmahon@example.org,9824887387,Individual,2580561.3,2021-01-04
BYR-1953,Tina,Wood,jared90@example.net,210350339253186,Individual,269650.01,2023-10-16
BYR-1954,Monica,Doyle,morsenicole@example.net,0012862081224787,Individual,1874149.13,2022-10-19
BYR-1955,Dustin,Collins,michaelporter@example.org,0012907735685,Individual,1646876.58,2023-01-07
BYR-1956,Natasha,Roth,wrandall@example.com,5024353492,Individual,1792444.39,2021-09-19
BYR-1957,Brian,Crane,dstafford@example.com,0016299158445,Individual,522533.51,2021-10-16
BYR-1958,Colleen,Garcia,perryjames@example.com,0017438105890656,Investor,2441031.58,2023-04-19
BYR-1959,Christopher,Collins,woodwardveronica@example.net,12129860775937,Individual,2445079.22,2020-10-24
BYR-1960,Dennis,Smith,nburton@example.com,7685168403,Individual,1352538.75,2023-05-07
BYR-1961,David,Bryant,beverlywilliams@example.org,4446213039,Individual,775629.4,2019-11-07
BYR-1962,Alexander,Davis,craigcruz@example.net,2337184339,Investor,1308257.17,2022-06-06
BYR-1963,Alexandra,Hawkins,johnsonnathan@example.com,652255446263422,Individual,669756.66,2023-11-13
BYR-1964,Joel,Willis,qcantu@example.net,4422451393,Individual,1794110.77,2022-05-15
BYR-1965,Angela,Hurst,raymondcalhoun@example.com,0012329385882006,Individual,1116412.43,2022-12-02
BYR-1966,Stephanie,Hernandez,jeffreyclark@example.net,88836278184331,Individual,1526536.06,2022-12-10
BYR-1967,Madeline,Sanchez,samanthaglover@example.org,7759542955,Corporation,2785394.98,2020-06-28
BYR-1968,Courtney,Santiago,danielparker@example.org,3076952886,Individual,1320691.71,2021-03-28
BYR-1969,Daniel,Huber,robertstanley@example.net,1644436051144509,Individual,698758.22,2019-05-25
BYR-1970,Todd,Carter,watkinsgloria@example.org,00192529346071466,Individual,1757772.3,2024-04-27
BYR-1971,Michelle,Wilson,sherry50@example.com,15132394635,Investor,1603250.79,2020-07-27
BYR-1972,Michael,Mann,ahudson@example.com,5514411751,Corporation,501049.63,2021-08-26
BYR-1973,Sarah,Howard,corey07@example.org,00131771543090461,Investor,2355283.66,2023-11-06
BYR-1974,Michael,Robertson,lindafernandez@example.net,2773541870,Individual,551056.24,2019-04-27
BYR-1975,Jessica,Williams,zwood@example.com,7897016671,Investor,2684132.0,2022-05-03
BYR-1976,Peter,Adams,fbaker@example.com,6578172613,Individual,1624702.51,2023-12-14
BYR-1977,Joseph,King,invalid email,2399076433,Individual,2228249.43,2021-11-01
BYR-1978,David,Wiley,baileytanner@example.org,361992512970672,Individual,1526536.06,2023-11-11
BYR-1979,Kim,Mcdonald,travisjones@example.com,86635520883233,Individual,2749985.34,2021-04-02
BYR-1980,Roy,Brady,susan80@example.com,0018924653053,Individual,115338.03,2022-07-18
BYR-1981,Jason,Miller,wrightanthony@example.com,001891447541406402,Investor,1282404.02,2020-01-22
BYR-1982,Ryan,Villegas,zconley@example.org,2076504880,Individual,1948719.24,2019-01-10
BYR-1983,Jason,Williams,raymondwade@example.net,4693141811,Individual,1526536.06,2020-12-19
BYR-1984,Cheryl,Smith,andersonjames@example.com,17485580713691,Investor,2198094.75,2024-04-24
BYR-1985,Amanda,Logan,gadkins@example.com,9119567395,Individual,2176169.86,2020-02-12
BYR-1986,Wyatt,Jackson,corykelly@example.net,3556689534,Individual,1526536.06,2020-08-11
BYR-1987,Tina,Poole,ctaylor@example.org,3647424973863,Individual,1526536.06,2023-07-07
BYR-1988,Daniel,Smith,daisy93@example.com,7082892578,Individual,2672973.3,2021-02-19
BYR-1989,Peter,Landry,john60@example.org,001808873363350814,Investor,1573199.77,2019-01-31
BYR-1990,Sue,Flores,chasemadison@example.org,4669332170131,Individual,2120531.53,2023-05-14
BYR-1991,Amber,Johnson,brendan88@example.com,12939765671,Individual,2758419.58,2022-04-22
BYR-1992,Christopher,Avila,clairewalker@example.com,001917247939891876,Individual,1857810.55,2019-09-16
BYR-1993,Lindsay,Williams,jthompson@example.com,0013646348936323,Individual,413832.73,2023-11-26
BYR-1994,Nathan,White,ijohnson@example.com,12748962428540,Individual,1135483.57,2022-04-14
BYR-1995,William,Morales,hpratt@example.com,563349389585247,Corporation,1925559.03,2019-04-24
BYR-1996,Hannah,Houston,harriskathryn@example.com,0018919970746324,Investor,840305.74,2022-06-27
BYR-1997,Tanya,Thornton,zwong@example.org,276682511981763,Individual,1526536.06,2022-04-21
BYR-1998,Sandra,Hill,tiffany06@example.net,00164546573057857,Individual,2841612.95,2020-06-08
BYR-1999,Margaret,Olson,michael72@example.com,8642548437,Individual,2282483.89,2021-08-12
BYR-2000,James,Anderson,invalid email,22487971559364,Individual,681733.08,2020-09-14
BYR-2001,Timothy,Huber,christopher76@example.com,70747028296898,Individual,714907.01,2020-09-21
BYR-2002,Anna,Levy,staffordjohnny@example.com,695497829381992,Individual,1072009.81,2020-05-20
BYR-2003,Sandra,Arnold,hammondmegan@example.net,5557632240,Corporation,843769.86,2021-06-30
BYR-2004,Heidi,Hinton,garyphillips@example.org,4486913407,Individual,2845787.7,2022-11-07
BYR-2005,Joseph,Mccall,invalid email,12944677504,Corporation,597062.46,2021-12-21
BYR-2006,Timothy,Bowers,leslie18@example.com,5266253921,Investor,1854495.43,2023-01-03
BYR-2007,Jacob,Holmes,hallmelanie@example.com,6865182594,Individual,1487713.53,2023-03-18
BYR-2008,Carolyn,Williams,kara26@example.com,0016908309501874,Individual,1384082.96,2024-06-19
BYR-2009,Joanne,Ellis,jenkinscarlos@example.net,1346396459291628,Individual,1785205.77,2019-09-19
BYR-2010,Rebecca,Henderson,juanhayes@example.com,8017315855,Individual,443346.14,2023-10-27
BYR-2011,Jeffery,Miller,marilyn83@example.org,6044438638476,Individual,900236.73,2019-10-31
BYR-2012,Eric,Powers,lharvey@example.com,5084520099,Investor,340666.23,2023-08-23
BYR-2013,Ashley,Walker,xbolton@example.net,429813680987949,Individual,1526536.06,2020-11-29
BYR-2014,Elizabeth,Garrett,rknapp@example.org,7763175504519,Individual,1526536.06,2024-05-08
BYR-2015,James,Meyer,toddbailey@example.net,42592803818985,Individual,1614433.9,2023-04-15
BYR-2016,Steven,Brown,lisa10@example.org,8533358809942,Individual,2231254.08,2021-06-03
BYR-2017,Bernard,White,heidiparsons@example.com,132143812581840,Trust,1023194.55,2021-11-06
BYR-2018,Amber,Snow,emorales@example.org,676766489126621,Investor,147089.25,2022-01-17
BYR-2019,Holly,Rojas,christine32@example.com,13538338921,Individual,1143730.47,2021-04-05
BYR-2020,Mitchell,Pena,rodgersbrittany@example.org,44224957740595,Individual,2933517.31,2021-10-30
BYR-2021,Jason,Cox,kevingriffin@example.net,8932831703,Individual,773625.38,2019-10-03
BYR-2022,Andrew,Heath,jamesrobinson@example.org,14023629813073,Individual,442743.86,2023-02-02
BYR-2023,Elizabeth,Conley,rburns@example.com,25253592394892,Individual,1029871.35,2020-11-26
BYR-2024,Blake,Bowman,lalvarez@example.com,14458285966,Trust,2836418.43,2023-02-01
BYR-2025,Stefanie,Smith,scottphillips@example.org,3164383862,Individual,1455062.21,2023-12-18
BYR-2026,Nancy,Quinn,larry67@example.com,8247675939,Individual,1526536.06,2019-09-01
BYR-2027,Michael,Hawkins,howardjason@example.net,5896063074,Individual,1994196.21,2019-12-17
BYR-2028,Rebecca,Schmidt,fullerkelly@example.org,6567394756838,Individual,997585.43,2020-01-20
BYR-2029,Carly,Robinson,chad90@example.org,363356196526330,Individual,1074228.87,2022-05-29
BYR-2030,Sierra,Orozco,xblack@example.com,125779873409608,Individual,2893841.21,2022-01-08
BYR-2031,Rebecca,Cabrera,rsmith@example.org,6675368167179,Individual,1677840.91,2021-03-12
BYR-2032,Janice,Bryant,christopher40@example.com,7035897643,Individual,2908815.99,2023-11-23
BYR-2033,Scott,Gutierrez,dgalloway@example.net,62688440124482,Investor,396221.41,2022-02-23
BYR-2034,Christopher,Robbins,invalid email,80375765702078,Corporation,472942.73,2021-11-01
BYR-2035,Matthew,Williams,colleenrussell@example.com,2008856960,Individual,2689459.63,2019-04-23
BYR-2036,Robert,Wilson,walexander@example.com,5048688968767,Investor,1573199.77,2019-03-19
BYR-2037,Nathan,Dalton,lisastephens@example.com,0015487100810,Individual,695214.13,2019-07-30
BYR-2038,Patrick,Bauer,wstevens@example.org,15239172044033,Individual,1526536.06,2022-05-05
BYR-2039,Kevin,Herrera,debramassey@example.org,4988340473,Individual,1793782.19,2023-08-13
BYR-2040,Alyssa,Nguyen,elizabeth95@example.net,189626179233537,Individual,2268932.96,2021-07-09
BYR-2041,Ashley,Smith,cbrandt@example.com,5025883504,Investor,1909633.58,2019-06-07
BYR-2042,David,Taylor,smithcynthia@example.net,7792666679597,Investor,2826541.84,2022-10-31
BYR-2043,Gregg,Morgan,coxtimothy@example.org,50969506250129,Individual,249610.77,2024-04-04
BYR-2044,Christopher,Henderson,invalid email,4269343072374,Individual,2418037.2,2023-09-11
BYR-2045,Kylie,Parker,vincent47@example.com,783357195314245,Individual,1410464.2,2021-08-17
BYR-2046,Laura,Mccarthy,morganpittman@example.org,5513938458435,Individual,380726.59,2021-09-17
BYR-2047,Danielle,Tran,jordan87@example.org,9408468331,Individual,696054.01,2023-03-26
BYR-2048,Susan,Hall,phyllis14@example.net,4845157757,Individual,1526536.06,2020-09-17
BYR-2049,Dylan,Hall,shafferbrian@example.net,44060872827270,Investor,1242570.96,2021-05-24
BYR-2050,Jesse,Black,gravescheryl@example.net,0017448119042,Investor,2902192.95,2022-10-30
BYR-2051,Andrew,Burgess,masondouglas@example.net,2557649293,Individual,2904836.88,2023-01-10
BYR-2052,James,Pittman,michaelmartin@example.org,5012258813,Individual,2575294.74,2021-12-15
BYR-2053,Julia,Warren,christineday@example.org,2655504065518,Investor,2832653.96,2022-05-08
BYR-2054,Jerry,Hall,invalid email,5315651949,Investor,1136772.5,2020-07-02
BYR-2055,Samuel,Richards,rebeccaclark@example.org,17542978645,Individual,1851276.01,2019-09-27
BYR-2056,Mitchell,Long,qbauer@example.com,0015139625773,Individual,2324541.32,2019-11-23
BYR-2057,Leon,Hale,davidellison@example.net,8629818335,Investor,669299.81,2020-05-02
BYR-2058,Kevin,Todd,ksmith@example.net,15012753083951,Investor,1573199.77,2019-07-10
BYR-2059,Michael,Ramos,johnsonseth@example.org,5633472905,Investor,2496136.01,2019-05-23
BYR-2060,Michael,Lindsey,regina82@example.org,929864354273556,Individual,2080881.55,2022-11-10
BYR-2061,Jenny,Bailey,kwalker@example.org,72086725172641,Individual,1626692.66,2024-06-13
BYR-2062,Monica,Lopez,galexander@example.org,705795096771333,Individual,1838144.75,2024-04-07
BYR-2063,James,Roberts,alvarezerica@example.net,734672463184180,Individual,837537.68,2021-11-08
BYR-2064,Alexandria,Garcia,markflynn@example.com,5316300510397,Individual,329501.9,2020-12-29
BYR-2065,Megan,Robbins,martinmark@example.net,7744903707,Corporation,1079911.78,2023-05-15
BYR-2066,Dylan,Rodriguez,jeffreyterry@example.com,2858519053,Individual,1526536.06,2021-04-17
BYR-2067,Ann,Golden,pbrown@example.net,4683936629748,Individual,1526536.06,2022-11-18
BYR-2068,Ryan,Page,ismith@example.net,7985046379,Investor,1573199.77,2021-12-22
BYR-2069,Jade,Duncan,veronicamann@example.org,0012466585042,Individual,928153.09,2023-11-10
BYR-2070,Blake,Crane,paulwilliams@example.com,8272813703,Individual,420405.55,2021-03-25
BYR-2071,Michael,Sawyer,robert56@example.com,001333385606536923,Corporation,2044409.95,2020-08-26
BYR-2072,Jessica,Miller,ballrachel@example.org,8583145645,Corporation,1063073.84,2020-09-28
BYR-2073,Sarah,Cruz,balljanice@example.net,75077862287011,Individual,2916428.72,2024-03-19
BYR-2074,Luis,Martin,bhuffman@example.net,5775899262,Individual,2459718.23,2023-04-09
BYR-2075,Michael,Petty,apope@example.org,3205452678,Corporation,2997118.7,2020-11-13
BYR-2076,Joshua,Meyers,dbarber@example.org,8837447267,Investor,541849.56,2023-05-20
BYR-2077,Jennifer,Hamilton,jenny77@example.net,00149964906165346,Trust,2081973.71,2022-02-10
BYR-2078,Barbara,Miller,hmoran@example.com,0019598794227015,Individual,924410.68,2021-02-21
BYR-2079,Ronnie,Fry,richard61@example.org,1593325354730480,Individual,1345259.46,2022-06-25
BYR-2080,Raymond,Leon,usanchez@example.com,4106443111,Individual,1530990.83,2019-10-06
BYR-2081,Krista,Williams,hgarcia@example.com,3364686464389,Investor,2807930.28,2019-05-07
BYR-2082,Nicole,Moreno,emilyanderson@example.com,7308804773290,Investor,276977.82,2019-05-01
BYR-2083,Christopher,Green,justin08@example.net,0014723147476,Investor,977557.23,2022-12-10
BYR-2084,Gregory,Moore,hferguson@example.net,2017169016,Investor,292025.51,2019-02-21
BYR-2085,Mitchell,Hutchinson,shawn71@example.org,2388036467,Individual,2219703.89,2019-11-28
BYR-2086,Joshua,Thompson,tinajones@example.com,224637461009440,Investor,2468492.08,2020-09-03
BYR-2087,Jose,Smith,imahoney@example.org,001705685858994141,Investor,1216181.16,2020-08-31
BYR-2088,Robert,Payne,huertastacey@example.org,8266305152442,Individual,2382293.42,2019-08-07
BYR-2089,Leah,Jensen,invalid email,0015522811454,Investor,2225586.66,2020-12-02
BYR-2090,Elizabeth,Smith,taylorchristine@example.net,18567596581,Individual,1085905.78,2021-02-09
BYR-2091,Adrian,Dorsey,mark19@example.com,5328169794,Individual,1267350.02,2021-04-26
BYR-2092,Jean,Mckinney,qdavis@example.org,2507864382,Individual,2549039.24,2023-10-09
BYR-2093,David,Hopkins,deborah35@example.com,3016796244,Trust,2395751.32,2023-07-09
BYR-2094,Troy,Gibson,jenny53@example.org,0014688728981,Individual,2680145.58,2019-07-26
BYR-2095,Kelly,Smith,barnesdennis@example.net,1634325813675212,Individual,1561175.76,2024-03-03
BYR-2096,Alejandro,Jones,whitemadison@example.com,2304788073161,Individual,539997.08,2022-12-31
BYR-2097,Sarah,Smith,thart@example.com,001437712800920779,Individual,2085528.32,2020-07-21
BYR-2098,Jeffrey,Espinoza,vanessa50@example.net,0014107368808,Corporation,602509.72,2020-09-30
BYR-2099,Christie,Garcia,gordongreg@example.org,4405032206,Individual,2229175.01,2020-11-20
BYR-2100,Jennifer,Anderson,sandra86@example.net,0015904766475428,Individual,1801091.51,2023-09-12
BYR-2101,Jacob,Miller,taylortiffany@example.com,132528392785749,Corporation,2501987.35,2023-05-23
BYR-2102,Stacey,Meadows,mclaughlinangela@example.net,4617099412342,Individual,1526536.06,2023-10-07
BYR-2103,Matthew,Ramirez,jessicamartinez@example.com,7424297474,Investor,1573199.77,2021-02-16
BYR-2104,Sherry,Melendez,shannon56@example.net,8233968051,Investor,1662018.56,2020-09-09
BYR-2105,Amanda,Nelson,zacharygomez@example.org,0017987163180,Investor,511346.31,2021-02-12
BYR-2106,Kimberly,Rubio,vwilson@example.com,9443040109,Individual,1832462.65,2024-02-04
BYR-2107,Sara,Walter,travisisaac@example.net,9967684497,Individual,1391384.22,2023-04-11
BYR-2108,Rebecca,Marsh,savannah45@example.net,0014312726935,Corporation,2214533.99,2019-05-28
BYR-2109,Darin,Wiley,michael30@example.net,661374599434276,Investor,1567733.76,2024-01-18
BYR-2110,Patrick,Allison,whitney08@example.net,3938278911,Investor,1967590.54,2022-10-18
BYR-2111,Joyce,Johnston,invalid email,4303430392857,Individual,952384.85,2021-06-27
BYR-2112,Lawrence,Alexander,dianelivingston@example.net,9124170355,Individual,1454576.34,2019-09-09
BYR-2113,Brian,Cuevas,brendan59@example.com,9069449550,Individual,2531452.75,2021-06-14
BYR-2114,Jesse,Mcgee,jamesmyers@example.com,2824885807,Investor,1147766.65,2019-07-22
BYR-2115,Nicholas,Johnson,robbinsrussell@example.net,0013877242616,Investor,1690505.93,2020-04-19
BYR-2116,Mark,Anderson,rodriguezscott@example.org,68087887938082,Individual,1736879.18,2022-11-18
BYR-2117,Sherry,Mcgee,leedaniel@example.com,4322176734,Individual,1665239.44,2019-07-05
BYR-2118,Sean,Fox,william22@example.com,8897408062,Individual,2483056.77,2021-11-02
BYR-2119,Jimmy,Mills,webbveronica@example.net,6583288890,Investor,2811151.43,2022-06-12
BYR-2120,Linda,Miller,richardmorris@example.org,125051074880349,Individual,2967009.37,2024-04-15
BYR-2121,James,Schneider,clutz@example.org,6206286872585,Individual,765167.64,2020-10-22
BYR-2122,Donald,Lloyd,invalid email,6507237642,Investor,1762297.16,2022-02-27
BYR-2123,Jennifer,Potts,daniel41@example.net,001980791718942833,Individual,312302.89,2023-10-16
BYR-2124,Frank,Nelson,mmccall@example.org,3772906797531,Individual,908273.64,2020-06-14
BYR-2125,Curtis,Sullivan,invalid email,4232108240,Corporation,670587.08,2022-05-11
BYR-2126,Tyler,Young,claytonrobert@example.org,2326017346,Investor,1573199.77,2019-05-12
BYR-2127,Jonathan,Nguyen,weaverrebecca@example.net,9738175160,Individual,2157482.84,2024-06-25
BYR-2128,Robert,Blackburn,brandi69@example.com,5433922237,Individual,974506.25,2023-04-02
BYR-2129,Steven,Pacheco,wmckinney@example.com,83736610346346,Individual,1929919.42,2023-07-11
BYR-2130,Jerry,Weaver,gonzalezvernon@example.com,333991703861678,Individual,407893.19,2023-05-28
BYR-2131,Robert,Jenkins,egarcia@example.org,4994312958129,Individual,2233836.68,2023-05-23
BYR-2132,Joy,Hall,williamssandra@example.net,8659479027,Individual,1526536.06,2020-03-04
BYR-2133,Lisa,Hernandez,steven30@example.com,5234357082,Individual,2960332.14,2024-06-23
BYR-2134,Jill,Long,steven89@example.com,00186548288596304,Individual,2628269.55,2022-08-31
BYR-2135,George,Marshall,christopher32@example.com,2257526611,Trust,1621959.38,2022-07-28
BYR-2136,Marcus,Wright,crobinson@example.org,8585666064,Individual,1526536.06,2023-01-29
BYR-2137,Susan,Allen,charles36@example.net,001799916201292530,Investor,1573199.77,2023-03-19
BYR-2138,James,Bowers,williamsadam@example.net,7906031869,Individual,259359.37,2021-02-17
BYR-2139,Anne,House,cjones@example.org,795515104903463,Corporation,401407.22,2019-09-26
BYR-2140,Jonathan,Blair,groberts@example.net,99234364300823,Individual,1261737.73,2019-06-21
BYR-2141,Philip,Bird,douglas41@example.org,146540371952894,Individual,278048.43,2024-04-20
BYR-2142,Bryan,Adams,kanekelsey@example.com,9607587348,Individual,2619081.65,2023-06-01
BYR-2143,Karl,Walker,lauraherring@example.com,2709979280,Individual,1393660.55,2023-01-22
BYR-2144,Amanda,Johnston,hilleugene@example.org,00137196407516005,Individual,1369826.41,2023-06-22
BYR-2145,Heather,Matthews,ibutler@example.com,2217884653,Individual,1709015.87,2024-05-12
BYR-2146,Timothy,Reynolds,carrolllatasha@example.org,0018189341827621,Individual,2561654.87,2020-04-07
BYR-2147,Russell,Huber,marcus11@example.org,18719333143079,Corporation,522486.15,2020-11-02
BYR-2148,Catherine,Frye,blakemegan@example.com,9916216562,Investor,1447611.11,2019-04-29
BYR-2149,Hunter,Myers,deborahwong@example.net,400754177804303,Corporation,441271.12,2024-05-16
BYR-2150,Hannah,Woodard,lisa39@example.org,5405888152,Individual,1268171.47,2021-10-07
BYR-2151,Donna,Brown,johnsjason@example.net,2804755635,Individual,530109.29,2022-04-05
BYR-2152,Matthew,Hartman,jamiecharles@example.org,5114715626,Investor,820403.79,2021-02-15
BYR-2153,Eric,Hutchinson,monicabolton@example.net,7399683191,Individual,828876.16,2019-10-29
BYR-2154,Gabriel,Cuevas,oliviaturner@example.com,3674835847,Individual,2911402.14,2022-02-25
BYR-2155,Eric,Burns,qrobinson@example.org,0016448938975974,Individual,2207464.18,2020-06-09
BYR-2156,Amy,Kennedy,invalid email,4126542169,Individual,1061101.01,2024-05-18
BYR-2157,Joshua,Santos,invalid email,16196291775,Investor,409786.56,2022-10-26
BYR-2158,Michael,Lynn,kevin94@example.org,2673223923,Investor,947419.01,2019-12-19
BYR-2159,Richard,Vasquez,sarah24@example.org,0013893757388513,Investor,859571.91,2019-01-10
BYR-2160,Laura,Foster,joshuawood@example.org,559345228885075,Individual,1496103.37,2023-09-08
BYR-2161,Ian,Hopkins,patriciapatton@example.com,4453007185,Individual,2935164.42,2022-04-08
BYR-2162,Cassandra,Powell,invalid email,4162974319,Individual,1426310.44,2023-09-14
BYR-2163,Luke,Mcintosh,gwendolyn83@example.org,12868154206,Individual,836348.98,2021-06-28
BYR-2164,Victoria,Curtis,freemanbrittany@example.org,3374994801,Corporation,274878.07,2023-12-26
BYR-2165,Joshua,Hunter,wardmadison@example.com,5803151667,Trust,265402.13,2022-04-28
BYR-2166,Robert,Moore,weberkevin@example.org,16289183996004,Individual,1111489.69,2022-02-27
BYR-2167,Susan,Anderson,smithjacob@example.com,5627104536,Individual,1397695.58,2022-04-15
BYR-2168,Donna,Roberts,rlong@example.com,00133087074499325,Individual,139452.97,2022-03-15
BYR-2169,Daniel,Scott,robertgill@example.org,5413495009,Individual,1526536.06,2023-06-28
BYR-2170,Tyler,Dixon,cbryant@example.org,9447039253368,Investor,610179.37,2021-05-24
BYR-2171,Sarah,Palmer,jonathan80@example.org,843448253104190,Individual,886036.74,2019-01-07
BYR-2172,Kayla,Moody,invalid email,155439787912289,Individual,375870.93,2024-04-09
BYR-2173,Kara,Castro,michelle93@example.org,0013466330065,Individual,1017429.34,2023-10-25
BYR-2174,Sharon,Kramer,jfitzpatrick@example.com,12415067462108,Individual,265087.72,2020-05-22
BYR-2175,Roy,Owens,matthew78@example.org,2576957783116,Individual,2312235.63,2020-07-28
BYR-2176,Carl,Shaffer,lawrence79@example.org,490289679004788,Investor,598130.4,2023-07-17
BYR-2177,Michelle,Stephenson,jeremy79@example.com,63189083517486,Individual,2951034.69,2023-06-30
BYR-2178,Erik,Cole,keithfields@example.net,535233261670211,Corporation,2385559.15,2019-10-05
BYR-2179,David,Brown,boyerjames@example.org,4735255149,Individual,1526536.06,2024-02-26
BYR-2180,Kristy,Welch,samuelreid@example.net,12688101069605,Trust,1621959.38,2023-04-04
BYR-2181,David,Anderson,nathanhale@example.com,6515972495903,Individual,1526536.06,2020-02-02
BYR-2182,Morgan,Barnett,invalid email,937285591729740,Corporation,1733233.36,2020-09-28
BYR-2183,Robert,Fernandez,cwatson@example.net,9015717549,Individual,230148.73,2020-10-08
BYR-2184,Anne,Johnson,elizabeth45@example.org,607482401198888,Individual,1654670.24,2021-09-04
BYR-2185,Ashley,Underwood,fwilliams@example.org,3925834062,Trust,2340405.64,2023-09-12
BYR-2186,Derrick,Johnson,lindsey16@example.org,6048926307477,Individual,135992.88,2019-10-09
BYR-2187,Kristine,Smith,hwhite@example.net,17435639625,Individual,1933761.06,2023-09-13
BYR-2188,Ann,Nguyen,yrose@example.com,00186355452385791,Individual,1760286.9,2020-09-07
BYR-2189,Mary,Lopez,benjaminlambert@example.org,157260720357046,Individual,2837115.71,2021-08-18
BYR-2190,Joseph,Garcia,thomasroberts@example.org,001506345654934417,Individual,1526536.06,2024-06-10
BYR-2191,Michael,Fisher,daviseric@example.net,421422048604249,Individual,521275.3,2022-04-17
BYR-2192,Jonathan,Phillips,coliver@example.com,14415274338,Investor,142343.44,2022-05-01
BYR-2193,Mallory,Hill,ngarcia@example.net,194992268457299,Investor,1002641.19,2023-06-17
BYR-2194,David,Gomez,smithmichael@example.com,1792481679846366,Individual,948556.57,2023-09-25
BYR-2195,David,Vega,melissa31@example.org,6225604324,Individual,1526536.06,2021-09-13
BYR-2196,Cynthia,Meyers,leslieknight@example.com,1909871698250733,Individual,2032038.49,2024-03-25
BYR-2197,Christopher,Mason,nicholas59@example.net,44546816420645,Investor,1573199.77,2020-06-15
BYR-2198,Barbara,Freeman,bauerfrank@example.com,6399798638,Individual,846828.06,2019-03-28
BYR-2199,Natasha,Galvan,peter49@example.org,19508573939,Individual,2628486.43,2023-06-16
BYR-2200,Christopher,Santiago,stantonandrew@example.com,292652670494388,Trust,810302.28,2019-05-31
BYR-2201,Patrick,Sanders,invalid email,5722720307,Investor,428141.99,2021-03-28
BYR-2202,Carol,Krause,hernandezbrenda@example.org,99963042099329,Investor,1130952.71,2022-10-30
BYR-2203,Joshua,Murphy,jennifer70@example.net,6489164156,Corporation,2855955.9,2019-04-28
BYR-2204,Brendan,Malone,tiffanyjackson@example.com,4668768280,Investor,2383781.2,2020-01-29
BYR-2205,Holly,Arias,douglas68@example.net,4384281752212,Individual,1526536.06,2023-08-07
BYR-2206,Elizabeth,Hart,rfrazier@example.org,46228510121522,Individual,2060459.69,2020-04-27
BYR-2207,Jason,Smith,kdavis@example.net,0018585825712898,Corporation,2955425.76,2022-01-11
BYR-2208,Andrew,Brown,higginscarrie@example.com,576542495909869,Trust,843597.33,2021-12-04
BYR-2209,Jason,Lawrence,moodyrichard@example.net,59377209258156,Investor,1808472.74,2020-03-15
BYR-2210,Angela,Williams,benjamin74@example.com,3522163621,Individual,570730.32,2019-09-06
BYR-2211,Morgan,Abbott,hevans@example.net,90244166980527,Investor,2048493.76,2022-12-25
BYR-2212,Wayne,Chung,aaroncollins@example.net,452733987949066,Individual,1379449.07,2020-10-15
BYR-2213,Whitney,Perez,mark34@example.org,27534698682318,Trust,1245805.26,2019-07-20
BYR-2214,Kyle,Anthony,rowecody@example.org,3679086440,Investor,897787.09,2022-02-25
BYR-2215,Gregory,Jacobs,melissa25@example.com,42255008643582,Individual,575374.3,2022-04-04
BYR-2216,Samuel,Jones,wallwendy@example.org,4655663827821,Individual,418474.27,2023-05-15
BYR-2217,Bradley,Ryan,megan14@example.com,001850293952003244,Investor,1554844.62,2019-11-23
BYR-2218,John,Hodge,solomonlindsey@example.net,64924180296320,Individual,2082576.11,2020-05-11
BYR-2219,Lawrence,Robinson,itaylor@example.org,49427090043862,Individual,597325.36,2019-10-30
BYR-2220,Aaron,Zamora,invalid email,45841972596072,Investor,1573199.77,2019-03-05
BYR-2221,Robert,Mosley,richmondpamela@example.net,569952181048728,Individual,1178819.87,2024-05-01
BYR-2222,Stuart,Young,jennifer79@example.com,5557863956,Trust,1335449.41,2022-04-03
BYR-2223,Madison,Alvarez,wwilliams@example.net,252785929408157,Individual,1110850.52,2023-02-18
BYR-2224,Christopher,Henson,kgreen@example.net,860381118415924,Individual,2404633.99,2021-07-21
BYR-2225,Steve,Knight,conwayjasmine@example.com,438523350740874,Individual,2110259.17,2019-04-04
BYR-2226,Julian,Mcdowell,rebeccawilliams@example.net,001867247868903262,Individual,654535.47,2022-08-25
BYR-2227,Emily,Landry,ericafischer@example.com,7262978346,Investor,947647.46,2024-06-06
BYR-2228,Charles,Gordon,pauladam@example.net,46569481397773,Investor,2154382.15,2020-08-14
BYR-2229,Ronald,Herrera,invalid email,3448968199,Investor,752347.06,2024-04-25
BYR-2230,Denise,Jones,crystal01@example.org,4546522111,Individual,2167160.78,2023-06-26
BYR-2231,Jennifer,Park,katie38@example.org,14773991159671,Individual,538866.26,2019-08-02
BYR-2232,Jennifer,Sanchez,vanessa62@example.org,18865970087204,Investor,1518823.47,2020-07-16
BYR-2233,Alexander,Jenkins,travisvillarreal@example.org,9349113323,Individual,2260828.3,2019-12-05
BYR-2234,Stephanie,Allen,stewartlogan@example.com,2878243387,Investor,1550047.88,2023-03-01
BYR-2235,Bruce,Jackson,hunttracy@example.net,5032619135,Individual,1526536.06,2021-09-25
BYR-2236,Susan,Cook,xshaw@example.org,420610152455335,Individual,2783287.58,2019-06-30
BYR-2237,Timothy,Cooper,qkennedy@example.com,2634909250,Individual,1526536.06,2023-06-15
BYR-2238,Kevin,Martinez,daisyharris@example.net,476999490680619,Investor,1406055.84,2021-12-27
BYR-2239,Jeremy,Porter,justinsullivan@example.net,4533212753806,Individual,389327.34,2021-12-28
BYR-2240,Wanda,Rodriguez,peter45@example.com,6662041947291,Individual,1513077.78,2023-11-24
BYR-2241,Andrea,Rangel,ujohnson@example.net,852506175504763,Individual,2758492.79,2020-08-14
BYR-2242,Charles,Bennett,josecooper@example.net,437382066672551,Individual,2547611.18,2019-01-28
BYR-2243,Christopher,Calhoun,invalid email,2107008403,Individual,2972108.16,2019-01-08
BYR-2244,Connor,Evans,hhaas@example.net,0013899084555317,Investor,1346543.49,2020-09-23
BYR-2245,Kyle,Mathews,invalid email,632841987047950,Individual,1983677.15,2023-11-14
BYR-2246,Jeffrey,Abbott,invalid email,2158049345,Individual,2989196.3,2023-09-07
BYR-2247,Leslie,Thomas,marilyn82@example.net,9382665028645,Individual,869126.19,2023-02-22
BYR-2248,Emily,Fuller,hedwards@example.com,00170793199799350,Individual,1526536.06,2020-09-01
BYR-2249,Anthony,Williams,markhogan@example.org,4384360608,Investor,960029.1,2020-07-30
BYR-2250,Michael,Martin,aaron58@example.com,7786389850842,Individual,1526536.06,2019-02-07
BYR-2251,Steven,Campbell,williamvargas@example.org,400878064370343,Individual,1679207.33,2022-11-02
BYR-2252,Michael,Wilson,kennethanderson@example.org,001620835124015414,Corporation,2117988.48,2022-01-07
BYR-2253,Randall,Ramos,brian40@example.org,8255053955,Individual,2779742.23,2023-12-19
BYR-2254,Vanessa,Lane,melissa11@example.com,0018108861890236,Individual,216896.64,2022-10-05
BYR-2255,Hannah,Parker,novakronald@example.net,8988936512,Investor,2342071.43,2022-05-22
BYR-2256,Brian,Gonzalez,jeanmorris@example.net,4025530348,Individual,2958027.42,2023-09-06
BYR-2257,Patricia,Williams,grollins@example.com,5766320407490,Investor,831872.42,2024-05-27
BYR-2258,Garrett,Hernandez,xwarren@example.net,943586479546225,Investor,2376788.99,2019-03-15
BYR-2259,Stacey,Gray,robertcruz@example.com,9653590706674,Individual,2367777.63,2024-06-12
BYR-2260,James,Lewis,emily55@example.net,99874549871136,Individual,1944491.03,2023-11-11
BYR-2261,Lindsey,Cooper,dunnadrienne@example.com,42799463084627,Individual,1526536.06,2023-08-13
BYR-2262,Christine,Morris,scottbest@example.org,7023283916,Corporation,2178182.51,2019-01-21
BYR-2263,Susan,Robinson,schultzkimberly@example.org,395731571459151,Trust,2464486.96,2020-04-21
BYR-2264,Alexander,Kane,mendezbrianna@example.com,495358869123709,Investor,475707.28,2021-02-21
BYR-2265,Amy,Hernandez,onorris@example.org,7414891895,Corporation,1484279.23,2020-09-05
BYR-2266,Kelli,Henderson,williamperez@example.org,372253061100247,Individual,1236896.38,2019-01-27
BYR-2267,Scott,Washington,davismary@example.com,7384836037174,Investor,1109684.96,2023-10-03
BYR-2268,Michael,Davidson,jonesricardo@example.com,0019902611246,Corporation,927782.5,2024-05-10
BYR-2269,Joseph,Lewis,nicole99@example.com,0019724305098,Individual,727620.3,2023-11-28
BYR-2270,Joel,Martin,lawrence14@example.net,364643976044654,Investor,2539673.84,2021-05-12
BYR-2271,Willie,Reynolds,aprilsnyder@example.com,13783551596,Individual,1450993.36,2022-09-11
BYR-2272,John,Zamora,invalid email,99268985834245,Investor,551239.63,2021-03-29
BYR-2273,Robert,Lewis,ewest@example.org,6082665925,Corporation,1576824.9,2021-06-26
BYR-2274,Jasmine,Jones,eric42@example.net,5544431680,Investor,530369.24,2020-11-04
BYR-2275,Norma,Rice,eharrison@example.net,2032126667435,Individual,2916964.21,2021-05-09
BYR-2276,Samantha,Howard,brownvanessa@example.com,001769591343447894,Investor,505164.93,2022-06-01
BYR-2277,Scott,Jones,bmiller@example.net,144620677898889,Individual,2841989.91,2020-02-23
BYR-2278,Marco,Newman,richard13@example.org,3112623168,Individual,2452362.55,2019-10-10
BYR-2279,Teresa,Gardner,ldaniels@example.com,9269830406,Trust,1523481.14,2019-09-02
BYR-2280,Kevin,Taylor,browncaroline@example.org,6493032458,Individual,1289664.15,2023-06-22
BYR-2281,Rebecca,Conrad,sarahpeck@example.org,79465195567457,Individual,2014123.55,2020-11-17
BYR-2282,Wendy,Gordon,sean50@example.com,0015399399996,Investor,2603131.35,2023-07-12
BYR-2283,Katie,Hansen,joseph89@example.org,6304656047,Trust,1292527.69,2022-03-06
BYR-2284,Alison,Jones,haleysamantha@example.org,00193093152261282,Trust,1676512.01,2024-04-09
BYR-2285,David,Sampson,invalid email,56334375229999,Individual,314635.08,2023-11-15
BYR-2286,Peter,Harvey,mgarrison@example.net,18928104382388,Individual,888691.37,2020-07-10
BYR-2287,Kristen,Johnston,mirandachristopher@example.com,0016047584421853,Investor,1627809.38,2023-11-09
BYR-2288,Destiny,Choi,ellisonmichael@example.net,0019408664125601,Individual,174372.14,2023-08-24
BYR-2289,Andrew,Smith,stephaniewelch@example.net,17507492233388,Investor,1300322.71,2020-05-17
BYR-2290,Laura,Mcneil,delgadostacy@example.org,001400754964128750,Individual,2754150.67,2019-06-20
BYR-2291,Alice,Kennedy,invalid email,4458625024209,Individual,2699101.78,2019-03-15
BYR-2292,Michael,Clark,lauren44@example.org,7305768631129,Individual,1013824.13,2019-09-20
BYR-2293,William,Tucker,chanson@example.org,3624569204,Corporation,1792077.25,2020-09-09
BYR-2294,Austin,King,awood@example.com,2462021277,Individual,1526536.06,2019-01-29
BYR-2295,Monica,Fleming,egrant@example.com,8069064412,Individual,2271635.56,2022-09-30
BYR-2296,Juan,Brown,lopezsarah@example.net,9902344388645,Investor,1573199.77,2022-01-31
BYR-2297,Darrell,Brady,jennifer25@example.net,8694807297,Individual,2008767.59,2023-07-01
BYR-2298,Adam,Colon,lfitzpatrick@example.org,44240603156449,Corporation,225637.62,2020-05-17
BYR-2299,Robert,Payne,sandersmorgan@example.net,5503181229,Individual,1526536.06,2022-03-07
BYR-2300,Nancy,Hays,rthomas@example.net,0015792524304,Individual,1526536.06,2024-05-11
BYR-2301,Jeffrey,Brown,casehannah@example.net,4219635334,Individual,760640.93,2020-04-25
BYR-2302,Connie,Reyes,ejones@example.net,169651950235411,Individual,124127.29,2021-04-09
BYR-2303,Tonya,Powell,sgonzalez@example.org,8562066271,Investor,2160710.12,2020-05-14
BYR-2304,Cassandra,Smith,melissaanderson@example.net,12275934007,Individual,660829.09,2019-11-03
BYR-2305,Tyler,Jones,lbarton@example.com,50188316646042,Individual,1365108.5,2021-01-12
BYR-2306,Lori,Santos,salazardavid@example.net,001674511986649499,Corporation,2693299.31,2023-09-10
BYR-2307,Jonathan,Shaw,wagnerrobin@example.net,001849590749026340,Individual,1266229.98,2021-03-16
BYR-2308,Gabriel,Perez,christopher49@example.net,44644218294972,Individual,1759486.08,2022-08-23
BYR-2309,John,Reid,tracymcdaniel@example.net,534633600323822,Individual,530561.43,2021-08-24
BYR-2310,Diamond,Sanchez,eric40@example.net,746946791469542,Individual,1526536.06,2024-06-23
BYR-2311,Teresa,Harrell,bridgessean@example.com,2608056307,Individual,505214.6,2019-02-23
BYR-2312,William,White,keithdonaldson@example.com,3204587602,Investor,1743493.59,2019-12-17
BYR-2313,Alyssa,Walker,david88@example.org,12348374979,Individual,1074004.78,2019-07-24
BYR-2314,Brandi,Goodwin,davidgonzalez@example.org,415338648004840,Corporation,1088293.1,2020-06-07
BYR-2315,Jeffrey,Johnson,wattsanna@example.net,00124946959784711,Trust,2404999.12,2022-06-23
BYR-2316,Veronica,Gross,peter26@example.com,70063311058284,Investor,1573199.77,2023-09-03
BYR-2317,Patrick,Ellis,invalid email,93938491746372,Trust,203705.67,2021-12-17
BYR-2318,Michael,Scott,tonysanchez@example.net,001635469196374341,Individual,415606.74,2020-03-19
BYR-2319,Zachary,Hoover,denise98@example.net,73248563497268,Individual,1526536.06,2021-09-01
BYR-2320,Thomas,Garcia,cclark@example.net,001666650084966600,Individual,2486873.02,2021-09-20
BYR-2321,Christine,Gonzalez,jameschavez@example.org,24850167995553,Corporation,1484279.23,2023-09-11
BYR-2322,John,Johnson,woodshoward@example.org,863619373955569,Individual,2603054.71,2019-01-02
BYR-2323,Sheila,Clark,wayne48@example.org,8043037099,Individual,1503375.29,2023-11-11
BYR-2324,Angela,Branch,invalid email,6874153467,Individual,1877164.73,2023-04-22
BYR-2325,Timothy,Chan,mollyrice@example.org,3788009773,Investor,2274293.27,2023-11-05
BYR-2326,Corey,Murphy,paularamos@example.org,825347121891272,Individual,1487700.37,2022-02-27
BYR-2327,Jacob,Johnson,frivas@example.org,500424967818630,Investor,1573199.77,2019-01-05
BYR-2328,Thomas,Butler,kimjuan@example.net,1983526145218919,Investor,135090.23,2024-05-23
BYR-2329,Andrea,Brandt,oconnelljohn@example.com,6766562330,Individual,688042.78,2019-03-03
BYR-2330,Vincent,Gibbs,adamsjanice@example.com,8433121542936,Trust,1621959.38,2021-01-12
BYR-2331,Mary,Burns,kimberly92@example.net,9177813834655,Trust,2476931.09,2024-06-28
BYR-2332,Fernando,Nunez,jpeterson@example.com,00183443509875686,Individual,1969658.76,2020-04-10
BYR-2333,James,Lee,francisco55@example.net,0019754182199,Corporation,1206940.34,2020-06-05
BYR-2334,Joseph,Douglas,ashley02@example.net,9867740015,Individual,1299094.23,2020-02-27
BYR-2335,Alejandro,Phillips,dawnlogan@example.com,25468952746740,Individual,2606665.72,2023-09-25
BYR-2336,Frank,Hood,charles29@example.com,1770324115632408,Investor,1573199.77,2021-08-09
BYR-2337,Andrew,Gallagher,stephen56@example.com,6285982868,Investor,1911756.2,2022-07-08
BYR-2338,Caitlin,Compton,invalid email,180828291943948,Individual,182676.12,2020-11-09
BYR-2339,William,Humphrey,kwhitaker@example.com,6303850353,Individual,1859608.72,2021-12-26
BYR-2340,Kevin,Johnson,aandrews@example.org,1402253974154485,Individual,1094006.64,2024-05-17
BYR-2341,Danielle,Ferguson,johnsondaniel@example.net,19246950762235,Trust,1921330.24,2021-11-07
BYR-2342,Melanie,Beltran,invalid email,615851422513528,Individual,949595.18,2019-07-24
BYR-2343,Allen,Edwards,wendyfranklin@example.com,4178876926,Individual,208619.9,2019-05-02
BYR-2344,William,Mcdonald,reynoldsbryan@example.com,0016864259292472,Individual,872714.92,2022-10-15
BYR-2345,Aaron,Perry,romanwilliam@example.org,75987878622586,Individual,2550326.06,2022-06-27
BYR-2346,Patricia,Smith,cpearson@example.net,90336105126723,Individual,1623381.81,2020-06-30
BYR-2347,Holly,Johnson,barnespamela@example.org,6719350529,Individual,1822200.84,2023-01-09
BYR-2348,Peter,King,christophersmith@example.com,170745054709619,Individual,1526536.06,2023-07-25
BYR-2349,John,Harrison,cheyennehoffman@example.org,9098905232,Individual,1337506.53,2019-07-05
BYR-2350,William,Wilson,ievans@example.net,95184220807397,Investor,1783840.06,2019-05-22
BYR-2351,Lauren,Campbell,yjimenez@example.org,7008307912,Individual,940622.12,2021-09-25
BYR-2352,Zachary,Ramirez,charlesgary@example.net,189261359218534,Individual,1463830.34,2021-07-05
BYR-2353,Pamela,Henderson,davisdanny@example.com,8477940454,Individual,2784498.29,2023-11-10
BYR-2354,Laura,Cole,craigwilliam@example.net,131869571723366,Individual,1195844.52,2023-03-16
BYR-2355,Jeff,Briggs,marshalljennifer@example.com,148590151402960,Investor,489472.76,2021-02-20
BYR-2356,Nathan,Cox,rebecca97@example.org,7762991938281,Individual,1126469.75,2020-02-17
BYR-2357,Cynthia,Adams,rebeccatorres@example.org,0018202887626,Individual,1301636.67,2022-01-23
BYR-2358,Stephanie,Chen,stacey64@example.com,18936431974746,Individual,2077816.9,2021-07-07
BYR-2359,Willie,Jackson,brownmichelle@example.net,685254617008509,Individual,1526536.06,2023-08-12
BYR-2360,Joseph,Young,smithbrett@example.org,6958948894,Individual,1526536.06,2020-02-01
BYR-2361,Margaret,Villa,singletonbruce@example.com,1806732761507392,Individual,1526536.06,2021-10-24
BYR-2362,Joseph,Johnson,jennifer35@example.net,579222816508631,Individual,1492927.09,2022-09-26
BYR-2363,Adam,Malone,jerryallen@example.org,1818675779321681,Investor,1573199.77,2022-11-30
BYR-2364,Judy,Taylor,debbie46@example.com,1598597297026933,Individual,2551709.48,2023-11-05
BYR-2365,Earl,Irwin,dbrooks@example.com,668427505314174,Individual,2598404.82,2023-08-28
BYR-2366,Scott,Munoz,karen67@example.org,75120979880387,Individual,1926618.37,2019-07-23
BYR-2367,Michelle,Brown,meaganwade@example.com,0015845753843,Corporation,1297157.38,2022-12-28
BYR-2368,Joseph,Navarro,wsmith@example.org,00188581059279122,Individual,1752266.89,2021-07-26
BYR-2369,David,Trujillo,dphillips@example.org,0019234892848,Individual,2528168.96,2019-08-21
BYR-2370,Michael,Rodriguez,nathan22@example.org,17523721677260,Individual,1526536.06,2021-09-19
BYR-2371,Joseph,Sullivan,ashleysmall@example.org,1623314048820034,Trust,2957906.0,2021-06-21
BYR-2372,Joel,Ramirez,gerald86@example.net,9677332593,Individual,207747.09,2021-07-14
BYR-2373,Jason,Valdez,steven79@example.org,76332015599760,Individual,2593094.55,2019-07-08
BYR-2374,Scott,White,kelly20@example.com,0018454670078,Investor,1573199.77,2022-02-18
BYR-2375,David,Powell,marthaguerra@example.org,4156151873,Investor,1152011.53,2020-09-21
BYR-2376,Jeffrey,Townsend,douglasmelissa@example.com,9013893171,Individual,1658006.42,2023-11-20
BYR-2377,Daniel,Lopez,lauren85@example.net,6632796516232,Investor,2822835.0,2022-10-25
BYR-2378,Michael,Singh,bakerjeffrey@example.com,43483128700236,Individual,2666675.12,2019-05-21
BYR-2379,Linda,Zamora,gonzalezeric@example.org,8963708673,Individual,259967.39,2020-08-01
BYR-2380,Danielle,Johnston,obrienrichard@example.com,7875480841,Corporation,1484279.23,2022-03-15
BYR-2381,Julie,Vaughan,invalid email,91646358977337,Individual,2390729.7,2019-08-05
BYR-2382,Kenneth,White,davidthomas@example.org,5133175985,Corporation,1159147.68,2020-05-21
BYR-2383,Reginald,Flowers,melissa90@example.com,9439285961421,Individual,1359317.8,2019-01-15
BYR-2384,Ashley,Campbell,kwheeler@example.com,5958702579,Individual,2420792.87,2022-11-29
BYR-2385,Amanda,Lucero,harry74@example.net,24469415214815,Individual,2877361.12,2019-01-22
BYR-2386,Scott,Juarez,krausepatricia@example.com,9068359386,Investor,1215120.95,2019-03-04
BYR-2387,Todd,Willis,josborn@example.com,7992876762,Corporation,2150042.11,2022-09-13
BYR-2388,Destiny,Chung,brian92@example.org,12998739249562,Individual,1700746.71,2022-08-31
BYR-2389,Patricia,Wilson,david94@example.net,1286855811520274,Individual,1013895.15,2021-05-06
BYR-2390,Richard,Jimenez,invalid email,7522273352948,Individual,1526536.06,2022-07-18
BYR-2391,Ashley,Johnson,jamiechapman@example.org,5254122420,Investor,1573199.77,2023-03-04
BYR-2392,Anthony,Le,dgonzalez@example.org,168886296609051,Individual,2109137.51,2021-04-25
BYR-2393,Melissa,Freeman,mhamilton@example.com,128476923911218,Corporation,1590203.42,2022-02-19
BYR-2394,David,Bond,lori59@example.net,8375627733,Individual,1985482.46,2019-10-20
BYR-2395,Darlene,Choi,kmcdonald@example.org,6936544819,Investor,1573199.77,2019-10-29
BYR-2396,Donald,Salazar,daniel02@example.net,0018835412274,Investor,1250559.05,2020-02-23
BYR-2397,Jesus,Bennett,steveharris@example.com,00171171292530213,Individual,2801786.21,2023-05-08
BYR-2398,Kimberly,Lopez,kevin80@example.com,79841734123194,Individual,1670863.69,2019-01-31
BYR-2399,Larry,Hensley,jcortez@example.net,8242047025,Investor,1580099.86,2019-11-16
BYR-2400,Chad,Fletcher,invalid email,4632956988,Corporation,2313218.99,2020-03-10
BYR-2401,Tammy,Wheeler,rmadden@example.com,1457661174059143,Trust,2059003.52,2021-01-08
BYR-2402,Jasmine,Rojas,garciajacob@example.net,3653215922,Corporation,1484279.23,2019-08-20
BYR-2403,John,Ibarra,hgrant@example.org,3369063501916,Investor,1217879.06,2020-04-07
BYR-2404,Christian,Barron,tranmelinda@example.net,00126763545477333,Individual,2473734.05,2019-02-10
BYR-2405,Tanya,Austin,xpadilla@example.net,5134380670,Individual,1360317.9,2024-04-28
BYR-2406,Tracy,Roberts,hyoung@example.org,71748320057902,Corporation,274430.09,2019-03-15
BYR-2407,Jared,Simmons,prush@example.net,17933746076732,Individual,2438189.66,2022-01-27
BYR-2408,Aaron,Mercado,zconner@example.net,185354265225583,Investor,1727769.45,2021-06-25
BYR-2409,Maria,Pugh,amber61@example.net,302994452603816,Corporation,1040274.38,2021-11-13
BYR-2410,Nicole,Shepard,jamesscott@example.com,5743235987,Individual,770264.72,2022-11-05
BYR-2411,Lisa,Lopez,osmith@example.com,96187241522077,Trust,985874.24,2020-12-11
BYR-2412,David,Kelley,mckinneywilliam@example.com,7132834610,Investor,645143.9,2023-07-06
BYR-2413,Austin,Wright,tamaramitchell@example.com,7583958095682,Individual,491243.73,2020-10-08
BYR-2414,Victor,Marsh,pweber@example.net,8922813416,Individual,1257737.45,2020-05-26
BYR-2415,Michael,Perez,smithcharles@example.org,6874975372,Investor,1573199.77,2021-06-29
BYR-2416,Karen,Green,elizabeth94@example.net,45037020745738,Individual,2505389.89,2022-01-31
BYR-2417,Laura,Harris,seanrobertson@example.org,001760663129917699,Investor,2980469.99,2021-01-08
BYR-2418,Sydney,Jones,christopher13@example.net,7492612744,Individual,1526536.06,2019-06-07
BYR-2419,Joshua,Park,catherinefowler@example.net,2154905747,Investor,1225822.09,2020-01-07
BYR-2420,Matthew,Jones,jessicavincent@example.net,0012277367863,Investor,1056912.75,2021-09-22
BYR-2421,Lauren,Hicks,smithchad@example.net,9336231871,Individual,1376621.15,2023-01-28
BYR-2422,Andrew,Arias,pschaefer@example.com,9402024712978,Investor,675443.76,2019-07-14
BYR-2423,Jonathan,Freeman,chenjustin@example.com,2253835180,Investor,1187785.97,2020-05-07
BYR-2424,Douglas,Neal,phernandez@example.com,5336205125,Individual,2987254.23,2022-04-03
BYR-2425,Elizabeth,Bush,patricia88@example.net,7305508073,Individual,2548172.76,2021-05-12
BYR-2426,Margaret,Stephens,matthewhayes@example.com,7682223129,Corporation,2166602.83,2021-06-12
BYR-2427,David,Preston,jennifer18@example.org,3755198375996,Corporation,891371.42,2023-01-04
BYR-2428,Andrew,Colon,derrickpitts@example.net,8222565243,Corporation,2051331.27,2019-09-10
BYR-2429,Aaron,Morgan,shannonbrown@example.net,7669381294305,Trust,1677089.72,2020-10-02
BYR-2430,Rebecca,Hampton,anthonyvance@example.com,8543276676296,Trust,1911462.12,2024-03-16
BYR-2431,Robert,Haynes,williampowell@example.com,001858500623828664,Investor,573300.17,2020-12-18
BYR-2432,Calvin,Morrison,brandi62@example.com,1686733913089165,Individual,1208267.48,2022-04-26
BYR-2433,Michael,Morris,bobby38@example.org,453200993352654,Individual,949051.91,2019-11-17
BYR-2434,Joseph,Ortiz,hernandezelizabeth@example.com,327217121845036,Individual,1444203.32,2022-03-25
BYR-2435,Ann,Jackson,susanphillips@example.com,7339861367,Individual,1356071.12,2020-02-25
BYR-2436,Alicia,Murray,xcasey@example.com,0014676121389830,Investor,2104775.77,2022-09-04
BYR-2437,Jamie,Matthews,lisagonzalez@example.net,5989297750,Individual,2231168.44,2020-12-07
BYR-2438,Ashley,Ferguson,hoganjenna@example.com,485781966183506,Individual,1526536.06,2022-04-10
BYR-2439,Amy,Burns,santossabrina@example.net,16996729079942,Investor,1281884.95,2024-01-31
BYR-2440,Christopher,Smith,richard09@example.org,0018204923331095,Investor,2229653.03,2022-02-09
BYR-2441,Lisa,Rivera,browninggerald@example.net,1997289933320951,Investor,1764733.08,2022-02-08
BYR-2442,Sarah,Meyers,martha64@example.com,2868286987992,Individual,2807222.48,2020-06-11
BYR-2443,Kimberly,Spears,eric59@example.org,32128823762532,Corporation,1278307.72,2021-08-18
BYR-2444,Linda,Reed,mmahoney@example.com,859347200072620,Individual,2459301.42,2024-01-21
BYR-2445,Kaitlyn,Holmes,penabrandi@example.net,9467103955240,Investor,1407148.04,2019-03-10
BYR-2446,Amber,Lewis,invalid email,2678278149,Investor,840790.52,2023-05-22
BYR-2447,Jacob,Sanchez,stephanie88@example.org,592983275938520,Individual,1066925.78,2024-04-02
BYR-2448,Gary,Davis,stokesharold@example.com,57060218884804,Investor,894472.05,2020-12-26
BYR-2449,Joanne,Williams,joshuasimpson@example.net,2624382850,Individual,2063706.58,2024-01-06
BYR-2450,Mary,Lewis,chadjefferson@example.net,2166109772,Individual,804113.71,2019-03-15
BYR-2451,Kim,Delgado,morgankathryn@example.net,72749956988257,Investor,2485152.0,2021-02-11
BYR-2452,Derrick,Wagner,cheryl68@example.net,8644333072,Investor,141611.48,2020-02-13
BYR-2453,Jennifer,Martinez,fedwards@example.org,0013599290077,Individual,2328703.01,2022-09-06
BYR-2454,Jessica,Gonzales,garywilliams@example.org,5885675941,Trust,397311.69,2020-02-09
BYR-2455,Donald,Lee,shawchristopher@example.org,4377345948,Individual,1940819.04,2023-04-22
BYR-2456,Tiffany,Hoffman,clarkjoshua@example.org,79638265673320,Individual,319433.13,2021-12-20
BYR-2457,Donald,Dean,carmenhayes@example.com,00123238409590596,Investor,1676548.33,2019-11-09
BYR-2458,Wanda,Lyons,jjohnson@example.com,28140257884238,Individual,2326627.56,2019-08-07
BYR-2459,Kelly,Saunders,bhernandez@example.net,00179960827342299,Investor,2852626.53,2019-04-01
BYR-2460,Ronald,Collier,dillon51@example.net,4384809612,Individual,303176.1,2020-01-26
BYR-2461,Tabitha,Paul,murphybenjamin@example.com,0018013401114228,Individual,494388.9,2019-12-16
BYR-2462,Edwin,Frazier,deborahmorton@example.net,9666149360,Investor,846193.22,2022-01-27
BYR-2463,Kathryn,Acosta,jacobsjohnny@example.org,89758556714516,Investor,770489.32,2024-02-27
BYR-2464,Christopher,Smith,cheryl15@example.com,0016623426974966,Investor,2081357.64,2023-05-21
BYR-2465,Ryan,Robinson,campbellrobin@example.net,00193434591852851,Corporation,1484279.23,2022-05-04
BYR-2466,Barbara,Hernandez,jamiejacobson@example.net,64238761615019,Investor,2525272.94,2020-11-17
BYR-2467,Jenny,Bush,rogersjeremy@example.org,7082970473912,Investor,2570891.89,2019-10-28
BYR-2468,Monique,Ponce,amyhernandez@example.org,70725051633635,Individual,310339.87,2021-05-08
BYR-2469,Lauren,Sweeney,tmiller@example.org,2565494516,Individual,466255.36,2021-03-15
BYR-2470,Stephen,Rojas,adrienneroth@example.net,3197604519,Investor,2839351.64,2024-05-29
BYR-2471,Brad,Lester,andrewburns@example.com,9495424219,Individual,1969653.6,2019-07-12
BYR-2472,Sarah,Garcia,jennifer08@example.net,19468364559,Individual,871212.3,2019-06-20
BYR-2473,Jessica,Noble,melindamiller@example.com,320546726190722,Investor,1897534.3,2022-11-19
BYR-2474,Stacy,Patel,matthewlawson@example.com,1306640454949861,Investor,1861424.97,2023-03-15
BYR-2475,Johnny,Cardenas,orozcoeric@example.net,0014894969852,Investor,205488.5,2019-02-02
BYR-2476,Stacy,Perry,lorrainecampbell@example.com,8494568756,Investor,396394.29,2020-08-01
BYR-2477,Jaime,Johnson,chernandez@example.org,2633876267,Individual,1197810.57,2021-02-03
BYR-2478,Kendra,Lara,charleshawkins@example.net,7027504022,Investor,1420026.71,2024-06-18
BYR-2479,John,Powell,james36@example.com,4599581877,Corporation,307222.01,2023-08-22
BYR-2480,Tommy,Alvarado,zgarcia@example.org,372455428573441,Individual,2876296.02,2022-08-13
BYR-2481,Brian,Lewis,david17@example.org,7243503826,Individual,353868.64,2023-09-08
BYR-2482,Ryan,Carpenter,kathleen93@example.org,7317480251257,Individual,1199704.86,2020-07-13
BYR-2483,Christopher,Riggs,lyoung@example.net,0017385374524,Individual,1526536.06,2021-08-28
BYR-2484,Michael,Jones,ealexander@example.net,12202145701647,Individual,1658984.53,2019-10-08
BYR-2485,Jack,Russell,kingjacob@example.org,001432243023541697,Investor,2113772.1,2023-09-09
BYR-2486,Robert,Harris,anne32@example.org,7179636805675,Investor,2750226.36,2021-11-10
BYR-2487,Crystal,Ramirez,taylormcclure@example.org,145874914229029,Individual,2041653.7,2021-08-17
BYR-2488,Crystal,Harris,icook@example.org,36639099894122,Corporation,1484279.23,2020-01-28
BYR-2489,Kristin,Martin,daniellong@example.org,2718786650,Individual,126336.64,2022-07-12
BYR-2490,Albert,Wagner,janice18@example.com,8482771595,Individual,997785.01,2021-05-06
BYR-2491,Maria,Blevins,tfrederick@example.net,0013679970955987,Investor,128886.33,2021-04-14
BYR-2492,Anthony,Parker,ybarnes@example.net,1382937592731180,Individual,2102407.48,2023-10-17
BYR-2493,Tammy,Rodriguez,fbarnes@example.com,4516165694,Investor,1214209.65,2023-08-29
BYR-2494,Jeffrey,Harmon,cochranralph@example.org,0015379175681628,Trust,861363.36,2022-08-13
BYR-2495,Ashley,Burgess,lindseyashley@example.net,5505232847349,Individual,1451945.81,2020-12-17
BYR-2496,Michelle,Knapp,michael13@example.com,305312806610851,Individual,1526536.06,2022-04-20
BYR-2497,Veronica,Lopez,arianagarcia@example.com,672405020085241,Individual,825361.43,2019-10-24
BYR-2498,Dawn,Deleon,brandon75@example.net,0013067170401,Corporation,2021335.42,2020-09-27
BYR-2499,Jessica,Frost,pamelabailey@example.net,0013025487565452,Investor,273195.8,2023-06-17
BYR-2500,Sharon,Small,ogrimes@example.org,7583032039690,Individual,2235742.26,2024-02-28
BYR-2501,David,Hamilton,bartlettlogan@example.net,6082013857,Individual,2158552.48,2019-01-11
BYR-2502,Heather,Huerta,nmorton@example.com,22146017773752,Individual,1779119.37,2021-05-10
BYR-2503,Richard,Hall,invalid email,2066566217,Corporation,1484279.23,2024-04-19
BYR-2504,Steven,Gates,amy73@example.com,4742354971,Corporation,2369144.46,2020-09-14
BYR-2505,Darrell,James,jose47@example.com,805271298066734,Individual,116225.6,2021-10-27
BYR-2506,Ronald,Rowe,jrivera@example.com,3773550587123,Individual,2354348.44,2019-11-01
BYR-2507,Kristen,Murphy,jennifer15@example.com,3647393740,Individual,405771.47,2023-10-28
BYR-2508,Thomas,Miller,akaufman@example.com,5764252211,Investor,2698580.98,2023-08-15
BYR-2509,Thomas,Francis,larseneric@example.net,149835170958820,Corporation,1567271.82,2020-10-09
BYR-2510,Leah,Hardin,bautistamary@example.net,73795592418611,Individual,2920877.33,2020-08-24
BYR-2511,Nicole,Lang,william01@example.org,00154468393788122,Investor,752161.07,2024-02-29
BYR-2512,Karen,Taylor,chandlerangela@example.com,85479160115354,Individual,2687686.78,2023-12-19
BYR-2513,Kristen,Hardin,gwilliamson@example.org,64367320194443,Individual,324545.37,2022-07-07
BYR-2514,Jordan,Jenkins,invalid email,892634667705892,Investor,2809501.22,2023-06-18
BYR-2515,Tina,Mason,thomasanderson@example.org,13155375887,Individual,1668163.38,2022-02-12
BYR-2516,Caleb,Martin,elijahbowen@example.org,18637535265714,Corporation,1434283.73,2021-08-30
BYR-2517,Erica,Rice,leemichelle@example.com,34122410316400,Individual,808275.77,2020-10-10
BYR-2518,Barbara,Thornton,carllane@example.org,18068363066406,Investor,1573199.77,2024-03-19
BYR-2519,Luke,Russell,cherylsmith@example.org,14356999376162,Investor,2388828.54,2022-01-01
BYR-2520,Bradley,Price,jessicaball@example.com,166527883965408,Individual,120744.42,2023-10-24
BYR-2521,Joel,Pace,daguirre@example.org,00173038618218109,Individual,1837586.08,2021-09-17
BYR-2522,John,Patrick,aross@example.net,25267161317642,Individual,896855.79,2022-11-01
BYR-2523,Kenneth,Hampton,petersonsteven@example.org,7587158562,Investor,596070.23,2021-12-17
BYR-2524,Amy,Rich,vasquezregina@example.net,12725848896,Investor,2516049.15,2019-08-07
BYR-2525,Michael,Hansen,victorbarnett@example.org,134990100084405,Investor,224264.57,2020-09-03
BYR-2526,Garrett,Dunn,pattersonlisa@example.net,3755248900,Individual,2480523.69,2020-08-20
BYR-2527,Kyle,Braun,kevinsmith@example.com,6444304547,Individual,1037553.15,2023-01-18
BYR-2528,Joshua,Molina,erickim@example.net,8206821923232,Individual,1222764.71,2021-05-09
BYR-2529,David,Dominguez,eduardo25@example.com,1814651092755637,Corporation,2911647.49,2019-12-09
BYR-2530,Alexis,Cruz,jwillis@example.org,5219965595,Investor,1573199.77,2021-08-03
BYR-2531,Jacob,Young,invalid email,0012274350804652,Individual,1574550.3,2020-07-11
BYR-2532,Michael,Scott,gnovak@example.com,2299837121,Individual,1526536.06,2023-09-06
BYR-2533,Deborah,Park,gutierrezbenjamin@example.org,5469471599,Corporation,1741207.01,2023-03-24
BYR-2534,Sherry,Li,michaelcarter@example.org,12812321180541,Individual,1950166.94,2023-12-16
BYR-2535,Kenneth,Bender,victoriacoleman@example.com,7529582895,Investor,523233.64,2022-07-31
BYR-2536,Carrie,Olsen,jamesgarcia@example.com,4405508312,Individual,449240.38,2019-04-12
BYR-2537,Jeffrey,Phillips,steven22@example.org,44044225590172,Individual,2557320.13,2023-08-30
BYR-2538,Caroline,Johnson,wmartinez@example.com,366432929791598,Individual,2715337.45,2023-02-23
BYR-2539,Deborah,Carter,daviswilliam@example.org,6309748378,Individual,431278.64,2019-07-15
BYR-2540,Eric,Weber,invalid email,0017614925355,Individual,2321746.57,2019-08-19
BYR-2541,Stephanie,Arellano,kristinmason@example.com,0015999841873,Individual,2941496.6,2019-02-27
BYR-2542,Felicia,Summers,melissa02@example.org,573885069522684,Individual,2817425.33,2019-03-05
BYR-2543,Cory,Edwards,jeffrey68@example.com,2492456250,Investor,998139.56,2021-09-19
BYR-2544,Stephanie,Mack,vsmith@example.net,5887915859,Individual,1526536.06,2019-11-04
BYR-2545,Anthony,Garrett,parkbrittany@example.net,56239020828410,Individual,565405.97,2022-05-21
BYR-2546,Elizabeth,Wise,glewis@example.org,1678991151118669,Individual,2580661.84,2020-05-11
BYR-2547,Pamela,Johns,nsmith@example.net,79193411237050,Individual,872473.25,2023-05-16
BYR-2548,Cynthia,White,gallegospaul@example.net,00124942637147805,Investor,1573199.77,2020-08-14
BYR-2549,Jonathan,Gray,robert14@example.net,7212858670,Individual,1526536.06,2021-01-12
BYR-2550,Isaac,Johnson,invalid email,1596637011247380,Investor,1573199.77,2023-09-23
BYR-2551,Stephanie,Hunt,ttorres@example.com,3078740403,Individual,1526536.06,2023-08-26
BYR-2552,Eric,Wade,stewartvictoria@example.com,6499973262071,Individual,2100455.87,2023-11-27
BYR-2553,Robert,Allen,joseph45@example.org,936904317446699,Individual,1526536.06,2023-11-06
BYR-2554,Jenny,Smith,nicolehuber@example.org,00184465075063957,Corporation,1176141.86,2019-02-11
BYR-2555,Gerald,Nelson,invalid email,001996641885463310,Investor,1429524.52,2020-12-10
BYR-2556,Brittany,Winters,peter06@example.org,630985605445619,Individual,2398712.75,2024-02-06
BYR-2557,Teresa,Oliver,guerraclifford@example.net,18162972321154,Individual,1222619.59,2023-02-07
BYR-2558,Rose,Garrett,ana91@example.org,0012306503323,Individual,2626989.57,2019-06-07
BYR-2559,Jessica,Silva,debraandrews@example.org,1589295029155591,Individual,2731668.06,2019-01-16
BYR-2560,Matthew,Lindsey,daniel63@example.com,846860739813910,Individual,1526536.06,2021-12-02
BYR-2561,Jack,Greer,cherrera@example.net,3854054485,Investor,2188585.74,2024-02-20
BYR-2562,Robert,Jones,shawnarnold@example.net,18312384229382,Individual,1512025.56,2019-04-13
BYR-2563,Lori,Shaw,wadams@example.org,8142817159560,Individual,1110820.73,2023-03-30
BYR-2564,Kevin,Watson,edaniel@example.com,395982863229602,Individual,325335.19,2020-03-10
BYR-2565,David,Watson,karen59@example.net,0019702556044731,Individual,2027879.95,2022-11-18
BYR-2566,Nicole,Thomas,invalid email,944215551889908,Individual,1952107.97,2022-11-27
BYR-2567,Dan,Boyd,cgibson@example.org,001278492741135139,Individual,1069995.82,2023-07-24
BYR-2568,Michael,Smith,dmiller@example.org,4383021303842,Individual,2765855.68,2020-02-26
BYR-2569,Tonya,Smith,arivera@example.com,4444402153,Individual,1999226.96,2021-04-10
BYR-2570,Christopher,Brown,john62@example.org,8595803009,Individual,1526536.06,2022-01-20
BYR-2571,Holly,Woods,invalid email,5598476625,Investor,466210.64,2023-05-25
BYR-2572,Sandra,Wilson,liudavid@example.net,749833629720850,Individual,983910.67,2022-10-17
BYR-2573,Sabrina,Ruiz,kelly64@example.org,56076669729496,Investor,2723449.72,2019-01-20
BYR-2574,Derrick,Vargas,christopher74@example.org,1844207820901888,Individual,1526536.06,2024-04-07
BYR-2575,Kathleen,Clark,jennifer15@example.net,5539972390,Individual,1043272.14,2020-12-19
BYR-2576,Joanna,Blevins,sherridrake@example.net,19363108551,Trust,2319895.94,2021-10-17
BYR-2577,Kenneth,Ho,invalid email,3373400644,Individual,2004410.31,2019-02-15
BYR-2578,William,Palmer,tuckercody@example.net,6515233045,Investor,1468843.17,2023-05-17
BYR-2579,Kenneth,Harris,scott39@example.com,48879540634412,Individual,1971443.41,2019-02-02
BYR-2580,Robert,Anderson,gmayo@example.org,8177776234589,Investor,736235.18,2019-06-05
BYR-2581,David,Moss,cpeters@example.com,2544073250,Individual,461126.29,2020-07-06
BYR-2582,David,Dominguez,richardgilbert@example.org,4319425145269,Individual,246275.44,2023-08-20
BYR-2583,Kayla,Garcia,amann@example.org,863247908473024,Individual,644849.59,2019-06-29
BYR-2584,Karen,Rodriguez,jennifer20@example.com,3675026313644,Investor,101196.64,2023-01-20
BYR-2585,Julie,Ho,jennifermorgan@example.net,0017679548241220,Corporation,2854868.7,2023-09-02
BYR-2586,Julie,Griffith,andrea09@example.org,00199723194896738,Investor,1573199.77,2019-12-15
BYR-2587,Patricia,Thomas,moniquecamacho@example.org,15062268489051,Individual,2502768.7,2019-10-12
BYR-2588,Wendy,Smith,brittanymccarthy@example.net,9126099676984,Individual,1741639.08,2020-07-15
BYR-2589,Jillian,Harrell,rpayne@example.com,19278773177859,Individual,1785676.82,2022-01-15
BYR-2590,Regina,Kim,avelez@example.org,80372843192083,Individual,2551019.13,2019-02-06
BYR-2591,Joel,Reyes,jacobskristin@example.net,280799436802908,Corporation,1484279.23,2024-01-22
BYR-2592,Megan,Mclaughlin,townsenddiana@example.net,2603897438018,Individual,981292.81,2021-02-14
BYR-2593,Joseph,Cross,invalid email,46365558570631,Investor,646171.09,2021-11-12
BYR-2594,Samantha,Marquez,amygarcia@example.com,00153723468381029,Investor,1875524.54,2024-02-23
BYR-2595,Robert,Jacobs,jillwoodward@example.net,749517025412205,Individual,436216.22,2023-11-30
BYR-2596,Lisa,Murray,dwright@example.com,5298563908,Individual,1526536.06,2020-12-19
BYR-2597,Brooke,Mahoney,jennifer51@example.com,00181250554122168,Individual,2031152.68,2020-03-07
BYR-2598,Ricky,Moore,erichorton@example.com,78292192361062,Investor,2224901.74,2022-03-18
BYR-2599,Sheila,Riley,jsalazar@example.net,3345484475,Investor,1385881.36,2019-10-20
BYR-2600,Scott,Erickson,hayleyblackwell@example.org,42529537731802,Investor,2721053.72,2023-12-27
BYR-2601,Paul,Baldwin,dhoward@example.org,5596342079681,Investor,2199520.4,2023-02-16
BYR-2602,Ashley,Cook,samuel63@example.org,835543765585478,Corporation,1417660.85,2020-12-29
BYR-2603,Jacob,Acevedo,hedwards@example.net,331448234648114,Investor,1291818.89,2019-05-11
BYR-2604,Stephanie,Williamson,nmadden@example.com,5317006562120,Individual,859478.71,2019-07-21
BYR-2605,Marie,Lang,cohenronnie@example.net,6669870833,Trust,479120.51,2021-09-17
BYR-2606,Vincent,Moon,christopherjones@example.com,51433706295333,Investor,2204289.73,2023-01-25
BYR-2607,Alicia,Marshall,aoneal@example.org,823269741019506,Investor,2405653.82,2021-01-14
BYR-2608,Raymond,Diaz,gregory21@example.org,5142668441293,Investor,2117466.71,2022-04-15
BYR-2609,Donald,Perez,howardbrittany@example.net,177873838220656,Individual,2949741.4,2021-07-15
BYR-2610,Todd,Rhodes,stephanie43@example.com,3075680319,Individual,1564430.2,2023-10-05
BYR-2611,Melanie,Walker,florestammy@example.org,8965319624,Individual,1300030.51,2019-05-25
BYR-2612,Daniel,Townsend,eduran@example.org,3584944175,Individual,1526536.06,2024-06-14
BYR-2613,Anna,Carter,joshuapowell@example.net,5306942608,Corporation,1247148.52,2019-12-14
BYR-2614,Paula,Bennett,chelsey51@example.net,9873844412159,Individual,1694799.72,2019-09-03
BYR-2615,Amanda,Johns,wgardner@example.net,0015575255546001,Individual,1775866.78,2019-06-19
BYR-2616,Linda,Jones,michele21@example.com,7068626604,Individual,2253499.13,2020-09-09
BYR-2617,Nancy,Lopez,margaret29@example.net,3567165834,Individual,2878564.2,2021-05-10
BYR-2618,Monica,Lynn,smithsue@example.net,6239669412728,Investor,1247369.13,2024-05-14
BYR-2619,Chad,Eaton,quinnzachary@example.org,45058648066189,Individual,2459489.04,2019-08-04
BYR-2620,Derek,Brown,mary60@example.org,5538942048,Investor,1556080.34,2023-12-03
BYR-2621,Cassandra,Jordan,cjohnson@example.org,65690960126571,Individual,2691157.52,2024-04-04
BYR-2622,Andrew,Goodwin,davispatrick@example.org,1222631218181528,Investor,2126354.5,2019-03-03
BYR-2623,Donald,Miller,vanessa84@example.com,6729261661371,Individual,2353244.84,2022-12-07
BYR-2624,Sandra,Matthews,randy59@example.com,8606932235,Individual,1612627.0,2020-09-26
BYR-2625,Michelle,Walker,wobrien@example.net,16913087198805,Individual,1463228.59,2020-12-14
BYR-2626,Karen,Santos,wendyadams@example.org,128780040780006,Individual,2202652.4,2020-01-24
BYR-2627,Linda,Bean,alexanderlisa@example.net,13504006715855,Corporation,707488.13,2022-03-06
BYR-2628,Dylan,Sellers,ewilliams@example.net,48070010995659,Individual,1526536.06,2021-05-25
BYR-2629,Drew,Brown,ahoward@example.net,2866402297,Corporation,1096661.49,2022-10-04
BYR-2630,David,Collins,jessica44@example.com,5876509868,Individual,1526536.06,2020-02-06
BYR-2631,Gary,Ross,allenjohn@example.net,8688602830,Corporation,2765003.32,2024-04-16
BYR-2632,Shawn,Hines,zkeith@example.net,8093889833988,Investor,219670.46,2020-06-25
BYR-2633,Jamie,Fowler,alexander03@example.org,23059424059894,Individual,2642524.39,2023-08-02
BYR-2634,Claudia,Lynch,robertskayla@example.org,9564721594,Individual,2040279.35,2019-06-25
BYR-2635,Kenneth,Rice,traviseaton@example.org,434756330735160,Individual,1526536.06,2022-03-27
BYR-2636,Hannah,Harrington,richard79@example.org,4794769576,Individual,2595639.81,2023-09-07
BYR-2637,Dawn,Perez,jennifer73@example.net,4318133149,Investor,586373.66,2022-02-13
BYR-2638,Howard,Espinoza,feliciabates@example.com,5907828902,Individual,2266472.76,2022-11-07
BYR-2639,April,Small,benitezmisty@example.org,16394712525,Individual,1319354.87,2019-07-29
BYR-2640,Chad,Reynolds,meganmcbride@example.com,001256380433346804,Individual,1043796.61,2023-06-10
BYR-2641,James,Murphy,catherine06@example.com,20428434362761,Investor,1964997.05,2022-12-31
BYR-2642,Nathan,Gonzalez,patriciatucker@example.net,13703933183,Individual,1843180.48,2020-10-27
BYR-2643,Anthony,Carpenter,amandayoung@example.org,50346905555544,Individual,224595.74,2020-12-25
BYR-2644,Theresa,Jensen,brian35@example.org,001360241183498682,Individual,1134865.3,2019-04-29
BYR-2645,Peter,Rose,tonya78@example.com,61238691298632,Investor,1388677.89,2019-03-02
BYR-2646,Timothy,Murray,megan33@example.net,8216443659334,Individual,2611384.71,2022-09-22
BYR-2647,Sally,Taylor,williamfreeman@example.com,364426914468262,Investor,1302207.63,2021-10-07
BYR-2648,Kyle,Hanna,iwilliams@example.com,8452625995,Corporation,2292457.03,2024-01-16
BYR-2649,Megan,Patton,invalid email,52089234654134,Corporation,2934200.91,2022-02-15
BYR-2650,Amber,Durham,sandrawagner@example.net,9424385597,Individual,2832491.06,2022-04-26
BYR-2651,Kathleen,Rodriguez,anthony24@example.com,00190462653702964,Individual,1637629.94,2020-12-18
BYR-2652,Cynthia,Reid,amandapineda@example.com,173292341692174,Individual,1526536.06,2023-09-21
BYR-2653,Blake,Pena,kristyjohnson@example.net,0015868541632,Individual,1612451.92,2023-01-02
BYR-2654,James,Ward,maryallen@example.org,896845818662550,Individual,2452776.06,2022-04-14
BYR-2655,Justin,Nelson,brockray@example.org,16445302059662,Investor,1230112.41,2021-04-12
BYR-2656,Wesley,Coleman,andrew87@example.org,0012838081631,Individual,858308.63,2022-11-18
BYR-2657,Kathleen,Bell,johnsondon@example.org,952623535833305,Individual,1006633.57,2023-12-29
BYR-2658,Christopher,James,anthonypham@example.com,12237633981,Investor,1498999.94,2021-11-22
BYR-2659,Destiny,Torres,laura88@example.net,4092005784,Investor,837735.7,2021-12-31
BYR-2660,Angela,Rice,thomas75@example.net,890777406079387,Individual,2928156.57,2020-11-14
BYR-2661,Janet,Pacheco,kevin09@example.org,4977215211909,Investor,1489735.48,2023-08-05
BYR-2662,Julie,Brown,knightmichael@example.net,8263709599042,Investor,2422567.25,2020-01-27
BYR-2663,Kristin,Townsend,asullivan@example.org,195887729415409,Investor,1573199.77,2022-07-16
BYR-2664,Cassie,Owens,gmartinez@example.org,0013928284053573,Investor,1882752.78,2021-11-24
BYR-2665,Meredith,Cooper,andrea35@example.org,4013354258,Individual,2861081.15,2024-04-27
BYR-2666,Ronald,Jackson,nathanthompson@example.com,148599082118370,Individual,1526536.06,2024-06-13
BYR-2667,Mikayla,Scott,hwalker@example.com,9865694413787,Individual,345863.04,2021-10-29
BYR-2668,Michelle,Berg,dianamiller@example.org,3742303215,Investor,1880653.87,2022-04-09
BYR-2669,Michelle,Arroyo,fmoore@example.org,42398829375360,Individual,1526536.06,2023-04-27
BYR-2670,April,Brewer,cwarren@example.net,4572918670,Individual,1480510.99,2021-04-20
BYR-2671,Brenda,Jordan,andrewgarrison@example.net,7057982400279,Investor,1332501.82,2022-09-10
BYR-2672,James,Hall,knolan@example.net,6629723266,Individual,1526536.06,2022-05-09
BYR-2673,James,Ross,michellerodriguez@example.com,16193890897637,Individual,509320.36,2019-06-21
BYR-2674,James,Peterson,gobrien@example.org,9042313035,Individual,1353633.3,2021-10-09
BYR-2675,Brandon,Rowe,cyoung@example.com,0012118524423,Individual,1843268.03,2021-02-20
BYR-2676,Kenneth,Bennett,margaret47@example.org,1692899643417124,Individual,2590000.33,2021-04-11
BYR-2677,Gabriel,Lewis,martinsamantha@example.com,19848664686830,Individual,1526536.06,2023-04-25
BYR-2678,Heather,Murphy,reginald56@example.com,166595385994836,Investor,2404408.91,2023-12-03
BYR-2679,John,Stevenson,bfaulkner@example.org,16607349626730,Individual,1459913.18,2020-01-07
BYR-2680,Daisy,Rodriguez,uweber@example.org,753571887513925,Individual,1602775.56,2019-11-05
BYR-2681,Michael,Smith,tracy38@example.com,19528695178030,Investor,939418.74,2023-04-07
BYR-2682,George,Rodgers,william93@example.org,61189443209973,Individual,1430256.37,2021-08-18
BYR-2683,Jeffrey,Hart,ccook@example.net,5866366494019,Individual,1219334.31,2022-01-31
BYR-2684,Vincent,Scott,ptucker@example.com,00188993782266094,Individual,1526536.06,2022-02-01
BYR-2685,Jason,Moore,kirsten59@example.com,00173389325314536,Individual,294844.58,2024-03-21
BYR-2686,Erika,Mercado,lloydanthony@example.net,7278125672,Investor,1296402.99,2020-03-16
BYR-2687,William,Gardner,davidshelton@example.net,3838274553,Individual,125430.86,2024-02-27
BYR-2688,Sarah,Dyer,dodsonnatasha@example.org,166475971174911,Individual,1886484.95,2021-04-27
BYR-2689,Caleb,Drake,tinaspencer@example.com,191343599391948,Individual,459161.85,2019-03-10
BYR-2690,Tina,Clay,nataliealvarado@example.com,14197130313992,Individual,248833.49,2020-06-04
BYR-2691,Timothy,Kelly,joshua79@example.net,8724757592,Individual,691333.35,2021-12-27
BYR-2692,Tyrone,Garcia,megannavarro@example.org,8595904494,Individual,2132347.58,2024-01-11
BYR-2693,Brian,Singh,swilliams@example.com,9727957773907,Individual,874598.53,2020-10-25
BYR-2694,Elizabeth,Coffey,ebaird@example.org,13758167929457,Corporation,2689226.57,2019-04-27
BYR-2695,Nicholas,Stevens,carrie59@example.org,3552299799,Individual,2429746.24,2020-10-30
BYR-2696,Victoria,Williams,julierobinson@example.net,5074941758697,Investor,2881266.7,2022-05-18
BYR-2697,Tina,Ellison,waltersalexandra@example.net,384523142905649,Individual,2739358.22,2019-12-07
BYR-2698,Casey,Singh,stevengarcia@example.com,88125951330772,Corporation,817646.35,2022-09-26
BYR-2699,Carrie,Turner,john98@example.org,428857765524119,Individual,2458699.23,2023-06-15
BYR-2700,Felicia,Mills,nhoffman@example.net,2464762071,Individual,2942369.91,2022-08-19
BYR-2701,Sarah,Briggs,fbutler@example.com,00163965484643162,Investor,1596770.84,2022-03-06
BYR-2702,Sarah,Avila,robertmoore@example.org,8764867518923,Individual,2813871.58,2022-08-23
BYR-2703,Lindsay,Richards,brittanywilliams@example.com,3034377954,Corporation,1060512.95,2019-11-29
BYR-2704,Cristina,Gutierrez,michael46@example.com,168527504860917,Individual,1526536.06,2021-03-25
BYR-2705,Cynthia,Morrison,thompsonmichael@example.com,18657835301090,Individual,1253312.99,2023-01-14
BYR-2706,Luis,Booker,millerdana@example.com,3507842347,Individual,1526536.06,2019-08-17
BYR-2707,Steven,Johnson,jake24@example.org,9955060092,Individual,1526536.06,2022-12-01
BYR-2708,Beth,Jackson,qsims@example.net,0016754787746215,Investor,1624930.41,2021-03-31
BYR-2709,Kelly,Benitez,invalid email,94495193995415,Investor,1301047.7,2020-05-10
BYR-2710,Kayla,Perez,linda86@example.org,3452417031072,Investor,1573199.77,2023-08-14
BYR-2711,Andrea,Kaufman,mark92@example.org,0016894935214,Individual,854011.32,2022-10-20
BYR-2712,Cynthia,Thompson,johnsonlinda@example.com,71829568804423,Investor,1573199.77,2022-08-08
BYR-2713,Justin,Barrera,csmith@example.org,6653475922913,Investor,1712326.09,2022-02-01
BYR-2714,Donald,Sanchez,davisdalton@example.org,00167036653291322,Individual,357422.85,2022-08-17
BYR-2715,James,Newman,mcconnellbrandon@example.org,7464132880,Individual,782049.09,2020-11-18
BYR-2716,Crystal,Sheppard,russellbrittany@example.net,19873221748,Corporation,652056.88,2019-04-27
BYR-2717,James,Norman,hannah61@example.com,3002520193,Corporation,2289028.64,2024-05-03
BYR-2718,Vincent,Murphy,invalid email,0012896704778560,Investor,1340898.27,2019-04-29
BYR-2719,Heather,Johnson,gdunn@example.org,3065055874,Individual,2951226.87,2019-02-13
BYR-2720,Bryan,Wallace,greenchristopher@example.net,1852206445870072,Individual,2534725.24,2019-02-20
BYR-2721,Debbie,Ballard,jessicasmith@example.org,19139137892402,Corporation,721959.61,2019-07-30
BYR-2722,Rodney,Miller,samanthalopez@example.org,428396641808069,Individual,1682139.09,2022-08-12
BYR-2723,Sandra,Hayes,robertgarcia@example.net,8358969244,Investor,2397356.5,2021-12-20
BYR-2724,Michael,Dawson,paula05@example.com,9794827353,Corporation,1454741.36,2022-05-03
BYR-2725,Laura,Hill,brandonmunoz@example.org,3437604235,Investor,2922095.76,2019-10-31
BYR-2726,Tanner,Alvarez,danielshaw@example.net,3426865812983,Individual,276493.89,2024-02-09
BYR-2727,Richard,Weber,szimmerman@example.org,986218162636132,Individual,2698347.16,2023-03-20
BYR-2728,Nicole,Strong,jonathanporter@example.net,00173588527183278,Individual,884508.37,2021-03-22
BYR-2729,Jose,Tran,stricklandlindsey@example.com,42888854886302,Individual,1678964.82,2021-05-25
BYR-2730,Molly,Barnes,daniel74@example.net,645795548956879,Trust,945066.33,2020-12-24
BYR-2731,Matthew,Hickman,rodriguezbrianna@example.org,76220395261896,Individual,2565605.0,2019-01-08
BYR-2732,Deborah,Chen,thomas22@example.net,8865646174438,Individual,1526536.06,2021-12-23
BYR-2733,James,Stevens,charles85@example.org,74562550365356,Investor,2189885.57,2021-11-20
BYR-2734,Kayla,Rogers,javier44@example.org,5547934186,Corporation,939926.33,2020-07-03
BYR-2735,Michelle,Berry,gabrielle83@example.net,84480263447038,Investor,1573199.77,2023-06-26
BYR-2736,Robin,Watkins,christine78@example.com,0019086822729,Individual,471080.45,2021-12-31
BYR-2737,Bruce,Huang,brandon06@example.com,53746911158660,Individual,1569769.39,2021-03-14
BYR-2738,Catherine,Mccormick,barbaraswanson@example.com,9577580998142,Investor,2813183.06,2023-01-27
BYR-2739,Mark,Williams,james57@example.net,8616263542520,Investor,2278943.82,2024-06-28
BYR-2740,Jordan,Stephens,browntyler@example.org,6517446949180,Individual,1158497.87,2019-03-02
BYR-2741,Alan,Berry,christopher07@example.org,5907990529,Individual,1526536.06,2021-10-01
BYR-2742,Alicia,Henry,john28@example.net,33152654732292,Trust,2355302.85,2019-05-21
BYR-2743,Rebecca,Smith,wellsthomas@example.org,19858736467,Trust,2510809.47,2019-10-13
BYR-2744,Jason,Johnson,daniel73@example.net,8088145636,Investor,2122356.97,2024-04-07
BYR-2745,Mary,Bush,abbottbryan@example.org,4462791613,Individual,1242317.03,2022-05-19
BYR-2746,Lisa,Yates,tmcdaniel@example.com,5664406060,Individual,2186344.43,2022-05-28
BYR-2747,Deanna,Medina,ablanchard@example.org,204324233993534,Investor,924320.46,2021-12-20
BYR-2748,Katherine,Smith,qconrad@example.org,16542495322557,Individual,2776422.75,2023-11-14
BYR-2749,Stephanie,Wilson,lauren91@example.org,3977964846,Investor,2787322.66,2020-03-23
BYR-2750,Christopher,Bond,ganderson@example.net,910429980058005,Individual,1229550.57,2020-05-11
BYR-2751,Heidi,Cox,invalid email,26638573974418,Individual,1656897.57,2020-04-13
BYR-2752,Lisa,Simmons,fhansen@example.org,8718112566,Individual,180090.01,2022-06-05
BYR-2753,Omar,Holder,laura36@example.net,0019774002491,Investor,2805340.88,2019-12-19
BYR-2754,Samuel,Stephens,hillantonio@example.com,18329087208,Investor,2630896.95,2021-03-08
BYR-2755,Aaron,King,walkerkyle@example.net,4733463587,Individual,2226274.72,2020-05-11
BYR-2756,Kathryn,Francis,elizabeth07@example.org,8412765679,Investor,2754972.44,2021-10-31
BYR-2757,Carrie,Duran,gloverkristine@example.org,27396275125116,Individual,2043533.93,2021-10-29
BYR-2758,Sandra,Jordan,williamsjennifer@example.com,5214291606,Individual,1644128.87,2022-05-13
BYR-2759,Paul,Hunter,erikabrown@example.net,147035904032056,Individual,541588.15,2019-10-11
BYR-2760,Louis,Tanner,vwalters@example.net,7357552594563,Individual,437254.61,2023-12-03
BYR-2761,Jesus,Foster,margaret13@example.net,12656224926,Corporation,1795873.59,2023-12-31
BYR-2762,Ryan,Jacobson,christinedoyle@example.org,8983331021,Individual,1526536.06,2020-08-08
BYR-2763,Yolanda,Jacobs,shanegomez@example.com,001741908455636042,Individual,1939889.75,2022-01-11
BYR-2764,Anita,King,nwade@example.org,64254144878479,Investor,1573199.77,2019-02-01
BYR-2765,Mary,Burns,jmartinez@example.net,6535068405000,Individual,1127426.93,2021-07-02
BYR-2766,Jennifer,Crawford,invalid email,00134765896101412,Individual,2841924.35,2023-02-18
BYR-2767,Pamela,Henderson,petersaustin@example.net,8345718720344,Individual,194848.25,2019-09-04
BYR-2768,Joseph,Price,anielsen@example.org,32099969430748,Individual,1576693.56,2024-04-19
BYR-2769,Diana,Lowery,phillipsjohn@example.org,00166767414130904,Individual,818155.29,2022-07-05
BYR-2770,Anthony,Gillespie,underwoodalexander@example.org,5408040437051,Individual,619560.99,2023-06-10
BYR-2771,Brian,Roberson,markwells@example.org,13568671883444,Corporation,2634311.15,2021-07-16
BYR-2772,Jamie,Smith,schmidtdaniel@example.com,55997990474736,Trust,2381218.09,2023-04-01
BYR-2773,Jennifer,Oconnor,christinarodriguez@example.net,72038350693340,Investor,1221011.39,2023-09-05
BYR-2774,Walter,Edwards,davenportchris@example.net,9742095505915,Individual,1677404.86,2023-07-05
BYR-2775,Aaron,Weber,andrewaguilar@example.com,99365581725066,Individual,200552.95,2022-06-11
BYR-2776,Lisa,Jones,ejohnson@example.org,15885263086,Individual,1407982.93,2023-07-27
BYR-2777,Tammy,Williams,stevengonzalez@example.net,12964105583,Investor,2177310.3,2024-06-23
BYR-2778,Anthony,Fox,margaret13@example.com,2264259506,Individual,1273711.17,2019-10-10
BYR-2779,Shane,Smith,josephwheeler@example.org,7609901398,Corporation,2133101.29,2020-06-05
BYR-2780,Patricia,Martin,phillipsrobert@example.com,9005722153,Individual,206812.32,2021-09-24
BYR-2781,Jean,Lee,rogersrebecca@example.net,36026971546124,Individual,1900301.09,2023-12-07
BYR-2782,Tina,Sanchez,gwiggins@example.org,1599990207371284,Individual,745597.9,2020-07-03
BYR-2783,Stacey,Wilson,mlopez@example.org,2688394291,Individual,1526536.06,2022-03-07
BYR-2784,Brian,Green,melanieswanson@example.net,6642052449898,Individual,1250215.14,2024-04-30
BYR-2785,Cory,Shaffer,alvin33@example.net,9714010413215,Investor,1684575.21,2019-08-18
BYR-2786,Justin,Elliott,mmeyers@example.com,3707769685,Individual,1028486.63,2022-11-09
BYR-2787,Samantha,Murray,ashley10@example.com,934210654436677,Corporation,2397137.83,2021-02-18
BYR-2788,Aaron,Garcia,garzakim@example.net,7992451503,Corporation,526924.13,2021-09-24
BYR-2789,William,Hanson,jacobhawkins@example.com,1664367435480380,Trust,936161.81,2023-01-27
BYR-2790,Roger,Mcfarland,matthewroberts@example.com,6424926027177,Individual,2105471.74,2023-03-16
BYR-2791,Jacqueline,Phillips,nparker@example.com,5657151606380,Individual,944833.5,2024-04-12
BYR-2792,Bruce,Mclean,christina09@example.net,79735370701646,Investor,911809.15,2024-02-13
BYR-2793,Kirk,Brown,invalid email,2446568082,Investor,1653961.24,2023-12-21
BYR-2794,Nancy,Love,antonio35@example.org,15328100804527,Investor,990129.35,2022-04-02
BYR-2795,Eric,Pierce,katrinasherman@example.org,3906889478729,Corporation,1887866.93,2024-03-05
BYR-2796,William,Bailey,gregory47@example.org,1948519051769487,Individual,1817997.12,2023-09-08
BYR-2797,Candace,Elliott,anne41@example.com,94234179421661,Investor,1273423.84,2023-05-16
BYR-2798,Jennifer,Vaughn,debbiebarrett@example.net,3042622924,Individual,2793574.27,2021-11-04
BYR-2799,Jessica,Hines,rossjames@example.net,5108027857,Individual,2254597.87,2019-02-17
BYR-2800,Tracy,Garcia,cristian71@example.com,9962699569720,Individual,2177696.74,2021-01-12
BYR-2801,Brandon,Case,jason08@example.com,2912572829653,Individual,1163835.19,2019-08-09
BYR-2802,Richard,Jimenez,reyeswilliam@example.net,7226165587,Individual,938376.32,2021-12-11
BYR-2803,Scott,Brennan,idorsey@example.net,7617925710,Individual,1570324.08,2020-06-15
BYR-2804,Brittany,Jones,schmidtmegan@example.com,5903514372,Investor,1597588.95,2021-11-04
BYR-2805,Lori,Lopez,fprice@example.net,31779880782027,Individual,176725.29,2019-06-05
BYR-2806,Keith,Jarvis,bmorris@example.org,2997265041,Individual,1834781.65,2019-12-18
BYR-2807,Dawn,Franklin,crawfordmichael@example.net,91180716429256,Individual,558618.57,2023-04-12
BYR-2808,Pamela,Holt,matthew70@example.net,2088708119309,Individual,1146825.68,2022-05-07
BYR-2809,Karen,Stone,ambercraig@example.com,3597405813,Investor,1254860.98,2020-11-07
BYR-2810,Benjamin,Ingram,nsampson@example.net,680576526152005,Investor,1573199.77,2023-09-10
BYR-2811,Joseph,Deleon,henryreed@example.net,9723967428427,Individual,2135044.14,2023-08-24
BYR-2812,Rhonda,Bennett,natalieowens@example.org,4858745528,Corporation,1957757.39,2023-06-07
BYR-2813,Julie,Flowers,courtneygoodman@example.net,4936989723,Individual,1868170.5,2019-04-19
BYR-2814,Paul,Smith,amyparker@example.com,4803217228,Investor,2628672.31,2023-09-10
BYR-2815,Jessica,Rodriguez,vrivas@example.net,35471729370860,Investor,1573199.77,2022-10-14
BYR-2816,Stephen,Jackson,christopherwalls@example.com,5594977753,Individual,663203.12,2021-01-15
BYR-2817,Danielle,Cook,jessicalee@example.net,14662427606,Individual,913912.49,2023-03-09
BYR-2818,Jasmine,Bernard,douglas51@example.net,6629484990,Corporation,2190011.18,2019-06-01
BYR-2819,Jesse,Dillon,smithtodd@example.org,16867016003,Investor,2012297.1,2020-12-03
BYR-2820,Robert,Rivers,andreadodson@example.com,266745257253800,Investor,414357.33,2022-09-18
BYR-2821,Johnny,Golden,garrettdavid@example.com,19963622431,Individual,1338690.52,2021-11-26
BYR-2822,Gail,Mills,wwiley@example.org,52830475934933,Corporation,1484279.23,2024-06-11
BYR-2823,Brent,Best,ellistravis@example.net,80552462628718,Individual,603328.35,2020-08-03
BYR-2824,Joel,Lopez,invalid email,0012198053325015,Investor,2259580.05,2019-04-28
BYR-2825,Shawn,Smith,uroberts@example.net,623640778045006,Individual,2476755.06,2022-09-27
BYR-2826,Ricky,Taylor,hsmith@example.net,9212646424,Investor,2690672.49,2019-07-15
BYR-2827,Natalie,Ball,mcdonaldwilliam@example.net,9424060326,Individual,203707.62,2023-09-09
BYR-2828,Jacob,Higgins,rdonovan@example.org,44961512863539,Investor,1523002.3,2019-12-12
BYR-2829,Marie,Hoover,megan59@example.org,179727589809392,Individual,1181603.57,2022-10-21
BYR-2830,Leah,Roach,csmith@example.com,19015337370,Investor,1629204.56,2022-09-18
BYR-2831,Jamie,Parker,chaserebecca@example.net,16572413773,Individual,1163293.61,2024-04-02
BYR-2832,Michael,Khan,diana83@example.org,71477294103518,Individual,1707220.56,2023-03-20
BYR-2833,Michael,Carter,brooksgabriel@example.org,001637329468116535,Individual,546853.18,2023-10-25
BYR-2834,Daniel,Hudson,angelamartinez@example.org,526932365454040,Investor,689459.58,2019-04-04
BYR-2835,Benjamin,Farmer,erin74@example.net,80882025135130,Individual,2385135.93,2020-10-18
BYR-2836,Travis,Giles,smithmegan@example.net,5789684199,Individual,2776529.67,2021-08-05
BYR-2837,Antonio,Parks,christinebond@example.net,6057251563,Individual,2859369.27,2023-09-05
BYR-2838,Andre,Smith,emily01@example.com,8842988978,Investor,637661.89,2023-10-13
BYR-2839,Adam,Ellis,margaret34@example.com,0012279822075,Individual,106730.9,2021-05-29
BYR-2840,Gabriel,Vasquez,luis17@example.org,9027816617,Investor,2444631.25,2023-09-29
BYR-2841,Joseph,Garner,emily72@example.com,6189021818,Investor,1573199.77,2022-02-22
BYR-2842,Stephanie,Rowe,margaret30@example.com,8436988477,Individual,2198931.68,2021-12-14
BYR-2843,Molly,Riddle,zmooney@example.org,001235298663164940,Individual,2850751.83,2021-09-30
BYR-2844,Jennifer,Hicks,matthewlamb@example.com,5375403283,Individual,1526536.06,2020-11-09
BYR-2845,Jimmy,Oneal,colejennifer@example.com,9204009745,Individual,2387445.32,2024-03-14
BYR-2846,Julie,Harris,mary68@example.org,18837472009316,Investor,2776780.56,2023-02-09
BYR-2847,Elizabeth,Coleman,washingtondonna@example.com,2904332316,Investor,2117090.24,2023-06-26
BYR-2848,Chris,Perez,harriskathryn@example.com,13595796109701,Individual,1793230.14,2023-06-06
BYR-2849,Anthony,Miller,tgonzalez@example.org,8279797474,Investor,190090.26,2021-11-03
BYR-2850,Gabriel,Howard,andrewcantrell@example.net,20833446727835,Investor,2992906.81,2023-05-11
BYR-2851,Timothy,Berry,kimberly89@example.org,9093565336,Investor,2739008.05,2022-01-12
BYR-2852,Peter,James,ryanmcbride@example.com,00123140559541988,Individual,1692035.75,2019-03-09
BYR-2853,Andrew,Roth,nicole07@example.org,8875815539589,Individual,435422.8,2022-08-16
BYR-2854,Harry,Foster,prichards@example.net,607924194784257,Individual,1609529.06,2023-08-12
BYR-2855,Janet,Medina,sanchezmichael@example.com,985391580116218,Investor,401913.22,2022-02-06
BYR-2856,Scott,Rogers,karenbyrd@example.com,1527294977901681,Investor,232121.26,2023-02-02
BYR-2857,Jessica,Carpenter,george44@example.org,9458202661,Investor,1573199.77,2020-01-27
BYR-2858,Jacqueline,Durham,christierobinson@example.net,16393135030,Investor,2624880.55,2022-06-23
BYR-2859,Stephanie,Vaughn,mario48@example.com,8357381018,Individual,1935300.06,2022-01-01
BYR-2860,Savannah,Munoz,david23@example.net,0014336923603,Individual,934896.05,2022-12-07
BYR-2861,Amanda,Walker,leahavery@example.net,2673033087,Investor,390098.18,2023-04-30
BYR-2862,Scott,Nunez,acox@example.net,0015757454614,Individual,320074.92,2021-12-28
BYR-2863,Carl,Ford,sheltonzachary@example.org,21647456072811,Individual,769512.53,2023-09-25
BYR-2864,Gregory,Gamble,vincent59@example.org,550490457869218,Investor,1296326.97,2021-02-10
BYR-2865,Veronica,Clark,tanner01@example.com,64295935448231,Investor,1573199.77,2022-09-20
BYR-2866,Joan,Torres,nproctor@example.org,00121486650571351,Individual,1526536.06,2021-01-10
BYR-2867,Daniel,Ortega,hsmith@example.com,2297806267,Corporation,1484279.23,2024-04-14
BYR-2868,Allen,Henderson,matthewpearson@example.net,847529257911144,Individual,2174438.39,2023-07-08
BYR-2869,Jesse,Brown,pbrown@example.com,269895886260270,Individual,1476997.94,2019-11-29
BYR-2870,Jason,Velasquez,toddjones@example.org,001641893466063790,Investor,1573199.77,2022-04-19
BYR-2871,Karen,Miller,patricia00@example.com,9945149380,Investor,230008.45,2023-07-13
BYR-2872,Brian,Diaz,gordonjohn@example.com,63125970948222,Investor,1573199.77,2021-11-28
BYR-2873,David,Ramirez,bryan24@example.net,2705789972,Corporation,1001685.04,2024-06-01
BYR-2874,Mark,Johnson,ryan80@example.com,001750525930294125,Investor,1148544.08,2019-07-18
BYR-2875,Melanie,Williams,john69@example.org,0012069920489,Corporation,422919.61,2022-08-06
BYR-2876,Colleen,Fox,kurtjacobs@example.org,791639732437052,Trust,2468238.99,2022-04-10
BYR-2877,John,Scott,shellymanning@example.org,8587292411970,Individual,1959478.83,2022-01-20
BYR-2878,Jason,Horne,thompsonnicole@example.org,2456521825541,Investor,2834271.85,2023-05-21
BYR-2879,Wendy,Solis,kevinliu@example.com,17409353830823,Individual,1098327.12,2023-02-14
BYR-2880,Carla,Howard,volson@example.net,00175989230695844,Individual,2319368.59,2020-03-17
BYR-2881,Candice,Contreras,ygates@example.org,5628337480,Investor,1573199.77,2023-03-30
BYR-2882,Johnny,Williams,roger15@example.net,513984237849960,Investor,2310362.4,2023-12-21
BYR-2883,Michael,Salazar,scottmosley@example.org,6963252858,Individual,2344153.63,2023-02-01
BYR-2884,Sonya,Mcknight,mwells@example.com,5715134949,Investor,1573199.77,2020-06-25
BYR-2885,Pamela,Barber,spencergary@example.org,78560064478289,Investor,1572780.92,2024-02-19
BYR-2886,Kim,Hughes,anna36@example.net,5907848002,Individual,1439961.77,2023-10-10
BYR-2887,Deborah,Murphy,mary22@example.net,178955983784729,Individual,2995717.19,2022-05-15
BYR-2888,Elizabeth,Gonzales,chapmantimothy@example.com,73794280601282,Investor,2341560.33,2020-04-09
BYR-2889,Erica,Rowe,paulmartinez@example.net,6672898590,Investor,1387098.13,2022-12-08
BYR-2890,Jason,Mcclain,amandathompson@example.org,6078638254,Individual,1345058.06,2023-03-20
BYR-2891,Michelle,Howell,william75@example.net,00197071502471735,Individual,262221.21,2020-07-28
BYR-2892,Sean,Gonzalez,hannahkelly@example.org,20545146800339,Individual,1526536.06,2020-02-28
BYR-2893,Rebecca,Dunn,jorgestanley@example.net,12858595494,Individual,979661.41,2019-02-27
BYR-2894,Sharon,Underwood,robertsdrew@example.org,9917356661346,Corporation,1263361.83,2023-09-08
BYR-2895,Ryan,Suarez,daniel04@example.org,5122014116365,Investor,439026.62,2023-04-13
BYR-2896,Betty,Golden,justin34@example.org,61358524593298,Investor,2219562.82,2019-10-06
BYR-2897,Yvonne,Lamb,sarahbullock@example.net,00195486310030570,Investor,1844057.89,2023-07-12
BYR-2898,Shawn,Stephens,russell84@example.net,17682029562389,Corporation,1214651.18,2020-05-01
BYR-2899,Terri,Taylor,vmurray@example.org,127731280241589,Individual,360431.77,2019-04-12
BYR-2900,Stephanie,Aguilar,edwardsthomas@example.org,6616421568,Individual,1668023.85,2020-09-14
BYR-2901,Clayton,Gonzalez,dwall@example.com,12739559628,Trust,1621959.38,2020-12-20
BYR-2902,Terri,Tucker,invalid email,572566771453167,Investor,1677033.04,2022-09-07
BYR-2903,Adam,Woodward,aroy@example.org,7098504868,Individual,916865.91,2023-08-03
BYR-2904,Trevor,Boyle,candaceferrell@example.com,3559021320682,Individual,1723253.31,2019-02-06
BYR-2905,Lisa,Lee,reedjeffrey@example.com,6994772204,Corporation,234241.76,2021-12-15
BYR-2906,Marcus,Kirby,hallhenry@example.org,125975244558058,Trust,606280.65,2024-05-21
BYR-2907,Laura,Sanchez,daviskathryn@example.com,2212507507,Individual,2919330.82,2019-10-29
BYR-2908,Linda,Long,thomasbrian@example.org,17097448469752,Individual,2170574.4,2022-07-31
BYR-2909,Dawn,Madden,brandon02@example.org,713262850490776,Individual,1649365.6,2019-08-17
BYR-2910,John,Harris,rdillon@example.org,4689368757676,Individual,2403163.31,2021-07-16
BYR-2911,Brittany,Anderson,cvaughn@example.com,8677227824,Individual,1526536.06,2023-01-09
BYR-2912,Angela,Moore,invalid email,7236450385,Individual,1526536.06,2024-06-23
BYR-2913,Wanda,Jordan,margaretthomas@example.com,9879628391,Individual,1526536.06,2022-12-24
BYR-2914,Michele,Browning,alyssa68@example.com,83735717824022,Individual,706398.73,2021-07-11
BYR-2915,Eileen,Baker,corey84@example.com,3943852356,Individual,1802218.99,2020-10-12
BYR-2916,Laura,Rogers,heatherbuckley@example.com,9693288428,Investor,2150022.08,2023-09-19
BYR-2917,Michael,Reed,mkline@example.net,12299650909283,Trust,2064134.73,2021-07-16
BYR-2918,James,Gill,invalid email,71834707225307,Individual,526162.39,2020-05-31
BYR-2919,Emily,Cox,alicia70@example.net,2326034357800,Trust,1784120.38,2021-07-04
BYR-2920,Michele,Jones,sandra42@example.com,5597813809673,Individual,2118962.75,2022-08-31
BYR-2921,Anita,Burns,ehicks@example.org,17529209881,Corporation,884250.29,2021-12-30
BYR-2922,Ashley,Black,samuelmack@example.org,0018644558999,Investor,1115666.4,2023-07-08
BYR-2923,Cheyenne,Pierce,sarahopkins@example.net,5967662713915,Corporation,2701309.82,2020-09-25
BYR-2924,Heather,Williamson,katelyn95@example.org,157495572841520,Corporation,2851494.0,2020-10-02
BYR-2925,Danielle,Howard,shannonmckee@example.com,9553530082529,Investor,249266.75,2019-06-30
BYR-2926,Tracey,Hendricks,michaelkelly@example.com,15442313888,Individual,1078697.62,2022-12-27
BYR-2927,Tanner,Hicks,qfernandez@example.org,71820606526505,Individual,1068063.86,2023-06-26
BYR-2928,Jessica,Smith,debraking@example.com,778382478356825,Individual,927124.21,2020-09-29
BYR-2929,Diana,Graham,rebecca81@example.com,4778260745956,Investor,1886512.46,2020-07-26
BYR-2930,James,Kelly,colemanjoyce@example.net,6079772664,Investor,1909434.19,2023-07-12
BYR-2931,Jasmine,Holden,autumnhernandez@example.org,67789795439506,Individual,2110396.82,2024-03-20
BYR-2932,Brendan,Walsh,barbara74@example.net,001658572407205340,Individual,197517.47,2023-01-05
BYR-2933,Matthew,Stafford,ebrown@example.net,66983347065280,Investor,2904435.28,2021-12-22
BYR-2934,Debbie,Murphy,invalid email,574538178421976,Individual,2242937.68,2021-01-13
BYR-2935,Joshua,Sherman,whitney68@example.org,7885456734,Investor,2785734.37,2020-07-02
BYR-2936,Rebecca,Torres,jessica76@example.org,2466279046,Individual,192198.8,2020-01-18
BYR-2937,Jonathan,Flores,colemanchristopher@example.org,401787902458842,Individual,2208972.16,2021-12-29
BYR-2938,Paul,Smith,michael34@example.org,00193963134819887,Individual,2435668.32,2023-10-28
BYR-2939,Emily,Hatfield,luke95@example.org,7503754263364,Individual,2622542.38,2021-04-03
BYR-2940,Christine,Stanton,mparker@example.org,9704881746138,Individual,166049.75,2022-05-13
BYR-2941,Felicia,Thomas,valerie59@example.net,287248500949060,Individual,2868371.22,2023-05-17
BYR-2942,Karen,Smith,tgutierrez@example.com,4326597503982,Individual,1310074.25,2024-06-10
BYR-2943,Carol,Thompson,nhodge@example.org,672592941391255,Individual,2995528.63,2019-06-05
BYR-2944,Kevin,Lucas,nicholselizabeth@example.org,2915853945,Individual,1526536.06,2019-09-07
BYR-2945,Veronica,Martinez,matthew38@example.net,8393934299,Individual,520123.53,2022-01-16
BYR-2946,Chelsea,Cruz,hornjulie@example.org,7908960054,Investor,2439152.19,2019-02-04
BYR-2947,Steven,Estrada,rnavarro@example.net,236984052042452,Individual,2463646.33,2023-10-02
BYR-2948,Paula,Green,torresjacqueline@example.com,8766219185,Investor,1370926.63,2022-01-06
BYR-2949,Riley,Lee,barry07@example.net,6794916414513,Individual,622398.68,2019-09-19
BYR-2950,John,Frey,freemanaudrey@example.net,1400321255537195,Individual,584030.58,2019-02-14
BYR-2951,Paul,Weaver,sarahjohnson@example.org,8539798189,Individual,2873778.09,2023-05-15
BYR-2952,Sandra,Hall,blake95@example.org,2774776929,Investor,818919.97,2023-07-15
BYR-2953,Logan,Wu,johnrogers@example.org,9903413423,Trust,149563.61,2020-03-19
BYR-2954,Kevin,Martinez,kclark@example.net,7264213988,Corporation,2733263.54,2022-09-23
BYR-2955,Anthony,Johnson,williamsoscar@example.net,447786242030074,Corporation,712235.47,2023-07-28
BYR-2956,Angela,Johnson,brookegregory@example.net,6145352832,Individual,834724.25,2021-01-18
BYR-2957,Mark,Mccormick,rperry@example.com,6306668587,Individual,752715.06,2019-08-05
BYR-2958,Bethany,Higgins,moralesmary@example.com,980212692936271,Corporation,1484279.23,2024-03-16
BYR-2959,Steven,Chavez,invalid email,515716529752599,Trust,2390807.3,2019-10-14
BYR-2960,Shane,Harris,susan61@example.org,517445192875723,Trust,2637682.75,2023-10-23
BYR-2961,Cesar,Guzman,jacob33@example.com,94823253801541,Individual,621680.67,2020-09-01
BYR-2962,Kari,Garcia,rickjohnson@example.com,7742299685,Individual,731952.95,2024-03-07
BYR-2963,Erika,George,ronald90@example.net,9007967861,Investor,1573199.77,2021-02-11
BYR-2964,Harold,Maldonado,vasquezfrank@example.net,643616087297211,Individual,1497706.46,2023-05-08
BYR-2965,Sharon,Alexander,morrisvanessa@example.org,54148203066077,Investor,1699828.7,2024-05-11
BYR-2966,Madeline,Bishop,vbrown@example.com,0016307690941,Investor,547230.74,2019-02-18
BYR-2967,Lynn,Smith,stephaniegalloway@example.org,401756603964892,Investor,1292147.37,2024-06-30
BYR-2968,Dan,Barnes,tesparza@example.com,9327164471225,Corporation,2475647.92,2023-07-07
BYR-2969,Richard,Lopez,zreyes@example.org,904297987471200,Individual,2939605.66,2022-08-03
BYR-2970,Audrey,Moore,derrick35@example.org,3034978435,Investor,438519.48,2022-11-18
BYR-2971,Arthur,Nguyen,wrobinson@example.org,86294925569197,Investor,1679038.0,2019-02-28
BYR-2972,Megan,Joseph,amanda96@example.com,7337934587,Investor,267581.08,2023-12-14
BYR-2973,Jennifer,Mann,nicolas41@example.org,24654662914787,Trust,2081159.35,2023-11-22
BYR-2974,Thomas,Shea,hporter@example.org,2497618115,Individual,328186.93,2023-08-22
BYR-2975,Christy,Hanson,ukim@example.org,28355173311702,Individual,1526536.06,2019-05-11
BYR-2976,Linda,Torres,randallricky@example.org,3305215736,Investor,213535.81,2020-03-30
BYR-2977,Kim,Sanchez,jasminechavez@example.net,379472708042483,Individual,1503182.01,2024-05-08
BYR-2978,Mindy,Vaughan,invalid email,00141597801471326,Corporation,143841.67,2021-07-23
BYR-2979,Cynthia,Smith,olivertammy@example.org,4894951508388,Investor,482719.6,2020-03-08
BYR-2980,Austin,Bradley,victor77@example.net,862431169021665,Individual,1449335.98,2022-05-03
BYR-2981,Amber,Jimenez,haneymaria@example.net,14853206740978,Individual,854481.39,2020-07-27
BYR-2982,Derrick,Mendoza,michaelgibson@example.net,9439999019,Individual,1274365.9,2019-10-30
BYR-2983,Lee,Bell,espinozakaren@example.org,7633399430263,Individual,1739490.78,2022-12-20
BYR-2984,Hannah,Barker,robertsbrian@example.com,14352150940590,Individual,517028.78,2021-12-11
BYR-2985,Christopher,Wilson,cheryl39@example.net,4878166986,Investor,2714091.23,2021-02-14
BYR-2986,Tiffany,Tapia,danny07@example.org,4178152768,Investor,179045.4,2019-04-17
BYR-2987,Melissa,Dean,castillojennifer@example.net,4712000579,Trust,1621959.38,2023-06-20
BYR-2988,Jeffrey,Fuller,kaylee15@example.com,5787292217311,Corporation,1578222.8,2019-02-18
BYR-2989,Christopher,King,lopeztara@example.com,6744815882,Individual,547731.49,2020-02-13
BYR-2990,Lisa,Jones,huntmegan@example.net,0018144001964,Investor,1914259.55,2020-04-16
BYR-2991,Christina,Lopez,elizabethallen@example.com,4287193892,Corporation,2816969.25,2019-10-28
BYR-2992,Timothy,Martin,charlessanders@example.com,1910960466210098,Investor,720193.93,2020-04-04
BYR-2993,James,Mcdonald,invalid email,0015756547985,Investor,2637391.69,2020-07-19
BYR-2994,Timothy,Porter,marie88@example.org,6525160760840,Investor,2642619.85,2023-05-02
BYR-2995,Amber,Moreno,sandersdylan@example.com,9907493503798,Corporation,2633773.57,2020-06-18
BYR-2996,Melissa,Savage,jenniferlove@example.net,001422883112074580,Investor,711343.29,2022-08-31
BYR-2997,David,Doyle,jacksonrobert@example.com,7878554958,Investor,1571472.34,2019-04-26
BYR-2998,Daniel,White,invalid email,0014918218753413,Individual,1526536.06,2023-09-11
BYR-2999,Christopher,Grant,lucas58@example.org,3508407794,Individual,591733.19,2022-07-23
BYR-3000,Nicholas,Miller,vanessa75@example.org,8108472639,Investor,316760.93,2024-04-11
BYR-3001,Tyler,Patterson,laura21@example.net,5038304738281,Corporation,1063456.91,2023-08-29
BYR-3002,Jeanne,Wright,kevin95@example.net,00163728993916109,Individual,1526536.06,2019-03-12
BYR-3003,David,Lozano,melanie37@example.org,0017978177477,Individual,1961352.26,2020-11-11
BYR-3004,Brandon,Wang,michaelmia@example.net,4612056064,Investor,1573199.77,2023-10-21
BYR-3005,Danielle,Solis,hamiltonroberta@example.com,5117942878,Corporation,522025.16,2022-01-18
BYR-3006,Melissa,Olson,jeffery63@example.org,9004557010,Individual,1780790.64,2023-11-10
BYR-3007,Eric,Bishop,invalid email,2338552946263,Individual,1171675.68,2021-11-13
BYR-3008,Michael,Gay,curtismichelle@example.org,3379707055,Individual,2047139.54,2020-03-15
BYR-3009,Jessica,Joseph,ehickman@example.org,62836309661947,Individual,798243.98,2023-02-06
BYR-3010,Heather,Scott,rhudson@example.net,3323729018925,Individual,2615985.71,2019-03-01
BYR-3011,Susan,Chapman,brianfrazier@example.com,375451511914651,Individual,2957672.25,2020-10-22
BYR-3012,Rodney,Hall,invalid email,0019348766480,Trust,1621959.38,2022-08-27
BYR-3013,Evan,Sharp,alyssa43@example.net,7082755094181,Investor,1420801.26,2019-12-22
BYR-3014,Carla,Harrell,nlevine@example.org,853257045028144,Individual,1409587.76,2021-06-23
BYR-3015,Karen,Pearson,tina23@example.org,2205297893309,Corporation,2766191.85,2020-08-19
BYR-3016,Gregory,Patel,uhiggins@example.org,00142969936652049,Individual,763512.14,2020-05-11
BYR-3017,Gregory,Wright,welchjennifer@example.com,00198270601004438,Investor,2151112.17,2020-07-30
BYR-3018,Kristen,Lynch,drew74@example.net,0012516247201,Individual,2648492.52,2022-11-10
BYR-3019,Kelly,Johnson,glen26@example.org,6662894408,Individual,1192121.23,2020-02-28
BYR-3020,Carol,Lewis,brittany43@example.com,5587486846,Investor,405143.48,2024-04-03
BYR-3021,Lucas,Cook,victoria70@example.org,9598660345,Investor,945680.23,2024-06-30
BYR-3022,Thomas,Richardson,derek17@example.net,4312730714,Individual,1526536.06,2023-06-09
BYR-3023,Dylan,Rose,mcguirebryan@example.com,1962572867339438,Investor,2352149.07,2020-03-18
BYR-3024,Sierra,Walker,andrewcarter@example.com,6635357830176,Corporation,221644.81,2019-06-18
BYR-3025,Michele,Wood,arellanomelissa@example.com,9922671403,Corporation,1484279.23,2024-01-23
BYR-3026,Alisha,Solis,edwardsjoseph@example.org,4812742659382,Individual,2569803.91,2022-07-16
BYR-3027,Denise,Tran,nicholschristopher@example.com,16422632149,Investor,1984589.53,2021-09-09
BYR-3028,Jeffery,Ramos,xshort@example.org,660283246728857,Investor,1480237.74,2021-04-14
BYR-3029,Kristin,Nunez,jaylane@example.com,8749925389,Corporation,1512881.46,2021-05-19
BYR-3030,Kevin,Chapman,ycantrell@example.org,887515997267389,Individual,1905405.21,2022-09-20
BYR-3031,David,Dixon,cynthiahensley@example.com,129266275080093,Investor,968371.99,2022-09-04
BYR-3032,Jennifer,Barnes,joseph63@example.org,9575944388,Investor,1810522.74,2024-04-15
BYR-3033,David,Sanchez,lisaharris@example.net,9688818052,Investor,107131.28,2022-07-25
BYR-3034,Scott,Clark,gordonbryan@example.net,5842392019,Investor,2998718.64,2020-01-12
BYR-3035,Sheryl,Shaw,tcantu@example.org,136193652409206,Individual,1667363.43,2019-10-27
BYR-3036,Joshua,Park,david40@example.org,41536787577264,Investor,1719559.05,2022-09-28
BYR-3037,Julia,Wallace,vnunez@example.com,001582637394461249,Individual,2220674.65,2023-06-10
BYR-3038,Christy,Garcia,gibsonsandra@example.org,1596556889250381,Investor,1546969.2,2024-04-02
BYR-3039,Mary,Delgado,morgansylvia@example.com,688549802623531,Corporation,835212.92,2021-02-25
BYR-3040,Megan,Gallegos,madisongray@example.org,134929805748599,Individual,1786744.88,2023-12-06
BYR-3041,Jessica,Nelson,debra84@example.org,388623554973327,Individual,360432.62,2023-08-27
BYR-3042,Patricia,Clark,wbryan@example.net,57877615064757,Investor,1798917.9,2020-08-12
BYR-3043,Steven,Ruiz,davisgregory@example.net,92356020882698,Individual,318426.39,2022-09-04
BYR-3044,Samuel,Baker,greenryan@example.net,39287477522147,Corporation,935203.59,2022-03-19
BYR-3045,Brandon,Peters,miguel30@example.org,12615882379226,Investor,906912.57,2019-09-27
BYR-3046,Robert,Ayala,amarshall@example.org,5053554957,Individual,213488.88,2023-02-06
BYR-3047,Jimmy,Turner,fjohnson@example.net,19688102170,Individual,1299547.95,2024-05-03
BYR-3048,Joshua,Aguilar,shawnwaller@example.org,9005211786,Investor,1573199.77,2020-02-19
BYR-3049,Dustin,Mata,brandonroach@example.com,3719515697142,Individual,1526536.06,2020-06-26
BYR-3050,Duane,Gonzalez,schurch@example.com,7386920220,Individual,2879136.77,2023-08-16
BYR-3051,Ryan,Stevenson,jose80@example.com,4999918351,Investor,654504.12,2020-08-26
BYR-3052,Danny,Blair,ericrhodes@example.net,221223941270229,Investor,2032827.96,2021-04-06
BYR-3053,Patricia,Williams,gferguson@example.net,1683976231546589,Individual,686511.49,2020-08-15
BYR-3054,Meghan,Tucker,heidi89@example.org,12965799013975,Investor,898856.82,2020-09-19
BYR-3055,John,Bridges,hfoster@example.net,1760632710315692,Investor,575328.89,2022-10-21
BYR-3056,Ryan,Paul,clove@example.net,5922435694,Investor,736975.04,2020-12-15
BYR-3057,Elizabeth,Avila,dawndonaldson@example.com,13836023487685,Individual,222285.22,2024-05-10
BYR-3058,Andrew,Martinez,invalid email,0018316895415,Investor,1538323.17,2021-10-06
BYR-3059,Raymond,Palmer,obarry@example.com,001490625881692367,Individual,1104627.24,2023-11-03
BYR-3060,Antonio,Rodriguez,meredith91@example.net,7086823793,Individual,1042680.09,2023-09-19
BYR-3061,Sara,Sutton,mvaughan@example.net,0017844338683,Individual,2704132.2,2022-04-25
BYR-3062,Jennifer,Brown,campbellzachary@example.org,5472305618562,Individual,1952227.1,2023-05-11
BYR-3063,Rebecca,Brown,terrimorales@example.net,7884633248,Investor,1573199.77,2022-06-04
BYR-3064,Richard,Carlson,jennifercopeland@example.net,001356466479283786,Individual,2261423.73,2021-10-01
BYR-3065,Dustin,Clarke,mwade@example.org,35776631243328,Investor,929536.22,2020-12-03
BYR-3066,Andrew,Sullivan,patricia48@example.org,9247142702,Investor,1782348.55,2020-08-27
BYR-3067,Brooke,Ryan,agomez@example.org,47951205991879,Investor,1868787.27,2019-10-08
BYR-3068,Adrienne,Brooks,martinezkathleen@example.com,3357654617,Individual,2977598.35,2021-11-24
BYR-3069,Adam,Taylor,brownronald@example.org,0017725189855,Individual,1526536.06,2019-12-16
BYR-3070,Cindy,Wood,jeffreyfisher@example.com,001917219151174228,Individual,1685738.96,2023-01-01
BYR-3071,Elizabeth,Ryan,megan91@example.org,76571849309167,Investor,2998840.28,2021-07-12
BYR-3072,Calvin,Osborne,lopezbenjamin@example.net,7975338966764,Individual,1829630.98,2021-10-06
BYR-3073,Stephanie,Perry,ramseyrussell@example.net,86354519465194,Individual,2252310.82,2020-06-15
BYR-3074,Jeffrey,Perez,tjackson@example.com,001233822621291011,Corporation,1354093.42,2022-10-15
BYR-3075,Vicki,Yoder,olyons@example.com,67495823668821,Investor,1573199.77,2022-09-12
BYR-3076,Curtis,Cook,jessicafoster@example.org,1715495630077461,Individual,632001.07,2024-02-16
BYR-3077,Jessica,Perez,ggonzalez@example.com,61625838299352,Individual,1083070.49,2024-05-04
BYR-3078,Veronica,Jenkins,charles33@example.net,00166194341416930,Corporation,2603059.33,2022-11-10
BYR-3079,Brian,Dalton,nfletcher@example.net,16494229312973,Individual,401247.0,2021-02-20
BYR-3080,Lauren,Rivas,sgonzales@example.com,56342865086581,Investor,2398056.62,2024-04-17
BYR-3081,Annette,Garcia,samuel33@example.net,35983067324843,Corporation,1484279.23,2024-04-09
BYR-3082,Diana,Johnston,tylerjohnson@example.org,706502499576412,Investor,1828035.66,2024-06-03
BYR-3083,Tony,Oneill,xbrown@example.org,8729600424,Individual,2369599.24,2022-10-25
BYR-3084,Evan,Harrell,xhogan@example.org,0015179892584,Trust,1665648.97,2019-04-11
BYR-3085,Nancy,Meza,ndennis@example.org,14697286184025,Individual,2451186.1,2019-05-25
BYR-3086,Troy,Foster,shelly72@example.org,0013188955792945,Investor,1573199.77,2023-02-28
BYR-3087,Susan,Knight,abruce@example.org,6758656465,Corporation,2583609.67,2021-06-07
BYR-3088,Maurice,Pruitt,michelle26@example.com,4804782696,Individual,905978.25,2022-08-16
BYR-3089,Mark,Jackson,jennifergraham@example.com,805395138094147,Individual,1961978.82,2022-06-17
BYR-3090,James,Jensen,thomas78@example.org,0015545552785364,Corporation,964708.65,2022-10-22
BYR-3091,Lindsey,Bray,invalid email,0017033034380853,Individual,1526536.06,2019-09-17
BYR-3092,Brandon,Joseph,guzmanrhonda@example.com,9396561552982,Investor,1573199.77,2021-02-16
BYR-3093,Thomas,Hill,kenneth50@example.org,1584653217386043,Individual,1604924.46,2019-03-15
BYR-3094,Kimberly,Pittman,lauren69@example.net,9256352385,Investor,2786297.4,2020-01-15
BYR-3095,Maureen,Perez,cmckinney@example.org,0013426375709019,Individual,117767.89,2021-05-07
BYR-3096,Ricky,Riley,joshua39@example.com,4549732722,Corporation,2685439.54,2020-05-18
BYR-3097,Allison,Cook,dcarr@example.net,294667598751493,Individual,214486.36,2021-04-10
BYR-3098,Kelly,Brown,julie78@example.net,9107117536,Investor,2333182.25,2021-05-10
BYR-3099,Aaron,Reyes,msanders@example.org,16279792060,Trust,988796.77,2021-12-18
BYR-3100,John,Vasquez,harrismichael@example.com,225993140091534,Investor,2517648.92,2022-07-28
BYR-3101,Jessica,Schultz,rachel53@example.com,5384176106,Investor,306703.27,2021-10-12
BYR-3102,Anthony,Haynes,bkane@example.com,857847465693428,Individual,1452316.7,2020-06-26
BYR-3103,Brett,Hall,joseph36@example.net,2565115258,Individual,1526536.06,2019-10-19
BYR-3104,John,Bell,spaul@example.com,347278739998191,Individual,1526536.06,2019-11-04
BYR-3105,Victoria,Murray,lori10@example.com,47327025062563,Individual,2962379.22,2019-08-13
BYR-3106,Mary,Martin,athompson@example.org,2163077807657,Investor,205697.21,2020-02-08
BYR-3107,Brenda,Morris,harry72@example.net,0017579912601,Individual,2333261.02,2022-07-15
BYR-3108,Sandra,Perry,emills@example.net,9939168762,Individual,265661.69,2019-10-06
BYR-3109,Mary,Lopez,paigehiggins@example.com,15368192036661,Corporation,874045.75,2020-07-02
BYR-3110,Cynthia,Bradshaw,zcampos@example.org,001265850859599458,Corporation,2802313.55,2022-12-17
BYR-3111,Kelsey,Schwartz,tina12@example.net,4402071725772,Investor,581145.69,2023-05-30
BYR-3112,Denise,Huynh,davidhanna@example.net,7829764481,Individual,2189502.37,2024-03-29
BYR-3113,Emily,Davis,invalid email,6474209896,Investor,2902873.18,2024-02-29
BYR-3114,Kelly,Cruz,michael12@example.com,00122972819517721,Corporation,2070941.78,2021-01-01
BYR-3115,Miranda,Gonzales,vgomez@example.net,7817448927,Investor,1440670.42,2023-07-14
BYR-3116,Lori,Odom,david96@example.com,5465473283,Investor,2321267.68,2024-02-18
BYR-3117,Madison,Clark,mary84@example.com,5916934586,Investor,1573199.77,2023-07-30
BYR-3118,Michelle,Chapman,erin34@example.com,4603720462,Individual,1709200.5,2019-04-29
BYR-3119,Timothy,Adams,thompsonjennifer@example.net,61144500572709,Individual,2837944.14,2020-08-16
BYR-3120,Laura,Acosta,bethalvarez@example.com,5259433255457,Corporation,225914.98,2021-08-03
BYR-3121,Vincent,Miller,deborahsmith@example.net,987544013517987,Individual,1705228.14,2020-02-16
BYR-3122,Russell,Chandler,michael40@example.org,8657998746468,Individual,964563.5,2022-02-13
BYR-3123,Edward,Jackson,thomas90@example.net,9013731312,Investor,1573199.77,2019-03-06
BYR-3124,Maria,Smith,snyderjacob@example.org,001819842111714696,Individual,1159420.28,2022-01-28
BYR-3125,Michael,Oconnor,marie92@example.com,37351297927852,Individual,2222800.3,2022-04-15
BYR-3126,Dennis,Taylor,jenniferjones@example.com,2625277142,Investor,2536009.95,2019-03-09
BYR-3127,Thomas,Bailey,davenportfrank@example.net,001479266047484707,Investor,1601565.6,2020-10-12
BYR-3128,Susan,Chavez,kevin60@example.org,7714415572460,Individual,387285.21,2023-01-30
BYR-3129,Elizabeth,Zimmerman,mwright@example.org,0012706463598,Individual,2079313.45,2019-11-27
BYR-3130,Christy,Johnson,mwright@example.net,170862058349129,Investor,1854911.71,2022-09-30
BYR-3131,Ruth,Long,smithdanny@example.net,0015408339390013,Corporation,2103034.48,2022-02-10
BYR-3132,Michaela,Griffin,normanbryan@example.com,3792777658,Investor,1429532.72,2021-08-17
BYR-3133,Amanda,Stephens,tina79@example.org,208767453056050,Individual,1526536.06,2020-04-07
BYR-3134,Gerald,Lin,matthewtucker@example.com,4339468945,Investor,828591.61,2024-01-23
BYR-3135,Michael,Thompson,ecastillo@example.com,62490067011864,Investor,2403588.89,2023-04-28
BYR-3136,James,Williams,kennethhenry@example.org,6638275923,Individual,1765206.3,2020-07-16
BYR-3137,William,Suarez,ericknight@example.net,9254428125,Individual,984964.69,2022-07-27
BYR-3138,Alex,Lee,russellhurst@example.net,13864232528,Corporation,1484279.23,2020-05-09
BYR-3139,John,Hernandez,phicks@example.net,8478252092,Investor,1688530.41,2019-06-24
BYR-3140,Tina,Scott,brianperez@example.net,97876378224251,Individual,214771.3,2020-11-23
BYR-3141,Jessica,Davis,lindsey39@example.com,4075848937340,Investor,517250.12,2023-10-01
BYR-3142,Laura,Smith,swilliams@example.net,1703876378968459,Investor,1223153.48,2023-07-22
BYR-3143,Xavier,Acosta,jesusevans@example.org,8207931907,Individual,1666043.35,2022-11-06
BYR-3144,Dominique,Lee,james67@example.net,829409035277961,Investor,778292.51,2019-03-23
BYR-3145,Hannah,Jones,hamiltondonald@example.net,9183661703,Investor,791761.6,2019-10-11
BYR-3146,Frederick,Reynolds,heather97@example.net,16753885733,Investor,1606722.47,2021-07-06
BYR-3147,Melinda,Carpenter,fmarquez@example.com,001673973912752427,Corporation,2391220.75,2019-08-08
BYR-3148,Seth,Yu,omills@example.net,99295151745610,Corporation,2303489.06,2021-03-27
BYR-3149,Hailey,Mcdonald,william47@example.org,16423188541,Investor,1888220.74,2019-10-16
BYR-3150,Mark,Olson,suzanne60@example.net,2924671397,Investor,2464530.24,2022-08-17
BYR-3151,Kristen,Miranda,jay22@example.net,7133715540,Individual,1981718.2,2022-03-16
BYR-3152,Linda,Wells,francisco44@example.net,2248885938,Investor,2441824.61,2020-10-22
BYR-3153,Karen,Pineda,laura31@example.org,9183928865,Trust,2221944.62,2019-12-15
BYR-3154,Danny,Hammond,jenniferhickman@example.net,601432979770199,Investor,1082436.02,2024-05-07
BYR-3155,Samantha,King,yperez@example.org,0016554995834158,Individual,177808.68,2024-03-04
BYR-3156,Corey,Smith,johnstonadam@example.com,73837175151122,Individual,729172.46,2019-03-09
BYR-3157,Karen,Huffman,ocarter@example.net,7163920075,Individual,1526536.06,2022-09-15
BYR-3158,Roberto,Mayer,heather38@example.net,159394402629574,Investor,2448393.73,2021-03-15
BYR-3159,Keith,Hughes,bmorris@example.net,7443557349463,Trust,2935141.96,2020-06-03
BYR-3160,Steven,Butler,christopherhinton@example.com,4338918590,Investor,2233817.36,2021-09-24
BYR-3161,Thomas,Bailey,christinebenitez@example.org,9279781691,Individual,471881.74,2023-12-18
BYR-3162,Emily,Turner,powellvanessa@example.net,30182039420169,Investor,731487.61,2021-08-06
BYR-3163,James,Oneal,ostein@example.org,92267573778029,Individual,683382.98,2021-09-11
BYR-3164,Wendy,Moore,oglenn@example.net,3102158339,Individual,2225964.6,2024-01-27
BYR-3165,Jacob,Brown,morrisryan@example.com,1857291999311403,Individual,1009453.97,2019-07-18
BYR-3166,Brandon,James,andrewmartinez@example.net,8503582170,Corporation,1264711.83,2021-04-23
BYR-3167,Kim,Brooks,ishepherd@example.org,9394307295027,Investor,2990233.57,2021-11-13
BYR-3168,Mark,Payne,bpage@example.org,1728953766989591,Investor,2483284.02,2020-04-15
BYR-3169,Mariah,Little,evanwallace@example.org,13088294129675,Corporation,2613058.26,2024-05-30
BYR-3170,Adrian,Bray,browndavid@example.com,748215371931002,Individual,1526536.06,2020-07-15
BYR-3171,Dawn,Phillips,eileenward@example.net,443280442946491,Individual,723968.24,2019-04-14
BYR-3172,Michael,Schultz,robertsryan@example.com,1514669338097188,Individual,2736894.73,2020-05-02
BYR-3173,Mark,Dorsey,bradleyrichard@example.net,131023941859354,Individual,913251.35,2019-07-13
BYR-3174,Brian,Simmons,danielle37@example.net,5297064392325,Individual,425968.48,2023-04-11
BYR-3175,Ruben,Lang,sandra51@example.org,71728036310781,Individual,1204070.77,2020-02-20
BYR-3176,John,Sanders,craigjohn@example.com,37398483435873,Individual,1571615.49,2019-11-18
BYR-3177,Brittany,Nelson,lucasallen@example.org,0015764497482890,Investor,2145073.02,2022-09-26
BYR-3178,Destiny,May,dherrera@example.net,56937503092249,Individual,1526536.06,2023-11-20
BYR-3179,Katelyn,Mason,austin34@example.net,0016624204179974,Corporation,1315467.44,2020-09-14
BYR-3180,Brooke,Bailey,michael39@example.com,001879226968110201,Investor,1573199.77,2020-01-14
BYR-3181,Amanda,Nicholson,danielsanders@example.org,2652171602,Investor,549565.93,2023-02-13
BYR-3182,Samuel,Ward,danielle53@example.org,7609326297,Investor,1573199.77,2023-08-24
BYR-3183,William,Underwood,laurengonzalez@example.com,7588114248,Individual,1526536.06,2019-07-24
BYR-3184,Colton,Bailey,teresamiller@example.com,5886684913306,Corporation,1240213.61,2022-06-20
BYR-3185,Sharon,Gardner,wwhitney@example.com,6233754280,Individual,1526536.06,2020-09-07
BYR-3186,Richard,Watson,invalid email,6558455667,Trust,1621959.38,2023-09-21
BYR-3187,Yvonne,Lee,cochranangela@example.com,880270231310359,Individual,1671944.25,2022-09-25
BYR-3188,Mark,Bennett,charlene20@example.org,49379817425457,Individual,2965138.22,2019-05-09
BYR-3189,Christine,Warner,colinmyers@example.com,18974035878053,Trust,1824901.36,2020-10-29
BYR-3190,Alexander,Baker,invalid email,18848137702,Individual,1630479.13,2023-09-19
BYR-3191,Craig,Miller,juarezveronica@example.org,00132758281260896,Individual,2160112.04,2024-02-07
BYR-3192,Claire,Robinson,jrobinson@example.net,9523191032,Investor,1573199.77,2021-11-20
BYR-3193,Zachary,Andrade,jodispencer@example.org,2718640599121,Investor,2425437.21,2023-07-29
BYR-3194,Tammy,Gomez,nwilliams@example.org,1985608768016553,Investor,1552605.3,2022-06-14
BYR-3195,Charles,Preston,katherineperez@example.com,4375802609,Individual,1749010.46,2021-12-02
BYR-3196,Diane,Burton,kellymichelle@example.net,16744390379,Individual,416986.63,2023-01-13
BYR-3197,Rachel,Garcia,obrown@example.org,529750996122534,Corporation,2404225.76,2023-11-18
BYR-3198,Kyle,Dominguez,ysmith@example.org,4358456518672,Investor,1811436.34,2022-01-10
BYR-3199,Richard,Castaneda,mark62@example.org,6512592679,Individual,232698.86,2021-08-19
BYR-3200,Dominic,Graham,smithrichard@example.org,82634656215617,Individual,1618539.18,2020-12-10
BYR-3201,Julia,Carter,theodore64@example.net,813470444466559,Investor,1634139.86,2020-09-16
BYR-3202,Theresa,Moore,smithjohn@example.net,158445444115477,Investor,1947739.4,2022-12-21
BYR-3203,Robin,Bradley,jacksonbrian@example.net,3735707038,Individual,1526536.06,2024-01-12
BYR-3204,Nicole,Carroll,fitzpatrickjeremy@example.com,44564820249272,Individual,2981475.74,2023-02-28
BYR-3205,Alejandro,Guerra,leonardrobert@example.net,9006276468815,Individual,555531.7,2022-12-10
BYR-3206,Brenda,White,justinwise@example.org,0012722765621797,Investor,1573199.77,2022-01-13
BYR-3207,John,Martinez,phillipskirsten@example.org,98985176930070,Investor,1573199.77,2021-09-13
BYR-3208,Jennifer,Murphy,andersondavid@example.com,529495921146312,Corporation,873254.75,2022-02-11
BYR-3209,James,Brewer,adamsgregory@example.net,88968538891481,Individual,2916115.44,2021-03-14
BYR-3210,Barbara,Wilcox,tracy25@example.org,24767359344786,Individual,1526536.06,2020-09-15
BYR-3211,Kelly,Robinson,tonya94@example.org,6596172576,Individual,1526536.06,2023-10-19
BYR-3212,Ronald,Long,jacob49@example.net,8197405910,Investor,1759640.47,2019-04-14
BYR-3213,Nicholas,Smith,todd70@example.net,0012102220327390,Individual,254972.09,2020-08-31
BYR-3214,Jessica,Roberts,kristinerivera@example.net,0016118251540477,Individual,1526536.06,2020-08-09
BYR-3215,Aimee,Thompson,patricksusan@example.org,6119805848,Individual,718538.31,2019-05-07
BYR-3216,Lisa,Wright,carneychase@example.com,7085763497470,Individual,2773966.37,2021-04-09
BYR-3217,Denise,Thompson,irwindavid@example.com,5183602245,Individual,1526536.06,2020-01-17
BYR-3218,Regina,Costa,webbamber@example.com,41630520867323,Individual,762442.4,2023-02-20
BYR-3219,Sheri,Mcdonald,john01@example.org,196446956708150,Investor,1573199.77,2020-10-31
BYR-3220,Linda,Smith,gilbertchristopher@example.com,81096056360569,Trust,949296.52,2021-04-11
BYR-3221,Garrett,Guerrero,ydorsey@example.org,6136438630,Investor,1573199.77,2019-10-15
BYR-3222,Sierra,Garcia,hgillespie@example.org,127844409153600,Individual,489617.54,2020-03-21
BYR-3223,Jessica,Ortiz,rbrown@example.net,4783047171433,Corporation,2992323.43,2019-10-29
BYR-3224,Douglas,Berg,laura54@example.com,6664330693,Trust,621228.81,2023-12-24
BYR-3225,Sue,Stevenson,danielle98@example.com,0014804350229,Individual,2323927.1,2020-06-30
BYR-3226,Karen,Tate,fbridges@example.org,5208327607,Individual,332313.17,2019-08-09
BYR-3227,Anthony,Rivera,jmckinney@example.org,40972175860249,Individual,2920347.98,2023-07-10
BYR-3228,Michael,Middleton,cwilliams@example.com,187233961497819,Individual,1577871.17,2020-05-08
BYR-3229,David,Wilson,michaeljennings@example.net,91273929915725,Individual,1974094.32,2020-12-24
BYR-3230,Michael,Martin,robinsondanielle@example.net,0017647365648,Investor,1296998.4,2021-02-02
BYR-3231,Donald,Hicks,donnaanderson@example.org,8116642477350,Corporation,572449.08,2020-11-21
BYR-3232,Stephen,Douglas,ymedina@example.org,8732702731,Individual,2821170.85,2020-11-21
BYR-3233,David,Bennett,fernando56@example.com,8435161261,Individual,1447725.5,2019-11-12
BYR-3234,William,Watkins,samanthahodge@example.com,3039438890,Individual,2499897.95,2022-07-21
BYR-3235,Malik,Lee,dustin95@example.org,1993425695661147,Individual,1526536.06,2022-02-01
BYR-3236,Jimmy,Cole,invalid email,0017546840352389,Individual,2954295.91,2019-10-22
BYR-3237,Louis,Hernandez,nicholas93@example.com,5093299082,Individual,800872.19,2022-03-22
BYR-3238,Rebecca,Collins,hornclaire@example.net,2858621371,Individual,299713.09,2019-10-29
BYR-3239,Jessica,Fox,roberthenderson@example.com,123623782579390,Investor,2261252.06,2020-04-01
BYR-3240,Stacy,Ford,amiller@example.org,4519460369,Individual,2746775.57,2019-03-17
BYR-3241,Allison,George,ndiaz@example.org,001675678250459850,Investor,711713.38,2023-09-22
BYR-3242,Andrea,Cannon,htaylor@example.org,00181387920716918,Individual,1526536.06,2020-06-06
BYR-3243,Joshua,Cooper,robert43@example.com,85489651648893,Corporation,1249577.98,2019-08-07
BYR-3244,Karen,Joyce,timothyriggs@example.org,7464304642,Corporation,949628.27,2020-12-04
BYR-3245,Sally,Dunn,kristinmahoney@example.net,6343021590,Corporation,549570.63,2019-11-06
BYR-3246,Benjamin,Patterson,harrisonmichelle@example.net,7366660448277,Corporation,1484279.23,2023-03-02
BYR-3247,Calvin,Thomas,bentleyjasmine@example.com,755883837929897,Investor,394646.33,2023-12-26
BYR-3248,Jaclyn,Nelson,laura80@example.net,907715349753139,Individual,1526536.06,2023-11-11
BYR-3249,Christopher,Wilson,isaiah56@example.net,37894015297037,Corporation,1182110.47,2024-02-22
BYR-3250,Rebecca,Torres,pamela52@example.net,4347657061,Individual,2872717.36,2021-03-05
BYR-3251,Alexander,Lewis,eevans@example.com,001972618771445633,Individual,384527.09,2022-06-18
BYR-3252,Richard,Mitchell,conleyjerry@example.org,6756332119234,Investor,1328833.56,2020-08-10
BYR-3253,Michael,Parks,davidsonvalerie@example.com,6698059543,Corporation,1211292.94,2023-07-31
BYR-3254,Tiffany,Colon,kathleenpatterson@example.org,740721155985257,Individual,1419888.18,2019-05-25
BYR-3255,Rebecca,Garcia,awallace@example.org,95461877249080,Trust,1232716.16,2022-02-26
BYR-3256,Johnny,Grimes,bdavis@example.com,8404583774,Individual,2092725.55,2021-07-16
BYR-3257,David,Blevins,connieponce@example.net,41856918737859,Corporation,1274720.12,2019-01-24
BYR-3258,Kenneth,Singleton,ucarlson@example.com,8525893325,Investor,2073954.07,2023-01-23
BYR-3259,Amy,Phillips,arellanogina@example.com,94046097296007,Investor,1370299.35,2019-04-28
BYR-3260,Renee,Nguyen,tuckerryan@example.net,0017666494753,Investor,2496169.99,2023-08-03
BYR-3261,Sheila,Scott,smithdonna@example.org,93669437234298,Investor,208997.74,2023-09-26
BYR-3262,Joseph,Cook,antoniofox@example.org,7563702351244,Individual,1538704.77,2023-08-19
BYR-3263,Dylan,Brown,ddavis@example.com,3032999800,Individual,1479622.39,2022-04-29
BYR-3264,Richard,Russell,invalid email,6398161888,Investor,190281.57,2024-01-31
BYR-3265,Edward,Waters,davidgray@example.net,7498746621105,Investor,1573199.77,2021-11-01
BYR-3266,Timothy,Webb,smithtimothy@example.org,368655104145882,Investor,1493294.57,2019-09-11
BYR-3267,Jennifer,Briggs,wbaker@example.org,9638215084,Individual,1683113.55,2019-09-13
BYR-3268,Alejandro,Rodriguez,karenhiggins@example.org,0014899926623,Individual,1664385.84,2024-04-07
BYR-3269,Selena,Davidson,hawkinsstephanie@example.org,89641702930465,Investor,833853.78,2023-10-17
BYR-3270,Michael,Gibson,dawnbutler@example.net,1817283732205776,Corporation,1286534.71,2019-01-25
BYR-3271,Joshua,Oliver,oleon@example.org,604735493715628,Investor,1035749.08,2024-05-03
BYR-3272,Brent,Harris,cschmidt@example.com,68898284017854,Individual,1526536.06,2021-11-24
BYR-3273,Barbara,Stephens,melissaaustin@example.com,3163992360,Trust,2215976.87,2019-10-03
BYR-3274,Christopher,Singleton,cisnerosrachel@example.org,2347962618,Individual,1932631.88,2020-03-29
BYR-3275,Joseph,Murphy,lisa87@example.net,93126805015633,Individual,825723.38,2019-10-28
BYR-3276,Kevin,Ramsey,marissamyers@example.net,7006427354024,Investor,1573199.77,2023-12-20
BYR-3277,Theresa,Smith,maureen53@example.com,001200521973391525,Individual,2853560.89,2020-08-13
BYR-3278,Nathaniel,Mann,imccann@example.com,907999962431593,Individual,2841129.64,2020-03-15
BYR-3279,Lori,Martinez,lpayne@example.net,6302430586,Individual,884865.04,2020-05-02
BYR-3280,Alicia,Love,barrettkathleen@example.net,001223792128453967,Individual,2321899.32,2024-06-08
BYR-3281,Lisa,Davenport,frenchlisa@example.org,6013531572,Individual,2508721.55,2019-04-17
BYR-3282,Jennifer,Johnson,jgilbert@example.org,330697700329917,Investor,1573199.77,2020-01-05
BYR-3283,Paula,Sanchez,clarkjessica@example.org,95569871979729,Investor,2145582.85,2020-10-19
BYR-3284,Samuel,Hess,andrewroach@example.net,658631301524938,Individual,2146757.42,2021-12-18
BYR-3285,Denise,James,calvinmahoney@example.com,1330979696736311,Individual,1969106.87,2021-09-22
BYR-3286,Charles,Thomas,alicia32@example.com,3785930525,Investor,521053.2,2022-08-05
BYR-3287,Autumn,Proctor,williamsclayton@example.net,00162795563188067,Corporation,797277.73,2019-07-05
BYR-3288,Jennifer,Ayala,jesushernandez@example.org,706807366230709,Corporation,1369969.79,2024-06-25
BYR-3289,Michael,Lin,jefferywagner@example.org,0013222545790351,Corporation,2381877.01,2023-05-26
BYR-3290,Thomas,Dodson,ericmorrison@example.com,3313035590,Investor,2266869.35,2022-06-30
BYR-3291,Elizabeth,White,rodriguezjohnny@example.net,14028284387,Individual,2524716.06,2020-05-28
BYR-3292,Elizabeth,Gallagher,patrickallison@example.org,0018064999392001,Individual,204747.58,2021-11-06
BYR-3293,Derek,Garcia,shannon11@example.org,91683848713432,Trust,853064.0,2021-06-09
BYR-3294,William,Gibson,miguel82@example.net,3659804430,Investor,592508.55,2021-01-03
BYR-3295,Robert,Adams,monica52@example.net,2134503292704,Individual,1017318.77,2024-03-25
BYR-3296,Steven,Lee,hwhite@example.org,0012166928407,Individual,173664.4,2022-10-02
BYR-3297,Colleen,Stone,boydjeremy@example.com,3925023307194,Individual,1123308.15,2021-11-09
BYR-3298,Tara,Nunez,russellconnie@example.org,463790898553241,Investor,1763529.16,2019-11-15
BYR-3299,Charlotte,Williams,jamesgross@example.org,4499570366,Individual,1526536.06,2019-09-10
BYR-3300,Edward,Fritz,monicafarrell@example.net,54159230348191,Trust,1423949.14,2023-03-31
BYR-3301,Megan,Kent,kmorales@example.org,5713144402,Investor,2670800.35,2020-09-21
BYR-3302,Mia,Morrow,swatson@example.com,21737773315263,Corporation,1762158.25,2020-05-22
BYR-3303,Michael,Townsend,xfoley@example.org,00134996069722175,Individual,194720.3,2019-08-29
BYR-3304,John,Coleman,thomasyates@example.net,6904183761278,Investor,1573199.77,2022-04-06
BYR-3305,Christopher,Jackson,kenneth95@example.org,1616424118355129,Individual,2688654.97,2021-04-09
BYR-3306,David,Rodriguez,jeffrey31@example.net,30974910668718,Corporation,457423.98,2022-02-12
BYR-3307,Karen,Friedman,benjamin64@example.net,13903356490,Trust,1863708.58,2021-10-19
BYR-3308,Paula,Hughes,darryl30@example.net,1587911355679218,Individual,1526536.06,2022-07-27
BYR-3309,Brenda,Schmidt,gwolf@example.com,8185348907,Individual,1903047.24,2022-09-08
BYR-3310,Kristie,Cordova,susanmcmillan@example.org,0017332909014,Individual,2231515.16,2022-10-29
BYR-3311,Anthony,Malone,jessica09@example.org,0012977152375331,Investor,1116255.86,2024-05-24
BYR-3312,Lisa,Benton,gregoryball@example.net,0018326907477457,Trust,1973560.29,2022-10-25
BYR-3313,Ruth,Phillips,rachelgreene@example.org,36945592365797,Individual,403095.08,2020-04-26
BYR-3314,Jessica,Mclean,jamiejones@example.com,60938925896508,Investor,1371054.82,2020-05-21
BYR-3315,Shawn,Cain,brandonsanders@example.org,85936477795140,Individual,942696.62,2022-12-29
BYR-3316,Christine,Dalton,stefanieguerra@example.org,7022699535,Individual,1476432.17,2024-01-06
BYR-3317,Gary,Maldonado,alex55@example.org,19886231555,Trust,1097803.43,2021-04-17
BYR-3318,Nicholas,Jackson,gbrown@example.org,5182953139,Individual,1919966.26,2021-04-25
BYR-3319,Crystal,Mitchell,cevans@example.net,8304398271,Corporation,2665675.19,2019-08-14
BYR-3320,Brandy,Washington,stephanie25@example.com,7319946865,Individual,915365.46,2020-09-18
BYR-3321,Cody,Brooks,kchavez@example.org,5437023639,Trust,1621959.38,2024-03-24
BYR-3322,William,Gonzalez,nicoleli@example.net,0013938665577,Individual,1259552.75,2020-12-15
BYR-3323,Rebecca,Branch,wendy41@example.com,2644603145,Individual,2734034.06,2020-09-03
BYR-3324,Andrea,Duncan,jamespetersen@example.com,232527625605982,Individual,111824.77,2019-07-12
BYR-3325,Susan,Tran,patricia97@example.org,45628909958187,Individual,1568704.51,2020-10-13
BYR-3326,Rhonda,Russell,troy56@example.com,6208067553,Investor,1682016.43,2019-10-10
BYR-3327,Erica,Ford,onelson@example.org,1533918555605580,Individual,175034.46,2020-05-11
BYR-3328,Lisa,Vargas,invalid email,12845408536410,Corporation,902485.04,2021-07-18
BYR-3329,Emily,Chan,lynnyvonne@example.org,0012837769972,Investor,1573199.77,2021-12-27
BYR-3330,Joshua,Williams,rcoffey@example.com,00165922858097662,Corporation,368212.69,2024-05-07
BYR-3331,Christy,Santos,kingdrew@example.net,0016593462447053,Individual,1972260.83,2021-05-04
BYR-3332,James,Ritter,stuartjoanna@example.org,6048564753,Individual,2097637.14,2020-11-04
BYR-3333,Jonathan,Wallace,jeffrey55@example.net,7934427884,Individual,2756779.57,2019-12-01
BYR-3334,Timothy,Patel,hhill@example.com,8379617198270,Individual,1526536.06,2022-02-10
BYR-3335,David,Villarreal,rsmith@example.com,13297676615988,Individual,1194805.59,2023-11-19
BYR-3336,Luis,Phillips,invalid email,7978381625,Trust,233892.27,2022-06-02
BYR-3337,William,Bolton,lucas88@example.net,608314125596468,Investor,1752175.79,2022-08-20
BYR-3338,Kayla,Chen,markbriggs@example.com,8812048455,Investor,1672160.44,2023-07-19
BYR-3339,Anthony,Carr,nbowman@example.com,38061105299284,Individual,1526536.06,2023-12-25
BYR-3340,Michael,Green,scottrogers@example.net,8636781887,Individual,2020344.3,2024-05-18
BYR-3341,Amy,Myers,williamscarrie@example.net,0016195812804,Individual,552465.89,2023-08-28
BYR-3342,David,Wagner,reginald46@example.org,6815403137,Individual,1906680.33,2022-06-29
BYR-3343,Michael,Adams,browntara@example.net,2214429607,Individual,1526536.06,2022-04-04
BYR-3344,Julie,Cole,makayla96@example.org,4543402800035,Individual,722203.83,2021-08-11
BYR-3345,Hunter,Hunt,fcaldwell@example.net,2514751236,Corporation,1484279.23,2019-03-29
BYR-3346,Howard,Hughes,kevin66@example.org,00168964130966775,Individual,2363989.67,2023-03-06
BYR-3347,Trevor,Floyd,strongemily@example.net,8486779922222,Individual,531948.07,2020-07-19
BYR-3348,Alyssa,Conley,goodmanandrew@example.org,4853413917,Individual,539244.33,2019-04-25
BYR-3349,Virginia,Wells,michaelfletcher@example.net,2483248528,Investor,467067.83,2019-08-20
BYR-3350,Adrian,Harvey,morgankimberly@example.org,82166108172058,Investor,1573199.77,2023-02-09
BYR-3351,Tara,Sullivan,cindy11@example.com,1691986046305547,Investor,2144910.7,2023-05-24
BYR-3352,Ronald,Williams,jennifer34@example.net,001993963544023060,Corporation,1727787.76,2021-08-17
BYR-3353,Martin,Robinson,karen13@example.com,5929345702,Investor,1573199.77,2020-03-31
BYR-3354,Sarah,Brown,isabellabrown@example.org,449664154101952,Corporation,2106287.23,2021-12-19
BYR-3355,Melody,Roman,stephanie41@example.com,89130788052535,Individual,1415022.21,2024-01-27
BYR-3356,Jamie,Klein,tgonzales@example.com,001776744862888179,Individual,2841722.01,2019-12-04
BYR-3357,Sandra,Thompson,invalid email,147592333944530,Corporation,1615413.7,2020-10-09
BYR-3358,Larry,Myers,jessica50@example.net,0015895367626,Individual,1526536.06,2020-11-03
BYR-3359,Daniel,Martin,cheryl18@example.com,7734854823,Corporation,642661.77,2023-08-01
BYR-3360,Melissa,Haley,michaelrobinson@example.net,4269927435,Corporation,1484279.23,2021-09-18
BYR-3361,Joel,Fowler,jenniferhunter@example.com,00189560066447770,Corporation,1176380.81,2019-05-01
BYR-3362,Molly,Mcdonald,moralesaudrey@example.com,0013645145017098,Individual,1363437.56,2024-04-06
BYR-3363,Tina,Ortiz,tholt@example.net,278481403328976,Investor,1934349.22,2023-04-22
BYR-3364,Christina,Jackson,lisahinton@example.com,4434432502,Individual,1148344.27,2022-01-17
BYR-3365,Veronica,Burnett,ashleyhays@example.org,5743640029,Individual,547117.2,2022-07-01
BYR-3366,Carol,Avery,briannasmall@example.org,748851524617150,Investor,125397.16,2021-06-18
BYR-3367,Adam,Wood,jonesanna@example.net,824928113813184,Corporation,340537.37,2023-08-28
BYR-3368,Monica,Valdez,traciejohnson@example.net,873932821148508,Investor,2757370.79,2020-06-24
BYR-3369,Dalton,Anderson,susan61@example.org,8499309388,Individual,553709.08,2022-08-28
BYR-3370,Alexander,Reese,zcarr@example.org,7792727399,Individual,483840.54,2020-07-11
BYR-3371,Melissa,Allison,carolboyle@example.net,4513247047,Individual,123924.93,2019-03-11
BYR-3372,Elizabeth,Adams,amandapowell@example.com,7108929723883,Individual,1526536.06,2020-08-02
BYR-3373,Jeremiah,Ford,invalid email,4842423162189,Individual,1554431.54,2020-11-19
BYR-3374,Jonathan,Wood,julierivera@example.org,8119054925,Individual,710368.23,2021-04-18
BYR-3375,Scott,Gray,joseph77@example.com,134469590501679,Individual,577072.98,2021-11-13
BYR-3376,Kenneth,Clark,alucas@example.com,4096770610,Individual,945035.21,2019-11-02
BYR-3377,Robert,Daniels,emily48@example.org,0017376901780,Individual,2752043.67,2021-02-25
BYR-3378,Lindsey,Rodriguez,nmcbride@example.com,132636168041009,Individual,1127657.72,2019-11-10
BYR-3379,Heather,Rodriguez,ubailey@example.net,0015902389254,Individual,210748.13,2024-06-29
BYR-3380,Connie,Obrien,katrinaschultz@example.com,513229280660130,Investor,2391240.79,2022-08-20
BYR-3381,David,Jacobs,jeremy07@example.net,9454525889,Individual,1526536.06,2021-01-06
BYR-3382,Shane,Friedman,invalid email,26638510215809,Corporation,1484279.23,2021-05-03
BYR-3383,Kristin,Byrd,tarmstrong@example.net,58744793713721,Corporation,1421959.01,2024-06-09
BYR-3384,Derek,Gibson,moniquesmith@example.net,9177441878,Individual,2628086.86,2023-10-12
BYR-3385,Rebecca,Martin,bmurphy@example.com,2487992648534,Individual,1610128.03,2019-12-20
BYR-3386,Tamara,Navarro,laura00@example.com,1637210318688589,Individual,1954710.76,2021-06-27
BYR-3387,Joseph,Mcdaniel,cobbjames@example.org,15909150618367,Individual,708338.24,2024-06-16
BYR-3388,Joy,Rivera,troy93@example.net,7407921788287,Corporation,1313381.14,2021-12-31
BYR-3389,Karen,Lewis,hjensen@example.com,0018593342828972,Investor,2398628.28,2020-06-20
BYR-3390,Shari,Wong,brownjoseph@example.net,446288296413163,Individual,2921424.59,2022-04-03
BYR-3391,Dylan,Berger,johnsonanthony@example.com,757677926948262,Trust,1674623.17,2021-05-27
BYR-3392,Suzanne,Moore,xjackson@example.net,001206248313448794,Investor,653632.37,2021-07-28
BYR-3393,Cynthia,Carrillo,stephenbowen@example.net,9176998241580,Individual,1526536.06,2020-05-20
BYR-3394,John,Gardner,mcgeefrederick@example.net,135837341071673,Individual,2422245.83,2020-03-10
BYR-3395,Jeanne,Murray,cabreracatherine@example.net,17679841884,Individual,964042.63,2019-11-30
BYR-3396,Angela,Anderson,invalid email,0015328474600,Individual,1269505.61,2021-12-04
BYR-3397,Adam,Cisneros,anovak@example.com,78060593836341,Individual,1885030.65,2021-12-16
BYR-3398,Daniel,Evans,danielleguerra@example.com,94582207163585,Investor,468539.57,2019-04-09
BYR-3399,Monique,Nunez,nscott@example.com,9753470443,Corporation,1919299.14,2021-12-21
BYR-3400,Kendra,Munoz,nnunez@example.org,3943014097,Individual,2853060.58,2022-05-27
BYR-3401,Jason,Johnson,fieldsmichelle@example.org,5915946720353,Investor,1573199.77,2019-03-07
BYR-3402,Jessica,Anderson,akelley@example.org,001947806176104557,Individual,1526536.06,2019-07-29
BYR-3403,Peter,Mitchell,hortonterri@example.net,2309824682,Individual,973342.6,2023-08-22
BYR-3404,Steven,Hopkins,heidi26@example.com,7644857338525,Individual,792844.55,2022-03-04
BYR-3405,Amanda,Wise,ubarnes@example.com,5238947224,Individual,1017418.17,2019-11-14
BYR-3406,Lisa,Taylor,pmaynard@example.net,91343256612475,Investor,2538088.7,2021-04-03
BYR-3407,Caleb,Arellano,kaylamiller@example.net,319595271803759,Individual,2051106.28,2023-07-18
BYR-3408,Joel,Fletcher,jared45@example.org,398581078016395,Corporation,1364807.16,2022-12-12
BYR-3409,Christopher,Ortiz,terri08@example.net,9782529944,Individual,752725.77,2023-06-22
BYR-3410,David,Ryan,bryanrebecca@example.org,00193929118664844,Trust,1469860.43,2023-06-29
BYR-3411,Jeffrey,Landry,kforbes@example.net,18558212982833,Individual,2744076.86,2021-09-28
BYR-3412,Kristen,Murray,qsullivan@example.net,149399226322518,Individual,1735100.86,2022-09-19
BYR-3413,Jeremy,Smith,rachelbryant@example.com,0015776886658,Investor,1836626.43,2020-12-14
BYR-3414,Ashley,Banks,craigholland@example.com,32890213652102,Individual,1526536.06,2024-01-17
BYR-3415,George,Jennings,ian11@example.net,888554601982000,Investor,2512537.7,2019-02-18
BYR-3416,Lindsay,Ellis,jamie54@example.org,5357718117,Corporation,1862609.48,2020-06-21
BYR-3417,Henry,Walker,wrocha@example.org,51229730207347,Investor,800553.06,2019-06-18
BYR-3418,Kelly,Hardin,chloe41@example.net,0012393798608,Individual,1526536.06,2021-05-09
BYR-3419,Ryan,Price,torresjoseph@example.net,00193323099907566,Trust,1407463.92,2023-09-30
BYR-3420,Carolyn,Lopez,kperez@example.org,3468548593,Individual,509118.53,2024-02-13
BYR-3421,Timothy,Winters,pittsanthony@example.net,271273119809073,Corporation,2350659.03,2022-01-28
BYR-3422,Sarah,Mcdowell,barbara85@example.net,3056927180058,Individual,1004807.04,2019-05-15
BYR-3423,Shelly,Mccoy,burtoncarrie@example.net,3886448048,Individual,2576203.58,2023-07-09
BYR-3424,Alyssa,Jefferson,joseph36@example.org,15584803879661,Individual,875177.43,2021-12-12
BYR-3425,Heather,Carpenter,petersonmichael@example.com,52768778504680,Individual,2472231.34,2021-01-09
BYR-3426,Nicholas,Brady,jasontaylor@example.com,7087955303876,Individual,431291.03,2023-01-12
BYR-3427,Joshua,Mendoza,hwest@example.com,8287603152,Individual,2582905.02,2023-10-17
BYR-3428,John,Carr,elizabethdonovan@example.com,9442988411,Investor,1912659.16,2020-01-25
BYR-3429,Michael,Bates,brockkristopher@example.net,6179527637,Individual,1526536.06,2022-07-02
BYR-3430,Stephen,Morris,tranlisa@example.org,71690077433748,Individual,872586.13,2021-01-17
BYR-3431,Benjamin,Hayes,rwright@example.org,6167188955,Investor,795058.73,2020-04-28
BYR-3432,Gary,Ibarra,bmedina@example.org,127721205271141,Individual,2100431.97,2022-05-08
BYR-3433,Amy,Mcfarland,ramirezandrew@example.com,5928112538,Investor,1281481.33,2020-01-21
BYR-3434,Brian,Smith,zobrien@example.org,0014048606908193,Individual,2300191.45,2023-05-03
BYR-3435,Jeremy,Burgess,donnabrown@example.com,175825881356020,Individual,2622339.22,2023-08-25
BYR-3436,Emily,Cunningham,dayjulia@example.org,2336563788,Individual,2665050.4,2019-07-08
BYR-3437,Maria,Greene,mariacochran@example.org,72932046538855,Individual,1725187.46,2021-12-22
BYR-3438,Tom,Sanchez,invalid email,14205728206,Investor,640923.92,2022-12-20
BYR-3439,Thomas,Davila,michaelblevins@example.org,7138632025,Individual,1526536.06,2021-10-09
BYR-3440,Andrew,Ruiz,stacey68@example.org,7603008904887,Trust,2489907.38,2020-03-15
BYR-3441,Scott,Price,faustin@example.net,15949342053485,Investor,608243.67,2019-12-04
BYR-3442,James,Craig,susantaylor@example.com,300942603890017,Individual,2537254.33,2021-03-12
BYR-3443,Melissa,Russell,andrea30@example.org,7954138115,Individual,759988.24,2022-05-06
BYR-3444,Paul,White,vwade@example.org,71784887859314,Corporation,2136962.26,2022-05-31
BYR-3445,Christopher,Chavez,nancybrown@example.net,0018516546891,Individual,1945906.87,2022-06-15
BYR-3446,Alec,Carter,roger65@example.org,494782510195811,Corporation,1484279.23,2021-10-12
BYR-3447,William,Ramos,lspears@example.org,94047482387477,Investor,108339.15,2021-08-03
BYR-3448,Amanda,Carr,jamie27@example.com,8993508056,Individual,2431597.83,2020-06-07
BYR-3449,Ross,Perry,aalvarado@example.net,9683252928,Individual,1526536.06,2019-12-30
BYR-3450,Mark,Rodgers,regina94@example.com,472371970700034,Individual,1235287.02,2023-11-07
BYR-3451,Rebecca,Cook,johnnixon@example.org,5854342321668,Individual,1739418.62,2019-09-15
BYR-3452,Barry,Smith,wrichards@example.com,3998370633071,Individual,466270.76,2023-07-07
BYR-3453,James,Harrison,katrinataylor@example.net,19413822782489,Individual,1271784.46,2023-04-21
BYR-3454,John,Brewer,mbaker@example.org,1487574133275262,Individual,280659.84,2021-02-08
BYR-3455,George,Moreno,michelle88@example.net,0013596345207,Individual,2311673.71,2019-12-02
BYR-3456,Samantha,Martinez,cookkristopher@example.net,5573574272,Individual,731955.95,2019-04-21
BYR-3457,Barbara,Hawkins,tiffanybradford@example.net,97869757941144,Investor,1573199.77,2020-11-25
BYR-3458,Anne,Martinez,alison95@example.net,199980509524143,Individual,1123761.93,2020-02-02
BYR-3459,Holly,Gray,bryan91@example.com,52136367565106,Individual,1987559.81,2019-01-28
BYR-3460,Nicholas,Nelson,dcampbell@example.com,42542187237187,Investor,217723.27,2022-10-18
BYR-3461,Ryan,Saunders,invalid email,288791271001342,Investor,1998869.37,2024-02-11
BYR-3462,Tamara,Williams,diana84@example.net,5906661582696,Individual,1074639.77,2019-06-02
BYR-3463,Aaron,Adams,bernard67@example.com,8679754688119,Investor,550074.29,2021-04-05
BYR-3464,Ryan,Stewart,brendabooth@example.com,9445507670,Individual,874876.57,2020-06-30
BYR-3465,Blake,Brown,bmora@example.com,8202189791,Individual,380366.91,2022-12-07
BYR-3466,Erin,Salazar,pamela04@example.org,0014388250853,Corporation,1484279.23,2019-10-13
BYR-3467,Sydney,Cook,invalid email,3177773438,Investor,1884734.1,2020-11-11
BYR-3468,Michael,Williams,jay36@example.org,2686257736,Individual,377895.0,2023-03-05
BYR-3469,Chris,Downs,bishopdominique@example.org,9323488983,Individual,1143792.72,2024-03-15
BYR-3470,Steve,Wells,parkermegan@example.org,12542609658894,Individual,357058.26,2022-10-11
BYR-3471,Beverly,Jennings,fkeller@example.com,6977628471780,Individual,2806316.72,2024-01-28
BYR-3472,Christian,Martin,huertastacy@example.com,8928582766,Investor,1906626.38,2021-08-21
BYR-3473,Justin,Stout,invalid email,62121870847185,Individual,153300.35,2023-01-15
BYR-3474,Stephanie,Mendez,cvillarreal@example.net,9584221813,Individual,537640.66,2022-11-14
BYR-3475,Rachel,Scott,fclark@example.org,20822887722732,Investor,2024307.02,2022-09-22
BYR-3476,Robert,Greene,dawsonbradley@example.com,21294629104716,Individual,2194043.06,2021-04-12
BYR-3477,Alicia,Cline,kylewashington@example.org,66252299326997,Investor,2391438.02,2023-05-02
BYR-3478,Janet,Johnson,erica95@example.org,94834135090820,Individual,2710563.66,2020-04-04
BYR-3479,Renee,Crawford,dholden@example.net,7572024349,Individual,1526536.06,2024-01-28
BYR-3480,Andrew,Smith,qleblanc@example.net,2755316144,Individual,2334648.37,2023-01-07
BYR-3481,Monica,Jones,gutierrezkeith@example.org,0013809987787718,Corporation,154448.66,2021-03-23
BYR-3482,Kaitlyn,Ramirez,nduran@example.com,001336551349008096,Investor,2658922.5,2019-12-26
BYR-3483,Margaret,Cook,davissabrina@example.net,13392797106633,Individual,1526536.06,2020-06-05
BYR-3484,Brittney,Short,kimberlymills@example.net,1554271710520723,Individual,1526536.06,2023-02-14
BYR-3485,Peter,Nguyen,kenneth25@example.net,90125103987957,Investor,1573199.77,2024-05-16
BYR-3486,Deanna,Smith,laurenharrington@example.com,17414242803301,Corporation,2815036.0,2019-07-30
BYR-3487,Breanna,Reed,wallacemarissa@example.org,4814212532,Corporation,1738479.97,2019-05-19
BYR-3488,Miguel,Aguilar,ashleehill@example.com,272298824570986,Individual,1526536.06,2019-02-27
BYR-3489,Adam,Hudson,melinda09@example.net,276338127249963,Individual,1526536.06,2021-01-25
BYR-3490,Angela,Orozco,wagnermichael@example.org,9338225798730,Individual,1393218.67,2023-07-03
BYR-3491,Douglas,Moore,rebecca25@example.com,8163751866,Individual,1526536.06,2022-10-30
BYR-3492,Jeffrey,Kim,cynthia26@example.org,76529900998563,Individual,2134702.47,2019-06-18
BYR-3493,Brenda,Fernandez,tonichavez@example.org,8186184592,Individual,197443.23,2020-01-17
BYR-3494,Chad,Berg,robinsoncrystal@example.org,0019567327498216,Individual,1412012.08,2022-07-29
BYR-3495,Debbie,Austin,omays@example.net,6413947864,Corporation,620697.82,2019-11-07
BYR-3496,Molly,Foster,hcooper@example.net,6123378327,Individual,1633010.67,2019-07-11
BYR-3497,Sharon,Smith,roy05@example.org,734973650864587,Investor,1282159.78,2023-06-11
BYR-3498,Anna,Jimenez,leedaniel@example.org,3367950676,Individual,888424.76,2024-05-13
BYR-3499,Jonathan,Rasmussen,invalid email,9506358987,Individual,1526536.06,2023-12-04
BYR-3500,Blake,Baker,reneeestes@example.com,2036648173,Individual,1466516.3,2019-09-13
BYR-3501,James,Trujillo,bowersbethany@example.org,783709785618697,Individual,1526536.06,2022-03-15
BYR-3502,Latoya,Saunders,dawnmarquez@example.net,2272958355,Individual,1796281.25,2022-02-22
BYR-3503,Michael,Smith,douglasmichael@example.org,158687202885754,Individual,1270691.87,2022-04-04
BYR-3504,Thomas,Jimenez,aavila@example.net,0018529885948,Investor,248326.86,2019-01-21
BYR-3505,Bryan,Goodwin,lisa52@example.org,898258624646409,Individual,277404.58,2020-09-23
BYR-3506,Peter,Russell,rachelsolis@example.net,15989345715954,Individual,942245.15,2022-03-16
BYR-3507,Stephen,Vaughan,kingamanda@example.com,592754907238980,Individual,2017869.64,2019-07-01
BYR-3508,Brian,Welch,douglaschristina@example.net,132734130742148,Individual,2088340.73,2024-05-03
BYR-3509,Terri,Mendez,griffinhaley@example.org,1808567761666199,Individual,1362929.45,2023-05-15
BYR-3510,Megan,Thomas,brownjohn@example.net,847882696380699,Corporation,1089380.45,2021-07-30
BYR-3511,Shane,Wilson,hudsontiffany@example.net,7159857022,Investor,305181.01,2019-10-23
BYR-3512,Michael,Smith,hernandezbrandon@example.org,747876472776376,Individual,1879390.17,2019-12-19
BYR-3513,Joshua,Lambert,rjohnson@example.org,5653956355,Corporation,367322.66,2019-11-16
BYR-3514,Virginia,Smith,markbentley@example.com,18469326910374,Investor,2584855.66,2019-01-23
BYR-3515,Brett,King,robinsonjoshua@example.com,13124558110,Individual,147697.42,2021-02-08
BYR-3516,Robert,Adams,danielle79@example.org,8516758734,Investor,375482.6,2020-01-28
BYR-3517,Lisa,Shah,katrinatrevino@example.com,33734831308028,Individual,1526536.06,2022-07-24
BYR-3518,Ashley,Gardner,lorettaboyle@example.net,158975721351967,Individual,1484676.42,2021-12-06
BYR-3519,Michael,Sanders,nicholassmith@example.org,8628222668260,Individual,2900419.39,2021-04-22
BYR-3520,Robert,Allen,muellercurtis@example.org,603641802848087,Investor,159723.97,2020-05-24
BYR-3521,Victor,Davis,lisa73@example.org,563208239010182,Individual,1277107.72,2022-10-02
BYR-3522,Sandra,Harvey,ronniebrown@example.com,8253370645,Individual,665320.85,2022-09-04
BYR-3523,Angel,Strong,invalid email,1671636171392827,Individual,1284471.87,2020-01-23
BYR-3524,Yolanda,Cuevas,dhoffman@example.org,12935127288028,Corporation,2106646.64,2021-04-03
BYR-3525,Paula,Walton,darrell94@example.net,77550328683245,Individual,1155312.9,2023-02-01
BYR-3526,Brianna,Lucas,jsmith@example.org,4826248164491,Investor,2902470.52,2021-11-10
BYR-3527,James,Carter,invalid email,0017267839528463,Individual,2852011.47,2022-12-30
BYR-3528,John,Smith,ubarrett@example.net,001395927665405778,Individual,1526536.06,2021-11-25
BYR-3529,Rebecca,Shea,lfoster@example.org,2036237345,Individual,922878.91,2019-03-01
BYR-3530,Catherine,Long,jesseball@example.net,19545408643058,Individual,2562355.33,2021-03-06
BYR-3531,Amanda,Gardner,bwatson@example.net,4387388760,Trust,1806604.53,2019-10-24
BYR-3532,Kelly,Daniels,rsloan@example.com,6032793850,Individual,1526536.06,2023-05-24
BYR-3533,William,Luna,lesliehill@example.net,8236611581,Trust,1167548.31,2020-02-01
BYR-3534,Brenda,Snow,taylorbrittany@example.com,238361007532570,Individual,2474102.48,2019-10-26
BYR-3535,Brittany,Dougherty,stanley30@example.com,3749358898,Investor,572220.17,2020-08-06
BYR-3536,Todd,Wright,orobinson@example.org,0018729861418,Individual,2590745.63,2021-01-06
BYR-3537,Mark,Gamble,elara@example.com,141044963817118,Investor,1556006.27,2023-06-14
BYR-3538,Jennifer,Rowland,vincentorr@example.com,2252768412,Individual,2463440.05,2021-10-14
BYR-3539,Jamie,Garrison,qcarter@example.net,2504203048,Individual,683931.19,2020-03-21
BYR-3540,Amanda,Lee,ikim@example.net,0018888193615033,Individual,1526536.06,2021-09-04
BYR-3541,Maria,Barr,richard42@example.org,22860415748461,Investor,2393234.97,2019-07-13
BYR-3542,Bryan,Rose,daniel06@example.org,608433350479112,Investor,2141510.68,2020-08-22
BYR-3543,Kelsey,Boyle,emma36@example.org,9694588457,Investor,2752668.33,2022-12-22
BYR-3544,Julia,Johnson,eric05@example.net,651552114882689,Individual,1779872.12,2023-10-13
BYR-3545,Teresa,Black,yking@example.org,9355876952,Individual,335855.81,2023-08-17
BYR-3546,Joseph,Leblanc,kathryn96@example.com,5496306450440,Individual,2026788.25,2020-08-11
BYR-3547,Stephen,Bailey,egibbs@example.org,592203813372037,Individual,2195187.34,2022-05-02
BYR-3548,Michael,Walton,wchavez@example.net,001591999123527961,Individual,2181310.7,2019-11-26
BYR-3549,Todd,Stone,smorton@example.org,001548330234090450,Individual,2544900.36,2019-02-18
BYR-3550,Adam,Oneill,invalid email,139092918380619,Individual,404442.06,2020-05-12
BYR-3551,Dave,Berger,nicholas57@example.net,1588983156912080,Trust,331294.04,2022-05-25
BYR-3552,Eric,Trevino,karen30@example.org,0012636508097151,Individual,1342632.52,2024-06-11
BYR-3553,Rodney,Thomas,walkerjacob@example.com,14659066982,Individual,582834.78,2019-06-09
BYR-3554,Meghan,Fernandez,bobbycastro@example.com,9772878507,Individual,2894141.47,2023-07-10
BYR-3555,Brooke,Walker,ashleynicole@example.com,9404871549,Individual,2178857.32,2021-06-14
BYR-3556,Kristine,Hoffman,rebecca03@example.net,17923640825,Individual,1526536.06,2021-08-05
BYR-3557,Antonio,Lopez,kelly16@example.com,3883887815,Investor,922512.67,2022-12-28
BYR-3558,Angela,Williams,peggywilliams@example.net,17798033448419,Individual,983504.1,2022-01-15
BYR-3559,Brenda,Arnold,stephaniepatterson@example.com,0017696185403189,Individual,1121774.72,2022-08-05
BYR-3560,Lisa,Hall,charlottejohnson@example.com,2687832597,Individual,1038503.27,2023-05-29
BYR-3561,Jennifer,Gilmore,walkermichelle@example.org,66092199273209,Individual,1845254.61,2020-12-17
BYR-3562,Peter,Massey,andrewmooney@example.net,306549167525132,Trust,905925.59,2021-09-03
BYR-3563,Danielle,Arnold,lsanchez@example.net,568547778695608,Trust,641832.19,2023-08-26
BYR-3564,Jeremy,Zimmerman,martinezcynthia@example.net,76933726174729,Individual,1644875.96,2020-03-28
BYR-3565,Ruth,Mcdonald,dpugh@example.com,0019165349301,Individual,2275283.28,2021-01-07
BYR-3566,Dustin,Gibbs,invalid email,6634766547702,Trust,1850639.52,2023-09-18
BYR-3567,Andre,Clark,rmiller@example.com,8076362961656,Corporation,2135771.5,2021-07-14
BYR-3568,Jessica,Taylor,twatts@example.org,12686865312841,Corporation,1305350.08,2020-10-03
BYR-3569,Diana,King,tammy91@example.com,5472084242,Individual,2877484.08,2019-08-30
BYR-3570,Dustin,Sloan,williamsalison@example.net,6662244067029,Individual,1985142.03,2019-10-15
BYR-3571,Patricia,Wade,littlekimberly@example.net,8852172141751,Individual,2827436.03,2020-08-03
BYR-3572,Robert,Mora,tiffany24@example.org,7866745375,Investor,2233854.16,2024-06-27
BYR-3573,Nicholas,Smith,melissa69@example.net,970990982547339,Individual,772716.86,2023-02-21
BYR-3574,Kimberly,Johnson,heather48@example.com,17346785284,Individual,471146.01,2024-02-04
BYR-3575,Jason,Rush,michaelwaters@example.com,399660311197522,Individual,1526536.06,2019-07-25
BYR-3576,Vicki,Cook,montesmelissa@example.net,50457944964550,Individual,2953546.28,2021-06-14
BYR-3577,Audrey,Benson,tyler59@example.org,7853801087,Investor,519683.46,2022-05-01
BYR-3578,Margaret,Curtis,elizabeth26@example.net,50962854458886,Individual,1526536.06,2022-06-06
BYR-3579,Michael,Cordova,ebailey@example.net,70939821751563,Individual,1380648.86,2021-02-25
BYR-3580,Michael,Bender,charlesmorgan@example.com,8912149528,Corporation,1245699.8,2022-07-23
BYR-3581,Keith,Riley,jennifer79@example.net,325282822492105,Investor,2781103.92,2020-09-07
BYR-3582,Alyssa,Huber,zhunter@example.org,6249093966,Individual,1825216.93,2019-01-15
BYR-3583,Jacob,Clark,emilygomez@example.com,755924235110006,Investor,1429224.13,2020-10-30
BYR-3584,Donald,Moore,jenniferbender@example.org,17689324676,Individual,1526536.06,2020-04-27
BYR-3585,Ralph,Eaton,jonesnicholas@example.net,45927755884669,Investor,2780820.69,2021-09-29
BYR-3586,Andrew,Bradley,jenkinstina@example.com,9425522213,Individual,391237.45,2020-01-25
BYR-3587,Amy,Johnson,kennethbrown@example.com,588272114510159,Corporation,476286.91,2019-12-25
BYR-3588,Holly,Turner,loridavis@example.org,194340474884213,Individual,518910.63,2021-08-01
BYR-3589,Mary,Moore,trogers@example.org,9048428896925,Individual,1526536.06,2023-07-03
BYR-3590,Kristen,Cunningham,phayes@example.org,001481729667060020,Corporation,2240520.72,2021-11-05
BYR-3591,Kevin,Moore,jacksonjoel@example.net,8736993802,Individual,2152475.75,2023-05-06
BYR-3592,Dylan,Wood,bauerjason@example.org,5989814284,Individual,1526536.06,2022-01-07
BYR-3593,Morgan,Green,xbrady@example.net,5323488500,Investor,299696.95,2021-10-02
BYR-3594,Daniel,Harris,shannonjones@example.com,125968411544441,Individual,2972403.14,2020-12-03
BYR-3595,Mark,Young,martinhughes@example.org,6148208291906,Investor,1573199.77,2024-03-22
BYR-3596,Timothy,Sanchez,larsonnicholas@example.org,8973833533,Individual,2979120.34,2022-04-20
BYR-3597,Anthony,Phillips,ilara@example.com,6009274722,Individual,2152045.83,2020-03-04
BYR-3598,Elijah,Leach,william71@example.net,5398326556446,Individual,1132665.31,2020-12-20
BYR-3599,Cheryl,Koch,monica27@example.com,3482511644,Investor,1739396.69,2022-05-14
BYR-3600,Nicole,Chavez,angelicafrank@example.org,8546012424,Investor,854105.18,2022-10-07
BYR-3601,Donald,Johnson,crystalconrad@example.org,27988767967476,Investor,2949424.03,2022-10-10
BYR-3602,Charles,Ellis,terryvanessa@example.com,001540594586308722,Investor,2205248.68,2021-01-05
BYR-3603,Colleen,Snyder,yjennings@example.net,19358475575775,Investor,2357016.58,2023-07-21
BYR-3604,Jon,Cruz,albertmatthews@example.org,3123940399,Individual,1339593.33,2021-11-23
BYR-3605,Keith,Berry,desireehamilton@example.com,825942540867756,Individual,1526536.06,2024-05-31
BYR-3606,Meghan,Beck,wharris@example.org,2495241937,Individual,2215008.91,2022-03-06
BYR-3607,Donald,Dominguez,elizabeth64@example.org,5376314395,Individual,1526536.06,2024-01-11
BYR-3608,Ryan,Hoover,xfrost@example.net,259671315330607,Individual,1945399.53,2024-06-03
BYR-3609,Timothy,Smith,jessicasmith@example.org,6358256713,Investor,513522.67,2019-08-12
BYR-3610,Stephen,Rogers,xfowler@example.com,0017926959868783,Corporation,2950885.49,2019-01-08
BYR-3611,Hannah,Castillo,carpenterkenneth@example.net,0017393261913855,Individual,1526536.06,2019-09-08
BYR-3612,Michael,Hess,ipowers@example.org,0014869750718978,Individual,2589170.54,2019-02-17
BYR-3613,Shirley,Grimes,burtonnicholas@example.org,660886822570153,Corporation,1484279.23,2021-01-16
BYR-3614,Randy,Jennings,taylorjulie@example.org,9624304680179,Investor,611190.82,2020-11-02
BYR-3615,Kimberly,Becker,sgreene@example.org,8865811870,Individual,1563203.06,2021-11-05
BYR-3616,Michael,Booth,john14@example.net,146048396342007,Individual,681661.22,2022-08-17
BYR-3617,Raven,Reese,deleoncory@example.net,001598207597244045,Individual,1183699.24,2021-10-01
BYR-3618,David,Nguyen,tbryan@example.org,8775206344,Individual,1309212.15,2022-06-10
BYR-3619,Robert,Hayden,kelseylopez@example.net,12944424391774,Individual,1526536.06,2021-04-27
BYR-3620,Tonya,Castillo,william66@example.org,92729602290119,Individual,2402474.07,2022-11-08
BYR-3621,Evelyn,Orozco,watsonanthony@example.com,165178410526783,Investor,282826.11,2020-08-11
BYR-3622,Joseph,Ross,klinesarah@example.net,6656222260,Individual,980497.12,2021-03-21
BYR-3623,Margaret,Frazier,nicholas23@example.com,2583529101157,Individual,1526536.06,2022-06-27
BYR-3624,Andrew,Tran,gary95@example.org,6919328374285,Individual,2879018.49,2020-06-21
BYR-3625,Jennifer,Smith,stuartgregory@example.net,8585109709,Corporation,2490686.28,2020-09-17
BYR-3626,Samantha,Larsen,invalid email,3832851909,Individual,1170126.05,2023-08-26
BYR-3627,Jessica,Collins,feliciamartin@example.net,5245962300,Individual,2800049.56,2024-04-02
BYR-3628,David,Green,hmorales@example.net,8305378624,Investor,1120154.78,2022-04-25
BYR-3629,Jonathan,Bishop,sarah29@example.com,9557547043,Investor,2558169.48,2020-04-27
BYR-3630,Matthew,Massey,zdeleon@example.net,5072549222,Investor,1715683.24,2021-08-10
BYR-3631,Paul,Mcknight,ujohnson@example.net,8335432041,Trust,1133850.39,2022-12-07
BYR-3632,Harry,Brooks,rileyapril@example.com,150247151366792,Corporation,2127959.93,2023-11-05
BYR-3633,Ronald,Robinson,armstrongjason@example.org,567257676279759,Investor,1688727.25,2023-01-17
BYR-3634,Shawn,Rowland,carlsonkiara@example.org,8429915556,Individual,1526536.06,2022-08-13
BYR-3635,Virginia,Campbell,michele88@example.com,00194751555227747,Individual,2219888.68,2020-09-11
BYR-3636,Vicki,Marshall,jamie39@example.com,84539072501492,Individual,1992316.16,2024-06-10
BYR-3637,Robert,Jones,sbrown@example.net,2296383601,Investor,1573199.77,2020-09-23
BYR-3638,Daniel,Shaw,uyoung@example.org,3317743494,Individual,839177.11,2021-09-17
BYR-3639,Jacob,King,taylormaria@example.com,177776032168624,Individual,2376098.99,2024-01-14
BYR-3640,Nathan,Thornton,gdavis@example.net,4646781226,Corporation,154377.47,2021-08-11
BYR-3641,Jessica,Thompson,bryan60@example.org,18087167571,Individual,1639900.3,2022-02-12
BYR-3642,John,Davis,aaron04@example.com,4568883966163,Individual,894712.83,2019-04-21
BYR-3643,Brian,Smith,whitegail@example.org,541862174818248,Individual,2614582.61,2024-05-06
BYR-3644,Christina,Diaz,robertholder@example.net,8118847325808,Corporation,1484279.23,2022-09-25
BYR-3645,Amber,Dixon,gonzalezbrandon@example.com,6414887545680,Individual,1017428.47,2023-08-13
BYR-3646,Lisa,Proctor,hkoch@example.org,3962720469201,Corporation,2115537.23,2022-04-24
BYR-3647,Amber,Norris,rodrigueztimothy@example.net,5484925266,Investor,2238087.46,2019-05-15
BYR-3648,Alyssa,Cooper,matthew16@example.org,00172962074533084,Corporation,1526603.92,2024-01-18
BYR-3649,Amber,Henry,timothy30@example.com,18327968012,Investor,1691096.31,2023-05-30
BYR-3650,Amy,Mason,thomaskimberly@example.net,421447621626328,Individual,1244750.59,2023-08-05
BYR-3651,Jeff,Johnson,webbwendy@example.org,3493270234202,Investor,439022.84,2019-08-13
BYR-3652,David,Brown,lindsayscott@example.net,683223515257615,Corporation,2972957.9,2023-08-19
BYR-3653,Rebecca,Martin,tammy79@example.com,1812589722292999,Investor,1573199.77,2019-10-30
BYR-3654,Donald,Pierce,zreed@example.com,325704593392487,Individual,2105544.51,2020-04-16
BYR-3655,Dylan,Villegas,lopezjulie@example.org,161489401236725,Individual,1526536.06,2020-07-03
BYR-3656,Jessica,Sanders,spencermichelle@example.org,95337242228115,Individual,283906.97,2019-08-30
BYR-3657,George,Perez,natalieblair@example.com,75685736492771,Investor,1573199.77,2023-04-10
BYR-3658,Alicia,Lucas,kristi64@example.com,8373126686,Individual,1149331.36,2023-01-04
BYR-3659,Anna,Wilson,kinggloria@example.com,1979376690876353,Investor,916729.21,2019-07-09
BYR-3660,Brian,Ross,wcollins@example.net,9079047086,Investor,2923787.07,2020-08-10
BYR-3661,Margaret,Sanchez,lcherry@example.net,5444088641,Individual,2698105.31,2020-04-06
BYR-3662,Michele,Mathis,ijoseph@example.org,3136919884,Individual,788733.94,2019-05-02
BYR-3663,Phillip,King,katelynfaulkner@example.com,3444885996,Individual,1526536.06,2021-04-27
BYR-3664,Jessica,Taylor,jenniferallen@example.com,5114498442,Individual,1337530.19,2020-06-08
BYR-3665,Catherine,Miller,taylorgriffith@example.com,933473011904534,Trust,2863824.24,2023-08-08
BYR-3666,Tara,Myers,williamsdavid@example.net,9128389853,Corporation,2828483.34,2021-01-26
BYR-3667,Brian,Anthony,dwallace@example.net,0016748311250,Investor,2979139.35,2020-08-10
BYR-3668,John,Davis,melissaoneal@example.com,53635143294479,Individual,2375053.28,2019-07-19
BYR-3669,Zachary,Huff,kevin46@example.com,4847353446,Investor,2297483.87,2020-11-22
BYR-3670,David,Mitchell,dawn45@example.org,1401272655884962,Individual,1194308.83,2023-01-24
BYR-3671,Andrew,Jones,mooresuzanne@example.com,5427161044787,Individual,2233422.32,2020-01-23
BYR-3672,Danielle,Spencer,invalid email,5072152596,Corporation,1245443.07,2019-09-30
BYR-3673,Michael,Stafford,ygalloway@example.net,8894975303,Individual,1079963.89,2021-02-25
BYR-3674,David,Mccarty,jennifer45@example.org,954538729123024,Individual,804079.05,2023-10-11
BYR-3675,Michael,Richardson,nicole00@example.com,18236786413567,Individual,2361768.58,2023-01-28
BYR-3676,Diana,Nelson,edwardpierce@example.org,610842340438212,Individual,1095596.7,2021-06-10
BYR-3677,Karla,Thompson,harrisfranklin@example.org,31190129668550,Corporation,1484279.23,2020-04-27
BYR-3678,Amy,Taylor,wflores@example.org,6038884708,Individual,630476.14,2021-08-20
BYR-3679,Melissa,Scott,keithmark@example.com,48486065589420,Individual,147417.87,2020-09-23
BYR-3680,Brandon,Peters,albert65@example.com,2029094290,Trust,2776416.55,2021-08-30
BYR-3681,Lisa,Smith,brandononeal@example.org,65725267794936,Individual,1447391.14,2019-11-18
BYR-3682,Anna,Carpenter,melissacampbell@example.com,3817420370031,Individual,1840027.48,2020-09-13
BYR-3683,Patricia,Morris,cathy14@example.net,3103952311,Individual,2475813.13,2022-11-29
BYR-3684,Scott,Thornton,ojones@example.com,12737102345,Individual,2456298.01,2021-04-30
BYR-3685,Colton,Taylor,rebecca62@example.net,8525206881584,Investor,204071.03,2019-03-19
BYR-3686,Christopher,Murphy,normawatson@example.org,0012969117515051,Investor,2713383.65,2021-02-24
BYR-3687,Kathleen,Ortega,pgreen@example.net,143321835880322,Individual,611491.52,2020-03-03
BYR-3688,Claire,Hernandez,carlsonalan@example.com,7566171404,Individual,1526536.06,2021-09-09
BYR-3689,Brian,Mclaughlin,mitchell28@example.com,6232700293909,Corporation,159263.63,2023-10-27
BYR-3690,Kimberly,Kerr,walterrogers@example.net,0015634769582,Individual,587628.34,2020-03-30
BYR-3691,Krista,Petty,randallsmith@example.org,9566661452,Investor,509434.66,2021-03-01
BYR-3692,James,Olsen,jacksonvanessa@example.net,197456265090086,Individual,2078135.01,2020-12-22
BYR-3693,Tara,Schaefer,invalid email,5424138283217,Individual,1526536.06,2020-07-24
BYR-3694,Shane,Bowman,afinley@example.com,9366287688,Individual,1498353.57,2021-08-18
BYR-3695,Nicole,Sanders,kochnathan@example.com,17655744387,Investor,2532525.55,2020-07-30
BYR-3696,William,Smith,charlesross@example.net,9358550549206,Individual,1165495.34,2022-08-12
BYR-3697,Carla,Hernandez,nmitchell@example.com,705822009676839,Investor,1402514.23,2021-05-26
BYR-3698,Kylie,Robinson,edwardsgregory@example.org,3116549345,Investor,1352605.75,2021-12-28
BYR-3699,Vincent,Mcclain,derrickgregory@example.com,952846776298374,Investor,1881140.26,2021-09-03
BYR-3700,Andrea,Baker,invalid email,9854931177,Investor,1573199.77,2021-04-10
BYR-3701,Scott,Pope,rhondaburns@example.com,713399545985451,Trust,2407242.78,2022-08-17
BYR-3702,Drew,Franco,marie02@example.net,12548997031198,Investor,314634.57,2024-01-25
BYR-3703,Sherri,Benitez,ghayes@example.com,5357296448,Corporation,330486.33,2019-04-27
BYR-3704,Raymond,Barton,katherine45@example.org,378432814980915,Corporation,1484279.23,2021-10-23
BYR-3705,Troy,Wilson,robert43@example.com,174353109686340,Trust,585396.9,2020-12-03
BYR-3706,Kara,Juarez,sharimiller@example.com,249984663800583,Investor,2421944.91,2022-02-18
BYR-3707,Christian,Rose,mariamarsh@example.com,3134632880,Investor,164141.52,2019-04-17
BYR-3708,Randy,Gray,mullinserin@example.net,7332413322,Investor,1573199.77,2020-09-11
BYR-3709,Laura,Pittman,invalid email,64556632908995,Individual,2926159.35,2019-09-08
BYR-3710,Zachary,Robinson,ymiller@example.com,145057767747912,Individual,2292558.27,2022-09-12
BYR-3711,Jackie,Parker,emorrison@example.org,9098218921,Investor,1913598.26,2021-11-11
BYR-3712,Matthew,Perkins,invalid email,7454580365,Individual,141075.37,2019-08-27
BYR-3713,Jennifer,Johnson,patrickfreeman@example.org,5152659150,Individual,233494.37,2020-10-08
BYR-3714,Cynthia,Foster,alexanderharrison@example.net,0017093024736118,Individual,1576358.65,2023-06-29
BYR-3715,Kristopher,Wang,daniel46@example.org,3944243961736,Investor,1050105.42,2020-12-26
BYR-3716,Benjamin,Chambers,jday@example.com,17034391926259,Individual,2888755.71,2021-02-23
BYR-3717,Amy,Becker,leerichard@example.org,17012993937016,Individual,1473294.27,2023-11-16
BYR-3718,Travis,Moore,fhardy@example.org,6186492964,Individual,1323709.13,2023-04-19
BYR-3719,Kristy,Mejia,clarkcassandra@example.com,6519710604,Corporation,2760707.28,2023-04-22
BYR-3720,Dennis,Hall,lpowers@example.com,16565829117,Individual,1296589.61,2023-10-29
BYR-3721,Nicole,Warner,hoffmansusan@example.com,001249918397183503,Individual,2644137.76,2021-06-18
BYR-3722,Andrew,Anderson,elaine20@example.com,7263110826187,Individual,1526536.06,2024-04-26
BYR-3723,Peter,Miller,williamsdiane@example.com,18779502822,Corporation,162399.55,2021-11-23
BYR-3724,Joshua,Rice,kingmelinda@example.net,6696587476,Individual,2557715.38,2022-04-03
BYR-3725,Sue,Harrison,thompsontrevor@example.org,12718660994989,Investor,1321404.93,2022-11-21
BYR-3726,Allison,Garcia,biancashaw@example.net,2016024683,Individual,949628.01,2022-12-04
BYR-3727,Jamie,Smith,kellyduncan@example.net,8846011441511,Corporation,1484279.23,2021-03-01
BYR-3728,Brandi,Mckinney,bmaxwell@example.com,459571766152676,Individual,1913996.42,2023-01-20
BYR-3729,Amanda,Bush,jdavis@example.com,6902208306,Investor,743469.96,2023-03-16
BYR-3730,Lori,Bonilla,jonesjacqueline@example.org,0012286577078,Individual,278407.86,2021-04-09
BYR-3731,Maria,Banks,xwilliams@example.net,8058361264,Individual,1526536.06,2019-01-07
BYR-3732,Christopher,Mitchell,sheila35@example.net,8488463639,Investor,1573199.77,2022-07-30
BYR-3733,Jeffrey,Hall,richard68@example.org,6419016815,Individual,2819358.47,2021-04-02
BYR-3734,Anthony,Jones,longmelinda@example.com,60979522931118,Investor,1573199.77,2022-06-11
BYR-3735,Frank,Wyatt,krystalavila@example.org,3749926416,Individual,816524.54,2021-12-06
BYR-3736,Tara,Howard,linda78@example.org,354529758373389,Individual,1648839.81,2020-12-31
BYR-3737,Dominic,Woods,johnstonkrystal@example.org,7517848705665,Individual,1820518.02,2024-01-14
BYR-3738,Yvonne,West,foxchristopher@example.net,7495107299,Individual,909750.78,2023-04-12
BYR-3739,Craig,Graham,martinkathryn@example.com,680306191323671,Individual,124481.27,2023-07-05
BYR-3740,Paul,Ramirez,jeremygray@example.org,8158239363,Trust,1057140.65,2021-04-20
BYR-3741,Carl,Miller,davidemily@example.net,58473374085060,Individual,1526536.06,2019-12-04
BYR-3742,Joshua,Williams,luke85@example.org,0019197209854040,Individual,759599.37,2022-11-23
BYR-3743,James,Rodriguez,james80@example.org,7836050241,Corporation,2028881.61,2021-09-12
BYR-3744,Samuel,Smith,invalid email,001410466518082134,Individual,2851617.28,2023-01-03
BYR-3745,Debra,Huerta,novakashley@example.org,945899384471333,Individual,2289022.55,2024-03-22
BYR-3746,Ryan,Thompson,nathancooper@example.com,22180876182956,Corporation,1818406.52,2020-12-18
BYR-3747,Larry,Watson,oburnett@example.net,126229141642295,Investor,1573199.77,2021-09-05
BYR-3748,Diana,Jackson,htaylor@example.org,3155364773135,Individual,1526536.06,2019-05-19
BYR-3749,James,Smith,imatthews@example.com,7462569297,Investor,510596.57,2020-12-26
BYR-3750,Matthew,Rowe,anthonyhurst@example.net,00159871085853117,Trust,1623333.8,2023-07-25
BYR-3751,Manuel,Pearson,waterskathy@example.org,755691369913303,Individual,1004146.53,2024-02-07
BYR-3752,Michael,Bell,kfarmer@example.net,0017543430976,Individual,892064.72,2019-02-10
BYR-3753,Elizabeth,Miller,jessicahoward@example.org,49233181956817,Investor,1573199.77,2021-07-04
BYR-3754,Kyle,West,hendersonzachary@example.net,12124054684,Investor,2075795.06,2023-03-11
BYR-3755,David,Shelton,hancocktonya@example.org,74420612525053,Investor,1573199.77,2021-04-20
BYR-3756,Tina,Bates,jeffreybauer@example.com,5018328983,Individual,2791120.96,2021-05-11
BYR-3757,James,Lucas,hmarshall@example.com,8738597695541,Individual,985746.67,2021-05-09
BYR-3758,Jenna,Brown,lauramcdaniel@example.com,77291849460466,Trust,1165750.37,2022-02-27
BYR-3759,Darius,Howell,garyhoffman@example.com,698513401655562,Investor,1573199.77,2022-07-21
BYR-3760,Justin,Castaneda,lbell@example.com,155362941874045,Individual,1650442.21,2023-07-25
BYR-3761,Melissa,Morton,shieldswhitney@example.org,780312622246448,Investor,504310.07,2021-05-11
BYR-3762,Denise,Waller,richardsonkatherine@example.org,67429726161875,Individual,2814532.5,2023-10-03
BYR-3763,Rachael,Lewis,donald84@example.net,7607144604,Individual,1526536.06,2023-06-30
BYR-3764,Ricky,Smith,john80@example.net,1382386957113096,Individual,2416850.56,2019-12-01
BYR-3765,Stacy,Hoffman,ykim@example.com,0013365859655517,Individual,970977.43,2022-10-05
BYR-3766,Rebecca,Mcclain,qpetersen@example.org,7327217135,Individual,1907326.13,2021-11-30
BYR-3767,David,Adams,invalid email,40171176229885,Corporation,2387615.65,2019-03-09
BYR-3768,Juan,Davis,sgood@example.net,5174393463,Individual,2716617.36,2023-03-12
BYR-3769,Brian,Mills,vargasashley@example.com,436384850357615,Individual,353265.79,2024-03-23
BYR-3770,Susan,Haney,gabriel52@example.com,8517752005,Individual,1698751.57,2022-10-13
BYR-3771,Jessica,Martinez,floydjill@example.org,6668298345,Investor,1905435.08,2021-08-05
BYR-3772,Carlos,Gonzalez,john18@example.net,0013175440756,Individual,1526536.06,2023-04-02
BYR-3773,Russell,Grant,nancy72@example.com,4259084275,Individual,2223111.76,2022-12-22
BYR-3774,Donna,Daniels,steven28@example.net,2974458816,Individual,2015585.74,2020-05-22
BYR-3775,Robert,Fitzgerald,ntucker@example.org,2753622720318,Trust,2175382.23,2024-02-22
BYR-3776,Timothy,Stevenson,marcussmith@example.net,001917562359386262,Individual,2059968.3,2019-01-16
BYR-3777,Amanda,Fleming,alan16@example.org,74660886071751,Investor,763915.11,2020-08-31
BYR-3778,Jessica,Brown,dray@example.net,727848766503656,Investor,1138282.44,2023-04-25
BYR-3779,Dominique,Hudson,pwoods@example.net,2263474093,Investor,1573199.77,2024-03-08
BYR-3780,Jasmine,Phillips,millerbrian@example.net,4289222549,Investor,1007785.53,2020-08-11
BYR-3781,William,Hunt,lisa60@example.com,9019404184,Individual,480727.69,2024-05-27
BYR-3782,Susan,Garrett,thomasjorge@example.org,7717990540,Individual,2102468.82,2019-05-03
BYR-3783,Mary,Walker,christinaguerra@example.org,785966496344067,Investor,2743434.46,2022-04-19
BYR-3784,John,Walker,gowens@example.com,92935436638546,Corporation,1941048.92,2023-05-27
BYR-3785,Malik,Mcneil,alexmiller@example.org,6866674696265,Corporation,712499.17,2021-03-19
BYR-3786,Cheryl,Choi,smithstacy@example.com,86653337040046,Individual,966277.45,2022-08-20
BYR-3787,Alyssa,Garcia,dillonjodi@example.org,00156299269109143,Corporation,2953324.95,2023-09-28
BYR-3788,Martin,Rowland,ariel51@example.net,2209085474187,Individual,1526536.06,2024-04-22
BYR-3789,Linda,Sexton,brenda56@example.net,9939152802903,Individual,1037393.71,2024-04-03
BYR-3790,Melissa,Romero,tjohnson@example.org,4829900645,Individual,1526536.06,2019-04-09
BYR-3791,Lawrence,Watkins,sean00@example.net,99442718121569,Individual,1865725.48,2019-07-22
BYR-3792,Alicia,Cervantes,gutierrezlindsey@example.com,6334538409175,Investor,2682215.66,2019-03-23
BYR-3793,Peter,Sims,reillyrobert@example.net,7048960205,Individual,1526536.06,2024-03-17
BYR-3794,Heather,Brown,invalid email,185581678852828,Investor,526263.6,2022-09-23
BYR-3795,Louis,Gonzalez,donaldsolis@example.com,6838294148,Individual,1947082.18,2023-11-03
BYR-3796,William,Payne,velasquezthomas@example.net,5363776750,Individual,371308.97,2020-02-01
BYR-3797,Benjamin,Larsen,alexanderbrian@example.com,1393699775708197,Individual,2539499.95,2019-06-28
BYR-3798,Jeffrey,Holmes,qhill@example.org,3935166086,Individual,1526536.06,2023-03-09
BYR-3799,Sandra,Hill,ppayne@example.com,2349525453698,Individual,1220771.96,2022-09-04
BYR-3800,Sandy,Rogers,julie59@example.com,7254229293,Individual,288479.27,2023-10-22
BYR-3801,Brian,Francis,plarsen@example.net,5385152991,Corporation,2826534.32,2023-09-04
BYR-3802,Ralph,Obrien,tonya45@example.net,2737061484,Individual,2025587.08,2021-04-26
BYR-3803,Carrie,Shepherd,zreilly@example.org,2082991285,Investor,2823917.36,2024-03-19
BYR-3804,Thomas,Cook,rachelwilliams@example.net,7623582316,Individual,1526536.06,2019-01-02
BYR-3805,Regina,Romero,shawn71@example.com,7773165540,Trust,2016284.54,2024-04-09
BYR-3806,Paul,Rios,donnamartin@example.net,5933815766,Individual,2407287.41,2020-01-30
BYR-3807,Thomas,Peterson,thompsonsusan@example.com,1279633249390507,Investor,1573199.77,2022-07-21
BYR-3808,Nicholas,Benton,hansonkathy@example.org,176321231244136,Investor,1198134.6,2024-05-05
BYR-3809,Kaitlin,Salazar,gjames@example.net,181195178947374,Individual,1261578.4,2023-09-01
BYR-3810,Antonio,Porter,maria39@example.net,6602750924,Investor,633121.72,2019-06-25
BYR-3811,Maria,Blackwell,nashmaxwell@example.net,50368770671402,Individual,2841148.53,2023-05-11
BYR-3812,Sydney,Herrera,hollylittle@example.net,369564345146748,Individual,2797156.2,2023-03-13
BYR-3813,Ann,Brennan,veronica55@example.com,67333619570145,Investor,1204513.03,2021-10-21
BYR-3814,William,Irwin,geraldbrown@example.org,446510567553351,Investor,458029.36,2023-12-19
BYR-3815,Noah,Rose,gutierrezbrittany@example.org,8768280492563,Individual,2921037.85,2023-03-15
BYR-3816,Cheyenne,Taylor,bennettkaren@example.com,00184197870121070,Individual,1964946.79,2021-04-27
BYR-3817,Jill,Mercer,christineburgess@example.net,71292163825762,Investor,1573199.77,2023-08-26
BYR-3818,Eric,Montgomery,zlandry@example.com,27431628907183,Corporation,2799943.67,2019-01-31
BYR-3819,Elizabeth,Fisher,steven81@example.com,2436023183567,Trust,1621959.38,2020-11-04
BYR-3820,Sophia,Bailey,invalid email,412771429086441,Investor,2723687.14,2022-04-11
BYR-3821,Jennifer,Tucker,brandonortega@example.org,5157254926,Investor,1746228.87,2019-01-28
BYR-3822,Kathy,Strickland,chad62@example.net,6855265218151,Individual,2256329.64,2023-05-20
BYR-3823,Marissa,Roth,tylersmith@example.com,15214950544011,Investor,2721150.33,2024-06-15
BYR-3824,Eric,Klein,fdavis@example.com,00144580838899515,Investor,946265.01,2019-10-17
BYR-3825,Noah,Smith,brandy44@example.net,12478285814,Individual,2017856.69,2023-03-10
BYR-3826,Michael,Morales,carterjennifer@example.org,13853979320,Investor,1951605.49,2022-04-03
BYR-3827,Ronnie,Walker,sandyford@example.org,001338282121857383,Individual,955151.27,2023-02-13
BYR-3828,James,Hall,sheltonlisa@example.com,0017492503286980,Trust,985995.93,2022-11-09
BYR-3829,Jason,Jackson,nrobinson@example.com,16666891314570,Individual,1563217.13,2020-02-16
BYR-3830,Fernando,Perkins,claire88@example.org,9848403408,Corporation,500105.46,2021-01-07
BYR-3831,Erin,Rogers,christian63@example.net,3545320774,Individual,2972853.29,2021-02-18
BYR-3832,Eric,Lawson,nelsonerin@example.com,8184750234,Individual,149875.78,2019-06-13
BYR-3833,Briana,Johnson,nashdouglas@example.org,0012283934804429,Investor,1568503.42,2024-06-27
BYR-3834,Brian,Holt,andreamoody@example.org,76456851212668,Investor,2000241.72,2019-10-15
BYR-3835,Tiffany,Weaver,millerangela@example.net,3348251702,Individual,2739855.69,2019-06-08
BYR-3836,Hannah,Cooper,bowenreginald@example.net,7462942897,Individual,2955851.91,2020-12-04
BYR-3837,Linda,Gutierrez,mosscheyenne@example.org,4892731291892,Trust,2568398.6,2022-10-13
BYR-3838,Katherine,Thompson,mary55@example.com,3713100839,Investor,1201333.91,2021-12-14
BYR-3839,Jerome,Craig,benjamin36@example.net,9657736759,Individual,459416.43,2021-07-12
BYR-3840,Melissa,Page,michelle32@example.com,1871744150519976,Individual,1823480.73,2020-11-17
BYR-3841,Jacob,Walton,carlsonrobert@example.org,37754036678712,Individual,498000.43,2023-07-05
BYR-3842,Angela,Blair,fhines@example.com,5737675852,Corporation,2282142.82,2021-07-07
BYR-3843,Samantha,Bowers,jonathon70@example.net,13925445121,Corporation,306594.39,2021-12-04
BYR-3844,Maria,Conway,reneesingh@example.org,001828519013547457,Individual,1526536.06,2019-11-30
BYR-3845,Christopher,Walls,aphillips@example.net,4483657963,Individual,1526536.06,2024-01-22
BYR-3846,Colton,Fowler,coxkaren@example.net,53581824344971,Individual,1667930.55,2020-05-26
BYR-3847,Mary,Edwards,danielking@example.net,00178395868472632,Investor,339447.32,2019-11-19
BYR-3848,Justin,Jennings,molinadavid@example.com,1682750105285094,Trust,2187225.81,2021-01-08
BYR-3849,Christina,Contreras,qpena@example.com,7057052024,Investor,1869581.27,2024-05-02
BYR-3850,Joseph,Cox,christinagarcia@example.org,5849821676397,Individual,2684312.82,2021-10-06
BYR-3851,Tonya,Ortiz,christopher11@example.net,1378391645021424,Individual,2617773.43,2020-06-05
BYR-3852,Melissa,Flores,hannah26@example.org,85220856771164,Individual,2286321.86,2023-03-30
BYR-3853,John,Mitchell,ifitzgerald@example.com,3118754711959,Investor,1573199.77,2020-01-23
BYR-3854,Antonio,Norman,howellcarol@example.com,00163338512429740,Corporation,1484279.23,2024-05-17
BYR-3855,Angela,Marshall,rprice@example.org,7463168559,Individual,2321248.64,2019-06-05
BYR-3856,Roger,Ho,oberry@example.com,151756294163392,Corporation,276343.82,2020-02-14
BYR-3857,Ashley,Johnson,jeanette32@example.com,00120597736460028,Investor,2058553.28,2021-04-30
BYR-3858,Laurie,Gonzalez,fosteredward@example.net,8825670934,Investor,243256.53,2024-04-21
BYR-3859,Christopher,Bradley,nfreeman@example.org,218895388637455,Individual,485817.81,2023-11-20
BYR-3860,Jessica,Douglas,alvin35@example.net,7589981084,Investor,1646329.26,2024-03-04
BYR-3861,Denise,Jensen,sabrina01@example.net,2782094907,Individual,2182519.29,2021-09-23
BYR-3862,Jonathan,Mcdonald,cmacdonald@example.org,753306651547526,Investor,1573199.77,2022-09-23
BYR-3863,Jennifer,Juarez,ubaker@example.org,67072597779205,Investor,1573199.77,2019-06-04
BYR-3864,Tammy,Lopez,dsutton@example.org,8105968583568,Investor,1896232.78,2023-06-24
BYR-3865,Gloria,Cortez,ibailey@example.net,9745329648,Investor,1711769.74,2024-05-14
BYR-3866,Jose,Leach,sherry85@example.com,4887428075,Individual,304646.98,2023-05-17
BYR-3867,Joshua,Morales,taylorpetty@example.org,38645415167445,Investor,1053415.81,2022-07-18
BYR-3868,Angelica,Cole,patricia85@example.net,9668869804,Trust,297982.46,2024-06-28
BYR-3869,Robert,Garza,mike24@example.com,17404644147,Individual,956976.5,2023-09-01
BYR-3870,Aaron,Smith,johnking@example.org,53051415748498,Individual,125645.77,2024-05-20
BYR-3871,David,Aguilar,millscourtney@example.org,5903774990,Individual,2742043.09,2019-07-23
BYR-3872,Carrie,Gonzalez,molly90@example.net,534975326422649,Individual,109628.8,2023-05-01
BYR-3873,Matthew,Mitchell,tonirodgers@example.org,00161562138040968,Individual,1526536.06,2019-06-04
BYR-3874,Emily,Hall,iarnold@example.net,13864851433,Individual,1190619.88,2022-01-28
BYR-3875,Karen,Ortiz,leah36@example.org,00147683900082192,Investor,1702312.76,2021-12-26
BYR-3876,Jamie,Powell,msmith@example.net,142288878361919,Individual,378284.18,2019-11-13
BYR-3877,Molly,Mccarthy,kellicastro@example.com,4324438460,Individual,1548281.92,2020-05-30
BYR-3878,Aaron,Sullivan,ramirezvicki@example.net,28343514755916,Individual,901247.21,2022-01-17
BYR-3879,Earl,Archer,elizabeth12@example.net,7858567810279,Individual,1691502.87,2022-02-05
BYR-3880,Susan,Jones,april79@example.net,5922308359,Individual,1596808.85,2021-06-14
BYR-3881,Michael,Barnes,stevenharrell@example.com,6367621146,Individual,1526536.06,2023-07-19
BYR-3882,Nicole,Bishop,bgrimes@example.net,6637447231131,Individual,1901111.5,2022-11-06
BYR-3883,Matthew,Ross,jessica15@example.com,58735710949000,Individual,2136633.18,2019-01-20
BYR-3884,Travis,Le,carmen28@example.org,2465948798,Individual,1771738.42,2024-05-17
BYR-3885,Eduardo,Noble,wendymeyer@example.net,1449501177702922,Corporation,507339.01,2020-02-11
BYR-3886,Madeline,Kelley,emmacampbell@example.net,15317983840,Investor,2482390.33,2019-06-08
BYR-3887,Deborah,Lee,thomasgutierrez@example.net,2216529785,Individual,737101.88,2020-04-16
BYR-3888,Brittany,Nguyen,courtneyhenry@example.com,43076847885407,Individual,2831107.64,2019-05-14
BYR-3889,Janice,Adams,mike01@example.net,8343213206962,Investor,857344.98,2023-01-19
BYR-3890,Dana,Hale,johnsonalyssa@example.com,5225892696,Individual,1526536.06,2024-05-21
BYR-3891,Amy,Ponce,stewartduane@example.com,4335079598,Corporation,1272708.13,2024-01-05
BYR-3892,Matthew,Clay,clayton91@example.com,8255829262,Individual,1526536.06,2023-07-28
BYR-3893,Matthew,Costa,cadams@example.com,00177336302832643,Individual,595879.98,2021-04-11
BYR-3894,Douglas,Friedman,cathy25@example.com,3952792032,Trust,1867868.69,2021-05-08
BYR-3895,Brandy,Ballard,hayesmelanie@example.net,6162206979,Individual,1526536.06,2019-08-07
BYR-3896,Samantha,Humphrey,jacksonjaime@example.com,436266783368991,Corporation,1545174.15,2023-05-24
BYR-3897,Henry,Green,mandrade@example.org,831560943281719,Investor,2957645.23,2019-04-09
BYR-3898,Theresa,Levy,pnelson@example.org,0014676159587501,Investor,2849781.32,2023-09-14
BYR-3899,Vicki,Anderson,tlove@example.com,14989147400130,Individual,1568633.43,2022-02-13
BYR-3900,Kevin,Carson,avalencia@example.net,9545311983,Investor,997082.53,2019-04-08
BYR-3901,Lauren,Morrison,lawrencele@example.com,001994476897259374,Individual,2595604.18,2021-03-05
BYR-3902,Stephen,Buchanan,yspears@example.net,3272444261,Individual,2153659.72,2020-05-24
BYR-3903,Tamara,Hill,skane@example.net,49365023105499,Individual,676718.04,2019-05-02
BYR-3904,Amy,Ford,craig21@example.org,7719604362,Individual,1526536.06,2020-01-23
BYR-3905,William,Castro,patrick86@example.net,130396001800987,Investor,891239.85,2022-10-26
BYR-3906,Mitchell,Manning,walkerzachary@example.com,2365965903383,Corporation,1484279.23,2023-01-07
BYR-3907,Karen,Chavez,kevinramos@example.com,00129991604156012,Individual,2099714.94,2021-03-08
BYR-3908,Evelyn,Aguilar,jessicasanchez@example.com,4764527862,Trust,2576243.04,2019-10-18
BYR-3909,Andrew,Kelly,dana93@example.org,0014055824686,Investor,1573199.77,2022-02-06
BYR-3910,Claire,Curry,efranklin@example.net,001796668159306162,Individual,971329.69,2022-12-06
BYR-3911,Tyler,Downs,adrian07@example.org,4333236756078,Individual,349297.55,2024-06-03
BYR-3912,Derek,Hatfield,brownmary@example.com,7483238267079,Individual,890742.03,2021-03-23
BYR-3913,Heather,Brown,rphillips@example.org,00131321461470780,Investor,1040024.38,2023-06-07
BYR-3914,Alan,Boyd,yhunt@example.org,47799096878531,Trust,490423.56,2021-04-03
BYR-3915,Kevin,Mahoney,triciasolis@example.com,473418449944255,Individual,1669271.93,2019-04-28
BYR-3916,Amber,Olson,monique02@example.org,0018068628568,Individual,778842.73,2019-12-07
BYR-3917,Eric,Jenkins,stacey53@example.net,9046423302956,Individual,134023.5,2020-01-06
BYR-3918,Ashley,Baker,richardsmatthew@example.org,4609133403,Investor,200034.79,2020-12-02
BYR-3919,Maria,Stout,andersonjoshua@example.com,1942256384633651,Individual,1806590.8,2019-10-11
BYR-3920,Christine,Rowe,sanfordpaul@example.net,4904332954,Investor,228884.62,2024-01-24
BYR-3921,Adam,Ramirez,brianna79@example.net,1304523396535428,Individual,1941578.88,2024-01-14
BYR-3922,Kelli,White,tiffanycurtis@example.org,56151306961662,Investor,1764603.33,2021-09-04
BYR-3923,Gary,Fritz,jennifermoore@example.com,582391799950915,Individual,1830465.34,2019-09-04
BYR-3924,Abigail,Perez,jonathan20@example.org,97893398364851,Investor,207399.19,2023-01-22
BYR-3925,Zoe,Johnson,stevensonalison@example.com,819453885910292,Individual,2174395.27,2021-06-10
BYR-3926,Michelle,Williams,martinmichelle@example.com,0013867146695292,Individual,1526536.06,2023-08-25
BYR-3927,Leon,Richards,pwall@example.net,699716160500451,Corporation,292340.73,2020-04-15
BYR-3928,Timothy,Carter,joshua70@example.net,2566171137126,Individual,1631263.54,2020-03-24
BYR-3929,Jimmy,Patterson,emily10@example.org,4169684123,Individual,2869870.43,2021-06-15
BYR-3930,Andrew,Massey,sandrareynolds@example.com,6178618939,Individual,1062175.28,2022-05-22
BYR-3931,Daniel,Fitzgerald,rodgersdylan@example.org,39240667549139,Individual,2161593.49,2023-06-06
BYR-3932,Christina,Valentine,icampbell@example.com,00192393145606045,Corporation,546511.03,2023-12-18
BYR-3933,Chelsea,Johnson,justin07@example.com,329200560325375,Investor,929239.83,2023-11-06
BYR-3934,Brian,Rodriguez,tracyduarte@example.com,1631348270439075,Individual,1526536.06,2023-08-05
BYR-3935,Laura,Cardenas,angelapruitt@example.net,3167807799,Trust,1464622.37,2021-03-06
BYR-3936,Connie,Ponce,zbennett@example.org,4875408673,Individual,1382176.06,2023-07-25
BYR-3937,Seth,Carrillo,invalid email,0012843713540,Investor,1491069.27,2021-09-10
BYR-3938,Joshua,Sanchez,samuel83@example.org,0015625272833,Investor,2281129.03,2020-02-06
BYR-3939,Laurie,Flores,hbrock@example.com,8712254184,Individual,2447334.9,2019-09-03
BYR-3940,Brian,Parker,beth31@example.com,2783550989,Investor,2276903.85,2020-02-01
BYR-3941,Stephanie,Levy,david79@example.net,88277835451854,Investor,2584587.22,2023-03-18
BYR-3942,Patrick,Martin,clementscody@example.org,376307773027555,Investor,1313989.49,2020-11-14
BYR-3943,Kevin,Huynh,emily59@example.com,6615519479357,Individual,2835611.16,2020-05-10
BYR-3944,Benjamin,Vaughn,rachel38@example.com,19024750438,Individual,1526536.06,2024-01-13
BYR-3945,Patricia,Chavez,tinaowens@example.com,121287894316152,Individual,1449349.67,2022-03-27
BYR-3946,Mary,Morales,armstrongmary@example.net,2796863386,Trust,938577.47,2023-10-29
BYR-3947,Mathew,Peterson,lsalazar@example.org,969867410950959,Investor,2494585.29,2019-06-10
BYR-3948,Devon,Rodriguez,nthornton@example.org,410610561347882,Investor,1630921.12,2024-02-08
BYR-3949,Debra,Snyder,freemanstephanie@example.org,3027225444859,Individual,2280184.74,2022-02-18
BYR-3950,Edward,Ferrell,joshua43@example.org,3612588584,Investor,1573199.77,2020-05-07
BYR-3951,Maria,Gonzalez,michellebridges@example.org,15387662148,Individual,2562221.55,2024-03-21
BYR-3952,Tammy,Nolan,shericombs@example.net,19239639633106,Trust,1542131.15,2024-04-05
BYR-3953,Christopher,Porter,dillonkimberly@example.org,0017133294949,Individual,1926747.25,2019-12-16
BYR-3954,Anthony,Smith,amy10@example.com,46656242689421,Individual,1358280.22,2022-12-05
BYR-3955,Emily,Wilson,jeffrey08@example.net,2754751111020,Individual,382711.53,2019-04-06
BYR-3956,Christopher,Williams,williamsonshawn@example.net,1833498136198388,Corporation,2287979.55,2022-06-09
BYR-3957,Wanda,Hicks,lcoleman@example.net,15246084679,Corporation,384135.25,2019-11-16
BYR-3958,Matthew,Pena,rachelday@example.com,16422766359,Individual,985214.11,2023-06-28
BYR-3959,Seth,Turner,johnstonveronica@example.com,3969893621847,Investor,711148.74,2024-02-15
BYR-3960,Darrell,Fowler,yconley@example.net,25076669668566,Investor,428659.91,2020-05-30
BYR-3961,Brittney,Hernandez,collierdaniel@example.com,6757220290326,Investor,1014438.58,2023-10-31
BYR-3962,Allen,Black,hsharp@example.net,8334423059772,Individual,1234018.8,2020-05-15
BYR-3963,Melissa,Gilbert,ericberger@example.org,37874464289616,Investor,2088425.1,2019-04-27
BYR-3964,Thomas,Delgado,robin71@example.org,13469715133157,Individual,1640687.92,2023-04-06
BYR-3965,Jonathan,Chavez,david76@example.org,0019524352392376,Individual,1526536.06,2023-01-25
BYR-3966,Mary,Perez,invalid email,5377082049049,Individual,1017734.79,2024-04-11
BYR-3967,Colleen,Adams,invalid email,968488702649875,Individual,1956601.89,2022-06-16
BYR-3968,Rebecca,Anderson,karen24@example.net,2296942379,Individual,2966842.7,2021-10-01
BYR-3969,Sara,Ryan,lpeters@example.com,1848356229594303,Corporation,1484279.23,2022-12-05
BYR-3970,Lauren,Jones,kristaware@example.org,5808745815163,Investor,1573199.77,2020-09-07
BYR-3971,Ryan,Leach,margaretbarnes@example.com,3279907106,Individual,517533.6,2021-08-29
BYR-3972,Justin,Rojas,kristina81@example.net,87825314955376,Individual,2255975.97,2020-06-21
BYR-3973,Tony,Velasquez,matthew25@example.com,6555073849,Individual,1526536.06,2021-09-11
BYR-3974,Tina,Jones,ryan55@example.com,5668717272,Investor,2951550.65,2021-04-16
BYR-3975,Allison,Mcmahon,ashleylarson@example.net,0019722879837,Investor,2615327.59,2019-07-11
BYR-3976,Cristina,Flores,philipfranklin@example.com,16652482610,Investor,1418905.46,2022-09-05
BYR-3977,Jaime,Jones,lisarobles@example.com,33654606333790,Individual,1162853.4,2019-01-18
BYR-3978,Joshua,Richardson,dana24@example.net,8067528856445,Individual,2819544.56,2020-06-23
BYR-3979,Eric,Riley,estradajustin@example.org,81185426885441,Individual,2012232.72,2022-11-13
BYR-3980,Bruce,Flores,njuarez@example.org,2545362421026,Individual,558001.28,2023-09-14
BYR-3981,Veronica,Reid,jonesjason@example.org,878218754441897,Individual,2245587.87,2022-08-19
BYR-3982,Allison,Gillespie,carolyn93@example.com,6095743033,Investor,1573199.77,2023-03-22
BYR-3983,Deborah,Garcia,stephanie78@example.net,775233438473647,Investor,1941500.89,2019-01-23
BYR-3984,Patricia,Long,wirwin@example.org,64861574721067,Individual,1440323.12,2020-06-09
BYR-3985,John,Young,hallheather@example.com,30590346035334,Individual,2199465.7,2020-10-14
BYR-3986,Preston,Ray,ostevens@example.com,7252418985683,Individual,1526536.06,2021-02-03
BYR-3987,Brittany,Dorsey,ronaldsalinas@example.org,18668107933006,Trust,1355239.21,2019-04-17
BYR-3988,Michael,Martinez,kellygarcia@example.com,9597586891,Investor,2258560.64,2022-06-28
BYR-3989,Mary,Brown,ryanvelasquez@example.com,19344241909929,Individual,2564602.12,2023-01-06
BYR-3990,Daniel,King,billforbes@example.org,2148745915,Individual,1526536.06,2019-12-04
BYR-3991,John,Walker,dominiquebuchanan@example.net,4782032963,Individual,2846804.31,2022-08-27
BYR-3992,Allison,Scott,luke93@example.net,62957774966807,Individual,2786274.5,2021-08-25
BYR-3993,Alfred,Brown,georgemark@example.net,7558893409,Investor,1297861.58,2021-03-31
BYR-3994,Teresa,Bailey,michael22@example.org,897892803161008,Investor,1982205.22,2022-02-26
BYR-3995,Daniel,Thomas,stewartalex@example.com,0018744436870,Individual,2103912.8,2022-03-20
BYR-3996,Alex,Smith,mosleytammy@example.org,001892440609025824,Individual,1526536.06,2021-05-07
BYR-3997,Cameron,Carter,aromero@example.com,0015125679417833,Investor,1573199.77,2020-03-03
BYR-3998,Jennifer,Diaz,tcampbell@example.com,8973837551,Individual,1745851.29,2019-02-28
BYR-3999,Cindy,Peters,ericagregory@example.net,4047589709,Individual,1526536.06,2022-11-24
BYR-4000,Danielle,Hill,jacob84@example.com,17842003588,Individual,1526536.06,2023-07-21
