transaction_id,listing_id,buyer_id,agent_id,sale_price,sale_date,closing_date,commission_amount,transaction_status,financing_type,inspection_passed,days_to_close,commission_rate
TXN-00001,LST-2538,BYR-1560,AGT-0014,564343.77,2024-02-19,2024-03-19,18066.11,Cancelled,FHA,False,29,3.201259756974016
TXN-00002,LST-5244,BYR-0814,AGT-0111,1123508.95,2021-04-15,2021-05-22,65128.04,Cancelled,VA,True,37,5.796842116834049
TXN-00003,LST-2581,BYR-2677,AGT-0006,2360712.19,2021-04-08,2021-05-11,101742.1,Cancelled,VA,False,33,4.3098053388710635
TXN-00004,LST-5153,BYR-1999,AGT-0108,953489.18,2024-07-31,2024-08-22,42756.33,Cancelled,FHA,True,22,4.484196663878241
TXN-00005,LST-3511,BYR-1008,AGT-0273,1733871.6,2024-07-20,2024-08-20,99907.22,Pending,Conventional,False,31,5.762088726754622
TXN-00006,LST-5744,BYR-3678,AGT-0207,1030509.93,2024-10-14,2024-11-06,38604.38,Pending,FHA,False,23,3.7461434262938154
TXN-00007,LST-4183,BYR-2858,AGT-0260,158743.17,2020-08-15,2020-08-30,9306.29,Cancelled,Conventional,True,15,5.862482146475971
TXN-00008,LST-3725,BYR-3978,AGT-0267,2168310.62,2022-09-13,2022-10-08,129564.53,Pending,Conventional,True,25,5.975367588247112
TXN-00009,LST-5965,BYR-0099,AGT-0156,838294.61,2020-09-26,2020-11-07,44043.89,Pending,Conventional,True,42,5.253987020147965
TXN-00010,LST-5596,BYR-1048,AGT-0300,2730012.72,2022-04-09,2022-05-23,120292.83,Cancelled,Conventional,True,44,4.406310238730316
TXN-00011,LST-4262,BYR-3393,AGT-0184,811094.68,2020-03-28,2020-04-28,25979.0,Pending,Cash,True,31,3.202955294935481
TXN-00012,LST-3850,BYR-3120,AGT-0283,1884090.79,2022-06-09,2022-07-23,74643.76,Completed,Conventional,True,44,3.9617920960167736
TXN-00013,LST-3705,BYR-1829,AGT-0237,1273438.11,2020-10-02,2020-10-17,48348.85,Cancelled,Conventional,True,15,3.7967176905048015
TXN-00014,LST-0830,BYR-3706,AGT-0239,1959938.04,2020-10-25,2020-11-19,61765.09,Pending,Cash,True,25,3.151379724228425
TXN-00015,LST-1235,BYR-0994,AGT-0171,1557683.1,2020-05-12,2020-06-24,66798.05,Pending,Conventional,True,43,4.288295225132763
TXN-00016,LST-0692,BYR-2511,AGT-0114,708095.81,2021-04-29,2021-05-24,40887.97,Pending,Conventional,False,25,5.774355591794845
TXN-00017,LST-0544,BYR-3699,AGT-0178,3034776.47,2021-09-21,2021-10-14,128952.93,Pending,Jumbo,True,23,4.24917391032757
TXN-00018,LST-2511,BYR-1480,AGT-0087,1399217.44,2021-02-17,2021-03-21,80296.53,Cancelled,Jumbo,True,32,5.738674183477873
TXN-00019,LST-3325,BYR-2197,AGT-0193,2117223.22,2020-11-14,2020-12-04,125532.24,Pending,Conventional,True,20,5.9290980192442815
TXN-00020,LST-3232,BYR-2620,AGT-0153,328726.0,2023-09-12,2023-10-18,12985.56,Pending,Conventional,True,36,3.9502686127656466
TXN-00021,LST-3013,BYR-3296,AGT-0265,282543.02,2021-11-17,2021-12-07,11502.3,Completed,Conventional,True,20,4.070990676039351
TXN-00022,LST-0005,BYR-2719,AGT-0016,541258.7,2020-07-01,2020-08-02,31643.46,Pending,Jumbo,True,32,5.846272771227511
TXN-00023,LST-5791,BYR-1332,AGT-0093,502523.9,2023-07-28,2023-09-02,15403.39,Cancelled,Conventional,True,36,3.0652054558997093
TXN-00024,LST-3876,BYR-1396,AGT-0089,171840.37,2023-12-20,2024-01-13,6006.58,Cancelled,Cash,True,24,3.495441728855682
TXN-00025,LST-0055,BYR-3356,AGT-0146,2381709.47,2021-06-28,2021-08-06,68396.19,Completed,Cash,True,39,2.8717268357672525
TXN-00026,LST-5936,BYR-2222,AGT-0058,856331.3,2024-02-17,2024-03-22,27640.49,Cancelled,Conventional,False,34,3.2277799491855546
TXN-00027,LST-1681,BYR-0999,AGT-0044,2588489.06,2021-03-30,2021-05-03,109751.16,Completed,Conventional,False,34,4.2399700155580335
TXN-00028,LST-1535,BYR-3738,AGT-0162,1150500.18,2020-10-04,2020-11-07,35046.01,Unknown,Conventional,True,34,3.046154238759007
TXN-00029,LST-5205,BYR-1095,AGT-0021,2359044.34,2021-06-04,2021-07-17,94452.68,Cancelled,Conventional,True,43,4.0038535265513495
TXN-00030,LST-1551,BYR-3260,AGT-0060,1496824.98,2022-08-26,2022-09-15,66893.0,Pending,Conventional,True,20,4.468992760930539
TXN-00031,LST-1769,BYR-3595,AGT-0264,227381.97,2024-06-30,2024-08-05,6029.08,Cancelled,Conventional,True,36,2.6515206988487257
TXN-00032,LST-0995,BYR-3923,AGT-0270,550626.17,2022-10-11,2022-11-02,24406.19,Pending,Conventional,True,22,4.432442795081824
TXN-00033,LST-4714,BYR-0570,AGT-0210,1504765.12,2024-05-26,2024-06-19,48058.18,Completed,Conventional,True,24,3.1937329860490116
TXN-00034,LST-4227,BYR-0107,AGT-0011,1242461.94,2024-06-09,2024-07-17,67124.68,Pending,Jumbo,False,38,5.402554222304789
TXN-00035,LST-2312,BYR-2163,AGT-0235,422304.57,2021-06-12,2021-07-01,24823.49,Cancelled,Cash,False,19,5.878101200751865
TXN-00036,LST-4213,BYR-2764,AGT-0299,1745827.49,2020-08-18,2020-09-06,72115.67,Completed,Cash,False,19,4.1307443268635895
TXN-00037,LST-5449,BYR-0039,AGT-0123,993464.96,2020-10-01,2020-11-07,51633.08,Cancelled,Cash,False,37,5.1972723829132335
TXN-00038,LST-0740,BYR-0007,AGT-0208,170269.16,2023-01-20,2023-02-12,7483.11,Completed,FHA,True,23,4.394871038301944
TXN-00039,LST-0837,BYR-0492,AGT-0130,875461.17,2022-04-29,2022-06-11,46889.39,Cancelled,VA,True,43,5.355964559798808
TXN-00040,LST-1467,BYR-3158,AGT-0144,2184962.09,2024-03-13,2024-03-31,65762.09,Pending,FHA,True,18,3.009758855816121
TXN-00041,LST-3147,BYR-1543,AGT-0238,709829.1,2022-09-09,2022-10-08,37336.19,Pending,Conventional,True,29,5.2598843862557905
TXN-00042,LST-2762,BYR-1228,AGT-0235,726676.23,2023-12-29,2024-01-23,30701.93,Pending,Conventional,False,25,4.22498063546127
TXN-00043,LST-5481,BYR-2112,AGT-0097,342343.14,2024-11-12,2024-12-22,16399.66,Unknown,Conventional,False,40,4.790415838331096
TXN-00044,LST-1092,BYR-0442,AGT-0111,2130117.49,2023-05-29,2023-06-26,87689.53,Cancelled,FHA,True,28,4.116652269729967
TXN-00045,LST-1018,BYR-3615,AGT-0125,944324.42,2021-12-26,2022-01-13,36201.59,Cancelled,Conventional,True,18,3.8335967209235142
TXN-00046,LST-4547,BYR-0856,AGT-0033,453819.58,2020-10-03,2020-10-26,15108.12,Completed,VA,True,23,3.3291027240384823
TXN-00048,LST-3435,BYR-3850,AGT-0160,1548829.18,2022-03-12,2022-04-06,41399.88,Pending,Conventional,True,25,2.6729790821735424
TXN-00049,LST-0315,BYR-2997,AGT-0081,1449148.87,2024-04-07,2024-04-29,84789.79,Pending,Conventional,False,22,5.851006184064443
TXN-00050,LST-2857,BYR-0611,AGT-0100,2139038.97,2023-11-06,2023-12-18,86241.83,Completed,Jumbo,False,42,4.031802655750587
TXN-00051,LST-2708,BYR-0386,AGT-0230,2622798.45,2023-08-16,2023-09-23,126500.93,Completed,VA,True,38,4.823128136285119
TXN-00052,LST-4833,BYR-2243,AGT-0235,2219616.26,2022-01-01,2022-01-21,69652.62,Completed,Conventional,True,20,3.138047835349701
TXN-00053,LST-3031,BYR-3135,AGT-0144,1732320.59,2023-05-29,2023-07-01,49223.9,Pending,Cash,False,33,2.84150060237984
TXN-00054,LST-1851,BYR-0741,AGT-0075,1226693.83,2023-06-18,2023-07-09,51100.81,Pending,Jumbo,True,21,4.16573465605513
TXN-00055,LST-5472,BYR-0221,AGT-0022,870536.31,2024-07-04,2024-08-12,42625.45,Pending,Conventional,True,39,4.896458598033664
TXN-00056,LST-4256,BYR-1278,AGT-0127,325368.12,2020-08-24,2020-10-04,15291.07,Cancelled,Conventional,True,41,4.699621462606723
TXN-00058,LST-1651,BYR-1724,AGT-0293,754786.97,2023-11-08,2023-12-21,41041.17,Cancelled,Conventional,True,43,5.437450781642402
TXN-00059,LST-5199,BYR-3224,AGT-0122,1225538.85,2024-08-20,2024-09-07,50384.02,Completed,Cash,True,18,4.1111728118614925
TXN-00060,LST-2909,BYR-0264,AGT-0027,1956097.3,2024-05-07,2024-06-14,95546.27,Pending,FHA,True,38,4.884535651677449
TXN-00061,LST-3903,BYR-2180,AGT-0189,1397157.19,2023-04-25,2023-05-24,80218.59,Completed,Jumbo,False,29,5.741557970295382
TXN-00062,LST-5861,BYR-3963,AGT-0200,968927.04,2024-07-17,2024-08-19,50670.9,Cancelled,Jumbo,True,33,5.229588803714261
TXN-00063,LST-3741,BYR-2406,AGT-0285,983216.57,2023-03-18,2023-04-10,31734.44,Cancelled,Conventional,False,23,3.2276144410381526
TXN-00064,LST-1301,BYR-2001,AGT-0109,1419381.33,2022-07-14,2022-08-27,81224.81,Completed,Cash,False,44,5.722550260682941
TXN-00066,LST-5108,BYR-0945,AGT-0019,2762825.39,2022-09-09,2022-10-17,152698.86,Cancelled,Cash,False,38,5.526909538065306
TXN-00067,LST-5339,BYR-1935,AGT-0183,1490474.34,2022-03-29,2022-04-22,68870.89,Completed,Conventional,False,24,4.620736375776855
TXN-00068,LST-5072,BYR-0670,AGT-0013,602483.71,2021-03-03,2021-03-27,34923.56,Pending,Conventional,True,24,5.796598218398303
TXN-00069,LST-1691,BYR-2073,AGT-0049,1645597.13,2021-08-18,2021-09-27,47476.92,Cancelled,Cash,False,40,2.8850876763500435
TXN-00070,LST-2212,BYR-0692,AGT-0097,2201841.26,2022-03-28,2022-05-01,78624.32,Completed,Conventional,True,34,3.570844157948063
TXN-00071,LST-3753,BYR-1786,AGT-0278,2230595.06,2020-08-12,2020-09-08,128088.44,Completed,Conventional,True,27,5.742343928619658
TXN-00072,LST-3508,BYR-1061,AGT-0260,1583248.98,2024-09-14,2024-10-20,49933.82,Cancelled,Conventional,False,36,3.1538829729737134
TXN-00073,LST-3186,BYR-3998,AGT-0136,2383828.84,2023-03-03,2023-03-28,69516.55,Unknown,Conventional,True,25,2.9161720352372282
TXN-00074,LST-4497,BYR-1733,AGT-0139,651983.37,2021-05-16,2021-06-18,37255.85,Pending,FHA,False,33,5.7142331713153975
TXN-00075,LST-2598,BYR-1490,AGT-0028,896448.23,2024-12-16,2025-01-15,40583.07,Cancelled,Cash,True,30,4.527095781091564
TXN-00076,LST-3121,BYR-3837,AGT-0063,462605.96,2021-09-26,2021-10-25,23186.66,Pending,FHA,True,29,5.012183587085648
TXN-00077,LST-0209,BYR-2030,AGT-0157,1038345.18,2022-02-16,2022-03-11,28997.87,Unknown,VA,True,23,2.792700400458352
TXN-00078,LST-4968,BYR-0509,AGT-0021,180751.12,2024-08-17,2024-09-14,6652.24,Completed,Conventional,False,28,3.680331275402332
TXN-00079,LST-3394,BYR-2953,AGT-0251,2563199.7,2023-04-15,2023-05-25,123365.81,Cancelled,FHA,True,40,4.812961315499529
TXN-00080,LST-3797,BYR-1251,AGT-0225,2530752.66,2024-09-08,2024-10-11,77473.62,Cancelled,Cash,True,33,3.0612877040303097
TXN-00081,LST-0270,BYR-1808,AGT-0131,1591952.49,2020-11-25,2021-01-03,90355.95,Completed,FHA,True,39,5.675794382532107
TXN-00082,LST-3650,BYR-3950,AGT-0142,2422227.93,2022-01-31,2022-03-11,70140.07,Completed,Conventional,True,39,2.8956841398488873
TXN-00083,LST-5748,BYR-0138,AGT-0065,601996.27,2024-09-08,2024-10-08,33163.2,Cancelled,Conventional,True,30,5.50887134234237
TXN-00084,LST-1344,BYR-2196,AGT-0135,2475630.94,2024-01-02,2024-02-11,76550.25,Cancelled,Cash,False,40,3.0921511265326167
TXN-00085,LST-4689,BYR-2949,AGT-0222,2192530.92,2021-05-04,2021-06-02,56954.66,Completed,VA,False,29,2.597667356955678
TXN-00086,LST-3469,BYR-3950,AGT-0202,1130207.5,2021-02-12,2021-03-11,41864.16,Pending,Conventional,True,27,3.7041127403596246
TXN-00087,LST-2431,BYR-3545,AGT-0022,1336807.17,2021-07-19,2021-08-03,35340.31,Completed,Conventional,True,15,2.643635581338182
TXN-00088,LST-2966,BYR-1205,AGT-0233,1554462.56,2024-03-30,2024-05-14,71361.34,Pending,Conventional,True,45,4.590740352086704
TXN-00089,LST-0440,BYR-2764,AGT-0026,2433515.06,2024-04-01,2024-04-26,64914.71,Completed,Conventional,False,25,2.6675285913373386
TXN-00090,LST-2417,BYR-2547,AGT-0294,2272553.36,2021-12-09,2022-01-12,108081.49,Pending,Cash,True,34,4.755949492864714
TXN-00091,LST-3725,BYR-0514,AGT-0026,2094167.86,2022-09-20,2022-10-07,53296.1,Completed,Conventional,False,17,2.5449774594477828
TXN-00092,LST-3055,BYR-0738,AGT-0232,517448.5,2023-04-20,2023-05-07,15032.14,Cancelled,Conventional,False,17,2.905050454296418
TXN-00093,LST-5489,BYR-2395,AGT-0119,2111721.77,2023-10-23,2023-11-15,101217.52,Pending,Cash,True,23,4.793127647682488
TXN-00094,LST-4147,BYR-3663,AGT-0081,283010.72,2024-05-18,2024-06-18,9867.47,Cancelled,Conventional,False,31,3.4866064437417776
TXN-00095,LST-1207,BYR-3595,AGT-0209,2280106.96,2023-04-19,2023-06-01,125521.24,Pending,Conventional,True,43,5.505059288973006
TXN-00096,LST-2269,BYR-2033,AGT-0024,192249.25,2021-09-27,2021-10-13,11119.31,Cancelled,USDA,True,16,5.783798896484641
TXN-00097,LST-0886,BYR-2810,AGT-0122,1671442.36,2021-06-25,2021-07-25,97339.5,Completed,VA,False,30,5.823682726337029
TXN-00098,LST-2709,BYR-3763,AGT-0065,940090.84,2024-12-21,2025-01-15,36972.02,Pending,Cash,True,25,3.932813556613316
TXN-00099,LST-0813,BYR-2659,AGT-0275,832321.41,2022-03-13,2022-04-23,31125.33,Completed,Cash,True,41,3.739580602642434
TXN-00100,LST-0927,BYR-2010,AGT-0153,379444.87,2024-03-20,2024-04-14,19758.61,Pending,Cash,False,25,5.207241304909459
TXN-00101,LST-5149,BYR-2959,AGT-0246,1775956.75,2023-03-11,2023-04-15,69358.18,Cancelled,Cash,True,35,3.905398034045592
TXN-00102,LST-5216,BYR-2101,AGT-0162,2564183.21,2021-03-07,2021-03-25,64804.81,Cancelled,Conventional,True,18,2.5273081013583267
TXN-00103,LST-5326,BYR-2910,AGT-0262,1158604.96,2021-09-14,2021-10-25,56295.65,Cancelled,Conventional,True,41,4.858916709626377
TXN-00104,LST-5389,BYR-0564,AGT-0139,648593.73,2021-12-21,2022-01-19,37404.78,Pending,Conventional,True,29,5.767058525218861
TXN-00105,LST-1269,BYR-3677,AGT-0076,509205.84,2021-03-12,2021-04-18,17419.2,Cancelled,Conventional,False,37,3.4208562886867124
TXN-00106,LST-2001,BYR-2995,AGT-0071,870053.03,2020-06-15,2020-07-15,45660.49,Completed,USDA,True,30,5.248012296445884
TXN-00107,LST-2168,BYR-1781,AGT-0223,952371.52,2020-06-18,2020-07-08,45392.73,Pending,Cash,True,20,4.766283855275303
TXN-00108,LST-5893,BYR-0845,AGT-0141,1429293.02,2022-07-12,2022-08-05,78921.57,Pending,VA,True,24,5.521720801519062
TXN-00109,LST-4323,BYR-3388,AGT-0068,1467287.55,2023-12-05,2024-01-17,79866.58,Completed,FHA,True,43,5.443144392522107
TXN-00110,LST-4326,BYR-0363,AGT-0300,2133764.11,2020-11-08,2020-12-05,95890.42,Pending,VA,False,27,4.493955988415233
TXN-00111,LST-1163,BYR-1014,AGT-0115,490686.04,2024-04-20,2024-05-27,12465.19,Pending,VA,True,37,2.5403596156923482
TXN-00112,LST-5405,BYR-3787,AGT-0141,2650886.6,2021-12-04,2022-01-14,126657.8,Completed,Conventional,True,41,4.7779410858238895
TXN-00113,LST-5567,BYR-3425,AGT-0102,487549.36,2021-09-17,2021-10-22,15929.85,Completed,Conventional,True,35,3.267330717037553
TXN-00114,LST-2331,BYR-3477,AGT-0004,2886138.25,2020-06-26,2020-07-14,76538.65,Cancelled,FHA,True,18,2.651939836908367
TXN-00115,LST-4246,BYR-0583,AGT-0003,1125540.79,2023-12-14,2024-01-21,52742.6,Pending,Conventional,False,38,4.685978550808452
TXN-00116,LST-1285,BYR-0707,AGT-0104,1958688.51,2022-09-25,2022-10-24,90542.54,Unknown,USDA,False,29,4.622610462957176
TXN-00117,LST-2570,BYR-2961,AGT-0169,1761397.14,2024-07-19,2024-08-15,100262.81,Completed,Conventional,False,27,5.692231906315007
TXN-00118,LST-0887,BYR-0753,AGT-0286,1926130.33,2023-04-26,2023-06-07,75836.59,Pending,Conventional,True,42,3.937251224323953
TXN-00119,LST-5681,BYR-0272,AGT-0207,1142094.7,2020-12-12,2021-01-03,45892.93,Cancelled,FHA,False,22,4.018312141716445
TXN-00120,LST-0382,BYR-3723,AGT-0166,828758.57,2023-01-22,2023-02-22,24988.33,Cancelled,Conventional,True,31,3.015151927780367
TXN-00121,LST-3812,BYR-3814,AGT-0172,1807242.78,2023-05-29,2023-07-01,66945.2,Completed,Conventional,True,33,3.704272648968612
TXN-00122,LST-2653,BYR-3526,AGT-0201,2258190.95,2023-11-17,2023-12-12,76790.33,Completed,Conventional,False,25,3.4005242116482663
TXN-00123,LST-3429,BYR-0340,AGT-0256,1046075.33,2021-08-29,2021-09-30,55588.79,Cancelled,Conventional,True,32,5.314033168146696
TXN-00124,LST-1097,BYR-0358,AGT-0161,1684501.98,2022-05-27,2022-06-13,73175.28,Pending,Conventional,True,17,4.34403051280474
TXN-00125,LST-0905,BYR-3740,AGT-0189,1893320.22,2023-07-11,2023-07-26,85297.18,Completed,Cash,True,15,4.505163949498199
TXN-00126,LST-4066,BYR-3698,AGT-0088,2203648.05,2021-04-15,2021-05-22,87565.37,Cancelled,VA,True,37,3.9736549581953433
TXN-00127,LST-0980,BYR-1809,AGT-0033,933750.16,2020-11-23,2020-12-11,45677.45,Pending,Conventional,True,18,4.891827809700187
TXN-00128,LST-4027,BYR-3013,AGT-0151,1099574.24,2021-02-16,2021-04-02,40973.72,Completed,Jumbo,True,45,3.726325927751818
TXN-00129,LST-5596,BYR-0126,AGT-0183,2507779.62,2022-02-20,2022-03-17,115079.35,Cancelled,Conventional,True,25,4.588894059199668
TXN-00130,LST-3973,BYR-1601,AGT-0268,1881656.92,2023-03-07,2023-04-15,90544.18,Completed,Cash,True,39,4.8119388310170805
TXN-00131,LST-0448,BYR-0585,AGT-0056,1481450.6,2021-01-21,2021-02-12,49866.86,Unknown,USDA,True,22,3.3660832160046374
TXN-00132,LST-5910,BYR-0086,AGT-0011,1038747.48,2023-11-15,2023-12-22,30621.75,Cancelled,VA,False,37,2.9479493899710834
TXN-00133,LST-0094,BYR-2096,AGT-0125,529249.25,2024-03-03,2024-04-02,25467.52,Completed,Jumbo,True,30,4.812008708562176
TXN-00134,LST-2676,BYR-1314,AGT-0039,1573810.02,2023-06-01,2023-07-09,79072.2,Completed,Conventional,False,38,5.024253181460873
TXN-00135,LST-5986,BYR-3147,AGT-0122,2484074.29,2020-05-24,2020-06-21,85251.47,Completed,FHA,True,28,3.431921112149991
TXN-00136,LST-1494,BYR-1237,AGT-0065,2338499.28,2020-11-30,2021-01-14,99555.62,Pending,VA,False,45,4.257243987691115
TXN-00138,LST-4416,BYR-3679,AGT-0028,1188902.43,2021-07-10,2021-08-13,66004.68,Cancelled,FHA,True,34,5.5517322813445675
TXN-00139,LST-0712,BYR-0147,AGT-0100,1551270.63,2021-08-24,2021-09-27,39609.51,Pending,Jumbo,False,34,2.5533591131033018
TXN-00140,LST-0383,BYR-0741,AGT-0251,2069029.83,2023-07-18,2023-08-12,54746.16,Pending,FHA,True,25,2.6459821509678285
TXN-00141,LST-1945,BYR-0687,AGT-0236,551703.35,2022-10-29,2022-12-10,15679.16,Pending,FHA,True,42,2.8419548295293118
TXN-00142,LST-3650,BYR-3352,AGT-0140,2284257.49,2022-02-01,2022-02-16,121728.44,Completed,Conventional,True,15,5.329015688156942
TXN-00143,LST-5877,BYR-1842,AGT-0021,2108173.43,2022-05-12,2022-06-21,58847.88,Cancelled,Cash,True,40,2.791415505127583
TXN-00144,LST-4916,BYR-2104,AGT-0232,1349039.71,2023-02-26,2023-03-22,76240.71,Pending,Conventional,True,24,5.651480044275347
TXN-00145,LST-4852,BYR-2821,AGT-0263,2412310.63,2020-12-02,2021-01-11,134801.46,Pending,FHA,True,40,5.588063921933636
TXN-00146,LST-2644,BYR-0279,AGT-0144,1143558.25,2022-04-21,2022-05-12,40205.87,Unknown,Jumbo,True,21,3.5158567567502574
TXN-00147,LST-5002,BYR-2165,AGT-0126,1336754.28,2021-07-24,2021-08-14,51735.24,Completed,Cash,False,21,3.8702131554050454
TXN-00148,LST-1350,BYR-0476,AGT-0075,1942889.85,2024-03-03,2024-04-02,56462.94,Pending,VA,True,30,2.906131811847182
TXN-00149,LST-2563,BYR-3443,AGT-0158,922128.46,2024-01-01,2024-01-24,35737.1,Unknown,Conventional,False,23,3.8755012506608892
TXN-00150,LST-1378,BYR-3393,AGT-0262,915605.61,2022-06-18,2022-07-18,49674.4,Pending,Jumbo,True,30,5.42530533424757
TXN-00152,LST-1146,BYR-2299,AGT-0183,1746894.99,2020-05-10,2020-05-31,88846.75,Completed,Conventional,True,21,5.085981155627448
TXN-00153,LST-1833,BYR-0327,AGT-0049,2094605.43,2023-12-17,2024-01-01,108412.38,Pending,Cash,True,15,5.175790077083874
TXN-00154,LST-3071,BYR-1527,AGT-0037,705270.5,2023-02-10,2023-03-12,18685.44,Cancelled,Cash,False,30,2.649400478256215
TXN-00155,LST-4421,BYR-1491,AGT-0196,779935.75,2023-04-01,2023-05-07,41582.97,Cancelled,Cash,True,36,5.331589172569664
TXN-00156,LST-4254,BYR-3704,AGT-0231,1664694.19,2020-10-30,2020-12-12,91410.93,Pending,Jumbo,True,43,5.491154504479889
TXN-00157,LST-3954,BYR-2280,AGT-0014,1958768.27,2024-08-16,2024-09-22,110694.67,Cancelled,Cash,True,37,5.6512386735772475
TXN-00158,LST-0072,BYR-1859,AGT-0184,407272.14,2022-02-07,2022-03-14,20540.89,Pending,Cash,True,35,5.043529370803512
TXN-00159,LST-3269,BYR-2436,AGT-0158,1008211.46,2023-01-22,2023-02-26,29921.19,Pending,Conventional,True,35,2.9677494441493457
TXN-00160,LST-1843,BYR-1643,AGT-0144,1556165.39,2023-01-10,2023-02-16,49043.32,Completed,VA,True,37,3.151549334997098
TXN-00161,LST-1416,BYR-3339,AGT-0088,1862250.19,2022-02-26,2022-04-06,55137.34,Pending,FHA,True,39,2.9607912135586893
TXN-00163,LST-3212,BYR-2539,AGT-0169,404862.15,2022-07-24,2022-09-02,16017.19,Completed,Cash,True,40,3.95620830448092
TXN-00164,LST-2167,BYR-0814,AGT-0213,871181.37,2023-12-08,2023-12-27,49220.61,Completed,Jumbo,True,19,5.6498694410786126
TXN-00165,LST-1416,BYR-3025,AGT-0047,1819050.48,2021-10-27,2021-12-09,67919.63,Pending,FHA,True,43,3.7337957767944956
TXN-00166,LST-3085,BYR-2021,AGT-0279,1704579.63,2022-03-05,2022-04-19,77365.9,Pending,Conventional,True,45,4.538708467377379
TXN-00167,LST-2134,BYR-2714,AGT-0137,2252713.66,2024-10-08,2024-11-05,60203.24,Cancelled,Conventional,True,28,2.6724763590238094
TXN-00168,LST-3667,BYR-1143,AGT-0285,2334205.75,2022-01-09,2022-01-26,134913.43,Cancelled,FHA,True,17,5.779843100806344
TXN-00169,LST-0501,BYR-2198,AGT-0169,179990.48,2021-06-20,2021-07-17,6479.54,Pending,Conventional,True,27,3.599934840998257
TXN-00170,LST-1207,BYR-0551,AGT-0050,2096912.35,2022-12-02,2023-01-09,84386.58,Pending,Jumbo,False,38,4.0243255756493586
TXN-00171,LST-3907,BYR-0881,AGT-0262,2054192.65,2021-04-26,2021-05-16,105955.61,Pending,FHA,True,20,5.158017189867757
TXN-00172,LST-5773,BYR-1638,AGT-0124,1050686.89,2021-06-22,2021-08-02,48954.7,Completed,Conventional,False,41,4.659304352793438
TXN-00173,LST-2836,BYR-2250,AGT-0043,1494066.85,2022-01-30,2022-02-15,62026.94,Cancelled,VA,True,16,4.151550514623894
TXN-00174,LST-5733,BYR-1106,AGT-0293,1766720.56,2021-10-29,2021-12-07,55437.81,Pending,Conventional,True,39,3.137893521768943
TXN-00175,LST-1921,BYR-3820,AGT-0003,159966.65,2021-01-13,2021-01-28,7035.78,Pending,Conventional,True,15,4.398279266334577
TXN-00176,LST-2326,BYR-3299,AGT-0279,942763.12,2024-08-25,2024-10-08,46611.82,Cancelled,Jumbo,True,44,4.944170917504707
TXN-00177,LST-5639,BYR-2312,AGT-0020,2123549.67,2024-03-07,2024-03-26,84149.46,Completed,Conventional,True,19,3.9626791493885807
TXN-00178,LST-5848,BYR-0363,AGT-0051,1090724.15,2022-09-18,2022-10-13,44363.62,Pending,Cash,True,25,4.067354701919822
TXN-00179,LST-3911,BYR-3807,AGT-0232,301595.7,2021-05-10,2021-05-25,18062.46,Pending,Conventional,False,15,5.988964696777838
TXN-00180,LST-1315,BYR-2279,AGT-0097,1990600.33,2020-06-24,2020-08-05,66710.49,Pending,VA,True,42,3.3512749392541292
TXN-00181,LST-3218,BYR-2402,AGT-0269,398266.77,2024-04-08,2024-05-09,22403.53,Completed,Conventional,True,31,5.625257161173652
TXN-00182,LST-1643,BYR-3443,AGT-0071,424544.9,2022-01-23,2022-02-20,19761.74,Pending,VA,False,28,4.654805651887468
TXN-00183,LST-5992,BYR-2651,AGT-0123,529018.77,2022-08-02,2022-08-25,29298.93,Cancelled,Jumbo,True,23,5.538353582425818
TXN-00184,LST-0370,BYR-3359,AGT-0050,430371.0,2024-08-22,2024-10-04,11067.42,Completed,Conventional,True,43,2.571599852220526
TXN-00185,LST-2542,BYR-2901,AGT-0214,2170705.36,2023-05-18,2023-06-21,94907.34,Completed,Cash,True,34,4.372188955206708
TXN-00186,LST-1061,BYR-3758,AGT-0251,435133.12,2024-08-04,2024-08-22,18176.21,Pending,VA,True,18,4.1771607732364755
TXN-00187,LST-0834,BYR-2062,AGT-0162,1695562.01,2021-03-13,2021-04-10,85220.76,Cancelled,Conventional,True,28,5.026106948456577
TXN-00188,LST-4902,BYR-0221,AGT-0058,1027903.84,2021-01-22,2021-02-28,37325.46,Pending,Conventional,True,37,3.631220990477086
TXN-00189,LST-5386,BYR-0634,AGT-0271,1902578.36,2024-08-03,2024-09-17,113412.9,Completed,Cash,False,45,5.96101072021023
TXN-00190,LST-0817,BYR-2084,AGT-0225,1360505.85,2021-04-30,2021-05-15,70905.47,Pending,Conventional,True,15,5.2116990162151815
TXN-00191,LST-0837,BYR-1540,AGT-0091,919585.65,2022-03-31,2022-04-25,37223.51,Completed,VA,False,25,4.0478567711446996
TXN-00192,LST-2682,BYR-1033,AGT-0214,387536.21,2022-04-19,2022-05-21,13703.18,Cancelled,Conventional,True,32,3.53597409645927
TXN-00193,LST-5728,BYR-3744,AGT-0103,1049239.83,2024-03-15,2024-04-01,27861.76,Cancelled,Conventional,False,17,2.6554234030555244
TXN-00194,LST-0570,BYR-0913,AGT-0108,1904893.63,2022-09-29,2022-11-12,110367.75,Completed,Cash,True,44,5.793906193071789
TXN-00195,LST-0049,BYR-3996,AGT-0251,2076942.11,2024-09-01,2024-09-24,66171.67,Completed,Conventional,True,23,3.186014173500483
TXN-00196,LST-3911,BYR-0886,AGT-0234,340585.92,2021-10-12,2021-11-21,10687.01,Completed,VA,True,40,3.1378308298828097
TXN-00197,LST-2999,BYR-2608,AGT-0269,1573798.1,2020-10-04,2020-10-26,88818.17,Completed,Cash,True,22,5.643555548834376
TXN-00198,LST-4564,BYR-2835,AGT-0138,1160575.54,2024-08-04,2024-09-15,38063.03,Pending,Cash,True,42,3.27966846518237
TXN-00199,LST-4061,BYR-1595,AGT-0155,1125721.54,2023-12-04,2024-01-03,63932.15,Pending,Conventional,True,30,5.679215305767357
TXN-00200,LST-5504,BYR-2747,AGT-0149,1707730.46,2022-07-12,2022-07-31,50594.37,Completed,Conventional,False,19,2.9626671881228845
TXN-00201,LST-5518,BYR-2862,AGT-0029,1619165.06,2021-10-27,2021-12-05,95862.88,Pending,Conventional,True,39,5.920513131626
TXN-00202,LST-2048,BYR-2792,AGT-0162,2152189.56,2021-03-17,2021-04-10,115821.35,Pending,FHA,True,24,5.381558955243701
TXN-00203,LST-3820,BYR-0861,AGT-0213,2006308.72,2021-08-05,2021-09-13,68227.65,Completed,Cash,True,39,3.400655607976423
TXN-00204,LST-0561,BYR-2034,AGT-0146,2045233.4,2021-02-03,2021-02-25,59052.04,Completed,Conventional,True,22,2.8873007843505785
TXN-00205,LST-0645,BYR-3700,AGT-0247,2493500.47,2024-07-28,2024-08-14,81942.4,Completed,USDA,True,17,3.286239605160371
TXN-00206,LST-4689,BYR-2599,AGT-0058,2589770.91,2021-08-29,2021-10-06,121563.15,Cancelled,Cash,True,38,4.693973105134615
TXN-00207,LST-1952,BYR-0475,AGT-0145,2403800.29,2022-08-24,2022-10-01,139802.84,Pending,Conventional,True,38,5.815909107823596
TXN-00208,LST-1864,BYR-1901,AGT-0194,2425840.94,2023-01-26,2023-02-18,89849.4,Completed,Conventional,True,23,3.7038454796628173
TXN-00209,LST-5642,BYR-2953,AGT-0169,2078783.96,2020-12-05,2020-12-24,102030.05,Completed,Conventional,True,19,4.90816034582064
TXN-00210,LST-3236,BYR-0991,AGT-0163,2071942.62,2023-10-10,2023-11-24,94258.55,Completed,Conventional,True,45,4.5492838020774915
TXN-00212,LST-2272,BYR-2431,AGT-0248,1228623.37,2020-11-24,2021-01-08,55242.74,Pending,Cash,True,45,4.49631199836285
TXN-00213,LST-2831,BYR-3598,AGT-0165,496853.69,2023-03-02,2023-04-13,20901.28,Pending,Conventional,True,42,4.206727336572664
TXN-00214,LST-0275,BYR-2055,AGT-0080,148516.38,2023-08-02,2023-08-28,7949.96,Cancelled,VA,True,26,5.352917974434874
TXN-00215,LST-4772,BYR-3083,AGT-0096,514069.54,2023-04-19,2023-06-01,12980.9,Completed,VA,True,43,2.52512529725064
TXN-00216,LST-1553,BYR-0817,AGT-0119,192053.65,2022-08-30,2022-10-07,7343.23,Cancelled,Conventional,True,38,3.8235305603408216
TXN-00217,LST-2082,BYR-1448,AGT-0155,1731812.06,2020-09-04,2020-10-05,47438.87,Cancelled,Conventional,False,31,2.739262018997604
TXN-00218,LST-4079,BYR-3394,AGT-0184,2469777.22,2024-07-21,2024-08-13,118759.92,Pending,Jumbo,True,23,4.8085276290628345
TXN-00219,LST-1869,BYR-2942,AGT-0280,737341.42,2022-12-10,2023-01-03,26880.0,Pending,Cash,False,24,3.6455296380881466
TXN-00220,LST-1530,BYR-1723,AGT-0283,1799323.58,2022-08-18,2022-09-11,91024.31,Completed,Conventional,True,24,5.058807154630853
TXN-00221,LST-5952,BYR-3788,AGT-0112,1102009.76,2023-08-04,2023-09-01,29453.6,Completed,Cash,True,28,2.672716800620713
TXN-00222,LST-3243,BYR-0320,AGT-0025,2025605.94,2021-11-08,2021-12-17,115007.4,Completed,Jumbo,True,39,5.677678848038923
TXN-00223,LST-1772,BYR-0885,AGT-0048,1850034.21,2021-01-24,2021-02-15,87367.06,Completed,Conventional,True,22,4.722456456629524
TXN-00224,LST-4122,BYR-2532,AGT-0255,2307070.73,2023-02-01,2023-02-27,79138.16,Pending,Conventional,True,26,3.4302442040864523
TXN-00225,LST-1709,BYR-2465,AGT-0293,2744222.57,2022-05-31,2022-07-14,132442.37,Cancelled,Conventional,True,44,4.826225520038632
TXN-00226,LST-2806,BYR-3548,AGT-0118,1737121.04,2021-12-05,2022-01-08,55255.87,Unknown,Conventional,False,34,3.180887729043913
TXN-00227,LST-2030,BYR-2165,AGT-0271,985539.63,2023-04-17,2023-05-31,35765.29,Pending,VA,True,44,3.6290057661100854
TXN-00229,LST-4303,BYR-3662,AGT-0223,2081299.75,2023-11-08,2023-12-21,124705.26,Completed,Conventional,True,43,5.9917010992770265
TXN-00230,LST-1363,BYR-3577,AGT-0247,399035.04,2021-05-12,2021-06-05,10917.01,Cancelled,FHA,False,24,2.735852470499834
TXN-00231,LST-0331,BYR-2190,AGT-0134,2058567.19,2023-03-17,2023-04-16,106346.38,Pending,Conventional,False,30,5.166038811684355
TXN-00232,LST-5987,BYR-1521,AGT-0022,846759.08,2023-05-11,2023-06-17,28685.6,Completed,FHA,False,37,3.3876932267440227
TXN-00233,LST-1625,BYR-1004,AGT-0108,2496797.91,2023-01-06,2023-02-18,129434.03,Cancelled,Conventional,True,43,5.184001055175506
TXN-00234,LST-5745,BYR-2761,AGT-0178,450092.78,2020-07-29,2020-08-30,14968.71,Completed,USDA,True,32,3.3256943157364125
TXN-00235,LST-2251,BYR-0956,AGT-0177,2270658.75,2024-07-15,2024-08-27,101036.73,Pending,Conventional,True,43,4.449665983494878
TXN-00236,LST-1952,BYR-3267,AGT-0243,2562919.98,2022-09-26,2022-10-20,110544.55,Pending,Cash,True,24,4.313226743817418
TXN-00237,LST-1556,BYR-0051,AGT-0218,1446919.6,2024-01-28,2024-02-13,86690.7,Completed,Conventional,True,16,5.991397172310058
TXN-00238,LST-1617,BYR-0026,AGT-0161,1942013.62,2023-08-01,2023-08-23,68363.23,Cancelled,Conventional,True,22,3.520224023969512
TXN-00239,LST-5790,BYR-0881,AGT-0224,582104.46,2023-12-09,2024-01-08,19745.34,Pending,USDA,True,30,3.3920612805474812
TXN-00240,LST-3805,BYR-3540,AGT-0086,370798.72,2022-04-29,2022-05-23,12876.73,Pending,Conventional,True,24,3.4727007687620928
TXN-00241,LST-0303,BYR-0522,AGT-0048,1399330.34,2020-04-29,2020-05-22,45264.38,Cancelled,VA,True,23,3.234717257684843
TXN-00242,LST-1473,BYR-2667,AGT-0271,1670201.55,2022-07-09,2022-08-02,96599.5,Pending,Cash,True,24,5.78370317043473
TXN-00243,LST-3212,BYR-2947,AGT-0058,387243.13,2022-03-15,2022-04-22,20287.72,Pending,Conventional,True,38,5.239013536534529
TXN-00244,LST-5493,BYR-2163,AGT-0032,2060383.91,2024-04-29,2024-06-01,66126.06,Completed,Conventional,True,33,3.209404794856897
TXN-00245,LST-1032,BYR-1847,AGT-0252,1659516.49,2022-08-06,2022-09-15,75529.1,Pending,Conventional,True,40,4.55127143689907
TXN-00246,LST-4915,BYR-2427,AGT-0123,1492668.17,2023-09-12,2023-10-25,74649.43,Cancelled,Cash,True,43,5.001073346395535
TXN-00247,LST-1942,BYR-1412,AGT-0180,2400477.11,2022-09-04,2022-09-20,87595.57,Completed,Jumbo,False,16,3.6490899927806444
TXN-00248,LST-1831,BYR-2897,AGT-0162,2229313.97,2022-11-19,2022-12-04,110899.23,Cancelled,Conventional,False,15,4.974590008064229
TXN-00249,LST-1364,BYR-2130,AGT-0017,720814.45,2021-09-07,2021-10-08,42291.26,Completed,Cash,True,31,5.867149305899737
TXN-00250,LST-3521,BYR-0456,AGT-0225,218627.03,2022-10-11,2022-11-15,12536.95,Cancelled,Cash,True,35,5.734400728034407
TXN-00251,LST-0744,BYR-2643,AGT-0211,2177341.12,2022-08-12,2022-09-06,88227.63,Completed,Conventional,True,25,4.052081191577368
TXN-00252,LST-0927,BYR-0189,AGT-0298,406398.04,2024-03-17,2024-04-01,12473.73,Cancelled,Cash,True,15,3.069338129681925
TXN-00253,LST-1569,BYR-1425,AGT-0270,2122956.77,2021-11-07,2021-12-04,98832.24,Unknown,Cash,True,27,4.655405206390519
TXN-00254,LST-3913,BYR-1354,AGT-0046,1625360.23,2024-03-12,2024-04-05,92150.59,Cancelled,VA,False,24,5.669548712902862
TXN-00255,LST-2989,BYR-1004,AGT-0125,386784.43,2022-09-16,2022-10-10,15687.54,Completed,FHA,True,24,4.055887151403691
TXN-00256,LST-3111,BYR-1831,AGT-0263,2049800.43,2021-03-22,2021-04-21,80102.21,Pending,Conventional,True,30,3.907805307661098
TXN-00257,LST-4628,BYR-3214,AGT-0103,997955.21,2023-04-21,2023-05-18,51154.87,Pending,Cash,False,27,5.125968529188801
TXN-00258,LST-4584,BYR-3495,AGT-0300,1975996.69,2020-11-05,2020-11-24,93785.03,Pending,FHA,True,19,4.746213922048625
TXN-00259,LST-5351,BYR-2723,AGT-0276,318759.28,2023-09-22,2023-10-24,11824.0,Completed,Conventional,True,32,3.7093822021432596
TXN-00260,LST-5572,BYR-2276,AGT-0173,1021561.88,2021-03-01,2021-04-09,58672.43,Pending,FHA,True,39,5.743404403461101
TXN-00261,LST-1823,BYR-2850,AGT-0185,1918110.37,2020-07-07,2020-08-10,64106.2,Cancelled,Conventional,True,34,3.342153871990171
TXN-00262,LST-3607,BYR-0228,AGT-0273,1402880.22,2021-02-09,2021-03-09,52939.4,Pending,Jumbo,False,28,3.7736222412487934
TXN-00263,LST-1977,BYR-0579,AGT-0288,2595874.7,2020-06-01,2020-07-06,126682.13,Completed,Conventional,True,35,4.880132696697571
TXN-00264,LST-1334,BYR-0505,AGT-0024,1768491.47,2024-03-22,2024-05-01,55111.3,Unknown,Jumbo,True,40,3.116288709043081
TXN-00265,LST-5657,BYR-1042,AGT-0136,3042209.35,2023-11-02,2023-11-18,157343.42,Cancelled,Cash,True,16,5.17201158427838
TXN-00266,LST-0085,BYR-1281,AGT-0137,1000786.32,2024-04-14,2024-05-03,30946.42,Pending,Conventional,True,19,3.0922105330136804
TXN-00267,LST-1886,BYR-2952,AGT-0287,1461894.32,2023-03-19,2023-04-09,61111.14,Cancelled,Conventional,True,21,4.180270705203917
TXN-00268,LST-3207,BYR-2034,AGT-0216,2151639.37,2022-06-08,2022-07-10,77898.55,Completed,Conventional,False,32,3.6204278043118348
TXN-00269,LST-5335,BYR-2204,AGT-0113,1246961.74,2021-09-29,2021-10-26,52902.79,Completed,VA,False,27,4.242535139851204
TXN-00270,LST-2108,BYR-3753,AGT-0077,99031.82,2020-10-19,2020-11-19,2884.5,Cancelled,Cash,True,31,2.912700180608616
TXN-00271,LST-3043,BYR-2734,AGT-0059,1931277.81,2023-03-27,2023-04-20,70826.0,Cancelled,Conventional,False,24,3.6673128864873146
TXN-00272,LST-4894,BYR-2421,AGT-0069,1927130.32,2020-10-09,2020-11-12,67954.99,Cancelled,FHA,True,34,3.5262270171744277
TXN-00273,LST-1715,BYR-0188,AGT-0200,935520.5,2021-12-21,2022-01-30,50800.84,Cancelled,FHA,False,40,5.430221999411023
TXN-00275,LST-3526,BYR-1854,AGT-0036,2251911.67,2022-08-15,2022-09-06,88551.9,Pending,VA,True,22,3.9322989964344384
TXN-00276,LST-4969,BYR-3551,AGT-0090,3125645.28,2023-05-19,2023-06-26,181150.72,Completed,Conventional,True,38,5.7956263034428535
TXN-00278,LST-4180,BYR-3832,AGT-0264,682048.72,2023-04-06,2023-05-10,26773.93,Completed,Jumbo,True,34,3.92551576080958
TXN-00279,LST-1891,BYR-0565,AGT-0221,1679560.62,2020-09-05,2020-09-24,59862.87,Cancelled,Cash,True,19,3.564198236560226
TXN-00280,LST-5875,BYR-1287,AGT-0129,1417364.25,2023-01-31,2023-03-08,83801.27,Unknown,Conventional,True,36,5.912472393740706
TXN-00281,LST-4799,BYR-3307,AGT-0271,966908.59,2021-06-20,2021-07-29,41643.33,Pending,Cash,True,39,4.306852832903264
TXN-00282,LST-1671,BYR-1344,AGT-0078,1931078.01,2022-02-26,2022-03-27,97243.47,Cancelled,Cash,True,29,5.035709044193403
TXN-00283,LST-0653,BYR-3320,AGT-0091,903869.17,2024-07-01,2024-07-16,23102.32,Pending,Jumbo,True,15,2.555936275600594
TXN-00284,LST-2825,BYR-0011,AGT-0097,501362.81,2024-02-21,2024-03-27,24169.83,Pending,Conventional,True,35,4.820826259530499
TXN-00285,LST-4769,BYR-2935,AGT-0261,1757127.5,2023-09-11,2023-10-03,103846.05,Cancelled,Conventional,True,22,5.909989457224931
TXN-00286,LST-4852,BYR-1257,AGT-0223,2591930.82,2020-10-29,2020-12-04,86455.39,Unknown,Conventional,False,36,3.3355593186703962
TXN-00287,LST-4796,BYR-1489,AGT-0020,1297580.52,2021-11-10,2021-12-11,34803.08,Completed,VA,True,31,2.6821518559788493
TXN-00288,LST-5208,BYR-1753,AGT-0289,589498.6,2020-11-26,2020-12-12,22111.64,Cancelled,Conventional,True,16,3.7509232422265297
TXN-00289,LST-4564,BYR-2260,AGT-0300,1294947.76,2024-04-01,2024-05-10,67723.16,Completed,Jumbo,True,39,5.229798613652183
TXN-00290,LST-3511,BYR-3493,AGT-0248,1701951.58,2024-07-21,2024-08-22,63948.72,Pending,Conventional,True,32,3.7573759883345215
TXN-00291,LST-2830,BYR-2675,AGT-0040,624285.68,2022-01-18,2022-02-07,18192.57,Cancelled,Conventional,True,20,2.9141418076416548
TXN-00292,LST-5115,BYR-0393,AGT-0100,798656.09,2022-01-13,2022-02-13,44324.07,Cancelled,Conventional,False,31,5.549831843140394
TXN-00293,LST-5154,BYR-0959,AGT-0280,1819801.7,2024-05-04,2024-05-22,97480.27,Cancelled,Jumbo,False,18,5.356642429776827
TXN-00294,LST-0801,BYR-0518,AGT-0259,2119324.75,2020-12-21,2021-01-19,79532.2,Cancelled,Jumbo,False,29,3.7527141604890892
TXN-00295,LST-4272,BYR-3907,AGT-0228,1897612.59,2024-10-30,2024-11-19,49522.11,Cancelled,Cash,True,20,2.609706020131327
TXN-00296,LST-1928,BYR-2740,AGT-0245,1994713.41,2024-03-30,2024-04-22,84392.84,Unknown,Conventional,True,23,4.230825319412677
TXN-00297,LST-5320,BYR-3405,AGT-0133,1722087.09,2022-10-21,2022-11-07,78504.07,Pending,FHA,True,17,4.558658528704259
TXN-00298,LST-5575,BYR-2734,AGT-0174,876548.33,2024-03-08,2024-04-08,46919.84,Pending,Cash,True,31,5.352795549790164
TXN-00299,LST-0131,BYR-3808,AGT-0043,1223638.42,2021-06-23,2021-07-21,37469.15,Cancelled,Cash,True,28,3.0621096385646345
TXN-00300,LST-5666,BYR-1996,AGT-0177,2192703.1,2023-07-05,2023-08-03,101122.71,Completed,FHA,True,29,4.611783054440886
TXN-00301,LST-2845,BYR-1408,AGT-0219,2209952.64,2022-02-28,2022-03-19,58152.32,Pending,FHA,True,19,2.6313830870149326
TXN-00302,LST-2074,BYR-2755,AGT-0128,1566413.9,2020-08-05,2020-08-31,62107.39,Cancelled,FHA,True,26,3.9649411946612583
TXN-00303,LST-1264,BYR-3284,AGT-0048,1355499.36,2021-02-10,2021-03-18,59051.05,Pending,Cash,True,36,4.356405598007807
TXN-00304,LST-3829,BYR-1651,AGT-0068,201861.09,2022-07-29,2022-08-22,5799.47,Cancelled,Cash,False,24,2.873000438073529
TXN-00305,LST-5830,BYR-2100,AGT-0184,1650070.75,2024-03-29,2024-04-16,72737.51,Cancelled,Conventional,True,18,4.408144923482826
TXN-00306,LST-3569,BYR-3229,AGT-0121,776499.24,2020-10-02,2020-10-25,38984.58,Cancelled,FHA,True,23,5.020556105116085
TXN-00307,LST-1477,BYR-3685,AGT-0018,1878921.04,2022-12-27,2023-01-17,93798.27,Cancelled,Conventional,True,21,4.992134741330057
TXN-00308,LST-5555,BYR-0972,AGT-0022,1383897.81,2020-05-31,2020-06-27,78608.84,Cancelled,Conventional,True,27,5.680248890631599
TXN-00309,LST-5330,BYR-2606,AGT-0242,900174.16,2024-12-09,2025-01-08,27619.58,Pending,Cash,True,30,3.068248482049296
TXN-00310,LST-3571,BYR-3466,AGT-0018,1516815.22,2020-08-19,2020-09-20,45407.05,Pending,Jumbo,True,32,2.9935782158093063
TXN-00311,LST-3372,BYR-2939,AGT-0011,300299.9,2020-07-17,2020-08-05,12608.57,Unknown,VA,True,19,4.198659406812989
TXN-00312,LST-2267,BYR-3167,AGT-0221,361596.46,2021-05-14,2021-05-31,19294.54,Pending,Conventional,False,17,5.335931662605326
TXN-00313,LST-1368,BYR-1512,AGT-0158,1857854.1,2023-01-05,2023-02-14,98586.19,Completed,Cash,True,40,5.3064549040745455
TXN-00314,LST-5593,BYR-1290,AGT-0153,138510.41,2022-08-06,2022-09-18,5159.06,Completed,Conventional,True,43,3.7246731130172814
TXN-00315,LST-5103,BYR-3970,AGT-0107,157929.85,2024-09-19,2024-10-08,8007.68,Pending,Conventional,True,19,5.070403093525385
TXN-00316,LST-2290,BYR-1270,AGT-0253,1937305.52,2020-11-24,2020-12-13,113354.38,Cancelled,Conventional,False,19,5.851135963314656
TXN-00317,LST-5849,BYR-0798,AGT-0183,941448.4,2021-06-29,2021-07-31,35820.87,Completed,Conventional,True,32,3.8048681159795907
TXN-00318,LST-1486,BYR-3647,AGT-0121,1922555.05,2024-03-01,2024-04-13,57571.95,Completed,FHA,False,43,2.994554044109166
TXN-00319,LST-2987,BYR-2633,AGT-0293,2207211.1,2023-06-06,2023-07-03,76224.0,Unknown,Conventional,True,27,3.4534077868673276
TXN-00320,LST-0980,BYR-2020,AGT-0067,985890.41,2021-01-28,2021-03-01,54015.81,Cancelled,Cash,False,32,5.47888583275701
TXN-00321,LST-0943,BYR-1699,AGT-0135,1373782.28,2020-10-26,2020-12-03,81139.68,Pending,FHA,True,38,5.906298340083407
TXN-00322,LST-1539,BYR-0679,AGT-0010,2777843.49,2022-07-01,2022-08-03,84327.95,Pending,Conventional,True,33,3.035734385453084
TXN-00323,LST-0987,BYR-3215,AGT-0137,1237091.52,2022-10-23,2022-11-08,44188.91,Unknown,FHA,True,16,3.5720000732039616
TXN-00324,LST-2825,BYR-2446,AGT-0059,520443.99,2024-08-14,2024-09-22,23155.54,Completed,Conventional,True,39,4.449189623651914
TXN-00325,LST-5507,BYR-1767,AGT-0163,2206714.89,2020-07-07,2020-07-22,76314.99,Pending,Cash,True,15,3.4583076565908337
TXN-00326,LST-1592,BYR-3072,AGT-0061,1650649.86,2022-02-21,2022-03-09,93474.33,Cancelled,VA,False,16,5.662880557842836
TXN-00327,LST-2572,BYR-1564,AGT-0241,661034.11,2024-11-22,2024-12-12,23780.47,Cancelled,Conventional,True,20,3.5974648872506747
TXN-00328,LST-5372,BYR-0331,AGT-0085,1835875.48,2020-07-12,2020-08-25,57875.9,Completed,Conventional,False,44,3.152495941609286
TXN-00329,LST-5357,BYR-1370,AGT-0033,690237.52,2022-11-01,2022-11-29,17976.7,Cancelled,Conventional,True,28,2.6044223153792045
TXN-00330,LST-3420,BYR-3945,AGT-0009,1530800.77,2024-04-14,2024-05-10,82183.46,Completed,Cash,False,26,5.368658130476378
TXN-00331,LST-0752,BYR-0130,AGT-0179,1247724.3,2021-07-14,2021-08-02,56285.92,Pending,VA,True,19,4.5110863032803
TXN-00332,LST-1867,BYR-2280,AGT-0062,2037988.44,2020-12-26,2021-02-01,105884.39,Pending,Conventional,False,37,5.19553437702522
TXN-00333,LST-5271,BYR-3258,AGT-0065,2537870.32,2021-01-08,2021-02-10,134003.5,Cancelled,FHA,True,33,5.280155528198936
TXN-00334,LST-3594,BYR-0578,AGT-0246,2045575.61,2023-06-04,2023-06-20,82254.56,Pending,Conventional,True,16,4.021096047385899
TXN-00335,LST-1046,BYR-3771,AGT-0279,1870134.51,2024-04-12,2024-05-25,69359.58,Pending,Conventional,True,43,3.708801673308515
TXN-00336,LST-0978,BYR-1908,AGT-0232,1467453.06,2021-01-09,2021-02-23,57433.83,Completed,Conventional,True,45,3.9138444401076793
TXN-00337,LST-3358,BYR-1930,AGT-0103,438616.6,2023-12-09,2024-01-02,15838.75,Cancelled,Conventional,True,24,3.6110694396883294
TXN-00338,LST-0607,BYR-1463,AGT-0100,746413.18,2021-06-06,2021-07-10,31419.8,Completed,FHA,True,34,4.209437995186526
TXN-00339,LST-1579,BYR-1246,AGT-0227,836629.73,2021-10-19,2021-11-21,46294.31,Pending,Conventional,False,33,5.533428748701053
TXN-00340,LST-2336,BYR-2600,AGT-0057,3145695.55,2024-05-03,2024-06-01,123969.55,Cancelled,Jumbo,True,29,3.9409265146463395
TXN-00341,LST-2854,BYR-1455,AGT-0108,776532.57,2020-09-09,2020-10-01,33298.19,Pending,Conventional,True,22,4.288060963109378
TXN-00342,LST-3691,BYR-1104,AGT-0138,1408213.23,2022-07-07,2022-07-27,63390.6,Pending,Conventional,True,20,4.501491581640658
TXN-00343,LST-4789,BYR-0692,AGT-0103,1785355.91,2024-10-15,2024-11-24,70114.88,Completed,Cash,True,40,3.9272214356408077
TXN-00344,LST-3222,BYR-0233,AGT-0131,1936159.13,2020-05-26,2020-06-26,78648.95,Pending,Conventional,False,31,4.062111878169849
TXN-00345,LST-4248,BYR-3998,AGT-0094,2013467.61,2022-11-08,2022-11-25,99192.21,Pending,Cash,False,17,4.9264368350082375
TXN-00347,LST-3107,BYR-1790,AGT-0250,1017899.89,2023-11-22,2023-12-26,56627.81,Cancelled,VA,False,34,5.563200326114584
TXN-00348,LST-2780,BYR-1718,AGT-0135,987357.4,2023-09-19,2023-10-17,46834.82,Completed,Cash,False,28,4.743451560701322
TXN-00349,LST-4545,BYR-0288,AGT-0224,917272.9,2021-07-15,2021-08-05,42542.15,Pending,Conventional,True,21,4.6378945676908145
TXN-00350,LST-2847,BYR-3447,AGT-0114,766235.59,2022-07-07,2022-08-08,20108.01,Cancelled,Conventional,True,32,2.624259465682089
TXN-00351,LST-1050,BYR-3146,AGT-0127,2934127.05,2024-01-02,2024-01-21,93122.95,Pending,FHA,True,19,3.1737872427848686
TXN-00352,LST-2927,BYR-0978,AGT-0100,1639512.91,2021-12-13,2022-01-16,79446.05,Completed,FHA,True,34,4.845710547042902
TXN-00353,LST-4213,BYR-0376,AGT-0168,1706501.43,2020-08-15,2020-08-30,68711.04,Cancelled,Conventional,False,15,4.026427332088435
TXN-00354,LST-5099,BYR-0707,AGT-0107,1717786.04,2022-10-16,2022-11-28,64438.34,Completed,FHA,True,43,3.7512436647814416
TXN-00355,LST-5696,BYR-2487,AGT-0204,841847.62,2023-04-19,2023-05-30,47060.23,Pending,Conventional,True,41,5.59011261444203
TXN-00356,LST-5672,BYR-3391,AGT-0281,1275228.21,2023-06-05,2023-07-13,75194.95,Cancelled,VA,True,38,5.896587717425103
TXN-00357,LST-3755,BYR-0142,AGT-0004,2608416.42,2024-04-03,2024-05-16,119787.38,Cancelled,FHA,True,43,4.592341126268481
TXN-00358,LST-3954,BYR-1583,AGT-0063,1925616.75,2024-09-13,2024-10-01,86224.54,Completed,Cash,True,18,4.47776225461271
TXN-00359,LST-3731,BYR-1244,AGT-0141,2047454.19,2020-05-08,2020-05-28,100553.63,Pending,Conventional,True,20,4.911154080570663
TXN-00360,LST-5672,BYR-1718,AGT-0278,1163524.53,2023-03-14,2023-04-05,66032.35,Cancelled,FHA,True,22,5.675200504797265
TXN-00361,LST-4876,BYR-2241,AGT-0017,600067.94,2021-10-09,2021-11-05,17654.6,Pending,Jumbo,False,27,2.9421001895218732
TXN-00362,LST-2548,BYR-3633,AGT-0146,975919.96,2021-08-03,2021-09-04,52283.56,Pending,Conventional,False,32,5.357361478701594
TXN-00363,LST-3422,BYR-2016,AGT-0143,2977375.63,2023-07-28,2023-08-19,129106.61,Pending,Conventional,True,22,4.3362553484727755
TXN-00364,LST-1276,BYR-3331,AGT-0062,1399391.15,2024-09-14,2024-10-19,68683.24,Pending,FHA,False,35,4.908080203308418
TXN-00365,LST-3085,BYR-3082,AGT-0263,1794672.4,2021-12-06,2021-12-22,82891.03,Completed,VA,True,16,4.618727629621986
TXN-00366,LST-5101,BYR-0847,AGT-0098,2270606.43,2023-06-29,2023-07-28,121123.25,Completed,Conventional,False,29,5.334400907162057
TXN-00367,LST-0218,BYR-0438,AGT-0129,1540953.27,2023-01-15,2023-02-18,47367.7,Pending,Conventional,False,34,3.0739218977094613
TXN-00368,LST-4286,BYR-2955,AGT-0276,1113410.31,2024-07-04,2024-08-05,33562.64,Cancelled,FHA,False,32,3.0143999654538853
TXN-00369,LST-5982,BYR-0527,AGT-0115,1335932.06,2021-01-18,2021-02-05,77144.05,Pending,USDA,True,18,5.774548894350211
TXN-00370,LST-3540,BYR-3034,AGT-0193,690312.97,2021-05-09,2021-05-31,34734.25,Completed,Cash,False,22,5.0316670132968815
TXN-00371,LST-2473,BYR-1310,AGT-0061,2164750.91,2021-03-13,2021-04-23,55916.07,Unknown,Cash,True,41,2.583025591614141
TXN-00372,LST-2244,BYR-2445,AGT-0179,2674669.73,2022-01-08,2022-02-19,135655.82,Completed,VA,True,42,5.071871808262473
TXN-00373,LST-5155,BYR-0826,AGT-0188,2090603.07,2023-07-02,2023-07-22,118556.95,Pending,Conventional,True,20,5.670944987180182
TXN-00374,LST-1374,BYR-2190,AGT-0097,2164620.77,2021-09-03,2021-09-19,83120.53,Completed,Conventional,True,16,3.8399580726558398
TXN-00375,LST-5807,BYR-0665,AGT-0113,1003125.27,2020-08-22,2020-10-01,57056.47,Completed,FHA,True,40,5.687870867812951
TXN-00376,LST-1525,BYR-0518,AGT-0093,424749.19,2022-08-10,2022-09-09,14196.69,Completed,Conventional,True,30,3.3423701172920426
TXN-00377,LST-3059,BYR-0929,AGT-0280,1342674.86,2023-05-13,2023-06-13,61782.46,Cancelled,Conventional,True,31,4.601446101403879
TXN-00378,LST-5330,BYR-0461,AGT-0031,969792.17,2024-11-20,2024-12-17,24309.56,Completed,VA,True,27,2.5066772811745843
TXN-00379,LST-0383,BYR-2388,AGT-0053,2038157.24,2023-06-21,2023-07-20,97227.17,Completed,VA,True,29,4.7703468648964495
TXN-00380,LST-0328,BYR-1514,AGT-0268,150858.22,2023-02-25,2023-03-16,6143.07,Cancelled,VA,False,19,4.072081720174081
TXN-00381,LST-3912,BYR-2316,AGT-0256,1792315.63,2021-07-26,2021-08-27,107363.77,Cancelled,Cash,True,32,5.990226732553797
TXN-00382,LST-0838,BYR-2428,AGT-0268,931833.38,2023-03-28,2023-05-09,28725.63,Completed,Cash,False,42,3.0827002569922963
TXN-00383,LST-4318,BYR-2062,AGT-0177,1245887.21,2024-04-24,2024-05-24,45738.32,Cancelled,Jumbo,False,30,3.671144517167008
TXN-00384,LST-1473,BYR-2839,AGT-0173,1700459.63,2022-04-08,2022-04-28,74798.26,Completed,Conventional,True,20,4.398708365690516
TXN-00385,LST-5657,BYR-2248,AGT-0204,3068366.99,2023-08-27,2023-09-22,96095.33,Pending,Conventional,False,26,3.1318069290010184
TXN-00386,LST-4538,BYR-0052,AGT-0035,1223857.23,2020-07-13,2020-07-31,53261.71,Completed,Cash,True,18,4.351954516786243
TXN-00387,LST-2698,BYR-1278,AGT-0043,1000707.76,2023-09-04,2023-09-19,50137.03,Completed,VA,True,15,5.010157011273701
TXN-00388,LST-0537,BYR-1529,AGT-0248,1732822.5,2024-07-13,2024-08-02,103515.14,Pending,Cash,True,20,5.973787851900584
TXN-00389,LST-3947,BYR-3970,AGT-0149,2363753.21,2022-10-21,2022-11-05,131129.65,Pending,VA,True,15,5.547518643031267
TXN-00390,LST-4061,BYR-1955,AGT-0020,956834.9,2023-12-22,2024-01-19,43436.62,Pending,Conventional,True,28,4.539614932523887
TXN-00391,LST-2570,BYR-2456,AGT-0213,1575690.19,2024-04-15,2024-05-02,41678.93,Completed,VA,True,17,2.6451221353355003
TXN-00392,LST-2697,BYR-1940,AGT-0096,1368376.98,2021-10-24,2021-11-26,56724.9,Pending,Conventional,True,33,4.145414664897388
TXN-00393,LST-1987,BYR-0691,AGT-0234,1252897.65,2021-05-07,2021-06-18,74464.11,Unknown,Conventional,True,42,5.943351398256674
TXN-00394,LST-2428,BYR-0210,AGT-0213,1050988.77,2020-08-18,2020-09-19,41332.38,Completed,Cash,False,32,3.932713762488632
TXN-00395,LST-0511,BYR-0138,AGT-0051,2265636.93,2022-06-26,2022-08-03,57625.62,Completed,FHA,False,38,2.543462248384166
TXN-00396,LST-4355,BYR-2034,AGT-0005,1530268.72,2023-02-09,2023-03-26,88341.06,Completed,FHA,True,45,5.772911570720729
TXN-00397,LST-4826,BYR-1189,AGT-0056,1694868.33,2024-02-19,2024-03-27,62304.81,Pending,Jumbo,True,37,3.6760855635316516
TXN-00398,LST-4702,BYR-2775,AGT-0140,939882.65,2023-04-03,2023-05-06,49649.41,Completed,Cash,True,33,5.282511598655428
TXN-00399,LST-4839,BYR-0491,AGT-0198,1334024.96,2024-08-23,2024-09-15,37890.8,Completed,USDA,True,23,2.8403366605674307
TXN-00400,LST-3302,BYR-2249,AGT-0163,2027412.05,2021-02-26,2021-04-04,52482.06,Completed,Cash,False,37,2.5886232648168384
TXN-00401,LST-5700,BYR-3089,AGT-0057,356614.32,2024-05-02,2024-06-07,12988.08,Unknown,FHA,True,36,3.642052287748849
TXN-00402,LST-4528,BYR-2696,AGT-0177,1415538.29,2021-09-04,2021-10-01,51781.73,Completed,Conventional,True,27,3.658094617843224
TXN-00403,LST-4937,BYR-1960,AGT-0124,2686683.38,2022-07-31,2022-09-07,103871.72,Pending,Jumbo,True,38,3.866169001276213
TXN-00404,LST-5534,BYR-2460,AGT-0004,1051644.2,2020-10-26,2020-11-30,59489.7,Pending,FHA,False,35,5.656827660914214
TXN-00405,LST-1915,BYR-0693,AGT-0036,715423.5,2023-01-31,2023-02-17,42068.81,Cancelled,Conventional,True,17,5.880266723136715
TXN-00406,LST-3573,BYR-1682,AGT-0192,864420.43,2023-08-29,2023-09-16,28513.04,Cancelled,FHA,False,18,3.298515283818546
TXN-00407,LST-3905,BYR-1501,AGT-0203,213857.15,2024-07-15,2024-08-09,8039.1,Cancelled,FHA,True,25,3.7590980708384083
TXN-00409,LST-2011,BYR-1996,AGT-0100,1022320.54,2020-10-28,2020-11-13,33668.39,Cancelled,FHA,True,16,3.2933300939057726
TXN-00410,LST-2008,BYR-0562,AGT-0074,285322.36,2020-08-04,2020-09-02,15569.3,Completed,Conventional,False,29,5.456740228841511
TXN-00411,LST-4801,BYR-0280,AGT-0204,2344178.66,2020-05-27,2020-07-01,78189.02,Completed,Conventional,False,35,3.335454815547208
TXN-00412,LST-0035,BYR-2833,AGT-0263,2541157.88,2020-08-22,2020-09-09,136423.0,Pending,Jumbo,False,18,5.368536960009742
TXN-00413,LST-1965,BYR-1838,AGT-0102,1316412.38,2023-11-20,2023-12-26,32997.22,Completed,VA,False,36,2.5066020725207707
TXN-00414,LST-0558,BYR-1367,AGT-0156,1935128.36,2022-01-16,2022-02-11,73749.04,Unknown,Cash,True,26,3.811067086009736
TXN-00415,LST-4431,BYR-2687,AGT-0055,1702071.55,2021-09-26,2021-10-30,74684.7,Cancelled,Conventional,True,34,4.387870768417462
TXN-00416,LST-4431,BYR-0661,AGT-0084,1643558.42,2021-07-03,2021-07-19,82192.89,Unknown,Conventional,True,16,5.000910767747459
TXN-00418,LST-1736,BYR-2855,AGT-0261,422585.75,2022-10-04,2022-11-04,15148.88,Completed,VA,True,31,3.5848061606431356
TXN-00419,LST-2134,BYR-1784,AGT-0203,2417337.99,2024-09-05,2024-09-25,117652.15,Pending,Conventional,True,20,4.867012825128355
TXN-00420,LST-1007,BYR-0285,AGT-0290,2162146.4,2021-06-16,2021-07-18,110644.59,Completed,Conventional,True,32,5.117349592978533
TXN-00421,LST-1782,BYR-2756,AGT-0283,1586359.39,2020-09-03,2020-10-06,50057.98,Cancelled,Jumbo,True,33,3.155525810579405
TXN-00422,LST-0943,BYR-0032,AGT-0189,1297790.24,2020-08-18,2020-09-11,46211.23,Pending,Conventional,True,24,3.5607626391149316
TXN-00423,LST-0608,BYR-2862,AGT-0212,1815300.68,2022-03-13,2022-04-04,101661.57,Completed,VA,True,22,5.60026066866234
TXN-00424,LST-2523,BYR-2168,AGT-0138,175911.17,2021-09-06,2021-09-26,10438.23,Cancelled,Conventional,True,20,5.933807386989694
TXN-00425,LST-0795,BYR-1849,AGT-0268,2514665.67,2022-08-31,2022-10-10,128111.0,Cancelled,Conventional,True,40,5.094553981006947
TXN-00426,LST-5266,BYR-1210,AGT-0018,316505.9,2024-04-25,2024-05-20,13918.35,Completed,Cash,True,25,4.397500962857248
TXN-00427,LST-3704,BYR-3328,AGT-0169,557482.89,2021-01-21,2021-03-06,25947.52,Pending,Conventional,True,44,4.654406523579584
TXN-00428,LST-1393,BYR-0953,AGT-0046,1986046.43,2020-01-21,2020-02-17,51633.0,Completed,Jumbo,True,27,2.5997881630592095
TXN-00429,LST-2780,BYR-0197,AGT-0032,986163.34,2023-07-12,2023-08-18,49144.26,Pending,Cash,True,37,4.983379325376261
TXN-00430,LST-5418,BYR-1748,AGT-0210,533493.49,2024-04-17,2024-05-31,27199.75,Pending,Jumbo,True,44,5.098422100708295
TXN-00431,LST-0274,BYR-3185,AGT-0249,1480222.2,2023-08-11,2023-09-05,50877.65,Pending,VA,True,25,3.4371630151202974
TXN-00432,LST-2466,BYR-2924,AGT-0230,1540475.44,2021-11-08,2021-11-29,70813.91,Pending,Conventional,False,21,4.596886659874305
TXN-00433,LST-2435,BYR-2463,AGT-0031,280077.11,2021-03-20,2021-04-06,8558.49,Completed,VA,True,17,3.0557620363906213
TXN-00434,LST-3045,BYR-2828,AGT-0019,258565.76,2023-12-18,2024-01-21,13994.8,Pending,FHA,True,34,5.41247224690539
TXN-00435,LST-3944,BYR-0723,AGT-0048,756973.41,2022-06-09,2022-07-03,21043.4,Cancelled,Conventional,True,24,2.7799391262633653
TXN-00436,LST-2248,BYR-1711,AGT-0115,2227922.67,2021-10-08,2021-10-24,88356.42,Pending,Conventional,True,16,3.9658656554717857
TXN-00437,LST-2425,BYR-1361,AGT-0265,1973813.84,2024-07-02,2024-08-05,58297.15,Pending,Cash,True,34,2.95352828207953
TXN-00438,LST-5886,BYR-0581,AGT-0106,899251.83,2022-07-01,2022-07-18,35624.83,Pending,Conventional,True,17,3.9616077289495206
TXN-00439,LST-3595,BYR-0240,AGT-0268,2153765.65,2023-03-22,2023-04-21,115757.27,Completed,Cash,False,30,5.374645565547023
TXN-00440,LST-5716,BYR-0549,AGT-0218,1635973.51,2023-03-31,2023-04-17,67090.79,Completed,Jumbo,False,17,4.100970436862391
TXN-00441,LST-4940,BYR-3523,AGT-0281,1260007.18,2021-01-17,2021-02-26,54425.86,Completed,FHA,True,40,4.319488084186949
TXN-00442,LST-1869,BYR-1915,AGT-0187,744577.13,2022-11-12,2022-12-02,27210.52,Cancelled,Jumbo,True,20,3.6544931214849425
TXN-00443,LST-2435,BYR-1237,AGT-0299,274848.52,2021-02-22,2021-04-08,7027.3,Pending,FHA,True,45,2.556790191193316
TXN-00444,LST-5281,BYR-3613,AGT-0023,292147.15,2021-09-27,2021-11-03,9179.16,Cancelled,Cash,True,37,3.1419645887355054
TXN-00445,LST-2126,BYR-0215,AGT-0083,2300793.42,2022-02-09,2022-03-08,95093.47,Cancelled,Conventional,True,27,4.133072929250641
TXN-00446,LST-5429,BYR-2275,AGT-0296,501378.32,2023-05-12,2023-06-21,24284.84,Cancelled,VA,True,40,4.843615894680089
TXN-00447,LST-4200,BYR-3397,AGT-0284,1228261.34,2020-02-08,2020-03-16,43500.34,Completed,Conventional,True,37,3.5416192452983983
TXN-00448,LST-2283,BYR-0491,AGT-0258,1928766.29,2024-10-20,2024-11-04,95119.54,Pending,Conventional,True,15,4.9316260084574575
TXN-00449,LST-3671,BYR-0285,AGT-0103,669360.35,2020-07-20,2020-08-21,26633.39,Pending,VA,True,32,3.978931527689084
TXN-00450,LST-2001,BYR-3158,AGT-0131,946247.62,2020-11-11,2020-12-22,53785.35,Unknown,Conventional,True,41,5.684067136676127
TXN-00451,LST-3619,BYR-0171,AGT-0275,1126630.39,2022-05-28,2022-07-04,35388.67,Pending,USDA,True,37,3.1411073510985266
TXN-00452,LST-1201,BYR-3412,AGT-0197,1830466.25,2021-08-04,2021-08-20,99432.21,Pending,Jumbo,True,16,5.43207010782089
TXN-00453,LST-3033,BYR-3877,AGT-0259,444331.48,2021-01-13,2021-02-05,11905.21,Cancelled,Cash,True,23,2.6793532612184037
TXN-00454,LST-2699,BYR-2086,AGT-0223,2646754.72,2021-11-30,2022-01-05,94385.53,Cancelled,Conventional,True,36,3.566085262332128
TXN-00455,LST-0053,BYR-0043,AGT-0134,1173455.99,2022-06-07,2022-07-14,69114.61,Cancelled,Conventional,False,37,5.889834010732691
TXN-00456,LST-4705,BYR-2687,AGT-0031,602893.35,2022-05-27,2022-07-03,16408.99,Completed,VA,True,37,2.721706915493429
TXN-00457,LST-5613,BYR-3463,AGT-0083,1515452.35,2023-10-16,2023-11-19,55021.88,Pending,Conventional,False,34,3.6307231962786553
TXN-00458,LST-5889,BYR-3633,AGT-0280,1681199.9,2020-05-14,2020-06-05,52043.57,Completed,USDA,False,22,3.095620574329085
TXN-00459,LST-0060,BYR-0809,AGT-0091,2009466.93,2021-09-21,2021-10-31,85558.4,Cancelled,Conventional,False,40,4.257766013596451
TXN-00460,LST-3607,BYR-2509,AGT-0057,1305350.29,2020-12-16,2021-01-06,70923.82,Completed,Conventional,False,21,5.433317060051368
TXN-00461,LST-1313,BYR-3532,AGT-0298,833824.64,2021-06-05,2021-06-24,44471.39,Cancelled,VA,False,19,5.33342238483142
TXN-00462,LST-5853,BYR-1339,AGT-0170,2807476.94,2023-09-19,2023-10-17,88598.99,Unknown,Conventional,True,28,3.1558225372280355
TXN-00463,LST-4816,BYR-0616,AGT-0173,307508.65,2022-09-21,2022-10-20,16505.5,Pending,FHA,True,29,5.367491288456438
TXN-00464,LST-3539,BYR-0785,AGT-0278,950002.45,2021-12-14,2022-01-09,40576.1,Pending,VA,True,26,4.271157405962479
TXN-00465,LST-4919,BYR-2665,AGT-0258,2078227.31,2023-01-09,2023-01-30,108597.24,Pending,FHA,True,21,5.225474589687689
TXN-00466,LST-1717,BYR-1275,AGT-0281,241363.64,2020-11-02,2020-11-25,8355.83,Pending,Cash,True,23,3.461925748219574
TXN-00467,LST-0765,BYR-0583,AGT-0029,1939061.48,2021-08-23,2021-10-02,54939.84,Unknown,Conventional,False,40,2.8333212003159383
TXN-00468,LST-0179,BYR-2026,AGT-0128,1221923.3,2020-04-06,2020-04-26,58351.09,Unknown,FHA,True,20,4.775348010795767
TXN-00469,LST-2596,BYR-2529,AGT-0190,1524985.49,2020-12-01,2020-12-19,86131.76,Pending,Jumbo,True,18,5.648038001987809
TXN-00470,LST-1203,BYR-3402,AGT-0010,937622.57,2024-10-28,2024-11-12,51546.91,Pending,VA,False,15,5.497618300719873
TXN-00471,LST-1680,BYR-2217,AGT-0141,3006944.24,2023-03-29,2023-05-10,79345.18,Completed,Cash,False,42,2.638731338762703
TXN-00472,LST-3456,BYR-3921,AGT-0259,2767007.59,2023-02-07,2023-02-26,101274.46,Pending,Jumbo,True,19,3.6600716371724884
TXN-00473,LST-2169,BYR-0262,AGT-0132,462372.72,2022-12-11,2023-01-12,17517.25,Cancelled,Cash,True,32,3.7885561241588825
TXN-00474,LST-3660,BYR-3886,AGT-0042,497592.45,2020-03-30,2020-05-03,17312.35,Completed,VA,False,34,3.479222805731879
TXN-00475,LST-3525,BYR-1311,AGT-0250,2328519.31,2024-06-08,2024-07-05,70178.63,Pending,VA,True,27,3.0138736534677912
TXN-00476,LST-3783,BYR-3368,AGT-0122,1850969.76,2024-01-04,2024-02-04,75628.14,Cancelled,FHA,True,31,4.0858657788120745
TXN-00477,LST-3830,BYR-1675,AGT-0202,2074907.46,2022-01-15,2022-02-28,98660.13,Completed,Conventional,True,44,4.7549171180868
TXN-00478,LST-1034,BYR-3403,AGT-0056,1880952.66,2020-03-27,2020-04-18,60148.05,Cancelled,Conventional,True,22,3.197743955980264
TXN-00479,LST-0654,BYR-0056,AGT-0227,1445534.06,2023-04-09,2023-05-08,84313.94,Completed,Cash,True,29,5.83271901597393
TXN-00480,LST-0812,BYR-0827,AGT-0172,1335138.6,2023-03-20,2023-04-07,59378.32,Pending,Conventional,True,18,4.447352507073048
TXN-00481,LST-1525,BYR-0147,AGT-0242,371580.54,2022-08-15,2022-09-03,12750.88,Unknown,Conventional,False,19,3.4315252354173333
TXN-00482,LST-1507,BYR-1327,AGT-0085,627845.88,2021-08-02,2021-08-18,29372.9,Cancelled,Conventional,True,16,4.678361511267702
TXN-00483,LST-0264,BYR-0271,AGT-0120,521666.25,2024-02-04,2024-03-14,27621.11,Completed,Conventional,True,39,5.294785698710622
TXN-00484,LST-4621,BYR-1113,AGT-0288,2574113.19,2021-04-21,2021-05-22,69865.66,Cancelled,VA,True,31,2.7141642516504882
TXN-00485,LST-3444,BYR-2700,AGT-0148,2910654.44,2021-06-11,2021-06-29,144351.52,Completed,Conventional,False,18,4.959417992607875
TXN-00486,LST-2138,BYR-3219,AGT-0191,1228586.4,2022-07-21,2022-08-15,33716.69,Pending,FHA,False,25,2.744348301430002
TXN-00487,LST-5215,BYR-0085,AGT-0090,1735020.97,2024-10-31,2024-12-02,47462.48,Completed,Conventional,True,32,2.7355565621780356
TXN-00488,LST-1686,BYR-2598,AGT-0189,562887.85,2022-11-14,2022-12-24,32575.46,Cancelled,Conventional,True,40,5.787202548429496
TXN-00489,LST-1390,BYR-2553,AGT-0185,3195490.35,2023-12-13,2023-12-30,181691.44,Unknown,Jumbo,True,17,5.685870401705328
TXN-00490,LST-3565,BYR-2750,AGT-0082,1061084.22,2023-11-20,2023-12-20,46648.8,Unknown,Conventional,True,30,4.3963334032052614
TXN-00491,LST-4507,BYR-0829,AGT-0006,462408.68,2023-02-08,2023-02-26,17006.32,Unknown,Conventional,True,18,3.677768332549467
TXN-00492,LST-3894,BYR-1576,AGT-0278,423598.03,2022-09-21,2022-10-17,23641.57,Pending,FHA,True,26,5.581133132276371
TXN-00493,LST-5419,BYR-2939,AGT-0243,2430365.46,2024-03-31,2024-05-03,129034.96,Cancelled,Jumbo,True,33,5.309282168616732
TXN-00494,LST-3577,BYR-2254,AGT-0300,1871158.99,2020-08-04,2020-09-14,68453.8,Pending,Conventional,True,41,3.6583636326916293
TXN-00495,LST-5589,BYR-2872,AGT-0062,1035060.6,2020-11-18,2020-12-21,40384.0,Completed,Conventional,True,33,3.901607306857202
TXN-00496,LST-5314,BYR-0461,AGT-0037,1093127.83,2024-09-05,2024-09-29,58725.49,Cancelled,Conventional,True,24,5.372243610337868
TXN-00497,LST-5363,BYR-3196,AGT-0219,559542.51,2020-08-19,2020-09-15,22232.24,Completed,Cash,True,27,3.9732888212550646
TXN-00498,LST-2036,BYR-1446,AGT-0088,1861979.19,2024-04-22,2024-05-19,97373.19,Completed,Conventional,True,27,5.229553075724762
TXN-00499,LST-1960,BYR-1109,AGT-0047,2230779.17,2024-03-13,2024-04-12,84410.31,Completed,Conventional,True,30,3.7838935890727363
TXN-00500,LST-2282,BYR-0199,AGT-0188,1801470.25,2021-10-05,2021-11-15,70798.89,Pending,Conventional,False,41,3.9300615705421724
TXN-00501,LST-3598,BYR-1247,AGT-0210,139908.76,2024-02-11,2024-03-15,3838.92,Completed,Cash,True,33,2.743873936128088
TXN-00502,LST-0617,BYR-2731,AGT-0292,1485261.15,2023-04-12,2023-05-06,76849.59,Pending,VA,True,24,5.174146647544103
TXN-00503,LST-4423,BYR-2586,AGT-0118,1944712.35,2024-05-08,2024-06-11,67601.88,Cancelled,Cash,False,34,3.4761891649425682
TXN-00504,LST-5982,BYR-3808,AGT-0102,1203816.68,2021-02-18,2021-03-21,51685.66,Cancelled,Conventional,True,31,4.293482625610405
TXN-00505,LST-4335,BYR-1773,AGT-0119,2349531.52,2020-10-21,2020-11-29,130246.74,Completed,Conventional,True,39,5.543519586406741
TXN-00506,LST-3768,BYR-3367,AGT-0070,1224429.73,2020-07-07,2020-07-22,36029.28,Cancelled,Jumbo,True,15,2.9425355426480864
TXN-00507,LST-4734,BYR-3075,AGT-0107,447014.52,2023-10-20,2023-11-27,16522.38,Cancelled,Conventional,True,38,3.6961618159517506
TXN-00508,LST-5132,BYR-1116,AGT-0040,1098819.09,2023-05-16,2023-06-15,30013.66,Pending,FHA,True,30,2.7314469026925985
TXN-00509,LST-3857,BYR-1269,AGT-0100,1959482.92,2021-07-01,2021-08-06,95853.88,Pending,Cash,False,36,4.891794616918632
TXN-00510,LST-2594,BYR-1033,AGT-0170,416740.54,2021-02-03,2021-03-16,15695.91,Cancelled,Conventional,True,41,3.7663506410967362
TXN-00511,LST-0207,BYR-1780,AGT-0135,1399124.34,2022-05-21,2022-06-27,82527.97,Cancelled,Conventional,True,37,5.8985443709742045
TXN-00512,LST-2481,BYR-0606,AGT-0036,419217.68,2024-06-03,2024-07-02,11693.81,Completed,Jumbo,False,29,2.7894362661422103
TXN-00513,LST-0315,BYR-2842,AGT-0287,1744612.78,2024-05-27,2024-06-24,80210.52,Cancelled,Conventional,False,28,4.597611625887551
TXN-00514,LST-1045,BYR-0785,AGT-0219,644831.32,2024-02-29,2024-04-10,33241.04,Completed,Conventional,False,41,5.154997744216271
TXN-00515,LST-3038,BYR-0403,AGT-0280,1615955.52,2024-11-04,2024-11-30,75408.02,Cancelled,Conventional,True,26,4.666466314617373
TXN-00516,LST-0648,BYR-3949,AGT-0127,949534.34,2021-10-16,2021-11-06,36031.55,Completed,VA,False,21,3.794654756772673
TXN-00517,LST-2752,BYR-0934,AGT-0135,1332094.37,2022-10-17,2022-11-12,73496.92,Cancelled,Conventional,False,26,5.517395888400909
TXN-00518,LST-4339,BYR-0180,AGT-0077,3012669.59,2023-10-03,2023-11-08,86547.9,Cancelled,Conventional,False,36,2.8727976107064563
TXN-00519,LST-1372,BYR-2169,AGT-0271,1205788.95,2021-04-10,2021-04-29,66450.99,Completed,Conventional,True,19,5.5109967627419385
TXN-00520,LST-3003,BYR-2571,AGT-0209,2868591.36,2024-03-03,2024-04-12,151650.09,Completed,Conventional,True,40,5.286569990924047
TXN-00521,LST-2809,BYR-3908,AGT-0254,161510.75,2024-02-26,2024-03-19,6263.12,Completed,Conventional,False,22,3.877834757129169
TXN-00522,LST-5956,BYR-3531,AGT-0234,1807371.52,2021-01-27,2021-02-21,54623.88,Pending,Jumbo,False,25,3.0222828785085647
TXN-00523,LST-5731,BYR-1566,AGT-0260,2307418.71,2020-03-10,2020-04-07,121074.15,Cancelled,FHA,True,28,5.247168599061936
TXN-00524,LST-4439,BYR-1033,AGT-0165,1561002.85,2022-10-31,2022-11-19,89239.04,Unknown,Conventional,True,19,5.716776237788419
TXN-00525,LST-5502,BYR-2048,AGT-0046,2473636.47,2020-05-24,2020-07-01,82146.22,Cancelled,Conventional,True,38,3.320868728944637
TXN-00526,LST-4946,BYR-0781,AGT-0211,430277.62,2024-06-18,2024-07-16,14790.38,Cancelled,Conventional,True,28,3.437403971882153
TXN-00527,LST-3672,BYR-0097,AGT-0004,1725143.31,2024-10-07,2024-11-14,45077.8,Completed,VA,True,38,2.612988714543373
TXN-00528,LST-5993,BYR-3052,AGT-0293,1310949.12,2023-02-06,2023-03-07,69244.26,Cancelled,Conventional,True,29,5.281994468252131
TXN-00529,LST-2214,BYR-3882,AGT-0068,1828032.27,2022-02-09,2022-03-12,77714.55,Pending,Cash,True,31,4.251267949443803
TXN-00530,LST-2155,BYR-3331,AGT-0094,957721.29,2022-10-02,2022-11-03,39361.97,Cancelled,Conventional,False,32,4.109960842574566
TXN-00531,LST-2805,BYR-0533,AGT-0241,680488.25,2020-11-05,2020-12-13,29427.94,Completed,FHA,True,38,4.324533156891394
TXN-00532,LST-5208,BYR-1860,AGT-0290,509303.55,2020-11-04,2020-12-17,13305.54,Cancelled,Conventional,False,43,2.6124970069421276
TXN-00533,LST-2124,BYR-1428,AGT-0145,2806407.72,2022-09-04,2022-10-14,85440.97,Completed,Conventional,True,40,3.044495972238845
TXN-00534,LST-5433,BYR-0923,AGT-0039,2602712.31,2023-09-28,2023-10-13,119078.71,Completed,Conventional,True,15,4.575177576963933
TXN-00535,LST-4671,BYR-3159,AGT-0019,1431709.19,2024-03-04,2024-03-28,69519.15,Pending,USDA,True,24,4.85567533445811
TXN-00536,LST-0696,BYR-0511,AGT-0157,721950.66,2024-10-23,2024-11-15,20945.71,Pending,FHA,False,23,2.9012661336163883
TXN-00537,LST-0599,BYR-3889,AGT-0077,2430515.88,2021-03-16,2021-04-30,61029.12,Cancelled,Jumbo,False,45,2.5109533536559328
TXN-00538,LST-2552,BYR-3074,AGT-0090,2123567.0,2021-01-20,2021-03-02,118937.89,Cancelled,VA,False,41,5.60085412892553
TXN-00539,LST-0494,BYR-1213,AGT-0232,2463179.11,2021-07-23,2021-08-11,73051.43,Pending,FHA,True,19,2.9657376397609996
TXN-00540,LST-2857,BYR-3601,AGT-0122,2031878.92,2023-10-18,2023-11-06,113320.7,Cancelled,FHA,True,19,5.577138425157735
TXN-00541,LST-5599,BYR-1948,AGT-0012,1030245.74,2021-04-09,2021-05-23,56022.4,Completed,Conventional,False,44,5.437770604127905
TXN-00543,LST-2354,BYR-1775,AGT-0120,2689314.38,2023-09-05,2023-10-18,135932.64,Completed,FHA,True,43,5.0545462817924625
TXN-00544,LST-2962,BYR-1422,AGT-0147,935560.8,2024-10-12,2024-11-12,29558.3,Completed,Conventional,True,31,3.15942053151436
TXN-00545,LST-1484,BYR-2552,AGT-0271,263489.44,2020-03-12,2020-04-12,9253.4,Cancelled,Conventional,True,31,3.511867496473483
TXN-00546,LST-3471,BYR-1060,AGT-0026,2222279.58,2022-03-21,2022-05-02,74331.77,Completed,USDA,True,42,3.3448433162491646
TXN-00547,LST-3569,BYR-2769,AGT-0290,763873.08,2020-10-06,2020-11-05,29293.44,Pending,Conventional,True,30,3.834856963410728
TXN-00548,LST-5615,BYR-1506,AGT-0019,1804544.77,2024-05-30,2024-07-02,64641.04,Pending,Conventional,True,33,3.5821244822870204
TXN-00549,LST-0592,BYR-1492,AGT-0124,829485.19,2021-04-01,2021-05-16,39177.2,Unknown,Conventional,False,45,4.723074079237026
TXN-00550,LST-4393,BYR-2675,AGT-0121,2041670.64,2022-11-18,2022-12-03,97174.65,Cancelled,Cash,True,15,4.759565431180418
TXN-00551,LST-5568,BYR-2035,AGT-0238,837417.9,2023-01-28,2023-03-07,43534.54,Completed,Conventional,True,38,5.198663654072836
TXN-00552,LST-4094,BYR-0158,AGT-0042,1619703.99,2024-10-15,2024-11-28,62719.52,Unknown,Conventional,True,44,3.8722828607713686
TXN-00553,LST-1972,BYR-3939,AGT-0156,2196299.49,2022-10-22,2022-11-07,117599.5,Cancelled,Conventional,False,16,5.354438251041983
TXN-00554,LST-2832,BYR-1702,AGT-0225,543888.2,2024-06-28,2024-07-29,16937.92,Completed,VA,True,31,3.114228254997994
TXN-00555,LST-0605,BYR-1891,AGT-0299,1971288.32,2023-07-10,2023-08-15,60500.42,Completed,Conventional,True,36,3.069080224652272
TXN-00556,LST-5419,BYR-3395,AGT-0157,2423741.92,2024-03-31,2024-04-24,125579.02,Pending,Conventional,False,24,5.18120427607243
TXN-00557,LST-2030,BYR-3239,AGT-0189,917412.64,2022-12-18,2023-01-11,35684.15,Pending,Conventional,False,24,3.8896510080785456
TXN-00558,LST-1965,BYR-1779,AGT-0300,1219344.92,2024-02-03,2024-02-21,36574.25,Completed,FHA,True,18,2.9994999282073525
TXN-00559,LST-5093,BYR-3994,AGT-0268,1655714.65,2020-06-21,2020-07-14,84274.33,Cancelled,Conventional,True,23,5.089906645447632
TXN-00560,LST-1497,BYR-2983,AGT-0191,2169893.3,2023-11-12,2023-12-17,119037.46,Completed,Conventional,False,35,5.485866977883199
TXN-00561,LST-2546,BYR-0028,AGT-0190,2453502.49,2021-01-06,2021-02-20,128462.74,Pending,Conventional,True,45,5.2358919758015
TXN-00562,LST-1841,BYR-0606,AGT-0192,637537.2,2020-09-12,2020-10-06,23932.69,Completed,Cash,True,24,3.7539283982173903
TXN-00563,LST-2913,BYR-2313,AGT-0040,272303.51,2020-07-29,2020-09-07,7118.49,Pending,Conventional,False,40,2.614174896239861
TXN-00564,LST-4433,BYR-1109,AGT-0097,1927592.53,2020-07-28,2020-09-08,76436.45,Cancelled,FHA,True,42,3.965384219454305
TXN-00565,LST-0480,BYR-2718,AGT-0265,257423.48,2022-08-05,2022-09-14,9749.96,Completed,FHA,True,40,3.7875177509060167
TXN-00566,LST-3893,BYR-3706,AGT-0260,414864.11,2022-01-29,2022-02-20,22131.82,Completed,Conventional,False,22,5.334715504795052
TXN-00567,LST-0317,BYR-3820,AGT-0134,1529346.72,2022-05-01,2022-05-23,76516.85,Completed,Conventional,True,22,5.003237591538432
TXN-00568,LST-0651,BYR-1286,AGT-0271,1004355.63,2023-10-20,2023-11-14,43083.83,Cancelled,FHA,True,25,4.289698659826301
TXN-00569,LST-4273,BYR-1139,AGT-0201,2156386.92,2024-01-15,2024-02-12,78745.74,Cancelled,Cash,False,28,3.6517444652279756
TXN-00570,LST-3382,BYR-3361,AGT-0140,324286.35,2020-08-26,2020-09-30,10846.14,Completed,Conventional,True,35,3.344618112973303
TXN-00571,LST-0596,BYR-1578,AGT-0005,2482092.74,2023-12-20,2024-01-17,91968.16,Completed,Conventional,True,28,3.7052668708905694
TXN-00572,LST-4706,BYR-3349,AGT-0117,1309199.25,2020-07-10,2020-08-08,44900.88,Cancelled,Conventional,False,29,3.429644494525948
TXN-00573,LST-5903,BYR-0572,AGT-0072,586252.68,2021-05-17,2021-06-11,24500.26,Pending,FHA,True,25,4.179129722699092
TXN-00574,LST-3650,BYR-1751,AGT-0005,2477061.78,2022-04-29,2022-05-30,121574.35,Completed,Cash,True,31,4.908006371968648
TXN-00575,LST-1834,BYR-0727,AGT-0170,798524.9,2022-01-12,2022-02-03,29955.15,Pending,Conventional,True,22,3.7513106980132993
TXN-00576,LST-2997,BYR-2959,AGT-0154,2039272.94,2020-08-23,2020-09-15,56952.04,Completed,FHA,True,23,2.7927620125239345
TXN-00577,LST-5781,BYR-3486,AGT-0037,2032849.69,2022-06-30,2022-07-27,94938.64,Completed,FHA,True,27,4.670224289922784
TXN-00578,LST-0543,BYR-3745,AGT-0208,1950535.05,2021-02-03,2021-03-08,106675.62,Pending,Conventional,True,33,5.46904399385184
TXN-00579,LST-3340,BYR-2175,AGT-0095,1213434.48,2024-02-13,2024-03-02,58112.03,Cancelled,Conventional,True,18,4.789053793823298
TXN-00580,LST-2906,BYR-0531,AGT-0122,2524796.51,2022-11-02,2022-11-27,143335.32,Pending,FHA,True,25,5.677103854995428
TXN-00581,LST-4749,BYR-3797,AGT-0206,583808.31,2024-01-17,2024-02-26,16675.23,Pending,Conventional,False,40,2.8562851392094775
TXN-00582,LST-5869,BYR-3743,AGT-0004,1459588.37,2024-01-08,2024-02-01,55190.59,Cancelled,Jumbo,True,24,3.7812434748298243
TXN-00583,LST-3188,BYR-1001,AGT-0231,386896.93,2024-06-17,2024-07-24,15975.56,Pending,Conventional,True,37,4.129151399573008
TXN-00584,LST-2160,BYR-2650,AGT-0100,1246135.69,2022-11-25,2022-12-30,69755.41,Cancelled,Cash,True,35,5.597737915683966
TXN-00585,LST-5796,BYR-2323,AGT-0150,1503986.41,2021-02-24,2021-04-07,73631.47,Pending,Cash,True,42,4.895753679050864
TXN-00586,LST-1660,BYR-0700,AGT-0020,1366961.12,2022-02-02,2022-03-08,49751.29,Unknown,Conventional,True,34,3.639554137428576
TXN-00587,LST-4923,BYR-0767,AGT-0044,459652.56,2021-01-25,2021-02-10,27382.04,Cancelled,Conventional,True,16,5.9571168275447
TXN-00588,LST-1644,BYR-3556,AGT-0271,336583.35,2021-08-31,2021-10-14,8490.84,Pending,VA,True,44,2.5226559780809126
TXN-00589,LST-2326,BYR-0333,AGT-0043,1022003.53,2024-06-11,2024-07-06,41665.98,Pending,Cash,True,25,4.076891984903418
TXN-00590,LST-3167,BYR-2770,AGT-0029,649896.1,2021-11-14,2021-12-22,34784.04,Pending,Conventional,True,38,5.352246305217096
TXN-00591,LST-4138,BYR-3815,AGT-0120,1241129.52,2024-10-21,2024-11-23,48629.3,Cancelled,Jumbo,True,33,3.9181486876567084
TXN-00592,LST-3161,BYR-3155,AGT-0053,979052.84,2023-01-02,2023-02-01,36001.13,Completed,VA,False,30,3.6771386108230883
TXN-00593,LST-3755,BYR-1505,AGT-0006,2706929.97,2024-05-14,2024-06-02,81755.83,Completed,Cash,True,19,3.0202417833513437
TXN-00594,LST-2190,BYR-2517,AGT-0263,979939.06,2023-08-18,2023-09-25,24693.39,Completed,VA,True,38,2.519890369509304
TXN-00595,LST-1632,BYR-2301,AGT-0299,1328980.66,2022-10-04,2022-11-05,46859.3,Pending,Jumbo,True,32,3.5259580075454227
TXN-00596,LST-4218,BYR-1612,AGT-0112,1590171.36,2024-04-06,2024-05-11,42031.63,Cancelled,FHA,True,35,2.643213873503545
TXN-00597,LST-0169,BYR-1392,AGT-0110,1465592.61,2021-03-14,2021-04-04,45801.41,Completed,FHA,True,21,3.125111964094852
TXN-00598,LST-5982,BYR-1068,AGT-0138,1220028.65,2021-01-08,2021-01-23,52008.63,Completed,Conventional,False,15,4.262902350694797
TXN-00599,LST-5008,BYR-3002,AGT-0244,827874.65,2021-05-11,2021-05-28,39575.22,Pending,Conventional,True,17,4.780339632334436
TXN-00600,LST-5717,BYR-3172,AGT-0120,230150.53,2023-08-09,2023-08-26,13073.33,Cancelled,Cash,True,17,5.680338863438637
TXN-00601,LST-1672,BYR-1575,AGT-0220,1198145.09,2022-09-01,2022-10-05,58289.14,Completed,Cash,True,34,4.864948367814118
TXN-00602,LST-3289,BYR-3057,AGT-0206,757263.82,2021-12-20,2022-01-20,41731.37,Completed,Cash,False,31,5.510809957882314
TXN-00603,LST-1018,BYR-1197,AGT-0218,911384.17,2021-08-31,2021-09-19,46076.69,Pending,Cash,True,19,5.055682501046732
TXN-00604,LST-2243,BYR-2949,AGT-0215,2358838.85,2022-07-07,2022-07-26,94495.3,Pending,Conventional,True,19,4.0060091430154285
TXN-00605,LST-5552,BYR-3499,AGT-0254,581618.64,2023-09-15,2023-10-26,26945.91,Pending,Cash,True,41,4.6329171981145585
TXN-00606,LST-1393,BYR-1351,AGT-0108,1870840.14,2020-07-27,2020-08-13,83512.1,Cancelled,VA,True,17,4.46388220000454
TXN-00607,LST-1278,BYR-3054,AGT-0141,710789.41,2023-05-30,2023-06-17,26680.38,Completed,Conventional,True,18,3.753626548825481
TXN-00608,LST-0190,BYR-0937,AGT-0092,975818.78,2024-08-22,2024-09-10,37861.37,Cancelled,Conventional,True,19,3.879959145693015
TXN-00609,LST-0351,BYR-3439,AGT-0259,1187599.45,2020-05-30,2020-06-23,35128.0,Pending,Cash,True,24,2.957899652109135
TXN-00610,LST-3071,BYR-2761,AGT-0180,707928.76,2023-03-15,2023-04-12,38665.56,Pending,Cash,True,28,5.461786861152525
TXN-00611,LST-0292,BYR-3341,AGT-0035,386127.08,2024-03-18,2024-04-14,16929.1,Pending,Cash,False,27,4.384333779438624
TXN-00612,LST-3882,BYR-3489,AGT-0099,2352368.26,2024-10-13,2024-11-23,83202.92,Completed,Conventional,True,41,3.5369853187867792
TXN-00613,LST-3877,BYR-3812,AGT-0232,658871.08,2024-05-04,2024-06-03,31760.92,Completed,VA,True,30,4.820506008550261
TXN-00615,LST-0117,BYR-0613,AGT-0185,1573757.92,2024-05-23,2024-06-17,57055.19,Cancelled,Conventional,True,25,3.625410825573479
TXN-00616,LST-0488,BYR-1510,AGT-0168,1906721.19,2024-01-02,2024-02-09,53733.51,Completed,Conventional,True,38,2.8181104967947626
TXN-00617,LST-5225,BYR-0398,AGT-0073,2473566.39,2023-10-30,2023-11-14,120804.92,Completed,Conventional,True,15,4.883835763955379
TXN-00618,LST-0961,BYR-1795,AGT-0060,2569860.19,2024-04-27,2024-05-28,141205.76,Completed,VA,True,31,5.494686463857787
TXN-00619,LST-0337,BYR-2564,AGT-0155,866953.99,2022-07-04,2022-08-12,44474.69,Completed,FHA,False,39,5.129994268784667
TXN-00620,LST-4805,BYR-3807,AGT-0244,1559368.36,2023-02-11,2023-03-26,67816.05,Unknown,FHA,True,43,4.348943568407403
TXN-00621,LST-0132,BYR-0717,AGT-0198,525943.37,2021-10-25,2021-12-05,22878.32,Completed,USDA,False,41,4.349958817809606
TXN-00622,LST-2961,BYR-3877,AGT-0050,1151322.84,2022-02-17,2022-03-10,44542.11,Pending,VA,True,21,3.8687767194820872
TXN-00623,LST-3661,BYR-1024,AGT-0010,704343.39,2023-02-08,2023-03-16,37490.61,Unknown,Cash,True,36,5.3227744495479685
TXN-00624,LST-3552,BYR-2724,AGT-0261,565741.34,2023-12-18,2024-01-08,25304.39,Completed,Conventional,True,21,4.472784329319119
TXN-00625,LST-0373,BYR-1071,AGT-0034,1105361.25,2022-04-13,2022-05-18,35029.72,Pending,Jumbo,True,35,3.169074363697841
TXN-00626,LST-2830,BYR-3785,AGT-0183,611833.01,2021-12-16,2022-01-19,30418.18,Pending,Conventional,True,34,4.971647410786155
TXN-00627,LST-5710,BYR-0482,AGT-0044,1982223.95,2022-12-09,2023-01-07,78362.5,Pending,Jumbo,True,29,3.953261688720894
TXN-00628,LST-3661,BYR-2668,AGT-0177,701397.8,2023-01-04,2023-02-09,28374.14,Pending,Conventional,True,36,4.045370544361559
TXN-00629,LST-1657,BYR-3597,AGT-0025,1429283.67,2022-12-28,2023-02-03,49837.43,Unknown,Conventional,True,37,3.486881648903188
TXN-00630,LST-3253,BYR-1894,AGT-0114,204672.09,2022-01-08,2022-01-25,11212.14,Cancelled,Cash,True,17,5.478099138969069
TXN-00631,LST-5404,BYR-0129,AGT-0150,237009.11,2023-12-25,2024-01-21,10405.63,Cancelled,Jumbo,False,27,4.390392419936938
TXN-00632,LST-1996,BYR-0979,AGT-0075,718356.51,2020-09-11,2020-10-18,23811.46,Cancelled,Conventional,True,37,3.3147134700568106
TXN-00633,LST-0181,BYR-1653,AGT-0274,399607.51,2022-03-09,2022-03-28,22409.41,Cancelled,FHA,True,19,5.6078550675886945
TXN-00634,LST-5559,BYR-2593,AGT-0225,746837.73,2023-04-11,2023-04-30,36594.28,Completed,Cash,True,19,4.899897063315213
TXN-00635,LST-3414,BYR-3275,AGT-0293,266215.28,2021-11-08,2021-12-10,10646.15,Pending,VA,True,32,3.9990754850735835
TXN-00636,LST-2629,BYR-0471,AGT-0040,2234345.47,2020-03-24,2020-04-11,127976.15,Completed,Conventional,True,18,5.727679614379418
TXN-00637,LST-0735,BYR-0680,AGT-0139,1382531.9,2023-10-16,2023-11-05,80297.02,Cancelled,Conventional,True,20,5.8079686985884384
TXN-00638,LST-4113,BYR-0011,AGT-0065,1335304.5,2024-08-19,2024-09-18,74897.44,Pending,Conventional,False,30,5.609015771309092
TXN-00639,LST-1089,BYR-2108,AGT-0044,2690325.96,2020-11-23,2020-12-19,139255.45,Cancelled,Jumbo,True,26,5.176155308704676
TXN-00640,LST-0564,BYR-2611,AGT-0298,1455472.16,2022-06-28,2022-07-27,77562.77,Completed,FHA,False,29,5.329045249481103
TXN-00641,LST-5326,BYR-3856,AGT-0053,1356368.72,2021-09-21,2021-10-08,70754.58,Cancelled,FHA,True,17,5.216470931296617
TXN-00642,LST-4810,BYR-3732,AGT-0104,99673.73,2024-05-19,2024-06-19,4640.07,Cancelled,Cash,False,31,4.655258712601605
TXN-00643,LST-4962,BYR-0114,AGT-0255,143134.92,2024-01-07,2024-02-17,3645.19,Completed,Cash,True,41,2.5466811313409754
TXN-00644,LST-3923,BYR-1609,AGT-0189,418615.95,2022-01-06,2022-02-09,17933.09,Cancelled,Conventional,False,34,4.283900314835113
TXN-00645,LST-3369,BYR-0024,AGT-0252,2202294.33,2022-12-26,2023-02-07,76258.8,Pending,Conventional,True,43,3.4626979219439753
TXN-00646,LST-4295,BYR-2571,AGT-0216,2033797.35,2024-08-26,2024-10-05,67715.33,Cancelled,Conventional,True,40,3.329502322342981
TXN-00647,LST-4982,BYR-3635,AGT-0070,593745.12,2022-01-30,2022-02-24,24146.18,Completed,Jumbo,False,25,4.066758477105462
TXN-00648,LST-2553,BYR-2420,AGT-0219,1444944.48,2022-02-25,2022-03-25,42733.11,Cancelled,Conventional,True,28,2.9574222810277115
TXN-00649,LST-3717,BYR-2525,AGT-0128,1695613.34,2021-08-01,2021-09-07,54739.67,Cancelled,Conventional,True,37,3.2283108836593604
TXN-00650,LST-1787,BYR-2000,AGT-0206,554521.14,2022-08-06,2022-09-16,15689.32,Cancelled,Cash,True,41,2.8293456945572895
TXN-00651,LST-2755,BYR-1373,AGT-0040,247105.37,2024-06-26,2024-07-13,10427.46,Pending,VA,True,17,4.21984354285785
TXN-00652,LST-4741,BYR-3528,AGT-0069,2145361.73,2023-07-07,2023-07-23,84344.64,Cancelled,FHA,True,16,3.931488047938657
TXN-00653,LST-0703,BYR-2366,AGT-0202,1014495.33,2023-07-10,2023-08-18,40730.61,Pending,Cash,True,39,4.014864218251256
TXN-00654,LST-4306,BYR-3740,AGT-0109,1874529.93,2021-09-19,2021-10-11,73638.76,Completed,USDA,True,22,3.928385395265468
TXN-00655,LST-1529,BYR-3036,AGT-0114,1019754.7,2023-10-10,2023-11-09,52551.54,Cancelled,Conventional,True,30,5.153351095121209
TXN-00656,LST-4780,BYR-2083,AGT-0025,1187025.06,2023-08-04,2023-09-01,49075.42,Completed,Conventional,False,28,4.134320466663104
TXN-00657,LST-0716,BYR-2560,AGT-0245,1278887.98,2022-09-07,2022-10-02,76324.33,Pending,Cash,True,25,5.968023094563764
TXN-00658,LST-1397,BYR-3439,AGT-0145,523687.29,2022-04-11,2022-05-16,30945.06,Cancelled,FHA,True,35,5.909072186953401
TXN-00659,LST-4729,BYR-0950,AGT-0300,154718.75,2021-11-01,2021-12-04,5329.47,Completed,VA,True,33,3.4446180569581903
TXN-00661,LST-3135,BYR-3902,AGT-0152,743937.52,2020-05-30,2020-06-16,36509.34,Pending,Conventional,True,17,4.907581486144159
TXN-00662,LST-4526,BYR-1101,AGT-0055,250224.35,2020-07-13,2020-08-06,13993.93,Cancelled,Conventional,False,24,5.592553242719983
TXN-00663,LST-1172,BYR-1553,AGT-0035,792292.2,2022-12-21,2023-02-01,36646.85,Completed,Conventional,True,42,4.625421025222765
TXN-00664,LST-4407,BYR-1437,AGT-0079,1680497.62,2023-04-12,2023-05-06,88852.46,Cancelled,Conventional,True,24,5.287270802561446
TXN-00665,LST-1667,BYR-3196,AGT-0269,2536663.6,2021-03-10,2021-04-05,151546.57,Pending,Conventional,False,26,5.974247826948752
TXN-00666,LST-1950,BYR-0132,AGT-0001,205270.69,2021-01-07,2021-02-09,6424.36,Pending,Jumbo,True,33,3.1297015662586802
TXN-00667,LST-1687,BYR-1438,AGT-0287,478223.18,2023-12-14,2024-01-13,19600.19,Completed,VA,True,30,4.098544533119453
TXN-00668,LST-2746,BYR-2285,AGT-0106,2046642.06,2020-06-25,2020-07-10,119355.54,Cancelled,Conventional,True,15,5.831774023055111
TXN-00669,LST-4799,BYR-2061,AGT-0037,1006051.58,2021-05-25,2021-06-21,25424.08,Cancelled,Conventional,True,27,2.5271149616404363
TXN-00670,LST-4717,BYR-3114,AGT-0032,2202918.25,2020-05-01,2020-06-12,106661.61,Completed,Conventional,True,42,4.841832419337395
TXN-00671,LST-0558,BYR-3350,AGT-0112,1995447.17,2022-01-07,2022-02-03,85578.47,Cancelled,Cash,True,27,4.28868632989166
TXN-00672,LST-0998,BYR-0954,AGT-0107,1377598.92,2023-03-25,2023-04-28,44532.85,Pending,Conventional,True,34,3.232642633024132
TXN-00673,LST-5229,BYR-3944,AGT-0179,735647.42,2020-11-09,2020-11-29,35528.29,Cancelled,Cash,True,20,4.829526894826873
TXN-00674,LST-0057,BYR-3036,AGT-0097,1491066.84,2023-04-08,2023-05-13,83105.67,Unknown,FHA,True,35,5.573571068081696
TXN-00675,LST-3000,BYR-0545,AGT-0166,769080.17,2021-07-31,2021-09-14,38094.61,Pending,FHA,False,45,4.953269046060568
TXN-00676,LST-5169,BYR-1839,AGT-0208,208477.68,2024-05-29,2024-07-03,11396.74,Pending,Conventional,True,35,5.46664755670727
TXN-00677,LST-1919,BYR-2382,AGT-0179,1013501.64,2022-05-22,2022-06-24,34678.39,Pending,FHA,True,33,3.4216412318780263
TXN-00678,LST-2802,BYR-3247,AGT-0147,820339.05,2021-05-26,2021-06-26,45285.98,Pending,Conventional,True,31,5.520397937901408
TXN-00679,LST-4995,BYR-0308,AGT-0155,2038791.49,2022-10-18,2022-12-01,51276.61,Completed,Cash,True,44,2.515049246159057
TXN-00681,LST-2397,BYR-2165,AGT-0079,394790.14,2024-04-13,2024-05-04,22533.24,Pending,Cash,False,21,5.707650145467159
TXN-00682,LST-3692,BYR-3974,AGT-0147,847021.68,2024-05-21,2024-06-06,35553.68,Cancelled,Conventional,True,16,4.197493504534618
TXN-00683,LST-4946,BYR-2101,AGT-0208,398974.18,2024-03-30,2024-05-14,10565.26,Completed,Conventional,True,45,2.648106200757152
TXN-00684,LST-1023,BYR-0307,AGT-0282,1264148.52,2022-04-30,2022-06-08,63384.64,Completed,Conventional,False,39,5.014018447769096
TXN-00685,LST-5153,BYR-3304,AGT-0080,949403.12,2024-07-23,2024-08-11,33524.26,Pending,Jumbo,True,19,3.5310880377136327
TXN-00686,LST-2906,BYR-1879,AGT-0144,2274838.94,2023-02-19,2023-03-22,78628.17,Completed,VA,False,31,3.456427996612367
TXN-00687,LST-1537,BYR-0803,AGT-0206,694079.0,2021-09-21,2021-10-22,23182.03,Cancelled,Cash,False,31,3.339969945784269
TXN-00688,LST-2384,BYR-3366,AGT-0069,2171867.37,2020-06-24,2020-07-10,129337.17,Completed,Cash,True,16,5.9551136402956315
TXN-00689,LST-0868,BYR-1367,AGT-0168,1066689.32,2023-06-12,2023-07-04,28002.39,Completed,Jumbo,True,22,2.625168310488006
TXN-00690,LST-0927,BYR-3659,AGT-0069,453193.61,2024-08-08,2024-09-14,14606.75,Pending,Cash,True,37,3.223070598899221
TXN-00691,LST-3452,BYR-3858,AGT-0252,2480521.27,2020-12-26,2021-01-21,98779.28,Cancelled,Conventional,False,26,3.982198467501954
TXN-00693,LST-5136,BYR-1300,AGT-0103,1763054.68,2023-10-24,2023-12-06,64154.14,Completed,Cash,True,43,3.638806029544132
TXN-00694,LST-3551,BYR-2665,AGT-0130,2710090.93,2023-09-29,2023-11-01,118675.65,Cancelled,FHA,False,33,4.379028345000955
TXN-00695,LST-1070,BYR-2879,AGT-0250,577824.6,2022-03-14,2022-04-10,21166.23,Cancelled,Conventional,True,27,3.663089110432474
TXN-00696,LST-1021,BYR-3260,AGT-0074,346372.91,2022-11-21,2023-01-01,19731.62,Pending,VA,True,41,5.696640652411299
TXN-00697,LST-2683,BYR-2053,AGT-0293,2824514.45,2022-12-01,2022-12-21,75178.86,Completed,Conventional,True,20,2.6616560591502725
TXN-00698,LST-0302,BYR-2812,AGT-0178,2005092.67,2022-07-09,2022-07-26,100437.67,Cancelled,Cash,True,17,5.00912858057578
TXN-00699,LST-2894,BYR-2420,AGT-0176,1785750.81,2023-09-13,2023-09-29,71946.8,Pending,Conventional,True,16,4.028938393705671
TXN-00700,LST-3790,BYR-0268,AGT-0010,411353.81,2023-10-07,2023-11-09,12104.0,Cancelled,Conventional,True,33,2.9424791276395372
TXN-00701,LST-3555,BYR-3921,AGT-0277,437233.03,2023-08-22,2023-09-15,16617.28,Cancelled,Conventional,True,24,3.8005545921359136
TXN-00702,LST-4201,BYR-0697,AGT-0122,2765834.07,2024-01-21,2024-02-22,121783.9,Completed,Conventional,True,32,4.403152789277775
TXN-00703,LST-4396,BYR-3100,AGT-0049,1490076.22,2024-04-26,2024-05-14,47628.67,Pending,FHA,False,18,3.196391524186595
TXN-00704,LST-0182,BYR-0112,AGT-0220,1405569.59,2021-08-28,2021-09-19,82110.6,Cancelled,Conventional,True,22,5.841802539282313
TXN-00705,LST-1844,BYR-3661,AGT-0204,2136969.74,2021-06-03,2021-07-13,95232.32,Cancelled,Conventional,True,40,4.456418741802119
TXN-00706,LST-3463,BYR-1602,AGT-0233,2405434.17,2022-07-19,2022-08-24,106571.51,Pending,Conventional,True,36,4.430447996837095
TXN-00707,LST-5147,BYR-0902,AGT-0178,145229.43,2021-05-20,2021-06-04,3816.26,Completed,FHA,True,15,2.6277456297941817
TXN-00709,LST-5676,BYR-0456,AGT-0298,414652.97,2023-11-22,2023-12-22,12969.26,Cancelled,Conventional,True,30,3.1277383591392103
TXN-00710,LST-4098,BYR-3816,AGT-0184,1636460.07,2024-10-24,2024-12-06,68817.38,Completed,Cash,True,43,4.205258732649677
TXN-00711,LST-4636,BYR-2401,AGT-0023,824195.18,2022-02-22,2022-03-31,40449.92,Pending,VA,False,37,4.907808366459992
TXN-00712,LST-2613,BYR-1520,AGT-0287,537638.98,2020-09-27,2020-11-02,32026.13,Cancelled,VA,False,36,5.956809530439925
TXN-00713,LST-4210,BYR-2309,AGT-0244,1922992.5,2023-11-30,2024-01-12,77697.1,Cancelled,Conventional,True,43,4.040426574726631
TXN-00714,LST-3358,BYR-3976,AGT-0122,413141.09,2024-01-24,2024-02-17,24779.79,Completed,Cash,True,24,5.997900136246433
TXN-00715,LST-0795,BYR-2789,AGT-0154,2686999.02,2022-09-03,2022-10-07,147975.53,Cancelled,FHA,False,34,5.507092816133592
TXN-00716,LST-2235,BYR-1525,AGT-0056,573457.93,2021-08-20,2021-09-25,24546.54,Completed,FHA,True,36,4.2804430309299235
TXN-00717,LST-1463,BYR-2596,AGT-0250,1174142.05,2021-03-30,2021-05-05,39131.08,Cancelled,Cash,True,36,3.332738146972932
TXN-00718,LST-1823,BYR-1080,AGT-0029,1886648.68,2020-12-03,2021-01-08,74151.11,Cancelled,Cash,True,36,3.9303083179217024
TXN-00719,LST-1664,BYR-0229,AGT-0082,1666965.18,2022-03-30,2022-05-02,46373.75,Completed,Conventional,True,33,2.7819267346664076
TXN-00720,LST-1753,BYR-0883,AGT-0185,2471388.4,2024-09-05,2024-10-05,133141.35,Cancelled,Conventional,False,30,5.387309821475249
TXN-00721,LST-0934,BYR-2171,AGT-0081,2084109.56,2024-10-01,2024-11-15,99181.17,Completed,Cash,True,45,4.758923038575764
TXN-00722,LST-5967,BYR-1975,AGT-0162,279311.84,2022-11-23,2022-12-13,10018.38,Pending,Conventional,False,20,3.5868082069131044
TXN-00723,LST-1240,BYR-1086,AGT-0246,676471.7,2021-08-16,2021-09-10,34105.23,Cancelled,FHA,True,25,5.0416344098356225
TXN-00724,LST-1158,BYR-3772,AGT-0202,433486.77,2022-12-14,2023-01-14,16371.16,Pending,FHA,False,31,3.7766227559839947
TXN-00725,LST-5362,BYR-1781,AGT-0014,1105929.96,2020-11-19,2020-12-06,49308.32,Unknown,Conventional,False,17,4.458539128463434
TXN-00726,LST-2134,BYR-2881,AGT-0218,2230716.49,2024-09-23,2024-11-01,59447.86,Cancelled,Conventional,False,39,2.664967075219854
TXN-00727,LST-1752,BYR-3885,AGT-0107,1030307.39,2024-06-30,2024-07-28,50156.78,Completed,Conventional,False,28,4.868137459443051
TXN-00728,LST-5489,BYR-2001,AGT-0207,2258859.52,2024-03-09,2024-04-22,90817.1,Cancelled,Jumbo,True,44,4.020484638194765
TXN-00729,LST-5624,BYR-0835,AGT-0101,2428659.06,2020-10-09,2020-11-11,143910.94,Completed,VA,True,33,5.925530774171324
TXN-00730,LST-4147,BYR-1672,AGT-0081,247487.22,2024-02-29,2024-03-17,14389.97,Unknown,Conventional,True,17,5.814429528926786
TXN-00731,LST-5304,BYR-3777,AGT-0149,892646.39,2022-05-12,2022-06-25,35045.41,Pending,Conventional,True,44,3.926012628584092
TXN-00732,LST-0880,BYR-0571,AGT-0159,291140.35,2021-07-10,2021-08-15,16462.55,Pending,Jumbo,True,36,5.654506494891553
TXN-00733,LST-0448,BYR-3450,AGT-0278,1627927.9,2021-05-01,2021-06-07,92189.22,Cancelled,FHA,True,37,5.662979300250337
TXN-00734,LST-1885,BYR-2200,AGT-0167,1622136.07,2023-09-01,2023-09-17,73957.31,Completed,Conventional,False,16,4.559254391032683
TXN-00735,LST-0293,BYR-1566,AGT-0211,987222.54,2020-07-15,2020-08-19,35051.33,Completed,Conventional,True,35,3.550499363598404
TXN-00736,LST-2715,BYR-1376,AGT-0167,2184618.08,2023-07-20,2023-08-05,84815.52,Completed,Conventional,True,16,3.8823957732694403
TXN-00737,LST-2891,BYR-0359,AGT-0157,672033.98,2021-07-18,2021-08-13,40152.48,Unknown,Cash,True,26,5.974769311516064
TXN-00738,LST-5766,BYR-2220,AGT-0178,2995767.46,2023-08-13,2023-09-20,94139.82,Cancelled,VA,False,38,3.142427483340112
TXN-00739,LST-5841,BYR-2238,AGT-0236,1954569.96,2023-10-24,2023-11-29,71718.59,Pending,Conventional,True,36,3.6692772050993763
TXN-00740,LST-5654,BYR-1664,AGT-0094,1098963.41,2021-04-26,2021-05-31,44955.53,Pending,Conventional,True,35,4.090721273422561
TXN-00741,LST-0055,BYR-3876,AGT-0160,2611822.26,2021-08-10,2021-09-12,79210.84,Completed,Cash,True,33,3.032780645647763
TXN-00742,LST-4281,BYR-1586,AGT-0074,1168613.99,2020-07-31,2020-08-23,56487.74,Pending,Conventional,True,23,4.833738127677215
TXN-00743,LST-3796,BYR-2990,AGT-0045,1528822.84,2023-03-07,2023-04-01,67189.97,Cancelled,Conventional,True,25,4.3948826667189245
TXN-00744,LST-3453,BYR-2838,AGT-0046,571797.35,2021-07-25,2021-08-11,16110.59,Completed,Conventional,True,17,2.8175349186210816
TXN-00745,LST-0315,BYR-2213,AGT-0047,1629886.37,2024-07-14,2024-07-29,64046.51,Cancelled,Jumbo,True,15,3.9295076748203006
TXN-00746,LST-3894,BYR-1434,AGT-0001,367839.62,2022-10-16,2022-11-04,18177.66,Pending,FHA,True,19,4.94173520514185
TXN-00747,LST-3571,BYR-2113,AGT-0091,1411392.78,2020-02-14,2020-03-09,67930.48,Cancelled,Cash,True,24,4.813010308866678
TXN-00748,LST-0411,BYR-2861,AGT-0088,1819718.43,2020-09-19,2020-10-20,100981.12,Cancelled,Conventional,True,31,5.549271707931211
TXN-00749,LST-2943,BYR-1583,AGT-0248,332607.31,2022-02-28,2022-04-08,10933.95,Unknown,Jumbo,False,39,3.287345067671544
TXN-00750,LST-3352,BYR-2915,AGT-0179,1201083.74,2020-02-21,2020-04-04,66534.27,Pending,Conventional,True,43,5.5395196674629865
TXN-00751,LST-5525,BYR-1108,AGT-0199,312186.69,2024-03-23,2024-04-28,14513.99,Pending,Cash,True,36,4.64913798855422
TXN-00752,LST-3682,BYR-0595,AGT-0099,1744457.08,2024-01-27,2024-02-26,77653.02,Cancelled,Conventional,True,30,4.451414763383001
TXN-00753,LST-5688,BYR-0306,AGT-0284,2264471.21,2020-09-03,2020-09-28,114618.98,Completed,VA,True,25,5.061622311373966
TXN-00754,LST-1563,BYR-0651,AGT-0214,1558085.6,2021-03-13,2021-04-14,58429.29,Cancelled,Conventional,False,32,3.750069315832198
TXN-00755,LST-1062,BYR-0453,AGT-0248,1069749.53,2023-06-22,2023-07-28,47467.39,Completed,FHA,False,36,4.437243361069763
TXN-00756,LST-0156,BYR-0217,AGT-0283,2123860.58,2021-06-07,2021-06-23,76455.45,Completed,Conventional,False,16,3.5998337517992822
TXN-00757,LST-2546,BYR-2071,AGT-0241,2281790.22,2020-11-13,2020-12-01,62975.36,Completed,Cash,True,18,2.7599101551061955
TXN-00758,LST-0319,BYR-3079,AGT-0040,964084.91,2020-06-10,2020-07-24,37177.68,Cancelled,Conventional,True,44,3.8562661456862752
TXN-00759,LST-3576,BYR-3450,AGT-0005,1217870.85,2020-02-23,2020-04-06,58983.9,Cancelled,FHA,False,43,4.843198275088036
TXN-00760,LST-1463,BYR-0328,AGT-0280,1164861.1,2021-07-13,2021-08-19,55637.36,Pending,VA,True,37,4.776308522964669
TXN-00761,LST-4707,BYR-2256,AGT-0274,1101864.52,2020-12-31,2021-01-29,53814.49,Completed,Conventional,True,29,4.883947983006114
TXN-00762,LST-1138,BYR-3942,AGT-0093,1427606.73,2023-03-30,2023-04-24,56307.65,Cancelled,Cash,True,25,3.9441989741810763
TXN-00763,LST-3699,BYR-3376,AGT-0287,1244685.22,2024-03-11,2024-04-05,60450.14,Cancelled,Cash,True,25,4.856660867235171
TXN-00764,LST-5805,BYR-0080,AGT-0211,811370.46,2022-02-26,2022-04-05,39159.46,Completed,VA,False,38,4.826335432522401
TXN-00765,LST-0664,BYR-3462,AGT-0189,1653299.66,2024-09-04,2024-10-05,90997.91,Pending,Jumbo,False,31,5.504017946752618
TXN-00766,LST-4232,BYR-0909,AGT-0154,1076804.63,2020-05-15,2020-06-26,45921.88,Unknown,Conventional,True,42,4.264643624349944
TXN-00767,LST-4488,BYR-0839,AGT-0090,1172230.6,2023-08-12,2023-09-26,35961.53,Pending,Cash,True,45,3.067786321223827
TXN-00768,LST-0434,BYR-1009,AGT-0017,68793.01,2022-03-08,2022-04-05,2476.86,Completed,Conventional,True,28,3.600453011141685
TXN-00769,LST-1375,BYR-0556,AGT-0263,1964115.95,2023-02-03,2023-03-04,75502.96,Pending,Cash,True,29,3.844119284301928
TXN-00770,LST-1187,BYR-3122,AGT-0175,650972.26,2023-09-16,2023-10-15,34223.3,Completed,Cash,False,29,5.257259349269353
TXN-00771,LST-4239,BYR-0242,AGT-0008,1987971.65,2021-12-29,2022-01-26,92026.02,Completed,Conventional,False,28,4.629141466881583
TXN-00772,LST-0865,BYR-0481,AGT-0020,2131408.01,2022-05-16,2022-06-09,65417.41,Pending,Cash,True,24,3.0692110423287753
TXN-00773,LST-2259,BYR-1017,AGT-0114,1207449.67,2022-12-23,2023-02-03,62835.71,Pending,Conventional,True,42,5.204002416100706
TXN-00774,LST-0443,BYR-2559,AGT-0037,2299000.85,2022-02-08,2022-03-21,59350.34,Completed,Cash,True,41,2.581571033346943
TXN-00775,LST-1524,BYR-0087,AGT-0120,1125351.58,2022-11-19,2022-12-15,46873.5,Cancelled,Conventional,False,26,4.165231633655324
TXN-00776,LST-0125,BYR-0469,AGT-0076,2158948.96,2022-08-07,2022-08-23,84630.09,Cancelled,Conventional,True,16,3.9199671492002293
TXN-00777,LST-3444,BYR-0373,AGT-0202,2636943.09,2021-10-21,2021-11-29,137265.96,Pending,FHA,True,39,5.205495731802085
TXN-00778,LST-2542,BYR-3671,AGT-0272,2032155.77,2023-02-07,2023-03-10,110156.0,Cancelled,Jumbo,True,31,5.420647453615231
TXN-00779,LST-4826,BYR-0454,AGT-0300,1796586.91,2024-03-06,2024-04-07,83809.97,Completed,Conventional,False,32,4.66495495060687
TXN-00780,LST-2574,BYR-3455,AGT-0068,648782.76,2021-01-31,2021-02-26,25474.89,Completed,Conventional,True,26,3.9265670376321347
TXN-00781,LST-2403,BYR-1233,AGT-0056,1956265.83,2024-09-26,2024-10-23,112457.7,Pending,Jumbo,True,27,5.748589904062271
TXN-00782,LST-2035,BYR-0232,AGT-0165,335610.12,2024-02-03,2024-03-13,11231.49,Cancelled,VA,True,39,3.346588595123413
TXN-00783,LST-2503,BYR-1001,AGT-0207,750339.42,2020-12-08,2021-01-21,23612.21,Pending,USDA,True,44,3.1468705189446124
TXN-00784,LST-5138,BYR-1444,AGT-0288,2062608.24,2022-03-03,2022-03-30,78414.72,Completed,Conventional,True,27,3.8017263035854056
TXN-00785,LST-2709,BYR-2105,AGT-0142,823046.82,2024-08-19,2024-09-29,27160.12,Completed,Conventional,False,41,3.2999483553074174
TXN-00786,LST-1042,BYR-3028,AGT-0035,788828.4,2022-10-03,2022-11-05,44914.45,Completed,Conventional,True,33,5.693817565391915
TXN-00787,LST-3937,BYR-0620,AGT-0067,445918.39,2023-01-12,2023-02-19,25441.65,Pending,Conventional,False,38,5.705449824574402
TXN-00788,LST-4795,BYR-1652,AGT-0107,2326817.05,2024-01-27,2024-03-06,105758.23,Cancelled,Jumbo,True,39,4.5451888879703715
TXN-00789,LST-3049,BYR-0099,AGT-0196,1573769.41,2022-08-29,2022-10-11,88131.35,Cancelled,Conventional,True,43,5.600016714011489
TXN-00790,LST-3213,BYR-1182,AGT-0030,2352629.56,2023-05-07,2023-05-30,104505.02,Pending,Conventional,True,23,4.442051641993311
TXN-00791,LST-2165,BYR-0644,AGT-0076,1778969.38,2022-04-09,2022-05-16,60604.33,Pending,FHA,False,37,3.406710125612168
TXN-00792,LST-5190,BYR-2541,AGT-0212,960322.46,2021-05-27,2021-07-08,40273.53,Pending,Cash,True,42,4.1937507116099315
TXN-00793,LST-2691,BYR-2077,AGT-0098,1834750.11,2024-11-07,2024-12-10,56816.4,Completed,VA,False,33,3.096683286205117
TXN-00794,LST-4412,BYR-3093,AGT-0234,487311.85,2022-02-05,2022-03-15,24767.94,Cancelled,FHA,True,38,5.0825646862476255
TXN-00795,LST-1394,BYR-2558,AGT-0291,202130.72,2022-11-25,2023-01-08,10851.07,Completed,Conventional,True,44,5.368342822901932
TXN-00796,LST-2257,BYR-2103,AGT-0018,1491123.99,2022-02-12,2022-03-04,66586.79,Completed,Conventional,True,20,4.465543472343972
TXN-00797,LST-3327,BYR-2597,AGT-0189,828289.2,2022-09-26,2022-10-12,38421.57,Completed,Cash,True,16,4.638666060115235
TXN-00798,LST-0975,BYR-0566,AGT-0112,433517.34,2022-07-06,2022-08-11,24557.21,Pending,Conventional,True,36,5.664643079790072
TXN-00799,LST-1673,BYR-2074,AGT-0236,2325037.42,2023-10-20,2023-11-06,129058.44,Pending,Conventional,True,17,5.55081130694232
TXN-00800,LST-2244,BYR-2808,AGT-0202,2405653.72,2021-12-26,2022-01-31,124954.76,Cancelled,Cash,False,36,5.194212240987035
TXN-00801,LST-2882,BYR-2924,AGT-0262,701776.01,2021-07-11,2021-08-15,40059.14,Completed,VA,False,35,5.708251554509537
TXN-00802,LST-0633,BYR-3957,AGT-0273,2251255.72,2024-05-30,2024-07-05,109558.07,Completed,FHA,True,36,4.866531555109164
TXN-00803,LST-2324,BYR-1627,AGT-0100,2536626.43,2021-05-19,2021-06-10,136930.43,Pending,VA,True,22,5.398131485998905
TXN-00804,LST-2304,BYR-3036,AGT-0197,2393748.72,2021-11-04,2021-12-16,95695.54,Cancelled,Conventional,True,42,3.9977270463041745
TXN-00805,LST-5328,BYR-2424,AGT-0015,1245289.29,2021-09-22,2021-10-07,65850.17,Pending,FHA,True,15,5.287941567376685
TXN-00806,LST-1316,BYR-3777,AGT-0103,2875396.44,2023-02-23,2023-04-08,154293.89,Cancelled,Conventional,True,44,5.366004070033557
TXN-00807,LST-0818,BYR-2977,AGT-0118,1445852.37,2024-01-29,2024-02-14,68566.66,Completed,Cash,True,16,4.742300211466264
TXN-00808,LST-1267,BYR-2290,AGT-0130,1721211.09,2024-06-09,2024-07-05,77502.23,Completed,FHA,True,26,4.50277310262973
TXN-00809,LST-0056,BYR-0187,AGT-0203,2125089.59,2024-01-02,2024-02-06,73435.74,Completed,Conventional,True,35,3.455653839045911
TXN-00810,LST-4869,BYR-0421,AGT-0212,205180.01,2022-09-07,2022-10-22,11973.53,Completed,VA,True,45,5.835622095934199
TXN-00811,LST-2193,BYR-0927,AGT-0031,61908.71,2022-08-11,2022-09-25,1872.18,Pending,Conventional,True,45,3.024097901571524
TXN-00812,LST-5728,BYR-3794,AGT-0082,1187496.92,2023-08-23,2023-09-23,46896.54,Completed,FHA,True,31,3.949192558747858
TXN-00813,LST-1539,BYR-3558,AGT-0184,2635960.79,2022-05-25,2022-06-24,107501.75,Completed,Cash,False,30,4.078275762212685
TXN-00814,LST-4029,BYR-3486,AGT-0242,1152016.24,2021-01-04,2021-02-07,42696.92,Cancelled,Conventional,False,34,3.7062776128919848
TXN-00815,LST-0558,BYR-3368,AGT-0109,1967961.65,2021-11-14,2021-12-24,84433.67,Completed,Jumbo,True,40,4.290412366521472
TXN-00816,LST-0403,BYR-2179,AGT-0208,1428096.38,2022-04-04,2022-04-28,67308.93,Pending,FHA,False,24,4.713192396720451
TXN-00817,LST-5745,BYR-1938,AGT-0088,450648.45,2020-08-09,2020-09-07,15481.0,Cancelled,VA,True,29,3.4352719952770276
TXN-00818,LST-2167,BYR-0352,AGT-0013,870540.8,2023-11-08,2023-12-11,40389.0,Pending,Conventional,True,33,4.639529818705798
TXN-00819,LST-4238,BYR-2540,AGT-0159,1965157.78,2022-04-18,2022-05-18,71355.92,Cancelled,Conventional,True,30,3.631052973263042
TXN-00820,LST-4103,BYR-0103,AGT-0116,625955.84,2022-04-07,2022-04-22,20924.3,Completed,VA,True,15,3.342775745969556
TXN-00821,LST-5435,BYR-0031,AGT-0019,2370156.13,2023-09-13,2023-10-02,137947.98,Pending,Conventional,True,19,5.820206451969053
TXN-00822,LST-4664,BYR-1413,AGT-0055,1820172.35,2021-09-24,2021-10-10,105596.7,Cancelled,USDA,True,16,5.801467097332843
TXN-00823,LST-4547,BYR-0418,AGT-0136,465959.38,2020-07-07,2020-08-14,24702.61,Cancelled,Conventional,True,38,5.301451384024075
TXN-00824,LST-1215,BYR-2250,AGT-0040,390536.45,2020-11-30,2020-12-24,12058.6,Cancelled,FHA,False,24,3.0877015448878073
TXN-00825,LST-3391,BYR-1569,AGT-0166,1845528.55,2023-03-02,2023-04-15,86693.74,Pending,Cash,False,44,4.697501970370493
TXN-00826,LST-2133,BYR-2534,AGT-0056,2222579.61,2022-11-03,2022-11-30,132058.33,Completed,Conventional,True,27,5.941669284008234
TXN-00827,LST-0404,BYR-3730,AGT-0216,2352538.98,2023-04-17,2023-05-02,108034.19,Completed,VA,True,15,4.592238042321408
TXN-00828,LST-1771,BYR-3203,AGT-0187,1619740.91,2024-04-28,2024-06-12,64472.57,Cancelled,Conventional,True,45,3.9804248693082647
TXN-00829,LST-4562,BYR-3244,AGT-0204,1714194.96,2023-06-18,2023-07-08,83589.04,Cancelled,Conventional,False,20,4.876285483886851
TXN-00830,LST-3494,BYR-2093,AGT-0133,150558.43,2020-06-19,2020-07-26,5214.05,Unknown,FHA,True,37,3.463140522918577
TXN-00831,LST-0298,BYR-1658,AGT-0131,1145176.65,2022-11-25,2022-12-21,67066.89,Completed,Conventional,False,26,5.856466773052
TXN-00832,LST-5816,BYR-3358,AGT-0053,2175416.61,2020-10-27,2020-11-28,70050.03,Cancelled,Conventional,True,32,3.2200742459165097
TXN-00833,LST-1998,BYR-1332,AGT-0014,1959963.75,2021-08-07,2021-09-03,78947.77,Pending,Conventional,True,27,4.028021946834476
TXN-00834,LST-0338,BYR-3116,AGT-0284,377783.35,2022-06-28,2022-07-31,13862.08,Pending,FHA,False,33,3.6693199951771303
TXN-00835,LST-2871,BYR-0301,AGT-0159,592943.26,2024-04-12,2024-05-01,29945.46,Pending,Conventional,False,19,5.050307849017459
TXN-00836,LST-3885,BYR-0581,AGT-0270,1920725.88,2020-11-27,2021-01-05,49534.92,Completed,Conventional,True,39,2.578968738631251
TXN-00837,LST-5136,BYR-2053,AGT-0279,1738575.1,2023-11-28,2023-12-30,54829.54,Pending,VA,False,32,3.1537055833826217
TXN-00838,LST-3828,BYR-3939,AGT-0125,1071034.93,2022-08-15,2022-09-19,48604.63,Unknown,Conventional,True,35,4.538099425011284
TXN-00839,LST-5680,BYR-3704,AGT-0160,942161.18,2023-07-14,2023-08-26,30463.24,Pending,VA,True,43,3.2333363597086433
TXN-00840,LST-1964,BYR-3386,AGT-0165,66288.61,2024-10-19,2024-11-24,3700.74,Pending,Conventional,True,36,5.582769045843622
TXN-00841,LST-0305,BYR-0722,AGT-0106,2527338.46,2020-06-28,2020-08-04,148161.27,Completed,Cash,True,37,5.862343819197053
TXN-00842,LST-5591,BYR-1092,AGT-0033,998800.17,2020-06-17,2020-07-16,51625.78,Completed,VA,True,29,5.168779656895732
TXN-00843,LST-5519,BYR-0395,AGT-0101,725660.2,2024-07-25,2024-08-25,36663.57,Completed,FHA,True,31,5.05244327854828
TXN-00844,LST-4487,BYR-2157,AGT-0146,2053980.51,2021-07-15,2021-08-23,63347.98,Cancelled,Conventional,True,39,3.0841568209427654
TXN-00845,LST-4576,BYR-0181,AGT-0200,2736018.88,2020-06-15,2020-07-03,100186.62,Completed,Conventional,True,18,3.6617663983371345
TXN-00846,LST-5846,BYR-2668,AGT-0101,1997738.74,2022-03-31,2022-05-07,100938.38,Pending,Cash,True,37,5.052631656930275
TXN-00847,LST-1409,BYR-2680,AGT-0004,359774.64,2020-03-29,2020-05-10,13078.95,Completed,FHA,True,42,3.6353173753436314
TXN-00848,LST-2709,BYR-1301,AGT-0177,914811.08,2024-11-08,2024-12-08,47438.89,Pending,Conventional,True,30,5.185648822705558
TXN-00849,LST-1091,BYR-3709,AGT-0271,2041144.84,2024-08-08,2024-08-26,121541.27,Pending,Conventional,True,18,5.954563714351599
TXN-00850,LST-3608,BYR-3614,AGT-0085,222670.01,2021-10-19,2021-11-27,10628.58,Completed,Cash,True,39,4.773242701161238
TXN-00851,LST-0554,BYR-1565,AGT-0157,527313.88,2023-11-06,2023-11-21,19947.47,Completed,Cash,False,15,3.7828456174906684
TXN-00853,LST-2596,BYR-3944,AGT-0036,1545673.01,2020-07-27,2020-08-21,55197.01,Pending,Cash,True,25,3.571066431443996
TXN-00854,LST-2584,BYR-3570,AGT-0084,1248684.29,2023-05-16,2023-06-22,45114.02,Pending,FHA,True,37,3.6129244486610776
TXN-00855,LST-5301,BYR-3937,AGT-0081,702920.26,2024-04-01,2024-04-29,39069.97,Cancelled,Conventional,True,28,5.5582364349549405
TXN-00856,LST-1579,BYR-2316,AGT-0189,835757.26,2021-05-07,2021-06-10,23711.32,Pending,Cash,True,34,2.837106075512883
TXN-00857,LST-1787,BYR-0529,AGT-0100,597354.69,2022-10-29,2022-11-13,17948.35,Pending,FHA,True,15,3.00463866785745
TXN-00858,LST-2020,BYR-3298,AGT-0291,1366707.74,2024-05-25,2024-06-19,50282.38,Cancelled,Conventional,True,25,3.6790879665318936
TXN-00859,LST-3964,BYR-2594,AGT-0119,484285.65,2020-06-15,2020-07-13,12498.95,Cancelled,Cash,True,28,2.580904472391449
TXN-00860,LST-5500,BYR-3104,AGT-0152,2846299.98,2021-09-29,2021-10-25,166103.9,Completed,Conventional,True,26,5.835783338620548
TXN-00861,LST-5320,BYR-1806,AGT-0067,1801501.0,2022-10-29,2022-12-13,74740.42,Completed,Cash,True,45,4.1487859290669284
TXN-00862,LST-1866,BYR-0684,AGT-0279,1225284.89,2023-06-19,2023-07-05,44678.07,Completed,Conventional,True,16,3.646341382696722
TXN-00863,LST-3543,BYR-3194,AGT-0268,1317447.8,2022-12-27,2023-01-11,36748.09,Completed,Jumbo,True,15,2.7893393575062326
TXN-00864,LST-1200,BYR-3843,AGT-0033,158461.01,2022-04-26,2022-05-15,5657.58,Pending,Cash,True,19,3.5703293826033295
TXN-00865,LST-3806,BYR-1151,AGT-0283,2500161.61,2022-03-17,2022-04-28,138493.68,Pending,FHA,True,42,5.539389111730261
TXN-00866,LST-0957,BYR-2068,AGT-0089,2709375.11,2021-01-09,2021-02-18,95712.39,Completed,Conventional,False,40,3.532637088409659
TXN-00867,LST-5993,BYR-0568,AGT-0103,1315032.14,2023-03-02,2023-04-13,35898.17,Pending,Conventional,True,42,2.7298321393118195
TXN-00868,LST-2074,BYR-0769,AGT-0203,1659510.02,2020-07-19,2020-08-25,70528.81,Cancelled,Conventional,False,37,4.249977954336184
TXN-00869,LST-3531,BYR-2733,AGT-0097,2608594.08,2023-03-04,2023-04-02,134758.85,Pending,Conventional,True,29,5.165957058370692
TXN-00870,LST-0181,BYR-1111,AGT-0068,414832.18,2022-04-04,2022-05-19,10593.53,Completed,VA,False,45,2.553690506845443
TXN-00871,LST-4323,BYR-3400,AGT-0103,1571215.95,2024-03-20,2024-04-14,65295.28,Completed,Conventional,True,25,4.1557164691460775
TXN-00872,LST-5677,BYR-0712,AGT-0265,2063797.98,2020-07-10,2020-08-21,54259.71,Cancelled,Jumbo,False,42,2.62911925129416
TXN-00873,LST-0625,BYR-1811,AGT-0231,1342482.29,2022-11-22,2022-12-14,54234.06,Cancelled,VA,False,22,4.039834298298266
TXN-00874,LST-5632,BYR-3575,AGT-0091,1174595.44,2024-10-14,2024-11-26,57586.51,Pending,Cash,False,43,4.902667594214397
TXN-00875,LST-4996,BYR-1844,AGT-0008,454375.06,2022-04-17,2022-05-25,12877.62,Pending,Conventional,True,38,2.8341388279541575
TXN-00876,LST-0754,BYR-1957,AGT-0255,1295454.92,2021-07-19,2021-08-14,63883.36,Pending,VA,False,26,4.931345661954798
TXN-00877,LST-1644,BYR-1675,AGT-0182,372896.28,2021-06-25,2021-07-23,15031.74,Pending,FHA,True,28,4.031078025235328
TXN-00878,LST-1639,BYR-3971,AGT-0118,2070505.83,2021-07-16,2021-08-16,111147.19,Cancelled,FHA,True,31,5.368117702909342
TXN-00879,LST-0299,BYR-3745,AGT-0030,1398077.08,2024-01-16,2024-02-15,35489.61,Pending,Conventional,False,30,2.538458752217009
TXN-00880,LST-0218,BYR-1241,AGT-0126,1487976.08,2023-02-14,2023-03-11,74203.55,Completed,Jumbo,True,25,4.98687788045625
TXN-00881,LST-4701,BYR-3555,AGT-0187,2633781.06,2020-12-21,2021-01-11,154068.24,Pending,Jumbo,False,21,5.849698076270622
TXN-00882,LST-0206,BYR-2885,AGT-0197,2529590.86,2021-11-04,2021-12-11,76354.23,Pending,VA,False,37,3.0184418835226183
TXN-00883,LST-0980,BYR-0935,AGT-0229,1056937.39,2020-12-25,2021-01-10,50285.47,Unknown,VA,True,16,4.7576583509833075
TXN-00884,LST-0488,BYR-2652,AGT-0128,1663557.42,2024-03-02,2024-04-02,44409.49,Pending,VA,False,31,2.669549572866562
TXN-00885,LST-1538,BYR-0929,AGT-0186,126825.41,2020-12-15,2021-01-05,5102.19,Completed,Cash,True,21,4.023002961315086
TXN-00886,LST-3587,BYR-1999,AGT-0042,1557178.08,2020-10-04,2020-11-12,81370.14,Cancelled,FHA,True,39,5.225487119623466
TXN-00887,LST-2221,BYR-1422,AGT-0085,1023728.1,2024-09-27,2024-10-24,47430.84,Completed,FHA,False,27,4.633148196283758
TXN-00888,LST-0385,BYR-1302,AGT-0060,893672.55,2021-11-17,2021-12-11,49050.7,Unknown,VA,True,24,5.488665842986896
TXN-00889,LST-4447,BYR-3395,AGT-0024,1684180.16,2020-11-08,2020-12-01,57615.05,Pending,VA,False,23,3.420955273573583
TXN-00890,LST-5745,BYR-1108,AGT-0194,429213.19,2020-09-12,2020-10-07,15072.03,Pending,Conventional,True,25,3.5115486548770787
TXN-00891,LST-5975,BYR-1261,AGT-0159,348883.55,2020-09-02,2020-09-21,19704.78,Completed,Jumbo,True,19,5.64795330705618
TXN-00892,LST-4965,BYR-0528,AGT-0123,403095.99,2021-09-16,2021-10-14,12276.95,Cancelled,Conventional,True,28,3.0456641357310454
TXN-00893,LST-5170,BYR-0987,AGT-0090,1090052.87,2022-08-23,2022-09-28,54291.94,Completed,FHA,False,36,4.980670341246842
TXN-00894,LST-1866,BYR-0829,AGT-0041,1042077.68,2023-09-08,2023-09-25,53896.54,Completed,Jumbo,False,17,5.172027098785955
TXN-00895,LST-0663,BYR-2277,AGT-0216,1403880.46,2020-12-13,2021-01-13,44334.13,Pending,FHA,False,31,3.1579704442926717
TXN-00896,LST-3758,BYR-0179,AGT-0082,1097563.23,2020-04-10,2020-05-20,37883.82,Pending,VA,True,40,3.4516298436856343
TXN-00897,LST-2640,BYR-1257,AGT-0107,371577.79,2022-03-27,2022-05-11,11991.45,Pending,VA,True,45,3.227170816641113
TXN-00898,LST-0636,BYR-0173,AGT-0163,2446290.22,2022-11-29,2022-12-18,131782.97,Completed,Cash,True,19,5.387053789554045
TXN-00899,LST-2358,BYR-1257,AGT-0165,325134.91,2021-06-25,2021-07-10,8393.53,Cancelled,Conventional,True,15,2.5815529928791716
TXN-00900,LST-3548,BYR-0524,AGT-0158,1269639.72,2020-11-12,2020-12-18,43186.57,Cancelled,Conventional,True,36,3.401482272467027
TXN-00901,LST-2613,BYR-3438,AGT-0124,536692.91,2020-10-22,2020-11-08,31652.95,Pending,Cash,True,17,5.89777681244196
TXN-00902,LST-5062,BYR-2188,AGT-0110,615987.64,2022-09-24,2022-10-30,35633.27,Completed,Cash,True,36,5.784737823635552
TXN-00903,LST-2791,BYR-3151,AGT-0232,2124047.82,2020-05-07,2020-05-31,56833.66,Completed,FHA,True,24,2.675724127529295
TXN-00904,LST-0227,BYR-3687,AGT-0100,1091437.78,2022-03-20,2022-04-09,49375.46,Cancelled,Cash,True,20,4.523891412298372
TXN-00905,LST-2644,BYR-2711,AGT-0147,1138690.95,2022-06-13,2022-06-30,57982.48,Pending,Jumbo,True,17,5.0920295801068765
TXN-00907,LST-1662,BYR-2723,AGT-0082,1753927.67,2023-12-10,2024-01-09,61256.89,Cancelled,VA,False,30,3.492555083528616
TXN-00908,LST-2442,BYR-0942,AGT-0226,939499.14,2021-07-17,2021-08-09,23741.99,Completed,Conventional,True,23,2.5270901259153895
TXN-00909,LST-0528,BYR-2835,AGT-0238,1956523.78,2023-08-17,2023-09-01,72420.13,Unknown,Conventional,True,15,3.7014694500672003
TXN-00910,LST-1975,BYR-1343,AGT-0238,1222713.05,2023-09-07,2023-10-09,64131.44,Completed,Conventional,True,32,5.245011493089077
TXN-00911,LST-2868,BYR-1541,AGT-0119,518167.1,2023-10-07,2023-11-20,24249.9,Completed,Conventional,True,44,4.679938189823321
TXN-00912,LST-0132,BYR-3898,AGT-0205,510631.28,2021-11-18,2021-12-03,13965.65,Unknown,Conventional,True,15,2.7349773793724506
TXN-00913,LST-0511,BYR-0402,AGT-0162,1889975.19,2022-04-25,2022-05-10,97157.64,Completed,Jumbo,True,15,5.140683354684672
TXN-00914,LST-2470,BYR-0288,AGT-0235,1649264.61,2020-06-13,2020-07-10,62658.74,Pending,Conventional,True,27,3.799192659569649
TXN-00915,LST-4029,BYR-1372,AGT-0213,1014611.4,2020-12-11,2021-01-24,56842.46,Pending,FHA,True,44,5.602387278518652
TXN-00916,LST-1844,BYR-3634,AGT-0248,2053327.13,2021-03-19,2021-04-30,96972.06,Completed,Conventional,True,42,4.722679527445781
TXN-00917,LST-1946,BYR-2157,AGT-0050,1425925.67,2023-10-04,2023-11-06,46131.73,Pending,FHA,True,33,3.2352128144239107
TXN-00918,LST-1097,BYR-0617,AGT-0092,1625299.0,2022-09-07,2022-10-09,56882.73,Completed,FHA,True,32,3.4998317232706104
TXN-00919,LST-1029,BYR-3291,AGT-0084,1854577.84,2022-05-28,2022-06-14,79050.54,Completed,FHA,True,17,4.262454683487428
TXN-00920,LST-0830,BYR-1459,AGT-0167,1725217.43,2021-01-09,2021-02-03,49226.78,Completed,Jumbo,True,25,2.8533667202747885
TXN-00921,LST-2169,BYR-0835,AGT-0132,486436.78,2022-09-12,2022-09-28,18461.14,Cancelled,Cash,True,16,3.7951776590577704
TXN-00922,LST-4055,BYR-2438,AGT-0170,2574769.47,2023-09-05,2023-09-30,76507.16,Pending,VA,True,25,2.971417864450599
TXN-00923,LST-0040,BYR-0140,AGT-0246,1413407.6,2022-09-08,2022-10-18,83869.34,Pending,Conventional,True,40,5.933839608616792
TXN-00924,LST-1991,BYR-2734,AGT-0081,1686234.38,2023-01-20,2023-02-28,72170.46,Pending,Conventional,False,39,4.279977970796682
TXN-00925,LST-0624,BYR-0732,AGT-0140,2486686.49,2020-08-17,2020-09-26,124840.55,Completed,FHA,True,40,5.020357431547392
TXN-00926,LST-5870,BYR-2570,AGT-0021,444125.59,2021-04-25,2021-05-12,24438.28,Completed,FHA,True,17,5.502560660825691
TXN-00927,LST-4876,BYR-0355,AGT-0173,587520.91,2021-10-11,2021-11-19,17595.01,Cancelled,Cash,True,39,2.9947887301577056
TXN-00928,LST-2353,BYR-2881,AGT-0129,537021.55,2022-12-21,2023-01-15,17765.8,Cancelled,Conventional,False,25,3.3082098846871224
TXN-00929,LST-1479,BYR-0303,AGT-0115,158683.89,2022-05-19,2022-06-14,5626.77,Cancelled,VA,False,26,3.5458987046511146
TXN-00930,LST-0637,BYR-0841,AGT-0096,732290.89,2022-06-25,2022-07-23,31679.83,Completed,Conventional,True,28,4.326126465945794
TXN-00931,LST-2331,BYR-1431,AGT-0067,2894483.84,2020-04-14,2020-05-07,153623.66,Cancelled,Conventional,True,23,5.307463039766012
TXN-00932,LST-2532,BYR-2783,AGT-0067,1778337.19,2023-12-30,2024-02-05,64610.02,Completed,Conventional,True,37,3.633170377548028
TXN-00933,LST-0097,BYR-0272,AGT-0194,1630385.71,2020-12-30,2021-02-12,73071.8,Pending,Conventional,True,44,4.48187196145138
TXN-00934,LST-3900,BYR-3210,AGT-0266,326193.89,2021-03-05,2021-04-03,19196.73,Completed,Conventional,False,29,5.885067313799164
TXN-00935,LST-2584,BYR-1075,AGT-0044,1209368.28,2023-04-24,2023-05-12,72043.31,Cancelled,VA,True,18,5.957102661895514
TXN-00936,LST-5278,BYR-1880,AGT-0270,960524.75,2020-11-04,2020-12-14,49246.54,Completed,Conventional,False,40,5.127045398882226
TXN-00937,LST-3830,BYR-3490,AGT-0103,2296706.32,2021-09-10,2021-10-21,78955.23,Pending,VA,True,41,3.4377590775297735
TXN-00938,LST-5701,BYR-0058,AGT-0055,1052306.17,2022-06-18,2022-07-21,49879.91,Cancelled,VA,True,33,4.7400567840441346
TXN-00939,LST-4668,BYR-2562,AGT-0099,2638282.6,2022-04-20,2022-05-14,102642.41,Pending,Conventional,False,24,3.8905009645289708
TXN-00940,LST-3783,BYR-0069,AGT-0107,1668462.35,2023-12-26,2024-02-06,93191.63,Pending,Conventional,True,42,5.585479948049173
TXN-00941,LST-4528,BYR-1493,AGT-0024,1391126.6,2021-09-04,2021-10-02,49527.91,Cancelled,Conventional,True,28,3.5602733784258023
TXN-00942,LST-5271,BYR-1578,AGT-0203,2461240.96,2020-12-08,2020-12-28,114052.11,Completed,VA,False,20,4.633927025170262
TXN-00943,LST-1775,BYR-3562,AGT-0229,1715217.25,2021-11-12,2021-12-04,59763.36,Pending,USDA,True,22,3.4843026444609277
TXN-00944,LST-4412,BYR-0102,AGT-0216,464884.17,2022-01-31,2022-02-24,14060.75,Completed,Conventional,True,24,3.0245706150846137
TXN-00945,LST-5827,BYR-0931,AGT-0077,1776510.68,2023-01-18,2023-02-25,81023.57,Completed,VA,True,38,4.560826507386942
TXN-00946,LST-1058,BYR-3951,AGT-0145,612253.35,2024-09-06,2024-10-08,24399.62,Pending,Conventional,True,32,3.9852162507563254
TXN-00947,LST-4928,BYR-2665,AGT-0107,653950.51,2022-03-24,2022-04-24,29320.53,Cancelled,Jumbo,True,31,4.483600754436295
TXN-00948,LST-2871,BYR-3817,AGT-0180,585655.79,2023-12-09,2024-01-19,22295.14,Pending,Cash,True,41,3.8068675117170785
TXN-00949,LST-0379,BYR-1522,AGT-0188,1227929.45,2021-02-06,2021-02-27,50979.35,Cancelled,VA,True,21,4.15165138355465
TXN-00950,LST-2129,BYR-0145,AGT-0146,1070118.33,2021-03-26,2021-04-16,38514.99,Cancelled,Jumbo,True,21,3.599133751872094
TXN-00951,LST-2803,BYR-0701,AGT-0144,790548.64,2024-09-06,2024-09-23,39754.18,Pending,Conventional,True,17,5.028682359127201
TXN-00952,LST-3591,BYR-3662,AGT-0082,2124812.9,2022-10-22,2022-11-08,111303.43,Completed,Cash,True,17,5.238269684827309
TXN-00953,LST-4220,BYR-0424,AGT-0296,2466752.74,2023-06-03,2023-07-16,93687.31,Completed,FHA,True,43,3.798001659461012
TXN-00954,LST-4339,BYR-2951,AGT-0155,2637157.8,2024-03-08,2024-04-04,138366.33,Pending,VA,True,27,5.2467975181462405
TXN-00955,LST-0329,BYR-3639,AGT-0155,1925867.94,2020-10-10,2020-11-03,67194.47,Cancelled,Cash,True,24,3.489048683161526
TXN-00956,LST-4898,BYR-0659,AGT-0079,1885733.1,2020-04-21,2020-05-07,90974.43,Completed,Conventional,False,16,4.824353457018917
TXN-00957,LST-1291,BYR-0179,AGT-0127,2009188.47,2022-10-03,2022-10-18,102828.43,Pending,VA,True,15,5.117908625067911
TXN-00958,LST-4349,BYR-3829,AGT-0045,218882.31,2022-11-27,2023-01-08,6523.04,Cancelled,FHA,True,42,2.980158606695991
TXN-00959,LST-5965,BYR-1170,AGT-0064,702493.67,2020-10-02,2020-10-22,35954.56,Cancelled,Conventional,True,20,5.118132950578757
TXN-00960,LST-4795,BYR-2543,AGT-0228,2252238.69,2023-11-03,2023-12-09,74703.28,Cancelled,Conventional,True,36,3.316845604850168
TXN-00961,LST-3979,BYR-0742,AGT-0167,387488.65,2021-10-25,2021-11-20,16552.72,Completed,VA,True,26,4.271794799667036
TXN-00962,LST-1550,BYR-1967,AGT-0177,2245674.36,2024-01-29,2024-03-06,93610.84,Unknown,Conventional,True,37,4.168495738625257
TXN-00963,LST-4462,BYR-1227,AGT-0143,1811215.73,2021-12-08,2022-01-07,78904.98,Cancelled,Conventional,True,30,4.356465035780138
TXN-00964,LST-3665,BYR-3264,AGT-0255,1149022.95,2021-02-17,2021-03-15,50709.76,Pending,VA,False,26,4.413293920717598
TXN-00965,LST-0731,BYR-2850,AGT-0214,1187859.02,2021-03-29,2021-05-12,60525.69,Completed,VA,True,44,5.0953597170142295
TXN-00966,LST-5195,BYR-1782,AGT-0209,1639077.35,2022-03-23,2022-04-13,50092.9,Pending,Conventional,True,21,3.0561644940063384
TXN-00967,LST-1709,BYR-3338,AGT-0137,2719331.57,2022-11-04,2022-12-16,95048.89,Pending,Cash,True,42,3.49530344326492
TXN-00968,LST-0123,BYR-3517,AGT-0201,1485792.36,2021-05-10,2021-06-14,77526.84,Pending,Conventional,True,35,5.217878492792895
TXN-00969,LST-0887,BYR-0808,AGT-0035,1864963.09,2023-01-28,2023-02-27,64036.24,Pending,Conventional,True,30,3.4336465071810074
TXN-00970,LST-3778,BYR-0261,AGT-0217,1100696.56,2022-11-17,2022-12-25,42949.91,Pending,Cash,True,38,3.902066342425927
TXN-00971,LST-4335,BYR-0091,AGT-0055,2235834.12,2020-11-27,2020-12-16,70379.87,Pending,FHA,True,19,3.14781268299099
TXN-00972,LST-0402,BYR-1387,AGT-0048,2433723.96,2023-04-02,2023-05-03,93516.57,Cancelled,Conventional,False,31,3.8425298652193898
TXN-00973,LST-3283,BYR-1251,AGT-0079,1586625.94,2020-04-11,2020-05-16,40461.75,Completed,Jumbo,True,35,2.5501757522002952
TXN-00974,LST-4347,BYR-1912,AGT-0150,329847.08,2022-04-19,2022-05-17,13640.54,Pending,Conventional,False,28,4.135413295154834
TXN-00975,LST-5939,BYR-2907,AGT-0116,2130012.24,2021-12-03,2021-12-23,112588.85,Completed,Jumbo,True,20,5.285831127430516
TXN-00976,LST-3338,BYR-1181,AGT-0121,2470410.26,2021-06-20,2021-07-16,62336.58,Pending,Cash,True,26,2.523329060331866
TXN-00977,LST-0351,BYR-0191,AGT-0009,1271233.91,2020-04-26,2020-05-14,69602.26,Pending,VA,True,18,5.475173329824092
TXN-00978,LST-3402,BYR-0813,AGT-0019,1673881.1,2022-03-23,2022-04-29,73475.33,Completed,Conventional,True,37,4.389519064406666
TXN-00979,LST-5951,BYR-2257,AGT-0161,655269.07,2020-11-27,2021-01-05,21618.99,Unknown,Conventional,True,39,3.299253846973123
TXN-00980,LST-1473,BYR-2308,AGT-0137,1795584.07,2022-03-01,2022-04-06,56884.87,Completed,Conventional,False,36,3.168042697104124
TXN-00981,LST-2830,BYR-3271,AGT-0003,626910.64,2022-01-08,2022-02-13,31655.45,Unknown,Cash,True,36,5.0494357537144365
TXN-00982,LST-3111,BYR-1259,AGT-0183,1755536.76,2021-07-06,2021-08-12,50808.46,Pending,Cash,True,37,2.894183770894094
TXN-00983,LST-3951,BYR-3970,AGT-0189,1638793.91,2022-11-03,2022-12-08,84263.3,Pending,Conventional,True,35,5.14178747466788
TXN-00984,LST-5038,BYR-3663,AGT-0053,1699793.8,2020-12-21,2021-01-26,57695.65,Cancelled,FHA,False,36,3.3942734701114925
TXN-00986,LST-2217,BYR-3282,AGT-0070,1217379.01,2023-10-20,2023-11-15,31188.16,Pending,Conventional,True,26,2.561910443979152
TXN-00987,LST-0282,BYR-2313,AGT-0142,501103.72,2023-10-10,2023-11-01,18515.58,Cancelled,Conventional,False,22,3.6949595983841435
TXN-00988,LST-1962,BYR-1535,AGT-0278,1442411.98,2024-04-30,2024-06-11,83761.6,Completed,Cash,False,42,5.807051047925989
TXN-00989,LST-3912,BYR-1255,AGT-0295,1971026.35,2021-12-25,2022-01-10,76509.64,Pending,Conventional,False,16,3.8817157365755155
TXN-00990,LST-3913,BYR-2640,AGT-0008,1549562.37,2024-04-05,2024-04-30,79791.24,Completed,Conventional,True,25,5.149275791977318
TXN-00991,LST-3059,BYR-3244,AGT-0147,1304001.26,2023-03-22,2023-04-15,71419.18,Cancelled,Cash,True,24,5.476925689473643
TXN-00992,LST-5823,BYR-1838,AGT-0144,845854.77,2024-06-11,2024-07-21,48711.31,Pending,Cash,True,40,5.758826660042361
TXN-00993,LST-1761,BYR-0777,AGT-0150,757416.26,2024-02-19,2024-04-02,31168.94,Pending,Conventional,True,43,4.115166473980899
TXN-00994,LST-4562,BYR-1864,AGT-0035,1590910.43,2023-09-30,2023-10-18,92105.64,Pending,Conventional,True,18,5.789492498330029
TXN-00995,LST-0317,BYR-3313,AGT-0226,1494930.16,2022-05-14,2022-06-22,80727.15,Completed,Cash,True,39,5.400061632310636
TXN-00996,LST-1065,BYR-2142,AGT-0100,2720470.87,2024-10-27,2024-11-30,127955.83,Cancelled,Jumbo,True,34,4.7034442239773
TXN-00997,LST-5390,BYR-1225,AGT-0017,1958259.7,2021-09-14,2021-10-11,112303.95,Pending,Conventional,True,27,5.734885418925794
TXN-00998,LST-0082,BYR-0787,AGT-0088,1843173.83,2021-05-07,2021-06-12,93294.2,Completed,Cash,False,36,5.061606153555251
TXN-00999,LST-1982,BYR-0693,AGT-0125,1643810.45,2020-06-09,2020-06-30,80614.44,Pending,Jumbo,True,21,4.904120180036573
TXN-01000,LST-3701,BYR-3418,AGT-0291,278471.69,2022-04-30,2022-06-02,8797.05,Completed,FHA,False,33,3.159046436641369
TXN-01001,LST-3414,BYR-2804,AGT-0244,262575.7,2022-01-11,2022-02-04,7356.37,Completed,Conventional,True,24,2.8016187331881817
TXN-01002,LST-0450,BYR-0530,AGT-0056,2604959.42,2021-08-01,2021-09-02,98575.67,Cancelled,Cash,False,32,3.784153766203391
TXN-01003,LST-1327,BYR-1621,AGT-0294,2356453.78,2023-02-14,2023-03-18,85207.56,Unknown,VA,True,32,3.615923245479485
TXN-01004,LST-3538,BYR-3677,AGT-0104,483261.2,2021-12-08,2022-01-14,23888.87,Pending,Cash,True,37,4.9432625669099854
TXN-01005,LST-1324,BYR-2982,AGT-0027,1579994.75,2023-08-03,2023-08-19,63944.54,Completed,Conventional,True,16,4.0471362325729245
TXN-01006,LST-2123,BYR-2701,AGT-0196,2210044.6,2021-03-04,2021-04-14,122538.37,Completed,Conventional,True,41,5.544610728670362
TXN-01007,LST-5009,BYR-1207,AGT-0195,399786.23,2020-09-04,2020-09-28,19589.29,Completed,VA,True,24,4.89994115104965
TXN-01008,LST-1497,BYR-3483,AGT-0040,2125110.19,2023-08-27,2023-09-15,87850.76,Completed,FHA,False,19,4.133939050002861
TXN-01009,LST-0856,BYR-1094,AGT-0134,1760624.06,2023-01-22,2023-02-18,104054.99,Completed,Cash,False,27,5.910119733340461
TXN-01010,LST-3046,BYR-0280,AGT-0251,2333429.62,2023-05-18,2023-06-03,108970.5,Cancelled,Cash,False,16,4.669971576001508
TXN-01011,LST-5668,BYR-0049,AGT-0086,2479511.1,2021-02-11,2021-03-23,132151.29,Pending,Cash,False,40,5.329731736228163
TXN-01012,LST-4644,BYR-0638,AGT-0099,1747266.97,2024-10-30,2024-11-30,62731.12,Pending,FHA,False,31,3.5902424229996175
TXN-01013,LST-3842,BYR-0783,AGT-0113,2617842.1,2020-05-22,2020-06-13,102425.29,Cancelled,FHA,False,22,3.9125847200639026
TXN-01014,LST-4837,BYR-1067,AGT-0138,2084680.68,2024-06-28,2024-07-15,97022.24,Completed,Conventional,True,17,4.654057618071272
TXN-01015,LST-0637,BYR-1030,AGT-0227,749991.13,2022-09-12,2022-09-27,42421.3,Cancelled,Cash,True,15,5.656240227801095
TXN-01016,LST-5830,BYR-3481,AGT-0256,1487257.95,2024-01-30,2024-02-17,51474.6,Completed,Conventional,True,18,3.46104050074165
TXN-01017,LST-1957,BYR-2569,AGT-0015,1903191.37,2020-10-07,2020-11-17,70137.07,Pending,Cash,True,41,3.6852347643842043
TXN-01018,LST-4307,BYR-3187,AGT-0033,315892.21,2022-07-12,2022-08-21,17556.27,Completed,FHA,True,40,5.557677411544907
TXN-01019,LST-2906,BYR-0368,AGT-0275,2177652.94,2023-01-23,2023-03-08,60308.99,Completed,Jumbo,True,44,2.7694491115742252
TXN-01020,LST-1201,BYR-2667,AGT-0242,1801134.71,2021-07-02,2021-07-21,65622.53,Pending,Conventional,True,19,3.643399332413065
TXN-01021,LST-1165,BYR-1366,AGT-0197,1363936.75,2024-08-12,2024-09-10,63986.41,Completed,Jumbo,True,29,4.691303317400899
TXN-01022,LST-5407,BYR-0536,AGT-0155,2439723.39,2022-01-12,2022-02-04,108047.75,Cancelled,Conventional,False,23,4.428688532596311
TXN-01023,LST-1365,BYR-3631,AGT-0245,1654135.88,2020-11-10,2020-12-11,92211.61,Cancelled,Conventional,True,31,5.574609142750716
TXN-01024,LST-5632,BYR-1194,AGT-0272,996949.35,2024-08-18,2024-09-18,56809.52,Completed,Jumbo,True,31,5.698335627582283
TXN-01025,LST-4803,BYR-1566,AGT-0159,1306827.23,2021-12-12,2022-01-16,38132.49,Cancelled,Cash,True,35,2.917944248835403
TXN-01026,LST-5244,BYR-0186,AGT-0226,974336.62,2021-03-19,2021-04-25,30569.53,Completed,Conventional,True,37,3.137471113422792
TXN-01027,LST-5231,BYR-3940,AGT-0088,253506.22,2023-08-18,2023-09-10,13313.25,Pending,Cash,True,23,5.251646290966747
TXN-01028,LST-0834,BYR-0291,AGT-0198,1741064.74,2021-07-03,2021-08-13,100666.02,Cancelled,Cash,False,41,5.781865411851371
TXN-01029,LST-5930,BYR-3506,AGT-0015,377207.85,2020-07-24,2020-08-30,16167.76,Pending,Jumbo,True,37,4.286167427321569
TXN-01030,LST-4360,BYR-0298,AGT-0133,740999.73,2021-05-24,2021-06-15,38328.57,Cancelled,Conventional,True,22,5.172548443438704
TXN-01031,LST-2816,BYR-3929,AGT-0059,2424593.44,2020-11-28,2020-12-19,71353.0,Completed,Conventional,False,21,2.942885137889345
TXN-01032,LST-3780,BYR-1236,AGT-0032,2088806.91,2024-02-22,2024-03-23,54007.87,Cancelled,Cash,False,30,2.585584610116021
TXN-01033,LST-2584,BYR-0154,AGT-0268,1303871.23,2023-08-11,2023-09-11,34676.8,Pending,Conventional,True,31,2.6595264319161336
TXN-01034,LST-5734,BYR-3490,AGT-0157,1747384.77,2023-07-19,2023-08-12,53479.39,Pending,FHA,True,24,3.0605388646027856
TXN-01035,LST-4992,BYR-1924,AGT-0010,923782.27,2023-09-02,2023-09-30,51544.5,Completed,Conventional,True,28,5.579723888833675
TXN-01036,LST-2692,BYR-2976,AGT-0050,1042531.45,2021-01-29,2021-03-08,33902.11,Pending,Cash,True,38,3.251902856263953
TXN-01037,LST-0150,BYR-3320,AGT-0195,426640.15,2023-08-28,2023-09-12,11067.51,Completed,Conventional,True,15,2.5941088760633524
TXN-01038,LST-4825,BYR-1372,AGT-0233,1341215.22,2022-05-28,2022-06-14,73652.37,Pending,Cash,True,17,5.491465418950435
TXN-01039,LST-1011,BYR-2728,AGT-0296,56599.66,2023-03-05,2023-04-12,2577.24,Pending,Conventional,True,38,4.553454914746837
TXN-01040,LST-2816,BYR-2712,AGT-0074,2670688.76,2020-12-04,2020-12-20,102838.69,Completed,FHA,True,16,3.8506430079108136
TXN-01041,LST-0044,BYR-3672,AGT-0039,148045.85,2021-12-01,2022-01-08,3894.9,Cancelled,Cash,False,38,2.6308741514875287
TXN-01042,LST-0441,BYR-3711,AGT-0065,1361725.76,2021-10-05,2021-11-19,52521.31,Pending,Conventional,True,45,3.856966765466785
TXN-01043,LST-0965,BYR-1434,AGT-0049,2623566.18,2022-09-14,2022-10-25,106713.08,Cancelled,Conventional,True,41,4.067481918828516
TXN-01044,LST-1972,BYR-2772,AGT-0270,2173402.5,2022-11-04,2022-11-30,106010.28,Pending,VA,True,26,4.877618388678581
TXN-01045,LST-4199,BYR-0893,AGT-0271,2741366.08,2021-04-17,2021-05-18,151886.24,Pending,Conventional,True,31,5.540531091710305
TXN-01046,LST-0120,BYR-0955,AGT-0114,934197.15,2020-07-12,2020-08-02,41632.66,Unknown,Conventional,True,21,4.456517556278137
TXN-01047,LST-5831,BYR-2615,AGT-0047,160789.75,2020-06-25,2020-07-21,6039.82,Completed,Cash,True,26,3.7563464088973335
TXN-01048,LST-3507,BYR-0739,AGT-0255,2101303.41,2021-10-17,2021-11-17,113413.05,Pending,Cash,True,31,5.397271496361394
TXN-01049,LST-4179,BYR-1958,AGT-0071,728318.95,2022-11-10,2022-12-09,29501.14,Pending,FHA,False,29,4.050579763165575
TXN-01050,LST-3928,BYR-0488,AGT-0055,535221.82,2024-09-09,2024-10-01,16304.68,Completed,Conventional,False,22,3.04634067422737
TXN-01051,LST-3057,BYR-0995,AGT-0175,1346335.15,2022-07-28,2022-09-03,55065.83,Completed,Conventional,True,37,4.090053654173703
TXN-01052,LST-2671,BYR-3169,AGT-0193,2016334.15,2020-04-03,2020-05-02,54355.0,Cancelled,Conventional,True,29,2.6957337403624293
TXN-01053,LST-4664,BYR-2302,AGT-0188,1933025.27,2021-12-04,2021-12-28,85927.94,Completed,Conventional,True,24,4.445256941726375
TXN-01055,LST-4281,BYR-2909,AGT-0210,1245053.16,2020-10-06,2020-10-29,58091.59,Pending,Conventional,False,23,4.6657919409641915
TXN-01056,LST-3765,BYR-3399,AGT-0035,536140.76,2022-12-16,2023-01-18,18178.78,Cancelled,VA,True,33,3.3906730016199473
TXN-01057,LST-5011,BYR-2870,AGT-0187,855969.19,2021-09-08,2021-10-19,46216.21,Cancelled,VA,True,41,5.399284289660006
TXN-01058,LST-5138,BYR-1520,AGT-0237,1853688.53,2021-12-06,2022-01-01,51839.09,Pending,Conventional,False,26,2.7965372370297827
TXN-01059,LST-1887,BYR-0648,AGT-0184,2298166.21,2024-03-19,2024-04-08,128549.76,Completed,Conventional,False,20,5.59357976114356
TXN-01060,LST-5035,BYR-3776,AGT-0118,1600217.34,2023-10-01,2023-11-06,80151.63,Pending,Jumbo,True,36,5.008796492606436
TXN-01061,LST-1637,BYR-3482,AGT-0100,523724.5,2021-01-04,2021-02-04,27775.45,Completed,Conventional,True,31,5.303446754925538
TXN-01062,LST-3003,BYR-0716,AGT-0005,2511657.72,2024-01-18,2024-02-04,107837.65,Pending,Cash,True,17,4.293485101146664
TXN-01063,LST-2752,BYR-3839,AGT-0051,1221253.46,2022-11-12,2022-12-27,45794.1,Pending,Cash,True,45,3.7497621501109197
TXN-01064,LST-5018,BYR-0142,AGT-0040,1425487.43,2023-08-20,2023-09-13,72672.84,Completed,FHA,True,24,5.098104583075839
TXN-01065,LST-2698,BYR-0695,AGT-0083,978830.46,2023-11-22,2024-01-03,52266.7,Cancelled,Conventional,True,42,5.339709187227378
TXN-01066,LST-1097,BYR-1632,AGT-0035,1518218.99,2022-07-14,2022-08-16,80044.51,Cancelled,FHA,False,33,5.272263785871892
TXN-01067,LST-2263,BYR-0450,AGT-0107,2227956.19,2020-07-27,2020-08-11,82424.71,Pending,FHA,True,15,3.699566013459179
TXN-01068,LST-2338,BYR-2970,AGT-0185,2017695.43,2021-04-26,2021-06-02,54659.09,Completed,Conventional,False,37,2.708986162495298
TXN-01069,LST-2080,BYR-0073,AGT-0233,2243103.05,2021-03-29,2021-05-02,130180.49,Cancelled,VA,True,34,5.803589362512793
TXN-01070,LST-5323,BYR-2618,AGT-0047,1150998.85,2023-10-28,2023-11-29,37924.47,Cancelled,Jumbo,True,32,3.2949181487018864
TXN-01071,LST-1935,BYR-2421,AGT-0215,1130515.24,2024-04-10,2024-05-20,67807.24,Cancelled,Cash,True,40,5.997905875200763
TXN-01072,LST-4028,BYR-0887,AGT-0045,636790.26,2024-06-17,2024-07-04,16614.12,Pending,Cash,False,17,2.6090411621559664
TXN-01073,LST-3754,BYR-3654,AGT-0097,393696.3,2021-10-24,2021-11-20,17323.96,Pending,Conventional,True,27,4.400335995029671
TXN-01074,LST-2335,BYR-1197,AGT-0001,343021.26,2022-11-26,2022-12-18,16330.91,Pending,FHA,False,22,4.7609031580141705
TXN-01075,LST-4768,BYR-0490,AGT-0290,318323.47,2020-12-13,2021-01-13,12217.58,Completed,FHA,True,31,3.838102166956147
TXN-01076,LST-3289,BYR-3650,AGT-0069,785927.41,2021-12-29,2022-01-13,41116.13,Cancelled,Cash,False,15,5.2315429487311045
TXN-01077,LST-1289,BYR-1093,AGT-0027,1389206.86,2021-05-06,2021-06-07,77117.41,Unknown,Conventional,False,32,5.551182636688103
TXN-01078,LST-0740,BYR-2765,AGT-0296,174554.74,2022-11-08,2022-12-04,9580.59,Completed,Cash,True,26,5.4885877060685955
TXN-01079,LST-1849,BYR-2591,AGT-0231,1609970.94,2024-08-31,2024-10-09,67277.91,Completed,FHA,True,39,4.1788276004534595
TXN-01080,LST-1900,BYR-0978,AGT-0246,1736515.27,2021-01-22,2021-02-18,82041.04,Cancelled,Conventional,True,27,4.724464069930119
TXN-01081,LST-2132,BYR-1543,AGT-0122,1752176.21,2020-05-21,2020-06-21,97279.44,Pending,Conventional,True,31,5.551921059355098
TXN-01082,LST-2986,BYR-3823,AGT-0127,1817793.83,2024-02-26,2024-04-03,46257.64,Pending,Conventional,False,37,2.544713225261635
TXN-01083,LST-1046,BYR-2387,AGT-0176,1885860.21,2024-04-23,2024-05-09,92232.85,Cancelled,Conventional,True,16,4.890757518024096
TXN-01084,LST-3322,BYR-3573,AGT-0084,1810727.61,2023-10-06,2023-11-01,57415.67,Pending,VA,True,26,3.170861795165315
TXN-01085,LST-0730,BYR-3521,AGT-0165,129880.48,2020-07-28,2020-08-26,6581.87,Pending,Conventional,True,29,5.0676360296789795
TXN-01086,LST-2036,BYR-0191,AGT-0024,1929075.71,2023-12-09,2024-01-22,75812.19,Completed,Conventional,True,44,3.9299748375350183
TXN-01087,LST-4017,BYR-3756,AGT-0166,2023792.67,2020-12-12,2021-01-22,106545.19,Pending,Cash,True,41,5.264629701420946
TXN-01088,LST-2872,BYR-0441,AGT-0234,229176.04,2024-01-24,2024-02-21,7535.28,Pending,Conventional,True,28,3.287987697143209
TXN-01089,LST-4410,BYR-1516,AGT-0221,2304335.82,2021-03-06,2021-04-13,106285.92,Cancelled,VA,True,38,4.612431880696972
TXN-01090,LST-4489,BYR-0677,AGT-0101,1045406.8,2024-03-05,2024-04-05,52907.85,Pending,Conventional,True,31,5.06098200241284
TXN-01091,LST-4154,BYR-3168,AGT-0212,1582030.44,2023-12-14,2023-12-30,86948.08,Pending,Conventional,False,16,5.495980216411007
TXN-01092,LST-2347,BYR-2686,AGT-0182,1449915.24,2023-08-23,2023-09-16,66812.15,Completed,FHA,True,24,4.60800384441783
TXN-01093,LST-0383,BYR-0364,AGT-0282,2030515.23,2023-04-15,2023-05-21,110696.48,Pending,Conventional,False,36,5.451644900984072
TXN-01094,LST-1003,BYR-2202,AGT-0271,1688919.62,2020-09-04,2020-10-14,82417.98,Pending,Cash,False,40,4.879923178345219
TXN-01095,LST-1439,BYR-1055,AGT-0200,301401.42,2023-10-26,2023-11-29,8309.21,Pending,Conventional,True,34,2.756858278902601
TXN-01096,LST-1116,BYR-0024,AGT-0246,2126572.09,2020-06-25,2020-07-27,121505.65,Completed,FHA,True,32,5.713685916003911
TXN-01097,LST-4399,BYR-1620,AGT-0079,1848028.67,2022-10-30,2022-12-09,81752.55,Completed,Conventional,True,40,4.423770655029935
TXN-01098,LST-1093,BYR-3589,AGT-0249,395542.97,2024-02-09,2024-03-18,12988.66,Completed,Conventional,True,38,3.2837544805814654
TXN-01099,LST-3968,BYR-1118,AGT-0048,1937478.56,2022-07-14,2022-08-14,85600.83,Completed,Cash,True,31,4.418156245300593
TXN-01100,LST-3224,BYR-3830,AGT-0143,1350838.02,2022-01-27,2022-02-17,40830.66,Cancelled,Conventional,True,21,3.022617027021493
TXN-01101,LST-4630,BYR-2872,AGT-0189,2478948.38,2022-04-05,2022-05-16,104171.12,Completed,Cash,True,41,4.202230302189673
TXN-01102,LST-2893,BYR-2069,AGT-0083,2065312.1,2021-11-18,2021-12-06,113804.05,Cancelled,FHA,True,18,5.510259200050201
TXN-01103,LST-1237,BYR-2590,AGT-0121,2117805.91,2024-05-25,2024-06-29,80373.71,Pending,Conventional,True,35,3.7951405093585753
TXN-01104,LST-4769,BYR-3609,AGT-0117,1754356.03,2023-05-21,2023-06-07,63869.58,Pending,FHA,True,17,3.6406281796745668
TXN-01105,LST-3514,BYR-2356,AGT-0130,1030248.74,2020-05-27,2020-06-12,27025.98,Pending,VA,True,16,2.62324805172778
TXN-01106,LST-1201,BYR-2304,AGT-0121,2048465.4,2021-06-13,2021-06-29,65665.9,Pending,FHA,True,16,3.205614310107459
TXN-01107,LST-2969,BYR-1224,AGT-0016,698232.42,2021-06-15,2021-07-11,40196.85,Pending,FHA,False,26,5.756944084607243
TXN-01108,LST-3047,BYR-0550,AGT-0147,1851227.73,2021-01-12,2021-02-05,50322.51,Completed,FHA,True,24,2.718331687911784
TXN-01109,LST-3501,BYR-0409,AGT-0199,720506.1,2023-06-30,2023-08-14,21627.22,Cancelled,VA,True,45,3.0016706312410126
TXN-01110,LST-1831,BYR-0317,AGT-0126,2127561.56,2023-02-01,2023-02-17,76486.27,Cancelled,Conventional,True,16,3.595020301081206
TXN-01111,LST-1982,BYR-1961,AGT-0240,1849131.54,2020-07-13,2020-08-03,93030.62,Cancelled,Conventional,True,21,5.031043924544167
TXN-01112,LST-5065,BYR-2743,AGT-0093,1887714.67,2024-01-15,2024-02-02,76134.64,Pending,Cash,False,18,4.033164609564643
TXN-01113,LST-4416,BYR-0422,AGT-0277,1196287.04,2021-07-12,2021-07-31,55102.83,Cancelled,FHA,True,19,4.606154556351292
TXN-01114,LST-1539,BYR-1155,AGT-0020,2473037.92,2022-08-31,2022-09-28,115736.04,Unknown,Conventional,True,28,4.679913682843973
TXN-01115,LST-4717,BYR-2395,AGT-0187,2103935.5,2020-08-08,2020-09-10,88796.09,Completed,Cash,False,33,4.220475865348534
TXN-01116,LST-2349,BYR-2678,AGT-0184,2785999.05,2021-12-24,2022-01-11,116397.14,Cancelled,Cash,True,18,4.177931790752046
TXN-01117,LST-3283,BYR-2418,AGT-0153,1395839.42,2020-03-23,2020-05-04,51826.03,Unknown,Conventional,False,42,3.712893421508328
TXN-01118,LST-4898,BYR-3642,AGT-0084,1594885.49,2020-06-13,2020-06-30,51534.17,Completed,VA,False,17,3.2312144240524754
TXN-01119,LST-3425,BYR-2643,AGT-0162,2614512.25,2021-05-20,2021-06-12,94892.3,Cancelled,Cash,False,23,3.6294456069196084
TXN-01120,LST-4259,BYR-3666,AGT-0171,567452.25,2023-06-08,2023-07-14,17937.53,Pending,Jumbo,True,36,3.1610642128919215
TXN-01121,LST-3155,BYR-3874,AGT-0249,356601.72,2022-05-12,2022-06-04,19366.5,Pending,USDA,True,23,5.430848735109859
TXN-01122,LST-5792,BYR-3685,AGT-0004,272042.48,2022-04-11,2022-05-11,14414.92,Completed,Conventional,True,30,5.298775397136506
TXN-01123,LST-2013,BYR-3761,AGT-0085,2536824.23,2024-05-22,2024-06-06,109294.86,Completed,Cash,True,15,4.308333967623764
TXN-01124,LST-5263,BYR-0408,AGT-0279,553960.8,2020-05-10,2020-06-04,20750.39,Pending,Cash,True,25,3.7458228091229553
TXN-01125,LST-3542,BYR-2177,AGT-0267,548100.59,2022-10-24,2022-11-16,25583.38,Cancelled,Conventional,False,23,4.667643214906957
TXN-01126,LST-5108,BYR-2841,AGT-0283,2787361.78,2022-03-28,2022-05-08,143056.16,Cancelled,Cash,True,41,5.13231404069837
TXN-01127,LST-4269,BYR-3989,AGT-0037,1749371.72,2024-06-27,2024-07-20,103053.89,Pending,Conventional,True,23,5.8909086514786
TXN-01128,LST-4085,BYR-0252,AGT-0256,1090824.24,2022-06-24,2022-07-27,48473.41,Cancelled,Conventional,True,33,4.443741550884495
TXN-01129,LST-4333,BYR-3662,AGT-0107,860889.68,2024-05-25,2024-07-01,25276.43,Unknown,Conventional,True,37,2.936082356103978
TXN-01130,LST-1265,BYR-1573,AGT-0005,2171070.48,2021-10-12,2021-10-31,102671.45,Pending,VA,True,19,4.7290703340040805
TXN-01131,LST-4040,BYR-2262,AGT-0121,726595.7,2022-03-29,2022-04-15,18214.78,Completed,Conventional,True,17,2.5068659228233803
TXN-01132,LST-4452,BYR-2166,AGT-0259,760678.28,2020-07-03,2020-07-22,36947.63,Pending,VA,True,19,4.857195344134184
TXN-01133,LST-0297,BYR-2437,AGT-0213,1932411.31,2023-02-19,2023-03-06,55792.48,Pending,Conventional,False,15,2.8871948591524235
TXN-01134,LST-2407,BYR-1561,AGT-0017,1890130.54,2024-02-29,2024-04-13,66867.82,Pending,Conventional,True,44,3.5377355470908376
TXN-01135,LST-1619,BYR-1350,AGT-0259,979951.08,2023-10-19,2023-11-22,48749.48,Completed,Conventional,True,34,4.974685062850281
TXN-01136,LST-5538,BYR-2508,AGT-0218,2754249.29,2023-05-17,2023-07-01,126504.32,Completed,VA,True,45,4.593059911435976
TXN-01137,LST-3181,BYR-0234,AGT-0025,2524787.43,2021-08-15,2021-09-05,128474.34,Completed,Cash,True,21,5.088521056206304
TXN-01138,LST-4824,BYR-1646,AGT-0173,1066604.84,2023-04-13,2023-05-06,51886.1,Pending,USDA,True,23,4.864603839600052
TXN-01139,LST-1697,BYR-2462,AGT-0034,1627551.76,2022-12-21,2023-01-24,95926.78,Cancelled,Conventional,False,34,5.893931139861261
TXN-01140,LST-0769,BYR-2851,AGT-0238,2069010.56,2022-10-06,2022-11-17,87246.54,Cancelled,FHA,True,42,4.216824296923839
TXN-01141,LST-1634,BYR-1827,AGT-0268,1691764.36,2024-06-15,2024-07-18,97181.09,Cancelled,VA,True,33,5.744363239807226
TXN-01142,LST-4361,BYR-3108,AGT-0088,467809.31,2021-05-17,2021-06-03,11937.49,Cancelled,Cash,False,17,2.5517854700241
TXN-01143,LST-5227,BYR-2081,AGT-0058,2776450.19,2024-03-18,2024-04-18,101646.11,Pending,Jumbo,False,31,3.6610096722102554
TXN-01144,LST-5720,BYR-1578,AGT-0007,1641543.4,2023-04-03,2023-04-24,76037.0,Cancelled,Jumbo,True,21,4.632043234434131
TXN-01145,LST-0124,BYR-0645,AGT-0159,746512.47,2022-04-07,2022-05-13,21898.8,Pending,Conventional,True,36,2.933480803073524
TXN-01146,LST-5508,BYR-3490,AGT-0145,1261779.68,2024-10-16,2024-11-18,67823.99,Completed,Conventional,True,33,5.375264087308809
TXN-01147,LST-1477,BYR-3916,AGT-0294,1865309.89,2022-12-16,2023-01-30,69050.12,Completed,Conventional,True,45,3.701804207986052
TXN-01148,LST-3782,BYR-0304,AGT-0067,271182.79,2020-07-18,2020-08-14,14902.37,Cancelled,Cash,False,27,5.495322914850165
TXN-01149,LST-5297,BYR-0030,AGT-0128,1915387.11,2024-04-14,2024-05-12,85189.67,Cancelled,Jumbo,True,28,4.447647661156078
TXN-01150,LST-5226,BYR-1308,AGT-0274,1311627.93,2021-11-23,2021-12-17,39887.74,Completed,FHA,False,24,3.0410865069029143
TXN-01151,LST-2413,BYR-1103,AGT-0224,658097.19,2021-05-18,2021-06-14,30163.35,Completed,Cash,True,27,4.58341875004815
TXN-01152,LST-4449,BYR-2675,AGT-0058,829749.92,2021-03-06,2021-03-30,31885.98,Completed,VA,False,24,3.842842190331275
TXN-01153,LST-2854,BYR-0839,AGT-0216,883024.01,2020-08-31,2020-09-20,36946.69,Pending,VA,True,20,4.184109331296666
TXN-01154,LST-5642,BYR-3244,AGT-0070,2165831.77,2020-11-26,2020-12-14,67653.61,Cancelled,VA,True,18,3.1236779761523215
TXN-01155,LST-2171,BYR-3275,AGT-0085,1772110.27,2023-08-15,2023-09-08,103888.28,Completed,VA,True,24,5.862404939394658
TXN-01156,LST-3512,BYR-2338,AGT-0078,1609859.12,2023-08-08,2023-09-09,59979.66,Pending,FHA,True,32,3.7257707370070987
TXN-01157,LST-0537,BYR-3445,AGT-0181,1792904.85,2024-11-11,2024-11-29,76073.37,Completed,FHA,False,18,4.243023270309074
TXN-01158,LST-2583,BYR-3102,AGT-0177,845865.24,2021-12-21,2022-01-24,29333.29,Cancelled,Cash,True,34,3.4678443578081066
TXN-01159,LST-0373,BYR-3779,AGT-0101,1175676.31,2022-01-23,2022-03-07,49312.34,Completed,Cash,True,43,4.194380679491619
TXN-01160,LST-1644,BYR-1655,AGT-0223,381877.72,2021-06-25,2021-07-21,16544.13,Completed,Conventional,True,26,4.332310876895359
TXN-01161,LST-3657,BYR-2440,AGT-0204,1873648.74,2020-09-30,2020-10-26,104154.79,Completed,Conventional,False,26,5.55892829730721
TXN-01162,LST-1117,BYR-1576,AGT-0056,1704960.24,2022-01-31,2022-02-19,79474.48,Pending,Conventional,False,19,4.6613685255205715
TXN-01163,LST-4612,BYR-0240,AGT-0072,1971064.81,2021-08-19,2021-09-15,55818.33,Completed,FHA,True,27,2.831887095584645
TXN-01164,LST-1569,BYR-3135,AGT-0017,2520260.16,2022-04-21,2022-05-10,119608.89,Cancelled,Conventional,True,19,4.745894566694258
TXN-01165,LST-1012,BYR-2425,AGT-0107,768160.67,2022-08-04,2022-09-15,26599.29,Cancelled,Jumbo,True,42,3.462724796883964
TXN-01166,LST-5723,BYR-1834,AGT-0205,2125095.0,2022-08-20,2022-09-13,60990.75,Cancelled,Conventional,True,24,2.8700246341928244
TXN-01167,LST-1083,BYR-0993,AGT-0143,1106949.37,2023-09-01,2023-09-28,42599.42,Completed,Cash,True,27,3.8483620980786135
TXN-01168,LST-0707,BYR-1137,AGT-0250,2096221.82,2023-01-22,2023-03-02,77911.8,Pending,Conventional,True,39,3.7167726839137663
TXN-01169,LST-5875,BYR-3821,AGT-0194,1265313.63,2023-02-13,2023-03-28,54739.3,Cancelled,Conventional,True,43,4.326144815179143
TXN-01170,LST-4248,BYR-3579,AGT-0245,1909461.02,2022-10-09,2022-11-03,106144.22,Cancelled,Conventional,True,25,5.558857650835941
TXN-01171,LST-4374,BYR-1526,AGT-0138,1208821.16,2023-06-27,2023-07-19,44057.98,Pending,Cash,True,22,3.6447062194046973
TXN-01172,LST-4291,BYR-1725,AGT-0071,2030245.35,2024-10-13,2024-10-29,65963.59,Cancelled,Cash,True,16,3.2490452447040448
TXN-01173,LST-5231,BYR-1492,AGT-0120,282250.29,2023-09-29,2023-10-23,14475.0,Pending,Jumbo,True,24,5.1284269716782225
TXN-01174,LST-3358,BYR-1956,AGT-0176,412210.13,2024-02-23,2024-03-24,19522.14,Pending,Conventional,True,30,4.735968036496337
TXN-01175,LST-2737,BYR-3770,AGT-0166,1238109.68,2023-05-04,2023-05-23,59710.26,Pending,Cash,True,19,4.8226955143424775
TXN-01176,LST-2257,BYR-0818,AGT-0189,1556080.91,2021-12-06,2022-01-01,74588.63,Pending,Cash,True,26,4.793364504420275
TXN-01177,LST-1482,BYR-3965,AGT-0091,161794.31,2023-11-29,2023-12-28,5868.37,Completed,Conventional,True,29,3.6270558587628945
TXN-01178,LST-3488,BYR-1464,AGT-0107,787353.12,2020-07-11,2020-08-11,24614.91,Cancelled,Cash,True,31,3.126285954134531
TXN-01179,LST-0730,BYR-2346,AGT-0010,138164.26,2020-03-04,2020-04-08,4375.14,Pending,Cash,True,35,3.166622106179992
TXN-01180,LST-1138,BYR-0417,AGT-0153,1507127.77,2023-02-23,2023-03-16,61219.66,Unknown,Jumbo,True,21,4.06200862452425
TXN-01181,LST-2066,BYR-0687,AGT-0128,2027320.06,2024-08-30,2024-10-06,102630.99,Cancelled,Jumbo,False,37,5.062397005039253
TXN-01182,LST-1923,BYR-3281,AGT-0149,1196753.1,2021-04-01,2021-04-22,68871.44,Cancelled,Conventional,False,21,5.754857873357504
TXN-01183,LST-0869,BYR-2337,AGT-0258,132589.61,2024-03-19,2024-04-28,5234.23,Pending,Conventional,True,40,3.947692432310496
TXN-01184,LST-2787,BYR-3008,AGT-0249,2789897.2,2020-10-26,2020-12-06,114786.83,Completed,Conventional,True,41,4.114374895247036
TXN-01185,LST-5866,BYR-3949,AGT-0180,1553273.24,2024-10-24,2024-12-02,61495.31,Cancelled,Cash,True,39,3.9590787001519447
TXN-01186,LST-1296,BYR-2088,AGT-0052,586902.65,2021-04-09,2021-05-03,27904.35,Pending,Conventional,True,24,4.7545108204912685
TXN-01187,LST-0604,BYR-3808,AGT-0173,2469561.21,2023-02-05,2023-03-01,132050.14,Pending,Cash,False,24,5.347109416251319
TXN-01188,LST-1266,BYR-0640,AGT-0280,974386.76,2023-06-28,2023-07-18,30716.24,Completed,Conventional,True,20,3.1523663149938534
TXN-01189,LST-5196,BYR-1510,AGT-0220,2141107.87,2020-11-27,2020-12-12,106566.87,Cancelled,Conventional,True,15,4.977183611024698
TXN-01190,LST-4705,BYR-0733,AGT-0083,575084.59,2022-11-18,2022-12-04,34080.62,Completed,Conventional,True,16,5.926192527607113
TXN-01191,LST-0336,BYR-2103,AGT-0134,683822.31,2022-07-05,2022-08-12,36251.26,Pending,FHA,True,38,5.301268980241373
TXN-01192,LST-1407,BYR-1558,AGT-0110,530198.67,2023-10-25,2023-12-08,20332.24,Completed,Conventional,False,44,3.8348342141258103
TXN-01193,LST-4504,BYR-2985,AGT-0090,2101336.14,2023-08-28,2023-09-23,82606.69,Cancelled,VA,True,26,3.931150682060796
TXN-01194,LST-5011,BYR-2954,AGT-0083,883723.05,2021-05-25,2021-06-13,29072.46,Completed,Conventional,True,19,3.289770477300552
TXN-01195,LST-4236,BYR-1413,AGT-0131,271433.02,2022-02-26,2022-04-02,10617.01,Completed,Cash,True,35,3.911465893132678
TXN-01196,LST-0815,BYR-0490,AGT-0207,1377493.13,2023-02-20,2023-03-16,59213.0,Completed,FHA,True,24,4.298605830433434
TXN-01197,LST-4036,BYR-2417,AGT-0194,1969288.17,2021-09-05,2021-09-21,50467.08,Cancelled,Jumbo,False,16,2.562706706352682
TXN-01198,LST-0775,BYR-1608,AGT-0230,1073776.49,2020-12-13,2021-01-02,63197.2,Completed,Cash,False,20,5.88550788628274
TXN-01199,LST-3573,BYR-3720,AGT-0105,777254.51,2023-08-05,2023-09-15,22308.65,Cancelled,Conventional,False,41,2.8701859832244656
TXN-01200,LST-1463,BYR-3518,AGT-0122,1078925.12,2021-08-30,2021-09-16,30457.3,Pending,Conventional,True,17,2.822929917509011
TXN-01201,LST-2923,BYR-2789,AGT-0230,2044618.47,2024-03-16,2024-04-05,97330.46,Pending,Jumbo,True,20,4.760323817284112
TXN-01202,LST-3303,BYR-1570,AGT-0222,638773.99,2020-10-10,2020-11-07,22453.0,Pending,Cash,True,28,3.515014755062272
TXN-01203,LST-4631,BYR-1532,AGT-0293,1464917.56,2021-11-08,2021-11-25,47507.59,Cancelled,Conventional,False,17,3.2430214025149646
TXN-01204,LST-4353,BYR-0583,AGT-0070,2020927.49,2021-05-05,2021-06-05,77619.46,Completed,Conventional,False,31,3.8407840154621287
TXN-01205,LST-4772,BYR-3311,AGT-0071,460575.44,2023-06-13,2023-07-06,16700.73,Pending,Cash,False,23,3.626057438060527
TXN-01206,LST-4666,BYR-2707,AGT-0175,2032810.46,2022-09-11,2022-10-11,92191.57,Completed,Conventional,True,30,4.535177864049362
TXN-01207,LST-0437,BYR-3928,AGT-0002,1225861.97,2022-12-05,2023-01-05,48650.39,Pending,Conventional,True,31,3.9686678590738893
TXN-01208,LST-5236,BYR-3347,AGT-0026,1582151.36,2023-07-05,2023-07-27,87137.16,Completed,Conventional,False,22,5.507510988076387
TXN-01209,LST-3250,BYR-1148,AGT-0239,240903.78,2021-12-12,2022-01-24,11907.54,Cancelled,FHA,False,43,4.942861419609108
TXN-01210,LST-3059,BYR-2229,AGT-0154,1391503.3,2023-01-06,2023-02-12,49075.68,Completed,Jumbo,True,37,3.526810177165947
TXN-01211,LST-5864,BYR-1906,AGT-0002,2485209.68,2021-01-28,2021-02-17,93572.62,Cancelled,VA,True,20,3.7651800873397527
TXN-01212,LST-0869,BYR-3116,AGT-0100,132344.54,2024-04-16,2024-05-21,4216.63,Completed,Conventional,True,35,3.1861004617190853
TXN-01213,LST-3484,BYR-2380,AGT-0122,376318.52,2022-07-10,2022-08-18,12614.56,Completed,Cash,True,39,3.3520965165360446
TXN-01214,LST-5092,BYR-0729,AGT-0166,1032694.99,2020-05-02,2020-06-03,32576.35,Cancelled,FHA,True,32,3.1544986966577615
TXN-01215,LST-1290,BYR-3994,AGT-0073,697103.1,2020-08-21,2020-10-01,19256.18,Cancelled,Cash,True,41,2.7623144983862504
TXN-01216,LST-1703,BYR-2973,AGT-0118,1921875.07,2022-02-01,2022-03-15,110733.75,Pending,Cash,True,42,5.7617558877018995
TXN-01217,LST-3876,BYR-3567,AGT-0183,175029.76,2024-06-07,2024-07-09,4477.89,Completed,Conventional,True,32,2.5583592184551933
TXN-01218,LST-3576,BYR-1264,AGT-0082,1290647.26,2020-08-18,2020-09-18,72431.38,Cancelled,Conventional,False,31,5.6120198170954945
TXN-01219,LST-4212,BYR-3873,AGT-0159,1981240.93,2021-10-20,2021-11-05,67144.51,Completed,Cash,True,16,3.3890128647806605
TXN-01220,LST-4706,BYR-1792,AGT-0008,1493873.32,2020-09-04,2020-10-18,74626.64,Pending,Conventional,True,44,4.995513274177759
TXN-01221,LST-1983,BYR-1276,AGT-0273,1986009.63,2022-07-15,2022-07-31,116104.99,Cancelled,Cash,True,16,5.846144361344311
TXN-01222,LST-3939,BYR-2596,AGT-0072,134003.42,2024-05-04,2024-06-03,3774.56,Cancelled,Cash,True,30,2.8167639303534187
TXN-01223,LST-4335,BYR-2168,AGT-0149,2015905.39,2020-09-05,2020-10-13,88330.56,Cancelled,VA,True,38,4.381681820891406
TXN-01224,LST-0425,BYR-2081,AGT-0116,1753914.4,2021-01-21,2021-03-07,81337.34,Completed,Cash,True,45,4.637474896152287
TXN-01225,LST-4795,BYR-2788,AGT-0273,2246928.56,2023-12-02,2024-01-09,114610.46,Completed,VA,True,38,5.1007611919802205
TXN-01226,LST-1120,BYR-3700,AGT-0132,749019.79,2023-06-24,2023-07-10,23541.01,Completed,Conventional,True,16,3.1429089477061742
TXN-01227,LST-4303,BYR-0178,AGT-0254,1965279.59,2023-11-05,2023-12-20,102806.6,Cancelled,Cash,True,45,5.231143727493756
TXN-01228,LST-1567,BYR-1457,AGT-0060,2193221.42,2024-02-23,2024-03-19,56838.24,Pending,FHA,False,25,2.591541350166095
TXN-01229,LST-1045,BYR-0187,AGT-0113,604753.82,2024-03-07,2024-04-12,25830.86,Completed,Conventional,True,36,4.271301667842297
TXN-01230,LST-1703,BYR-2182,AGT-0109,1838842.63,2022-06-04,2022-06-30,59562.14,Pending,VA,False,26,3.2391102440343142
TXN-01231,LST-4319,BYR-3085,AGT-0056,1684844.05,2024-03-08,2024-04-16,84407.92,Unknown,Cash,True,39,5.009835776788956
TXN-01232,LST-4699,BYR-3620,AGT-0055,2039351.93,2023-03-10,2023-04-09,71270.79,Pending,Conventional,True,30,3.4947764018346748
TXN-01233,LST-0735,BYR-2398,AGT-0168,1178658.28,2023-09-13,2023-10-15,68117.25,Completed,Cash,True,32,5.779219571596273
TXN-01234,LST-2476,BYR-0969,AGT-0248,2507489.33,2023-10-27,2023-11-24,116221.12,Pending,Conventional,False,28,4.634959702899314
TXN-01235,LST-5722,BYR-2530,AGT-0200,2131149.35,2023-09-20,2023-11-01,80855.67,Completed,Conventional,True,42,3.7939936025600454
TXN-01236,LST-4065,BYR-2603,AGT-0160,552979.58,2024-04-22,2024-05-10,17559.28,Cancelled,Conventional,False,18,3.175393926842651
TXN-01237,LST-2548,BYR-1176,AGT-0259,972292.05,2021-11-05,2021-12-03,51711.49,Pending,Conventional,True,28,5.318514123405616
TXN-01238,LST-2983,BYR-0253,AGT-0064,1910769.23,2020-09-17,2020-10-07,83532.52,Cancelled,Cash,False,20,4.371669728007919
TXN-01239,LST-5666,BYR-1199,AGT-0073,2013826.02,2023-07-02,2023-07-30,101487.08,Cancelled,Conventional,True,28,5.0395157770381775
TXN-01240,LST-1706,BYR-1001,AGT-0263,2057046.62,2024-08-09,2024-09-07,114921.65,Pending,FHA,True,29,5.586730455336009
TXN-01241,LST-5870,BYR-0176,AGT-0178,446897.25,2021-04-16,2021-05-10,22270.7,Unknown,FHA,False,24,4.983405022071628
TXN-01242,LST-0812,BYR-0083,AGT-0106,1332429.05,2023-07-23,2023-08-13,39302.83,Completed,Conventional,False,21,2.949712782080217
TXN-01243,LST-4579,BYR-1500,AGT-0226,1006863.82,2020-07-02,2020-08-07,27557.87,Cancelled,Jumbo,False,36,2.7370007197199717
TXN-01244,LST-3273,BYR-3204,AGT-0016,348563.36,2021-01-15,2021-02-09,15689.43,Pending,VA,True,25,4.501170174627649
TXN-01245,LST-3288,BYR-0179,AGT-0142,422046.8,2021-01-30,2021-02-25,21637.8,Cancelled,FHA,True,26,5.126872185738643
TXN-01246,LST-4137,BYR-3661,AGT-0007,1577455.58,2020-12-29,2021-02-10,79041.01,Completed,Conventional,False,43,5.010664706007125
TXN-01247,LST-3833,BYR-2931,AGT-0254,1291984.74,2020-10-28,2020-12-05,41276.1,Cancelled,Cash,True,38,3.1947823160821542
TXN-01248,LST-5015,BYR-2480,AGT-0062,735870.89,2021-09-13,2021-10-12,41937.54,Completed,Conventional,True,29,5.699035057630829
TXN-01249,LST-0038,BYR-3487,AGT-0021,474026.37,2022-03-18,2022-04-16,12360.44,Pending,Conventional,True,29,2.607542698521182
TXN-01250,LST-0998,BYR-1670,AGT-0006,1309055.44,2023-06-02,2023-07-15,45676.93,Completed,Conventional,True,43,3.489304471321704
TXN-01251,LST-5481,BYR-3550,AGT-0013,310301.77,2024-11-24,2024-12-15,9639.54,Cancelled,Conventional,True,21,3.106504999955366
TXN-01252,LST-0036,BYR-2586,AGT-0030,1910648.72,2021-10-07,2021-11-12,101103.49,Completed,Conventional,True,36,5.29157918678008
TXN-01253,LST-5654,BYR-2916,AGT-0155,1221413.17,2021-06-14,2021-07-15,52364.7,Cancelled,Cash,True,31,4.287222480170244
TXN-01254,LST-0375,BYR-3403,AGT-0110,271140.32,2021-09-02,2021-09-26,14300.14,Completed,Cash,True,24,5.27407358669489
TXN-01255,LST-4399,BYR-3530,AGT-0283,1691100.26,2023-01-06,2023-01-28,95506.3,Completed,Cash,False,22,5.647583544218721
TXN-01256,LST-2151,BYR-2857,AGT-0107,2065811.02,2021-10-30,2021-12-07,62134.81,Unknown,Cash,True,38,3.00776834852977
TXN-01258,LST-2337,BYR-3756,AGT-0080,1027579.29,2020-11-17,2020-12-06,54405.45,Cancelled,Conventional,True,19,5.2945257392254375
TXN-01259,LST-4793,BYR-3256,AGT-0089,1109701.75,2022-05-16,2022-06-10,28165.55,Cancelled,Conventional,True,25,2.5381189134828346
TXN-01260,LST-0323,BYR-2551,AGT-0132,568587.76,2021-11-01,2021-11-16,14812.93,Completed,FHA,True,15,2.6052143647974413
TXN-01261,LST-0735,BYR-1412,AGT-0220,1150105.19,2023-08-06,2023-09-12,37483.77,Cancelled,FHA,False,37,3.259160146907954
TXN-01262,LST-3302,BYR-0576,AGT-0262,2101228.47,2021-05-06,2021-06-10,85783.48,Pending,Conventional,True,35,4.082539391825392
TXN-01264,LST-3748,BYR-0681,AGT-0134,201985.86,2021-10-14,2021-11-13,5425.91,Pending,Conventional,True,30,2.6862820991528813
TXN-01265,LST-0582,BYR-1813,AGT-0079,1576668.94,2020-12-15,2021-01-04,58272.79,Completed,VA,True,20,3.695943296758291
TXN-01266,LST-0923,BYR-2105,AGT-0017,294350.18,2024-01-11,2024-01-31,8176.46,Cancelled,FHA,True,20,2.777800237798394
TXN-01267,LST-2303,BYR-3262,AGT-0055,1902179.69,2024-03-10,2024-03-29,87102.84,Pending,Cash,True,19,4.579106824550314
TXN-01268,LST-3174,BYR-0119,AGT-0216,1154939.24,2020-05-28,2020-06-30,36132.51,Completed,Conventional,False,33,3.1285204232908392
TXN-01269,LST-1093,BYR-1699,AGT-0096,364648.37,2023-11-14,2023-12-15,21677.94,Pending,Cash,True,31,5.9448887705160995
TXN-01270,LST-2683,BYR-2519,AGT-0288,2426384.02,2022-12-07,2022-12-28,144509.99,Completed,Conventional,True,21,5.955775706106076
TXN-01271,LST-1251,BYR-1747,AGT-0121,704896.32,2020-08-06,2020-09-02,20592.02,Cancelled,Conventional,True,27,2.9212835158509556
TXN-01272,LST-5760,BYR-1713,AGT-0028,2484231.47,2024-04-24,2024-05-23,144360.52,Cancelled,FHA,False,29,5.811073635581952
TXN-01273,LST-2940,BYR-1891,AGT-0031,1745915.48,2024-06-18,2024-07-24,69492.33,Pending,Jumbo,True,36,3.9802803054360916
TXN-01274,LST-0404,BYR-0968,AGT-0205,2512483.78,2022-12-01,2022-12-25,87489.4,Completed,VA,False,24,3.482187654162687
TXN-01275,LST-4187,BYR-0239,AGT-0179,1675597.93,2024-09-25,2024-10-17,59040.77,Completed,Cash,True,22,3.5235642717701374
TXN-01276,LST-5295,BYR-1411,AGT-0242,1389150.93,2020-06-19,2020-07-13,82746.73,Completed,FHA,True,24,5.956640722977452
TXN-01278,LST-0725,BYR-1575,AGT-0290,1969360.23,2023-01-07,2023-02-14,114167.0,Cancelled,FHA,True,38,5.797161852913015
TXN-01279,LST-0164,BYR-1475,AGT-0127,209428.8,2021-02-11,2021-03-12,12136.85,Pending,VA,True,29,5.795215366749941
TXN-01280,LST-3385,BYR-3718,AGT-0207,1701220.48,2023-03-26,2023-05-04,76401.97,Completed,Cash,False,39,4.491009301745533
TXN-01281,LST-3280,BYR-1034,AGT-0205,591705.28,2021-10-16,2021-11-18,23468.0,Pending,Conventional,False,33,3.966163695547892
TXN-01282,LST-3444,BYR-3319,AGT-0212,2892679.73,2021-09-07,2021-10-07,139079.35,Completed,Conventional,True,30,4.8079760976511565
TXN-01283,LST-2556,BYR-0602,AGT-0012,1628569.58,2021-06-08,2021-07-01,42292.8,Cancelled,FHA,True,23,2.5969292635319885
TXN-01284,LST-4989,BYR-3464,AGT-0121,1166717.64,2021-04-28,2021-05-25,51815.08,Pending,Conventional,True,27,4.4410985334892175
TXN-01285,LST-1397,BYR-0208,AGT-0247,495624.0,2022-02-06,2022-03-05,19197.74,Pending,Cash,True,27,3.8734484205768895
TXN-01287,LST-5587,BYR-2529,AGT-0199,877586.37,2022-06-02,2022-07-15,50243.52,Pending,FHA,True,43,5.725193749305838
TXN-01288,LST-2020,BYR-0784,AGT-0223,1369477.64,2024-05-27,2024-06-29,55077.04,Cancelled,Conventional,True,33,4.021755331470764
TXN-01289,LST-5004,BYR-1013,AGT-0198,868117.96,2021-04-17,2021-05-10,38606.12,Completed,Conventional,False,23,4.447105321954173
TXN-01290,LST-4570,BYR-2613,AGT-0252,1155913.68,2020-04-12,2020-05-20,67655.25,Cancelled,Conventional,True,38,5.852967325380214
TXN-01291,LST-3664,BYR-1738,AGT-0007,1036395.04,2020-10-23,2020-11-18,54241.0,Pending,FHA,False,26,5.233622113822544
TXN-01292,LST-2163,BYR-0442,AGT-0152,140384.51,2024-10-13,2024-11-06,4682.63,Cancelled,Jumbo,True,24,3.3355745587600794
TXN-01293,LST-5878,BYR-1119,AGT-0070,314144.96,2022-05-16,2022-06-13,10068.48,Cancelled,FHA,True,28,3.205042665653461
TXN-01294,LST-2630,BYR-2640,AGT-0189,2256610.88,2023-04-24,2023-05-21,117188.32,Cancelled,Conventional,True,27,5.193111539017308
TXN-01295,LST-1671,BYR-3513,AGT-0096,1644265.11,2022-01-30,2022-02-16,47033.63,Pending,Cash,True,17,2.8604651229265574
TXN-01296,LST-0925,BYR-2409,AGT-0110,1949979.17,2021-06-17,2021-07-09,85952.42,Cancelled,Cash,False,22,4.407863495280311
TXN-01297,LST-3013,BYR-3860,AGT-0103,264362.96,2021-10-02,2021-11-03,12146.94,Completed,FHA,True,32,4.594796487374782
TXN-01298,LST-3180,BYR-3532,AGT-0160,184559.62,2022-03-24,2022-04-25,8459.39,Pending,Conventional,False,32,4.583554084040702
TXN-01299,LST-0396,BYR-3472,AGT-0021,1614860.39,2020-03-15,2020-04-14,68041.33,Completed,FHA,False,30,4.2134496840312
TXN-01300,LST-0258,BYR-2585,AGT-0228,1185274.7,2021-11-06,2021-12-16,49320.83,Pending,VA,False,40,4.16113074884666
TXN-01301,LST-4640,BYR-2892,AGT-0269,994773.12,2022-08-30,2022-09-28,27740.3,Unknown,FHA,True,29,2.7886057073998947
TXN-01302,LST-0481,BYR-3133,AGT-0123,273477.93,2024-05-19,2024-06-06,6981.95,Pending,Conventional,True,18,2.5530213717794337
TXN-01303,LST-4910,BYR-0879,AGT-0024,511668.93,2022-11-08,2022-11-26,13928.89,Completed,USDA,True,18,2.7222465901926074
TXN-01304,LST-5070,BYR-3423,AGT-0156,2739315.2,2024-03-31,2024-04-30,145913.68,Unknown,Conventional,True,30,5.326648061530122
TXN-01305,LST-4131,BYR-2815,AGT-0295,617541.64,2022-07-23,2022-08-15,32019.18,Completed,Jumbo,True,23,5.184942670424621
TXN-01306,LST-5954,BYR-0749,AGT-0291,1511411.95,2022-11-25,2022-12-14,44728.11,Cancelled,Conventional,True,19,2.9593592931430774
TXN-01307,LST-1821,BYR-3844,AGT-0202,749468.67,2021-08-21,2021-10-01,27901.84,Completed,VA,True,41,3.7228827724046156
TXN-01308,LST-2822,BYR-1128,AGT-0169,1313774.0,2024-06-25,2024-07-10,33744.58,Completed,Cash,True,15,2.5685224399325914
TXN-01309,LST-2565,BYR-2336,AGT-0125,2488359.12,2020-08-06,2020-08-23,93535.89,Pending,FHA,False,17,3.7589385409932308
TXN-01310,LST-2304,BYR-0937,AGT-0034,2653913.3,2021-08-26,2021-09-27,119956.08,Completed,Cash,False,32,4.519969812126116
TXN-01311,LST-1889,BYR-2587,AGT-0028,849788.08,2021-09-30,2021-11-05,27072.8,Pending,USDA,True,36,3.1858295776518775
TXN-01312,LST-2042,BYR-0947,AGT-0141,2673570.29,2022-06-27,2022-07-23,103802.1,Cancelled,Conventional,True,26,3.882527434878101
TXN-01313,LST-4757,BYR-0171,AGT-0189,266418.63,2024-04-06,2024-04-25,10861.15,Cancelled,VA,True,19,4.07672316309111
TXN-01314,LST-1350,BYR-0156,AGT-0004,1701312.66,2024-06-12,2024-07-14,101924.1,Completed,Conventional,False,32,5.990909395807353
TXN-01315,LST-2606,BYR-2629,AGT-0084,2383105.25,2024-08-01,2024-08-22,129783.57,Cancelled,FHA,True,21,5.445985652543043
TXN-01316,LST-3268,BYR-3332,AGT-0123,309156.3,2022-07-01,2022-08-14,13339.24,Pending,Conventional,False,44,4.31472365272841
TXN-01317,LST-2722,BYR-1255,AGT-0033,373821.87,2022-10-17,2022-11-16,18491.72,Cancelled,FHA,True,30,4.946666175523653
TXN-01318,LST-5776,BYR-3578,AGT-0117,1489925.49,2024-05-04,2024-05-28,49227.4,Completed,Conventional,True,24,3.3040175720465053
TXN-01319,LST-4729,BYR-0926,AGT-0112,175165.38,2021-12-01,2022-01-06,9507.67,Cancelled,Conventional,True,36,5.427824836163402
TXN-01320,LST-2032,BYR-1707,AGT-0188,543979.17,2020-12-16,2021-01-26,16789.45,Pending,Jumbo,False,41,3.086414136041275
TXN-01321,LST-4757,BYR-0026,AGT-0183,251291.08,2024-04-03,2024-04-27,13938.93,Completed,Conventional,True,24,5.546925899637982
TXN-01322,LST-4477,BYR-3406,AGT-0055,186840.58,2022-11-12,2022-12-06,8985.38,Pending,Conventional,True,24,4.809115878360044
TXN-01323,LST-4721,BYR-3348,AGT-0055,1897138.35,2021-07-31,2021-08-31,99240.08,Completed,Conventional,True,31,5.231040740913808
TXN-01324,LST-3362,BYR-3881,AGT-0067,677590.74,2023-01-06,2023-02-17,37420.72,Cancelled,FHA,False,42,5.522613842095894
TXN-01325,LST-2191,BYR-3947,AGT-0122,1345244.03,2024-07-12,2024-08-23,34597.32,Unknown,FHA,True,42,2.571824830919339
TXN-01326,LST-1468,BYR-3150,AGT-0143,1719648.02,2024-02-19,2024-03-13,88664.43,Pending,Conventional,True,23,5.155963834971298
TXN-01327,LST-3253,BYR-3691,AGT-0272,217906.66,2021-12-11,2022-01-08,7848.42,Completed,Conventional,True,28,3.6017347978258214
TXN-01328,LST-5716,BYR-2104,AGT-0068,1630310.43,2023-02-05,2023-02-23,85660.93,Pending,Conventional,True,18,5.254271114489526
TXN-01329,LST-0292,BYR-1592,AGT-0195,414141.05,2024-02-27,2024-03-26,20156.63,Cancelled,Conventional,True,28,4.867092986797615
TXN-01330,LST-2989,BYR-2829,AGT-0221,436433.82,2022-07-12,2022-08-01,23269.69,Cancelled,Conventional,True,20,5.331779741542486
TXN-01331,LST-2986,BYR-3704,AGT-0089,1834665.82,2024-05-28,2024-06-16,102330.87,Completed,Conventional,True,19,5.577629935897535
TXN-01332,LST-5580,BYR-1564,AGT-0245,1206410.84,2021-10-15,2021-11-28,47811.03,Completed,Conventional,True,44,3.9630802720572365
TXN-01333,LST-2167,BYR-3854,AGT-0072,815305.43,2023-12-24,2024-02-04,36404.01,Cancelled,Conventional,True,42,4.4650763579484565
TXN-01334,LST-0885,BYR-2219,AGT-0119,364353.74,2021-10-31,2021-11-24,17726.85,Unknown,Cash,True,24,4.865285587572121
TXN-01335,LST-2942,BYR-3914,AGT-0254,1872020.8,2021-01-13,2021-02-21,76819.7,Pending,Cash,True,39,4.103570857759699
TXN-01336,LST-1765,BYR-1539,AGT-0294,2034394.84,2024-11-04,2024-12-02,111936.15,Completed,Cash,True,28,5.502184128622741
TXN-01337,LST-1058,BYR-2273,AGT-0114,659459.58,2024-08-15,2024-09-12,17693.62,Pending,Cash,True,28,2.6830484440001614
TXN-01338,LST-0303,BYR-2540,AGT-0142,1405439.38,2020-07-09,2020-07-29,74543.92,Completed,Cash,True,20,5.303958396270354
TXN-01339,LST-3479,BYR-0729,AGT-0107,538588.22,2022-10-03,2022-10-22,19163.55,Pending,FHA,True,19,3.5581078992035886
TXN-01340,LST-0590,BYR-0519,AGT-0166,708497.02,2022-10-12,2022-11-26,32078.25,Completed,VA,False,45,4.527647836825058
TXN-01341,LST-2292,BYR-3052,AGT-0205,2853303.5,2022-09-02,2022-10-14,116426.28,Cancelled,USDA,False,42,4.080402943465355
TXN-01342,LST-0298,BYR-1861,AGT-0060,1188475.32,2022-12-14,2023-01-05,31314.38,Completed,Conventional,True,22,2.6348363716968053
TXN-01343,LST-5780,BYR-0141,AGT-0290,1764801.31,2022-10-26,2022-11-27,62416.45,Cancelled,FHA,True,32,3.536740915043858
TXN-01344,LST-5233,BYR-0855,AGT-0081,1853912.19,2021-04-18,2021-05-19,47036.85,Pending,Conventional,False,31,2.5371670920401037
TXN-01345,LST-2657,BYR-1882,AGT-0081,624796.38,2024-04-24,2024-05-30,28543.82,Pending,Cash,False,36,4.568499580615367
TXN-01346,LST-0460,BYR-1437,AGT-0068,1907647.87,2024-07-04,2024-07-29,74763.84,Pending,Conventional,True,25,3.919163550870633
TXN-01347,LST-2806,BYR-2773,AGT-0247,1741594.19,2022-01-17,2022-02-26,72751.92,Cancelled,Cash,True,40,4.17731756443216
TXN-01348,LST-4085,BYR-1684,AGT-0039,1052396.19,2022-10-17,2022-11-16,52885.71,Completed,FHA,True,30,5.025266197514455
TXN-01349,LST-1051,BYR-2221,AGT-0035,2555088.94,2021-12-24,2022-02-07,85187.16,Pending,FHA,False,45,3.3340193629424113
TXN-01350,LST-1911,BYR-1723,AGT-0207,782127.86,2022-08-18,2022-09-21,34597.66,Pending,Jumbo,True,34,4.423529932816868
TXN-01351,LST-0395,BYR-0043,AGT-0159,1716444.67,2024-06-05,2024-07-08,46319.73,Completed,VA,True,33,2.698585675936761
TXN-01352,LST-0187,BYR-1989,AGT-0214,434837.69,2023-09-06,2023-10-13,21977.06,Completed,Cash,True,37,5.054083513321948
TXN-01353,LST-5854,BYR-2326,AGT-0181,322331.19,2023-10-01,2023-10-20,16483.78,Completed,FHA,True,19,5.113926455581291
TXN-01354,LST-5723,BYR-3292,AGT-0175,1874692.74,2022-06-24,2022-07-22,50447.65,Cancelled,Cash,True,28,2.6909823099864356
TXN-01355,LST-2117,BYR-0996,AGT-0079,2674733.64,2023-07-25,2023-09-02,89435.04,Cancelled,Cash,True,39,3.3436989262227987
TXN-01356,LST-2815,BYR-1886,AGT-0217,766719.7,2021-01-02,2021-01-21,23793.58,Cancelled,Cash,False,19,3.103295767671028
TXN-01357,LST-1921,BYR-2135,AGT-0024,137408.87,2021-02-27,2021-03-29,3869.17,Completed,Conventional,True,30,2.8158080333533055
TXN-01358,LST-3441,BYR-0813,AGT-0073,228477.77,2024-07-04,2024-08-06,10404.59,Cancelled,Cash,True,33,4.553874103375572
TXN-01359,LST-4579,BYR-2555,AGT-0097,1123981.82,2020-01-18,2020-02-29,46493.99,Pending,Cash,False,42,4.136542884652707
TXN-01360,LST-2755,BYR-0437,AGT-0100,238368.89,2024-03-14,2024-04-25,10863.74,Cancelled,Conventional,True,42,4.557532654533903
TXN-01361,LST-5156,BYR-2903,AGT-0242,626797.51,2024-04-05,2024-05-13,33048.6,Unknown,Cash,True,38,5.272611883860227
TXN-01362,LST-4393,BYR-3517,AGT-0132,2203612.84,2023-01-09,2023-02-23,60702.61,Cancelled,Conventional,True,45,2.7546858004330743
TXN-01363,LST-3006,BYR-0911,AGT-0198,2760938.36,2022-11-23,2022-12-08,151528.49,Completed,Conventional,True,15,5.488296739808418
TXN-01364,LST-0635,BYR-0940,AGT-0034,382885.11,2021-05-21,2021-06-26,18477.53,Pending,Cash,True,36,4.825867999933452
TXN-01365,LST-1991,BYR-1469,AGT-0232,1833291.39,2023-04-10,2023-05-12,77728.73,Completed,Jumbo,True,32,4.2398459090564975
TXN-01366,LST-4323,BYR-3938,AGT-0061,1423924.93,2024-04-07,2024-04-29,64101.44,Pending,Cash,True,22,4.501742939496115
TXN-01368,LST-0128,BYR-2002,AGT-0155,2812188.83,2021-10-10,2021-10-29,73290.45,Completed,Cash,True,19,2.6061710087938867
TXN-01369,LST-3698,BYR-0440,AGT-0129,1553284.72,2022-02-17,2022-03-20,63689.2,Pending,FHA,True,31,4.10029141341196
TXN-01370,LST-1874,BYR-3890,AGT-0194,1134763.92,2021-03-04,2021-04-02,38872.98,Pending,Conventional,False,29,3.4256446926863875
TXN-01371,LST-1754,BYR-0922,AGT-0019,1741354.29,2022-07-28,2022-09-05,97520.47,Cancelled,Cash,False,39,5.60026587122601
TXN-01372,LST-3148,BYR-3414,AGT-0057,1290347.49,2022-08-17,2022-09-28,65536.39,Completed,Jumbo,True,42,5.078972176711872
TXN-01373,LST-1705,BYR-1163,AGT-0243,1867128.23,2020-11-05,2020-11-30,56431.72,Completed,VA,True,25,3.022380524984082
TXN-01374,LST-1918,BYR-1280,AGT-0254,914633.13,2023-08-31,2023-10-14,50491.5,Cancelled,Conventional,True,44,5.520410134279741
TXN-01375,LST-0614,BYR-2577,AGT-0112,2211429.91,2021-08-06,2021-09-15,95541.94,Completed,Conventional,True,40,4.320369348717003
TXN-01376,LST-3983,BYR-0315,AGT-0122,1667310.87,2022-09-01,2022-10-08,51213.57,Completed,Cash,True,37,3.0716269486085697
TXN-01377,LST-5172,BYR-1680,AGT-0229,127921.72,2023-04-06,2023-04-28,4767.67,Pending,Conventional,False,22,3.7270214940824746
TXN-01378,LST-2033,BYR-0927,AGT-0201,1391879.51,2023-06-27,2023-07-28,44056.44,Pending,Conventional,True,31,3.1652481183518537
TXN-01379,LST-1111,BYR-0895,AGT-0008,1194111.79,2022-04-03,2022-05-08,38645.37,Completed,Conventional,True,35,3.2363276473469877
TXN-01380,LST-0685,BYR-0730,AGT-0066,1235322.76,2023-12-12,2023-12-31,68995.54,Cancelled,VA,False,19,5.5852237353742265
TXN-01381,LST-0931,BYR-3272,AGT-0092,1699980.58,2021-06-18,2021-08-02,62309.45,Completed,Conventional,True,45,3.665303635409764
TXN-01382,LST-1619,BYR-2131,AGT-0081,953320.22,2023-08-04,2023-09-17,34545.74,Completed,FHA,True,44,3.623728866256503
TXN-01383,LST-1577,BYR-1637,AGT-0107,1863575.88,2021-04-10,2021-05-15,88910.58,Completed,Cash,True,35,4.770966449726748
TXN-01384,LST-0069,BYR-1917,AGT-0083,494278.22,2020-02-18,2020-03-12,15810.15,Cancelled,VA,True,23,3.1986337573199157
TXN-01385,LST-0086,BYR-0748,AGT-0088,903685.7,2024-06-01,2024-07-13,47974.86,Cancelled,VA,True,42,5.308799287185799
TXN-01386,LST-5582,BYR-3043,AGT-0053,217261.74,2023-09-08,2023-10-15,7024.98,Cancelled,Jumbo,True,37,3.2334179041371938
TXN-01387,LST-2303,BYR-2938,AGT-0172,1890264.04,2023-12-28,2024-01-14,78012.08,Pending,USDA,True,17,4.127046716711598
TXN-01388,LST-2623,BYR-3349,AGT-0116,247637.64,2022-12-15,2023-01-03,11846.78,Completed,Jumbo,False,19,4.783917339868043
TXN-01389,LST-3921,BYR-2781,AGT-0258,517639.31,2021-10-27,2021-11-16,30212.78,Cancelled,Conventional,True,20,5.836647143355476
TXN-01390,LST-1239,BYR-0866,AGT-0260,721472.04,2021-08-19,2021-09-04,41450.83,Cancelled,Conventional,False,16,5.745313428916802
TXN-01391,LST-2583,BYR-2903,AGT-0112,792278.51,2022-01-27,2022-02-12,43930.8,Cancelled,FHA,True,16,5.544868306474702
TXN-01392,LST-5713,BYR-1893,AGT-0271,2909240.19,2021-05-09,2021-05-31,103085.74,Cancelled,Jumbo,True,22,3.543390482310091
TXN-01393,LST-5209,BYR-3711,AGT-0259,416673.86,2021-02-12,2021-03-04,23589.38,Pending,Jumbo,True,20,5.6613534623938255
TXN-01394,LST-3100,BYR-0311,AGT-0222,1212594.59,2024-04-17,2024-05-11,61584.17,Completed,Conventional,True,24,5.078710601867355
TXN-01396,LST-2021,BYR-2690,AGT-0107,1336269.42,2022-05-10,2022-06-08,63814.74,Pending,Cash,True,29,4.775589341855927
TXN-01397,LST-4881,BYR-0077,AGT-0040,1795939.27,2021-10-23,2021-11-12,73464.73,Pending,Conventional,True,20,4.090602128211161
TXN-01398,LST-3710,BYR-2210,AGT-0174,574342.79,2023-02-01,2023-03-10,21583.01,Completed,Conventional,True,37,3.757862094864984
TXN-01399,LST-4927,BYR-3802,AGT-0088,2566321.65,2024-05-20,2024-07-01,109061.54,Cancelled,Conventional,True,42,4.249722165574997
TXN-01400,LST-0896,BYR-2586,AGT-0023,137764.98,2022-12-22,2023-01-13,3896.47,Completed,FHA,True,22,2.8283457813444315
TXN-01401,LST-5411,BYR-3359,AGT-0295,1140221.28,2020-07-03,2020-07-20,41631.65,Cancelled,Cash,False,17,3.651190407532124
TXN-01402,LST-2164,BYR-2662,AGT-0046,1733363.44,2020-04-28,2020-05-28,66184.51,Cancelled,Conventional,False,30,3.818270794958038
TXN-01403,LST-0434,BYR-2379,AGT-0027,66411.86,2022-01-14,2022-02-26,2871.99,Completed,FHA,True,43,4.324513723904134
TXN-01404,LST-4865,BYR-1027,AGT-0140,2345227.76,2020-11-28,2020-12-29,110183.62,Pending,VA,False,31,4.698205516721328
TXN-01405,LST-0742,BYR-2059,AGT-0151,364916.21,2020-09-01,2020-10-12,18353.25,Completed,Conventional,False,41,5.0294422382606685
TXN-01406,LST-5695,BYR-3594,AGT-0123,2044808.56,2020-04-05,2020-05-03,58880.37,Pending,Conventional,True,28,2.879505257939648
TXN-01407,LST-0661,BYR-0895,AGT-0202,1994238.74,2021-05-14,2021-06-19,115737.87,Unknown,FHA,False,36,5.803611557561057
TXN-01408,LST-4163,BYR-0396,AGT-0030,281014.41,2022-01-05,2022-02-01,15450.78,Pending,Conventional,False,27,5.498216265849144
TXN-01409,LST-0621,BYR-3522,AGT-0042,1820477.24,2020-04-09,2020-05-19,83649.67,Cancelled,Conventional,True,40,4.5949308325326825
TXN-01410,LST-0647,BYR-1012,AGT-0175,2702487.46,2022-08-29,2022-09-17,146181.66,Unknown,Conventional,False,19,5.40915220379968
TXN-01411,LST-1831,BYR-0043,AGT-0137,2234686.36,2023-01-19,2023-02-08,80938.74,Pending,Jumbo,True,20,3.6219284034113857
TXN-01412,LST-0275,BYR-0786,AGT-0239,159635.7,2023-03-08,2023-03-23,7412.93,Pending,FHA,False,15,4.643654270316727
TXN-01413,LST-4247,BYR-1695,AGT-0109,705092.01,2021-01-19,2021-03-04,41732.85,Pending,Conventional,True,44,5.918780727638652
TXN-01414,LST-1165,BYR-1427,AGT-0150,1378724.68,2024-06-14,2024-07-12,58159.05,Pending,Conventional,True,28,4.218322254157371
TXN-01415,LST-4971,BYR-1845,AGT-0112,1147837.87,2023-12-06,2024-01-07,67269.92,Cancelled,Conventional,True,32,5.8605768077681555
TXN-01416,LST-3427,BYR-1825,AGT-0211,678467.49,2020-06-13,2020-07-22,18357.9,Pending,Cash,False,39,2.705789189692789
TXN-01417,LST-1439,BYR-0134,AGT-0225,290861.65,2024-01-20,2024-02-16,8733.25,Cancelled,Conventional,True,27,3.0025443368006743
TXN-01418,LST-4589,BYR-3253,AGT-0259,1184525.25,2022-02-03,2022-02-27,48298.09,Pending,FHA,True,24,4.077421734994674
TXN-01419,LST-0407,BYR-0091,AGT-0154,1176569.86,2020-09-10,2020-10-08,38652.18,Pending,Cash,True,28,3.285158095074779
TXN-01420,LST-4284,BYR-0452,AGT-0215,1811972.06,2024-04-30,2024-06-03,65810.93,Cancelled,Cash,True,34,3.632005782694022
TXN-01421,LST-0203,BYR-1315,AGT-0218,2375602.22,2020-06-08,2020-06-27,115145.03,Cancelled,Cash,True,19,4.846982757913064
TXN-01422,LST-4178,BYR-1448,AGT-0102,378857.09,2023-03-28,2023-04-16,11841.63,Completed,Conventional,True,19,3.125619214358638
TXN-01423,LST-3324,BYR-2748,AGT-0205,1655034.21,2021-12-12,2022-01-07,87533.09,Completed,FHA,True,26,5.288899133994336
TXN-01424,LST-4910,BYR-0547,AGT-0055,504210.97,2022-11-18,2022-12-05,24042.67,Cancelled,Conventional,True,17,4.76837503158648
TXN-01425,LST-5735,BYR-2526,AGT-0293,562658.43,2020-04-21,2020-05-11,15272.27,Cancelled,Conventional,True,20,2.7143057289659733
TXN-01427,LST-5488,BYR-2271,AGT-0239,1339607.32,2023-12-25,2024-01-23,79960.4,Pending,Cash,True,29,5.968943197473719
TXN-01428,LST-1971,BYR-1525,AGT-0107,2064925.92,2020-09-12,2020-10-10,123692.59,Pending,Jumbo,True,28,5.990170824142689
TXN-01429,LST-0440,BYR-1840,AGT-0299,2173636.6,2023-11-15,2023-12-06,109282.35,Completed,Conventional,True,21,5.027627433214917
TXN-01430,LST-3290,BYR-1617,AGT-0139,791186.31,2022-02-06,2022-03-16,26087.4,Pending,FHA,True,38,3.297251187270922
TXN-01431,LST-4667,BYR-1730,AGT-0242,2018215.1,2023-02-14,2023-03-17,116367.64,Cancelled,FHA,True,31,5.765869059249432
TXN-01432,LST-4847,BYR-0860,AGT-0150,2025787.02,2023-01-23,2023-03-05,60624.6,Pending,Cash,False,41,2.992644310654138
TXN-01433,LST-1012,BYR-0483,AGT-0214,782969.32,2023-02-16,2023-03-30,29580.4,Cancelled,Cash,True,42,3.777976894420333
TXN-01434,LST-0108,BYR-2023,AGT-0220,2681335.83,2021-11-14,2021-11-30,130893.63,Cancelled,Conventional,True,16,4.8816574386357265
TXN-01436,LST-1163,BYR-0661,AGT-0110,450703.37,2024-09-13,2024-10-12,23020.94,Pending,Cash,True,29,5.1077807561101665
TXN-01437,LST-2358,BYR-3047,AGT-0028,291666.26,2021-09-26,2021-10-16,16209.4,Pending,FHA,True,20,5.557516320194184
TXN-01438,LST-5015,BYR-3018,AGT-0167,744274.73,2021-08-10,2021-09-15,20713.18,Completed,Conventional,True,36,2.78300191651005
TXN-01439,LST-4174,BYR-1119,AGT-0077,451794.54,2021-04-24,2021-06-07,13797.21,Unknown,Conventional,True,44,3.053868247278951
TXN-01440,LST-4520,BYR-2639,AGT-0169,1634457.55,2023-09-19,2023-11-01,81964.14,Completed,Conventional,True,43,5.014761013524028
TXN-01441,LST-1028,BYR-0979,AGT-0110,2564438.64,2021-03-28,2021-05-12,129605.73,Cancelled,Cash,True,45,5.053961049346846
TXN-01442,LST-2956,BYR-0897,AGT-0300,811826.65,2024-07-27,2024-08-24,32616.95,Pending,Conventional,False,28,4.0177234881362915
TXN-01443,LST-2653,BYR-2088,AGT-0096,2318268.65,2023-12-01,2023-12-16,131467.84,Cancelled,FHA,False,15,5.6709493095202745
TXN-01444,LST-4486,BYR-1073,AGT-0226,560898.51,2024-07-17,2024-08-30,26684.94,Pending,Conventional,False,44,4.757534478028832
TXN-01445,LST-0345,BYR-3586,AGT-0071,1957256.76,2024-01-30,2024-03-09,71679.51,Pending,FHA,True,39,3.6622435780985625
TXN-01446,LST-1382,BYR-3055,AGT-0111,318567.21,2022-06-21,2022-07-07,13831.32,Cancelled,Cash,True,16,4.341727448973797
TXN-01447,LST-0347,BYR-1928,AGT-0220,48236.68,2023-06-08,2023-07-10,1635.22,Cancelled,VA,True,32,3.3899928436202496
TXN-01448,LST-5045,BYR-2386,AGT-0099,1611008.89,2024-01-03,2024-01-26,64380.39,Completed,VA,True,23,3.9962777610743045
TXN-01449,LST-5444,BYR-2772,AGT-0084,1319151.27,2021-06-28,2021-07-26,49045.8,Pending,FHA,True,28,3.7179814866872696
TXN-01450,LST-2781,BYR-3062,AGT-0163,2077533.83,2024-03-31,2024-05-07,119474.64,Cancelled,FHA,True,37,5.750791552693993
TXN-01451,LST-2854,BYR-3631,AGT-0253,935882.02,2020-07-01,2020-07-31,26252.02,Unknown,Conventional,False,30,2.80505656044124
TXN-01452,LST-3124,BYR-1275,AGT-0196,2676724.98,2022-11-08,2022-12-17,147311.48,Cancelled,Cash,True,39,5.5034223202116195
TXN-01453,LST-2959,BYR-2074,AGT-0288,1663260.12,2024-07-16,2024-08-28,62239.65,Cancelled,Cash,True,43,3.74202743465045
TXN-01454,LST-4386,BYR-0712,AGT-0198,592143.89,2022-10-18,2022-11-12,35466.84,Cancelled,Conventional,True,25,5.989564462110721
TXN-01455,LST-3739,BYR-2787,AGT-0220,715258.77,2021-07-16,2021-08-14,28106.72,Cancelled,FHA,True,29,3.929587609250845
TXN-01456,LST-5271,BYR-3483,AGT-0067,2707089.88,2020-10-12,2020-11-04,148166.31,Pending,Cash,True,23,5.47326895551765
TXN-01457,LST-4087,BYR-2395,AGT-0174,1098103.97,2021-09-02,2021-09-20,52750.71,Cancelled,Cash,True,18,4.803799224949528
TXN-01458,LST-1379,BYR-2893,AGT-0206,2149542.7,2024-07-25,2024-08-27,60861.84,Pending,FHA,True,33,2.8313854849219786
TXN-01459,LST-5520,BYR-3227,AGT-0032,1251506.38,2022-04-15,2022-05-26,63754.63,Cancelled,VA,True,41,5.0942313214575865
TXN-01460,LST-2162,BYR-3255,AGT-0283,2166591.41,2021-04-07,2021-04-24,74817.81,Completed,FHA,True,17,3.4532496369493124
TXN-01461,LST-5766,BYR-0356,AGT-0270,2570482.54,2023-10-16,2023-11-19,92202.14,Completed,Conventional,False,34,3.586958423767391
TXN-01462,LST-4698,BYR-2416,AGT-0132,1946749.25,2023-04-12,2023-04-30,104932.18,Completed,Conventional,True,18,5.390123047434074
TXN-01463,LST-4053,BYR-1531,AGT-0169,247226.32,2023-06-12,2023-07-08,14828.53,Cancelled,Cash,True,26,5.997957660818638
TXN-01464,LST-1211,BYR-0941,AGT-0221,1304625.67,2023-02-27,2023-04-07,32628.41,Pending,Conventional,False,39,2.5009786906921736
TXN-01465,LST-2784,BYR-2239,AGT-0152,1962098.85,2024-06-16,2024-07-18,67228.85,Completed,Cash,True,32,3.426374262438409
TXN-01466,LST-3189,BYR-2502,AGT-0127,1493762.11,2021-11-04,2021-11-19,80142.92,Completed,Jumbo,False,15,5.365172905610787
TXN-01467,LST-1173,BYR-0934,AGT-0014,2571058.45,2023-08-23,2023-09-13,74035.65,Completed,Conventional,True,21,2.879578642018037
TXN-01468,LST-4348,BYR-3366,AGT-0009,418180.44,2024-10-14,2024-11-13,21197.72,Cancelled,FHA,True,30,5.06903670578184
TXN-01469,LST-2775,BYR-2316,AGT-0275,1421587.07,2022-03-17,2022-04-02,76841.13,Completed,Conventional,True,16,5.40530591629537
TXN-01470,LST-5508,BYR-0695,AGT-0077,1402047.32,2024-09-29,2024-10-21,42234.17,Cancelled,USDA,True,22,3.012321295974518
TXN-01471,LST-1601,BYR-1710,AGT-0274,2140975.36,2023-08-23,2023-09-17,101943.9,Cancelled,Jumbo,True,25,4.761563439945427
TXN-01472,LST-0818,BYR-2583,AGT-0093,1275239.4,2023-11-07,2023-11-25,64972.14,Completed,Conventional,True,18,5.094897475721029
TXN-01473,LST-4674,BYR-0779,AGT-0073,2703231.02,2020-07-17,2020-08-13,84534.43,Cancelled,Conventional,True,27,3.1271626203815908
TXN-01474,LST-5798,BYR-0308,AGT-0160,1683425.55,2022-10-05,2022-10-27,95506.62,Completed,Cash,True,22,5.673349795599811
TXN-01475,LST-3120,BYR-1756,AGT-0098,2079908.56,2020-07-17,2020-08-23,104310.82,Completed,VA,False,37,5.015163743544572
TXN-01476,LST-1117,BYR-0908,AGT-0102,1671109.24,2022-03-14,2022-04-18,99428.09,Cancelled,USDA,False,35,5.949825877331634
TXN-01477,LST-1899,BYR-2143,AGT-0022,605647.76,2021-05-13,2021-06-18,35355.34,Pending,Conventional,False,36,5.8376076549841445
TXN-01478,LST-5496,BYR-0659,AGT-0072,143088.99,2024-07-02,2024-08-01,6983.88,Pending,Jumbo,True,30,4.880794811676287
TXN-01479,LST-2102,BYR-2510,AGT-0182,1094716.27,2023-05-09,2023-05-27,52352.61,Completed,Cash,True,18,4.782299435450978
TXN-01480,LST-4187,BYR-0368,AGT-0132,1696384.3,2024-09-18,2024-10-13,84100.91,Cancelled,FHA,True,25,4.957656705500045
TXN-01481,LST-5196,BYR-3081,AGT-0038,2106100.98,2020-10-01,2020-10-27,108465.29,Completed,Conventional,True,26,5.150051732087413
TXN-01482,LST-3536,BYR-0403,AGT-0247,795962.36,2020-03-23,2020-04-23,40446.22,Cancelled,Conventional,False,31,5.081423699482474
TXN-01483,LST-5649,BYR-3128,AGT-0043,643293.07,2021-06-02,2021-07-11,29662.36,Pending,FHA,True,39,4.6110181165172515
TXN-01484,LST-0293,BYR-0563,AGT-0072,1037957.83,2020-09-21,2020-10-10,56052.67,Completed,USDA,True,19,5.40028394024447
TXN-01485,LST-2891,BYR-1575,AGT-0260,680758.41,2021-02-22,2021-03-26,28930.56,Completed,Conventional,False,32,4.24975432914593
TXN-01486,LST-1344,BYR-0869,AGT-0256,2371945.82,2023-10-21,2023-11-27,120441.21,Completed,Cash,False,37,5.077738664367975
TXN-01487,LST-1513,BYR-2113,AGT-0107,1269620.28,2020-06-14,2020-07-03,32518.37,Cancelled,Cash,False,19,2.56126737358039
TXN-01488,LST-2486,BYR-3526,AGT-0215,1899795.45,2021-07-18,2021-08-22,101202.32,Pending,VA,True,35,5.327011389568283
TXN-01489,LST-1031,BYR-3439,AGT-0199,1933762.8,2024-05-22,2024-07-04,104549.35,Pending,Conventional,True,43,5.406524005943232
TXN-01490,LST-4973,BYR-3242,AGT-0026,2072669.04,2023-05-06,2023-06-12,70930.37,Unknown,Conventional,True,37,3.4221753995032413
TXN-01491,LST-0105,BYR-0239,AGT-0184,308983.19,2020-12-13,2020-12-31,8455.64,Pending,FHA,True,18,2.7366019491222158
TXN-01492,LST-3278,BYR-0260,AGT-0026,2338853.92,2021-11-16,2021-12-01,65101.73,Cancelled,VA,False,15,2.7834885044894127
TXN-01493,LST-5395,BYR-0891,AGT-0110,633991.12,2020-11-04,2020-12-12,34349.82,Cancelled,FHA,True,38,5.41802856797111
TXN-01494,LST-2403,BYR-0594,AGT-0156,1894588.82,2024-08-31,2024-09-27,51429.78,Pending,Conventional,True,27,2.714561569090226
TXN-01495,LST-5535,BYR-0809,AGT-0252,437331.64,2021-01-20,2021-02-11,13833.56,Completed,Conventional,False,22,3.1631738330206334
TXN-01496,LST-1769,BYR-1237,AGT-0291,265752.02,2024-03-26,2024-04-17,12530.7,Completed,VA,False,22,4.715185231705859
TXN-01497,LST-3238,BYR-3093,AGT-0225,717032.45,2020-06-23,2020-07-11,30565.03,Completed,Conventional,True,18,4.262712238476794
TXN-01498,LST-2191,BYR-2137,AGT-0269,1492447.49,2024-09-23,2024-10-09,81593.41,Cancelled,Conventional,True,16,5.467087488619114
TXN-01499,LST-0192,BYR-1921,AGT-0109,687287.72,2024-06-06,2024-07-14,18622.6,Completed,Conventional,True,38,2.7095784571852963
TXN-01501,LST-0426,BYR-1245,AGT-0130,2382928.03,2022-12-12,2023-01-10,126733.35,Cancelled,Conventional,True,29,5.3183876476537995
TXN-01502,LST-4462,BYR-1770,AGT-0015,1641580.67,2021-07-09,2021-07-29,50922.86,Cancelled,Jumbo,True,20,3.1020625992142077
TXN-01503,LST-1093,BYR-2027,AGT-0265,340966.24,2023-10-23,2023-11-23,9444.06,Completed,Cash,True,31,2.7697932792407833
TXN-01504,LST-1236,BYR-0515,AGT-0030,2009107.9,2023-05-28,2023-06-21,118855.19,Cancelled,Conventional,True,24,5.91581915535746
TXN-01505,LST-3649,BYR-0265,AGT-0273,2909818.29,2022-09-21,2022-11-02,125944.87,Cancelled,Cash,False,42,4.328272677123079
TXN-01506,LST-3531,BYR-1234,AGT-0071,2430813.52,2023-02-06,2023-02-21,104791.16,Completed,Conventional,False,15,4.310950187573418
TXN-01507,LST-1138,BYR-1320,AGT-0231,1391322.22,2023-06-09,2023-06-27,81105.89,Cancelled,VA,False,18,5.82941096132282
TXN-01508,LST-1639,BYR-2368,AGT-0224,1754944.15,2021-07-27,2021-08-14,95094.68,Cancelled,Conventional,False,18,5.418672725283024
TXN-01509,LST-3570,BYR-0368,AGT-0148,2639884.62,2023-02-27,2023-03-24,119705.85,Completed,Cash,True,25,4.534510678728072
TXN-01510,LST-0209,BYR-2488,AGT-0134,1270410.86,2021-11-28,2021-12-16,51054.95,Pending,Cash,False,18,4.0187746820741115
TXN-01511,LST-5675,BYR-1047,AGT-0300,719718.33,2021-11-28,2021-12-29,42151.15,Completed,Conventional,True,31,5.856617546478217
TXN-01512,LST-3556,BYR-3361,AGT-0176,224838.89,2020-09-25,2020-10-13,7773.77,Cancelled,Conventional,True,18,3.457484601529566
TXN-01513,LST-4469,BYR-1088,AGT-0075,2205270.47,2022-10-26,2022-11-18,129604.7,Completed,FHA,True,23,5.877043281679638
TXN-01514,LST-1889,BYR-3697,AGT-0296,868522.47,2022-02-03,2022-02-26,50344.07,Pending,Cash,False,23,5.7965190008267715
TXN-01515,LST-4792,BYR-0010,AGT-0037,1030902.93,2021-11-14,2021-12-08,54239.3,Pending,Cash,True,24,5.26133920290633
TXN-01516,LST-0747,BYR-1130,AGT-0212,1688290.83,2021-01-11,2021-02-03,70947.55,Completed,Conventional,True,23,4.2023298793845845
TXN-01517,LST-5840,BYR-3119,AGT-0193,692826.82,2020-11-07,2020-12-14,21824.13,Completed,Cash,True,37,3.150012293115328
TXN-01518,LST-4909,BYR-2431,AGT-0113,419120.51,2022-06-02,2022-07-01,13483.33,Cancelled,Conventional,True,29,3.217053252774482
TXN-01519,LST-0437,BYR-3518,AGT-0163,1163471.7,2022-10-31,2022-12-04,66757.84,Cancelled,Conventional,False,34,5.737813820482269
TXN-01520,LST-0852,BYR-3724,AGT-0017,1050155.66,2024-06-03,2024-07-14,31205.9,Pending,VA,True,41,2.971549950985362
TXN-01521,LST-5208,BYR-0289,AGT-0263,598800.48,2020-12-27,2021-01-11,29805.4,Completed,Cash,True,15,4.977517720092677
TXN-01522,LST-5838,BYR-2764,AGT-0177,2437956.6,2021-06-09,2021-07-21,120637.71,Cancelled,Conventional,True,42,4.948312451501392
TXN-01523,LST-5362,BYR-0672,AGT-0192,1163782.86,2021-02-03,2021-03-15,64575.48,Pending,USDA,False,40,5.548756750034968
TXN-01524,LST-0330,BYR-3707,AGT-0290,1021967.23,2023-04-24,2023-05-16,55596.91,Pending,VA,True,22,5.440185200458923
TXN-01525,LST-3375,BYR-0822,AGT-0050,2704339.57,2022-05-25,2022-06-29,153317.29,Completed,Cash,True,35,5.669306166311061
TXN-01526,LST-3605,BYR-1761,AGT-0262,730719.02,2020-08-06,2020-08-22,39651.44,Unknown,VA,True,16,5.426359368612029
TXN-01527,LST-2454,BYR-3193,AGT-0011,1431629.1,2024-04-01,2024-04-21,42034.84,Completed,Conventional,False,20,2.93615434332817
TXN-01528,LST-5458,BYR-2920,AGT-0135,437767.59,2024-03-13,2024-04-04,23907.55,Cancelled,Cash,False,22,5.461242573942031
TXN-01529,LST-5649,BYR-1493,AGT-0198,664527.51,2021-02-25,2021-03-12,33542.45,Cancelled,Conventional,True,15,5.047563794612506
TXN-01530,LST-5160,BYR-2446,AGT-0131,575445.31,2022-08-27,2022-09-17,26894.69,Completed,Cash,True,21,4.673717820378099
TXN-01531,LST-4329,BYR-0017,AGT-0299,2223157.79,2022-11-12,2022-11-28,73684.99,Pending,Cash,False,16,3.3144291570955025
TXN-01532,LST-1298,BYR-2593,AGT-0132,110169.54,2020-09-02,2020-10-07,3165.3,Cancelled,Conventional,True,35,2.873117197366895
TXN-01533,LST-4247,BYR-2814,AGT-0212,810773.19,2021-02-15,2021-03-15,28033.89,Pending,Cash,True,28,3.4576735325942387
TXN-01534,LST-2221,BYR-2805,AGT-0088,1117099.31,2024-08-18,2024-09-07,29660.4,Cancelled,Jumbo,True,20,2.655126516907436
TXN-01535,LST-1051,BYR-1626,AGT-0245,2344838.84,2021-08-15,2021-09-16,96401.1,Pending,VA,False,32,4.111203650993772
TXN-01536,LST-3823,BYR-0440,AGT-0096,216500.09,2021-12-16,2022-01-23,11119.99,Completed,Jumbo,True,38,5.136251906407983
TXN-01537,LST-3430,BYR-3341,AGT-0212,2490949.06,2021-12-14,2022-01-11,112836.44,Unknown,Jumbo,False,28,4.5298573869671985
TXN-01538,LST-5434,BYR-0508,AGT-0155,2609935.16,2022-02-21,2022-03-13,138291.27,Cancelled,Conventional,True,20,5.298647725792543
TXN-01539,LST-5544,BYR-0383,AGT-0288,2131983.27,2020-05-28,2020-06-14,90636.73,Completed,Conventional,True,17,4.251287112586019
TXN-01540,LST-2174,BYR-0762,AGT-0183,332389.28,2021-01-26,2021-03-06,13299.05,Completed,Conventional,False,39,4.00104660415041
TXN-01541,LST-1512,BYR-3789,AGT-0200,1527968.6,2022-02-28,2022-03-31,88096.85,Completed,Conventional,True,31,5.765619136414191
TXN-01542,LST-4741,BYR-1014,AGT-0116,1956427.85,2023-07-06,2023-08-18,116824.44,Unknown,Conventional,False,43,5.971313483397815
TXN-01543,LST-3556,BYR-2352,AGT-0132,186457.74,2020-12-03,2021-01-10,10294.02,Pending,Cash,True,38,5.520832763499119
TXN-01544,LST-4758,BYR-0918,AGT-0073,137099.52,2023-05-14,2023-06-25,4204.78,Completed,FHA,True,42,3.0669545743121494
TXN-01545,LST-5578,BYR-0452,AGT-0021,1547523.31,2021-07-04,2021-08-16,39173.07,Completed,VA,True,43,2.5313395763970754
TXN-01546,LST-5190,BYR-1029,AGT-0107,868793.2,2021-09-17,2021-10-23,42445.58,Completed,Conventional,True,36,4.885579214938607
TXN-01547,LST-2001,BYR-1877,AGT-0206,880706.26,2020-03-07,2020-03-31,46086.24,Cancelled,FHA,True,24,5.232872989911528
TXN-01548,LST-4863,BYR-2888,AGT-0181,601412.05,2023-08-18,2023-09-14,20832.4,Completed,Conventional,True,27,3.463914632239244
TXN-01549,LST-5982,BYR-1802,AGT-0216,1261019.29,2021-01-07,2021-02-09,36876.17,Cancelled,Jumbo,True,33,2.9243145043403733
TXN-01550,LST-0475,BYR-1623,AGT-0237,1027242.98,2024-10-21,2024-11-24,28851.0,Completed,Conventional,True,34,2.8085857544628827
TXN-01551,LST-4043,BYR-1598,AGT-0232,2671504.28,2023-12-08,2024-01-12,154047.35,Completed,VA,True,35,5.766314924264318
TXN-01552,LST-2006,BYR-1608,AGT-0283,217779.3,2024-12-15,2025-01-26,12426.4,Cancelled,Jumbo,True,42,5.705960116503268
TXN-01553,LST-1956,BYR-3926,AGT-0290,164213.82,2020-08-21,2020-09-05,8400.51,Pending,Conventional,True,15,5.115592585325644
TXN-01554,LST-5877,BYR-1834,AGT-0244,1823922.64,2022-06-05,2022-07-10,57402.39,Completed,Jumbo,True,35,3.147194334952715
TXN-01555,LST-2157,BYR-1098,AGT-0240,469470.62,2024-02-23,2024-03-18,23114.56,Pending,Conventional,False,24,4.923537068198218
TXN-01556,LST-2415,BYR-2862,AGT-0254,1460001.99,2022-11-15,2022-12-02,59439.88,Pending,FHA,True,17,4.071219108406831
TXN-01557,LST-1619,BYR-3252,AGT-0072,933271.64,2023-10-10,2023-11-20,51983.92,Completed,Jumbo,False,41,5.570073896170251
TXN-01559,LST-1673,BYR-2136,AGT-0151,2500726.17,2024-02-24,2024-03-26,86169.97,Cancelled,FHA,True,31,3.4457979059738477
TXN-01560,LST-2752,BYR-2090,AGT-0164,1263090.47,2022-12-08,2023-01-16,38773.64,Completed,Cash,True,39,3.0697436898561987
TXN-01561,LST-3973,BYR-1362,AGT-0037,1564853.75,2023-01-29,2023-03-15,70939.56,Pending,Conventional,False,45,4.533302872552786
TXN-01562,LST-5323,BYR-3447,AGT-0248,1105954.42,2023-08-18,2023-09-29,38276.19,Completed,Cash,False,42,3.4609193026237017
TXN-01563,LST-4977,BYR-2246,AGT-0072,455537.69,2021-02-06,2021-02-22,17272.86,Cancelled,Cash,True,16,3.791752116054327
TXN-01564,LST-3921,BYR-0679,AGT-0015,572449.02,2021-06-25,2021-07-21,27779.04,Pending,Conventional,True,26,4.852666181523029
TXN-01565,LST-3804,BYR-0870,AGT-0128,473939.05,2022-01-17,2022-02-28,12326.55,Completed,Conventional,False,42,2.6008724117584316
TXN-01566,LST-1161,BYR-0712,AGT-0060,310135.21,2024-11-20,2024-12-16,17267.3,Completed,FHA,True,26,5.567668372771991
TXN-01567,LST-0441,BYR-2125,AGT-0294,1495525.67,2021-08-23,2021-09-07,41862.58,Completed,Conventional,True,15,2.7991883282083685
TXN-01568,LST-0927,BYR-2050,AGT-0036,386827.5,2024-03-10,2024-04-07,19423.7,Completed,Conventional,True,28,5.021282096024714
TXN-01569,LST-5580,BYR-1184,AGT-0019,1318343.08,2021-10-14,2021-10-31,68093.78,Pending,Jumbo,True,17,5.16510315357365
TXN-01570,LST-1147,BYR-0048,AGT-0214,377504.15,2020-04-19,2020-05-27,18097.04,Cancelled,Cash,True,38,4.793865180025173
TXN-01571,LST-5639,BYR-3991,AGT-0270,2258223.4,2024-07-18,2024-08-23,133836.27,Pending,Conventional,True,36,5.926617800524076
TXN-01572,LST-2486,BYR-0304,AGT-0251,1870039.93,2021-05-11,2021-06-09,66084.45,Completed,Conventional,True,29,3.533852349345289
TXN-01573,LST-3581,BYR-0692,AGT-0015,1640614.38,2022-07-19,2022-08-09,97103.44,Pending,Conventional,True,21,5.918724179413813
TXN-01574,LST-5702,BYR-2264,AGT-0128,1870966.34,2021-01-21,2021-02-27,51583.06,Cancelled,Conventional,True,37,2.7570276865590215
TXN-01575,LST-3784,BYR-0993,AGT-0021,314469.6,2021-12-07,2022-01-11,17148.49,Completed,Conventional,True,35,5.453147140454913
TXN-01576,LST-4440,BYR-2789,AGT-0271,154889.54,2024-05-27,2024-06-11,5521.64,Completed,Cash,True,15,3.564888887913283
TXN-01577,LST-1079,BYR-2557,AGT-0105,2347272.46,2023-03-22,2023-04-17,81218.99,Cancelled,Cash,True,26,3.460143267731263
TXN-01578,LST-0923,BYR-2377,AGT-0041,338922.57,2024-01-03,2024-01-26,11857.67,Cancelled,Conventional,True,23,3.498636871542665
TXN-01579,LST-5165,BYR-3037,AGT-0141,2172936.72,2023-07-03,2023-07-26,111737.61,Completed,Conventional,False,23,5.142239485004422
TXN-01580,LST-0270,BYR-3214,AGT-0300,1657759.21,2020-09-26,2020-11-01,73488.59,Cancelled,FHA,True,36,4.433007493289692
TXN-01581,LST-2617,BYR-2039,AGT-0011,2950818.31,2022-01-16,2022-02-02,168420.68,Completed,Cash,False,17,5.7075923457991555
TXN-01582,LST-1598,BYR-2584,AGT-0024,255376.87,2023-04-15,2023-04-30,12134.21,Pending,Conventional,True,15,4.751491393876039
TXN-01583,LST-2263,BYR-0345,AGT-0161,2550626.46,2020-09-12,2020-09-29,116661.09,Completed,Cash,False,17,4.5738210525738845
TXN-01584,LST-0966,BYR-0001,AGT-0022,812504.71,2020-10-04,2020-11-05,33122.19,Unknown,Cash,True,32,4.076553599301597
TXN-01585,LST-1382,BYR-1504,AGT-0150,310011.06,2022-07-29,2022-08-14,16045.21,Cancelled,FHA,True,16,5.1756895383022785
TXN-01586,LST-2898,BYR-2123,AGT-0017,2200007.6,2024-05-01,2024-05-17,119079.74,Unknown,Jumbo,True,16,5.412696756138479
TXN-01587,LST-3933,BYR-0919,AGT-0023,2349602.67,2022-01-08,2022-01-28,100597.2,Pending,Cash,False,20,4.281455808866611
TXN-01588,LST-2761,BYR-1103,AGT-0232,2034546.6,2020-06-21,2020-07-24,65539.8,Completed,Cash,True,33,3.2213467118423336
TXN-01589,LST-1303,BYR-3221,AGT-0110,2437462.32,2020-07-26,2020-08-10,105714.51,Completed,FHA,True,15,4.337072582931252
TXN-01590,LST-5620,BYR-3593,AGT-0161,1865238.11,2021-05-31,2021-07-05,104331.74,Pending,FHA,False,35,5.593481038193027
TXN-01591,LST-2831,BYR-0749,AGT-0152,483356.82,2022-11-02,2022-12-17,20488.83,Pending,FHA,True,45,4.238862296387998
TXN-01592,LST-2062,BYR-3044,AGT-0159,835769.87,2023-01-31,2023-03-16,47499.6,Completed,FHA,True,44,5.6833348155994186
TXN-01593,LST-4234,BYR-3612,AGT-0116,1995129.04,2022-02-19,2022-03-10,99968.22,Cancelled,FHA,False,19,5.010614250795528
TXN-01594,LST-3225,BYR-3415,AGT-0242,961330.12,2022-07-04,2022-08-08,50533.16,Cancelled,Conventional,False,35,5.2565876121721855
TXN-01596,LST-5939,BYR-2540,AGT-0299,1933453.88,2022-03-12,2022-04-02,103475.35,Pending,FHA,False,21,5.351839579436982
TXN-01597,LST-5045,BYR-0543,AGT-0043,1418359.9,2023-11-30,2024-01-01,61551.82,Cancelled,VA,False,32,4.339647504134882
TXN-01598,LST-4599,BYR-2918,AGT-0045,1768310.32,2022-07-17,2022-08-21,78347.42,Completed,Jumbo,True,35,4.430637491274721
TXN-01599,LST-1204,BYR-1745,AGT-0093,2168104.46,2023-12-12,2024-01-04,85409.89,Cancelled,VA,True,23,3.939380762124349
TXN-01600,LST-1080,BYR-2444,AGT-0083,2782621.4,2024-02-17,2024-03-26,73498.99,Completed,Conventional,True,38,2.641357893675367
TXN-01601,LST-0496,BYR-3263,AGT-0048,2094402.13,2020-08-26,2020-10-03,117832.8,Cancelled,Conventional,True,38,5.6260828955516775
TXN-01602,LST-2157,BYR-2491,AGT-0101,517829.67,2024-02-17,2024-03-27,18360.75,Cancelled,Conventional,True,39,3.5457122416334315
TXN-01603,LST-3552,BYR-3744,AGT-0165,574636.03,2024-04-06,2024-05-10,14927.03,Completed,Cash,True,34,2.5976495069409413
TXN-01604,LST-3640,BYR-3842,AGT-0180,1966087.34,2023-06-08,2023-07-08,110592.89,Cancelled,Conventional,True,30,5.625024267741838
TXN-01605,LST-5942,BYR-0786,AGT-0177,147758.99,2023-06-08,2023-06-27,7903.84,Pending,FHA,True,19,5.349143223028258
TXN-01606,LST-2882,BYR-1977,AGT-0252,679111.16,2021-08-24,2021-09-09,31098.4,Pending,Conventional,True,16,4.579279775051848
TXN-01607,LST-4835,BYR-0557,AGT-0157,1434244.46,2020-08-09,2020-08-31,41339.48,Pending,Conventional,True,22,2.8823175653054296
TXN-01608,LST-5606,BYR-3680,AGT-0202,2319522.49,2022-07-16,2022-08-18,98117.55,Cancelled,Cash,True,33,4.2300753893530905
TXN-01609,LST-1635,BYR-3937,AGT-0232,1741585.35,2022-10-15,2022-11-22,84020.12,Pending,USDA,True,38,4.824346966400469
TXN-01610,LST-1780,BYR-2469,AGT-0254,1700722.72,2022-03-19,2022-04-21,43238.57,Completed,Cash,True,33,2.5423644602101865
TXN-01611,LST-2901,BYR-2970,AGT-0088,208047.8,2023-03-20,2023-04-12,10265.91,Cancelled,Conventional,True,23,4.934399690840278
TXN-01612,LST-5624,BYR-3557,AGT-0162,2159956.57,2020-11-03,2020-12-10,126996.56,Pending,Cash,True,37,5.8795885882094385
TXN-01614,LST-0300,BYR-1237,AGT-0052,2901683.11,2023-10-16,2023-10-31,144391.3,Unknown,Conventional,True,15,4.97612228924612
TXN-01615,LST-2428,BYR-1508,AGT-0283,935485.94,2020-11-03,2020-12-16,38185.18,Cancelled,Jumbo,True,43,4.081855041028196
TXN-01616,LST-3982,BYR-2314,AGT-0138,1136117.31,2022-06-11,2022-07-22,35972.19,Cancelled,Conventional,True,41,3.166239056774868
TXN-01617,LST-0483,BYR-1242,AGT-0012,1092776.79,2024-05-08,2024-06-16,35948.34,Pending,Conventional,True,39,3.2896324600744853
TXN-01618,LST-4124,BYR-2142,AGT-0294,1899932.2,2024-07-26,2024-08-30,91006.65,Cancelled,Cash,False,35,4.789994611386659
TXN-01619,LST-3435,BYR-3465,AGT-0086,1643430.6,2021-11-25,2022-01-07,52099.4,Completed,Conventional,True,43,3.17016124684547
TXN-01620,LST-4248,BYR-1762,AGT-0273,1837302.41,2022-06-20,2022-07-22,93383.92,Completed,Conventional,True,32,5.082664644194311
TXN-01621,LST-1692,BYR-0302,AGT-0120,153154.66,2022-07-18,2022-08-31,6437.8,Completed,Conventional,False,44,4.203463348748252
TXN-01622,LST-0148,BYR-0239,AGT-0281,827926.21,2020-03-26,2020-04-10,26954.46,Completed,VA,True,15,3.255659704262775
TXN-01623,LST-4439,BYR-3836,AGT-0092,1471315.02,2022-08-07,2022-09-19,50942.9,Pending,Jumbo,True,43,3.4624060318503376
TXN-01624,LST-0615,BYR-1442,AGT-0180,401329.3,2023-09-27,2023-11-10,14797.7,Completed,Conventional,True,44,3.68717160695718
TXN-01625,LST-1197,BYR-2582,AGT-0146,1253024.87,2021-09-12,2021-10-21,38212.84,Cancelled,Conventional,True,39,3.0496473705266514
TXN-01626,LST-5734,BYR-1188,AGT-0102,1729932.35,2023-07-31,2023-09-03,94500.69,Cancelled,Conventional,True,34,5.462681242997739
TXN-01627,LST-2946,BYR-2256,AGT-0273,1497987.13,2020-12-18,2021-01-05,54420.01,Pending,Conventional,True,18,3.632875670967881
TXN-01628,LST-3754,BYR-0884,AGT-0202,333681.3,2021-06-16,2021-07-03,11313.39,Pending,Conventional,True,17,3.390477680349483
TXN-01629,LST-5112,BYR-2747,AGT-0103,2718491.61,2024-05-22,2024-06-10,103165.73,Completed,FHA,True,19,3.794962236429341
TXN-01630,LST-1765,BYR-2026,AGT-0151,2013800.18,2024-04-06,2024-05-02,107958.71,Pending,Conventional,True,26,5.360944500461809
TXN-01631,LST-1125,BYR-0083,AGT-0243,221018.32,2021-12-19,2022-01-04,10770.98,Cancelled,Conventional,False,16,4.8733426260773305
TXN-01632,LST-2044,BYR-3487,AGT-0189,616282.15,2024-03-22,2024-04-18,34897.65,Cancelled,Conventional,True,27,5.662609244807756
TXN-01633,LST-5210,BYR-2387,AGT-0288,542668.51,2020-06-09,2020-07-08,20890.64,Pending,Cash,True,29,3.8496134592368363
TXN-01634,LST-5889,BYR-0804,AGT-0188,1822313.39,2020-09-25,2020-10-23,70977.69,Completed,VA,True,28,3.894922266910414
TXN-01635,LST-3256,BYR-0245,AGT-0232,1349552.96,2021-07-22,2021-08-08,42367.25,Pending,FHA,False,17,3.139354382950633
TXN-01636,LST-3426,BYR-1621,AGT-0023,2034437.05,2024-03-08,2024-04-06,119996.84,Completed,Conventional,True,29,5.8982822791199165
TXN-01637,LST-4658,BYR-2327,AGT-0091,2293836.03,2022-12-26,2023-01-31,120030.36,Pending,Cash,True,36,5.232734965803114
TXN-01638,LST-2151,BYR-3632,AGT-0024,2283727.27,2021-12-14,2022-01-07,121290.16,Cancelled,Conventional,True,24,5.311061508671305
TXN-01639,LST-5481,BYR-1108,AGT-0230,309176.88,2024-09-18,2024-10-10,8095.52,Cancelled,USDA,True,22,2.6184105357425174
TXN-01640,LST-4961,BYR-1911,AGT-0180,1028566.37,2021-03-11,2021-04-21,51091.79,Cancelled,Conventional,True,41,4.967281790478917
TXN-01641,LST-4778,BYR-1749,AGT-0100,123046.68,2023-08-10,2023-09-12,7289.83,Cancelled,Jumbo,True,33,5.9244426586723025
TXN-01642,LST-2354,BYR-3587,AGT-0142,2317520.16,2024-01-26,2024-02-11,73968.7,Pending,Cash,True,16,3.191717650473427
TXN-01643,LST-5459,BYR-3146,AGT-0179,2736432.45,2021-12-30,2022-01-14,70237.13,Cancelled,Conventional,False,15,2.5667408672923755
TXN-01644,LST-3207,BYR-1018,AGT-0075,2033847.17,2022-05-02,2022-05-21,77465.91,Pending,Conventional,True,19,3.8088363345413025
TXN-01645,LST-2404,BYR-1383,AGT-0181,1338218.7,2024-09-13,2024-10-04,52941.94,Cancelled,Conventional,True,21,3.9561500672498453
TXN-01646,LST-3150,BYR-2541,AGT-0264,2999529.33,2022-07-08,2022-08-14,149785.17,Completed,Conventional,True,37,4.99362244942609
TXN-01647,LST-5614,BYR-0250,AGT-0156,1075989.1,2022-07-10,2022-07-26,50436.27,Pending,Conventional,True,16,4.687433171953135
TXN-01648,LST-4183,BYR-1595,AGT-0288,149652.15,2020-09-18,2020-10-10,8174.24,Completed,Conventional,True,22,5.462160082564801
TXN-01649,LST-2352,BYR-0589,AGT-0283,2218197.32,2020-12-07,2021-01-13,110721.46,Cancelled,Cash,True,37,4.991506346243354
TXN-01650,LST-4244,BYR-0987,AGT-0073,660824.85,2024-05-22,2024-06-08,19963.43,Cancelled,Conventional,True,17,3.020986574581752
TXN-01651,LST-5137,BYR-2055,AGT-0261,1070124.73,2024-04-17,2024-05-11,49003.07,Pending,Cash,True,24,4.57919237134161
TXN-01652,LST-5807,BYR-3904,AGT-0288,1059805.76,2020-07-04,2020-07-26,39782.64,Cancelled,FHA,True,22,3.7537671053986346
TXN-01653,LST-1916,BYR-1265,AGT-0210,147251.29,2022-09-08,2022-10-19,4783.34,Pending,VA,False,41,3.248419759174945
TXN-01654,LST-3556,BYR-0652,AGT-0229,186990.52,2020-09-18,2020-10-22,6369.08,Pending,Conventional,True,34,3.4060978064556426
TXN-01655,LST-1302,BYR-0481,AGT-0141,2095637.35,2024-03-22,2024-05-02,110921.16,Pending,FHA,True,41,5.292955863761447
TXN-01656,LST-1936,BYR-2247,AGT-0093,1939195.59,2023-03-20,2023-04-18,91648.82,Unknown,Conventional,True,29,4.72612564058069
TXN-01657,LST-1634,BYR-0809,AGT-0125,1793489.39,2024-07-01,2024-07-17,52976.98,Pending,Jumbo,True,16,2.953849646135905
TXN-01658,LST-5341,BYR-3829,AGT-0203,2457635.78,2020-08-29,2020-09-24,135299.26,Pending,Conventional,True,26,5.505260832424893
TXN-01659,LST-2168,BYR-3325,AGT-0184,878602.9,2020-06-18,2020-07-06,38714.08,Pending,Conventional,False,18,4.40632281090809
TXN-01660,LST-4361,BYR-0395,AGT-0144,398515.16,2021-03-11,2021-04-12,18056.21,Completed,Conventional,True,32,4.530871548274349
TXN-01661,LST-4994,BYR-2997,AGT-0099,2290281.65,2022-10-18,2022-11-25,104229.16,Pending,Conventional,True,38,4.550931978169585
TXN-01662,LST-4950,BYR-3907,AGT-0110,1144467.37,2022-08-22,2022-09-29,34148.09,Completed,FHA,True,38,2.983753918646016
TXN-01663,LST-3436,BYR-3368,AGT-0134,461362.45,2021-03-24,2021-04-22,20232.3,Cancelled,Conventional,True,29,4.385337384956231
TXN-01664,LST-5711,BYR-2197,AGT-0119,1922117.72,2023-01-04,2023-01-29,75295.24,Cancelled,Conventional,False,25,3.9173063760111426
TXN-01665,LST-0097,BYR-3216,AGT-0008,1779902.84,2021-03-12,2021-04-13,48004.6,Completed,Conventional,False,32,2.697034856127315
TXN-01666,LST-3361,BYR-3377,AGT-0099,820116.82,2022-02-03,2022-02-18,35494.91,Pending,Cash,False,15,4.328030974904283
TXN-01667,LST-3815,BYR-3670,AGT-0055,1484114.68,2021-02-16,2021-03-03,74340.45,Cancelled,USDA,False,15,5.009077196109939
TXN-01668,LST-0558,BYR-2428,AGT-0104,1992174.63,2021-10-04,2021-10-25,65729.31,Cancelled,FHA,True,21,3.2993749147382725
TXN-01669,LST-5788,BYR-3836,AGT-0009,1345912.39,2021-06-20,2021-07-07,51538.45,Completed,VA,True,17,3.829257415484525
TXN-01670,LST-3208,BYR-1726,AGT-0074,1219875.35,2023-03-08,2023-03-23,43829.09,Cancelled,Jumbo,True,15,3.592915456484959
TXN-01671,LST-0331,BYR-0398,AGT-0128,2048110.0,2023-08-11,2023-08-30,82584.17,Cancelled,Conventional,True,19,4.032213601808497
TXN-01672,LST-3046,BYR-3797,AGT-0211,2397390.5,2023-04-03,2023-05-09,112086.14,Pending,Cash,False,36,4.675339290783041
TXN-01673,LST-3682,BYR-3009,AGT-0027,1925126.73,2023-09-03,2023-10-02,80687.59,Completed,FHA,True,29,4.19128718866212
TXN-01674,LST-2147,BYR-3246,AGT-0121,1557308.46,2023-01-19,2023-02-11,78995.36,Completed,Conventional,False,23,5.072557044992871
TXN-01675,LST-3552,BYR-3750,AGT-0269,614752.16,2024-02-20,2024-03-26,24843.13,Completed,Conventional,False,35,4.041161888719513
TXN-01676,LST-0810,BYR-1078,AGT-0118,1167244.13,2020-04-16,2020-05-04,46975.59,Cancelled,Conventional,True,18,4.024487148202664
TXN-01677,LST-5149,BYR-0212,AGT-0011,1891064.11,2022-10-24,2022-11-29,55245.58,Cancelled,Conventional,False,36,2.921401749832796
TXN-01678,LST-2961,BYR-1662,AGT-0204,1150363.8,2022-01-21,2022-02-26,33685.11,Cancelled,Jumbo,True,36,2.9282136659724514
TXN-01679,LST-0323,BYR-3447,AGT-0112,565878.89,2022-02-05,2022-03-05,27271.91,Completed,Conventional,True,28,4.819389887472211
TXN-01680,LST-3547,BYR-0423,AGT-0025,353794.59,2024-03-12,2024-03-30,18401.79,Cancelled,Cash,True,18,5.20126381808156
TXN-01681,LST-2444,BYR-1071,AGT-0094,145968.58,2023-08-14,2023-09-12,4128.53,Cancelled,Conventional,True,29,2.828368954469517
TXN-01682,LST-5919,BYR-0073,AGT-0046,215328.44,2021-07-12,2021-08-23,9540.11,Completed,Conventional,False,42,4.430492321404456
TXN-01683,LST-0894,BYR-2042,AGT-0088,1526057.37,2023-09-24,2023-10-09,60411.54,Completed,FHA,True,15,3.958667687571929
TXN-01684,LST-2529,BYR-0869,AGT-0003,2431204.3,2022-01-08,2022-02-15,87293.23,Completed,Conventional,True,38,3.5905345346748523
TXN-01685,LST-1439,BYR-2902,AGT-0110,258040.57,2023-10-04,2023-11-12,12619.03,Completed,Conventional,False,39,4.890327904639181
TXN-01686,LST-2379,BYR-2586,AGT-0147,2013542.38,2024-02-15,2024-03-08,71180.84,Cancelled,Conventional,True,22,3.535105131484742
TXN-01687,LST-1687,BYR-2789,AGT-0264,413504.01,2023-12-15,2024-01-15,16875.79,Completed,FHA,True,31,4.081167193517664
TXN-01688,LST-0244,BYR-2729,AGT-0215,2569491.63,2022-08-07,2022-09-17,136102.33,Pending,Cash,True,41,5.29685827386797
TXN-01689,LST-0293,BYR-0048,AGT-0250,1113627.64,2020-11-07,2020-12-16,57276.19,Completed,Cash,True,39,5.143208370797981
TXN-01690,LST-1553,BYR-1026,AGT-0011,209740.5,2022-08-19,2022-09-03,7189.46,Pending,Cash,False,15,3.4277881477349395
TXN-01691,LST-1888,BYR-1956,AGT-0072,2735528.46,2021-09-15,2021-10-20,93063.42,Completed,Conventional,True,35,3.4020271169103466
TXN-01692,LST-5014,BYR-0582,AGT-0212,453154.96,2023-04-09,2023-05-19,13441.3,Pending,Cash,True,40,2.966159743677968
TXN-01693,LST-0752,BYR-0559,AGT-0215,1146485.17,2021-04-02,2021-04-29,35240.88,Pending,Conventional,True,27,3.073819088300985
TXN-01694,LST-0939,BYR-1791,AGT-0158,1465760.77,2024-01-23,2024-02-12,74821.21,Completed,FHA,True,20,5.104599026756597
TXN-01695,LST-5698,BYR-2279,AGT-0266,2256984.91,2020-08-03,2020-08-21,93228.62,Cancelled,Cash,True,18,4.130670948969702
TXN-01697,LST-4099,BYR-2787,AGT-0243,285042.77,2022-05-27,2022-06-11,11388.11,Completed,VA,True,15,3.995228505532696
TXN-01698,LST-2677,BYR-1819,AGT-0002,2936335.04,2020-02-27,2020-03-18,145462.1,Pending,Cash,True,20,4.953865891271046
TXN-01699,LST-1915,BYR-3280,AGT-0003,755294.57,2023-03-19,2023-04-14,22742.38,Pending,Conventional,True,26,3.011060969232177
TXN-01700,LST-5723,BYR-1506,AGT-0146,1844697.4,2022-08-18,2022-09-22,59196.96,Completed,Conventional,True,35,3.209033633375317
TXN-01701,LST-2267,BYR-2558,AGT-0110,400798.08,2021-08-05,2021-09-09,21129.61,Completed,Cash,True,35,5.271884036969438
TXN-01702,LST-3838,BYR-3184,AGT-0149,362674.98,2021-08-11,2021-09-22,12780.31,Completed,Cash,False,42,3.5239017590901915
TXN-01703,LST-2293,BYR-1859,AGT-0162,722412.89,2024-02-24,2024-03-18,32330.52,Pending,USDA,True,23,4.475352038638181
TXN-01704,LST-1495,BYR-3873,AGT-0214,694941.12,2022-08-28,2022-10-08,20006.16,Pending,VA,False,41,2.8788280653186846
TXN-01705,LST-3243,BYR-3304,AGT-0185,2054977.6,2022-01-27,2022-03-06,93292.36,Completed,Cash,True,38,4.539823694428591
TXN-01706,LST-3327,BYR-2035,AGT-0227,878030.99,2022-08-08,2022-09-04,33444.55,Pending,Conventional,False,27,3.8090398153258804
TXN-01707,LST-1991,BYR-3064,AGT-0115,1723337.52,2022-10-20,2022-11-09,88295.14,Completed,VA,False,20,5.123496643884362
TXN-01708,LST-4805,BYR-3829,AGT-0248,1454383.67,2023-04-04,2023-05-10,62196.56,Cancelled,FHA,True,36,4.276489160525297
TXN-01709,LST-2548,BYR-2868,AGT-0152,923884.35,2021-09-09,2021-10-03,24567.83,Completed,VA,True,24,2.659188890903932
TXN-01710,LST-3575,BYR-1784,AGT-0124,1048087.34,2023-04-12,2023-05-08,62358.67,Cancelled,VA,True,26,5.949758919900702
TXN-01711,LST-0483,BYR-3636,AGT-0294,1092303.69,2024-08-21,2024-09-05,52731.39,Pending,Jumbo,True,15,4.827539308230296
TXN-01712,LST-4101,BYR-2290,AGT-0232,288872.16,2023-06-19,2023-08-03,14249.04,Cancelled,Conventional,True,45,4.9326456381258765
TXN-01713,LST-5363,BYR-3509,AGT-0177,587780.97,2020-10-03,2020-10-24,25189.99,Completed,VA,True,21,4.285608293851364
TXN-01714,LST-5504,BYR-1360,AGT-0161,1734993.33,2022-04-22,2022-05-20,73629.89,Completed,FHA,True,28,4.24381400935991
TXN-01715,LST-5904,BYR-0310,AGT-0132,201879.57,2022-04-29,2022-06-05,11868.55,Completed,Conventional,False,37,5.879024806720165
TXN-01716,LST-2343,BYR-0760,AGT-0027,1456370.43,2021-04-21,2021-05-30,87325.68,Cancelled,VA,True,39,5.996117347699788
TXN-01717,LST-0876,BYR-2986,AGT-0050,1466123.44,2020-02-18,2020-03-29,67058.48,Cancelled,Conventional,True,40,4.573863166664875
TXN-01718,LST-3521,BYR-1898,AGT-0043,256773.5,2023-03-13,2023-03-28,13291.64,Cancelled,Cash,False,15,5.176406443811374
TXN-01719,LST-2867,BYR-1236,AGT-0249,2038488.61,2020-08-31,2020-10-01,105296.01,Pending,Cash,True,31,5.165396043100775
TXN-01720,LST-3752,BYR-3512,AGT-0289,630412.09,2022-04-24,2022-05-11,34518.88,Pending,FHA,True,17,5.475605647093475
TXN-01721,LST-5839,BYR-3926,AGT-0116,1745217.27,2022-08-03,2022-08-30,102913.69,Unknown,VA,True,27,5.896898441762498
TXN-01722,LST-0269,BYR-0255,AGT-0200,2372460.24,2024-04-06,2024-05-04,90833.34,Pending,FHA,True,28,3.828655944092871
TXN-01723,LST-1563,BYR-0250,AGT-0048,1699797.54,2020-11-17,2020-12-07,63624.98,Completed,Cash,True,20,3.7430916625517647
TXN-01724,LST-1677,BYR-0984,AGT-0202,1209758.25,2023-03-08,2023-04-03,30460.71,Completed,Conventional,False,26,2.517917112778524
TXN-01725,LST-3913,BYR-0686,AGT-0036,1626034.47,2024-08-02,2024-08-30,62734.0,Completed,Conventional,True,28,3.858097792969912
TXN-01726,LST-3116,BYR-0784,AGT-0141,496747.54,2023-09-28,2023-10-19,16968.19,Cancelled,FHA,True,21,3.415857882255441
TXN-01727,LST-2039,BYR-1876,AGT-0112,2496020.53,2021-01-24,2021-02-10,116017.35,Pending,Cash,True,17,4.648092778307397
TXN-01728,LST-1308,BYR-0379,AGT-0215,674637.86,2023-10-24,2023-11-21,30918.14,Pending,Conventional,True,28,4.582923940853245
TXN-01729,LST-2518,BYR-2610,AGT-0135,2373114.57,2023-01-06,2023-02-06,66107.94,Cancelled,Conventional,False,31,2.7857036839144267
TXN-01730,LST-2923,BYR-0593,AGT-0173,2116663.95,2023-12-30,2024-02-12,94747.58,Cancelled,Conventional,True,44,4.476269367180369
TXN-01731,LST-3700,BYR-2839,AGT-0283,842551.32,2020-10-22,2020-12-01,39269.57,Cancelled,FHA,False,40,4.660792650588928
TXN-01732,LST-2083,BYR-3556,AGT-0209,189406.85,2021-08-17,2021-09-29,9362.91,Completed,VA,True,43,4.943279506522599
TXN-01733,LST-0386,BYR-0652,AGT-0129,2521961.12,2021-03-14,2021-04-11,94974.39,Completed,Cash,True,28,3.7658942973712457
TXN-01734,LST-0647,BYR-3612,AGT-0192,2637716.84,2022-05-25,2022-06-13,130672.41,Cancelled,Conventional,False,19,4.953996881636469
TXN-01735,LST-3390,BYR-3566,AGT-0238,1978768.71,2023-09-15,2023-10-09,105561.24,Unknown,USDA,False,24,5.334693209293774
TXN-01736,LST-4582,BYR-3982,AGT-0272,2448225.81,2022-03-11,2022-03-27,61664.91,Completed,Cash,False,16,2.518759084563364
TXN-01737,LST-4793,BYR-1044,AGT-0194,1126382.31,2021-12-21,2022-01-08,35178.59,Cancelled,Conventional,False,18,3.123148302994921
TXN-01738,LST-4122,BYR-1818,AGT-0213,2342193.34,2022-10-10,2022-11-03,66720.18,Completed,Conventional,True,24,2.8486196617739505
TXN-01739,LST-2923,BYR-0613,AGT-0014,2391959.84,2024-02-25,2024-03-20,95540.4,Completed,VA,True,24,3.994230939930831
TXN-01740,LST-0795,BYR-1301,AGT-0206,2581711.12,2022-11-01,2022-12-09,76222.16,Completed,FHA,True,38,2.9523891890739504
TXN-01741,LST-0933,BYR-2454,AGT-0155,159737.38,2020-10-29,2020-12-07,9039.45,Pending,FHA,False,39,5.65894470035755
TXN-01742,LST-5771,BYR-0569,AGT-0078,2090585.14,2021-12-07,2022-01-21,59262.57,Cancelled,USDA,True,45,2.834736020366049
TXN-01743,LST-2394,BYR-1611,AGT-0083,812380.4,2023-10-18,2023-11-09,21868.89,Pending,Jumbo,True,22,2.691951947634384
TXN-01744,LST-0877,BYR-3570,AGT-0078,1589984.83,2023-07-02,2023-07-19,58325.98,Pending,VA,False,17,3.66833562808269
TXN-01745,LST-5428,BYR-2546,AGT-0038,1593691.24,2021-02-23,2021-04-05,46276.47,Cancelled,Conventional,True,41,2.9037287046893727
TXN-01746,LST-0516,BYR-2041,AGT-0083,1725577.77,2022-02-09,2022-03-07,46301.87,Completed,Conventional,True,26,2.6832676454796935
TXN-01747,LST-2187,BYR-3112,AGT-0001,1315248.49,2021-11-06,2021-11-25,75812.74,Pending,FHA,True,19,5.764138151567086
TXN-01748,LST-2160,BYR-3689,AGT-0258,1412753.6,2022-08-01,2022-09-06,83739.29,Pending,Cash,False,36,5.927381108779336
TXN-01749,LST-0406,BYR-3865,AGT-0047,700147.82,2023-03-11,2023-04-16,38852.12,Completed,Jumbo,True,36,5.549131039213977
TXN-01750,LST-1093,BYR-2843,AGT-0221,362107.07,2024-02-11,2024-03-21,14182.94,Completed,Cash,True,39,3.916780746644908
TXN-01751,LST-1677,BYR-1099,AGT-0032,1218293.34,2022-11-08,2022-11-25,44706.98,Completed,Conventional,True,17,3.669640022820776
TXN-01752,LST-2995,BYR-2342,AGT-0243,1671677.75,2024-04-20,2024-05-25,42853.48,Cancelled,Cash,False,35,2.563501248969785
TXN-01753,LST-1685,BYR-2907,AGT-0053,2315449.93,2021-09-16,2021-10-27,111090.31,Pending,Conventional,True,41,4.797785024874194
TXN-01754,LST-3704,BYR-3705,AGT-0031,553567.52,2020-08-23,2020-09-27,31207.52,Cancelled,FHA,True,35,5.637527288450739
TXN-01755,LST-1372,BYR-2849,AGT-0075,1314050.68,2021-07-31,2021-08-21,60648.27,Completed,USDA,True,21,4.615367650812372
TXN-01756,LST-5058,BYR-2129,AGT-0278,652847.53,2022-01-09,2022-02-14,30078.96,Completed,Conventional,False,36,4.6073483650922284
TXN-01757,LST-4146,BYR-0427,AGT-0179,1081083.26,2024-04-25,2024-06-07,47519.17,Completed,FHA,True,43,4.395514365840795
TXN-01758,LST-5487,BYR-1870,AGT-0282,1401284.67,2020-12-25,2021-01-29,59935.7,Completed,Conventional,True,35,4.277196581334184
TXN-01759,LST-1772,BYR-2709,AGT-0053,1808111.85,2021-02-20,2021-03-10,73540.42,Pending,Cash,True,18,4.067249490124186
TXN-01760,LST-4203,BYR-2066,AGT-0103,1506930.35,2020-08-08,2020-08-31,74503.08,Cancelled,FHA,False,23,4.944029430424571
TXN-01761,LST-0934,BYR-2436,AGT-0219,1888767.41,2024-06-08,2024-07-15,106267.2,Cancelled,Conventional,True,37,5.626272427053366
TXN-01762,LST-5457,BYR-0060,AGT-0032,894682.75,2022-10-14,2022-11-15,52550.09,Pending,VA,True,32,5.873600446638767
TXN-01763,LST-1997,BYR-3635,AGT-0034,2685158.52,2023-11-01,2023-11-16,80632.74,Cancelled,Cash,True,15,3.0029042754615474
TXN-01764,LST-1592,BYR-2851,AGT-0066,1775711.67,2022-02-04,2022-03-05,54041.84,Completed,Conventional,True,29,3.0433904846725484
TXN-01765,LST-5716,BYR-2039,AGT-0134,1618789.95,2023-01-14,2023-02-10,90271.27,Pending,Jumbo,True,27,5.576465927528152
TXN-01766,LST-5586,BYR-3989,AGT-0088,2090154.07,2021-06-11,2021-07-11,115254.89,Pending,VA,True,30,5.514181545478128
TXN-01767,LST-4252,BYR-2349,AGT-0275,1870579.58,2021-06-29,2021-08-01,72866.03,Cancelled,Cash,True,33,3.895371829088394
TXN-01768,LST-4035,BYR-0896,AGT-0075,1163216.62,2023-08-21,2023-09-23,69182.93,Pending,Conventional,True,33,5.947553431621359
TXN-01769,LST-4749,BYR-0940,AGT-0025,636236.16,2024-05-02,2024-06-12,22243.58,Completed,VA,True,41,3.4961200570555433
TXN-01770,LST-2293,BYR-1374,AGT-0273,685550.94,2024-06-12,2024-07-23,38592.12,Unknown,Conventional,True,41,5.629358483557765
TXN-01771,LST-1980,BYR-0100,AGT-0261,389317.86,2023-02-04,2023-02-20,17724.08,Completed,VA,True,16,4.552598742837024
TXN-01772,LST-0673,BYR-3329,AGT-0152,1830045.0,2022-10-26,2022-11-13,88208.8,Pending,Conventional,False,18,4.820034480026448
TXN-01773,LST-5161,BYR-0761,AGT-0250,1734606.34,2022-12-05,2023-01-14,56635.39,Cancelled,Conventional,True,40,3.2650284213765755
TXN-01774,LST-2151,BYR-3494,AGT-0023,2319802.46,2021-12-19,2022-01-30,87778.2,Cancelled,FHA,True,42,3.7838652865296125
TXN-01775,LST-0544,BYR-0402,AGT-0016,2808687.95,2021-10-30,2021-12-09,115995.87,Pending,Conventional,False,40,4.129895241655449
TXN-01776,LST-4576,BYR-1307,AGT-0086,2477851.75,2020-04-26,2020-05-18,129194.13,Cancelled,USDA,True,22,5.21395721112048
TXN-01777,LST-1685,BYR-1673,AGT-0170,2064636.01,2021-12-18,2022-01-19,114820.69,Pending,Conventional,True,32,5.561304241709898
TXN-01778,LST-4439,BYR-0147,AGT-0288,1588300.86,2022-08-09,2022-08-31,90781.88,Cancelled,VA,False,22,5.715660192993914
TXN-01779,LST-2843,BYR-3714,AGT-0152,1353763.85,2024-07-19,2024-08-17,36820.78,Unknown,Conventional,True,29,2.7198820532842563
TXN-01780,LST-5982,BYR-1463,AGT-0238,1310166.56,2020-12-28,2021-01-22,41335.3,Cancelled,Conventional,True,25,3.1549652740335548
TXN-01781,LST-2413,BYR-0386,AGT-0129,651511.59,2021-05-25,2021-07-03,28479.55,Cancelled,Cash,True,39,4.371303663224165
TXN-01782,LST-3310,BYR-1882,AGT-0121,2144542.22,2023-07-13,2023-08-25,73354.53,Cancelled,Jumbo,True,43,3.420521606704483
TXN-01783,LST-2926,BYR-3588,AGT-0050,2347026.58,2023-09-18,2023-11-02,93805.43,Completed,Cash,True,45,3.996777488561718
TXN-01784,LST-5170,BYR-0571,AGT-0243,1090090.05,2022-06-18,2022-07-13,39840.97,Cancelled,Cash,True,25,3.654832919537244
TXN-01785,LST-5504,BYR-1556,AGT-0236,1725204.42,2022-05-08,2022-06-17,52758.31,Cancelled,Cash,False,40,3.0580903566198843
TXN-01786,LST-2181,BYR-1477,AGT-0214,853960.92,2020-08-27,2020-09-23,23231.18,Pending,Cash,False,27,2.7204031772320447
TXN-01787,LST-3973,BYR-0040,AGT-0242,1777885.93,2022-11-18,2022-12-29,79772.99,Pending,Conventional,True,41,4.486957720622717
TXN-01788,LST-5082,BYR-1123,AGT-0247,463523.96,2024-06-09,2024-07-17,22277.18,Pending,Conventional,False,38,4.806047135082294
TXN-01789,LST-0056,BYR-1299,AGT-0277,2162182.45,2023-09-20,2023-10-13,78061.84,Pending,Conventional,True,23,3.6103262238577503
TXN-01790,LST-5212,BYR-2421,AGT-0092,3101870.6,2022-03-08,2022-04-03,112462.3,Pending,Conventional,True,26,3.6256283547095745
TXN-01791,LST-5357,BYR-3960,AGT-0122,780787.28,2022-07-26,2022-09-06,44462.37,Cancelled,Conventional,True,42,5.6945561408223755
TXN-01792,LST-5347,BYR-1105,AGT-0271,2618589.77,2022-12-13,2023-01-08,90523.79,Cancelled,Conventional,True,26,3.4569672209480906
TXN-01793,LST-4151,BYR-1667,AGT-0061,915032.59,2022-09-21,2022-10-07,50436.94,Cancelled,Conventional,True,16,5.512037554859113
TXN-01794,LST-3378,BYR-1763,AGT-0108,2050576.25,2022-04-07,2022-04-27,51769.25,Pending,Conventional,False,20,2.5246196038796413
TXN-01795,LST-3806,BYR-1179,AGT-0169,2119233.49,2022-08-19,2022-09-28,57081.45,Completed,Cash,True,40,2.6934950900573016
TXN-01796,LST-5401,BYR-1865,AGT-0160,2281431.05,2020-12-21,2021-01-23,110373.37,Cancelled,Jumbo,True,33,4.837900755317589
TXN-01797,LST-1719,BYR-2326,AGT-0290,1150883.44,2024-10-03,2024-11-06,41204.69,Completed,Jumbo,True,34,3.5802661301651892
TXN-01798,LST-3623,BYR-1645,AGT-0232,1999880.33,2023-06-22,2023-07-07,92743.61,Cancelled,Conventional,False,15,4.637457982298371
TXN-01799,LST-0829,BYR-0267,AGT-0126,1689505.49,2022-10-28,2022-12-12,76341.53,Cancelled,Conventional,False,45,4.518572472942956
TXN-01800,LST-4965,BYR-1993,AGT-0152,394244.38,2021-11-28,2021-12-23,12383.1,Cancelled,FHA,True,25,3.140970582763919
TXN-01801,LST-1464,BYR-0723,AGT-0143,1772281.38,2023-04-26,2023-06-03,87602.41,Pending,Conventional,True,38,4.942917698542881
TXN-01802,LST-2938,BYR-2068,AGT-0266,699274.34,2024-02-23,2024-04-02,32427.6,Cancelled,Conventional,True,39,4.637321598272861
TXN-01803,LST-3778,BYR-0006,AGT-0122,1062415.43,2022-08-02,2022-08-20,27817.54,Pending,FHA,True,18,2.618329818496706
TXN-01804,LST-3488,BYR-1404,AGT-0090,895582.62,2020-12-04,2021-01-02,35053.15,Cancelled,FHA,True,29,3.9140051645933016
TXN-01805,LST-0293,BYR-3551,AGT-0153,1006789.43,2020-10-06,2020-10-22,31471.06,Cancelled,USDA,True,16,3.125883035939302
TXN-01806,LST-5575,BYR-3671,AGT-0240,950512.13,2023-12-23,2024-01-20,50877.7,Cancelled,VA,True,28,5.352661832942626
TXN-01807,LST-2522,BYR-2454,AGT-0121,1100257.51,2022-05-14,2022-06-11,49951.11,Cancelled,Cash,False,28,4.5399471983608635
TXN-01808,LST-3008,BYR-3978,AGT-0020,570828.16,2023-01-16,2023-02-01,16479.19,Pending,USDA,True,16,2.8868915647048663
TXN-01809,LST-4997,BYR-2730,AGT-0264,320379.16,2022-05-28,2022-07-03,8570.5,Cancelled,VA,True,36,2.675111577170001
TXN-01810,LST-0505,BYR-3856,AGT-0284,1867548.5,2021-05-14,2021-06-13,95010.04,Unknown,Cash,True,30,5.087420219608754
TXN-01811,LST-2034,BYR-1350,AGT-0016,1298626.04,2024-09-24,2024-10-29,61485.33,Pending,Cash,True,35,4.73464477887722
TXN-01812,LST-0380,BYR-1297,AGT-0149,1308354.45,2020-05-08,2020-05-28,44734.87,Completed,Conventional,True,20,3.4191705466358915
TXN-01813,LST-2950,BYR-3233,AGT-0282,702065.38,2021-07-20,2021-08-20,31405.52,Completed,VA,False,31,4.473304181442475
TXN-01814,LST-4916,BYR-0425,AGT-0162,1311001.63,2022-12-25,2023-02-04,43263.38,Completed,Conventional,True,41,3.300024882501481
TXN-01815,LST-1651,BYR-0298,AGT-0016,788548.04,2023-10-01,2023-10-23,22508.24,Pending,Conventional,False,22,2.8543904566676748
TXN-01816,LST-5020,BYR-1501,AGT-0156,1954449.48,2022-02-12,2022-03-04,108721.32,Cancelled,Conventional,True,20,5.56275928912729
TXN-01817,LST-2716,BYR-0889,AGT-0135,1450913.42,2024-08-16,2024-09-09,44797.33,Pending,FHA,False,24,3.0875260634090766
TXN-01818,LST-1745,BYR-3228,AGT-0144,1130881.19,2023-03-07,2023-03-22,31306.6,Completed,VA,False,15,2.7683367869970494
TXN-01819,LST-0918,BYR-0461,AGT-0054,534817.04,2021-02-04,2021-02-28,28240.68,Pending,VA,True,24,5.280437586655803
TXN-01820,LST-4066,BYR-3567,AGT-0141,2155456.14,2021-06-08,2021-06-28,80805.12,Pending,Cash,True,20,3.748864033948749
TXN-01821,LST-2972,BYR-1940,AGT-0038,1025517.02,2024-03-04,2024-03-24,31711.98,Cancelled,Cash,True,20,3.09229192510135
TXN-01822,LST-0097,BYR-3450,AGT-0056,1773274.48,2020-10-30,2020-11-22,93729.21,Completed,Cash,True,23,5.285657187149054
TXN-01823,LST-4870,BYR-1644,AGT-0063,1984776.03,2020-06-29,2020-07-24,66970.35,Completed,Conventional,True,25,3.374201874052258
TXN-01824,LST-2878,BYR-3064,AGT-0224,2217013.23,2023-10-11,2023-11-20,63392.26,Pending,Cash,True,40,2.85935415910892
TXN-01825,LST-3587,BYR-1648,AGT-0191,1783122.29,2021-01-09,2021-02-07,100587.19,Unknown,Cash,True,29,5.641070753481523
TXN-01826,LST-4386,BYR-2918,AGT-0056,614026.79,2023-01-08,2023-02-11,32506.44,Pending,USDA,False,34,5.2939774826437125
TXN-01827,LST-0272,BYR-1362,AGT-0067,1361758.73,2021-04-03,2021-04-27,64535.27,Completed,Cash,True,24,4.739111898331652
TXN-01828,LST-5441,BYR-0346,AGT-0294,1654349.55,2022-01-22,2022-03-01,44461.74,Completed,Cash,True,38,2.6875662401576497
TXN-01829,LST-1569,BYR-2236,AGT-0182,2346491.82,2022-02-21,2022-03-09,91744.93,Cancelled,Conventional,False,16,3.9098764043422065
TXN-01830,LST-4435,BYR-3921,AGT-0245,2368121.74,2020-05-01,2020-05-20,139916.61,Pending,Cash,False,19,5.908336874606792
TXN-01831,LST-5633,BYR-3442,AGT-0173,797352.21,2023-01-25,2023-02-28,38363.23,Cancelled,Conventional,True,34,4.811327982648973
TXN-01832,LST-3151,BYR-0540,AGT-0269,173809.21,2022-06-15,2022-07-05,7413.31,Completed,Conventional,True,20,4.265199755525038
TXN-01833,LST-5217,BYR-1448,AGT-0124,1479624.13,2021-12-28,2022-02-11,58196.83,Cancelled,Jumbo,True,45,3.933217147519756
TXN-01834,LST-0625,BYR-1892,AGT-0282,1347970.18,2022-08-18,2022-09-12,33812.64,Pending,Conventional,False,25,2.5084115733183356
TXN-01835,LST-1161,BYR-1781,AGT-0128,366362.29,2024-07-05,2024-07-22,19012.81,Cancelled,Cash,True,17,5.189619815947761
TXN-01836,LST-1436,BYR-1224,AGT-0234,1535827.79,2020-12-04,2020-12-22,79182.0,Pending,Cash,True,18,5.155656155954828
TXN-01837,LST-3903,BYR-2513,AGT-0282,1366540.27,2023-09-25,2023-10-24,77899.68,Completed,VA,True,29,5.700503798545212
TXN-01838,LST-0554,BYR-1165,AGT-0183,524976.66,2023-10-03,2023-10-22,22006.44,Cancelled,Conventional,False,19,4.1918892165605985
TXN-01839,LST-3998,BYR-3140,AGT-0269,1797683.37,2022-08-31,2022-10-12,88159.69,Cancelled,Conventional,True,42,4.904072178183413
TXN-01840,LST-0733,BYR-3577,AGT-0186,711098.28,2021-07-28,2021-09-05,40384.75,Pending,Conventional,True,39,5.67920794295832
TXN-01841,LST-2619,BYR-1726,AGT-0195,882584.51,2020-03-30,2020-05-03,49630.51,Completed,Cash,True,34,5.623315324217508
TXN-01842,LST-4000,BYR-3169,AGT-0292,1590762.94,2021-04-06,2021-05-09,77428.76,Cancelled,Jumbo,True,33,4.867397778326417
TXN-01843,LST-5345,BYR-2601,AGT-0036,2217504.46,2023-08-18,2023-09-23,93867.59,Cancelled,Cash,False,36,4.2330282393208805
TXN-01844,LST-5009,BYR-0691,AGT-0125,359321.95,2020-08-14,2020-09-16,17536.89,Pending,Conventional,True,33,4.880550715034246
TXN-01845,LST-0327,BYR-2644,AGT-0029,1188307.71,2024-04-04,2024-05-07,40891.52,Cancelled,Conventional,False,33,3.441155826549337
TXN-01846,LST-2700,BYR-2988,AGT-0181,259522.17,2022-07-23,2022-08-28,7347.2,Completed,VA,True,36,2.8310490776183013
TXN-01847,LST-3228,BYR-2071,AGT-0131,1924573.64,2020-12-08,2021-01-01,62264.17,Completed,Cash,True,24,3.2352188924295984
TXN-01848,LST-2442,BYR-0472,AGT-0025,1037603.88,2021-07-18,2021-08-14,45506.76,Cancelled,Conventional,True,27,4.385754609938429
TXN-01849,LST-1752,BYR-1858,AGT-0012,1148490.35,2024-10-18,2024-11-29,32881.53,Completed,VA,True,42,2.8630218791128716
TXN-01850,LST-5363,BYR-1032,AGT-0268,623373.92,2020-07-09,2020-08-21,17338.97,Pending,Cash,True,43,2.7814718331495163
TXN-01851,LST-0511,BYR-1209,AGT-0048,1939468.01,2022-03-20,2022-04-08,112993.7,Pending,Conventional,True,19,5.82601514525625
TXN-01852,LST-5763,BYR-1155,AGT-0013,2376799.33,2020-05-06,2020-05-30,136278.61,Cancelled,Conventional,False,24,5.733702811166645
TXN-01853,LST-4858,BYR-1581,AGT-0031,910847.21,2021-04-30,2021-05-22,23287.36,Pending,VA,True,22,2.556670289411108
TXN-01854,LST-2299,BYR-2956,AGT-0028,433667.9,2022-07-13,2022-07-28,23140.39,Cancelled,Conventional,False,15,5.335970220530503
TXN-01855,LST-0959,BYR-0567,AGT-0225,1302710.49,2022-01-17,2022-02-14,68614.57,Pending,Conventional,True,28,5.2670620622698765
TXN-01856,LST-4431,BYR-1150,AGT-0226,1783400.09,2021-07-08,2021-07-30,87349.08,Completed,USDA,True,22,4.897895906240534
TXN-01857,LST-5941,BYR-2669,AGT-0241,457578.61,2022-07-28,2022-09-01,14063.19,Cancelled,USDA,False,35,3.0733932252646166
TXN-01858,LST-3973,BYR-3261,AGT-0125,1756107.95,2023-03-28,2023-04-23,52206.71,Pending,Conventional,False,26,2.9728645098383617
TXN-01859,LST-4732,BYR-0529,AGT-0106,857219.9,2022-04-29,2022-06-08,24435.41,Cancelled,Cash,True,40,2.8505416171509785
TXN-01860,LST-4784,BYR-3712,AGT-0112,2200794.26,2021-11-13,2021-12-03,111034.78,Cancelled,Cash,False,20,5.045213994696624
TXN-01861,LST-2829,BYR-2253,AGT-0224,2318567.17,2020-07-29,2020-09-07,120113.91,Cancelled,Cash,False,40,5.180523193554923
TXN-01862,LST-4620,BYR-0344,AGT-0178,167817.56,2022-09-30,2022-11-02,9480.85,Pending,Conventional,True,33,5.649498181239199
TXN-01863,LST-5728,BYR-3666,AGT-0202,1145506.06,2024-02-21,2024-04-01,40713.26,Completed,Cash,False,40,3.554172380371344
TXN-01864,LST-0633,BYR-0820,AGT-0240,2492901.93,2024-09-19,2024-10-29,127738.95,Pending,Conventional,True,40,5.124106506668716
TXN-01865,LST-0766,BYR-2277,AGT-0131,472274.67,2023-05-31,2023-07-08,23098.6,Completed,VA,False,38,4.890925020391205
TXN-01866,LST-2161,BYR-2843,AGT-0281,1199776.67,2021-10-18,2021-11-27,59330.68,Cancelled,Conventional,True,40,4.9451436657790655
TXN-01868,LST-1403,BYR-2423,AGT-0043,377976.77,2023-03-12,2023-04-18,13877.11,Cancelled,VA,True,37,3.671418748829459
TXN-01869,LST-3484,BYR-1944,AGT-0235,395999.85,2021-12-21,2022-01-14,14620.12,Pending,Conventional,True,24,3.691950893415743
TXN-01870,LST-1915,BYR-2901,AGT-0222,714138.18,2023-01-08,2023-01-27,28336.76,Completed,FHA,False,19,3.967965975436294
TXN-01871,LST-0752,BYR-0861,AGT-0291,1195762.85,2021-07-27,2021-09-07,60896.87,Pending,Jumbo,True,42,5.092721353569397
TXN-01872,LST-3233,BYR-1872,AGT-0164,2559461.53,2022-05-05,2022-05-29,140678.7,Completed,Jumbo,True,24,5.4964178344184775
TXN-01873,LST-5846,BYR-1062,AGT-0126,2053493.04,2022-03-13,2022-04-08,58202.02,Pending,Conventional,True,26,2.834293511898146
TXN-01874,LST-1946,BYR-0107,AGT-0227,1395652.4,2023-12-12,2023-12-31,67406.48,Completed,VA,True,19,4.82974700577307
TXN-01875,LST-0187,BYR-3405,AGT-0157,453689.28,2023-05-25,2023-06-09,22759.87,Pending,FHA,False,15,5.016620626345855
TXN-01876,LST-2795,BYR-3991,AGT-0221,993737.35,2022-11-01,2022-11-30,47937.1,Pending,Conventional,True,29,4.823920525881411
TXN-01877,LST-5717,BYR-1794,AGT-0123,238203.39,2023-12-16,2024-01-07,10557.96,Pending,Cash,True,22,4.432329867345716
TXN-01878,LST-1360,BYR-0469,AGT-0082,1327259.03,2021-02-07,2021-02-27,33368.77,Pending,Cash,True,20,2.5141113562437014
TXN-01879,LST-3100,BYR-3451,AGT-0205,1261257.94,2024-02-25,2024-03-13,33653.2,Completed,Jumbo,True,17,2.668225026198844
TXN-01880,LST-2593,BYR-0736,AGT-0275,684751.54,2022-01-07,2022-02-15,24969.54,Cancelled,Conventional,True,39,3.6465109665908892
TXN-01881,LST-3941,BYR-2045,AGT-0267,1710159.88,2022-08-28,2022-10-05,58012.79,Completed,Cash,False,38,3.3922436538506564
TXN-01882,LST-1291,BYR-1711,AGT-0259,2256957.02,2022-08-27,2022-09-14,63245.05,Cancelled,Cash,True,18,2.8022266015504362
TXN-01883,LST-5860,BYR-1273,AGT-0264,448129.68,2023-02-23,2023-03-16,16164.42,Cancelled,Conventional,True,21,3.6070853419037094
TXN-01884,LST-2594,BYR-4000,AGT-0099,433797.87,2020-12-05,2020-12-26,13916.01,Unknown,Conventional,True,21,3.2079479781678044
TXN-01885,LST-0044,BYR-0768,AGT-0059,151839.1,2021-12-19,2022-01-23,5818.28,Completed,FHA,True,35,3.831872027692471
TXN-01887,LST-3352,BYR-3855,AGT-0200,1304519.03,2020-02-15,2020-03-07,67998.93,Completed,Conventional,True,21,5.212567117552895
TXN-01888,LST-0164,BYR-0051,AGT-0254,182783.02,2020-12-23,2021-01-08,8419.95,Completed,Jumbo,False,16,4.606527455340218
TXN-01889,LST-2543,BYR-1150,AGT-0030,2537748.22,2021-07-12,2021-08-08,131948.3,Cancelled,VA,False,27,5.199424393646111
TXN-01890,LST-2185,BYR-1151,AGT-0108,2607441.35,2022-12-04,2022-12-30,86857.01,Pending,FHA,True,26,3.3311203720843037
TXN-01891,LST-0787,BYR-3084,AGT-0240,1086684.23,2022-12-31,2023-01-29,50430.91,Cancelled,Jumbo,True,29,4.640806280956153
TXN-01892,LST-5838,BYR-2623,AGT-0298,1997302.47,2021-06-06,2021-07-19,78958.39,Unknown,FHA,True,43,3.9532515072692016
TXN-01893,LST-5389,BYR-3829,AGT-0229,717781.44,2022-04-22,2022-05-25,26120.95,Pending,Conventional,True,33,3.639123073452554
TXN-01894,LST-1996,BYR-1347,AGT-0128,750990.99,2020-07-03,2020-08-12,25643.25,Pending,FHA,False,40,3.41458823627165
TXN-01895,LST-5851,BYR-3172,AGT-0072,381139.87,2021-12-29,2022-02-12,19232.46,Pending,Conventional,False,45,5.046037298590672
TXN-01896,LST-0891,BYR-2432,AGT-0264,2833999.74,2023-11-05,2023-12-18,91418.86,Cancelled,Conventional,True,43,3.2257892867696594
TXN-01897,LST-5966,BYR-2019,AGT-0074,1598567.66,2022-01-14,2022-02-20,74634.48,Cancelled,VA,True,37,4.668834599093541
TXN-01898,LST-5896,BYR-3005,AGT-0088,603305.42,2022-10-21,2022-11-08,15818.47,Unknown,FHA,True,18,2.621967162171359
TXN-01899,LST-5004,BYR-2447,AGT-0068,823299.59,2021-06-19,2021-07-05,28060.85,Cancelled,Jumbo,False,16,3.4083400916062643
TXN-01900,LST-3842,BYR-2649,AGT-0060,2898005.62,2020-06-09,2020-07-12,75057.59,Cancelled,VA,True,33,2.5899739283459358
TXN-01901,LST-5438,BYR-3973,AGT-0138,664976.91,2024-05-11,2024-06-06,28160.4,Completed,FHA,True,26,4.23479365621883
TXN-01902,LST-0023,BYR-0978,AGT-0283,125818.3,2024-07-03,2024-08-03,3907.1,Completed,Conventional,True,31,3.1053511293667135
TXN-01903,LST-2381,BYR-3634,AGT-0280,2431835.76,2022-02-22,2022-03-30,112912.52,Pending,VA,False,36,4.643098101329015
TXN-01904,LST-5603,BYR-0899,AGT-0001,500450.23,2020-12-29,2021-01-29,14992.22,Cancelled,FHA,True,31,2.9957464501514965
TXN-01905,LST-5708,BYR-3096,AGT-0137,2307702.05,2023-12-24,2024-02-07,104830.54,Pending,Conventional,True,45,4.542637555831785
TXN-01906,LST-5296,BYR-3763,AGT-0221,1616230.86,2021-01-21,2021-02-11,74970.78,Pending,Jumbo,True,21,4.63861827263959
TXN-01907,LST-3536,BYR-2262,AGT-0011,703318.68,2020-04-10,2020-05-11,41418.9,Cancelled,FHA,True,31,5.889065821485077
TXN-01908,LST-5162,BYR-3614,AGT-0049,1712461.83,2021-01-26,2021-02-14,92030.25,Cancelled,Conventional,True,19,5.374148981761538
TXN-01909,LST-5489,BYR-1274,AGT-0152,2308269.77,2023-09-28,2023-10-20,115071.5,Completed,Conventional,True,22,4.985184205743855
TXN-01910,LST-0546,BYR-3450,AGT-0059,1823516.48,2022-07-04,2022-08-13,99502.11,Pending,Conventional,False,40,5.456606018718295
TXN-01911,LST-0210,BYR-1116,AGT-0070,2304827.66,2022-10-23,2022-12-07,68579.46,Completed,Conventional,False,45,2.975470191988238
TXN-01912,LST-1736,BYR-2702,AGT-0062,421144.25,2022-07-06,2022-07-26,17125.23,Completed,Conventional,True,20,4.066357311063846
TXN-01913,LST-0312,BYR-1383,AGT-0221,750158.26,2021-07-08,2021-08-07,33359.11,Cancelled,FHA,True,30,4.446942969074286
TXN-01914,LST-1291,BYR-2517,AGT-0276,1931363.63,2022-08-03,2022-09-15,92160.46,Pending,Conventional,True,43,4.7717818938114736
TXN-01915,LST-1011,BYR-0206,AGT-0198,58914.87,2023-02-28,2023-03-17,1546.44,Cancelled,Conventional,True,17,2.624872124813311
TXN-01916,LST-5225,BYR-1038,AGT-0002,2226118.13,2024-01-06,2024-01-23,71958.92,Cancelled,Cash,True,17,3.2324843425986565
TXN-01917,LST-1676,BYR-0350,AGT-0042,334778.21,2020-05-30,2020-06-22,16618.31,Unknown,Cash,True,23,4.963976000708051
TXN-01918,LST-1682,BYR-2089,AGT-0087,2131914.7,2021-05-04,2021-06-18,88140.91,Completed,FHA,True,45,4.134354437351551
TXN-01919,LST-0744,BYR-2893,AGT-0202,2067021.64,2022-09-05,2022-10-09,77371.85,Completed,Jumbo,True,34,3.7431562641985696
TXN-01920,LST-5853,BYR-2681,AGT-0150,2622015.33,2023-06-28,2023-07-22,137538.87,Pending,Cash,False,24,5.245540269209639
TXN-01921,LST-1870,BYR-0007,AGT-0221,2011185.95,2020-04-22,2020-05-11,116105.33,Pending,Conventional,True,19,5.772978376266004
TXN-01922,LST-3452,BYR-3351,AGT-0126,2324823.07,2021-03-02,2021-04-16,137508.41,Pending,FHA,True,45,5.914790324237449
TXN-01923,LST-2134,BYR-1915,AGT-0179,2499127.88,2024-07-18,2024-08-17,82152.98,Cancelled,Conventional,True,30,3.2872659561542728
TXN-01924,LST-5332,BYR-0881,AGT-0204,1061577.18,2024-04-03,2024-04-26,51636.85,Cancelled,VA,True,23,4.864163526951475
TXN-01925,LST-5717,BYR-1190,AGT-0073,242628.36,2023-09-29,2023-10-14,13720.65,Cancelled,VA,True,15,5.655006694188594
TXN-01926,LST-2873,BYR-0699,AGT-0146,2367892.85,2023-04-28,2023-06-09,95546.55,Completed,VA,True,42,4.03508756741252
TXN-01927,LST-4738,BYR-2375,AGT-0130,907361.71,2020-08-10,2020-09-09,23548.67,Completed,Conventional,True,30,2.5952902508967455
TXN-01928,LST-0745,BYR-2151,AGT-0268,1974082.3,2020-10-16,2020-11-17,90515.79,Pending,USDA,True,32,4.5852085295532
TXN-01929,LST-3358,BYR-3543,AGT-0290,386772.04,2023-10-28,2023-11-19,22091.38,Pending,Conventional,False,22,5.711731385753739
TXN-01930,LST-4137,BYR-2748,AGT-0137,1694812.22,2020-08-19,2020-09-26,45769.88,Pending,Jumbo,False,38,2.7005870892292716
TXN-01931,LST-0375,BYR-2309,AGT-0052,249398.83,2021-06-27,2021-07-19,11915.62,Cancelled,Conventional,True,22,4.777736928437075
TXN-01932,LST-2912,BYR-3863,AGT-0064,1326724.1,2020-10-18,2020-11-29,76605.28,Completed,FHA,True,42,5.774017371057026
TXN-01933,LST-0748,BYR-2744,AGT-0052,243577.87,2020-12-12,2021-01-20,6228.11,Completed,Cash,True,39,2.556927688053106
TXN-01934,LST-3530,BYR-0164,AGT-0120,1508101.63,2021-03-20,2021-04-07,61255.99,Completed,Conventional,True,18,4.0617945622139535
TXN-01935,LST-4435,BYR-0034,AGT-0175,2208486.45,2020-03-30,2020-04-24,57571.33,Completed,Conventional,False,25,2.6068228763640366
TXN-01936,LST-0184,BYR-0646,AGT-0121,1103605.49,2020-06-27,2020-07-12,60143.51,Cancelled,Conventional,True,15,5.449729141887469
TXN-01937,LST-3341,BYR-0111,AGT-0270,2317683.41,2022-05-29,2022-07-03,67311.67,Cancelled,Cash,True,35,2.9042650825204808
TXN-01938,LST-1945,BYR-1143,AGT-0013,522665.81,2022-06-27,2022-07-22,22372.53,Unknown,Cash,True,25,4.280465561732457
TXN-01939,LST-5623,BYR-0328,AGT-0085,1717295.29,2022-11-29,2022-12-27,74728.92,Completed,Cash,False,28,4.351547484882463
TXN-01940,LST-1049,BYR-0925,AGT-0100,2191510.5,2022-04-29,2022-06-07,56089.73,Unknown,Jumbo,True,39,2.5594095944326987
TXN-01941,LST-5424,BYR-0552,AGT-0083,120205.88,2022-05-18,2022-06-16,4247.22,Pending,Cash,True,29,3.5332880554595167
TXN-01943,LST-2569,BYR-0430,AGT-0028,1607056.6,2020-08-28,2020-09-14,45948.1,Cancelled,Cash,False,17,2.8591463424499173
TXN-01944,LST-0905,BYR-2045,AGT-0296,1903164.38,2023-02-12,2023-03-11,51807.71,Cancelled,VA,True,27,2.722187875332135
TXN-01945,LST-5110,BYR-2810,AGT-0007,61863.51,2021-05-14,2021-06-21,3367.71,Completed,Conventional,True,38,5.443774528797348
TXN-01946,LST-2635,BYR-3969,AGT-0157,1140449.23,2022-01-07,2022-01-29,31225.68,Completed,FHA,True,22,2.738015790496873
TXN-01947,LST-3426,BYR-2146,AGT-0099,2173727.92,2024-05-07,2024-06-03,120697.14,Pending,Conventional,True,27,5.552541276646987
TXN-01948,LST-3411,BYR-2009,AGT-0043,1976915.96,2020-08-23,2020-09-30,78471.26,Cancelled,Conventional,True,38,3.9693776360629913
TXN-01949,LST-1124,BYR-3630,AGT-0223,2202024.23,2023-11-02,2023-11-28,73248.01,Cancelled,FHA,True,26,3.3263943694207216
TXN-01950,LST-0288,BYR-0533,AGT-0152,1294643.53,2022-12-02,2023-01-09,75611.47,Cancelled,Conventional,True,38,5.84033119912166
TXN-01951,LST-5301,BYR-3845,AGT-0293,799017.91,2024-06-21,2024-07-11,35626.45,Pending,Cash,False,20,4.458779903944831
TXN-01952,LST-5407,BYR-2259,AGT-0247,2346802.9,2021-11-17,2021-12-15,121745.7,Cancelled,Conventional,True,28,5.187725820519482
TXN-01953,LST-0322,BYR-2708,AGT-0150,676869.63,2020-11-21,2020-12-25,28766.17,Completed,Cash,True,34,4.249883393350061
TXN-01954,LST-5589,BYR-2803,AGT-0034,1073315.83,2021-02-20,2021-04-04,31630.33,Completed,Cash,False,43,2.946973212907891
TXN-01955,LST-5361,BYR-3792,AGT-0061,1611777.13,2022-08-06,2022-09-05,56602.7,Cancelled,Conventional,False,30,3.5118192798777335
TXN-01956,LST-4514,BYR-0011,AGT-0228,1840007.25,2020-03-01,2020-03-18,64728.73,Cancelled,Conventional,False,17,3.5178518997683295
TXN-01957,LST-3154,BYR-2604,AGT-0157,1126071.94,2023-09-04,2023-10-06,39275.68,Cancelled,Conventional,True,32,3.4878482097689076
TXN-01958,LST-5335,BYR-3601,AGT-0276,1454433.97,2021-04-26,2021-05-23,51530.68,Pending,Conventional,False,27,3.5430058058943716
TXN-01959,LST-5617,BYR-3195,AGT-0188,960116.79,2024-04-30,2024-06-08,39229.85,Completed,Conventional,True,39,4.085945627510586
TXN-01960,LST-5773,BYR-0129,AGT-0264,884716.78,2021-06-12,2021-07-16,35059.11,Completed,Cash,True,34,3.9627495253339715
TXN-01961,LST-5170,BYR-0755,AGT-0098,915852.77,2022-07-18,2022-08-08,27333.62,Cancelled,Conventional,True,21,2.9844993535369224
TXN-01962,LST-3676,BYR-0498,AGT-0101,425898.15,2023-09-17,2023-10-04,13721.54,Pending,FHA,False,17,3.221789059191734
TXN-01963,LST-2942,BYR-0737,AGT-0273,1901776.72,2020-10-02,2020-10-24,63275.24,Pending,Conventional,True,22,3.3271645054104986
TXN-01964,LST-5019,BYR-1800,AGT-0135,1748608.85,2022-02-09,2022-03-08,101794.91,Pending,FHA,True,27,5.821479743740288
TXN-01965,LST-0604,BYR-2786,AGT-0121,2287491.73,2022-11-25,2022-12-16,104679.85,Cancelled,FHA,False,21,4.57618485029452
TXN-01966,LST-2506,BYR-1962,AGT-0066,1768641.19,2024-03-29,2024-04-19,57139.35,Completed,Conventional,True,21,3.2306920320000008
TXN-01967,LST-4610,BYR-2383,AGT-0072,1458657.35,2020-07-25,2020-09-06,69179.13,Cancelled,FHA,False,43,4.7426580341161
TXN-01968,LST-1445,BYR-2393,AGT-0030,1476410.94,2022-10-08,2022-11-11,64309.15,Pending,Conventional,True,34,4.3557757706672104
TXN-01969,LST-5149,BYR-2923,AGT-0166,1913393.5,2022-11-12,2022-11-28,57470.88,Pending,FHA,True,16,3.0036100781151394
TXN-01970,LST-5624,BYR-2227,AGT-0015,2138884.58,2020-10-27,2020-12-05,79675.97,Pending,Conventional,False,39,3.725117790133398
TXN-01972,LST-5837,BYR-2468,AGT-0176,275489.84,2023-10-11,2023-10-29,14168.35,Pending,Conventional,False,18,5.142966433898252
TXN-01973,LST-2152,BYR-3150,AGT-0300,2444511.69,2024-07-17,2024-08-17,117498.01,Pending,Cash,True,31,4.806604545221054
TXN-01974,LST-2819,BYR-1325,AGT-0272,1185476.32,2022-10-31,2022-12-09,49092.16,Completed,Conventional,True,39,4.141133751199686
TXN-01975,LST-3675,BYR-3029,AGT-0081,909807.76,2023-01-01,2023-01-27,25056.83,Completed,Conventional,True,26,2.7540796090813733
TXN-01976,LST-5722,BYR-3661,AGT-0159,2415127.73,2024-01-12,2024-02-07,86480.31,Pending,FHA,True,26,3.5807758291939282
TXN-01977,LST-0337,BYR-2105,AGT-0081,856958.51,2022-10-10,2022-11-24,40356.42,Completed,Jumbo,True,45,4.709261828790287
TXN-01978,LST-0782,BYR-3360,AGT-0166,1518627.06,2024-03-25,2024-05-06,83456.79,Completed,VA,False,42,5.495542137909751
TXN-01979,LST-0035,BYR-2798,AGT-0207,2606748.5,2021-01-04,2021-01-25,98283.59,Cancelled,Cash,False,21,3.77035183869867
TXN-01980,LST-4447,BYR-3552,AGT-0261,1707534.58,2021-02-08,2021-03-02,94893.59,Pending,FHA,True,22,5.5573451402665
TXN-01981,LST-1601,BYR-1421,AGT-0104,2202492.18,2023-12-08,2024-01-20,102134.99,Pending,Conventional,True,43,4.637246430541243
TXN-01982,LST-0152,BYR-3249,AGT-0220,2122696.36,2023-09-22,2023-10-30,82414.88,Cancelled,VA,True,38,3.8825562408746963
TXN-01983,LST-3556,BYR-3779,AGT-0116,197620.96,2020-10-16,2020-11-24,9853.34,Completed,VA,True,39,4.985979220017958
TXN-01984,LST-0419,BYR-0179,AGT-0152,688387.44,2023-05-28,2023-06-27,35572.21,Pending,Jumbo,True,30,5.16746935417648
TXN-01985,LST-4764,BYR-0678,AGT-0043,1384459.54,2024-01-27,2024-02-23,56194.25,Cancelled,Cash,True,27,4.058930461774275
TXN-01986,LST-2797,BYR-0052,AGT-0219,583394.46,2023-03-12,2023-03-31,29614.45,Cancelled,FHA,True,19,5.076230926155864
TXN-01987,LST-1540,BYR-1929,AGT-0183,1351776.79,2020-09-12,2020-10-10,37843.26,Completed,Cash,False,28,2.7995198822728713
TXN-01988,LST-3850,BYR-3476,AGT-0061,1871813.42,2022-06-08,2022-07-23,83671.16,Pending,Conventional,True,45,4.470058773272393
TXN-01989,LST-3828,BYR-3189,AGT-0070,930947.64,2023-01-31,2023-03-02,47584.82,Pending,Conventional,True,30,5.111438920453142
TXN-01990,LST-5780,BYR-1295,AGT-0018,1928793.38,2022-10-07,2022-10-31,90497.79,Cancelled,Conventional,True,24,4.691938023968125
TXN-01991,LST-3731,BYR-2422,AGT-0103,1796240.05,2020-04-27,2020-06-08,56836.28,Cancelled,Conventional,True,42,3.164180645009001
TXN-01992,LST-4577,BYR-3326,AGT-0169,364084.58,2023-10-19,2023-11-10,9989.29,Completed,Cash,True,22,2.7436729124864336
TXN-01993,LST-4625,BYR-1442,AGT-0129,1893224.78,2021-08-21,2021-09-13,65173.24,Unknown,Cash,False,23,3.4424459624915746
TXN-01994,LST-3796,BYR-0979,AGT-0145,1496424.0,2023-08-13,2023-09-10,87285.67,Pending,FHA,False,28,5.832950420469065
TXN-01995,LST-4875,BYR-2739,AGT-0269,407855.81,2023-04-19,2023-06-02,12477.39,Pending,FHA,False,44,3.059264988771399
TXN-01996,LST-0150,BYR-0967,AGT-0221,403308.15,2023-07-29,2023-08-19,11838.8,Cancelled,Conventional,True,21,2.935422951408247
TXN-01997,LST-5595,BYR-0361,AGT-0031,776419.77,2021-02-15,2021-03-26,27217.17,Pending,Jumbo,True,39,3.5054710160201097
TXN-01998,LST-3903,BYR-0855,AGT-0016,1314751.2,2023-05-18,2023-06-15,43583.94,Pending,Jumbo,True,28,3.3149952629820763
TXN-01999,LST-5313,BYR-3707,AGT-0165,1050742.32,2021-04-09,2021-05-04,54181.75,Pending,Conventional,True,25,5.156521153540289
TXN-02000,LST-0152,BYR-1461,AGT-0193,2381938.52,2023-10-11,2023-11-25,98853.14,Pending,Conventional,True,45,4.150112992840806
TXN-02001,LST-1008,BYR-0651,AGT-0054,1436930.66,2022-01-04,2022-01-27,43789.11,Pending,Conventional,True,23,3.047405920060193
TXN-02002,LST-1152,BYR-1524,AGT-0292,491218.61,2023-10-17,2023-11-13,26084.53,Completed,USDA,False,27,5.310167300054043
TXN-02003,LST-4377,BYR-3968,AGT-0245,129712.59,2021-08-19,2021-09-24,6011.67,Pending,Conventional,True,36,4.634607943608249
TXN-02004,LST-1158,BYR-1244,AGT-0132,404683.49,2023-02-10,2023-03-15,11789.3,Completed,Cash,True,33,2.913214967084523
TXN-02005,LST-4568,BYR-2642,AGT-0046,1447435.31,2023-07-25,2023-08-30,40943.65,Cancelled,VA,False,36,2.8287032737925952
TXN-02006,LST-5147,BYR-2791,AGT-0049,169255.87,2021-08-11,2021-09-19,7030.6,Pending,Conventional,True,39,4.153829347248045
TXN-02007,LST-0812,BYR-3267,AGT-0151,1247309.91,2023-07-16,2023-08-13,65707.14,Completed,Conventional,True,28,5.26790811755837
TXN-02008,LST-1939,BYR-3876,AGT-0030,2208421.24,2021-02-01,2021-03-03,130152.7,Completed,Cash,True,30,5.893472569571916
TXN-02009,LST-3335,BYR-0681,AGT-0189,2377183.51,2024-06-29,2024-08-07,140559.57,Pending,Conventional,True,39,5.91286156111692
TXN-02011,LST-0321,BYR-2026,AGT-0270,1297711.38,2022-06-16,2022-07-11,68535.86,Pending,Cash,True,25,5.28128681433001
TXN-02012,LST-4080,BYR-3022,AGT-0268,2003133.15,2023-01-10,2023-02-05,63878.9,Completed,FHA,True,26,3.188949271794539
TXN-02013,LST-4531,BYR-1038,AGT-0038,2366526.85,2021-08-19,2021-09-09,114086.32,Cancelled,Conventional,True,21,4.820833535017783
TXN-02014,LST-2860,BYR-2332,AGT-0010,323924.69,2021-09-24,2021-10-23,16320.02,Pending,Cash,True,29,5.038214283696621
TXN-02015,LST-2572,BYR-1110,AGT-0199,663250.56,2024-07-20,2024-08-17,18480.19,Completed,FHA,True,28,2.786305977638375
TXN-02016,LST-1363,BYR-3431,AGT-0044,397164.2,2021-03-17,2021-04-22,15556.73,Pending,Conventional,True,36,3.916951729284764
TXN-02018,LST-4488,BYR-0014,AGT-0046,1386127.96,2023-02-18,2023-03-23,75310.04,Completed,Conventional,True,33,5.433123216127896
TXN-02019,LST-1521,BYR-2456,AGT-0244,1273968.22,2021-02-09,2021-03-09,42004.87,Completed,FHA,False,28,3.2971678053319105
TXN-02020,LST-2356,BYR-3484,AGT-0011,1389209.47,2024-02-25,2024-03-11,73912.67,Cancelled,VA,False,15,5.3204841743556495
TXN-02021,LST-1749,BYR-2278,AGT-0221,1345436.63,2020-06-21,2020-07-25,43937.88,Completed,Jumbo,False,34,3.265696727760415
TXN-02022,LST-2607,BYR-3305,AGT-0177,847110.64,2022-03-31,2022-05-07,28314.22,Cancelled,FHA,True,37,3.3424465073417093
TXN-02023,LST-5707,BYR-1603,AGT-0192,440215.04,2020-10-03,2020-11-09,25631.19,Completed,Conventional,True,37,5.822424876714798
TXN-02024,LST-1294,BYR-1752,AGT-0081,1762651.79,2024-06-28,2024-08-12,63586.09,Cancelled,Cash,False,45,3.607410741063043
TXN-02025,LST-3935,BYR-3232,AGT-0067,2027347.34,2022-11-03,2022-12-06,118819.28,Completed,FHA,False,33,5.86082501284659
TXN-02026,LST-3776,BYR-0130,AGT-0045,1669096.56,2022-05-13,2022-05-29,44642.86,Pending,Cash,False,16,2.674672099258296
TXN-02027,LST-5666,BYR-3632,AGT-0200,1951538.11,2023-05-19,2023-06-21,83971.44,Cancelled,Jumbo,True,33,4.302833727392595
TXN-02028,LST-3083,BYR-2246,AGT-0064,937177.96,2023-02-06,2023-02-21,29633.95,Cancelled,Jumbo,False,15,3.162040857213501
TXN-02029,LST-1494,BYR-2373,AGT-0036,2397236.46,2020-10-31,2020-12-06,67372.42,Pending,Conventional,True,36,2.8104202953762853
TXN-02030,LST-3530,BYR-3268,AGT-0269,1496583.3,2021-03-07,2021-04-02,57782.41,Cancelled,Conventional,True,26,3.860955150308038
TXN-02031,LST-5427,BYR-3862,AGT-0020,209414.05,2021-10-25,2021-11-25,8798.91,Cancelled,VA,True,31,4.2016808327807995
TXN-02032,LST-0552,BYR-1757,AGT-0144,1368615.2,2021-06-02,2021-07-06,49888.78,Pending,Cash,False,34,3.645201368507379
TXN-02033,LST-3071,BYR-3778,AGT-0114,688462.08,2022-12-07,2023-01-12,31014.75,Pending,Cash,True,36,4.504932210645501
TXN-02034,LST-5898,BYR-1776,AGT-0278,570625.79,2022-09-08,2022-10-12,32984.6,Pending,USDA,True,34,5.780425732247398
TXN-02035,LST-4098,BYR-0036,AGT-0149,1700912.09,2024-08-15,2024-09-29,77217.73,Cancelled,FHA,True,45,4.539783710985321
TXN-02036,LST-5930,BYR-3981,AGT-0092,420805.66,2020-02-29,2020-04-06,14623.46,Completed,Jumbo,False,37,3.4751101018935913
TXN-02037,LST-3720,BYR-3376,AGT-0082,1240388.11,2022-02-13,2022-03-27,66358.22,Completed,Conventional,True,42,5.349794912174706
TXN-02038,LST-1091,BYR-3937,AGT-0272,2254014.41,2024-07-28,2024-09-03,106168.42,Cancelled,Jumbo,True,37,4.71019260253975
TXN-02039,LST-1532,BYR-3231,AGT-0167,500055.25,2023-05-29,2023-06-22,22955.95,Completed,Conventional,False,24,4.590682729558384
TXN-02040,LST-4549,BYR-0090,AGT-0060,1406151.55,2023-09-17,2023-10-26,44178.83,Cancelled,Cash,True,39,3.1418256446113504
TXN-02041,LST-3091,BYR-2988,AGT-0038,1790834.2,2024-01-21,2024-03-06,93507.74,Completed,Conventional,True,45,5.221462712740242
TXN-02042,LST-5595,BYR-3623,AGT-0186,794923.38,2020-12-31,2021-01-28,37750.74,Pending,Jumbo,True,28,4.748978448715397
TXN-02043,LST-4094,BYR-3302,AGT-0287,1354632.4,2024-09-09,2024-10-20,63150.85,Cancelled,Conventional,False,41,4.661844054519883
TXN-02044,LST-2657,BYR-0787,AGT-0235,603397.41,2024-03-13,2024-04-16,34400.93,Cancelled,FHA,True,34,5.701206108922476
TXN-02045,LST-3983,BYR-0411,AGT-0191,1550913.16,2022-09-19,2022-10-23,66915.39,Cancelled,FHA,False,34,4.314580063270596
TXN-02046,LST-5455,BYR-1702,AGT-0167,1803993.66,2023-05-28,2023-07-11,69556.15,Completed,Cash,False,44,3.855675967286936
TXN-02048,LST-1844,BYR-2378,AGT-0194,1969184.57,2021-07-17,2021-08-22,114118.52,Unknown,Conventional,True,36,5.795217052711316
TXN-02049,LST-0147,BYR-1092,AGT-0253,2702816.57,2021-12-21,2022-01-08,115366.44,Completed,Conventional,True,18,4.268378449374388
TXN-02050,LST-0632,BYR-0948,AGT-0079,1932060.49,2021-10-17,2021-11-13,48521.59,Cancelled,FHA,True,27,2.511390831246697
TXN-02051,LST-1303,BYR-1241,AGT-0292,2634222.74,2020-06-30,2020-07-28,95263.9,Cancelled,FHA,True,28,3.6163950205668627
TXN-02052,LST-2112,BYR-3965,AGT-0261,985022.8,2022-10-02,2022-10-27,33089.18,Pending,FHA,True,25,3.3592298574205595
TXN-02053,LST-1508,BYR-2277,AGT-0164,185624.0,2020-07-27,2020-09-05,9672.09,Pending,Conventional,False,40,5.210581605826833
TXN-02054,LST-1520,BYR-1359,AGT-0014,557714.71,2022-05-28,2022-07-01,20998.77,Completed,Conventional,True,34,3.7651454450609703
TXN-02055,LST-2719,BYR-1230,AGT-0013,1722315.64,2021-11-04,2021-12-18,45459.85,Pending,Conventional,True,44,2.6394610223710218
TXN-02056,LST-3408,BYR-0496,AGT-0173,1726624.75,2023-02-16,2023-03-30,45479.94,Completed,Cash,True,42,2.6340373031256505
TXN-02057,LST-1374,BYR-1851,AGT-0125,2294031.57,2021-11-04,2021-12-11,102068.23,Pending,Conventional,False,37,4.449294915326732
TXN-02058,LST-5441,BYR-2148,AGT-0183,1613317.31,2021-12-31,2022-02-09,84558.36,Pending,Jumbo,True,40,5.241272716524686
TXN-02059,LST-1621,BYR-2126,AGT-0217,2548044.82,2020-08-31,2020-10-13,123229.85,Completed,Cash,False,43,4.836251271278659
TXN-02060,LST-1771,BYR-1651,AGT-0055,1863330.68,2024-08-29,2024-09-18,65511.23,Pending,Conventional,True,20,3.5158134142888695
TXN-02061,LST-2977,BYR-3848,AGT-0121,1378197.29,2020-10-10,2020-11-05,59833.0,Pending,Cash,True,26,4.341395853419506
TXN-02062,LST-3852,BYR-0482,AGT-0119,1009338.05,2021-06-16,2021-07-19,39733.77,Pending,FHA,False,33,3.9366166766426764
TXN-02063,LST-5544,BYR-3391,AGT-0148,1972582.18,2020-01-31,2020-03-06,76876.53,Pending,FHA,True,35,3.897253598833586
TXN-02064,LST-1635,BYR-3123,AGT-0116,1701370.59,2022-02-05,2022-03-05,98541.11,Pending,Cash,True,28,5.7918663093853056
TXN-02065,LST-2943,BYR-1157,AGT-0035,373382.4,2022-06-25,2022-07-17,11886.49,Completed,Cash,True,22,3.1834628520251624
TXN-02066,LST-1240,BYR-3811,AGT-0216,648465.63,2021-10-21,2021-11-26,32741.83,Completed,VA,True,36,5.049123420774051
TXN-02067,LST-5520,BYR-1488,AGT-0187,1323193.93,2022-04-21,2022-05-29,65524.87,Cancelled,FHA,False,38,4.952023170178841
TXN-02068,LST-2872,BYR-3081,AGT-0162,246314.35,2023-12-16,2024-01-27,14390.06,Completed,Conventional,True,42,5.8421525177075555
TXN-02069,LST-1042,BYR-0146,AGT-0176,829867.93,2022-10-12,2022-11-26,48343.12,Cancelled,Conventional,True,45,5.825399229489444
TXN-02070,LST-2444,BYR-3433,AGT-0088,133880.84,2023-05-03,2023-05-27,3649.15,Pending,VA,True,24,2.725670080946609
TXN-02071,LST-1568,BYR-1904,AGT-0276,991106.14,2020-11-02,2020-12-08,51463.7,Pending,Conventional,True,36,5.192551829009958
TXN-02073,LST-2984,BYR-1717,AGT-0055,2427845.25,2023-03-17,2023-04-04,93530.46,Unknown,Cash,True,18,3.852406161389405
TXN-02074,LST-2426,BYR-2962,AGT-0039,2344654.53,2022-11-27,2022-12-21,106453.9,Pending,Conventional,False,24,4.540280823375715
TXN-02075,LST-5234,BYR-2205,AGT-0247,234170.11,2023-08-08,2023-09-09,8908.43,Completed,Conventional,True,32,3.804255803612169
TXN-02076,LST-4564,BYR-1100,AGT-0010,1278894.27,2024-03-10,2024-04-23,32505.26,Pending,Conventional,True,44,2.5416690622908176
TXN-02077,LST-3031,BYR-1136,AGT-0047,1863222.11,2023-09-05,2023-09-20,72420.3,Cancelled,USDA,False,15,3.886831291412702
TXN-02078,LST-1655,BYR-3320,AGT-0176,2049435.51,2022-12-27,2023-01-14,120748.35,Completed,Conventional,True,18,5.891785782515304
TXN-02079,LST-0846,BYR-1688,AGT-0109,2631800.74,2022-05-21,2022-06-30,145189.47,Completed,Conventional,True,40,5.5167349029622965
TXN-02080,LST-1915,BYR-3891,AGT-0234,711410.87,2023-04-12,2023-05-04,27522.88,Pending,Conventional,True,22,3.8687741726521554
TXN-02081,LST-3959,BYR-0535,AGT-0005,478468.37,2020-06-27,2020-07-28,19188.03,Pending,FHA,True,31,4.010302708202007
TXN-02082,LST-2190,BYR-0422,AGT-0244,983615.98,2023-11-11,2023-12-15,53317.47,Cancelled,Cash,False,34,5.420557522865783
TXN-02083,LST-2425,BYR-2420,AGT-0261,2097053.01,2024-07-13,2024-08-05,65419.53,Completed,Conventional,True,23,3.1195935290162264
TXN-02084,LST-0517,BYR-2112,AGT-0283,2128740.34,2020-10-15,2020-11-11,85631.53,Pending,FHA,True,27,4.022638571315842
TXN-02085,LST-0182,BYR-0484,AGT-0241,1352850.47,2021-05-12,2021-06-21,63812.0,Completed,Conventional,True,40,4.716855366875839
TXN-02086,LST-4013,BYR-2222,AGT-0192,442224.2,2024-05-07,2024-06-06,18060.04,Completed,Conventional,True,30,4.083910378491272
TXN-02087,LST-3045,BYR-2900,AGT-0166,276833.72,2024-03-23,2024-04-12,11873.21,Pending,FHA,False,20,4.288931998601905
TXN-02088,LST-0345,BYR-0196,AGT-0143,1949761.93,2024-02-22,2024-03-10,104015.38,Cancelled,FHA,True,17,5.334773358714621
TXN-02089,LST-5593,BYR-0445,AGT-0161,118957.25,2022-07-06,2022-07-25,6044.22,Pending,Conventional,True,19,5.081001788457618
TXN-02090,LST-0494,BYR-3738,AGT-0064,2630320.49,2021-05-12,2021-05-29,149101.78,Pending,Jumbo,True,17,5.6685784324327715
TXN-02091,LST-2899,BYR-0211,AGT-0197,2629989.42,2020-03-12,2020-04-17,76852.12,Cancelled,FHA,True,36,2.9221455955514832
TXN-02092,LST-0703,BYR-2627,AGT-0047,838132.16,2023-04-15,2023-05-01,44715.49,Cancelled,Jumbo,False,16,5.335135928920804
TXN-02093,LST-5172,BYR-0716,AGT-0276,133773.06,2023-01-24,2023-03-07,7886.12,Cancelled,Conventional,True,42,5.8951480963356895
TXN-02094,LST-4070,BYR-0521,AGT-0284,1972212.93,2022-07-27,2022-09-08,114336.43,Cancelled,Conventional,True,43,5.797367427258475
TXN-02095,LST-1736,BYR-2571,AGT-0006,446733.57,2022-05-23,2022-06-15,20730.99,Unknown,Cash,False,23,4.640571336512723
TXN-02096,LST-1161,BYR-1321,AGT-0291,310956.73,2024-10-06,2024-10-27,10642.92,Cancelled,Conventional,False,21,3.4226369694587415
TXN-02097,LST-1051,BYR-3970,AGT-0030,2639036.79,2022-01-11,2022-02-20,137856.26,Cancelled,Conventional,False,40,5.223733921496411
TXN-02098,LST-3717,BYR-3384,AGT-0257,1452861.61,2021-07-21,2021-09-01,56136.83,Cancelled,Conventional,True,42,3.863880056683444
TXN-02099,LST-1218,BYR-2052,AGT-0118,2104002.95,2021-05-22,2021-06-24,79129.69,Pending,Conventional,False,33,3.7609115519538596
TXN-02100,LST-0876,BYR-1591,AGT-0111,1347951.75,2020-06-21,2020-07-27,60316.04,Cancelled,FHA,True,36,4.474643843891297
TXN-02101,LST-0036,BYR-0017,AGT-0270,1968639.82,2021-08-16,2021-09-19,71569.54,Pending,FHA,True,34,3.6354816799347276
TXN-02102,LST-4400,BYR-3350,AGT-0129,2000682.14,2023-03-25,2023-04-14,100528.51,Pending,Conventional,True,20,5.024711721573123
TXN-02103,LST-5149,BYR-3355,AGT-0191,2139370.58,2022-10-12,2022-11-09,108599.47,Pending,VA,True,28,5.076234618501672
TXN-02104,LST-3150,BYR-0644,AGT-0226,2649767.78,2022-05-26,2022-06-18,139940.98,Completed,VA,False,23,5.2812544954411065
TXN-02105,LST-3520,BYR-3846,AGT-0075,2320232.33,2023-03-21,2023-04-28,135366.95,Completed,FHA,False,38,5.834198077914034
TXN-02106,LST-4740,BYR-0838,AGT-0147,709147.68,2024-11-17,2024-12-28,38421.16,Completed,FHA,True,41,5.417934949741357
TXN-02107,LST-2989,BYR-2520,AGT-0099,383610.47,2022-08-14,2022-09-26,17324.71,Completed,Conventional,True,43,4.5162244919957475
TXN-02108,LST-4107,BYR-0097,AGT-0219,911449.47,2020-10-12,2020-10-31,52007.15,Pending,Cash,True,19,5.70598280121881
TXN-02109,LST-4080,BYR-3884,AGT-0170,1981086.9,2023-01-19,2023-02-04,118252.94,Pending,Conventional,True,16,5.969094036208104
TXN-02110,LST-2518,BYR-0699,AGT-0196,2071311.47,2023-01-12,2023-02-12,61783.43,Cancelled,Conventional,False,31,2.98281696861361
TXN-02112,LST-1820,BYR-1522,AGT-0235,1467361.45,2023-05-07,2023-06-15,83788.91,Pending,Conventional,True,39,5.7101752264242736
TXN-02113,LST-5799,BYR-0886,AGT-0171,2231815.33,2023-08-16,2023-09-03,58685.06,Pending,Conventional,True,18,2.6294765167689746
TXN-02114,LST-0559,BYR-1365,AGT-0165,1865377.97,2023-09-20,2023-11-03,109071.87,Cancelled,Conventional,False,44,5.847172624216206
TXN-02115,LST-4664,BYR-0675,AGT-0022,1771241.88,2021-11-03,2021-11-26,63486.2,Pending,Conventional,True,23,3.584276135114872
TXN-02116,LST-4095,BYR-2625,AGT-0104,681830.75,2023-11-12,2023-12-03,36997.04,Pending,Cash,True,21,5.4261325116240355
TXN-02117,LST-0666,BYR-1408,AGT-0146,1359356.61,2020-07-08,2020-08-02,60525.77,Cancelled,VA,True,25,4.452530671844822
TXN-02118,LST-5410,BYR-0222,AGT-0116,382070.85,2024-02-11,2024-03-04,10621.34,Unknown,VA,True,22,2.7799398985816377
TXN-02119,LST-5009,BYR-0072,AGT-0295,378986.42,2020-03-03,2020-03-22,12380.88,Pending,VA,True,19,3.2668400097291084
TXN-02120,LST-1739,BYR-0831,AGT-0023,1578461.83,2022-09-23,2022-10-18,58724.75,Completed,Conventional,True,25,3.7203782114895994
TXN-02121,LST-0958,BYR-1610,AGT-0130,1232015.2,2023-09-16,2023-10-09,36681.96,Completed,Cash,False,23,2.977395084086625
TXN-02122,LST-4431,BYR-1429,AGT-0266,1805799.75,2021-07-18,2021-08-21,56223.88,Completed,Conventional,True,34,3.113516878048078
TXN-02123,LST-5014,BYR-1787,AGT-0151,461121.47,2023-03-24,2023-04-10,24267.47,Cancelled,Jumbo,True,17,5.2627065922564835
TXN-02124,LST-4308,BYR-0207,AGT-0195,2782200.06,2023-05-24,2023-06-19,113525.82,Pending,VA,True,26,4.080433381918624
TXN-02126,LST-4346,BYR-0464,AGT-0215,1099070.51,2021-04-01,2021-04-25,31604.5,Pending,Conventional,True,24,2.8755661909261856
TXN-02127,LST-4841,BYR-1305,AGT-0011,2184951.96,2024-06-21,2024-07-25,124968.37,Pending,Jumbo,True,34,5.719501951887309
TXN-02128,LST-3045,BYR-2385,AGT-0106,274287.86,2024-03-28,2024-04-23,11893.11,Pending,Cash,False,26,4.3359957673664455
TXN-02129,LST-5438,BYR-0783,AGT-0112,664455.0,2024-05-19,2024-06-15,20279.3,Cancelled,USDA,True,27,3.0520200766041343
TXN-02130,LST-0263,BYR-3612,AGT-0215,340660.93,2020-05-19,2020-06-20,19370.97,Pending,Cash,False,32,5.686290470703524
TXN-02131,LST-3289,BYR-3343,AGT-0176,795068.65,2022-02-08,2022-03-23,44949.25,Pending,Conventional,True,43,5.653505518045518
TXN-02132,LST-1402,BYR-1848,AGT-0146,828682.33,2023-10-31,2023-12-07,45937.94,Completed,FHA,False,37,5.5434921606208265
TXN-02133,LST-5281,BYR-0288,AGT-0008,325488.15,2021-11-01,2021-11-28,10557.25,Completed,FHA,True,27,3.2435128590702917
TXN-02134,LST-0252,BYR-0699,AGT-0054,1604944.97,2021-12-22,2022-02-04,74509.25,Cancelled,Cash,True,44,4.642480047150776
TXN-02135,LST-5281,BYR-2647,AGT-0056,326024.75,2021-07-03,2021-08-08,15192.66,Pending,VA,True,36,4.659971367204483
TXN-02136,LST-4944,BYR-0035,AGT-0224,882564.36,2022-04-03,2022-04-24,47383.77,Completed,Conventional,True,21,5.368874174796725
TXN-02137,LST-1830,BYR-3811,AGT-0168,1053103.47,2020-07-03,2020-07-31,57203.56,Cancelled,Conventional,True,28,5.4319030968533415
TXN-02138,LST-2041,BYR-2611,AGT-0209,1565396.63,2020-11-04,2020-11-20,57614.13,Cancelled,Cash,False,16,3.680481284797451
TXN-02139,LST-1830,BYR-3760,AGT-0005,1150178.34,2020-03-23,2020-04-22,58175.04,Pending,Jumbo,True,30,5.057914757810514
TXN-02140,LST-2407,BYR-1332,AGT-0257,1954164.1,2024-04-26,2024-06-08,73226.6,Completed,Cash,True,43,3.747208333220327
TXN-02141,LST-1769,BYR-2990,AGT-0235,276842.36,2024-06-11,2024-07-11,6998.98,Completed,FHA,True,30,2.5281463429223763
TXN-02142,LST-4497,BYR-2268,AGT-0116,586297.56,2021-05-13,2021-06-08,21787.96,Pending,Conventional,True,26,3.7161948959842164
TXN-02143,LST-4963,BYR-2973,AGT-0065,1619806.76,2023-09-13,2023-10-28,66881.14,Unknown,Cash,True,45,4.128957950515035
TXN-02144,LST-4937,BYR-2928,AGT-0187,2651816.21,2022-10-12,2022-10-28,134453.79,Pending,FHA,True,16,5.070252964476751
TXN-02145,LST-1304,BYR-1500,AGT-0230,2136140.59,2023-05-03,2023-05-25,108430.59,Completed,FHA,False,22,5.07600438414964
TXN-02146,LST-1087,BYR-0866,AGT-0282,1954870.96,2023-04-11,2023-05-13,91336.33,Cancelled,Cash,True,32,4.672243430328517
TXN-02147,LST-0417,BYR-3171,AGT-0203,1309609.48,2022-07-06,2022-08-01,44932.62,Pending,VA,True,26,3.4309937951884715
TXN-02148,LST-0184,BYR-0104,AGT-0246,961479.03,2020-03-26,2020-05-01,55632.3,Pending,FHA,False,36,5.786116832938104
TXN-02149,LST-5848,BYR-0374,AGT-0165,956648.76,2022-10-04,2022-11-17,36018.02,Completed,Conventional,False,44,3.7650202985680967
TXN-02150,LST-4984,BYR-2772,AGT-0100,1642482.74,2021-10-15,2021-11-12,61618.43,Unknown,Cash,True,28,3.7515420101157346
TXN-02151,LST-0041,BYR-1077,AGT-0107,2038741.0,2024-05-19,2024-06-16,115304.95,Completed,Cash,True,28,5.655693881665204
TXN-02152,LST-0279,BYR-0794,AGT-0057,2477649.02,2023-05-24,2023-06-22,131542.58,Cancelled,Jumbo,True,29,5.309169254328039
TXN-02153,LST-1915,BYR-0010,AGT-0014,675678.83,2023-01-08,2023-02-02,39628.52,Completed,Cash,True,25,5.864993579863972
TXN-02154,LST-0485,BYR-0461,AGT-0027,379813.72,2022-05-15,2022-06-14,14323.24,Cancelled,VA,True,30,3.7711223280717716
TXN-02155,LST-5864,BYR-1777,AGT-0264,2575639.91,2021-03-08,2021-04-10,68847.77,Cancelled,USDA,True,33,2.673035533138637
TXN-02156,LST-5038,BYR-2642,AGT-0067,1936404.18,2020-07-15,2020-07-30,55297.89,Cancelled,Conventional,True,15,2.8556997847422534
TXN-02157,LST-0958,BYR-1663,AGT-0067,1305290.14,2023-10-31,2023-11-26,73326.96,Completed,Conventional,True,26,5.617675163010119
TXN-02158,LST-1150,BYR-1259,AGT-0145,1711902.22,2020-04-26,2020-05-20,102626.18,Completed,Conventional,False,24,5.9948622532892095
TXN-02159,LST-2477,BYR-0460,AGT-0146,1043795.26,2021-05-10,2021-05-31,57298.04,Cancelled,Cash,True,21,5.4893945389251915
TXN-02160,LST-3504,BYR-2867,AGT-0290,1293464.29,2023-07-27,2023-08-29,77271.66,Completed,FHA,True,33,5.974007987495349
TXN-02161,LST-5694,BYR-0272,AGT-0141,1249921.07,2023-06-19,2023-07-12,42321.38,Completed,Jumbo,True,23,3.3859242007977346
TXN-02162,LST-4374,BYR-0778,AGT-0064,1333376.47,2023-10-13,2023-11-25,38402.22,Cancelled,Cash,False,43,2.8800733224278363
TXN-02163,LST-3452,BYR-3982,AGT-0161,2554377.0,2021-03-20,2021-04-29,136058.42,Cancelled,VA,False,40,5.326481564780767
TXN-02164,LST-5474,BYR-3994,AGT-0089,366714.13,2024-02-19,2024-03-23,19911.57,Completed,Conventional,True,33,5.42972532855497
TXN-02165,LST-1576,BYR-1657,AGT-0074,2717966.53,2023-06-05,2023-06-20,78840.26,Completed,Conventional,True,15,2.90070753741033
TXN-02166,LST-0426,BYR-3326,AGT-0270,2491353.98,2022-08-09,2022-09-05,136485.6,Unknown,Conventional,True,27,5.478370440157203
TXN-02167,LST-5608,BYR-2482,AGT-0256,1011594.59,2023-04-13,2023-04-30,57072.38,Cancelled,FHA,False,17,5.641823371158994
TXN-02168,LST-5449,BYR-3181,AGT-0025,1164599.01,2020-07-30,2020-08-19,56951.19,Pending,Cash,True,20,4.890197356427429
TXN-02169,LST-0722,BYR-0530,AGT-0096,1223062.97,2024-02-28,2024-03-24,60349.75,Unknown,Conventional,True,25,4.934312580815034
TXN-02170,LST-0517,BYR-1282,AGT-0131,2022108.72,2020-06-26,2020-07-25,91251.0,Pending,Jumbo,True,29,4.512665372413804
TXN-02171,LST-3808,BYR-0211,AGT-0090,1558154.59,2021-11-01,2021-11-25,75665.66,Cancelled,Cash,True,24,4.856107377638312
TXN-02172,LST-3120,BYR-3646,AGT-0247,2394571.21,2020-10-13,2020-11-16,121833.87,Cancelled,Cash,True,34,5.087920104075752
TXN-02173,LST-5182,BYR-3918,AGT-0132,1400838.19,2020-08-18,2020-10-01,38506.88,Pending,Cash,True,44,2.7488456750311756
TXN-02174,LST-5289,BYR-2634,AGT-0200,137041.79,2021-03-02,2021-03-18,7848.06,Cancelled,Conventional,True,16,5.72676407685568
TXN-02175,LST-3608,BYR-1260,AGT-0082,187156.74,2021-04-24,2021-05-20,7977.96,Completed,Conventional,False,26,4.262715839141032
TXN-02176,LST-2371,BYR-1534,AGT-0035,1827077.76,2022-06-26,2022-07-24,77736.41,Pending,Conventional,True,28,4.254685361612633
TXN-02177,LST-5659,BYR-3849,AGT-0049,906667.09,2021-01-03,2021-01-31,22953.24,Pending,Cash,True,28,2.531606170904472
TXN-02178,LST-0915,BYR-3059,AGT-0273,2531304.6,2022-02-14,2022-03-23,120642.11,Completed,Cash,False,37,4.766005244884396
TXN-02179,LST-3218,BYR-0513,AGT-0150,411259.54,2024-03-19,2024-04-04,15824.22,Pending,FHA,True,16,3.84774539211905
TXN-02180,LST-4664,BYR-1392,AGT-0266,1950795.91,2021-11-02,2021-12-12,78420.59,Pending,FHA,True,40,4.019927948280351
TXN-02181,LST-0382,BYR-3507,AGT-0054,688863.55,2023-01-03,2023-01-24,31175.16,Cancelled,Conventional,True,21,4.525592913139329
TXN-02182,LST-3739,BYR-3032,AGT-0066,620877.34,2021-04-11,2021-05-02,16954.15,Cancelled,Conventional,True,21,2.7306762395290516
TXN-02183,LST-1370,BYR-2197,AGT-0194,2316647.39,2023-04-14,2023-05-20,66498.92,Cancelled,VA,False,36,2.8704808632961614
TXN-02184,LST-4308,BYR-2962,AGT-0124,2674716.92,2022-12-10,2022-12-28,143326.55,Completed,Cash,False,18,5.35856893596052
TXN-02185,LST-2472,BYR-0694,AGT-0125,300644.47,2023-08-21,2023-09-10,12569.27,Cancelled,Jumbo,True,20,4.18077538562409
TXN-02186,LST-4460,BYR-1515,AGT-0109,2425061.17,2021-10-31,2021-11-28,87953.82,Completed,Conventional,False,28,3.6268701626194453
TXN-02187,LST-4307,BYR-0358,AGT-0015,329883.2,2022-12-06,2023-01-18,8279.08,Pending,Cash,True,43,2.5097004030517467
TXN-02188,LST-2802,BYR-1329,AGT-0006,856202.77,2021-08-17,2021-09-14,23197.51,Completed,Conventional,True,28,2.7093476934208
TXN-02189,LST-4288,BYR-1377,AGT-0236,879103.67,2022-12-27,2023-02-06,43388.91,Completed,Conventional,True,41,4.935585128429733
TXN-02190,LST-5993,BYR-2931,AGT-0033,1258389.45,2023-05-05,2023-06-06,72086.69,Completed,FHA,True,32,5.728488108351513
TXN-02191,LST-5840,BYR-2932,AGT-0287,657278.1,2020-11-09,2020-11-27,27213.28,Cancelled,Conventional,False,18,4.140299212768538
TXN-02192,LST-5688,BYR-1457,AGT-0036,2094835.97,2020-08-09,2020-09-22,98615.06,Pending,Cash,True,44,4.707531349101286
TXN-02193,LST-4466,BYR-1141,AGT-0181,650268.49,2020-05-14,2020-06-16,26316.99,Cancelled,Conventional,False,33,4.047095992610683
TXN-02194,LST-3599,BYR-1711,AGT-0196,2538450.6,2022-07-06,2022-07-24,75620.96,Pending,Conventional,True,18,2.979020352021032
TXN-02195,LST-1962,BYR-1695,AGT-0172,1325517.97,2024-03-31,2024-05-09,77999.41,Completed,Conventional,False,39,5.884447571842425
TXN-02196,LST-0681,BYR-2398,AGT-0203,428415.26,2022-03-10,2022-04-08,23731.96,Cancelled,Cash,True,29,5.539475881414681
TXN-02197,LST-4197,BYR-2870,AGT-0296,1992326.65,2023-08-26,2023-09-27,78598.71,Completed,FHA,True,32,3.9450714570324106
TXN-02198,LST-0073,BYR-2041,AGT-0277,1713885.48,2021-06-14,2021-07-13,82916.71,Completed,Conventional,False,29,4.837937596624017
TXN-02199,LST-4139,BYR-0107,AGT-0123,820726.02,2022-05-14,2022-06-13,43444.72,Completed,Cash,True,30,5.2934498165417
TXN-02200,LST-2545,BYR-2354,AGT-0112,1686269.62,2023-04-03,2023-05-10,65310.03,Pending,USDA,True,37,3.87304789372888
TXN-02201,LST-4086,BYR-3817,AGT-0106,907828.09,2021-02-12,2021-03-28,49134.11,Cancelled,Conventional,True,44,5.412270290072209
TXN-02202,LST-1926,BYR-2753,AGT-0172,200113.62,2022-10-27,2022-12-01,10889.23,Cancelled,FHA,False,35,5.441523670402844
TXN-02203,LST-0292,BYR-0657,AGT-0188,422726.44,2024-02-27,2024-04-09,16864.56,Completed,Jumbo,True,42,3.989473665285758
TXN-02204,LST-2243,BYR-2188,AGT-0005,2108083.17,2022-03-20,2022-04-14,81006.71,Pending,Cash,True,25,3.8426714445047256
TXN-02205,LST-3657,BYR-0588,AGT-0223,2086627.78,2020-10-27,2020-12-07,64852.33,Completed,Conventional,True,41,3.107997057338132
TXN-02206,LST-1598,BYR-2580,AGT-0293,275257.2,2023-04-28,2023-05-24,10592.91,Completed,Conventional,True,26,3.8483679990932114
TXN-02207,LST-2842,BYR-1355,AGT-0300,756261.83,2020-08-27,2020-09-20,42699.73,Completed,Cash,True,24,5.646156966562758
TXN-02208,LST-4549,BYR-2103,AGT-0088,1191185.87,2023-10-27,2023-12-10,52264.3,Completed,Conventional,True,44,4.3875856250712575
TXN-02210,LST-0931,BYR-2358,AGT-0257,1651638.32,2021-07-09,2021-07-26,64174.73,Pending,VA,True,17,3.8855195609653816
TXN-02211,LST-4826,BYR-0073,AGT-0232,1845162.95,2024-01-14,2024-02-13,110632.33,Cancelled,Jumbo,True,30,5.995802701327816
TXN-02212,LST-2240,BYR-1707,AGT-0239,1005469.04,2022-08-10,2022-08-25,28412.54,Cancelled,Conventional,True,15,2.8257995890156895
TXN-02213,LST-2112,BYR-1666,AGT-0294,1125070.46,2022-05-29,2022-06-22,63050.83,Pending,Conventional,True,24,5.604167227001943
TXN-02214,LST-0973,BYR-1638,AGT-0281,1826689.86,2024-06-01,2024-07-09,87477.77,Completed,Cash,False,38,4.788868209954371
TXN-02215,LST-2691,BYR-2134,AGT-0003,2034104.45,2024-11-19,2025-01-03,91168.33,Pending,Conventional,True,45,4.481988621577422
TXN-02216,LST-4764,BYR-0800,AGT-0215,1327385.4,2024-02-15,2024-03-06,66956.11,Cancelled,Conventional,False,20,5.044210219579032
TXN-02217,LST-0865,BYR-1572,AGT-0254,2233228.84,2022-03-18,2022-04-26,59468.17,Cancelled,Conventional,True,39,2.6628784715139178
TXN-02218,LST-5861,BYR-3225,AGT-0105,989249.01,2024-06-29,2024-07-22,28281.75,Completed,Conventional,True,23,2.8589111249148482
TXN-02219,LST-4448,BYR-2112,AGT-0296,1989870.99,2022-07-17,2022-08-28,54787.57,Completed,Cash,True,42,2.7533227166651644
TXN-02220,LST-2323,BYR-1515,AGT-0018,2603202.89,2024-04-28,2024-06-09,114022.05,Completed,Conventional,False,42,4.380067740321231
TXN-02221,LST-4178,BYR-0412,AGT-0038,328648.97,2023-01-04,2023-01-25,18459.67,Pending,Conventional,True,21,5.616834886170493
TXN-02223,LST-4286,BYR-3922,AGT-0284,1146374.57,2024-04-26,2024-05-27,45748.05,Pending,FHA,True,31,3.990672088966524
TXN-02224,LST-3167,BYR-2249,AGT-0099,613019.02,2022-01-05,2022-02-01,27239.51,Cancelled,Conventional,True,27,4.443501606198124
TXN-02225,LST-5441,BYR-3414,AGT-0253,1616471.86,2022-01-26,2022-02-10,77550.38,Completed,FHA,True,15,4.79750881651599
TXN-02226,LST-0886,BYR-0042,AGT-0260,1803858.7,2021-05-03,2021-06-15,64867.62,Pending,Conventional,True,43,3.596047739215938
TXN-02227,LST-3581,BYR-0406,AGT-0135,1899145.81,2022-07-10,2022-08-20,95634.11,Completed,Conventional,False,41,5.035638100899688
TXN-02228,LST-2190,BYR-3902,AGT-0253,850138.32,2023-11-18,2023-12-27,32614.0,Completed,USDA,True,39,3.8363168948789417
TXN-02229,LST-1018,BYR-1016,AGT-0217,874977.55,2021-10-11,2021-11-02,26390.64,Cancelled,VA,True,22,3.0161505286621355
TXN-02230,LST-2689,BYR-3000,AGT-0064,1607324.74,2022-11-10,2022-11-30,88609.13,Completed,FHA,True,20,5.512833081882383
TXN-02231,LST-3972,BYR-3190,AGT-0019,1596698.69,2023-12-20,2024-01-10,70791.57,Cancelled,Conventional,False,21,4.43362109854302
TXN-02232,LST-0648,BYR-3456,AGT-0021,1114918.66,2021-10-13,2021-10-31,55503.34,Unknown,Conventional,False,18,4.978241192949448
TXN-02233,LST-4894,BYR-0335,AGT-0090,1829538.11,2020-06-24,2020-08-04,81925.61,Completed,Cash,True,41,4.4779395166575675
TXN-02234,LST-3423,BYR-2484,AGT-0088,831094.11,2021-03-13,2021-04-06,42351.04,Cancelled,Cash,True,24,5.0958176084294475
TXN-02235,LST-2623,BYR-2578,AGT-0263,208182.47,2023-01-09,2023-01-29,11375.97,Cancelled,Conventional,True,20,5.464422628860153
TXN-02236,LST-1635,BYR-1920,AGT-0253,1866380.45,2022-05-15,2022-06-27,63604.81,Completed,Cash,True,43,3.4079230737763035
TXN-02237,LST-2338,BYR-2307,AGT-0189,1947699.33,2021-02-22,2021-04-05,49755.56,Cancelled,Conventional,True,42,2.554581152933908
TXN-02238,LST-3178,BYR-3652,AGT-0001,872410.62,2021-01-23,2021-03-03,51961.1,Pending,Conventional,False,39,5.95603707804474
TXN-02239,LST-0743,BYR-3194,AGT-0238,2012816.48,2023-06-21,2023-07-22,78248.41,Cancelled,Conventional,True,31,3.88750841308692
TXN-02240,LST-1218,BYR-1827,AGT-0040,1957240.8,2021-01-11,2021-02-25,67509.1,Completed,USDA,False,45,3.449197462059855
TXN-02241,LST-1164,BYR-2172,AGT-0270,2108972.75,2022-07-20,2022-08-20,123979.82,Cancelled,Conventional,True,31,5.878682880089372
TXN-02242,LST-0699,BYR-2370,AGT-0255,560336.43,2022-02-01,2022-02-19,20764.07,Pending,Jumbo,False,18,3.705643411405537
TXN-02243,LST-0674,BYR-3124,AGT-0186,1350009.44,2022-08-01,2022-08-20,75717.92,Completed,Conventional,False,19,5.60869559549154
TXN-02244,LST-3416,BYR-2202,AGT-0184,1957071.85,2020-10-20,2020-11-12,62986.02,Pending,Conventional,True,23,3.2183805617560743
TXN-02245,LST-1344,BYR-0893,AGT-0181,2168703.46,2023-12-09,2024-01-22,117138.46,Unknown,VA,True,44,5.401312911632465
TXN-02246,LST-4260,BYR-2224,AGT-0148,2670219.63,2024-04-23,2024-05-30,75723.23,Pending,Cash,True,37,2.8358427579981504
TXN-02247,LST-0624,BYR-3785,AGT-0293,2137669.53,2020-08-01,2020-09-03,100202.82,Cancelled,VA,True,33,4.687479453383986
TXN-02248,LST-0801,BYR-2812,AGT-0133,2066433.18,2021-02-16,2021-03-08,59952.54,Cancelled,Cash,True,20,2.901257131382298
TXN-02249,LST-1457,BYR-2562,AGT-0259,2093455.83,2023-10-16,2023-11-12,116224.39,Cancelled,VA,False,27,5.551795664110095
TXN-02250,LST-5666,BYR-1891,AGT-0206,2197808.91,2023-05-19,2023-06-27,92731.72,Pending,FHA,True,39,4.219280374106773
TXN-02251,LST-0330,BYR-3468,AGT-0089,981151.55,2023-05-22,2023-06-17,50479.01,Completed,Conventional,False,26,5.1448738984308795
TXN-02252,LST-2431,BYR-1295,AGT-0102,1094253.07,2021-05-25,2021-06-17,55011.69,Unknown,Conventional,True,23,5.027327910535357
TXN-02253,LST-1150,BYR-0302,AGT-0073,1658263.12,2020-06-30,2020-08-11,62090.93,Cancelled,Conventional,True,42,3.7443352174412463
TXN-02254,LST-4134,BYR-2515,AGT-0011,915620.37,2023-06-06,2023-07-14,24676.92,Pending,Cash,True,38,2.6951038671190766
TXN-02255,LST-0815,BYR-0142,AGT-0189,1489506.6,2023-05-19,2023-06-26,83815.88,Cancelled,FHA,True,38,5.627090205575457
TXN-02256,LST-2784,BYR-3130,AGT-0250,2070459.89,2024-04-29,2024-05-27,88302.63,Completed,Conventional,True,28,4.264880011754297
TXN-02257,LST-0607,BYR-3062,AGT-0120,693554.18,2021-05-22,2021-06-29,17750.42,Pending,Conventional,True,38,2.559341506672196
TXN-02258,LST-5827,BYR-2985,AGT-0219,1876313.92,2022-12-12,2023-01-04,70939.29,Cancelled,Conventional,False,23,3.78077939111596
TXN-02260,LST-2624,BYR-2093,AGT-0166,2464802.9,2022-01-19,2022-02-25,114173.4,Completed,Conventional,True,37,4.632151317251371
TXN-02261,LST-3576,BYR-3444,AGT-0102,1258393.13,2020-02-27,2020-04-06,59578.87,Cancelled,VA,True,39,4.7345196488795205
TXN-02262,LST-1599,BYR-1689,AGT-0072,2237921.24,2021-06-25,2021-07-12,62269.46,Pending,Conventional,False,17,2.782468787864938
TXN-02263,LST-4666,BYR-0145,AGT-0075,2008970.48,2023-02-10,2023-03-04,77689.17,Completed,FHA,False,22,3.8671135675423165
TXN-02264,LST-0468,BYR-1038,AGT-0102,1730307.07,2022-07-15,2022-08-02,51460.34,Pending,FHA,True,18,2.974058240425498
TXN-02265,LST-2055,BYR-1599,AGT-0116,2115760.1,2023-07-23,2023-08-13,86411.97,Pending,Conventional,False,21,4.084204537177915
TXN-02266,LST-3827,BYR-2948,AGT-0048,2677660.78,2022-07-14,2022-08-06,145503.29,Pending,Conventional,False,23,5.433970243235964
TXN-02267,LST-2972,BYR-0199,AGT-0103,1111828.34,2024-06-09,2024-07-02,65002.63,Completed,Conventional,True,23,5.846462773201122
TXN-02269,LST-1142,BYR-0160,AGT-0240,313551.11,2020-10-03,2020-10-25,17908.25,Unknown,Conventional,False,22,5.711429310519743
TXN-02270,LST-4088,BYR-1285,AGT-0184,702153.18,2021-11-20,2021-12-28,30307.16,Pending,Conventional,False,38,4.316317416663982
TXN-02271,LST-0496,BYR-1569,AGT-0253,2123812.82,2021-01-18,2021-02-21,118868.15,Pending,Conventional,False,34,5.596922143072853
TXN-02272,LST-0257,BYR-0946,AGT-0171,2314989.59,2024-04-18,2024-05-19,60976.4,Cancelled,Conventional,True,31,2.6339816068028195
TXN-02273,LST-4601,BYR-0011,AGT-0078,448640.21,2020-02-09,2020-02-27,11657.52,Pending,FHA,False,18,2.598411765187075
TXN-02274,LST-2230,BYR-0179,AGT-0002,982383.61,2022-06-16,2022-07-30,46490.73,Completed,Conventional,True,44,4.732441535745899
TXN-02275,LST-2017,BYR-1239,AGT-0204,1727557.68,2023-08-28,2023-10-08,76958.6,Pending,Cash,False,41,4.454762980764845
TXN-02276,LST-1677,BYR-0638,AGT-0247,1209400.22,2023-01-21,2023-02-28,51769.93,Cancelled,Conventional,True,38,4.280628458956292
TXN-02277,LST-3959,BYR-2569,AGT-0103,400377.03,2020-06-05,2020-06-24,16316.59,Completed,Conventional,True,19,4.075306218241341
TXN-02278,LST-3267,BYR-0106,AGT-0255,990602.78,2022-10-15,2022-11-01,30739.25,Pending,Conventional,False,17,3.1030853759566472
TXN-02279,LST-1945,BYR-3277,AGT-0037,532303.73,2022-07-28,2022-08-17,30573.5,Cancelled,Conventional,False,20,5.7436193430393585
TXN-02280,LST-5153,BYR-1273,AGT-0075,956356.7,2024-11-19,2025-01-02,47817.39,Pending,Conventional,True,44,4.999953469244269
TXN-02281,LST-0969,BYR-2421,AGT-0001,2158378.96,2021-11-20,2021-12-21,64455.57,Completed,Jumbo,True,31,2.98629532600707
TXN-02282,LST-2160,BYR-0687,AGT-0218,1321532.01,2022-12-09,2023-01-04,64301.66,Cancelled,Conventional,True,26,4.865690691820625
TXN-02283,LST-2180,BYR-2166,AGT-0054,1521844.94,2021-04-24,2021-05-13,42572.29,Pending,FHA,True,19,2.7974131188424494
TXN-02284,LST-0987,BYR-3774,AGT-0159,1224106.83,2022-09-06,2022-09-28,37876.11,Cancelled,Conventional,True,22,3.0941833728678727
TXN-02285,LST-1553,BYR-2109,AGT-0043,210937.69,2022-07-25,2022-08-18,11141.25,Cancelled,Conventional,True,24,5.281773020269635
TXN-02286,LST-2849,BYR-2056,AGT-0090,323977.08,2023-06-25,2023-08-02,11496.6,Pending,FHA,False,38,3.54858436281974
TXN-02287,LST-4145,BYR-3257,AGT-0177,2003257.41,2024-12-23,2025-01-20,81628.79,Cancelled,VA,True,28,4.074802848227079
TXN-02288,LST-0700,BYR-0893,AGT-0089,550597.16,2020-10-01,2020-11-08,14032.59,Pending,Conventional,True,38,2.5486128551770952
TXN-02289,LST-4711,BYR-1009,AGT-0109,1742106.46,2022-02-05,2022-02-24,55448.28,Pending,Conventional,True,19,3.1828295958445616
TXN-02290,LST-0771,BYR-2946,AGT-0181,283085.61,2021-03-01,2021-03-30,11795.7,Cancelled,Conventional,True,29,4.166831369492783
TXN-02291,LST-4418,BYR-2332,AGT-0230,2035786.32,2024-08-14,2024-09-20,67142.7,Cancelled,Conventional,False,37,3.2981211898506126
TXN-02292,LST-2518,BYR-2743,AGT-0277,2375408.55,2023-03-15,2023-04-02,111209.77,Pending,Conventional,True,18,4.681711278676673
TXN-02293,LST-5525,BYR-2056,AGT-0292,361591.6,2024-03-14,2024-03-29,17734.3,Cancelled,Conventional,True,15,4.9045110561196665
TXN-02294,LST-4208,BYR-0651,AGT-0130,1363039.08,2021-07-26,2021-09-03,70107.67,Pending,Cash,True,39,5.143482019605776
TXN-02295,LST-0226,BYR-2904,AGT-0085,2123323.0,2023-07-29,2023-09-11,63849.1,Completed,VA,True,44,3.0070366119521146
TXN-02296,LST-2444,BYR-1203,AGT-0133,153001.5,2023-02-21,2023-03-22,4751.12,Cancelled,FHA,True,29,3.1052767456528203
TXN-02298,LST-3781,BYR-1532,AGT-0275,720505.8,2023-03-12,2023-04-01,28704.38,Completed,Conventional,False,20,3.9839207401245065
TXN-02299,LST-4065,BYR-3877,AGT-0223,536520.22,2024-07-29,2024-08-25,24396.24,Pending,USDA,True,27,4.547124058064392
TXN-02300,LST-4454,BYR-2787,AGT-0011,365930.42,2024-03-17,2024-04-02,18877.34,Cancelled,Cash,False,16,5.158723890733107
TXN-02301,LST-4788,BYR-3805,AGT-0190,499350.44,2021-05-04,2021-06-17,20495.41,Cancelled,Cash,True,44,4.104414126479992
TXN-02302,LST-2681,BYR-1380,AGT-0215,882224.89,2023-08-08,2023-09-08,48499.85,Cancelled,FHA,True,31,5.497447481899995
TXN-02303,LST-3982,BYR-1893,AGT-0228,1185166.62,2022-06-06,2022-07-07,41244.71,Cancelled,Jumbo,True,31,3.480076919479895
TXN-02304,LST-3331,BYR-3160,AGT-0018,1147453.13,2024-05-24,2024-06-29,33667.66,Cancelled,Conventional,True,36,2.934120716547264
TXN-02305,LST-5566,BYR-0087,AGT-0216,1681682.18,2024-06-12,2024-07-10,58282.4,Completed,Conventional,True,28,3.465720258747108
TXN-02306,LST-1539,BYR-1395,AGT-0115,2694326.57,2022-05-24,2022-06-25,73709.29,Unknown,FHA,True,32,2.7357221956950823
TXN-02307,LST-3850,BYR-0699,AGT-0105,1917929.69,2022-05-03,2022-06-12,54890.6,Cancelled,FHA,True,40,2.861971441716406
TXN-02308,LST-2699,BYR-1575,AGT-0021,2652607.67,2021-12-09,2022-01-22,122201.2,Pending,Conventional,True,44,4.606832792578029
TXN-02309,LST-4203,BYR-0657,AGT-0122,1343941.34,2020-10-16,2020-11-29,64281.59,Pending,Cash,False,44,4.783065159674305
TXN-02310,LST-3296,BYR-1902,AGT-0059,1670889.09,2022-04-22,2022-05-17,68940.51,Pending,Conventional,False,25,4.1259776254808145
TXN-02311,LST-3916,BYR-3115,AGT-0010,2799917.81,2022-02-19,2022-03-19,132647.03,Cancelled,FHA,False,28,4.737532992084507
TXN-02312,LST-1823,BYR-0136,AGT-0059,1787555.29,2020-10-05,2020-11-04,86641.04,Completed,Jumbo,True,30,4.846901267037172
TXN-02313,LST-3967,BYR-1811,AGT-0123,1277236.69,2024-01-05,2024-02-06,56525.14,Completed,VA,False,32,4.425580665084089
TXN-02314,LST-4184,BYR-3896,AGT-0027,3138884.29,2024-08-02,2024-08-21,89194.45,Cancelled,Cash,True,19,2.8415972606623225
TXN-02315,LST-0496,BYR-2501,AGT-0066,2476228.89,2020-08-19,2020-09-11,133825.29,Completed,FHA,True,23,5.4043990254875025
TXN-02316,LST-0479,BYR-3826,AGT-0214,2286947.09,2020-06-10,2020-06-29,96266.64,Pending,Jumbo,False,19,4.209395154830626
TXN-02317,LST-3671,BYR-3067,AGT-0133,689041.71,2020-07-01,2020-07-26,23753.76,Unknown,FHA,True,25,3.4473616989020885
TXN-02318,LST-5108,BYR-2612,AGT-0284,2596110.19,2022-07-11,2022-08-01,68935.9,Completed,Cash,True,21,2.6553533923766155
TXN-02319,LST-5881,BYR-1300,AGT-0172,1758939.23,2024-04-29,2024-05-19,78130.5,Pending,Cash,True,20,4.441910139214985
TXN-02320,LST-3063,BYR-1417,AGT-0206,1808576.42,2020-04-20,2020-05-23,69829.41,Pending,Conventional,False,33,3.861015173469972
TXN-02321,LST-0284,BYR-1136,AGT-0103,231765.94,2022-08-22,2022-09-28,6957.6,Completed,Conventional,False,37,3.0019941670462886
TXN-02322,LST-4926,BYR-1658,AGT-0094,165602.18,2024-05-31,2024-07-05,4593.68,Cancelled,Conventional,True,35,2.7739248360136326
TXN-02323,LST-5294,BYR-1761,AGT-0192,1347971.38,2024-06-17,2024-07-19,80418.43,Pending,FHA,False,32,5.965885566502161
TXN-02324,LST-4701,BYR-3601,AGT-0009,2750482.16,2020-11-01,2020-11-18,113257.18,Cancelled,FHA,True,17,4.117720945334181
TXN-02325,LST-3033,BYR-0541,AGT-0159,459894.58,2020-09-25,2020-10-11,21091.75,Pending,Conventional,True,16,4.58621408410597
TXN-02326,LST-1965,BYR-2520,AGT-0271,1370097.21,2024-01-10,2024-02-05,51326.16,Completed,Cash,True,26,3.7461692225473553
TXN-02327,LST-0244,BYR-3235,AGT-0161,2509598.42,2022-12-06,2022-12-25,127391.23,Cancelled,USDA,True,19,5.076159953910076
TXN-02328,LST-5226,BYR-1792,AGT-0152,1411211.99,2021-09-20,2021-10-29,78543.72,Completed,Cash,True,39,5.565692508040553
TXN-02329,LST-3670,BYR-2115,AGT-0234,2479334.03,2024-04-09,2024-05-18,71355.2,Cancelled,Conventional,False,39,2.877998653533586
TXN-02330,LST-4705,BYR-3458,AGT-0160,542549.35,2022-08-01,2022-08-20,26547.44,Pending,USDA,True,19,4.893092213639183
TXN-02331,LST-3784,BYR-0399,AGT-0278,311960.24,2022-04-03,2022-05-07,12149.73,Cancelled,FHA,True,34,3.8946405477826276
TXN-02332,LST-3015,BYR-2527,AGT-0081,462877.09,2022-01-20,2022-02-15,12241.54,Cancelled,Cash,True,26,2.6446631869380273
TXN-02333,LST-0056,BYR-3402,AGT-0268,2275675.28,2023-10-08,2023-11-06,100549.34,Completed,Conventional,True,29,4.418439699358162
TXN-02334,LST-3340,BYR-0418,AGT-0046,1028570.07,2023-12-02,2023-12-28,40616.0,Cancelled,Jumbo,True,26,3.948782993461982
TXN-02335,LST-3415,BYR-3150,AGT-0001,2453361.51,2021-03-29,2021-05-08,85592.54,Pending,Cash,True,40,3.4887862897955064
TXN-02336,LST-2722,BYR-1538,AGT-0085,333440.02,2022-08-07,2022-09-14,16979.12,Pending,Cash,True,38,5.092106220483072
TXN-02337,LST-4905,BYR-2475,AGT-0043,944240.38,2024-07-16,2024-08-25,25759.71,Unknown,Cash,False,40,2.7280881590766115
TXN-02338,LST-0757,BYR-3292,AGT-0041,687014.89,2022-06-13,2022-07-24,39980.78,Cancelled,Conventional,True,41,5.819492500373609
TXN-02339,LST-1894,BYR-2460,AGT-0013,1469391.06,2022-01-29,2022-03-04,45085.16,Completed,FHA,True,34,3.068288710018421
TXN-02340,LST-4065,BYR-2047,AGT-0270,481923.88,2024-05-12,2024-06-09,24759.1,Completed,Conventional,True,28,5.137554088417449
TXN-02341,LST-0752,BYR-0804,AGT-0104,1158110.54,2021-06-09,2021-07-24,42957.39,Cancelled,Conventional,True,45,3.7092650931231486
TXN-02342,LST-2748,BYR-3789,AGT-0088,2002287.89,2022-10-14,2022-11-27,53055.65,Pending,FHA,False,44,2.649751330214558
TXN-02343,LST-0259,BYR-3402,AGT-0231,2248344.81,2024-10-24,2024-11-19,77716.1,Cancelled,Cash,True,26,3.4565916960041374
TXN-02344,LST-5130,BYR-1684,AGT-0150,2526396.64,2021-04-01,2021-05-01,125464.33,Pending,FHA,True,30,4.966137462880729
TXN-02345,LST-4323,BYR-2334,AGT-0034,1709330.5,2024-01-19,2024-02-12,63520.59,Completed,Conventional,True,24,3.7161093188239485
TXN-02346,LST-0692,BYR-2083,AGT-0189,656001.33,2021-03-30,2021-05-03,26192.17,Cancelled,USDA,True,34,3.9927007465061086
TXN-02347,LST-3348,BYR-1078,AGT-0251,2308619.34,2023-03-26,2023-05-03,127631.32,Completed,Conventional,True,38,5.528469669668453
TXN-02348,LST-3306,BYR-2354,AGT-0244,1963239.01,2023-01-03,2023-02-01,90802.76,Cancelled,Conventional,True,29,4.625150556681328
TXN-02349,LST-4946,BYR-0150,AGT-0260,384589.49,2024-02-14,2024-03-23,13579.85,Unknown,Conventional,True,38,3.5309987280203634
TXN-02350,LST-4702,BYR-3575,AGT-0031,883361.59,2023-08-29,2023-10-07,39579.98,Cancelled,FHA,True,39,4.480609124062096
TXN-02351,LST-4293,BYR-0174,AGT-0184,462358.37,2023-03-05,2023-03-22,13515.5,Pending,Conventional,True,17,2.923165422527119
TXN-02352,LST-2802,BYR-0182,AGT-0093,802538.94,2021-10-10,2021-11-05,43738.29,Pending,Conventional,True,26,5.44998975376821
TXN-02353,LST-4827,BYR-1643,AGT-0107,1243348.06,2023-02-13,2023-03-08,70631.61,Cancelled,Conventional,False,23,5.680759255779109
TXN-02355,LST-0953,BYR-0778,AGT-0103,2255685.67,2020-02-25,2020-04-05,121417.01,Cancelled,FHA,True,40,5.3827096396813126
TXN-02356,LST-1548,BYR-3045,AGT-0158,1201598.88,2021-06-02,2021-07-15,60188.31,Pending,Cash,False,43,5.0090184837722225
TXN-02357,LST-5469,BYR-2916,AGT-0161,558926.86,2020-10-09,2020-11-20,18778.86,Pending,FHA,True,42,3.359806326001223
TXN-02358,LST-0647,BYR-1798,AGT-0129,2597992.72,2022-08-03,2022-08-30,91316.52,Cancelled,Conventional,True,27,3.5148874474136322
TXN-02359,LST-3860,BYR-2311,AGT-0160,160809.7,2022-06-04,2022-06-23,5797.76,Cancelled,Cash,True,19,3.6053546521136473
TXN-02360,LST-3100,BYR-1507,AGT-0130,1441514.39,2024-02-18,2024-03-22,73717.14,Pending,Conventional,True,33,5.113867784559543
TXN-02361,LST-3711,BYR-3159,AGT-0219,2108106.05,2020-10-31,2020-11-16,58835.83,Completed,VA,True,16,2.7909331221738114
TXN-02362,LST-1117,BYR-0612,AGT-0094,1414521.85,2022-07-08,2022-08-07,40023.79,Unknown,FHA,False,30,2.829492524275959
TXN-02363,LST-0277,BYR-0180,AGT-0251,2158153.01,2022-04-15,2022-05-05,120052.98,Cancelled,Conventional,False,20,5.5627649867142654
TXN-02364,LST-3900,BYR-2787,AGT-0103,336873.04,2021-02-20,2021-03-17,9949.87,Pending,Conventional,True,25,2.953596405340125
TXN-02365,LST-5320,BYR-2581,AGT-0178,1655590.5,2022-09-23,2022-10-15,85636.63,Cancelled,Cash,False,22,5.1725731695126305
TXN-02366,LST-1853,BYR-3778,AGT-0161,659172.53,2022-11-15,2022-12-08,30972.3,Pending,VA,True,23,4.698663641216966
TXN-02367,LST-1465,BYR-3824,AGT-0300,1076491.88,2022-06-23,2022-07-12,55569.51,Pending,FHA,True,19,5.162092815786033
TXN-02368,LST-1916,BYR-2223,AGT-0093,139578.12,2022-03-19,2022-04-06,6040.65,Completed,Conventional,True,18,4.327791490528745
TXN-02369,LST-4467,BYR-1255,AGT-0159,2220630.18,2024-04-18,2024-05-08,74128.33,Completed,Conventional,True,20,3.3381663758167957
TXN-02370,LST-5628,BYR-3222,AGT-0225,640759.94,2023-06-02,2023-07-16,36264.67,Completed,VA,False,44,5.659634402238068
TXN-02371,LST-2690,BYR-2740,AGT-0237,2247572.09,2023-03-01,2023-03-18,67579.59,Unknown,Conventional,True,17,3.0067818647810314
TXN-02372,LST-5727,BYR-2850,AGT-0276,2574499.81,2024-02-10,2024-03-19,117580.75,Pending,FHA,True,38,4.567129876774005
TXN-02374,LST-5675,BYR-0281,AGT-0059,743875.18,2022-03-14,2022-04-11,34209.01,Unknown,FHA,True,28,4.598756743033152
TXN-02375,LST-0726,BYR-1466,AGT-0036,862561.65,2023-05-01,2023-05-26,24578.8,Cancelled,Conventional,False,25,2.8495122638480392
TXN-02376,LST-2193,BYR-2660,AGT-0267,56031.61,2022-08-14,2022-09-14,3131.52,Pending,Conventional,True,31,5.588845296431781
TXN-02377,LST-4757,BYR-0827,AGT-0284,251115.26,2024-05-20,2024-07-04,12326.57,Completed,Cash,True,45,4.908729959302353
TXN-02378,LST-0547,BYR-3871,AGT-0195,2406091.45,2024-07-22,2024-08-27,115826.54,Cancelled,Jumbo,True,36,4.813887684942316
TXN-02379,LST-5444,BYR-0961,AGT-0135,1546378.86,2021-07-08,2021-08-18,90697.47,Completed,VA,True,41,5.865151958944912
TXN-02380,LST-4244,BYR-2285,AGT-0293,683836.75,2024-05-19,2024-06-14,36387.63,Completed,FHA,True,26,5.321098931872263
TXN-02381,LST-5223,BYR-0350,AGT-0259,1550217.91,2021-01-18,2021-03-02,69694.98,Unknown,Cash,True,43,4.495818268542647
TXN-02382,LST-0767,BYR-0721,AGT-0212,2366471.36,2023-12-27,2024-02-05,61463.23,Cancelled,Conventional,True,40,2.597252222820056
TXN-02383,LST-2766,BYR-1884,AGT-0102,661893.71,2021-10-04,2021-10-25,21983.1,Pending,Conventional,True,21,3.3212432249884953
TXN-02384,LST-3728,BYR-3794,AGT-0035,2686275.71,2020-07-16,2020-08-10,147001.75,Pending,Cash,True,25,5.472325474736917
TXN-02385,LST-1894,BYR-1524,AGT-0211,1365751.43,2022-06-27,2022-07-22,48201.15,Completed,VA,True,25,3.529276919739341
TXN-02386,LST-1618,BYR-1991,AGT-0079,959399.39,2022-01-04,2022-02-15,50848.39,Pending,Conventional,True,42,5.300023173873396
TXN-02387,LST-2596,BYR-3689,AGT-0108,1690079.18,2020-06-19,2020-07-07,67237.17,Unknown,Conventional,True,18,3.9783443755576
TXN-02388,LST-2956,BYR-2497,AGT-0036,702508.26,2024-07-18,2024-08-11,20726.07,Pending,Conventional,True,24,2.950295559514133
TXN-02389,LST-3458,BYR-0669,AGT-0017,2608839.13,2022-02-12,2022-03-15,115429.1,Completed,Conventional,True,31,4.424538817769113
TXN-02390,LST-4234,BYR-0605,AGT-0256,2239438.42,2021-11-01,2021-11-17,58946.37,Pending,Conventional,True,16,2.632194280207089
TXN-02391,LST-1193,BYR-2898,AGT-0002,2610144.12,2022-06-05,2022-06-30,68509.41,Pending,Conventional,False,25,2.6247366754598973
TXN-02392,LST-5189,BYR-1152,AGT-0004,1388307.11,2023-09-10,2023-09-29,75060.37,Pending,Jumbo,False,19,5.40661136569415
TXN-02393,LST-3101,BYR-3438,AGT-0100,2374837.37,2020-12-09,2021-01-14,74097.09,Cancelled,Conventional,False,36,3.1200911243871823
TXN-02394,LST-2517,BYR-1486,AGT-0061,1624791.68,2021-05-11,2021-06-10,92871.73,Pending,Conventional,False,30,5.715916147478057
TXN-02395,LST-1749,BYR-2731,AGT-0040,1472926.37,2020-07-13,2020-08-12,55906.47,Cancelled,Conventional,True,30,3.795605207339726
TXN-02396,LST-0062,BYR-2052,AGT-0017,2117163.07,2020-10-22,2020-12-05,74900.44,Completed,Jumbo,True,44,3.537773781402677
TXN-02397,LST-2745,BYR-3055,AGT-0078,758438.85,2020-06-21,2020-07-11,40548.45,Pending,FHA,False,20,5.346304451571804
TXN-02398,LST-3501,BYR-0237,AGT-0228,616727.61,2023-04-06,2023-05-12,26688.49,Completed,Conventional,True,36,4.327435575650651
TXN-02399,LST-3741,BYR-0732,AGT-0179,1124821.69,2023-04-24,2023-05-25,58368.82,Cancelled,USDA,True,31,5.189162026205238
TXN-02400,LST-5483,BYR-3141,AGT-0224,2979275.72,2022-08-16,2022-09-07,148788.86,Pending,Cash,True,22,4.994128572967392
TXN-02401,LST-0192,BYR-0811,AGT-0035,787974.85,2024-07-06,2024-07-27,23849.94,Completed,Conventional,True,21,3.0267387341106127
TXN-02402,LST-3121,BYR-0643,AGT-0103,452376.58,2021-08-23,2021-09-09,25168.52,Cancelled,VA,True,17,5.563621352811854
TXN-02403,LST-0450,BYR-2495,AGT-0127,2672780.77,2021-11-02,2021-12-03,123950.09,Pending,Conventional,True,31,4.637495577312164
TXN-02404,LST-4184,BYR-2188,AGT-0286,3174944.45,2024-10-20,2024-11-19,123634.91,Cancelled,Conventional,False,30,3.894081044473077
TXN-02405,LST-4300,BYR-1480,AGT-0176,1824788.9,2024-01-13,2024-02-17,63963.89,Cancelled,Jumbo,False,35,3.5052761445447196
TXN-02406,LST-0993,BYR-2058,AGT-0253,531886.71,2021-02-07,2021-03-04,24442.82,Pending,VA,False,25,4.595493653150311
TXN-02407,LST-4123,BYR-0101,AGT-0224,449677.82,2023-07-26,2023-08-25,14690.28,Cancelled,Conventional,True,30,3.266845582910894
TXN-02408,LST-3264,BYR-0085,AGT-0066,801248.03,2021-08-25,2021-09-16,42440.14,Pending,Cash,True,22,5.296754364562993
TXN-02409,LST-5877,BYR-1076,AGT-0165,2062132.34,2022-03-16,2022-04-29,53408.85,Cancelled,VA,False,44,2.5899816885661178
TXN-02410,LST-3232,BYR-2854,AGT-0280,385861.44,2023-12-04,2023-12-27,16060.23,Pending,Conventional,False,23,4.162175417165291
TXN-02411,LST-1266,BYR-2504,AGT-0150,985854.14,2023-08-20,2023-09-19,34814.82,Pending,Conventional,True,30,3.531437216462873
TXN-02412,LST-1926,BYR-1375,AGT-0245,188585.09,2023-01-16,2023-02-15,11237.51,Cancelled,Cash,False,30,5.958853905152311
TXN-02413,LST-0515,BYR-3893,AGT-0138,168674.85,2024-01-03,2024-02-08,6594.99,Cancelled,Conventional,False,36,3.909883423640216
TXN-02414,LST-0548,BYR-1864,AGT-0089,1738686.09,2022-06-24,2022-08-04,55223.78,Cancelled,Conventional,False,41,3.1761788581399415
TXN-02415,LST-3852,BYR-3989,AGT-0230,952450.12,2021-09-22,2021-11-02,47926.17,Pending,Conventional,False,41,5.03188240450849
TXN-02416,LST-2914,BYR-2158,AGT-0172,834101.41,2021-02-10,2021-03-25,42181.33,Completed,Cash,True,43,5.057098512757579
TXN-02417,LST-2689,BYR-1995,AGT-0262,1861212.1,2022-08-09,2022-09-04,70109.62,Cancelled,Conventional,True,26,3.7668796586912365
TXN-02418,LST-0345,BYR-2219,AGT-0222,2154484.48,2024-01-14,2024-02-22,85131.17,Pending,Conventional,True,39,3.951347563199898
TXN-02419,LST-1932,BYR-0902,AGT-0157,2287917.73,2023-10-15,2023-11-17,68442.41,Pending,VA,True,33,2.9914716382743363
TXN-02420,LST-0113,BYR-3144,AGT-0171,1052591.3,2024-05-06,2024-06-06,57403.49,Pending,VA,False,31,5.453540229716889
TXN-02421,LST-4962,BYR-0615,AGT-0106,129211.35,2023-12-31,2024-01-28,5414.52,Pending,Conventional,True,28,4.190436830820203
TXN-02422,LST-2371,BYR-0451,AGT-0147,1991002.92,2022-06-06,2022-07-07,72427.76,Pending,Cash,False,31,3.637752575470859
TXN-02423,LST-5570,BYR-2370,AGT-0090,2423790.39,2024-08-09,2024-09-19,120158.4,Completed,Conventional,True,41,4.9574583881405685
TXN-02424,LST-4156,BYR-2035,AGT-0185,981788.76,2023-03-20,2023-04-30,50089.6,Completed,Cash,True,41,5.101871404598276
TXN-02425,LST-0100,BYR-3887,AGT-0056,1990600.28,2020-08-29,2020-10-04,54830.52,Cancelled,FHA,True,36,2.7544716310398587
TXN-02426,LST-1218,BYR-1461,AGT-0234,2302196.04,2021-04-17,2021-05-20,104425.61,Cancelled,FHA,False,33,4.535913023288842
TXN-02427,LST-4347,BYR-3137,AGT-0150,279348.52,2022-03-13,2022-04-15,14221.72,Pending,Cash,True,33,5.091031089049621
TXN-02428,LST-1469,BYR-1202,AGT-0159,2901396.95,2023-05-16,2023-06-19,115984.7,Pending,Jumbo,True,34,3.9975467679456957
TXN-02429,LST-1650,BYR-3518,AGT-0093,2410004.92,2024-03-06,2024-04-16,111915.9,Cancelled,FHA,True,41,4.643803797711749
TXN-02430,LST-1304,BYR-3833,AGT-0125,2110984.32,2023-06-03,2023-07-12,78582.17,Completed,FHA,True,39,3.7225368874364735
TXN-02431,LST-0342,BYR-3590,AGT-0280,2404612.24,2021-05-19,2021-06-13,77392.81,Cancelled,Cash,False,25,3.2185151814747472
TXN-02432,LST-0190,BYR-3321,AGT-0003,916128.12,2024-12-06,2025-01-13,26565.32,Cancelled,Conventional,True,38,2.8997385212889215
TXN-02434,LST-4161,BYR-2276,AGT-0169,1483100.63,2020-05-05,2020-05-27,49795.6,Completed,Conventional,True,22,3.3575334668963093
TXN-02435,LST-3278,BYR-1191,AGT-0292,2113253.03,2021-11-19,2021-12-17,77981.15,Completed,Jumbo,True,28,3.690099997159356
TXN-02436,LST-2174,BYR-3802,AGT-0150,297597.29,2021-03-17,2021-04-27,11002.51,Cancelled,Cash,True,41,3.6971136397108992
TXN-02437,LST-4396,BYR-3448,AGT-0181,1497543.11,2024-01-31,2024-03-01,74224.56,Cancelled,FHA,True,30,4.9564222561846645
TXN-02438,LST-2384,BYR-1803,AGT-0059,2425368.02,2020-08-12,2020-09-26,125853.02,Pending,USDA,True,45,5.189027766598489
TXN-02439,LST-3800,BYR-1512,AGT-0135,563081.89,2020-07-05,2020-08-12,31277.15,Completed,FHA,False,38,5.554636111632004
TXN-02440,LST-3725,BYR-0625,AGT-0163,2351396.24,2022-10-28,2022-11-27,130460.5,Pending,Jumbo,True,30,5.548214196344891
TXN-02441,LST-3632,BYR-1636,AGT-0215,2138622.67,2020-05-15,2020-06-16,120836.2,Completed,Jumbo,True,32,5.650187931468995
TXN-02442,LST-0722,BYR-1917,AGT-0282,1365027.11,2024-02-10,2024-03-12,46344.01,Completed,Cash,True,31,3.395098138380563
TXN-02443,LST-1995,BYR-1350,AGT-0184,1247799.82,2021-09-17,2021-10-27,55161.68,Completed,USDA,True,40,4.420715495855737
TXN-02444,LST-3390,BYR-1243,AGT-0214,2030752.1,2023-08-31,2023-09-20,72831.08,Cancelled,FHA,True,20,3.586409192929063
TXN-02445,LST-1365,BYR-3922,AGT-0295,1758874.37,2021-01-25,2021-03-04,67119.07,Completed,Conventional,True,38,3.816024108646259
TXN-02446,LST-5253,BYR-1982,AGT-0074,1777049.15,2021-05-22,2021-06-14,50994.12,Completed,Conventional,True,23,2.8695953626268587
TXN-02447,LST-2721,BYR-3373,AGT-0182,329845.27,2024-05-01,2024-05-16,12447.04,Completed,FHA,True,15,3.7735996638666363
TXN-02448,LST-3207,BYR-0903,AGT-0164,2099981.55,2022-05-27,2022-07-05,106458.03,Completed,Cash,True,39,5.0694745389548785
TXN-02449,LST-1569,BYR-1145,AGT-0055,2370860.26,2022-02-02,2022-02-19,129082.31,Completed,FHA,True,17,5.4445347192246585
TXN-02450,LST-3155,BYR-1547,AGT-0167,360639.22,2022-08-31,2022-10-08,15253.29,Pending,VA,True,38,4.229515026125002
TXN-02451,LST-0715,BYR-1596,AGT-0023,479600.18,2024-08-02,2024-09-08,20160.76,Cancelled,FHA,True,37,4.203659806799905
TXN-02452,LST-5401,BYR-1032,AGT-0178,2606042.4,2021-04-22,2021-05-24,133159.26,Cancelled,VA,True,32,5.109635207777127
TXN-02453,LST-5799,BYR-1900,AGT-0242,2149326.18,2023-08-14,2023-09-22,106573.23,Cancelled,VA,True,39,4.958448419401842
TXN-02454,LST-5217,BYR-1363,AGT-0150,1723496.64,2022-01-01,2022-01-18,54739.72,Cancelled,Cash,True,17,3.1760851010420312
TXN-02455,LST-4658,BYR-0631,AGT-0300,2267363.62,2022-12-18,2023-02-01,135818.38,Pending,Conventional,False,45,5.9901455065244456
TXN-02456,LST-1484,BYR-3364,AGT-0034,270091.35,2020-03-02,2020-04-04,7998.62,Completed,FHA,False,33,2.9614498946375
TXN-02457,LST-0121,BYR-1305,AGT-0179,314046.12,2022-02-18,2022-04-01,13793.35,Pending,VA,True,42,4.3921415109347635
TXN-02458,LST-0338,BYR-3129,AGT-0199,375285.51,2022-05-29,2022-06-25,10870.56,Completed,Conventional,True,27,2.8966106365257747
TXN-02459,LST-3631,BYR-0556,AGT-0231,691945.02,2024-08-13,2024-09-03,19028.89,Cancelled,Conventional,True,21,2.7500580898754063
TXN-02460,LST-2587,BYR-1328,AGT-0056,1931849.84,2021-07-04,2021-08-11,101512.52,Pending,FHA,True,38,5.25467962872311
TXN-02461,LST-0975,BYR-2915,AGT-0204,379927.6,2022-08-19,2022-09-23,15359.62,Pending,Conventional,True,35,4.042775518282958
TXN-02462,LST-0304,BYR-1604,AGT-0291,2139920.98,2021-12-05,2021-12-30,128208.43,Pending,Jumbo,True,25,5.991269359862064
TXN-02463,LST-4385,BYR-2623,AGT-0276,452939.23,2022-09-21,2022-10-30,13098.43,Completed,FHA,True,39,2.891873596376273
TXN-02464,LST-2527,BYR-0458,AGT-0144,1096476.1,2023-02-01,2023-03-09,38159.58,Pending,Conventional,False,36,3.480201711646975
TXN-02465,LST-2259,BYR-1180,AGT-0237,1424651.75,2022-11-01,2022-11-28,60522.79,Completed,Conventional,True,27,4.248251546386688
TXN-02466,LST-2139,BYR-2291,AGT-0102,743027.24,2020-06-20,2020-07-18,32969.64,Completed,Cash,True,28,4.437204751739653
TXN-02467,LST-2703,BYR-3615,AGT-0221,1801924.31,2020-09-30,2020-10-20,99644.91,Pending,Conventional,True,20,5.52991651463984
TXN-02468,LST-0677,BYR-0945,AGT-0154,2120809.26,2023-02-24,2023-03-20,73007.77,Pending,Jumbo,True,24,3.4424486622620654
TXN-02469,LST-3828,BYR-0387,AGT-0020,935106.38,2022-08-29,2022-10-08,35147.55,Pending,VA,True,40,3.7586686126556
TXN-02470,LST-5459,BYR-3333,AGT-0093,2611384.0,2021-12-05,2022-01-06,72838.52,Cancelled,Jumbo,True,32,2.7892688321594985
TXN-02471,LST-3174,BYR-3388,AGT-0189,1233034.65,2020-03-24,2020-04-08,47813.44,Pending,VA,True,15,3.877704491110611
TXN-02472,LST-4334,BYR-0804,AGT-0197,2450858.15,2022-11-14,2022-12-25,84647.57,Unknown,Jumbo,False,41,3.453793113240765
TXN-02473,LST-0846,BYR-2399,AGT-0135,2337439.22,2022-12-04,2022-12-19,138974.91,Pending,Cash,True,15,5.945605293642672
TXN-02474,LST-5196,BYR-0782,AGT-0255,2405049.12,2020-10-22,2020-12-03,69876.05,Pending,Cash,True,42,2.905389724431075
TXN-02475,LST-1849,BYR-2629,AGT-0185,1718998.89,2024-03-03,2024-04-10,64640.66,Unknown,Cash,True,38,3.7603665933722628
TXN-02476,LST-3454,BYR-3100,AGT-0071,2143663.01,2021-10-23,2021-11-08,75335.57,Unknown,Cash,False,16,3.5143382914462853
TXN-02477,LST-2866,BYR-1332,AGT-0244,2904379.19,2022-10-20,2022-12-02,164592.58,Completed,Cash,False,43,5.66704859223289
TXN-02478,LST-5677,BYR-3349,AGT-0238,2094665.86,2020-10-23,2020-11-18,75346.87,Cancelled,Cash,True,26,3.5970830211554596
TXN-02479,LST-0923,BYR-0214,AGT-0116,322916.34,2024-01-13,2024-02-24,12583.73,Completed,Cash,True,42,3.8969009744133727
TXN-02480,LST-0108,BYR-2993,AGT-0121,2573143.4,2021-12-07,2022-01-15,117804.41,Pending,VA,True,39,4.578229491601595
TXN-02481,LST-5205,BYR-2086,AGT-0052,2418660.94,2021-07-17,2021-08-14,127747.58,Pending,Conventional,True,28,5.2817481726066156
TXN-02482,LST-1968,BYR-2304,AGT-0157,2412189.82,2022-11-20,2022-12-14,95457.26,Cancelled,Conventional,True,24,3.9572864128910057
TXN-02483,LST-5455,BYR-0936,AGT-0224,1779671.85,2023-04-18,2023-05-05,66973.78,Unknown,Jumbo,True,17,3.7632656829403683
TXN-02484,LST-3026,BYR-1841,AGT-0249,1399043.3,2021-01-03,2021-02-10,44931.86,Cancelled,FHA,False,38,3.211613250283247
TXN-02485,LST-2889,BYR-2119,AGT-0230,1234499.41,2022-09-13,2022-10-28,53258.39,Pending,USDA,True,45,4.3141689310325395
TXN-02486,LST-0069,BYR-1871,AGT-0213,461715.19,2020-02-20,2020-03-11,22985.38,Pending,Conventional,True,20,4.9782594330500585
TXN-02487,LST-0709,BYR-0087,AGT-0086,2057477.18,2023-12-23,2024-01-25,56264.53,Pending,Conventional,False,33,2.7346368915741754
TXN-02488,LST-0573,BYR-3260,AGT-0254,413127.31,2020-08-11,2020-08-31,12151.12,Pending,Conventional,False,20,2.9412531454287056
TXN-02489,LST-4405,BYR-3141,AGT-0116,2241226.87,2022-09-27,2022-10-13,114755.16,Completed,Conventional,True,16,5.120193833835304
TXN-02490,LST-5580,BYR-2089,AGT-0107,1156668.55,2021-10-19,2021-11-24,41123.58,Pending,FHA,True,36,3.555346948786668
TXN-02491,LST-4017,BYR-0257,AGT-0258,2081592.5,2020-12-10,2021-01-11,100615.89,Completed,Conventional,True,32,4.83360167756177
TXN-02492,LST-4734,BYR-2327,AGT-0097,542533.3,2023-11-26,2024-01-08,18434.14,Pending,Conventional,True,43,3.3977895919015477
TXN-02493,LST-4104,BYR-1913,AGT-0099,1926600.77,2024-06-27,2024-07-19,69153.27,Completed,Cash,True,22,3.589392835133145
TXN-02494,LST-4878,BYR-3240,AGT-0217,1958596.53,2023-09-22,2023-10-10,49032.36,Pending,VA,True,18,2.503443626544156
TXN-02495,LST-3155,BYR-3949,AGT-0221,371036.77,2022-04-10,2022-05-25,20214.18,Cancelled,Cash,True,45,5.448026081080859
TXN-02496,LST-2682,BYR-1216,AGT-0191,447149.65,2022-04-05,2022-04-25,15033.67,Pending,FHA,False,20,3.362111543640926
TXN-02497,LST-0953,BYR-2283,AGT-0228,2464064.32,2020-05-11,2020-06-01,138524.55,Pending,FHA,True,21,5.621791155191922
TXN-02498,LST-5925,BYR-2532,AGT-0233,827321.04,2023-06-15,2023-07-09,39059.49,Pending,FHA,True,24,4.721201095042862
TXN-02499,LST-0035,BYR-3344,AGT-0014,2631661.78,2020-12-08,2021-01-05,140454.61,Pending,VA,True,28,5.3371071870793365
TXN-02500,LST-5896,BYR-2866,AGT-0122,607645.22,2022-09-08,2022-10-14,16950.03,Cancelled,Cash,False,36,2.789461587470399
TXN-02501,LST-1337,BYR-1126,AGT-0085,1875577.59,2024-05-15,2024-06-27,51614.88,Pending,Jumbo,True,43,2.751945868579076
TXN-02502,LST-3483,BYR-3316,AGT-0074,1629891.56,2020-11-01,2020-11-16,44584.51,Cancelled,Conventional,True,15,2.735427993749474
TXN-02503,LST-4170,BYR-1842,AGT-0105,1059910.21,2024-03-14,2024-04-04,31373.88,Cancelled,Conventional,False,21,2.9600507386375683
TXN-02504,LST-3236,BYR-2131,AGT-0107,2244118.89,2023-08-11,2023-08-30,100172.19,Completed,Cash,True,19,4.463764840908229
TXN-02505,LST-2599,BYR-1519,AGT-0126,421010.09,2022-10-21,2022-11-24,23817.86,Pending,Conventional,True,34,5.657313343725325
TXN-02506,LST-2354,BYR-3237,AGT-0060,2537323.35,2023-09-20,2023-10-24,99219.22,Completed,Conventional,True,34,3.910389269069707
TXN-02507,LST-4291,BYR-3493,AGT-0158,1973735.36,2024-10-07,2024-11-12,109692.24,Pending,Conventional,True,36,5.557596130820699
TXN-02508,LST-5797,BYR-2643,AGT-0169,318745.05,2023-05-13,2023-05-31,10771.46,Completed,Jumbo,True,18,3.379334047697368
TXN-02509,LST-2233,BYR-1032,AGT-0140,232524.78,2020-08-01,2020-09-06,8168.93,Cancelled,Cash,True,36,3.513143846432196
TXN-02510,LST-4419,BYR-3061,AGT-0171,470106.73,2021-08-20,2021-09-17,25979.71,Unknown,FHA,False,28,5.526342922170036
TXN-02511,LST-2496,BYR-0732,AGT-0244,573710.96,2024-02-06,2024-03-01,15852.08,Cancelled,Conventional,True,24,2.763077770032492
TXN-02512,LST-5328,BYR-1434,AGT-0036,1139519.43,2021-11-10,2021-12-23,53956.05,Completed,FHA,False,43,4.734982886601592
TXN-02513,LST-4730,BYR-2565,AGT-0100,1805536.77,2023-05-08,2023-06-05,96418.69,Pending,Conventional,True,28,5.3401676222855325
TXN-02514,LST-2831,BYR-1393,AGT-0088,472772.33,2023-01-31,2023-03-09,14566.15,Completed,Cash,False,37,3.0810073000676668
TXN-02515,LST-3661,BYR-3177,AGT-0205,649155.6,2023-01-26,2023-03-06,20528.74,Cancelled,Cash,False,39,3.1623758618118685
TXN-02516,LST-0709,BYR-1608,AGT-0060,1805677.64,2023-10-09,2023-11-08,101442.58,Completed,Conventional,False,30,5.617978411694792
TXN-02517,LST-1165,BYR-1849,AGT-0222,1389445.53,2024-06-05,2024-06-25,40799.96,Completed,Conventional,True,20,2.9364202567912105
TXN-02518,LST-0261,BYR-0284,AGT-0177,354566.68,2024-07-16,2024-08-23,17696.94,Cancelled,Jumbo,True,38,4.991145812121997
TXN-02519,LST-0021,BYR-3480,AGT-0239,2064365.01,2024-07-20,2024-08-24,79527.88,Cancelled,Jumbo,True,35,3.8524136775598614
TXN-02520,LST-1868,BYR-2521,AGT-0208,350389.78,2022-10-07,2022-11-02,13399.48,Completed,VA,True,26,3.8241640495336364
TXN-02521,LST-0582,BYR-0065,AGT-0134,1755490.59,2020-09-26,2020-10-24,92578.62,Cancelled,Conventional,True,28,5.273660851693885
TXN-02522,LST-3758,BYR-2586,AGT-0273,1075174.7,2020-03-31,2020-04-22,50749.14,Pending,FHA,True,22,4.720083164159275
TXN-02523,LST-0931,BYR-3860,AGT-0160,1623132.4,2021-03-02,2021-03-17,78328.04,Completed,Conventional,True,15,4.82573325503206
TXN-02524,LST-1921,BYR-1105,AGT-0032,139774.25,2021-05-21,2021-06-17,5017.19,Cancelled,Cash,True,27,3.5894952038733887
TXN-02525,LST-3411,BYR-3969,AGT-0282,1895913.17,2020-11-13,2020-11-29,70506.6,Completed,FHA,False,16,3.718872842684035
TXN-02526,LST-2845,BYR-3171,AGT-0180,2217596.13,2022-02-10,2022-03-14,67228.61,Completed,Conventional,True,32,3.0315984543136807
TXN-02527,LST-5112,BYR-0827,AGT-0046,2827549.52,2024-02-29,2024-04-05,124473.78,Pending,VA,True,36,4.402178604461718
TXN-02528,LST-2744,BYR-0599,AGT-0002,344567.29,2020-11-23,2021-01-02,11688.55,Cancelled,Jumbo,True,40,3.392240163017215
TXN-02529,LST-0755,BYR-1269,AGT-0207,326897.96,2021-10-25,2021-12-04,11823.86,Pending,Conventional,True,40,3.616988004452521
TXN-02530,LST-3469,BYR-1594,AGT-0108,1041430.92,2021-05-02,2021-05-28,39854.06,Completed,FHA,False,26,3.8268558417681695
TXN-02531,LST-5108,BYR-3810,AGT-0199,2713950.45,2022-06-24,2022-07-17,125554.8,Cancelled,Cash,True,23,4.626274588027206
TXN-02532,LST-2695,BYR-2252,AGT-0170,2492415.35,2023-12-19,2024-01-13,140001.68,Cancelled,Conventional,True,25,5.617108721465706
TXN-02533,LST-5734,BYR-3009,AGT-0164,1724576.61,2023-09-02,2023-10-07,84532.93,Pending,FHA,False,35,4.901662791309688
TXN-02534,LST-1809,BYR-1778,AGT-0015,2075363.38,2021-01-01,2021-01-21,122405.37,Completed,Jumbo,True,20,5.89802109739452
TXN-02535,LST-2927,BYR-2415,AGT-0069,1512114.87,2022-05-08,2022-06-13,50579.29,Pending,Cash,True,36,3.344937015267894
TXN-02536,LST-4187,BYR-3476,AGT-0118,1638106.93,2024-09-18,2024-10-20,70499.34,Cancelled,Cash,True,32,4.30370806135348
TXN-02537,LST-5120,BYR-3848,AGT-0021,1006610.57,2024-02-13,2024-03-09,44028.93,Pending,Cash,True,25,4.373978508888497
TXN-02538,LST-1196,BYR-3219,AGT-0063,548635.72,2022-01-19,2022-02-13,27403.82,Cancelled,Conventional,False,25,4.994902628651303
TXN-02539,LST-0410,BYR-0204,AGT-0225,1017900.1,2022-07-14,2022-08-04,42356.02,Cancelled,Cash,True,21,4.161117579220201
TXN-02540,LST-0879,BYR-1892,AGT-0021,1123833.74,2020-07-12,2020-08-24,53033.07,Completed,Conventional,False,43,4.718942679190251
TXN-02541,LST-1161,BYR-0172,AGT-0019,362570.44,2024-07-07,2024-08-11,15124.31,Cancelled,Jumbo,True,35,4.171412870834147
TXN-02542,LST-1968,BYR-1997,AGT-0286,2065761.69,2022-12-01,2022-12-17,72820.65,Pending,Conventional,False,16,3.525123461845204
TXN-02543,LST-1224,BYR-0683,AGT-0207,2326677.76,2024-12-06,2024-12-30,109726.5,Cancelled,Cash,True,24,4.716016196415614
TXN-02544,LST-1851,BYR-2013,AGT-0239,1072629.78,2023-04-26,2023-05-28,58133.82,Pending,Jumbo,True,32,5.4197469699191085
TXN-02545,LST-5391,BYR-0706,AGT-0202,2287706.23,2021-07-09,2021-08-09,68357.63,Pending,Cash,True,31,2.9880423064634485
TXN-02546,LST-4748,BYR-2329,AGT-0280,1406308.96,2020-04-27,2020-06-02,69764.63,Pending,USDA,False,36,4.960832362185903
TXN-02547,LST-1471,BYR-2634,AGT-0150,1143153.44,2022-07-01,2022-08-07,67791.51,Completed,Jumbo,True,37,5.93021965625192
TXN-02548,LST-3941,BYR-3892,AGT-0180,1568932.86,2022-06-22,2022-07-22,86317.6,Cancelled,FHA,True,30,5.501675833343181
TXN-02549,LST-3335,BYR-1659,AGT-0082,2110764.32,2024-01-21,2024-02-23,109825.17,Completed,Conventional,True,33,5.20309960517051
TXN-02550,LST-4985,BYR-1959,AGT-0275,1411804.58,2021-10-18,2021-12-02,40191.94,Completed,VA,True,45,2.8468486764648406
TXN-02551,LST-0600,BYR-2264,AGT-0282,943593.81,2020-11-27,2020-12-29,54182.21,Completed,Conventional,True,32,5.742111640177037
TXN-02552,LST-0204,BYR-2806,AGT-0067,2071522.99,2022-10-07,2022-11-11,88869.93,Cancelled,Conventional,False,35,4.29007693513457
TXN-02554,LST-1289,BYR-0169,AGT-0098,1323360.39,2021-05-19,2021-06-05,72826.19,Cancelled,Conventional,True,17,5.503126022987586
TXN-02555,LST-3511,BYR-2084,AGT-0056,1623621.54,2024-10-07,2024-10-24,89192.23,Completed,Jumbo,True,17,5.493412584314445
TXN-02556,LST-1809,BYR-1072,AGT-0294,2303331.28,2021-02-23,2021-03-11,119623.55,Pending,Conventional,True,16,5.19350173545162
TXN-02557,LST-5143,BYR-1604,AGT-0127,311461.49,2022-02-07,2022-02-26,17203.72,Completed,Conventional,True,19,5.523546426237157
TXN-02558,LST-0086,BYR-1340,AGT-0010,951176.61,2024-04-23,2024-05-19,44671.84,Cancelled,Conventional,True,26,4.696482181158765
TXN-02559,LST-4333,BYR-3284,AGT-0168,765357.23,2024-08-01,2024-09-02,21147.23,Completed,FHA,True,32,2.763053535144628
TXN-02560,LST-4609,BYR-0476,AGT-0066,991663.99,2023-07-17,2023-08-04,33236.37,Cancelled,VA,False,18,3.351575769127203
TXN-02561,LST-1540,BYR-0118,AGT-0289,1408746.63,2020-09-01,2020-09-19,40865.72,Pending,Conventional,True,18,2.900856628846026
TXN-02562,LST-1164,BYR-3421,AGT-0161,1915142.7,2022-11-01,2022-12-10,50721.57,Pending,Conventional,True,39,2.6484485986344515
TXN-02563,LST-5149,BYR-0612,AGT-0141,2003260.29,2022-09-14,2022-09-29,113969.76,Pending,FHA,True,15,5.68921375664068
TXN-02564,LST-5007,BYR-3254,AGT-0124,415480.35,2020-07-22,2020-08-29,14487.78,Cancelled,Conventional,True,38,3.486995233348581
TXN-02565,LST-5904,BYR-1042,AGT-0057,223173.09,2022-09-21,2022-10-29,11448.76,Cancelled,Conventional,False,38,5.129991254770008
TXN-02566,LST-3923,BYR-3569,AGT-0201,413512.9,2022-06-04,2022-06-22,16255.91,Completed,Conventional,True,18,3.9311736103033303
TXN-02567,LST-1461,BYR-2476,AGT-0191,734887.93,2021-08-02,2021-08-27,43272.25,Cancelled,Jumbo,True,25,5.88827877469698
TXN-02568,LST-4902,BYR-2206,AGT-0294,907607.39,2021-04-14,2021-05-01,38222.41,Pending,Cash,False,17,4.211337459471325
TXN-02569,LST-1911,BYR-1053,AGT-0063,807240.7,2022-07-09,2022-08-12,43015.93,Pending,Cash,True,34,5.3287612975906695
TXN-02570,LST-1665,BYR-2315,AGT-0170,1172462.86,2021-04-18,2021-05-30,62553.57,Completed,Conventional,False,42,5.335228273243555
TXN-02571,LST-0030,BYR-1628,AGT-0125,1847205.06,2023-02-08,2023-02-23,64664.96,Cancelled,Cash,True,15,3.500692013045915
TXN-02572,LST-3693,BYR-4000,AGT-0286,1796592.61,2024-07-18,2024-08-23,95337.08,Cancelled,Conventional,True,36,5.306549713571403
TXN-02573,LST-5555,BYR-1248,AGT-0067,1550087.96,2020-11-17,2020-12-14,60783.77,Pending,FHA,True,27,3.921311020311389
TXN-02574,LST-5266,BYR-3607,AGT-0036,342087.27,2024-04-23,2024-05-23,13060.87,Pending,Conventional,True,30,3.817993578071467
TXN-02575,LST-0993,BYR-1377,AGT-0280,547921.2,2020-11-01,2020-12-11,28643.03,Pending,Cash,True,40,5.227581995367217
TXN-02576,LST-1166,BYR-0529,AGT-0294,967853.56,2023-12-17,2024-01-15,34270.97,Completed,FHA,True,29,3.5409251374763757
TXN-02577,LST-4685,BYR-1245,AGT-0061,87664.54,2021-05-02,2021-05-19,4656.5,Unknown,Conventional,True,17,5.311725812968391
TXN-02578,LST-0474,BYR-1811,AGT-0291,1997893.8,2022-05-03,2022-06-16,108992.6,Pending,VA,False,44,5.455375055470917
TXN-02579,LST-0576,BYR-1461,AGT-0261,2575550.48,2022-11-29,2022-12-23,153354.56,Cancelled,FHA,True,24,5.954244003014066
TXN-02580,LST-5392,BYR-3723,AGT-0292,2455485.43,2022-01-09,2022-02-05,86028.11,Completed,Conventional,False,27,3.5035072474447544
TXN-02581,LST-2313,BYR-0278,AGT-0287,1199327.92,2020-12-11,2021-01-03,70450.61,Cancelled,USDA,True,23,5.874174095771906
TXN-02582,LST-3253,BYR-0098,AGT-0056,234239.31,2022-03-29,2022-04-26,10102.81,Pending,FHA,True,28,4.3130292690838266
TXN-02583,LST-2165,BYR-2507,AGT-0178,1815583.74,2022-01-24,2022-02-08,96371.8,Pending,Conventional,False,15,5.308033877853522
TXN-02584,LST-1921,BYR-0774,AGT-0033,150268.92,2021-04-24,2021-05-18,7383.1,Pending,Conventional,False,24,4.913258177406213
TXN-02585,LST-4630,BYR-3314,AGT-0235,2386896.02,2022-07-23,2022-08-30,128619.83,Cancelled,Conventional,False,38,5.388581191735365
TXN-02586,LST-5479,BYR-0257,AGT-0099,1219376.39,2020-09-09,2020-10-21,61315.19,Completed,Conventional,True,42,5.0284055442470885
TXN-02587,LST-2899,BYR-2733,AGT-0161,2778393.08,2020-07-03,2020-08-02,165244.08,Cancelled,Cash,True,30,5.947469463176175
TXN-02588,LST-0591,BYR-2982,AGT-0032,1378410.84,2022-04-19,2022-06-01,74954.08,Cancelled,Conventional,False,43,5.437716958174821
TXN-02589,LST-1635,BYR-0593,AGT-0187,1832908.76,2022-06-30,2022-07-24,56490.88,Cancelled,VA,True,24,3.08203448162908
TXN-02590,LST-1911,BYR-0053,AGT-0064,798123.13,2022-08-22,2022-10-06,47685.85,Pending,Jumbo,True,45,5.974748532848559
TXN-02591,LST-0730,BYR-1152,AGT-0119,146328.69,2020-08-31,2020-09-22,8513.55,Pending,Conventional,True,22,5.818100332887555
TXN-02592,LST-2768,BYR-2947,AGT-0041,2011665.66,2022-04-14,2022-05-28,71661.45,Completed,Conventional,True,44,3.5622942432690334
TXN-02593,LST-4924,BYR-2685,AGT-0188,950443.88,2023-11-21,2024-01-03,54047.21,Completed,Cash,True,43,5.686523017013903
TXN-02594,LST-4009,BYR-2556,AGT-0229,1549461.71,2023-02-10,2023-03-14,75703.47,Pending,Conventional,True,32,4.885791595327644
TXN-02595,LST-5642,BYR-1150,AGT-0100,1990290.22,2020-08-04,2020-09-02,78054.16,Cancelled,Cash,True,29,3.9217476534653324
TXN-02596,LST-0825,BYR-2144,AGT-0129,2017162.23,2020-08-11,2020-09-23,119052.02,Cancelled,FHA,True,43,5.901955639928872
TXN-02597,LST-5846,BYR-0885,AGT-0269,1922567.81,2022-03-31,2022-05-08,55597.37,Pending,Conventional,True,38,2.8918288192914248
TXN-02598,LST-4862,BYR-2950,AGT-0248,1267331.95,2020-09-23,2020-10-17,71423.49,Pending,Conventional,True,24,5.635736556629856
TXN-02599,LST-1309,BYR-2984,AGT-0297,1102892.96,2022-07-04,2022-07-30,58825.89,Cancelled,USDA,True,26,5.333780532972121
TXN-02600,LST-1251,BYR-1966,AGT-0209,631237.83,2020-08-11,2020-08-28,27058.35,Pending,Conventional,True,17,4.286553928493165
TXN-02601,LST-3238,BYR-1174,AGT-0153,631535.02,2020-06-17,2020-07-08,20512.99,Cancelled,Jumbo,True,21,3.2481159952143277
TXN-02602,LST-3921,BYR-3570,AGT-0103,492671.66,2021-09-07,2021-10-15,27967.64,Completed,FHA,True,38,5.676730015280359
TXN-02603,LST-4567,BYR-1208,AGT-0012,174818.27,2021-01-30,2021-03-01,6313.76,Cancelled,Jumbo,True,30,3.6116133628367337
TXN-02605,LST-3251,BYR-3058,AGT-0240,661746.06,2020-03-31,2020-05-04,33503.61,Cancelled,FHA,True,34,5.062910385896366
TXN-02606,LST-5941,BYR-1059,AGT-0063,510881.15,2022-05-24,2022-06-09,16640.94,Completed,Conventional,True,16,3.2573016248495366
TXN-02607,LST-0507,BYR-0213,AGT-0184,1541410.59,2022-03-19,2022-04-12,42447.93,Unknown,FHA,True,24,2.7538366659333775
TXN-02608,LST-3820,BYR-0025,AGT-0229,2191759.88,2021-09-10,2021-10-15,104856.08,Pending,FHA,True,35,4.784104360921143
TXN-02609,LST-3612,BYR-3551,AGT-0103,639609.2,2020-11-26,2020-12-21,27419.91,Cancelled,Conventional,False,25,4.286978673852722
TXN-02610,LST-3869,BYR-2370,AGT-0293,977144.77,2020-09-13,2020-10-05,55604.45,Cancelled,Conventional,True,22,5.690502749147395
TXN-02611,LST-4324,BYR-0520,AGT-0171,2583547.85,2022-01-01,2022-01-19,142409.62,Pending,Conventional,True,18,5.512172727902058
TXN-02612,LST-3643,BYR-1371,AGT-0105,1478953.1,2023-12-26,2024-01-14,72525.11,Completed,Jumbo,False,19,4.9038140560373416
TXN-02613,LST-1495,BYR-2912,AGT-0010,711834.33,2022-04-26,2022-06-05,18636.09,Completed,Jumbo,True,40,2.6180375425276274
TXN-02614,LST-4802,BYR-0499,AGT-0215,2383237.77,2022-08-18,2022-09-21,101636.08,Pending,Conventional,True,34,4.264621905518054
TXN-02615,LST-5199,BYR-0730,AGT-0150,1175504.82,2024-07-18,2024-08-31,43562.81,Completed,Cash,True,44,3.7058810188460134
TXN-02616,LST-5019,BYR-1781,AGT-0239,1927550.08,2022-01-03,2022-01-24,63462.47,Cancelled,Conventional,True,21,3.2923902034234045
TXN-02617,LST-3364,BYR-3046,AGT-0224,2178922.63,2021-08-30,2021-09-28,65172.79,Cancelled,Conventional,False,29,2.991055721882149
TXN-02618,LST-5322,BYR-3898,AGT-0026,1564124.77,2022-01-22,2022-03-04,50149.95,Completed,Conventional,True,41,3.206262758692837
TXN-02619,LST-1183,BYR-3916,AGT-0015,1245997.71,2024-05-02,2024-05-19,59870.71,Completed,Jumbo,True,17,4.805041736392918
TXN-02620,LST-2041,BYR-0978,AGT-0163,1767555.83,2020-10-09,2020-11-19,94762.9,Cancelled,Conventional,True,41,5.361239424046933
TXN-02621,LST-3157,BYR-1847,AGT-0013,1784567.45,2021-05-30,2021-06-15,74598.57,Completed,Conventional,True,16,4.180204564416997
TXN-02622,LST-5458,BYR-0292,AGT-0175,384320.28,2024-08-17,2024-09-25,13882.61,Cancelled,Conventional,False,39,3.6122501784188956
TXN-02623,LST-5649,BYR-1311,AGT-0067,709527.85,2021-04-08,2021-05-12,31413.64,Completed,Cash,True,34,4.42740055940017
TXN-02624,LST-4778,BYR-2608,AGT-0150,133385.43,2023-12-12,2023-12-30,4066.25,Completed,Cash,True,18,3.0484963762533885
TXN-02625,LST-1657,BYR-3396,AGT-0240,1426510.09,2023-05-23,2023-07-01,57000.95,Unknown,Conventional,True,39,3.995832234176486
TXN-02626,LST-3676,BYR-3009,AGT-0086,402507.02,2023-11-27,2023-12-28,12204.37,Unknown,Conventional,True,31,3.032088732266086
TXN-02627,LST-2761,BYR-1109,AGT-0019,1990026.08,2020-08-01,2020-08-19,75334.62,Pending,FHA,False,18,3.7856096840700695
TXN-02628,LST-1703,BYR-1634,AGT-0186,2239283.28,2022-03-29,2022-04-29,98379.03,Completed,VA,False,31,4.3933266897790615
TXN-02629,LST-1307,BYR-2648,AGT-0190,901868.1,2024-05-25,2024-06-11,28629.79,Cancelled,FHA,True,17,3.174498576898329
TXN-02630,LST-4163,BYR-0754,AGT-0033,290128.13,2022-04-23,2022-06-05,10673.68,Cancelled,Conventional,True,43,3.67895384704682
TXN-02631,LST-1965,BYR-0849,AGT-0020,1158796.91,2023-10-25,2023-11-12,58496.8,Pending,USDA,True,18,5.04806316751397
TXN-02632,LST-0251,BYR-0908,AGT-0034,1238414.03,2021-05-23,2021-06-10,61546.06,Cancelled,Cash,True,18,4.969748283617232
TXN-02633,LST-1643,BYR-1279,AGT-0139,412752.02,2022-04-25,2022-05-19,12256.65,Completed,Cash,True,24,2.9694948555309306
TXN-02634,LST-0883,BYR-3468,AGT-0281,367446.56,2022-09-11,2022-10-02,13204.68,Cancelled,Cash,False,21,3.5936327720689505
TXN-02635,LST-1739,BYR-1414,AGT-0250,1880483.51,2022-09-29,2022-10-14,93530.19,Pending,Cash,True,15,4.9737309315730185
TXN-02636,LST-4506,BYR-1679,AGT-0246,2802458.16,2024-04-22,2024-05-07,114238.58,Pending,Cash,True,15,4.076370581746705
TXN-02637,LST-0329,BYR-0450,AGT-0146,1769803.48,2020-10-25,2020-11-11,98753.25,Pending,VA,False,17,5.579899187451027
TXN-02638,LST-4576,BYR-1908,AGT-0243,2760721.72,2020-03-06,2020-04-03,126864.74,Pending,Conventional,False,28,4.595346900809691
TXN-02639,LST-2385,BYR-0546,AGT-0047,2298806.15,2023-09-21,2023-10-18,104157.13,Pending,Conventional,True,27,4.5309227139487165
TXN-02640,LST-4028,BYR-1227,AGT-0110,723560.61,2024-04-18,2024-05-15,35253.36,Completed,Cash,False,27,4.872205522630647
TXN-02641,LST-5467,BYR-0309,AGT-0030,131763.93,2023-08-17,2023-09-07,4675.21,Completed,Conventional,True,21,3.548171339455343
TXN-02642,LST-5949,BYR-2635,AGT-0148,606927.89,2022-02-09,2022-02-28,22342.72,Pending,Conventional,False,19,3.6812808190442525
TXN-02643,LST-5329,BYR-0076,AGT-0178,1635668.68,2020-10-11,2020-11-22,87493.87,Cancelled,FHA,True,42,5.349119358328729
TXN-02644,LST-4184,BYR-3888,AGT-0283,3123743.71,2024-07-16,2024-08-21,84997.93,Pending,Conventional,True,36,2.721027647943627
TXN-02645,LST-3543,BYR-0387,AGT-0105,1235591.62,2022-12-17,2023-01-09,41353.11,Cancelled,Cash,True,23,3.346826680485256
TXN-02646,LST-5409,BYR-3285,AGT-0031,965908.1,2023-07-16,2023-08-11,44290.81,Pending,Cash,True,26,4.585406209969665
TXN-02647,LST-0988,BYR-3529,AGT-0242,447958.33,2021-11-07,2021-12-11,19793.72,Completed,Conventional,True,34,4.418652065249015
TXN-02648,LST-5709,BYR-0428,AGT-0024,988743.65,2020-05-02,2020-06-15,45999.24,Completed,FHA,True,44,4.652291825085299
TXN-02649,LST-3155,BYR-1925,AGT-0258,356966.38,2022-08-13,2022-09-05,15980.01,Cancelled,Cash,True,23,4.4766148565587605
TXN-02650,LST-1137,BYR-0741,AGT-0044,1619551.17,2021-06-24,2021-07-23,55107.44,Unknown,Conventional,True,29,3.4026365465192434
TXN-02651,LST-3520,BYR-3789,AGT-0107,2122046.41,2023-03-16,2023-04-15,94326.49,Cancelled,Conventional,True,30,4.445071962398787
TXN-02652,LST-5362,BYR-2784,AGT-0060,1250788.38,2021-05-05,2021-06-15,42845.23,Pending,Cash,True,41,3.425457949969123
TXN-02653,LST-2574,BYR-2167,AGT-0169,580270.75,2021-04-21,2021-05-23,29063.49,Cancelled,Jumbo,True,32,5.008608481471796
TXN-02654,LST-2946,BYR-2780,AGT-0023,1478886.88,2021-02-28,2021-04-11,84535.61,Cancelled,Jumbo,True,42,5.7161647143695
TXN-02655,LST-2395,BYR-1693,AGT-0205,2190609.29,2023-02-14,2023-03-07,65313.36,Pending,VA,False,21,2.981515704245005
TXN-02656,LST-2055,BYR-3601,AGT-0131,1984178.09,2023-07-13,2023-08-14,51485.77,Cancelled,Conventional,True,32,2.594815972390865
TXN-02657,LST-4225,BYR-3726,AGT-0059,3092966.82,2022-09-25,2022-10-28,78426.79,Completed,Jumbo,True,33,2.5356492508380675
TXN-02658,LST-4187,BYR-1848,AGT-0195,1591319.53,2024-10-07,2024-11-02,71269.44,Pending,Conventional,True,26,4.478637926350341
TXN-02659,LST-0559,BYR-2186,AGT-0160,1593465.11,2023-06-14,2023-07-13,68124.55,Completed,Conventional,True,29,4.275245788092592
TXN-02660,LST-5727,BYR-2983,AGT-0008,2410283.21,2024-01-11,2024-02-12,124527.13,Completed,VA,True,32,5.1664936918346624
TXN-02661,LST-3411,BYR-3986,AGT-0238,2074708.78,2020-06-20,2020-07-31,95223.67,Completed,Conventional,True,41,4.589736685839831
TXN-02662,LST-1998,BYR-0674,AGT-0290,2062265.59,2021-04-14,2021-05-06,74417.81,Pending,Conventional,False,22,3.608546365747197
TXN-02663,LST-4467,BYR-1075,AGT-0033,2297960.23,2024-01-16,2024-02-24,79281.11,Completed,Cash,False,39,3.4500644948063353
TXN-02664,LST-4377,BYR-0744,AGT-0045,141386.9,2021-06-08,2021-07-02,6357.24,Pending,Conventional,True,24,4.4963430133909155
TXN-02665,LST-1961,BYR-2031,AGT-0120,727453.76,2020-04-15,2020-05-10,38518.28,Cancelled,Conventional,False,25,5.294945482170578
TXN-02666,LST-1379,BYR-3399,AGT-0275,1957323.64,2024-10-10,2024-11-06,100481.95,Completed,Conventional,True,27,5.133640035124698
TXN-02667,LST-5374,BYR-0244,AGT-0191,1515687.76,2021-09-11,2021-10-16,86270.7,Cancelled,Cash,True,35,5.691851730728498
TXN-02668,LST-3164,BYR-1449,AGT-0273,1824179.74,2023-06-28,2023-07-19,82840.07,Pending,Conventional,False,21,4.541223004702378
TXN-02669,LST-5363,BYR-1556,AGT-0151,603181.89,2020-06-07,2020-07-20,16028.09,Cancelled,Conventional,True,43,2.6572565035067615
TXN-02670,LST-3710,BYR-0674,AGT-0092,514915.59,2022-11-08,2022-12-06,27702.77,Pending,FHA,True,28,5.380060448354263
TXN-02671,LST-0769,BYR-2278,AGT-0044,2108391.77,2022-08-15,2022-09-26,88806.73,Pending,Conventional,True,42,4.2120601713409265
TXN-02672,LST-1421,BYR-1322,AGT-0173,2690976.79,2022-01-13,2022-02-12,89707.34,Cancelled,Conventional,True,30,3.3336348471441104
TXN-02673,LST-4578,BYR-1342,AGT-0001,1016066.78,2021-09-15,2021-10-29,27327.27,Completed,Conventional,False,44,2.6895151517501636
TXN-02674,LST-0559,BYR-2626,AGT-0111,1791149.67,2023-08-04,2023-09-02,97125.71,Completed,Conventional,True,29,5.422534566862858
TXN-02675,LST-2706,BYR-0766,AGT-0253,1739059.19,2020-09-04,2020-10-19,46314.64,Completed,Cash,True,45,2.6632009000222703
TXN-02676,LST-2473,BYR-3796,AGT-0093,1905363.32,2021-06-26,2021-07-13,72297.94,Cancelled,Jumbo,True,17,3.7944437809372755
TXN-02677,LST-5807,BYR-0267,AGT-0093,896164.28,2020-07-13,2020-07-31,52718.35,Cancelled,Conventional,True,18,5.882665843365236
TXN-02678,LST-0330,BYR-0138,AGT-0213,922531.85,2023-05-23,2023-06-26,26526.07,Pending,Conventional,False,34,2.8753554687569864
TXN-02679,LST-4117,BYR-1836,AGT-0139,832721.33,2024-05-05,2024-06-01,32631.0,Unknown,Conventional,True,27,3.9185978339236254
TXN-02680,LST-4262,BYR-2775,AGT-0210,810921.79,2020-08-03,2020-08-18,32857.1,Cancelled,Jumbo,True,15,4.0518210763580536
TXN-02681,LST-5708,BYR-3402,AGT-0131,2265268.26,2023-11-11,2023-12-08,78267.99,Pending,Conventional,True,27,3.4551311816817676
TXN-02682,LST-1332,BYR-2557,AGT-0189,1630554.2,2024-02-04,2024-03-11,53971.38,Cancelled,Conventional,True,36,3.310002206611715
TXN-02683,LST-3794,BYR-0749,AGT-0122,1367624.73,2020-03-10,2020-04-06,75552.66,Cancelled,FHA,True,27,5.524370709500113
TXN-02684,LST-1915,BYR-3330,AGT-0005,725884.53,2023-01-29,2023-02-25,25576.82,Pending,Conventional,True,27,3.5235383787556405
TXN-02685,LST-0913,BYR-2031,AGT-0158,1071607.91,2020-09-18,2020-10-27,48364.5,Cancelled,Cash,True,39,4.5132645577429535
TXN-02686,LST-2640,BYR-1107,AGT-0090,420044.82,2022-06-27,2022-07-27,24586.43,Cancelled,Cash,True,30,5.853287275391231
TXN-02687,LST-4642,BYR-3347,AGT-0300,2366636.43,2023-04-30,2023-06-13,122041.07,Cancelled,Conventional,True,44,5.156730812260842
TXN-02688,LST-2529,BYR-3316,AGT-0122,2467027.71,2022-01-15,2022-02-21,124666.75,Completed,VA,True,37,5.053317783771468
TXN-02689,LST-3396,BYR-0892,AGT-0208,1218343.9,2021-08-08,2021-09-02,52637.16,Cancelled,FHA,True,25,4.320386058484801
TXN-02690,LST-3125,BYR-1306,AGT-0206,1189708.67,2024-07-04,2024-08-16,36235.94,Pending,Cash,True,43,3.045782628448022
TXN-02692,LST-1482,BYR-0144,AGT-0062,136728.63,2023-11-29,2024-01-01,7648.35,Completed,FHA,True,33,5.593817476266675
TXN-02693,LST-3307,BYR-2172,AGT-0004,2187414.18,2022-12-18,2023-01-05,108057.23,Cancelled,Cash,True,18,4.939952889946063
TXN-02694,LST-0993,BYR-0859,AGT-0260,583833.96,2021-01-28,2021-02-21,17105.43,Cancelled,FHA,True,24,2.9298449853790625
TXN-02695,LST-3538,BYR-2210,AGT-0277,433290.23,2021-10-27,2021-12-08,19995.72,Cancelled,Conventional,True,42,4.614855959249301
TXN-02696,LST-1897,BYR-1409,AGT-0261,811430.09,2020-12-23,2021-01-16,26423.86,Cancelled,Conventional,True,24,3.2564555253305927
TXN-02697,LST-1185,BYR-0935,AGT-0144,1313194.1,2024-07-02,2024-08-13,54530.56,Pending,VA,True,42,4.15251332609551
TXN-02698,LST-5698,BYR-2463,AGT-0156,2429148.08,2021-01-05,2021-02-06,81086.49,Pending,Conventional,False,32,3.3380628652329833
TXN-02700,LST-2875,BYR-3039,AGT-0174,1292241.31,2023-07-10,2023-08-18,67296.1,Cancelled,Cash,False,39,5.207703815009598
TXN-02701,LST-4999,BYR-2764,AGT-0289,2024179.73,2021-01-21,2021-02-16,52416.81,Pending,Jumbo,True,26,2.589533390891134
TXN-02702,LST-2086,BYR-3029,AGT-0266,1464868.62,2021-06-24,2021-07-11,68380.09,Pending,Conventional,True,17,4.668001557709659
TXN-02703,LST-0448,BYR-2196,AGT-0137,1457456.78,2021-03-17,2021-04-12,70016.43,Completed,Conventional,True,26,4.804014154025205
TXN-02704,LST-5947,BYR-1137,AGT-0198,2660810.43,2023-03-24,2023-05-03,144956.38,Cancelled,Conventional,True,40,5.447828164143208
TXN-02705,LST-3114,BYR-1740,AGT-0184,285388.04,2024-09-22,2024-10-20,11058.68,Completed,Conventional,True,28,3.8749626648685074
TXN-02706,LST-5073,BYR-1345,AGT-0168,323190.82,2024-02-17,2024-03-05,16715.62,Unknown,Cash,True,17,5.172059033112388
TXN-02707,LST-3747,BYR-0044,AGT-0013,1661656.78,2022-08-01,2022-09-03,70966.5,Completed,Conventional,True,33,4.27082781800463
TXN-02708,LST-5653,BYR-1449,AGT-0204,1029365.81,2021-07-26,2021-08-13,30689.3,Cancelled,Cash,False,18,2.981379379600727
TXN-02709,LST-1065,BYR-2392,AGT-0077,2982670.37,2024-10-31,2024-12-10,83588.59,Completed,Conventional,True,40,2.8024749513302734
TXN-02710,LST-0507,BYR-1048,AGT-0120,1397155.24,2021-11-06,2021-11-21,39382.08,Completed,Conventional,True,15,2.818733299815703
TXN-02711,LST-4890,BYR-3215,AGT-0228,460144.82,2024-10-04,2024-10-30,15991.09,Completed,Conventional,True,26,3.4752298200379608
TXN-02712,LST-1908,BYR-1532,AGT-0283,546245.58,2024-07-27,2024-08-21,24746.89,Cancelled,Conventional,False,25,4.5303597696845435
TXN-02713,LST-0330,BYR-2472,AGT-0106,1072524.07,2023-05-09,2023-06-20,45413.98,Completed,Cash,False,42,4.234308699477486
TXN-02714,LST-1828,BYR-1278,AGT-0108,1671333.24,2024-04-08,2024-04-27,85995.18,Cancelled,Conventional,True,19,5.145304236275465
TXN-02715,LST-4682,BYR-1285,AGT-0230,549252.82,2024-01-10,2024-02-03,32043.6,Pending,Jumbo,True,24,5.83403468005863
TXN-02716,LST-2239,BYR-3178,AGT-0175,754540.53,2020-08-16,2020-09-29,33406.95,Pending,Conventional,True,44,4.427456004252017
TXN-02717,LST-2132,BYR-2514,AGT-0082,1849617.84,2020-04-08,2020-04-26,60390.35,Completed,Cash,True,18,3.265017707657923
TXN-02718,LST-1555,BYR-3861,AGT-0004,1633840.18,2022-07-15,2022-08-02,49420.28,Completed,FHA,True,18,3.024792792156697
TXN-02719,LST-0376,BYR-2726,AGT-0270,1605462.44,2022-06-24,2022-08-03,58186.03,Completed,FHA,False,40,3.624253582662451
TXN-02720,LST-2831,BYR-2779,AGT-0271,526550.94,2022-11-22,2022-12-17,26315.7,Cancelled,Conventional,True,25,4.997750075234887
TXN-02721,LST-4881,BYR-1458,AGT-0189,1908410.9,2022-01-02,2022-01-17,68247.1,Pending,Conventional,False,15,3.5761218928271687
TXN-02722,LST-1065,BYR-2578,AGT-0076,2574214.9,2024-07-13,2024-07-28,86779.19,Cancelled,FHA,True,15,3.371093454551911
TXN-02723,LST-0898,BYR-0061,AGT-0130,1378517.04,2022-06-28,2022-07-27,34695.72,Completed,Conventional,True,29,2.5168872776501914
TXN-02724,LST-3159,BYR-3173,AGT-0053,975745.25,2024-07-20,2024-08-25,54960.06,Completed,Conventional,True,36,5.632623884154189
TXN-02725,LST-5032,BYR-0076,AGT-0177,826222.65,2023-05-21,2023-06-09,45071.77,Cancelled,Cash,True,19,5.4551603009188865
TXN-02726,LST-4293,BYR-3006,AGT-0030,459409.17,2023-05-22,2023-06-30,18456.09,Completed,Cash,True,39,4.017353419393
TXN-02727,LST-3157,BYR-1550,AGT-0039,1803565.59,2021-08-28,2021-09-19,92710.97,Pending,Conventional,False,22,5.1404268585541155
TXN-02728,LST-5056,BYR-1026,AGT-0177,2241269.78,2022-09-30,2022-11-02,94020.12,Cancelled,FHA,True,33,4.194948811561632
TXN-02730,LST-5690,BYR-3921,AGT-0051,1642610.3,2021-12-13,2022-01-24,89706.49,Unknown,VA,True,42,5.46121560299482
TXN-02731,LST-4339,BYR-1996,AGT-0252,3032238.07,2023-11-24,2023-12-29,180973.71,Pending,Cash,True,35,5.96832128026148
TXN-02732,LST-3885,BYR-3672,AGT-0275,2112028.12,2021-01-08,2021-01-25,98629.96,Pending,Cash,True,17,4.6699169895522035
TXN-02733,LST-0685,BYR-1907,AGT-0059,1154470.41,2023-10-02,2023-11-01,30849.78,Unknown,Cash,True,30,2.672201879994482
TXN-02735,LST-1266,BYR-1744,AGT-0263,989686.03,2023-03-24,2023-04-24,47322.89,Cancelled,Conventional,False,31,4.781606344387825
TXN-02736,LST-3951,BYR-3843,AGT-0160,1832507.56,2022-07-29,2022-08-15,74901.63,Pending,Cash,False,17,4.087384501704321
TXN-02737,LST-3111,BYR-3422,AGT-0153,1893083.88,2021-03-31,2021-04-18,70007.59,Completed,Conventional,False,18,3.6980712127769
TXN-02738,LST-5522,BYR-0107,AGT-0063,654184.23,2021-04-23,2021-05-17,29976.5,Cancelled,Conventional,True,24,4.582271877755292
TXN-02739,LST-2761,BYR-0800,AGT-0045,2088565.48,2020-01-31,2020-02-27,123197.03,Pending,Conventional,False,27,5.898643407627325
TXN-02740,LST-5863,BYR-0924,AGT-0154,2970146.02,2023-01-15,2023-02-22,107776.88,Pending,Conventional,True,38,3.628672774815293
TXN-02741,LST-1988,BYR-3916,AGT-0113,524432.21,2022-09-23,2022-10-17,27338.88,Completed,FHA,True,24,5.213043645812679
TXN-02742,LST-4733,BYR-3489,AGT-0203,1367174.67,2022-07-29,2022-08-24,57547.27,Unknown,Conventional,True,26,4.209211248771892
TXN-02743,LST-1171,BYR-3427,AGT-0093,1557851.73,2021-03-06,2021-03-26,86682.29,Pending,Conventional,True,20,5.564219516577486
TXN-02744,LST-5064,BYR-2247,AGT-0224,163404.41,2021-09-12,2021-10-03,9289.02,Unknown,Cash,True,21,5.684681337547745
TXN-02745,LST-1796,BYR-1224,AGT-0023,1513824.17,2021-05-25,2021-07-09,89942.06,Pending,FHA,True,45,5.941380893660854
TXN-02746,LST-0036,BYR-3885,AGT-0088,2005302.05,2021-09-29,2021-10-23,93844.19,Completed,Conventional,True,24,4.6798032246563555
TXN-02747,LST-4044,BYR-3385,AGT-0045,2298183.14,2021-04-04,2021-04-24,119034.0,Pending,Cash,True,20,5.179482780471533
TXN-02748,LST-5217,BYR-1225,AGT-0287,1721897.99,2022-03-23,2022-04-07,70040.57,Cancelled,Cash,True,15,4.067637595651064
TXN-02749,LST-1064,BYR-2025,AGT-0088,2357014.85,2021-11-08,2021-12-12,76000.62,Pending,Cash,True,34,3.2244438341150032
TXN-02750,LST-2983,BYR-0346,AGT-0047,1916074.42,2020-07-27,2020-09-01,103920.37,Pending,Conventional,False,36,5.423608233337826
TXN-02751,LST-3167,BYR-3468,AGT-0228,605532.68,2022-01-01,2022-01-22,19302.75,Completed,VA,True,21,3.1877305119188613
TXN-02752,LST-2062,BYR-0921,AGT-0103,827126.2,2022-12-12,2023-01-25,37530.74,Cancelled,Cash,True,44,4.537486540747953
TXN-02753,LST-5816,BYR-0913,AGT-0147,2000099.89,2020-12-10,2021-01-11,72329.56,Pending,Conventional,False,32,3.616297384027155
TXN-02754,LST-5008,BYR-1254,AGT-0049,798398.67,2021-05-07,2021-06-04,38223.62,Cancelled,Cash,False,28,4.787535530338497
TXN-02755,LST-5870,BYR-3889,AGT-0159,407731.99,2021-04-19,2021-05-20,18703.71,Pending,Conventional,True,31,4.587255957031971
TXN-02756,LST-2818,BYR-3002,AGT-0037,1721447.46,2022-07-04,2022-08-13,75068.33,Pending,Cash,False,40,4.360768001597911
TXN-02757,LST-1687,BYR-2822,AGT-0228,463939.81,2024-03-16,2024-04-08,17241.72,Cancelled,Conventional,True,23,3.716370017912453
TXN-02758,LST-2546,BYR-1252,AGT-0146,2292030.72,2020-12-22,2021-02-05,115321.65,Pending,FHA,True,45,5.031418165285323
TXN-02760,LST-3091,BYR-3091,AGT-0146,1825359.24,2023-11-03,2023-12-01,71909.08,Cancelled,Conventional,True,28,3.9394481055685238
TXN-02761,LST-1549,BYR-1441,AGT-0240,2245207.25,2024-09-18,2024-10-03,124693.99,Pending,Conventional,True,15,5.553785290867914
TXN-02762,LST-5067,BYR-2799,AGT-0120,1171547.78,2024-05-05,2024-06-15,69624.03,Pending,Conventional,True,41,5.942909985284595
TXN-02763,LST-2270,BYR-1977,AGT-0155,132141.31,2022-12-11,2023-01-16,6729.83,Cancelled,Jumbo,True,36,5.092903952594385
TXN-02764,LST-3792,BYR-2323,AGT-0271,492450.02,2020-08-18,2020-09-17,24135.61,Cancelled,Conventional,True,30,4.901128849583557
TXN-02765,LST-5780,BYR-3853,AGT-0088,1872995.12,2022-08-12,2022-09-01,57480.89,Cancelled,Conventional,False,20,3.0689289783093505
TXN-02766,LST-1162,BYR-1629,AGT-0009,2230552.91,2023-10-23,2023-11-28,56158.75,Completed,VA,False,36,2.517705352257257
TXN-02767,LST-3134,BYR-2394,AGT-0224,446706.81,2024-04-16,2024-05-28,26509.39,Completed,FHA,False,42,5.934404716149279
TXN-02768,LST-3149,BYR-3444,AGT-0027,798732.66,2023-05-07,2023-06-08,29734.67,Cancelled,Conventional,False,32,3.7227312077109755
TXN-02769,LST-5755,BYR-3848,AGT-0214,1176282.19,2022-01-11,2022-02-19,47089.32,Pending,FHA,True,39,4.0032332717712915
TXN-02770,LST-5830,BYR-2642,AGT-0271,1423896.97,2023-11-14,2023-12-18,54332.71,Cancelled,FHA,True,34,3.815775378748085
TXN-02772,LST-5918,BYR-1202,AGT-0100,965581.28,2024-05-31,2024-06-26,45338.32,Pending,FHA,True,26,4.695443142808236
TXN-02773,LST-1045,BYR-0833,AGT-0110,603122.88,2023-12-25,2024-01-31,24489.96,Cancelled,Conventional,True,37,4.060525775443969
TXN-02774,LST-0049,BYR-2869,AGT-0223,2044945.92,2024-06-01,2024-06-20,102969.92,Pending,VA,True,19,5.035337071407737
TXN-02775,LST-3000,BYR-2675,AGT-0266,698153.99,2021-06-15,2021-07-30,35861.43,Cancelled,Cash,True,45,5.13660746965007
TXN-02776,LST-5513,BYR-0671,AGT-0131,1456106.45,2022-10-10,2022-10-30,44446.67,Pending,USDA,True,20,3.052432739378361
TXN-02777,LST-3767,BYR-0677,AGT-0048,556122.95,2024-03-16,2024-04-29,28134.76,Cancelled,Conventional,True,44,5.059089900893319
TXN-02778,LST-2631,BYR-1590,AGT-0044,1186928.54,2023-03-06,2023-03-22,53717.95,Pending,Cash,False,16,4.52579478794907
TXN-02779,LST-2567,BYR-2283,AGT-0059,2145837.85,2021-10-17,2021-11-26,109493.8,Cancelled,Cash,True,40,5.1026129490632295
TXN-02780,LST-2761,BYR-0278,AGT-0160,1962850.23,2020-03-07,2020-04-13,114978.93,Pending,Cash,False,37,5.857753599468463
TXN-02781,LST-2645,BYR-2776,AGT-0004,883759.27,2023-09-16,2023-10-26,28467.59,Completed,Conventional,True,40,3.221192802877191
TXN-02782,LST-5765,BYR-3405,AGT-0188,745648.54,2022-04-20,2022-05-29,20585.65,Cancelled,Jumbo,True,39,2.7607711804813566
TXN-02783,LST-3407,BYR-0906,AGT-0127,1164109.86,2022-10-12,2022-11-23,31787.01,Cancelled,Conventional,True,42,2.730585066945485
TXN-02784,LST-3699,BYR-3620,AGT-0250,1129923.6,2023-09-23,2023-10-10,39625.53,Cancelled,USDA,True,17,3.506921175909592
TXN-02785,LST-3263,BYR-3559,AGT-0081,1940737.17,2020-07-24,2020-08-24,107773.11,Completed,Conventional,False,31,5.553204816497641
TXN-02786,LST-1664,BYR-1106,AGT-0113,1718852.39,2022-06-06,2022-06-23,48215.83,Completed,Conventional,True,17,2.8051175470628986
TXN-02787,LST-0811,BYR-1956,AGT-0252,2722597.78,2023-05-11,2023-06-19,150679.69,Pending,Conventional,False,39,5.534408758681939
TXN-02788,LST-1957,BYR-0454,AGT-0138,1578916.1,2020-06-25,2020-07-11,57055.42,Pending,Conventional,False,16,3.6135814942921916
TXN-02789,LST-0207,BYR-0834,AGT-0081,1273494.66,2022-03-21,2022-04-07,65601.7,Completed,Conventional,True,17,5.1513133160684
TXN-02790,LST-0371,BYR-1014,AGT-0046,1110167.39,2023-04-20,2023-05-24,58635.29,Pending,Conventional,True,34,5.281662074401231
TXN-02791,LST-1677,BYR-1213,AGT-0129,1150566.39,2022-10-12,2022-11-05,56359.76,Completed,Cash,True,24,4.898436151954692
TXN-02792,LST-1201,BYR-3451,AGT-0130,2123253.01,2021-10-08,2021-11-05,120118.56,Completed,Cash,True,28,5.6572890481855485
TXN-02793,LST-3892,BYR-0117,AGT-0180,1571823.34,2022-04-02,2022-05-17,67726.44,Completed,Conventional,True,45,4.308781927108933
TXN-02794,LST-1848,BYR-2854,AGT-0083,1997239.59,2022-07-08,2022-08-06,85064.2,Cancelled,Conventional,False,29,4.259088415125999
TXN-02795,LST-0599,BYR-0461,AGT-0124,2856027.07,2021-06-01,2021-07-14,128135.16,Cancelled,Conventional,False,43,4.486482685894151
TXN-02796,LST-4368,BYR-2233,AGT-0157,1658145.0,2023-02-25,2023-03-27,83213.79,Cancelled,VA,True,30,5.018486923640573
TXN-02797,LST-0748,BYR-3613,AGT-0119,239571.91,2021-02-08,2021-03-23,8292.63,Cancelled,Conventional,True,43,3.4614366934754575
TXN-02798,LST-4732,BYR-0661,AGT-0016,916143.17,2022-09-03,2022-09-25,47587.91,Cancelled,Conventional,True,22,5.194374804977262
TXN-02799,LST-0603,BYR-2383,AGT-0183,1055224.54,2020-09-03,2020-09-27,39369.42,Cancelled,Conventional,True,24,3.7309045144078996
TXN-02800,LST-1101,BYR-1590,AGT-0231,888888.65,2024-07-25,2024-08-10,49257.18,Completed,VA,True,16,5.541434239260452
TXN-02801,LST-2875,BYR-3007,AGT-0126,1267911.93,2023-04-27,2023-06-02,62634.35,Cancelled,Conventional,True,36,4.9399606169807075
TXN-02802,LST-5630,BYR-3652,AGT-0278,1955807.62,2023-01-20,2023-02-04,104829.58,Pending,Conventional,True,15,5.359912648259342
TXN-02803,LST-1164,BYR-1133,AGT-0208,1766237.17,2022-10-21,2022-11-22,90461.89,Completed,FHA,True,32,5.121729490043514
TXN-02804,LST-2294,BYR-0997,AGT-0028,842223.87,2022-02-19,2022-04-05,26275.78,Pending,Jumbo,True,45,3.1198094634862343
TXN-02805,LST-3317,BYR-2661,AGT-0005,554443.9,2022-11-28,2022-12-14,26436.13,Pending,Cash,True,16,4.768044161005288
TXN-02806,LST-5571,BYR-1566,AGT-0174,2099747.63,2022-12-31,2023-02-04,105342.06,Completed,USDA,False,35,5.016891482334951
TXN-02807,LST-5357,BYR-1167,AGT-0078,766343.04,2023-01-04,2023-02-02,20284.05,Completed,Conventional,False,29,2.6468629505658456
TXN-02808,LST-3796,BYR-2422,AGT-0220,1541791.36,2023-07-25,2023-08-11,67909.91,Completed,Conventional,True,17,4.404610880683622
TXN-02809,LST-1093,BYR-2563,AGT-0194,351670.5,2023-11-27,2023-12-25,14890.82,Completed,Conventional,False,28,4.2343102421158445
TXN-02810,LST-0648,BYR-0107,AGT-0072,1003244.47,2021-07-07,2021-08-01,43465.43,Unknown,Conventional,False,25,4.332486377921425
TXN-02811,LST-0360,BYR-2329,AGT-0244,1119896.07,2021-04-07,2021-05-02,53549.85,Completed,FHA,True,25,4.781680321460543
TXN-02812,LST-1565,BYR-2703,AGT-0293,2289560.21,2021-06-14,2021-07-29,68729.49,Completed,Conventional,True,45,3.00186427506093
TXN-02813,LST-1949,BYR-3683,AGT-0183,320291.45,2022-11-13,2022-12-07,11836.34,Cancelled,Conventional,True,24,3.695490466573491
TXN-02814,LST-4760,BYR-2653,AGT-0224,1411977.95,2023-09-06,2023-09-26,80519.32,Pending,Conventional,True,20,5.7025904689233995
TXN-02815,LST-0306,BYR-1661,AGT-0166,215643.55,2023-05-30,2023-07-08,9727.66,Unknown,Conventional,True,39,4.510990474790458
TXN-02816,LST-3842,BYR-1494,AGT-0007,2866574.83,2020-05-16,2020-06-06,82057.82,Completed,FHA,True,21,2.86257379857061
TXN-02817,LST-1111,BYR-1154,AGT-0079,1048720.2,2022-03-22,2022-04-11,40081.41,Pending,Conventional,False,20,3.821935536285084
TXN-02818,LST-1403,BYR-2980,AGT-0237,380815.33,2023-04-13,2023-04-28,21688.51,Cancelled,Conventional,True,15,5.695282802822039
TXN-02819,LST-5717,BYR-1929,AGT-0021,206367.3,2024-01-09,2024-02-18,12220.02,Cancelled,Conventional,True,40,5.921490468693442
TXN-02820,LST-5093,BYR-3277,AGT-0223,1826271.71,2020-04-09,2020-05-10,74716.05,Unknown,VA,True,31,4.091179291169111
TXN-02822,LST-2882,BYR-0306,AGT-0081,694473.32,2021-09-06,2021-09-22,39584.74,Completed,Conventional,True,16,5.699965550872423
TXN-02823,LST-0596,BYR-2087,AGT-0254,2514900.6,2023-12-09,2024-01-11,135919.0,Completed,Conventional,True,33,5.404547599217241
TXN-02824,LST-5704,BYR-0710,AGT-0121,2290810.61,2023-04-25,2023-05-28,70530.68,Pending,Conventional,False,33,3.0788525115133805
TXN-02825,LST-1520,BYR-3144,AGT-0292,578197.47,2022-04-12,2022-05-18,29118.27,Completed,Cash,True,36,5.036042444115156
TXN-02826,LST-5436,BYR-2918,AGT-0291,246699.25,2024-04-05,2024-04-26,12547.39,Unknown,FHA,True,21,5.086107882370943
TXN-02827,LST-0940,BYR-2607,AGT-0286,2207682.71,2023-09-27,2023-10-20,59235.49,Completed,Conventional,False,23,2.683152326721805
TXN-02828,LST-4098,BYR-2981,AGT-0221,1555998.76,2024-07-25,2024-09-03,66876.1,Completed,Cash,True,40,4.297953296569466
TXN-02829,LST-4310,BYR-2610,AGT-0200,892106.56,2022-07-29,2022-09-05,35558.49,Pending,Jumbo,True,38,3.985901639373664
TXN-02830,LST-0666,BYR-1135,AGT-0100,1359370.28,2020-10-22,2020-11-29,64414.07,Completed,VA,False,38,4.738522751873021
TXN-02831,LST-3508,BYR-3781,AGT-0200,1487844.82,2024-08-29,2024-09-13,38127.45,Completed,Conventional,True,15,2.562595876094121
TXN-02832,LST-5351,BYR-2331,AGT-0270,341270.91,2023-08-22,2023-09-17,12259.36,Completed,Conventional,True,26,3.592266331753855
TXN-02833,LST-4061,BYR-1847,AGT-0114,1105406.65,2023-11-09,2023-11-28,66228.95,Unknown,Cash,True,19,5.991365259110753
TXN-02834,LST-3785,BYR-2473,AGT-0049,2005589.16,2024-11-30,2024-12-25,104129.78,Pending,Conventional,False,25,5.191979597655982
TXN-02835,LST-5740,BYR-0862,AGT-0191,2353822.12,2022-09-23,2022-10-17,97758.68,Pending,Cash,True,24,4.1531889419069605
TXN-02836,LST-2634,BYR-0190,AGT-0292,2184141.38,2022-10-31,2022-12-06,57272.31,Cancelled,Cash,True,36,2.6221887705822415
TXN-02837,LST-1521,BYR-2731,AGT-0230,1098285.61,2020-12-08,2021-01-19,41333.69,Completed,Conventional,True,42,3.763473692421409
TXN-02838,LST-3797,BYR-3246,AGT-0209,2813580.01,2024-06-25,2024-07-26,96806.19,Cancelled,Conventional,True,31,3.4406766346054614
TXN-02839,LST-2966,BYR-2788,AGT-0286,1386691.29,2024-07-27,2024-08-30,66183.49,Pending,VA,True,34,4.772763085574729
TXN-02840,LST-4558,BYR-2963,AGT-0110,813896.3,2022-08-04,2022-09-13,36627.63,Completed,Conventional,True,40,4.50028216125322
TXN-02841,LST-1070,BYR-2599,AGT-0118,695084.64,2022-03-13,2022-04-16,27571.9,Cancelled,Conventional,False,34,3.9666967752301363
TXN-02842,LST-0162,BYR-0826,AGT-0088,840024.59,2020-05-17,2020-06-20,25214.22,Completed,Jumbo,True,34,3.0016049887301515
TXN-02843,LST-2626,BYR-2615,AGT-0058,1146743.81,2022-01-04,2022-02-08,29973.59,Completed,Cash,True,35,2.6138000256569947
TXN-02844,LST-1750,BYR-2551,AGT-0212,1803120.56,2021-05-02,2021-05-18,58683.62,Cancelled,Conventional,True,16,3.2545588632187745
TXN-02845,LST-1239,BYR-0306,AGT-0071,648321.09,2021-06-02,2021-07-07,18909.65,Cancelled,Conventional,True,35,2.916710607085141
TXN-02846,LST-5210,BYR-1320,AGT-0022,566003.93,2020-07-29,2020-09-05,31351.64,Pending,Conventional,True,38,5.539120549922682
TXN-02847,LST-1884,BYR-1147,AGT-0282,707770.85,2021-01-10,2021-02-09,35342.68,Pending,Conventional,True,30,4.993520148505692
TXN-02848,LST-4721,BYR-1377,AGT-0261,1865760.25,2021-07-04,2021-07-23,56567.56,Unknown,Jumbo,False,19,3.031877220023312
TXN-02849,LST-2974,BYR-1782,AGT-0191,309499.06,2024-03-27,2024-05-04,14121.15,Completed,VA,True,38,4.562582516405704
TXN-02850,LST-0398,BYR-1188,AGT-0287,1221655.84,2024-03-22,2024-04-21,58397.89,Unknown,FHA,False,30,4.780224355166999
TXN-02851,LST-5543,BYR-3964,AGT-0028,295627.17,2022-08-21,2022-09-09,14925.08,Cancelled,VA,True,19,5.048615795361434
TXN-02852,LST-1245,BYR-1844,AGT-0017,1972060.75,2024-02-02,2024-03-18,65365.48,Completed,Conventional,False,45,3.314577403358391
TXN-02853,LST-3332,BYR-2890,AGT-0265,1945787.02,2022-10-28,2022-11-16,75857.67,Pending,Cash,False,19,3.8985597714594684
TXN-02854,LST-0209,BYR-2273,AGT-0206,1256356.09,2021-09-08,2021-10-10,63402.86,Completed,Conventional,True,32,5.046567649463139
TXN-02855,LST-5374,BYR-1939,AGT-0045,1439573.29,2021-03-31,2021-04-15,72081.46,Completed,Conventional,False,15,5.007140692364471
TXN-02856,LST-2584,BYR-3161,AGT-0135,1328600.5,2023-04-25,2023-05-22,72815.15,Pending,VA,False,27,5.480590290309238
TXN-02857,LST-4290,BYR-1257,AGT-0139,229834.17,2021-12-14,2022-01-15,12886.3,Completed,Jumbo,False,32,5.606781619982789
TXN-02858,LST-3451,BYR-0485,AGT-0067,234417.12,2021-03-19,2021-04-17,6351.55,Cancelled,Conventional,True,29,2.709507735612484
TXN-02859,LST-4664,BYR-3115,AGT-0274,1715916.48,2021-08-28,2021-10-10,93292.45,Completed,Cash,True,43,5.43688758091536
TXN-02860,LST-3951,BYR-2007,AGT-0166,1796127.98,2022-06-18,2022-07-28,48370.7,Pending,Cash,False,40,2.6930541998460487
TXN-02861,LST-3468,BYR-3072,AGT-0106,490914.15,2021-03-12,2021-03-27,19714.07,Cancelled,Conventional,False,15,4.015787689150944
TXN-02862,LST-2698,BYR-3386,AGT-0100,883764.23,2023-12-11,2024-01-11,31988.67,Completed,Conventional,False,31,3.6195932030424
TXN-02863,LST-0680,BYR-3366,AGT-0143,400508.32,2023-05-30,2023-06-29,12019.04,Completed,FHA,True,30,3.0009463973182884
TXN-02864,LST-0279,BYR-2491,AGT-0003,2814103.78,2023-07-17,2023-08-25,92501.9,Unknown,VA,False,39,3.2870820421555313
TXN-02865,LST-1780,BYR-2614,AGT-0211,1714885.63,2022-02-17,2022-03-31,95949.04,Pending,FHA,True,42,5.595069334157287
TXN-02866,LST-4402,BYR-0818,AGT-0103,1263846.95,2021-09-28,2021-10-14,39317.14,Pending,Cash,False,16,3.1109099088303376
TXN-02867,LST-5458,BYR-3793,AGT-0093,384864.93,2024-10-06,2024-10-31,22430.18,Cancelled,VA,True,25,5.828065446233306
TXN-02868,LST-1642,BYR-0594,AGT-0037,2683701.72,2023-05-07,2023-05-22,134476.69,Completed,Conventional,True,15,5.010865738089552
TXN-02869,LST-3629,BYR-1427,AGT-0103,1664850.82,2024-06-24,2024-07-16,95280.54,Pending,Conventional,True,22,5.7230677280742785
TXN-02870,LST-1649,BYR-3629,AGT-0258,1255322.56,2022-07-23,2022-08-25,52042.62,Cancelled,USDA,True,33,4.145756768682625
TXN-02871,LST-0771,BYR-1279,AGT-0268,291282.41,2021-01-04,2021-01-24,9448.9,Pending,Cash,True,20,3.243896533264745
TXN-02872,LST-2467,BYR-0206,AGT-0049,451915.17,2020-11-06,2020-11-29,16926.36,Pending,Conventional,True,23,3.7454728505794574
TXN-02873,LST-0077,BYR-0257,AGT-0160,556357.28,2020-06-24,2020-07-13,32785.77,Unknown,Conventional,False,19,5.892934482676311
TXN-02874,LST-0752,BYR-0745,AGT-0243,1054500.73,2021-05-08,2021-06-20,38390.64,Completed,Jumbo,True,43,3.640646128334117
TXN-02875,LST-3490,BYR-0282,AGT-0299,942781.02,2022-11-27,2022-12-24,51383.26,Pending,VA,True,27,5.45017972466183
TXN-02876,LST-2445,BYR-0017,AGT-0266,1857936.33,2023-07-19,2023-09-01,73913.7,Completed,Jumbo,False,44,3.978268727863241
TXN-02877,LST-1145,BYR-3528,AGT-0273,1008822.02,2020-12-14,2021-01-24,49031.71,Pending,Conventional,True,41,4.860293394468134
TXN-02878,LST-2138,BYR-3644,AGT-0173,1048758.88,2022-09-25,2022-11-04,61547.47,Pending,Conventional,True,40,5.868600607224418
TXN-02879,LST-0371,BYR-2494,AGT-0033,1138936.69,2023-02-06,2023-03-03,59347.16,Cancelled,Cash,True,25,5.210751442207029
TXN-02880,LST-5007,BYR-0468,AGT-0064,365708.24,2020-08-21,2020-09-24,19848.53,Pending,Conventional,False,34,5.427422143947317
TXN-02881,LST-4784,BYR-1844,AGT-0136,1954574.86,2021-08-13,2021-08-30,64428.38,Completed,Cash,True,17,3.2962861294552814
TXN-02882,LST-2831,BYR-3937,AGT-0270,478969.02,2023-02-17,2023-03-17,18505.14,Pending,Conventional,True,28,3.8635358921543608
TXN-02883,LST-4384,BYR-0697,AGT-0157,2149396.14,2021-09-17,2021-10-28,98259.37,Pending,Conventional,False,41,4.571487227105562
TXN-02884,LST-3949,BYR-2703,AGT-0286,1421169.17,2023-12-12,2024-01-06,40040.05,Completed,Cash,False,25,2.817402097176088
TXN-02885,LST-5052,BYR-0502,AGT-0202,191663.5,2021-05-09,2021-06-09,9437.3,Pending,Cash,True,31,4.923890046879035
TXN-02886,LST-1950,BYR-0715,AGT-0278,196997.78,2021-01-31,2021-02-26,11734.46,Pending,Conventional,True,26,5.956645805856288
TXN-02887,LST-1008,BYR-0709,AGT-0095,1301318.21,2022-01-03,2022-02-08,64389.34,Unknown,Cash,True,36,4.948008834826034
TXN-02888,LST-4227,BYR-2427,AGT-0253,1302991.4,2024-08-08,2024-09-17,45434.72,Cancelled,FHA,True,40,3.4869547105222645
TXN-02889,LST-3720,BYR-0623,AGT-0035,1412467.17,2021-11-18,2021-12-18,76186.43,Completed,Conventional,True,30,5.393854924075864
TXN-02890,LST-5226,BYR-0887,AGT-0060,1247418.29,2021-12-28,2022-02-09,70625.02,Completed,Jumbo,False,43,5.661695083851946
TXN-02891,LST-0073,BYR-0911,AGT-0236,1611401.28,2021-04-17,2021-05-23,88508.2,Completed,USDA,False,36,5.492623165844822
TXN-02892,LST-3391,BYR-2524,AGT-0152,1562996.45,2022-10-03,2022-11-11,77357.49,Pending,Cash,True,39,4.949306826640585
TXN-02893,LST-0716,BYR-3591,AGT-0132,1406691.24,2022-10-29,2022-12-01,55669.74,Pending,VA,True,33,3.957495320721553
TXN-02895,LST-3525,BYR-0046,AGT-0204,2600293.2,2024-02-14,2024-03-12,125829.6,Cancelled,USDA,True,27,4.839054303568536
TXN-02896,LST-1152,BYR-1683,AGT-0273,500139.75,2024-03-16,2024-04-03,15519.72,Completed,Conventional,True,18,3.1030766900651265
TXN-02897,LST-2938,BYR-0775,AGT-0278,737627.13,2024-05-05,2024-06-04,21029.23,Cancelled,FHA,False,30,2.8509295746754866
TXN-02898,LST-5709,BYR-2210,AGT-0029,1176438.62,2020-05-07,2020-06-14,48803.84,Cancelled,FHA,True,38,4.148439125536357
TXN-02899,LST-1259,BYR-0245,AGT-0115,2728097.04,2021-09-07,2021-10-22,83556.94,Completed,USDA,True,45,3.0628287328078327
TXN-02900,LST-3087,BYR-2189,AGT-0107,2082592.94,2022-11-27,2023-01-09,99274.83,Pending,Conventional,False,43,4.766885937873198
TXN-02901,LST-2625,BYR-3630,AGT-0245,1843727.71,2021-11-07,2021-12-21,104546.88,Cancelled,Conventional,True,44,5.670407806584412
TXN-02902,LST-4946,BYR-1767,AGT-0196,372805.86,2024-01-25,2024-02-22,16423.94,Pending,Cash,True,28,4.405494055270482
TXN-02903,LST-5805,BYR-0036,AGT-0108,895124.0,2022-07-29,2022-08-14,41685.66,Pending,Conventional,True,16,4.656970430912366
TXN-02904,LST-5014,BYR-2478,AGT-0256,483988.96,2023-01-03,2023-02-13,15101.66,Cancelled,Conventional,True,41,3.1202488585690054
TXN-02905,LST-0842,BYR-1223,AGT-0074,269830.33,2022-11-17,2022-12-09,10352.18,Pending,Conventional,False,22,3.836551658221668
TXN-02906,LST-3181,BYR-0393,AGT-0220,2671247.91,2021-12-22,2022-01-11,90834.08,Completed,Conventional,True,20,3.4004361654325077
TXN-02907,LST-5830,BYR-1728,AGT-0021,1648609.03,2024-02-19,2024-03-19,73991.92,Cancelled,Conventional,True,29,4.488142346278426
TXN-02908,LST-1688,BYR-0091,AGT-0295,2382105.46,2023-11-01,2023-11-27,102398.04,Pending,Conventional,False,26,4.298635879874101
TXN-02909,LST-3765,BYR-2550,AGT-0298,542405.76,2023-04-23,2023-06-03,18982.35,Pending,Conventional,True,41,3.4996586319437313
TXN-02910,LST-2721,BYR-3540,AGT-0080,332337.89,2024-10-27,2024-11-16,12744.52,Cancelled,Conventional,False,20,3.8348080021811537
TXN-02911,LST-5083,BYR-1309,AGT-0146,964424.35,2024-01-25,2024-02-18,54754.02,Completed,Conventional,True,24,5.677378427867359
TXN-02912,LST-5071,BYR-2701,AGT-0159,493936.11,2022-06-14,2022-07-27,15547.37,Pending,Cash,True,43,3.1476479822461254
TXN-02913,LST-1619,BYR-0179,AGT-0126,905400.86,2023-10-07,2023-10-25,52308.36,Pending,Conventional,True,18,5.777370257854626
TXN-02914,LST-4824,BYR-1052,AGT-0271,966230.28,2023-04-26,2023-06-05,30656.66,Cancelled,Cash,True,40,3.1728109369538697
TXN-02915,LST-2062,BYR-3983,AGT-0269,706560.81,2022-12-31,2023-01-15,29162.15,Completed,FHA,False,15,4.1273376031144435
TXN-02916,LST-2836,BYR-2546,AGT-0144,1479552.15,2022-03-25,2022-04-10,63040.51,Completed,FHA,True,16,4.260783237684458
TXN-02917,LST-4013,BYR-0805,AGT-0006,456553.6,2023-12-19,2024-01-14,23172.75,Pending,Cash,False,26,5.075581487036791
TXN-02918,LST-4580,BYR-1861,AGT-0007,846446.76,2024-01-20,2024-02-16,22633.32,Completed,FHA,True,27,2.6739212753321895
TXN-02919,LST-4323,BYR-3795,AGT-0280,1704026.86,2024-03-28,2024-04-28,98792.61,Cancelled,Conventional,True,31,5.797596993277441
TXN-02920,LST-4549,BYR-1965,AGT-0089,1219911.87,2023-10-15,2023-11-23,41314.72,Unknown,Conventional,True,39,3.3866971062426003
TXN-02921,LST-0174,BYR-3448,AGT-0015,2814225.44,2022-08-01,2022-08-20,140290.53,Completed,Conventional,True,19,4.985049456450084
TXN-02922,LST-4954,BYR-0510,AGT-0065,1077381.17,2024-07-14,2024-08-24,47838.67,Pending,Conventional,False,41,4.440273445655264
TXN-02923,LST-0730,BYR-0679,AGT-0152,147790.64,2020-08-31,2020-09-23,4763.32,Completed,Conventional,True,23,3.2230187243251662
TXN-02924,LST-4241,BYR-1128,AGT-0292,979887.11,2021-06-11,2021-07-19,27860.13,Completed,Conventional,True,38,2.8431979271571395
TXN-02925,LST-1887,BYR-1914,AGT-0010,2621383.94,2024-04-11,2024-05-10,84241.62,Pending,FHA,False,29,3.213631498787621
TXN-02926,LST-2499,BYR-3704,AGT-0201,2566189.47,2023-09-18,2023-10-27,108627.77,Completed,VA,True,39,4.233037788904963
TXN-02927,LST-1712,BYR-3755,AGT-0296,229776.48,2022-09-24,2022-10-19,8532.01,Completed,VA,False,25,3.7131781285882695
TXN-02928,LST-2313,BYR-1042,AGT-0046,1283925.38,2021-01-28,2021-03-04,62704.33,Completed,Jumbo,True,35,4.883798620757852
TXN-02929,LST-0188,BYR-1763,AGT-0135,1606031.98,2023-12-01,2023-12-24,70160.99,Pending,VA,True,23,4.368592336498804
TXN-02930,LST-2042,BYR-1706,AGT-0113,2561512.53,2022-06-16,2022-07-31,150170.89,Pending,Cash,True,45,5.862586586683611
TXN-02931,LST-3999,BYR-0856,AGT-0151,2395156.41,2021-04-15,2021-05-21,82809.94,Cancelled,FHA,False,36,3.4573917450343044
TXN-02932,LST-3698,BYR-3909,AGT-0028,1740920.9,2021-09-27,2021-11-02,69451.32,Cancelled,FHA,True,36,3.989343800743619
TXN-02933,LST-1497,BYR-3569,AGT-0280,1942965.85,2023-09-11,2023-10-22,60465.95,Cancelled,Jumbo,True,41,3.1120438889854904
TXN-02934,LST-3048,BYR-2604,AGT-0215,2430493.75,2023-10-21,2023-11-05,108587.66,Cancelled,Conventional,True,15,4.467720190599132
TXN-02935,LST-1760,BYR-3146,AGT-0248,392936.0,2022-01-21,2022-02-20,14926.29,Pending,Conventional,True,30,3.7986567787120546
TXN-02936,LST-3451,BYR-2679,AGT-0265,255797.65,2020-11-08,2020-12-19,12878.33,Cancelled,Conventional,True,41,5.034577135481894
TXN-02937,LST-5351,BYR-0346,AGT-0213,334585.72,2023-09-03,2023-10-06,15429.86,Cancelled,VA,True,33,4.6116313631077865
TXN-02938,LST-4882,BYR-1461,AGT-0009,1843875.74,2021-06-29,2021-07-26,109858.36,Pending,VA,True,27,5.95801320104141
TXN-02939,LST-3488,BYR-0583,AGT-0205,952672.43,2020-11-03,2020-12-18,24380.31,Completed,Conventional,True,45,2.5591493185123455
TXN-02940,LST-4969,BYR-0999,AGT-0144,2564784.94,2023-06-23,2023-07-21,75047.81,Cancelled,FHA,False,28,2.9260858807132575
TXN-02941,LST-2393,BYR-3847,AGT-0139,1504506.81,2024-05-16,2024-06-06,49376.72,Cancelled,Conventional,True,21,3.2819206713992877
TXN-02942,LST-3135,BYR-0889,AGT-0254,799878.98,2020-07-09,2020-08-18,22053.12,Pending,FHA,True,40,2.75705707380884
TXN-02943,LST-2955,BYR-2061,AGT-0190,65776.58,2020-12-07,2021-01-18,1826.62,Pending,Conventional,False,42,2.777006648871072
TXN-02944,LST-4460,BYR-1922,AGT-0193,2413262.72,2021-07-25,2021-08-18,114703.31,Pending,Conventional,False,24,4.753038657970897
TXN-02945,LST-5395,BYR-2409,AGT-0119,623902.84,2020-07-10,2020-07-31,36324.72,Pending,Conventional,True,21,5.82217577339446
TXN-02946,LST-2762,BYR-1465,AGT-0184,758606.76,2024-04-13,2024-05-13,29047.0,Pending,Cash,True,30,3.828993034546647
TXN-02947,LST-4658,BYR-0748,AGT-0110,2241559.01,2022-10-15,2022-11-13,73686.0,Cancelled,FHA,True,29,3.287265678542186
TXN-02948,LST-0204,BYR-1081,AGT-0230,2166402.69,2022-10-10,2022-11-12,60531.32,Cancelled,VA,True,33,2.79409365024376
TXN-02949,LST-0395,BYR-1186,AGT-0132,1559724.82,2024-09-04,2024-10-06,46431.75,Pending,Conventional,True,32,2.976919351709746
TXN-02950,LST-2577,BYR-2274,AGT-0260,596803.03,2021-05-30,2021-06-24,29608.29,Pending,FHA,False,25,4.961149409713955
TXN-02951,LST-3123,BYR-3238,AGT-0091,1207290.29,2021-04-02,2021-04-30,65504.48,Pending,FHA,True,28,5.425743960882847
TXN-02952,LST-0300,BYR-2036,AGT-0111,2859023.46,2023-09-19,2023-10-14,160846.46,Completed,Cash,True,25,5.625923055559677
TXN-02953,LST-0258,BYR-2168,AGT-0204,1358122.31,2021-10-12,2021-11-18,69199.6,Cancelled,Conventional,True,37,5.095240648833756
TXN-02954,LST-1516,BYR-2308,AGT-0067,550162.75,2023-01-26,2023-02-25,20191.16,Cancelled,Conventional,True,30,3.670034003574397
TXN-02956,LST-1200,BYR-3782,AGT-0032,165580.21,2022-03-23,2022-04-20,4864.84,Cancelled,Cash,True,28,2.9380564259460717
TXN-02957,LST-3005,BYR-1088,AGT-0011,2441747.95,2023-03-31,2023-04-16,129796.94,Completed,Conventional,True,16,5.315738669914722
TXN-02958,LST-0182,BYR-1737,AGT-0279,1463420.19,2021-06-22,2021-07-17,63380.36,Cancelled,Conventional,True,25,4.330974824120747
TXN-02959,LST-3548,BYR-0626,AGT-0077,1522896.88,2020-09-22,2020-10-12,85964.41,Pending,Conventional,True,20,5.644795201103834
TXN-02960,LST-4946,BYR-0748,AGT-0006,430614.96,2024-05-14,2024-06-22,19410.66,Completed,FHA,True,39,4.507660393405747
TXN-02961,LST-4028,BYR-2762,AGT-0113,691635.81,2024-03-09,2024-03-24,31665.58,Completed,Cash,False,15,4.578360394612881
TXN-02962,LST-5002,BYR-1599,AGT-0254,1513304.13,2021-05-08,2021-06-10,75733.6,Pending,Conventional,True,33,5.004519481487176
TXN-02963,LST-1470,BYR-1105,AGT-0217,585421.92,2023-12-06,2024-01-20,21328.3,Cancelled,Conventional,True,45,3.643235634224287
TXN-02964,LST-4919,BYR-0075,AGT-0217,2048511.25,2023-01-11,2023-02-04,81458.6,Cancelled,Cash,True,24,3.97647803984479
TXN-02965,LST-5593,BYR-1081,AGT-0128,124187.83,2022-06-06,2022-06-22,7409.84,Cancelled,Conventional,False,16,5.9666394041992685
TXN-02966,LST-2517,BYR-3583,AGT-0034,1597538.58,2021-02-27,2021-03-15,88265.33,Completed,FHA,True,16,5.525082843382724
TXN-02967,LST-5818,BYR-3597,AGT-0255,1930052.0,2020-08-03,2020-09-06,72690.25,Completed,VA,True,34,3.7662327232634145
TXN-02968,LST-0299,BYR-3211,AGT-0122,1302487.7,2024-02-07,2024-02-23,35337.39,Cancelled,FHA,True,16,2.713068998655419
TXN-02969,LST-1998,BYR-1095,AGT-0279,1934504.95,2021-05-02,2021-06-14,95431.67,Completed,Cash,True,43,4.933131341948751
TXN-02970,LST-1922,BYR-2230,AGT-0107,1920667.71,2023-01-28,2023-03-01,82292.57,Completed,Conventional,True,32,4.28458132406464
TXN-02971,LST-2087,BYR-3471,AGT-0036,2394279.97,2023-12-18,2024-01-15,80760.19,Cancelled,Conventional,False,28,3.3730470543091915
TXN-02972,LST-0086,BYR-0997,AGT-0090,863577.24,2024-05-04,2024-06-09,46507.22,Completed,Conventional,True,36,5.385415206171946
TXN-02973,LST-1712,BYR-1739,AGT-0134,215873.82,2022-10-17,2022-11-11,8834.19,Pending,FHA,True,25,4.092293359148414
TXN-02974,LST-5390,BYR-2726,AGT-0267,2083166.05,2021-05-27,2021-06-27,117555.33,Completed,Conventional,True,31,5.643108959076978
TXN-02975,LST-4055,BYR-0732,AGT-0113,2903188.67,2024-01-01,2024-02-02,154758.39,Pending,Jumbo,False,32,5.330634953187525
TXN-02976,LST-4300,BYR-3390,AGT-0145,1672007.62,2023-10-21,2023-11-20,69436.61,Cancelled,Cash,True,30,4.1528883702097
TXN-02977,LST-2062,BYR-0761,AGT-0048,714946.66,2022-12-31,2023-02-05,30597.87,Cancelled,Cash,True,36,4.279741652335294
TXN-02978,LST-3419,BYR-0483,AGT-0288,2573239.33,2023-11-15,2023-12-05,98897.01,Completed,FHA,True,20,3.843288451525416
TXN-02979,LST-4396,BYR-0936,AGT-0099,1588821.59,2024-01-16,2024-02-02,93891.05,Pending,Jumbo,True,17,5.909477224563647
TXN-02980,LST-2532,BYR-3453,AGT-0206,1887100.0,2024-03-13,2024-04-11,70650.39,Pending,Cash,True,29,3.7438604207514175
TXN-02981,LST-0894,BYR-1828,AGT-0218,1537402.4,2023-04-15,2023-05-01,91461.81,Cancelled,VA,False,16,5.949113257531015
TXN-02982,LST-5700,BYR-2726,AGT-0097,323787.41,2024-05-24,2024-06-08,15001.76,Unknown,Conventional,True,15,4.633212884960536
TXN-02983,LST-0651,BYR-3620,AGT-0218,1011851.63,2023-12-07,2023-12-30,58099.48,Pending,VA,True,23,5.741897159369107
TXN-02984,LST-4853,BYR-0032,AGT-0091,365370.87,2022-10-29,2022-11-18,13910.87,Cancelled,VA,True,20,3.8073287013822426
TXN-02985,LST-2466,BYR-3504,AGT-0195,1651499.99,2022-01-10,2022-01-28,65901.92,Cancelled,Conventional,True,18,3.990428119833049
TXN-02986,LST-1980,BYR-0928,AGT-0223,362085.32,2023-05-27,2023-07-09,20842.11,Completed,Conventional,False,43,5.756132283960034
TXN-02987,LST-4129,BYR-2749,AGT-0244,1873837.14,2020-11-21,2020-12-10,105084.83,Pending,Cash,True,19,5.608002304832105
TXN-02988,LST-2522,BYR-0742,AGT-0138,1027300.82,2022-03-16,2022-03-31,41144.37,Pending,Conventional,True,15,4.005094632359001
TXN-02989,LST-4876,BYR-1140,AGT-0024,525860.02,2021-08-21,2021-09-25,29896.58,Pending,VA,False,35,5.68527343075064
TXN-02990,LST-4097,BYR-2791,AGT-0024,805731.73,2024-10-27,2024-12-08,44918.04,Completed,FHA,True,42,5.574813343890527
TXN-02991,LST-5828,BYR-0730,AGT-0163,1201882.13,2022-08-15,2022-09-23,62794.9,Pending,VA,False,39,5.224713674709516
TXN-02992,LST-3253,BYR-1044,AGT-0265,208223.57,2022-01-29,2022-03-12,7640.71,Cancelled,Conventional,False,42,3.6694741138094984
TXN-02993,LST-1142,BYR-1051,AGT-0224,353444.11,2020-06-25,2020-08-06,16080.61,Pending,Conventional,False,42,4.549689624195464
TXN-02994,LST-3997,BYR-2056,AGT-0226,1356764.46,2021-09-18,2021-10-10,42557.34,Completed,Conventional,True,22,3.1366785654158424
TXN-02995,LST-5853,BYR-2551,AGT-0223,2657681.38,2023-08-14,2023-09-09,82069.52,Pending,Conventional,True,26,3.088012002401883
TXN-02996,LST-3186,BYR-0806,AGT-0084,2303573.07,2022-11-28,2023-01-03,86578.32,Completed,FHA,False,36,3.7584360195702415
TXN-02997,LST-1813,BYR-3045,AGT-0167,200649.43,2023-09-03,2023-09-30,7570.32,Pending,Conventional,True,27,3.7729087991927015
TXN-02998,LST-2487,BYR-0060,AGT-0111,684959.96,2023-10-14,2023-11-13,22765.7,Pending,Conventional,True,30,3.32365413008959
TXN-02999,LST-5324,BYR-1449,AGT-0213,1478000.6,2022-08-18,2022-09-12,65955.2,Completed,Conventional,True,25,4.462460975996898
TXN-03000,LST-2678,BYR-2478,AGT-0287,950026.68,2024-11-13,2024-12-18,44814.02,Pending,Conventional,True,35,4.717132786207646
TXN-03001,LST-3477,BYR-2670,AGT-0074,1994708.22,2023-12-20,2024-01-17,86039.06,Completed,Conventional,True,28,4.313365691148554
TXN-03002,LST-3947,BYR-3132,AGT-0159,2416287.58,2022-12-21,2023-01-19,131575.31,Cancelled,VA,True,29,5.445349762547718
TXN-03003,LST-3048,BYR-0663,AGT-0056,2299125.67,2023-04-14,2023-05-25,123920.88,Cancelled,Conventional,True,41,5.389913288210992
TXN-03004,LST-2151,BYR-1597,AGT-0170,2077838.16,2021-12-10,2021-12-29,96906.18,Cancelled,FHA,False,19,4.663798262324724
TXN-03005,LST-5386,BYR-3351,AGT-0258,1796919.51,2024-06-08,2024-07-09,64919.1,Completed,FHA,True,31,3.6127995516059594
TXN-03006,LST-1452,BYR-2359,AGT-0112,763463.24,2022-09-10,2022-10-03,21410.84,Cancelled,Cash,False,23,2.804436268601485
TXN-03007,LST-2126,BYR-2008,AGT-0077,2147019.06,2022-03-13,2022-04-07,98253.76,Pending,Cash,True,25,4.576287273388248
TXN-03008,LST-4890,BYR-0349,AGT-0122,457378.94,2024-10-08,2024-11-02,18863.17,Pending,Cash,False,25,4.124188577637614
TXN-03009,LST-5093,BYR-1248,AGT-0092,1604473.06,2020-05-13,2020-06-20,60951.18,Cancelled,Conventional,True,38,3.7988285075973787
TXN-03010,LST-3878,BYR-1143,AGT-0003,720379.92,2020-04-28,2020-05-18,37099.11,Cancelled,Jumbo,True,20,5.149936716725807
TXN-03011,LST-1344,BYR-0478,AGT-0010,2205548.16,2024-02-22,2024-03-25,85555.15,Cancelled,Jumbo,True,32,3.879087818241066
TXN-03012,LST-3243,BYR-3665,AGT-0152,2034079.03,2022-01-04,2022-02-07,97996.2,Completed,Conventional,True,34,4.817718414805151
TXN-03013,LST-2989,BYR-3081,AGT-0008,404620.53,2022-07-26,2022-09-03,14172.53,Pending,Cash,False,39,3.5026719973897515
TXN-03014,LST-5986,BYR-0178,AGT-0103,2406385.38,2020-09-17,2020-10-08,128502.0,Completed,Conventional,True,21,5.340042416647329
TXN-03015,LST-0053,BYR-0982,AGT-0020,1124869.46,2022-07-19,2022-08-29,40499.0,Pending,Conventional,True,41,3.6003288772725686
TXN-03016,LST-0480,BYR-3704,AGT-0148,289256.06,2022-04-19,2022-05-04,12488.89,Cancelled,Cash,True,15,4.317589750755784
TXN-03017,LST-3512,BYR-3190,AGT-0101,1773586.63,2023-05-30,2023-06-19,74347.46,Pending,Conventional,False,20,4.191927179784841
TXN-03018,LST-5904,BYR-0795,AGT-0202,227293.13,2022-12-31,2023-02-04,11391.76,Pending,Conventional,True,35,5.011924469516522
TXN-03019,LST-4047,BYR-3696,AGT-0165,2255278.53,2021-03-28,2021-04-20,79496.88,Completed,Conventional,True,23,3.5249251452768458
TXN-03020,LST-4884,BYR-0578,AGT-0063,2014415.97,2023-10-18,2023-11-10,93289.4,Cancelled,VA,True,23,4.631089178666509
TXN-03021,LST-0277,BYR-0948,AGT-0136,2144251.59,2022-09-22,2022-10-09,63679.5,Pending,Jumbo,True,17,2.9697774410884317
TXN-03022,LST-3956,BYR-2620,AGT-0086,1601157.55,2022-04-16,2022-05-19,72190.29,Pending,VA,True,33,4.508631271170035
TXN-03023,LST-2420,BYR-2048,AGT-0036,2062705.53,2023-07-18,2023-08-25,91573.18,Completed,Jumbo,False,38,4.43946936041811
TXN-03024,LST-0641,BYR-2122,AGT-0213,294779.24,2024-04-08,2024-04-29,10287.56,Cancelled,Cash,False,21,3.48992011784819
TXN-03025,LST-1648,BYR-1684,AGT-0064,1003117.98,2022-12-14,2023-01-02,45667.92,Cancelled,Jumbo,True,19,4.5525970933149855
TXN-03026,LST-3755,BYR-1160,AGT-0230,2657135.16,2024-04-01,2024-05-12,75617.85,Pending,FHA,True,41,2.84584130827579
TXN-03027,LST-4368,BYR-2995,AGT-0072,1793488.44,2023-02-07,2023-03-01,57979.61,Completed,Conventional,False,22,3.232784148862426
TXN-03028,LST-1831,BYR-2128,AGT-0257,2374908.54,2022-12-11,2023-01-01,90060.37,Cancelled,FHA,True,21,3.792161613095214
TXN-03029,LST-0361,BYR-0388,AGT-0189,2255523.86,2024-05-26,2024-06-15,110220.28,Completed,FHA,False,20,4.886682067730376
TXN-03030,LST-4926,BYR-0924,AGT-0092,142859.96,2024-07-19,2024-08-13,3801.29,Completed,Conventional,False,25,2.6608505280275874
TXN-03031,LST-0690,BYR-0069,AGT-0166,208480.35,2023-04-05,2023-05-13,12134.18,Pending,Cash,True,38,5.820299131309018
TXN-03032,LST-2389,BYR-0413,AGT-0269,2441970.38,2020-12-03,2020-12-30,72057.83,Pending,Conventional,False,27,2.950806880794353
TXN-03033,LST-0340,BYR-1408,AGT-0073,1417620.16,2024-08-30,2024-10-08,82607.7,Completed,Conventional,True,39,5.827209737197869
TXN-03034,LST-2168,BYR-3318,AGT-0252,977352.56,2019-12-28,2020-01-18,30995.28,Cancelled,Conventional,False,21,3.1713509810625555
TXN-03035,LST-5054,BYR-1348,AGT-0065,572812.23,2022-05-18,2022-06-30,17192.56,Unknown,FHA,True,43,3.0014303290975475
TXN-03036,LST-4671,BYR-3711,AGT-0119,1582573.09,2024-02-18,2024-04-02,72258.36,Completed,Conventional,True,44,4.565878217984864
TXN-03037,LST-3272,BYR-3369,AGT-0242,1471711.58,2024-06-21,2024-07-25,66625.49,Completed,Conventional,False,34,4.527075203145443
TXN-03038,LST-3947,BYR-2464,AGT-0115,2337434.67,2022-09-29,2022-10-14,136557.49,Pending,Conventional,True,15,5.842194939292143
TXN-03039,LST-2435,BYR-2905,AGT-0232,267975.15,2021-02-22,2021-03-31,12189.93,Pending,Conventional,False,37,4.548903135234741
TXN-03040,LST-0931,BYR-2217,AGT-0187,1639128.33,2021-06-29,2021-08-08,78789.88,Cancelled,USDA,True,40,4.806815827531942
TXN-03041,LST-3375,BYR-0742,AGT-0092,2873758.25,2022-09-25,2022-11-02,112421.32,Pending,Cash,False,38,3.9119964248906465
TXN-03042,LST-0567,BYR-1048,AGT-0016,1489033.35,2023-12-25,2024-01-16,57522.07,Completed,Conventional,False,22,3.8630477954036424
TXN-03043,LST-1200,BYR-3570,AGT-0034,162033.39,2022-04-04,2022-04-28,8453.84,Cancelled,Conventional,True,24,5.217344400434996
TXN-03044,LST-2202,BYR-0776,AGT-0082,879358.04,2021-09-04,2021-10-09,34735.83,Cancelled,VA,True,35,3.9501350325971885
TXN-03045,LST-4380,BYR-3819,AGT-0142,1130778.3,2022-10-07,2022-11-09,38008.74,Cancelled,Cash,False,33,3.3612901839379123
TXN-03046,LST-1849,BYR-0076,AGT-0163,1463690.12,2024-06-29,2024-08-11,61271.83,Cancelled,VA,True,43,4.186120351758609
TXN-03047,LST-5787,BYR-0549,AGT-0194,1936113.28,2021-07-27,2021-09-08,111578.99,Pending,FHA,True,43,5.7630403733401385
TXN-03048,LST-1368,BYR-2913,AGT-0002,2221132.88,2023-01-13,2023-02-20,132142.21,Pending,USDA,True,38,5.949315828416353
TXN-03049,LST-4750,BYR-1256,AGT-0248,495892.12,2023-06-27,2023-07-28,25075.24,Pending,FHA,True,31,5.056591744188232
TXN-03050,LST-1705,BYR-0614,AGT-0271,1922536.83,2020-08-13,2020-09-15,49953.47,Pending,Conventional,True,33,2.5983101712543006
TXN-03051,LST-4751,BYR-0864,AGT-0194,2008630.1,2024-07-08,2024-07-31,65531.05,Pending,Conventional,True,23,3.2624747582942226
TXN-03052,LST-5895,BYR-0794,AGT-0070,2572477.24,2020-07-15,2020-08-12,108505.34,Completed,Cash,True,28,4.217931972840311
TXN-03053,LST-4789,BYR-3947,AGT-0130,1935518.38,2024-07-28,2024-08-12,94742.93,Cancelled,Conventional,False,15,4.894964107754947
TXN-03054,LST-3921,BYR-0669,AGT-0130,501273.68,2021-08-08,2021-09-13,19215.79,Cancelled,Conventional,False,36,3.83339296808881
TXN-03055,LST-5564,BYR-2861,AGT-0255,1768750.45,2024-02-10,2024-03-11,51619.73,Unknown,Conventional,True,30,2.9184292221664174
TXN-03057,LST-4147,BYR-0143,AGT-0168,278112.03,2024-03-19,2024-04-24,9441.8,Pending,Cash,True,36,3.394962814086107
TXN-03058,LST-3607,BYR-0548,AGT-0057,1424199.3,2021-02-23,2021-03-16,72374.91,Cancelled,USDA,True,21,5.081796487331514
TXN-03059,LST-0441,BYR-0132,AGT-0028,1491461.85,2021-09-23,2021-11-04,52058.05,Unknown,Conventional,True,42,3.490404397537892
TXN-03060,LST-3607,BYR-0906,AGT-0048,1445186.55,2020-11-15,2020-11-30,69882.42,Cancelled,Cash,True,15,4.835529364703816
TXN-03061,LST-4431,BYR-2656,AGT-0116,1936883.35,2021-07-23,2021-08-09,97358.73,Completed,Conventional,True,17,5.026566519868116
TXN-03062,LST-2282,BYR-1395,AGT-0293,2137750.44,2022-01-04,2022-02-14,70088.78,Completed,Jumbo,True,41,3.278623111872684
TXN-03063,LST-2900,BYR-3713,AGT-0148,1956345.75,2022-07-29,2022-09-03,66350.78,Completed,Conventional,False,36,3.391567160354963
TXN-03064,LST-5247,BYR-0591,AGT-0108,2923567.7,2023-05-07,2023-05-28,119272.86,Cancelled,Cash,True,21,4.07970234450189
TXN-03065,LST-2032,BYR-2042,AGT-0106,590020.93,2021-02-10,2021-03-24,19960.2,Cancelled,Cash,True,42,3.3829647365221436
TXN-03066,LST-4100,BYR-2621,AGT-0134,1637507.86,2020-10-17,2020-11-20,89840.9,Unknown,Conventional,True,34,5.486440840656483
TXN-03067,LST-5410,BYR-0566,AGT-0189,441003.55,2024-01-13,2024-02-13,15721.56,Pending,Conventional,True,31,3.5649508943862243
TXN-03068,LST-5570,BYR-2161,AGT-0166,2328810.03,2024-07-08,2024-08-13,118703.92,Completed,Conventional,True,36,5.097192062505846
TXN-03069,LST-4256,BYR-3491,AGT-0259,346472.74,2020-08-22,2020-09-17,11484.62,Completed,Cash,True,26,3.314725423997282
TXN-03070,LST-2815,BYR-0811,AGT-0042,816851.25,2021-01-04,2021-02-10,36375.96,Cancelled,Conventional,True,37,4.453192671248284
TXN-03071,LST-1736,BYR-1689,AGT-0187,441271.12,2022-05-30,2022-07-06,11293.68,Pending,Conventional,True,37,2.55935172009444
TXN-03072,LST-1189,BYR-1744,AGT-0140,1879670.2,2023-11-14,2023-12-15,111646.99,Cancelled,Cash,True,31,5.939711657928077
TXN-03073,LST-4636,BYR-1266,AGT-0234,708308.23,2021-12-19,2022-01-06,20256.76,Completed,Jumbo,True,18,2.859879236473082
TXN-03074,LST-0127,BYR-3540,AGT-0021,2556911.8,2024-04-02,2024-04-25,117373.42,Cancelled,Conventional,True,23,4.5904367917579325
TXN-03075,LST-4704,BYR-0123,AGT-0138,308589.55,2021-07-02,2021-07-18,17504.35,Completed,Conventional,True,16,5.672372897915694
TXN-03076,LST-1350,BYR-1107,AGT-0082,1849723.1,2024-05-13,2024-06-02,67343.79,Completed,VA,False,20,3.640749796550629
TXN-03077,LST-1504,BYR-0636,AGT-0093,1223156.34,2020-10-01,2020-10-30,59786.81,Cancelled,Cash,True,29,4.8879123661330155
TXN-03078,LST-1434,BYR-1762,AGT-0191,1127894.98,2021-10-13,2021-10-29,33213.99,Cancelled,FHA,True,16,2.944776826651006
TXN-03079,LST-1732,BYR-2136,AGT-0204,758604.79,2023-10-12,2023-11-10,26054.44,Pending,Conventional,True,29,3.434520891965367
TXN-03080,LST-4656,BYR-1915,AGT-0084,2550121.45,2022-08-31,2022-09-23,106496.97,Pending,VA,True,23,4.176152865190009
TXN-03081,LST-4775,BYR-3939,AGT-0091,1899484.3,2022-02-19,2022-03-31,82145.99,Pending,FHA,True,40,4.3246469581243705
TXN-03082,LST-0879,BYR-1800,AGT-0119,976999.25,2020-05-07,2020-06-21,58107.46,Cancelled,FHA,False,45,5.947543972014309
TXN-03083,LST-5021,BYR-3670,AGT-0127,381127.12,2022-09-24,2022-11-01,20058.91,Cancelled,Conventional,True,38,5.263049766702512
TXN-03084,LST-3657,BYR-2822,AGT-0193,2108044.27,2020-07-15,2020-07-31,86108.97,Cancelled,Conventional,True,16,4.084779965270843
TXN-03085,LST-1556,BYR-1865,AGT-0029,1480859.14,2023-11-06,2023-12-12,56976.81,Pending,Cash,False,36,3.8475509561294268
TXN-03086,LST-2028,BYR-0167,AGT-0195,704898.62,2024-04-22,2024-05-14,22591.7,Cancelled,Conventional,False,22,3.2049573313109905
TXN-03087,LST-1671,BYR-0290,AGT-0122,1736705.57,2022-06-15,2022-07-03,63392.24,Pending,Conventional,True,18,3.6501431846044
TXN-03088,LST-1551,BYR-1671,AGT-0148,1429339.44,2022-11-28,2023-01-10,58978.82,Cancelled,FHA,True,43,4.126299068610323
TXN-03089,LST-1411,BYR-3771,AGT-0258,2388548.73,2023-09-11,2023-10-23,65689.76,Pending,Jumbo,True,42,2.7501955130720734
TXN-03090,LST-1673,BYR-0785,AGT-0029,2223491.18,2024-01-17,2024-02-02,78697.07,Pending,Jumbo,True,16,3.5393470731014993
TXN-03091,LST-1001,BYR-1901,AGT-0222,2286116.26,2020-03-01,2020-03-16,86395.3,Completed,FHA,False,15,3.7791297630681306
TXN-03092,LST-3243,BYR-3228,AGT-0100,2195676.63,2022-01-25,2022-02-25,60210.08,Completed,Conventional,True,31,2.74221072344337
TXN-03093,LST-0336,BYR-0011,AGT-0038,593457.84,2022-12-21,2023-01-08,15976.29,Completed,Conventional,True,18,2.69206823520943
TXN-03094,LST-3253,BYR-2458,AGT-0247,198577.47,2021-11-04,2021-12-03,11021.8,Cancelled,Conventional,False,29,5.55037789533727
TXN-03095,LST-5444,BYR-2192,AGT-0157,1360519.06,2021-04-12,2021-05-19,68985.06,Completed,Conventional,True,37,5.0704956680283475
TXN-03096,LST-4130,BYR-3031,AGT-0035,2630065.06,2022-04-18,2022-05-31,133365.05,Pending,VA,False,43,5.070789009303063
TXN-03097,LST-0111,BYR-0105,AGT-0091,815074.68,2023-06-18,2023-07-15,41457.26,Pending,Cash,True,27,5.086314299445543
TXN-03098,LST-5691,BYR-3630,AGT-0009,2149408.31,2024-01-27,2024-02-14,90868.22,Cancelled,Conventional,True,18,4.227592290270805
TXN-03099,LST-0644,BYR-1640,AGT-0295,573776.4,2022-03-20,2022-04-09,32301.91,Completed,VA,True,20,5.629703487281805
TXN-03100,LST-5136,BYR-0981,AGT-0167,1877122.74,2023-11-30,2023-12-29,88052.12,Completed,Cash,True,29,4.690802477839036
TXN-03101,LST-4377,BYR-1696,AGT-0105,132457.59,2021-11-12,2021-12-18,3716.93,Completed,FHA,True,36,2.8061283615382098
TXN-03102,LST-4210,BYR-1963,AGT-0191,1982841.67,2023-08-22,2023-09-24,49814.99,Cancelled,Conventional,True,33,2.51230296163788
TXN-03104,LST-0323,BYR-2137,AGT-0260,620613.55,2022-04-02,2022-04-17,20927.48,Pending,Jumbo,True,15,3.3720630173156865
TXN-03105,LST-4403,BYR-1437,AGT-0274,1118067.81,2022-06-08,2022-07-15,34041.6,Completed,FHA,True,37,3.0446811629430597
TXN-03106,LST-4663,BYR-1368,AGT-0242,376514.68,2022-10-11,2022-11-18,17721.43,Completed,Conventional,True,38,4.706703600507688
TXN-03107,LST-2776,BYR-1271,AGT-0221,1560513.38,2023-01-02,2023-02-09,81653.47,Pending,Cash,True,38,5.232474841068009
TXN-03108,LST-3359,BYR-1418,AGT-0217,212920.95,2024-05-25,2024-06-12,9860.26,Cancelled,Conventional,True,18,4.6309487159436395
TXN-03109,LST-2639,BYR-3927,AGT-0207,892144.68,2021-11-20,2021-12-29,24206.58,Completed,Conventional,True,39,2.7133020621722475
TXN-03110,LST-2648,BYR-3897,AGT-0071,574457.69,2023-01-25,2023-03-10,17510.05,Pending,Conventional,True,44,3.0481008966909298
TXN-03111,LST-4197,BYR-2885,AGT-0241,1823299.61,2023-09-27,2023-10-29,83990.68,Completed,Conventional,True,32,4.606521031395382
TXN-03112,LST-1912,BYR-0825,AGT-0289,1211107.24,2023-05-18,2023-06-12,53878.48,Completed,Conventional,True,25,4.4486960543642695
TXN-03113,LST-3451,BYR-0961,AGT-0299,226532.75,2020-10-18,2020-11-18,6059.59,Completed,Conventional,False,31,2.6749289010087947
TXN-03114,LST-4685,BYR-3803,AGT-0185,91028.08,2021-05-21,2021-07-02,3200.93,Completed,VA,True,42,3.516420427630682
TXN-03115,LST-3574,BYR-0092,AGT-0036,2241818.32,2021-09-01,2021-10-09,107100.86,Unknown,Conventional,False,38,4.777410330021748
TXN-03116,LST-2541,BYR-3259,AGT-0260,1891048.76,2021-07-15,2021-08-07,84401.22,Cancelled,Conventional,True,23,4.463196390557375
TXN-03117,LST-4667,BYR-1184,AGT-0299,2096586.82,2023-01-30,2023-03-13,91422.09,Cancelled,Conventional,True,42,4.360520114306547
TXN-03118,LST-0395,BYR-0275,AGT-0144,1542009.16,2024-06-30,2024-08-11,91566.78,Pending,Conventional,True,42,5.938147604778172
TXN-03119,LST-3860,BYR-3061,AGT-0090,158568.75,2022-03-29,2022-04-29,8177.49,Pending,Cash,True,31,5.157062788222774
TXN-03120,LST-4547,BYR-3821,AGT-0271,484858.73,2021-02-05,2021-02-21,25934.29,Pending,Cash,True,16,5.348834288288468
TXN-03121,LST-4865,BYR-0347,AGT-0206,2080716.78,2020-12-14,2021-01-27,117189.6,Completed,Conventional,False,44,5.632174504787721
TXN-03122,LST-5183,BYR-0955,AGT-0271,1894175.74,2023-02-06,2023-02-25,107330.79,Pending,Conventional,True,19,5.666358603030149
TXN-03123,LST-3041,BYR-0674,AGT-0277,392899.26,2021-02-11,2021-03-21,22976.93,Completed,Cash,True,38,5.84804613783187
TXN-03124,LST-4584,BYR-2331,AGT-0183,2087033.59,2020-06-07,2020-07-07,69272.82,Completed,Cash,True,30,3.319200051782588
TXN-03125,LST-1313,BYR-2812,AGT-0002,991246.57,2021-06-23,2021-07-17,39463.87,Completed,Conventional,True,24,3.98123647479557
TXN-03126,LST-2187,BYR-3665,AGT-0009,1187150.56,2021-08-15,2021-09-01,67319.94,Completed,Conventional,False,17,5.670716273763961
TXN-03127,LST-3363,BYR-2470,AGT-0260,1570603.09,2023-09-01,2023-09-30,46834.82,Pending,Cash,True,29,2.9819640810715584
TXN-03128,LST-3640,BYR-3042,AGT-0002,1813233.75,2023-10-02,2023-10-26,96478.66,Completed,VA,True,24,5.320806542454883
TXN-03129,LST-5930,BYR-3794,AGT-0266,427690.88,2020-08-17,2020-09-25,11162.57,Cancelled,FHA,True,39,2.6099621296577564
TXN-03130,LST-0123,BYR-3464,AGT-0035,1363838.02,2021-03-09,2021-04-01,47266.84,Cancelled,Cash,False,23,3.4657224176812433
TXN-03131,LST-5037,BYR-3831,AGT-0005,339754.15,2023-01-28,2023-03-02,15795.39,Completed,FHA,True,33,4.649064625112011
TXN-03132,LST-2626,BYR-3031,AGT-0123,1040379.4,2021-08-30,2021-09-30,26326.64,Completed,Conventional,True,31,2.5304845520778283
TXN-03133,LST-0479,BYR-0208,AGT-0170,2231303.09,2020-04-22,2020-05-19,59936.96,Cancelled,Jumbo,True,27,2.6861863934406154
TXN-03134,LST-1579,BYR-1880,AGT-0238,765692.18,2021-05-07,2021-06-08,32370.93,Completed,Conventional,True,32,4.227668878634754
TXN-03135,LST-2546,BYR-3591,AGT-0285,2300071.71,2021-02-05,2021-03-12,128805.1,Cancelled,FHA,False,35,5.600047139399841
TXN-03136,LST-2950,BYR-3013,AGT-0040,777257.0,2022-01-14,2022-02-27,23974.31,Pending,Conventional,False,44,3.0844765630930313
TXN-03137,LST-2912,BYR-1317,AGT-0246,1183694.49,2020-11-04,2020-12-08,60427.45,Completed,Cash,True,34,5.104987014005615
TXN-03138,LST-2936,BYR-1212,AGT-0090,720503.03,2022-05-06,2022-05-25,18519.18,Pending,Conventional,False,19,2.5703125773114377
TXN-03139,LST-2436,BYR-1321,AGT-0111,1094485.08,2023-05-03,2023-06-17,44216.77,Completed,Cash,False,45,4.039960965022931
TXN-03140,LST-1036,BYR-1541,AGT-0153,2103517.08,2024-05-19,2024-06-04,103109.13,Completed,Cash,True,16,4.901749121999047
TXN-03141,LST-5642,BYR-0215,AGT-0285,2259517.68,2020-08-19,2020-09-28,117548.98,Cancelled,Conventional,True,40,5.202392574330288
TXN-03142,LST-1360,BYR-3971,AGT-0120,1324717.69,2021-06-22,2021-07-29,50249.2,Completed,Cash,True,37,3.7932006479055924
TXN-03143,LST-5751,BYR-0255,AGT-0102,2246909.94,2022-05-04,2022-06-01,128508.12,Pending,FHA,True,28,5.719326694509172
TXN-03144,LST-5841,BYR-2835,AGT-0148,1967450.89,2024-05-16,2024-06-15,54398.11,Completed,Conventional,True,30,2.7649030670341155
TXN-03145,LST-2300,BYR-1358,AGT-0145,1299337.34,2020-10-14,2020-10-31,48989.83,Cancelled,Cash,True,17,3.7703703643274036
TXN-03146,LST-3563,BYR-1813,AGT-0097,547934.19,2022-06-30,2022-08-03,26902.8,Cancelled,Conventional,True,34,4.909859704137098
TXN-03147,LST-3649,BYR-2047,AGT-0016,3111041.93,2022-12-14,2023-01-07,151542.29,Cancelled,Conventional,True,24,4.8711104964117276
TXN-03148,LST-1932,BYR-1718,AGT-0256,2069144.82,2024-01-13,2024-02-24,96595.75,Completed,Conventional,False,42,4.668390006650187
TXN-03149,LST-2541,BYR-3655,AGT-0084,1916720.62,2021-07-07,2021-07-26,59007.45,Completed,USDA,False,19,3.0785629050101204
TXN-03150,LST-4505,BYR-1275,AGT-0057,2092910.37,2021-04-12,2021-05-05,70210.11,Completed,Conventional,True,23,3.3546639648978376
TXN-03151,LST-2928,BYR-1181,AGT-0271,1734519.42,2024-02-10,2024-03-23,81289.28,Pending,Conventional,True,42,4.686559231490184
TXN-03152,LST-1691,BYR-3976,AGT-0109,1691300.06,2021-09-08,2021-09-30,49109.25,Pending,Conventional,False,22,2.903639109431593
TXN-03153,LST-2805,BYR-0849,AGT-0189,745018.76,2020-12-16,2021-01-28,42203.46,Pending,Cash,True,43,5.664751314450122
TXN-03154,LST-0103,BYR-1804,AGT-0080,2061659.78,2020-05-26,2020-06-10,89564.94,Pending,Conventional,True,15,4.344312328778126
TXN-03155,LST-5346,BYR-3026,AGT-0048,1666012.77,2024-02-08,2024-03-11,75721.98,Pending,Conventional,False,32,4.545102016234845
TXN-03156,LST-4403,BYR-1272,AGT-0214,937070.14,2022-07-19,2022-08-09,24030.69,Cancelled,FHA,True,21,2.5644494445207697
TXN-03157,LST-5136,BYR-0961,AGT-0060,1936967.09,2024-01-13,2024-02-27,61549.32,Pending,Conventional,True,45,3.177613100282463
TXN-03158,LST-5396,BYR-3069,AGT-0173,1035193.81,2023-08-24,2023-09-10,42401.94,Pending,Cash,False,17,4.096038789103655
TXN-03159,LST-0608,BYR-1920,AGT-0179,1744092.17,2022-03-14,2022-04-06,68655.02,Cancelled,Cash,True,23,3.936433015463856
TXN-03160,LST-1399,BYR-3197,AGT-0043,280974.15,2023-05-08,2023-06-16,14235.13,Pending,Cash,True,39,5.066348630292145
TXN-03161,LST-5700,BYR-3065,AGT-0194,331570.5,2024-06-27,2024-08-09,19554.88,Completed,Conventional,False,43,5.897653741813581
TXN-03162,LST-5024,BYR-3264,AGT-0163,53157.76,2022-09-04,2022-09-21,2162.77,Cancelled,Cash,True,17,4.06858754018228
TXN-03163,LST-0044,BYR-1978,AGT-0251,147589.55,2021-09-03,2021-09-30,6883.24,Cancelled,Cash,True,27,4.663771926941982
TXN-03164,LST-5128,BYR-1006,AGT-0188,1019868.63,2024-01-23,2024-02-19,59875.45,Cancelled,Conventional,True,27,5.870898294028319
TXN-03165,LST-5430,BYR-1320,AGT-0155,2019637.25,2023-08-02,2023-09-13,53061.82,Cancelled,USDA,False,42,2.627294579756835
TXN-03166,LST-3800,BYR-3208,AGT-0042,610327.77,2020-08-03,2020-08-23,19905.88,Pending,VA,True,20,3.261506518046852
TXN-03167,LST-0466,BYR-3550,AGT-0109,959845.3,2021-05-15,2021-06-05,34185.09,Cancelled,FHA,True,21,3.5615207992371265
TXN-03168,LST-2596,BYR-0275,AGT-0168,1677445.54,2020-06-11,2020-07-19,47426.99,Unknown,Conventional,True,38,2.8273341142270403
TXN-03169,LST-0543,BYR-3918,AGT-0028,1706748.93,2020-09-21,2020-10-29,84327.96,Cancelled,FHA,True,38,4.940853251333223
TXN-03170,LST-4141,BYR-1425,AGT-0083,1478898.56,2023-04-27,2023-06-05,39224.93,Completed,Conventional,False,39,2.6523069979863934
TXN-03171,LST-4536,BYR-1051,AGT-0209,1834846.75,2021-02-05,2021-03-06,90810.78,Pending,FHA,True,29,4.949229683623441
TXN-03172,LST-3402,BYR-0833,AGT-0164,1842261.86,2022-08-05,2022-09-03,96044.34,Completed,VA,True,29,5.21339241100068
TXN-03173,LST-1718,BYR-0330,AGT-0024,2399312.33,2021-10-16,2021-11-11,69958.09,Completed,Conventional,True,26,2.9157558657650875
TXN-03174,LST-4528,BYR-1177,AGT-0229,1451766.96,2021-07-07,2021-08-21,55366.7,Pending,Conventional,True,45,3.8137456992408754
TXN-03175,LST-1381,BYR-3722,AGT-0100,1590398.33,2023-09-01,2023-10-08,57405.64,Completed,Conventional,True,37,3.6095133475146444
TXN-03176,LST-4795,BYR-3418,AGT-0272,2309490.54,2024-01-28,2024-02-23,80477.11,Completed,Cash,True,26,3.484626094203443
TXN-03177,LST-4017,BYR-1224,AGT-0247,2020099.95,2020-10-11,2020-10-29,83027.91,Unknown,Conventional,False,18,4.110089206229622
TXN-03178,LST-1787,BYR-0866,AGT-0031,609534.33,2022-05-17,2022-06-16,17293.92,Cancelled,Conventional,True,30,2.837234778884399
TXN-03179,LST-0015,BYR-3358,AGT-0162,1629116.69,2021-02-16,2021-03-24,94866.86,Completed,FHA,True,36,5.823208403812989
TXN-03180,LST-2032,BYR-1217,AGT-0215,514917.95,2020-12-27,2021-01-23,17147.82,Cancelled,FHA,False,27,3.3302043558590255
TXN-03181,LST-1164,BYR-1521,AGT-0128,1747743.08,2022-07-04,2022-08-06,54685.57,Completed,Cash,True,33,3.1289249905083305
TXN-03182,LST-3736,BYR-2741,AGT-0111,1578530.42,2023-03-17,2023-04-01,56555.86,Completed,Jumbo,False,15,3.582817238327279
TXN-03183,LST-0923,BYR-1788,AGT-0226,304418.43,2024-01-05,2024-02-16,9729.45,Completed,Conventional,True,42,3.196077845878123
TXN-03184,LST-5034,BYR-3794,AGT-0238,1256007.66,2021-11-25,2022-01-07,39542.03,Unknown,FHA,True,43,3.1482315959760947
TXN-03185,LST-2676,BYR-0180,AGT-0226,1795587.11,2023-04-10,2023-04-26,67263.86,Pending,Cash,True,16,3.7460649848394154
TXN-03186,LST-0439,BYR-0791,AGT-0201,2258702.33,2020-04-20,2020-05-15,77750.63,Cancelled,Conventional,True,25,3.4422698806885283
TXN-03187,LST-0995,BYR-0165,AGT-0166,511357.36,2022-10-27,2022-11-11,24047.48,Completed,Conventional,False,15,4.702676030711673
TXN-03189,LST-4079,BYR-3298,AGT-0196,2397499.46,2024-09-09,2024-10-08,139312.93,Cancelled,VA,False,29,5.810759598669524
TXN-03190,LST-0591,BYR-1822,AGT-0084,1504044.84,2022-07-22,2022-08-22,75163.72,Pending,FHA,False,31,4.997438773168491
TXN-03191,LST-0976,BYR-1377,AGT-0189,963182.46,2023-11-12,2023-12-15,30218.53,Pending,Conventional,False,33,3.137362987278651
TXN-03192,LST-0023,BYR-1962,AGT-0251,134862.99,2024-08-19,2024-09-09,4511.61,Cancelled,Conventional,True,21,3.3453284700272476
TXN-03193,LST-3596,BYR-0900,AGT-0257,2328874.32,2022-09-23,2022-10-18,96643.65,Cancelled,Conventional,True,25,4.149801007724625
TXN-03194,LST-3370,BYR-0569,AGT-0081,1784034.75,2020-10-01,2020-10-30,50058.59,Completed,Conventional,True,29,2.805920120109768
TXN-03195,LST-1481,BYR-3942,AGT-0200,108817.68,2021-05-15,2021-06-20,5559.84,Pending,Conventional,True,36,5.109316794844368
TXN-03196,LST-5098,BYR-1612,AGT-0199,763144.25,2023-10-10,2023-11-21,43736.23,Cancelled,FHA,True,42,5.731056743204185
TXN-03197,LST-1335,BYR-2305,AGT-0155,1178284.08,2024-03-17,2024-04-16,36179.85,Completed,Conventional,True,30,3.0705540891293377
TXN-03198,LST-5334,BYR-2529,AGT-0140,1013693.17,2022-11-25,2022-12-30,60651.55,Completed,USDA,True,35,5.983225673701639
TXN-03199,LST-0072,BYR-2322,AGT-0066,393560.98,2022-05-18,2022-06-27,11718.9,Cancelled,Conventional,True,40,2.977657998513979
TXN-03200,LST-1369,BYR-1070,AGT-0072,1422845.92,2022-07-03,2022-07-19,78007.13,Completed,Cash,True,16,5.482472058534631
TXN-03201,LST-0386,BYR-3439,AGT-0021,2468090.59,2021-06-03,2021-06-19,139578.11,Completed,Conventional,True,16,5.655307409117426
TXN-03202,LST-3124,BYR-1515,AGT-0009,2597997.6,2022-12-11,2023-01-14,92485.76,Cancelled,Conventional,False,34,3.559886275491555
TXN-03203,LST-3477,BYR-0354,AGT-0026,2092454.42,2024-05-17,2024-06-13,116512.58,Pending,Cash,True,27,5.568225471788294
TXN-03204,LST-4184,BYR-0605,AGT-0092,2946345.05,2024-08-11,2024-09-05,97557.05,Pending,Conventional,True,25,3.3111210107587365
TXN-03205,LST-5877,BYR-1768,AGT-0111,2086743.98,2022-07-01,2022-08-11,84210.44,Cancelled,Conventional,True,41,4.035494569870521
TXN-03206,LST-1998,BYR-2496,AGT-0045,2171764.65,2021-08-08,2021-09-09,117305.37,Completed,Jumbo,True,32,5.401384998139647
TXN-03208,LST-2033,BYR-3188,AGT-0094,1568810.89,2023-07-19,2023-08-14,60204.82,Unknown,FHA,True,26,3.837608495948164
TXN-03209,LST-2221,BYR-0765,AGT-0088,1009964.55,2024-08-03,2024-09-11,53770.63,Completed,VA,False,39,5.32401162001181
TXN-03210,LST-4282,BYR-1603,AGT-0243,563080.36,2024-04-07,2024-05-17,24690.05,Completed,VA,True,40,4.384818181191758
TXN-03211,LST-2263,BYR-2409,AGT-0271,2323328.56,2020-07-22,2020-08-06,83215.08,Pending,Conventional,False,15,3.581718119110971
TXN-03212,LST-2511,BYR-2170,AGT-0230,1371733.69,2020-12-07,2020-12-22,52517.71,Completed,Conventional,True,15,3.828564566348152
TXN-03213,LST-0878,BYR-2063,AGT-0004,2299845.73,2020-11-28,2020-12-19,79373.45,Pending,Conventional,False,21,3.4512510541304873
TXN-03214,LST-1817,BYR-0339,AGT-0057,1415801.65,2022-05-20,2022-06-30,37714.0,Cancelled,Jumbo,True,41,2.6637912167993307
TXN-03215,LST-4962,BYR-2016,AGT-0071,138317.49,2023-09-26,2023-10-23,6689.04,Pending,Cash,True,27,4.836004470584307
TXN-03216,LST-1470,BYR-2485,AGT-0021,701540.3,2024-04-05,2024-04-25,39053.86,Completed,Conventional,True,20,5.5668733499700584
TXN-03217,LST-1844,BYR-1000,AGT-0082,2014157.09,2021-08-28,2021-09-20,77417.44,Cancelled,Cash,True,23,3.843664448238245
TXN-03218,LST-3452,BYR-0914,AGT-0114,2571927.97,2021-01-29,2021-02-22,148491.85,Completed,Conventional,False,24,5.7735617689168794
TXN-03219,LST-4147,BYR-2506,AGT-0172,260096.05,2024-03-04,2024-04-17,7389.01,Completed,Jumbo,True,44,2.8408774373928405
TXN-03220,LST-0184,BYR-3529,AGT-0117,1082338.39,2020-05-11,2020-06-24,28781.09,Completed,Conventional,True,44,2.659158195432761
TXN-03221,LST-1658,BYR-1596,AGT-0161,2504900.82,2022-03-20,2022-04-05,69912.45,Completed,FHA,True,16,2.7910266722656107
TXN-03222,LST-2875,BYR-3422,AGT-0149,1331356.49,2023-09-11,2023-10-17,56476.37,Pending,Jumbo,True,36,4.242017102421607
TXN-03223,LST-4937,BYR-0094,AGT-0096,2617905.52,2022-10-29,2022-12-03,77236.71,Cancelled,Conventional,True,35,2.9503245785585115
TXN-03224,LST-5778,BYR-1534,AGT-0021,856225.04,2023-05-08,2023-06-01,47508.36,Completed,Jumbo,False,24,5.548583349069071
TXN-03225,LST-0264,BYR-3277,AGT-0154,472878.16,2023-12-22,2024-01-19,22187.65,Cancelled,Cash,True,28,4.692043717984354
TXN-03226,LST-2782,BYR-0059,AGT-0242,1048712.81,2023-05-16,2023-06-15,51285.49,Cancelled,Conventional,False,30,4.890327410037072
TXN-03227,LST-2118,BYR-1742,AGT-0073,1060261.65,2021-02-22,2021-04-06,34338.76,Completed,VA,True,43,3.2387062193563265
TXN-03228,LST-1792,BYR-1389,AGT-0139,1190395.32,2023-03-18,2023-04-03,40608.16,Completed,VA,True,16,3.4113171748692697
TXN-03229,LST-1313,BYR-2305,AGT-0204,978751.99,2021-06-06,2021-06-24,40423.7,Unknown,Conventional,False,18,4.130126979358683
TXN-03230,LST-5059,BYR-2483,AGT-0290,488410.81,2021-10-09,2021-11-01,24926.52,Cancelled,Conventional,True,23,5.1035971132579965
TXN-03231,LST-5418,BYR-3213,AGT-0281,531125.98,2024-04-15,2024-05-19,25098.84,Completed,VA,True,34,4.725590715784605
TXN-03232,LST-3820,BYR-1448,AGT-0216,1883861.55,2021-10-23,2021-12-04,53538.05,Cancelled,Conventional,False,42,2.841931244894297
TXN-03233,LST-2532,BYR-1257,AGT-0189,1942093.53,2023-11-07,2023-12-08,75020.97,Cancelled,FHA,True,31,3.8628917115026895
TXN-03234,LST-1461,BYR-1849,AGT-0177,672444.91,2021-06-11,2021-07-26,17147.59,Cancelled,Conventional,True,45,2.5500364037256227
TXN-03235,LST-0820,BYR-0700,AGT-0282,871999.74,2021-10-10,2021-11-01,31937.97,Pending,Conventional,True,22,3.6626123305954197
TXN-03236,LST-3159,BYR-1572,AGT-0248,966795.02,2024-09-13,2024-10-20,52601.85,Completed,FHA,True,37,5.44084825757584
TXN-03237,LST-3318,BYR-3097,AGT-0215,1634324.91,2023-01-15,2023-02-17,79593.22,Pending,Conventional,False,33,4.870097709028983
TXN-03238,LST-1013,BYR-0452,AGT-0091,2102891.26,2021-11-05,2021-12-15,75969.02,Completed,FHA,True,40,3.6125985896198936
TXN-03239,LST-5378,BYR-1842,AGT-0154,1547188.48,2022-11-11,2022-12-03,88196.22,Cancelled,Cash,False,22,5.7004186070465055
TXN-03240,LST-5410,BYR-3983,AGT-0238,436552.06,2023-12-27,2024-01-19,21653.36,Cancelled,Cash,True,23,4.960086547295184
TXN-03241,LST-2559,BYR-3602,AGT-0251,1627382.33,2022-12-10,2023-01-23,47572.29,Pending,FHA,True,44,2.9232399248184047
TXN-03242,LST-4576,BYR-3013,AGT-0292,2684289.6,2020-05-16,2020-06-19,125261.72,Pending,FHA,True,34,4.666475629157151
TXN-03243,LST-0015,BYR-3181,AGT-0016,1738080.79,2021-06-04,2021-06-20,90036.16,Pending,FHA,True,16,5.180205691129007
TXN-03244,LST-4812,BYR-1611,AGT-0193,2313292.61,2024-04-03,2024-05-01,78286.6,Pending,Cash,True,28,3.384206548777243
TXN-03245,LST-3346,BYR-0980,AGT-0201,2515658.71,2020-11-16,2020-12-21,131006.71,Completed,Cash,True,35,5.207650365259603
TXN-03246,LST-5698,BYR-1718,AGT-0109,2125880.42,2020-08-28,2020-10-06,105934.48,Pending,Cash,True,39,4.98308743066555
TXN-03247,LST-0578,BYR-3222,AGT-0137,2284383.82,2024-01-24,2024-02-19,78407.66,Pending,Cash,False,26,3.432333013109855
TXN-03248,LST-4568,BYR-2429,AGT-0052,1529467.8,2023-05-17,2023-06-12,73440.13,Completed,Conventional,True,26,4.801678727724768
TXN-03249,LST-0235,BYR-1282,AGT-0228,1160500.56,2022-09-29,2022-10-22,58516.58,Cancelled,Cash,False,23,5.042356894683446
TXN-03250,LST-5951,BYR-1987,AGT-0295,663856.31,2020-12-29,2021-01-23,37912.17,Completed,Jumbo,False,25,5.7108999988265525
TXN-03251,LST-2341,BYR-3426,AGT-0050,2388947.37,2021-04-04,2021-05-09,132290.12,Completed,VA,True,35,5.537590390699984
TXN-03252,LST-1349,BYR-1806,AGT-0013,197771.65,2022-05-29,2022-06-17,9100.94,Cancelled,Conventional,True,19,4.601741452832092
TXN-03253,LST-2628,BYR-2521,AGT-0093,511541.89,2020-09-29,2020-10-27,16713.23,Completed,Jumbo,True,28,3.267226072140446
TXN-03254,LST-5956,BYR-0382,AGT-0113,2021013.53,2020-10-20,2020-11-11,118496.86,Pending,Jumbo,True,22,5.8632393223018155
TXN-03255,LST-3350,BYR-2103,AGT-0074,976179.0,2022-04-28,2022-06-08,38358.32,Cancelled,Conventional,False,41,3.9294350728708562
TXN-03256,LST-3322,BYR-3149,AGT-0129,1772692.73,2024-01-21,2024-03-03,93485.65,Cancelled,Cash,False,42,5.27365224767408
TXN-03257,LST-1347,BYR-1684,AGT-0125,1684508.27,2021-02-20,2021-03-19,57868.37,Pending,FHA,True,27,3.4353271533656526
TXN-03258,LST-2766,BYR-2416,AGT-0057,651023.77,2021-09-02,2021-10-14,19489.24,Pending,Conventional,True,42,2.993629556721101
TXN-03259,LST-3475,BYR-1446,AGT-0072,1492892.36,2022-12-06,2023-01-13,89192.22,Cancelled,VA,False,38,5.974457528873682
TXN-03260,LST-0830,BYR-1691,AGT-0134,1698539.24,2021-01-31,2021-02-20,86272.19,Pending,Cash,True,20,5.079199112291336
TXN-03261,LST-4689,BYR-2434,AGT-0190,2578340.26,2021-07-13,2021-08-27,76291.76,Pending,Conventional,True,45,2.958948482618039
TXN-03262,LST-3878,BYR-1174,AGT-0151,787538.3,2020-08-17,2020-09-24,28174.1,Cancelled,Conventional,True,38,3.577489501145531
TXN-03263,LST-0331,BYR-0516,AGT-0105,2058690.11,2023-03-22,2023-04-26,121802.97,Cancelled,Cash,False,35,5.916527670111554
TXN-03264,LST-1876,BYR-3427,AGT-0240,559257.15,2022-03-15,2022-04-05,25777.87,Pending,Cash,True,21,4.609305397347177
TXN-03265,LST-4263,BYR-3161,AGT-0103,2319707.84,2023-03-14,2023-04-21,98898.51,Cancelled,Cash,True,38,4.263403705183839
TXN-03266,LST-5930,BYR-3129,AGT-0055,377237.47,2020-03-05,2020-04-15,22238.73,Cancelled,Conventional,True,41,5.895154052432808
TXN-03267,LST-0086,BYR-3317,AGT-0021,828482.82,2024-07-06,2024-08-01,40419.2,Completed,Conventional,True,26,4.8787010453638615
TXN-03268,LST-5881,BYR-2676,AGT-0024,1853359.79,2024-07-20,2024-08-05,80623.79,Pending,Jumbo,True,16,4.3501423973377555
TXN-03269,LST-4431,BYR-0096,AGT-0211,1893994.89,2021-09-13,2021-10-12,111018.09,Cancelled,Conventional,True,29,5.861583396352247
TXN-03271,LST-2679,BYR-1485,AGT-0212,514853.85,2021-07-21,2021-08-19,13181.79,Pending,Conventional,True,29,2.5602974514029566
TXN-03272,LST-3305,BYR-2689,AGT-0026,677964.52,2023-01-29,2023-03-10,22877.55,Pending,USDA,True,40,3.374446497583679
TXN-03273,LST-0773,BYR-2128,AGT-0128,827972.08,2020-11-02,2020-12-02,33148.69,Pending,Cash,True,30,4.003599976462975
TXN-03274,LST-5916,BYR-1578,AGT-0038,1139258.95,2022-06-09,2022-06-25,42246.98,Cancelled,Conventional,True,16,3.7082859871322498
TXN-03275,LST-4329,BYR-0176,AGT-0025,2127642.88,2022-05-15,2022-06-25,66863.33,Cancelled,Conventional,True,41,3.1426011681058053
TXN-03276,LST-0233,BYR-0967,AGT-0210,2297357.05,2023-09-07,2023-10-20,90220.65,Cancelled,Cash,False,43,3.927149678366278
TXN-03277,LST-5835,BYR-2807,AGT-0200,318729.25,2023-07-13,2023-08-07,9721.56,Cancelled,Conventional,True,25,3.0500997319825527
TXN-03278,LST-0614,BYR-1706,AGT-0181,1889169.07,2021-03-26,2021-05-01,99113.14,Pending,FHA,True,36,5.2463880323850525
TXN-03279,LST-2130,BYR-2283,AGT-0156,1530999.57,2020-05-30,2020-06-27,73835.49,Completed,Conventional,False,28,4.8226982846246
TXN-03280,LST-4087,BYR-0456,AGT-0131,1141453.05,2021-11-12,2021-12-09,31787.75,Cancelled,Jumbo,False,27,2.784849538927597
TXN-03281,LST-3843,BYR-1454,AGT-0202,1110225.23,2021-09-04,2021-10-19,38086.19,Pending,Cash,True,45,3.4304922074235336
TXN-03282,LST-1394,BYR-3853,AGT-0237,225467.97,2023-02-10,2023-03-19,10485.63,Pending,FHA,True,37,4.65060735677888
TXN-03283,LST-0176,BYR-0752,AGT-0262,1324790.96,2023-10-04,2023-11-16,38519.0,Pending,Conventional,True,43,2.9075530527472804
TXN-03284,LST-1457,BYR-2709,AGT-0206,2177122.17,2023-09-23,2023-10-11,126203.45,Cancelled,Cash,True,18,5.796801472101127
TXN-03285,LST-2154,BYR-1923,AGT-0004,1686723.62,2022-01-15,2022-02-12,57156.49,Unknown,Cash,True,28,3.3886102810370313
TXN-03286,LST-1988,BYR-0696,AGT-0107,524667.35,2022-12-06,2023-01-02,20145.86,Cancelled,Cash,True,27,3.8397395988143725
TXN-03287,LST-2690,BYR-2006,AGT-0038,2274430.29,2022-11-11,2022-12-04,70415.72,Cancelled,Cash,True,23,3.095971782894256
TXN-03288,LST-1777,BYR-2881,AGT-0021,2481339.76,2021-12-07,2022-01-12,133610.58,Completed,Conventional,False,36,5.384614479397211
TXN-03289,LST-3420,BYR-0045,AGT-0215,1323378.96,2024-04-12,2024-05-14,44135.11,Pending,FHA,True,32,3.3350318641910404
TXN-03291,LST-4562,BYR-2737,AGT-0290,1575622.91,2023-08-27,2023-10-09,91878.86,Cancelled,Cash,True,43,5.831272153817565
TXN-03292,LST-1364,BYR-0128,AGT-0005,654413.9,2021-09-25,2021-11-04,25346.23,Unknown,Cash,True,40,3.8731191375977803
TXN-03293,LST-4910,BYR-0225,AGT-0138,485600.98,2022-06-19,2022-07-26,22513.34,Completed,Conventional,False,37,4.636180923687593
TXN-03294,LST-5432,BYR-0115,AGT-0154,1298594.31,2024-01-05,2024-02-14,54660.05,Pending,Conventional,True,40,4.209170606946522
TXN-03295,LST-3219,BYR-0773,AGT-0111,2414451.52,2021-08-03,2021-08-30,94146.97,Pending,Cash,True,27,3.899310846382204
TXN-03296,LST-0287,BYR-2504,AGT-0148,2152764.54,2024-09-15,2024-10-19,55537.84,Cancelled,Conventional,True,34,2.5798381090019253
TXN-03297,LST-5084,BYR-3647,AGT-0202,1211699.73,2024-04-29,2024-06-12,41149.02,Completed,Conventional,True,44,3.395975007768633
TXN-03298,LST-5964,BYR-2925,AGT-0292,2036780.67,2022-02-20,2022-03-29,112225.95,Cancelled,Conventional,True,37,5.5099673545114705
TXN-03299,LST-5737,BYR-0795,AGT-0024,1408622.14,2022-05-18,2022-06-17,63205.68,Completed,USDA,True,30,4.48705711809982
TXN-03300,LST-1645,BYR-1527,AGT-0008,282717.31,2021-07-05,2021-07-20,13940.18,Pending,Cash,False,15,4.930784040071689
TXN-03301,LST-3794,BYR-2132,AGT-0210,1230582.52,2020-10-02,2020-11-05,36918.56,Cancelled,FHA,True,34,3.000088120868156
TXN-03302,LST-2765,BYR-3075,AGT-0137,347651.39,2023-06-18,2023-07-08,8920.81,Pending,FHA,False,20,2.5660216690058393
TXN-03303,LST-3879,BYR-2012,AGT-0205,2290588.46,2023-07-30,2023-09-02,74242.91,Pending,FHA,True,34,3.2412155782885597
TXN-03304,LST-3454,BYR-2378,AGT-0073,1900866.32,2021-11-13,2021-12-22,54282.21,Cancelled,Conventional,True,39,2.855656361989727
TXN-03305,LST-0036,BYR-3011,AGT-0069,1762515.4,2021-12-29,2022-01-13,87748.02,Cancelled,FHA,False,15,4.978567563154343
TXN-03306,LST-0072,BYR-0505,AGT-0180,339846.17,2022-07-12,2022-08-25,15365.29,Completed,Cash,True,44,4.521248540185108
TXN-03307,LST-3555,BYR-2622,AGT-0116,448162.43,2023-08-01,2023-08-21,21998.15,Pending,FHA,False,20,4.908521671484154
TXN-03308,LST-4877,BYR-0137,AGT-0048,2043246.51,2023-06-27,2023-07-18,65251.7,Pending,FHA,True,21,3.193530476163642
TXN-03309,LST-5404,BYR-1556,AGT-0030,221486.38,2023-11-29,2023-12-21,5956.35,Completed,VA,True,22,2.6892624277844988
TXN-03310,LST-4225,BYR-3571,AGT-0049,2689376.73,2022-06-15,2022-07-09,80816.35,Pending,Conventional,True,24,3.0050215389496584
TXN-03311,LST-1796,BYR-0250,AGT-0062,1447987.16,2021-04-06,2021-05-06,46244.63,Cancelled,Conventional,True,30,3.1937182371147546
TXN-03312,LST-2961,BYR-1914,AGT-0241,1111979.89,2022-01-23,2022-03-05,34184.36,Pending,Cash,True,41,3.0741886887900467
TXN-03313,LST-0168,BYR-2148,AGT-0223,2348083.59,2022-09-24,2022-10-22,73661.75,Completed,VA,False,28,3.1371008389015658
TXN-03314,LST-5282,BYR-0987,AGT-0193,1908751.83,2022-01-17,2022-02-14,87818.35,Cancelled,Conventional,False,28,4.600825975370512
TXN-03315,LST-0827,BYR-0798,AGT-0273,643026.91,2023-09-23,2023-10-21,21936.53,Cancelled,Conventional,True,28,3.41144820828727
TXN-03316,LST-3820,BYR-1201,AGT-0045,2172273.61,2021-08-10,2021-09-10,86981.16,Completed,VA,True,31,4.004153049578318
TXN-03317,LST-0561,BYR-3688,AGT-0139,1985196.6,2020-12-29,2021-01-27,100956.92,Completed,Cash,True,29,5.08548725098562
TXN-03318,LST-3223,BYR-2162,AGT-0220,1237912.39,2020-11-19,2020-12-24,34234.88,Completed,USDA,True,35,2.765533350869846
TXN-03319,LST-2752,BYR-1070,AGT-0278,1392331.9,2022-07-11,2022-07-28,57590.48,Completed,Conventional,True,17,4.136260901585319
TXN-03320,LST-5295,BYR-1000,AGT-0130,1589812.68,2020-03-09,2020-04-05,68367.37,Completed,FHA,True,27,4.300341220073801
TXN-03321,LST-4658,BYR-2957,AGT-0242,2261141.9,2022-11-14,2022-12-04,88397.79,Cancelled,USDA,True,20,3.9094313364411137
TXN-03322,LST-3107,BYR-2506,AGT-0176,1106119.46,2023-09-04,2023-09-20,35211.06,Cancelled,Conventional,True,16,3.1832963141250588
TXN-03323,LST-0204,BYR-3162,AGT-0234,2134620.93,2022-09-11,2022-10-01,95108.58,Completed,Conventional,True,20,4.455525506348333
TXN-03324,LST-2299,BYR-2300,AGT-0297,467256.33,2022-09-17,2022-10-21,16812.62,Pending,Cash,True,34,3.5981577820465267
TXN-03325,LST-0132,BYR-0234,AGT-0100,520820.75,2021-09-27,2021-10-18,22586.06,Cancelled,FHA,True,21,4.336628292939557
TXN-03326,LST-5736,BYR-1241,AGT-0209,370755.06,2021-07-25,2021-09-07,16449.5,Cancelled,Cash,True,44,4.436756709402698
TXN-03327,LST-0269,BYR-0334,AGT-0068,2262249.66,2024-04-12,2024-05-06,102614.11,Pending,Jumbo,True,24,4.535932165860067
TXN-03328,LST-5384,BYR-3064,AGT-0126,1988369.87,2021-07-18,2021-08-22,70970.65,Completed,Conventional,True,35,3.5692881425526726
TXN-03329,LST-0825,BYR-3245,AGT-0034,2137008.35,2020-09-08,2020-10-02,114541.17,Cancelled,Conventional,True,24,5.359884064093619
TXN-03330,LST-0317,BYR-0137,AGT-0116,1689350.14,2022-05-16,2022-06-28,48125.79,Unknown,FHA,False,43,2.8487753284822297
TXN-03331,LST-2522,BYR-2871,AGT-0135,1017376.04,2022-02-20,2022-03-21,53050.1,Pending,Conventional,True,29,5.214404302267625
TXN-03332,LST-0594,BYR-3519,AGT-0087,2650369.97,2022-12-23,2023-01-18,147921.63,Unknown,FHA,True,26,5.581169107496339
TXN-03333,LST-3573,BYR-3118,AGT-0288,757480.17,2023-08-16,2023-09-29,30345.93,Completed,FHA,False,44,4.006168240681469
TXN-03334,LST-2294,BYR-0923,AGT-0011,921211.64,2021-12-04,2022-01-06,34590.98,Completed,Conventional,True,33,3.7549438693588373
TXN-03335,LST-3747,BYR-1964,AGT-0053,1480404.93,2022-07-02,2022-07-23,81364.06,Cancelled,Jumbo,False,21,5.496067890019794
TXN-03336,LST-1876,BYR-0065,AGT-0155,534752.2,2021-10-08,2021-10-27,31690.69,Cancelled,FHA,True,19,5.926238358626669
TXN-03337,LST-5465,BYR-1119,AGT-0126,1386370.62,2020-09-10,2020-10-13,72814.21,Cancelled,Conventional,True,33,5.252146067550104
TXN-03338,LST-4530,BYR-0282,AGT-0189,1139839.4,2022-10-19,2022-11-05,62668.26,Unknown,Conventional,True,17,5.497990330918549
TXN-03339,LST-2377,BYR-2115,AGT-0199,1690453.17,2024-05-13,2024-06-12,47234.23,Completed,Cash,True,30,2.7941755996707087
TXN-03340,LST-5439,BYR-2850,AGT-0093,2189966.02,2020-11-18,2020-12-23,85982.8,Pending,Cash,True,35,3.9262161702399387
TXN-03341,LST-0194,BYR-0816,AGT-0080,819422.52,2022-10-15,2022-10-30,46943.95,Completed,Conventional,True,15,5.728906498688857
TXN-03342,LST-5979,BYR-0036,AGT-0030,2563148.66,2021-09-24,2021-10-31,78221.19,Pending,Conventional,False,37,3.051761734334988
TXN-03343,LST-4775,BYR-1349,AGT-0154,2127391.79,2022-05-17,2022-06-25,101762.11,Pending,Conventional,True,39,4.783421205174436
TXN-03344,LST-4001,BYR-0885,AGT-0107,2514872.11,2024-09-12,2024-10-24,109244.63,Pending,Conventional,True,42,4.343943756249299
TXN-03345,LST-2725,BYR-3602,AGT-0245,898839.74,2019-12-08,2020-01-09,31481.31,Pending,FHA,True,32,3.502438599343639
TXN-03346,LST-3170,BYR-2629,AGT-0082,685414.96,2024-11-10,2024-12-09,18737.36,Cancelled,FHA,True,29,2.73372498318391
TXN-03347,LST-0525,BYR-2774,AGT-0192,1647270.98,2024-08-27,2024-09-26,97297.56,Cancelled,Cash,True,30,5.906591033370842
TXN-03348,LST-2624,BYR-2893,AGT-0094,2794977.96,2021-12-06,2021-12-31,84230.76,Completed,FHA,True,25,3.013646662172606
TXN-03349,LST-1693,BYR-1442,AGT-0184,2454021.76,2023-10-19,2023-11-29,98809.07,Pending,FHA,True,41,4.026413767415005
TXN-03350,LST-3702,BYR-2507,AGT-0072,1217992.63,2021-10-04,2021-10-31,63543.32,Pending,Conventional,True,27,5.217052914351378
TXN-03351,LST-1042,BYR-2245,AGT-0102,790634.02,2022-11-11,2022-12-12,24989.39,Completed,Conventional,True,31,3.1606773004784183
TXN-03352,LST-3701,BYR-2405,AGT-0007,310924.19,2022-07-02,2022-07-17,10202.87,Pending,Conventional,True,15,3.2814654916364017
TXN-03353,LST-4999,BYR-1270,AGT-0192,1969799.68,2021-05-17,2021-06-29,62493.05,Cancelled,Conventional,False,43,3.172558643120503
TXN-03354,LST-3451,BYR-2031,AGT-0142,256506.01,2020-09-24,2020-11-02,10520.69,Pending,Conventional,True,39,4.101537425965185
TXN-03355,LST-2481,BYR-1294,AGT-0111,352658.88,2024-02-05,2024-03-15,13230.22,Unknown,FHA,True,39,3.751562983470032
TXN-03356,LST-2803,BYR-2209,AGT-0152,765757.14,2024-07-10,2024-08-09,28710.41,Pending,Conventional,True,30,3.749284009287853
TXN-03357,LST-4003,BYR-3687,AGT-0096,1884057.15,2022-07-26,2022-08-22,95699.99,Completed,Cash,True,27,5.079463221166089
TXN-03358,LST-0712,BYR-0630,AGT-0098,1893098.46,2021-11-08,2021-12-04,100202.66,Completed,Conventional,False,26,5.293050631925399
TXN-03359,LST-0382,BYR-3517,AGT-0203,817113.65,2023-05-18,2023-06-21,34314.04,Completed,Conventional,True,34,4.199420729295123
TXN-03360,LST-4402,BYR-2296,AGT-0300,1370608.4,2021-06-15,2021-07-15,37309.98,Cancelled,VA,True,30,2.7221473325276575
TXN-03361,LST-0702,BYR-0353,AGT-0226,219147.38,2021-07-04,2021-07-28,8951.78,Cancelled,VA,False,24,4.084821821734762
TXN-03362,LST-0159,BYR-2343,AGT-0081,1086372.06,2020-05-10,2020-06-03,53384.43,Pending,FHA,True,24,4.914009846681807
TXN-03363,LST-5639,BYR-2426,AGT-0281,2066251.52,2024-02-14,2024-03-05,65083.33,Pending,Cash,True,20,3.1498261160383803
TXN-03364,LST-3513,BYR-2780,AGT-0270,463074.38,2021-03-18,2021-05-02,20136.84,Cancelled,Conventional,True,45,4.34851092388225
TXN-03365,LST-1000,BYR-3733,AGT-0221,1129707.14,2022-06-27,2022-07-20,42128.73,Cancelled,VA,False,23,3.729172677442758
TXN-03366,LST-3340,BYR-3386,AGT-0063,1012915.85,2024-05-04,2024-06-13,57332.6,Cancelled,Jumbo,True,40,5.660154296134274
TXN-03367,LST-0502,BYR-2619,AGT-0021,2228544.91,2023-06-17,2023-07-23,57091.08,Pending,VA,True,36,2.5618097146626493
TXN-03368,LST-1777,BYR-0547,AGT-0156,2660660.97,2021-08-07,2021-08-29,95025.53,Completed,Cash,True,22,3.571500881602363
TXN-03369,LST-1862,BYR-3047,AGT-0271,2157543.28,2022-05-25,2022-06-09,127915.96,Cancelled,FHA,True,15,5.9287784020721945
TXN-03370,LST-4601,BYR-2058,AGT-0072,385868.56,2020-05-26,2020-06-22,17064.23,Pending,Conventional,True,27,4.42229084432274
TXN-03371,LST-5619,BYR-1594,AGT-0122,1857179.92,2024-07-22,2024-08-14,69985.63,Pending,VA,True,23,3.768381794694399
TXN-03372,LST-5830,BYR-2666,AGT-0201,1560328.49,2024-01-22,2024-02-19,39561.05,Unknown,Conventional,True,28,2.5354308566140458
TXN-03373,LST-4506,BYR-2340,AGT-0277,2526702.96,2024-05-25,2024-06-28,122136.94,Completed,Cash,True,34,4.833846397203731
TXN-03374,LST-5727,BYR-1328,AGT-0215,2643277.47,2024-07-03,2024-07-24,106892.62,Completed,USDA,True,21,4.043942462082877
TXN-03375,LST-3954,BYR-1935,AGT-0146,1845896.31,2024-11-26,2024-12-20,47004.13,Cancelled,VA,False,24,2.546412262994339
TXN-03376,LST-3624,BYR-2180,AGT-0238,469384.51,2022-04-08,2022-05-02,19598.0,Cancelled,Conventional,True,24,4.175254952490869
TXN-03377,LST-1347,BYR-2120,AGT-0163,1757008.37,2020-10-10,2020-10-29,86480.06,Pending,Cash,False,19,4.92200614843969
TXN-03378,LST-4674,BYR-2470,AGT-0040,2895744.76,2020-04-08,2020-05-01,150252.19,Completed,Conventional,False,23,5.188723539294258
TXN-03379,LST-4201,BYR-3442,AGT-0281,2834213.37,2023-12-21,2024-01-27,93510.26,Pending,Jumbo,True,37,3.2993373395878094
TXN-03380,LST-4502,BYR-2163,AGT-0232,1894085.56,2023-07-12,2023-08-01,83722.51,Cancelled,Conventional,True,20,4.420207395488512
TXN-03381,LST-3069,BYR-3671,AGT-0082,230532.7,2023-12-25,2024-02-06,13244.7,Cancelled,Cash,True,43,5.7452586986575005
TXN-03382,LST-4017,BYR-3395,AGT-0215,2060551.65,2020-12-09,2021-01-23,77254.22,Cancelled,Jumbo,False,45,3.749200851141004
TXN-03383,LST-2570,BYR-1660,AGT-0128,1717238.54,2024-02-28,2024-03-21,50011.73,Completed,Conventional,True,22,2.9123344739281243
TXN-03384,LST-1437,BYR-3628,AGT-0034,2123953.08,2024-07-27,2024-08-22,84859.97,Unknown,FHA,True,26,3.995378749138846
TXN-03385,LST-1003,BYR-3438,AGT-0189,1383376.23,2020-09-11,2020-10-21,72892.94,Cancelled,FHA,True,40,5.269205760460407
TXN-03386,LST-5603,BYR-2358,AGT-0142,512579.08,2021-04-10,2021-05-06,18817.88,Pending,Conventional,True,26,3.671214985988113
TXN-03387,LST-2913,BYR-1933,AGT-0144,298893.45,2020-09-13,2020-10-09,15092.93,Pending,FHA,True,26,5.049602124101415
TXN-03388,LST-2548,BYR-3995,AGT-0114,856580.36,2022-02-02,2022-02-19,42446.96,Unknown,Conventional,True,17,4.955397296291034
TXN-03389,LST-5641,BYR-0101,AGT-0001,2043284.47,2024-07-16,2024-08-09,96678.82,Completed,Cash,True,24,4.7315399015390165
TXN-03390,LST-3066,BYR-1377,AGT-0120,1626891.15,2020-11-04,2020-11-25,51358.37,Pending,USDA,True,21,3.156841193708627
TXN-03391,LST-0322,BYR-2668,AGT-0167,699264.55,2020-09-10,2020-10-09,37417.31,Completed,Conventional,False,29,5.35095193943408
TXN-03392,LST-3895,BYR-2112,AGT-0077,304895.88,2021-10-27,2021-11-14,18109.75,Completed,Conventional,True,18,5.939650611218492
TXN-03393,LST-1111,BYR-3487,AGT-0147,1202000.35,2022-03-07,2022-04-12,71142.46,Cancelled,VA,True,36,5.918672153464847
TXN-03394,LST-0204,BYR-2141,AGT-0183,2248554.11,2022-10-03,2022-11-14,68170.41,Pending,VA,False,42,3.0317442527544958
TXN-03395,LST-3776,BYR-2230,AGT-0282,1723891.35,2022-06-13,2022-07-17,60816.03,Completed,Conventional,True,34,3.527834280275262
TXN-03396,LST-5570,BYR-0315,AGT-0220,2452190.9,2024-05-14,2024-06-24,80781.27,Cancelled,FHA,True,41,3.294248828669905
TXN-03397,LST-1991,BYR-1316,AGT-0265,1718642.8,2022-12-28,2023-01-22,57696.62,Completed,Conventional,True,25,3.3571036401514034
TXN-03398,LST-3368,BYR-0324,AGT-0001,1965541.15,2020-05-01,2020-05-24,108398.1,Cancelled,Conventional,False,23,5.514923968902916
TXN-03399,LST-0235,BYR-1971,AGT-0271,1181696.08,2022-11-14,2022-12-02,37602.16,Pending,FHA,True,18,3.182049990383314
TXN-03400,LST-3103,BYR-3002,AGT-0013,1916462.02,2023-07-11,2023-08-15,91319.09,Completed,Conventional,False,35,4.7649830284661725
TXN-03401,LST-4356,BYR-2806,AGT-0154,2093892.11,2020-06-06,2020-07-21,73765.02,Completed,Conventional,True,45,3.5228663238050024
TXN-03402,LST-3118,BYR-2551,AGT-0006,1503132.99,2020-07-10,2020-08-07,78344.86,Completed,Conventional,False,28,5.21210435278917
TXN-03403,LST-0195,BYR-3474,AGT-0071,1275748.0,2022-06-07,2022-06-26,76124.42,Completed,Conventional,True,19,5.967042080410865
TXN-03404,LST-2606,BYR-1665,AGT-0269,2591732.41,2024-09-04,2024-10-13,68944.1,Cancelled,Conventional,False,39,2.6601550273471326
TXN-03405,LST-3002,BYR-2826,AGT-0087,1045740.83,2021-01-07,2021-02-01,34893.77,Completed,Conventional,True,25,3.336751229269684
TXN-03406,LST-5872,BYR-0510,AGT-0134,1707960.76,2020-05-17,2020-06-02,74637.67,Pending,Conventional,True,16,4.3699873994763205
TXN-03407,LST-5285,BYR-2904,AGT-0141,2894304.45,2024-04-10,2024-05-20,141577.08,Completed,Conventional,True,40,4.8915752453063455
TXN-03408,LST-2130,BYR-0992,AGT-0180,1551445.09,2020-03-14,2020-04-15,85880.57,Cancelled,Jumbo,False,32,5.5355210798984835
TXN-03409,LST-0969,BYR-1402,AGT-0265,2037744.01,2021-09-24,2021-10-31,81183.41,Completed,Conventional,False,37,3.983984720436008
TXN-03410,LST-4899,BYR-2623,AGT-0146,1599641.63,2023-10-28,2023-12-05,89398.89,Completed,Conventional,True,38,5.58868238506646
TXN-03411,LST-2924,BYR-1747,AGT-0142,758681.54,2021-03-10,2021-04-07,41188.15,Cancelled,Conventional,True,28,5.428911582585758
TXN-03414,LST-3968,BYR-1336,AGT-0021,1942086.19,2022-03-24,2022-04-10,85148.15,Cancelled,Conventional,True,17,4.38436514498875
TXN-03415,LST-5428,BYR-3234,AGT-0105,1605048.52,2021-02-04,2021-03-01,69210.47,Cancelled,FHA,True,25,4.312048460690772
TXN-03416,LST-1665,BYR-2859,AGT-0060,1078859.04,2021-08-17,2021-09-14,33508.72,Cancelled,Cash,True,28,3.105940512858844
TXN-03417,LST-2143,BYR-0063,AGT-0045,2020935.88,2024-04-18,2024-05-09,84336.28,Pending,Jumbo,True,21,4.1731299263190875
TXN-03418,LST-3085,BYR-3556,AGT-0019,1952103.03,2021-12-19,2022-01-20,73183.61,Pending,Conventional,True,32,3.748962471514631
TXN-03419,LST-2947,BYR-0363,AGT-0216,2621155.4,2024-02-25,2024-03-16,96335.45,Cancelled,Conventional,True,20,3.6753047911619436
TXN-03420,LST-4009,BYR-2899,AGT-0055,1426583.72,2023-05-24,2023-07-01,84452.23,Cancelled,VA,True,38,5.919893015462142
TXN-03421,LST-2420,BYR-0172,AGT-0070,2133713.33,2023-10-22,2023-11-17,117355.77,Pending,Conventional,True,26,5.50007202701405
TXN-03422,LST-0669,BYR-2229,AGT-0258,442645.5,2021-05-03,2021-06-02,15165.65,Pending,Jumbo,True,30,3.4261389757718086
TXN-03423,LST-4325,BYR-0638,AGT-0169,1200861.43,2021-07-22,2021-09-02,70695.63,Cancelled,Cash,True,42,5.8870764131378595
TXN-03424,LST-3307,BYR-3036,AGT-0144,2531265.68,2023-01-06,2023-02-10,115158.02,Cancelled,Conventional,False,35,4.549424460256578
TXN-03425,LST-5148,BYR-1350,AGT-0269,1514479.66,2023-10-06,2023-11-03,81285.8,Cancelled,Conventional,False,28,5.367242766403348
TXN-03426,LST-1042,BYR-1169,AGT-0273,814276.05,2022-08-29,2022-09-25,48237.78,Cancelled,Cash,True,27,5.924008203360518
TXN-03427,LST-3353,BYR-1542,AGT-0165,2176590.59,2020-03-09,2020-03-28,55553.53,Completed,USDA,True,19,2.5523187619771894
TXN-03428,LST-2442,BYR-1198,AGT-0144,1049022.01,2021-08-26,2021-09-12,27204.21,Pending,Conventional,True,17,2.59329258496683
TXN-03429,LST-2780,BYR-1539,AGT-0091,1097435.09,2023-07-13,2023-08-05,28064.39,Completed,FHA,False,23,2.5572710637492007
TXN-03430,LST-5591,BYR-3888,AGT-0183,1064557.69,2020-10-15,2020-11-23,34066.89,Completed,Conventional,True,39,3.2000980613835965
TXN-03431,LST-3390,BYR-1352,AGT-0186,2272067.86,2023-12-15,2024-01-21,111233.23,Completed,Conventional,True,37,4.89568256117139
TXN-03432,LST-4477,BYR-1923,AGT-0274,208095.55,2022-07-19,2022-08-20,5259.27,Cancelled,Conventional,False,32,2.5273341981604127
TXN-03433,LST-4965,BYR-3622,AGT-0119,468041.92,2021-12-16,2022-01-02,19942.94,Completed,Conventional,True,17,4.2609303029950825
TXN-03434,LST-5822,BYR-0679,AGT-0194,1799365.49,2024-05-24,2024-07-02,77635.67,Cancelled,Conventional,True,39,4.314613703078189
TXN-03435,LST-2620,BYR-3981,AGT-0062,717035.31,2021-12-31,2022-02-03,32557.04,Completed,Conventional,True,34,4.540507217141092
TXN-03436,LST-1327,BYR-0650,AGT-0085,2469271.85,2023-03-11,2023-04-09,110730.43,Cancelled,Cash,True,29,4.484335331486486
TXN-03437,LST-4692,BYR-0262,AGT-0226,2198360.06,2020-06-11,2020-07-18,74730.06,Cancelled,Conventional,True,37,3.3993548809288314
TXN-03438,LST-5419,BYR-3827,AGT-0217,2403716.77,2024-01-18,2024-02-11,108005.73,Completed,Conventional,True,24,4.493280212876328
TXN-03439,LST-2709,BYR-0782,AGT-0032,933012.48,2024-08-14,2024-09-23,36629.85,Completed,Conventional,True,40,3.925976424238184
TXN-03440,LST-1200,BYR-1038,AGT-0235,145757.37,2022-06-27,2022-07-31,6078.2,Unknown,Conventional,True,34,4.170080730737664
TXN-03441,LST-2690,BYR-2807,AGT-0114,2075112.48,2022-10-29,2022-12-13,95713.55,Cancelled,Conventional,False,45,4.612451176622484
TXN-03442,LST-0372,BYR-3924,AGT-0285,1206258.95,2021-02-25,2021-03-14,42326.1,Pending,Conventional,True,17,3.508873447115149
TXN-03444,LST-4266,BYR-2051,AGT-0041,696082.75,2023-05-05,2023-06-18,27859.97,Cancelled,Conventional,False,44,4.002393393601551
TXN-03445,LST-1309,BYR-3186,AGT-0007,976727.99,2022-11-26,2022-12-14,34225.9,Completed,Conventional,True,18,3.504138342549188
TXN-03446,LST-4847,BYR-3401,AGT-0236,1719690.4,2023-01-17,2023-02-23,65421.45,Unknown,Jumbo,True,37,3.804257440757941
TXN-03447,LST-0925,BYR-3543,AGT-0196,2008172.59,2021-06-02,2021-07-12,79037.63,Pending,Cash,True,40,3.935798665591786
TXN-03448,LST-4184,BYR-2544,AGT-0206,3071329.08,2024-10-11,2024-11-01,160055.45,Cancelled,FHA,False,21,5.2112764809949965
TXN-03449,LST-3536,BYR-3961,AGT-0126,702290.66,2020-07-08,2020-07-28,27014.57,Completed,VA,False,20,3.846636661806096
TXN-03450,LST-2030,BYR-2319,AGT-0265,958862.35,2023-04-17,2023-05-28,46398.41,Cancelled,Conventional,False,41,4.838902059299753
TXN-03451,LST-2123,BYR-3569,AGT-0148,1906404.94,2021-02-04,2021-02-26,57284.44,Cancelled,VA,True,22,3.004841143561032
TXN-03452,LST-0291,BYR-0961,AGT-0002,420637.93,2023-07-07,2023-08-02,18150.48,Pending,VA,True,26,4.314988902688828
TXN-03453,LST-1407,BYR-0885,AGT-0080,511322.56,2024-02-17,2024-03-29,27285.59,Completed,FHA,True,41,5.336277358855435
TXN-03454,LST-1372,BYR-0919,AGT-0081,1306034.78,2021-04-25,2021-05-27,36566.92,Completed,Jumbo,False,32,2.7998427423196186
TXN-03455,LST-4519,BYR-0888,AGT-0198,977949.6,2022-01-25,2022-02-22,55324.51,Cancelled,Cash,True,28,5.657194399384181
TXN-03456,LST-2431,BYR-1663,AGT-0170,1161653.9,2021-06-24,2021-07-27,60739.08,Unknown,Jumbo,True,33,5.228672670922037
TXN-03457,LST-3679,BYR-1637,AGT-0211,540955.96,2021-04-30,2021-05-25,16496.53,Completed,Conventional,True,25,3.0495144188817145
TXN-03458,LST-5977,BYR-2710,AGT-0008,1157127.28,2023-06-15,2023-07-30,63631.17,Completed,Cash,True,45,5.499064026906357
TXN-03459,LST-1908,BYR-0653,AGT-0180,608310.98,2024-05-30,2024-06-25,30773.79,Completed,Conventional,True,26,5.058891095472254
TXN-03460,LST-5309,BYR-0252,AGT-0058,681442.37,2020-12-24,2021-02-02,17519.09,Completed,Conventional,True,40,2.570883580367919
TXN-03461,LST-1160,BYR-1586,AGT-0234,1386474.14,2023-10-05,2023-10-28,39860.38,Cancelled,FHA,True,23,2.874945795959815
TXN-03462,LST-3334,BYR-0166,AGT-0038,806818.34,2020-08-18,2020-09-18,45520.7,Pending,Conventional,True,31,5.642001147371042
TXN-03463,LST-0361,BYR-0150,AGT-0034,2183209.56,2024-05-28,2024-06-27,85466.75,Cancelled,Cash,True,30,3.9147295599053713
TXN-03464,LST-1900,BYR-3647,AGT-0026,1919996.58,2020-12-13,2021-01-16,95672.14,Pending,VA,False,34,4.982932834182444
TXN-03465,LST-4356,BYR-3084,AGT-0004,2018807.75,2020-06-02,2020-06-19,55590.98,Completed,VA,True,17,2.753653982158529
TXN-03466,LST-4729,BYR-1336,AGT-0257,159748.01,2021-08-21,2021-09-29,6557.06,Completed,Conventional,True,39,4.10462703103469
TXN-03467,LST-2584,BYR-0545,AGT-0030,1206230.86,2023-08-24,2023-09-09,42559.93,Pending,Conventional,True,16,3.528340337769173
TXN-03468,LST-4628,BYR-3586,AGT-0010,900483.53,2023-06-23,2023-07-28,30933.27,Completed,USDA,True,35,3.435184428081655
TXN-03469,LST-0747,BYR-3071,AGT-0114,1941077.29,2021-05-18,2021-06-19,96991.39,Cancelled,Cash,True,32,4.996781452221307
TXN-03470,LST-4835,BYR-2900,AGT-0109,1353149.42,2020-05-03,2020-06-12,70137.1,Pending,Cash,True,40,5.1832487206032285
TXN-03471,LST-0806,BYR-3961,AGT-0163,1057835.95,2021-06-23,2021-08-04,42148.71,Pending,Jumbo,False,42,3.9844278311774146
TXN-03472,LST-3310,BYR-3541,AGT-0207,2154710.88,2023-07-15,2023-08-10,112910.04,Cancelled,Conventional,True,26,5.2401480425067515
TXN-03473,LST-4355,BYR-2981,AGT-0078,1520619.67,2023-01-02,2023-02-16,65732.14,Pending,Jumbo,True,45,4.322720618233224
TXN-03474,LST-2474,BYR-2526,AGT-0184,1220756.71,2022-04-13,2022-05-18,42350.79,Completed,FHA,True,35,3.4692244288380776
TXN-03475,LST-3903,BYR-1463,AGT-0166,1467742.62,2023-06-22,2023-07-11,73218.48,Pending,Conventional,True,19,4.988509497666558
TXN-03476,LST-3984,BYR-0251,AGT-0286,1543938.38,2024-03-19,2024-04-23,60805.64,Pending,VA,True,35,3.938346295918883
TXN-03478,LST-4662,BYR-3369,AGT-0178,1469584.21,2022-12-22,2023-01-12,76085.79,Pending,Cash,True,21,5.177368502074474
TXN-03479,LST-0284,BYR-3920,AGT-0293,204020.31,2022-07-10,2022-07-25,6971.2,Pending,Conventional,True,15,3.4169147179513644
TXN-03480,LST-0955,BYR-1737,AGT-0196,2236471.82,2024-02-07,2024-03-15,97921.23,Completed,Cash,False,37,4.378379782133808
TXN-03481,LST-2127,BYR-1088,AGT-0180,1109899.56,2022-03-27,2022-04-30,42837.86,Unknown,Conventional,True,34,3.8596159097495275
TXN-03482,LST-5525,BYR-2485,AGT-0117,320948.01,2024-05-05,2024-06-11,17084.15,Pending,Cash,True,37,5.323027240455549
TXN-03483,LST-4419,BYR-3219,AGT-0210,486510.43,2021-04-21,2021-05-31,25290.99,Completed,Cash,True,40,5.198447646846955
TXN-03484,LST-3001,BYR-3727,AGT-0255,325977.88,2021-07-09,2021-08-18,19546.3,Pending,VA,False,40,5.99620440503509
TXN-03485,LST-2940,BYR-2737,AGT-0064,1590687.49,2024-08-21,2024-09-12,55959.32,Completed,Conventional,True,22,3.517932991350803
TXN-03486,LST-4865,BYR-2690,AGT-0272,2244050.85,2020-12-20,2021-01-15,71399.53,Pending,VA,False,26,3.18172513782386
TXN-03487,LST-2347,BYR-2004,AGT-0021,1407211.98,2023-08-26,2023-10-01,43343.47,Completed,Conventional,False,36,3.080095295948234
TXN-03488,LST-3592,BYR-0233,AGT-0248,1116861.24,2024-11-04,2024-12-05,44606.5,Completed,Cash,True,31,3.993916021295537
TXN-03489,LST-1929,BYR-0381,AGT-0048,1592120.75,2023-08-02,2023-09-16,75552.65,Cancelled,Cash,False,45,4.745409542586515
TXN-03490,LST-0642,BYR-3832,AGT-0284,2224382.06,2023-12-06,2024-01-09,78108.66,Completed,FHA,True,34,3.511476800887344
TXN-03491,LST-1798,BYR-3523,AGT-0100,2621746.94,2023-10-30,2023-11-15,100089.72,Completed,FHA,True,16,3.8176728071245503
TXN-03492,LST-5576,BYR-3545,AGT-0104,2167760.79,2024-05-27,2024-06-14,98608.22,Pending,FHA,False,18,4.548851536335796
TXN-03493,LST-1900,BYR-2918,AGT-0133,1697462.25,2020-12-24,2021-01-26,51999.6,Pending,Conventional,True,33,3.0633729851724243
TXN-03494,LST-3129,BYR-0105,AGT-0088,1223809.78,2022-09-13,2022-10-23,39641.15,Cancelled,FHA,True,40,3.23915943865067
TXN-03495,LST-5681,BYR-2079,AGT-0079,1238198.29,2021-01-03,2021-02-10,68162.07,Pending,Conventional,True,38,5.504939762111931
TXN-03496,LST-4360,BYR-3727,AGT-0233,688186.99,2021-02-03,2021-03-06,20744.57,Cancelled,Conventional,False,31,3.014379856265519
TXN-03497,LST-0444,BYR-1769,AGT-0103,1147255.02,2021-09-04,2021-10-05,41099.59,Cancelled,Jumbo,True,31,3.5824284299056717
TXN-03498,LST-4967,BYR-1861,AGT-0250,1201106.4,2020-11-10,2020-11-27,51392.51,Completed,Cash,True,17,4.278764146123941
TXN-03499,LST-1823,BYR-1437,AGT-0178,1835382.71,2020-12-28,2021-01-29,86682.65,Pending,Cash,True,32,4.722865129311368
TXN-03500,LST-4717,BYR-2629,AGT-0054,2159275.37,2020-03-10,2020-03-27,58134.59,Cancelled,Conventional,True,17,2.6923194145450746
TXN-03501,LST-2394,BYR-1066,AGT-0217,728908.49,2023-11-21,2023-12-15,41099.2,Cancelled,Conventional,False,24,5.638458127988055
TXN-03502,LST-0419,BYR-0314,AGT-0219,741334.76,2023-04-16,2023-05-19,41188.02,Completed,Jumbo,True,33,5.555927257478118
TXN-03504,LST-2599,BYR-1372,AGT-0071,456466.75,2022-11-16,2022-12-13,25613.95,Completed,VA,True,27,5.611350662452414
TXN-03505,LST-0300,BYR-2405,AGT-0116,2923103.79,2024-03-13,2024-04-25,105947.07,Cancelled,Cash,False,43,3.6244717126517085
TXN-03506,LST-2152,BYR-2919,AGT-0214,2206072.37,2024-06-02,2024-06-20,71841.05,Pending,Conventional,True,18,3.256513747098877
TXN-03507,LST-5767,BYR-0799,AGT-0139,2161887.69,2023-10-23,2023-11-09,126072.52,Pending,Cash,True,17,5.831594332266169
TXN-03508,LST-2617,BYR-0608,AGT-0102,2972024.33,2022-01-12,2022-01-31,117449.9,Pending,Cash,False,19,3.9518485368523213
TXN-03509,LST-2828,BYR-3142,AGT-0167,2883166.06,2024-07-15,2024-08-25,138795.43,Completed,Jumbo,False,41,4.813993613673435
TXN-03510,LST-3020,BYR-1952,AGT-0152,1401467.54,2022-03-19,2022-05-02,77835.65,Pending,Conventional,False,44,5.553867483794879
TXN-03511,LST-3319,BYR-0783,AGT-0170,396215.99,2021-08-15,2021-09-19,19239.33,Cancelled,Conventional,True,35,4.8557681884570085
TXN-03512,LST-0939,BYR-2926,AGT-0166,1240768.62,2023-12-19,2024-02-02,64296.74,Completed,Cash,True,45,5.1820088744668595
TXN-03513,LST-3174,BYR-1208,AGT-0177,1196551.75,2020-04-18,2020-05-26,70473.47,Pending,Conventional,True,38,5.889713503824636
TXN-03514,LST-1834,BYR-2513,AGT-0234,889577.7,2022-04-27,2022-05-23,26612.38,Completed,Conventional,True,26,2.9915745414931156
TXN-03515,LST-1753,BYR-1548,AGT-0202,2461185.29,2024-10-29,2024-11-16,131757.89,Pending,Conventional,True,18,5.353432369978126
TXN-03516,LST-5710,BYR-1749,AGT-0158,2009140.03,2023-02-16,2023-03-18,103559.0,Cancelled,Conventional,True,30,5.154394340547781
TXN-03517,LST-3984,BYR-2105,AGT-0290,1610485.36,2024-01-15,2024-02-03,75501.09,Pending,VA,False,19,4.688095395042895
TXN-03518,LST-4302,BYR-1152,AGT-0078,2169130.87,2021-12-04,2022-01-09,128224.11,Cancelled,Conventional,True,36,5.911312764637387
TXN-03519,LST-1562,BYR-3631,AGT-0268,1380532.25,2021-08-08,2021-09-12,47760.44,Pending,Jumbo,True,35,3.45956713434257
TXN-03520,LST-5020,BYR-3073,AGT-0216,2243285.3,2021-11-22,2022-01-01,132188.93,Cancelled,Conventional,True,40,5.892649053600093
TXN-03521,LST-0553,BYR-2585,AGT-0098,2509908.41,2023-09-07,2023-09-27,125857.08,Pending,Cash,True,20,5.014409270814786
TXN-03522,LST-3707,BYR-0746,AGT-0011,1086149.28,2022-10-05,2022-11-04,36079.98,Pending,VA,True,30,3.321825154641727
TXN-03523,LST-4547,BYR-1782,AGT-0068,432711.74,2021-02-21,2021-03-31,25338.36,Unknown,VA,True,38,5.8557135519364465
TXN-03524,LST-3048,BYR-1154,AGT-0285,2164492.66,2023-08-01,2023-09-11,89787.09,Cancelled,Cash,True,41,4.1481817729980195
TXN-03526,LST-1363,BYR-0205,AGT-0231,455320.41,2021-04-07,2021-04-23,20663.85,Completed,Cash,True,16,4.53830962684058
TXN-03527,LST-3123,BYR-0572,AGT-0278,1252986.58,2021-05-10,2021-06-23,72099.61,Completed,Conventional,False,44,5.754220448234968
TXN-03528,LST-4963,BYR-1938,AGT-0054,1818655.93,2024-01-12,2024-02-25,81274.02,Cancelled,Cash,True,44,4.468905781425078
TXN-03529,LST-1745,BYR-2823,AGT-0159,1122403.15,2022-10-24,2022-11-19,36282.78,Completed,FHA,False,26,3.232597841515324
TXN-03530,LST-2878,BYR-1224,AGT-0137,2324357.68,2023-04-27,2023-05-27,109364.16,Completed,FHA,True,30,4.70513471059239
TXN-03531,LST-1465,BYR-0421,AGT-0192,1018302.7,2022-08-22,2022-09-07,46084.58,Pending,Conventional,True,16,4.525626810181295
TXN-03532,LST-3612,BYR-1086,AGT-0070,617493.42,2020-09-11,2020-10-09,17900.53,Completed,Conventional,False,28,2.8989021453864234
TXN-03533,LST-2941,BYR-1898,AGT-0189,158836.48,2022-06-02,2022-06-22,7538.49,Cancelled,Cash,False,20,4.746069668630279
TXN-03534,LST-1928,BYR-0136,AGT-0245,2097658.4,2024-02-22,2024-03-22,76261.56,Cancelled,Cash,True,29,3.635556675958297
TXN-03535,LST-5796,BYR-3743,AGT-0034,1811651.46,2021-06-12,2021-07-10,68927.29,Pending,Cash,True,28,3.8046661580257823
TXN-03537,LST-3641,BYR-3877,AGT-0005,2689664.73,2020-08-23,2020-09-12,69397.03,Pending,Conventional,True,20,2.5801368187625378
TXN-03538,LST-3278,BYR-1915,AGT-0176,2509303.25,2022-04-21,2022-05-12,69478.19,Completed,Conventional,True,21,2.7688239753405655
TXN-03539,LST-3719,BYR-1066,AGT-0046,1916561.21,2021-02-18,2021-03-07,53509.79,Pending,VA,True,17,2.7919687469830405
TXN-03540,LST-0578,BYR-2881,AGT-0286,2242596.23,2024-02-29,2024-03-17,56830.01,Pending,Cash,True,17,2.5341168971821557
TXN-03541,LST-3326,BYR-1127,AGT-0244,722220.28,2021-04-17,2021-05-06,19567.94,Cancelled,Cash,True,19,2.7094143631635488
TXN-03542,LST-2942,BYR-1071,AGT-0002,1767158.74,2021-02-09,2021-03-09,104330.47,Cancelled,Conventional,True,28,5.903853889209749
TXN-03543,LST-3405,BYR-2124,AGT-0224,487298.06,2023-12-24,2024-01-22,29041.12,Completed,VA,True,29,5.95962150967726
TXN-03544,LST-4678,BYR-2479,AGT-0190,2112924.48,2024-10-11,2024-11-10,103615.0,Completed,FHA,True,30,4.903866701378745
TXN-03545,LST-5177,BYR-2902,AGT-0073,1718039.55,2024-04-20,2024-05-07,85326.76,Cancelled,Conventional,True,17,4.966518960521019
TXN-03546,LST-5150,BYR-3272,AGT-0162,2267563.45,2022-03-17,2022-04-30,107246.16,Pending,Cash,False,44,4.729577026830274
TXN-03547,LST-2167,BYR-0645,AGT-0191,857466.55,2023-10-04,2023-11-14,26503.67,Pending,VA,True,41,3.090927570294141
TXN-03548,LST-5886,BYR-0109,AGT-0086,867783.4,2022-10-20,2022-12-01,46935.39,Pending,Conventional,True,42,5.4086526660915615
TXN-03549,LST-2754,BYR-1218,AGT-0271,1289925.61,2023-11-09,2023-12-16,72988.69,Completed,Cash,True,37,5.658364283503139
TXN-03550,LST-2179,BYR-2226,AGT-0087,690417.78,2022-02-04,2022-03-15,31418.0,Pending,Cash,True,39,4.550578057245281
TXN-03551,LST-2066,BYR-1496,AGT-0029,1923296.04,2024-05-18,2024-06-21,55424.13,Pending,VA,True,34,2.8817264137870318
TXN-03552,LST-0506,BYR-2658,AGT-0035,1382996.74,2021-03-01,2021-04-12,67034.05,Cancelled,FHA,True,42,4.84701431761871
TXN-03553,LST-3784,BYR-2326,AGT-0016,305686.14,2022-05-15,2022-06-08,12519.42,Pending,Cash,True,24,4.095514438436757
TXN-03554,LST-0685,BYR-3593,AGT-0068,1291485.95,2023-07-11,2023-08-23,52888.52,Completed,Conventional,True,43,4.095168050415105
TXN-03555,LST-5936,BYR-0914,AGT-0271,888511.95,2024-03-08,2024-03-31,31046.73,Cancelled,VA,True,23,3.4942388788355636
TXN-03556,LST-0120,BYR-3022,AGT-0205,956916.18,2020-09-27,2020-11-07,44866.67,Pending,Cash,False,41,4.688672941030216
TXN-03557,LST-0207,BYR-3282,AGT-0290,1357383.89,2022-01-09,2022-02-22,74705.02,Cancelled,Conventional,True,44,5.503602963786465
TXN-03558,LST-1904,BYR-0963,AGT-0238,556683.4,2021-11-27,2021-12-16,25135.03,Completed,Jumbo,True,19,4.515139125758016
TXN-03559,LST-0396,BYR-0572,AGT-0220,1842306.56,2020-07-05,2020-07-26,80171.8,Pending,Conventional,False,21,4.351707893826313
TXN-03560,LST-0473,BYR-3172,AGT-0120,1190568.06,2024-03-04,2024-03-22,61718.33,Cancelled,Conventional,True,18,5.183939673301835
TXN-03561,LST-2867,BYR-1284,AGT-0165,1882490.96,2020-11-09,2020-12-10,90705.63,Completed,VA,False,31,4.8183832978406445
TXN-03562,LST-4349,BYR-0895,AGT-0107,226943.19,2023-03-22,2023-04-28,10272.27,Cancelled,Conventional,True,37,4.5263618617505115
TXN-03563,LST-5888,BYR-0352,AGT-0062,2178899.92,2021-02-15,2021-03-07,64466.62,Pending,Conventional,True,20,2.9586774228712627
TXN-03564,LST-1972,BYR-0772,AGT-0074,2353640.41,2022-10-10,2022-11-11,139765.36,Pending,VA,True,32,5.938263101116622
TXN-03565,LST-3406,BYR-0209,AGT-0281,2513784.88,2022-07-21,2022-08-09,127860.13,Cancelled,Conventional,False,19,5.086359259190071
TXN-03566,LST-4441,BYR-2554,AGT-0123,1730116.85,2022-10-14,2022-11-08,47957.7,Completed,FHA,False,25,2.7719341615567754
TXN-03567,LST-5895,BYR-1061,AGT-0284,2806127.46,2020-09-11,2020-10-20,136309.22,Pending,FHA,True,39,4.857556256550086
TXN-03568,LST-5573,BYR-0851,AGT-0021,1699388.04,2021-01-24,2021-02-23,68801.61,Cancelled,Conventional,True,30,4.048610934086602
TXN-03569,LST-4738,BYR-0310,AGT-0056,891261.16,2020-08-19,2020-09-20,39387.36,Cancelled,Conventional,True,32,4.419283793315979
TXN-03570,LST-3378,BYR-3233,AGT-0225,2119040.96,2022-07-02,2022-08-07,117472.98,Completed,Conventional,False,36,5.543686139979097
TXN-03571,LST-3511,BYR-0772,AGT-0107,1613139.17,2024-08-08,2024-08-25,69205.69,Pending,Conventional,True,17,4.29012519731946
TXN-03572,LST-2479,BYR-1656,AGT-0282,455221.39,2024-01-12,2024-02-12,20912.67,Cancelled,Conventional,False,31,4.593955921095887
TXN-03573,LST-4778,BYR-0223,AGT-0072,116468.25,2023-07-20,2023-08-10,6101.94,Pending,Conventional,False,21,5.23914457373576
TXN-03574,LST-5309,BYR-0308,AGT-0254,606990.86,2020-12-08,2020-12-30,21123.47,Pending,Cash,True,22,3.4800309843215764
TXN-03575,LST-4069,BYR-2043,AGT-0299,466976.06,2020-11-17,2020-12-25,19869.61,Completed,Cash,True,38,4.25495259864071
TXN-03576,LST-4487,BYR-0463,AGT-0140,2366941.22,2021-11-13,2021-12-21,136402.83,Completed,Cash,False,38,5.762831322021591
TXN-03577,LST-3569,BYR-0498,AGT-0024,754240.98,2020-10-17,2020-11-07,39101.78,Cancelled,Conventional,True,21,5.184255567762971
TXN-03578,LST-4449,BYR-1170,AGT-0253,917884.34,2021-04-07,2021-04-29,52685.32,Pending,Conventional,False,22,5.739864785142756
TXN-03579,LST-0097,BYR-2936,AGT-0107,1593637.21,2020-10-04,2020-11-15,85188.3,Pending,FHA,False,42,5.345526539255443
TXN-03580,LST-1279,BYR-3762,AGT-0229,1545858.16,2023-07-26,2023-09-09,70677.83,Pending,FHA,True,45,4.572077298476078
TXN-03581,LST-5503,BYR-3880,AGT-0279,1198967.57,2021-05-18,2021-06-25,51133.96,Completed,Cash,True,38,4.264832617616171
TXN-03582,LST-3367,BYR-3057,AGT-0159,299550.9,2022-08-04,2022-09-18,15941.38,Cancelled,FHA,False,45,5.321760008065406
TXN-03583,LST-0291,BYR-3088,AGT-0157,436807.28,2023-05-30,2023-06-14,15366.68,Cancelled,Conventional,False,15,3.517954187943021
TXN-03584,LST-2293,BYR-0538,AGT-0044,779704.18,2023-12-18,2024-01-19,33788.22,Pending,Jumbo,True,32,4.333466571899101
TXN-03585,LST-2547,BYR-3328,AGT-0071,2814275.15,2023-04-18,2023-05-13,91919.37,Completed,Cash,True,25,3.2661827682343
TXN-03586,LST-2179,BYR-2008,AGT-0083,659654.0,2022-05-28,2022-07-09,18679.96,Pending,Conventional,False,42,2.83178150970054
TXN-03587,LST-2989,BYR-1448,AGT-0298,396878.48,2022-07-28,2022-09-01,17314.34,Cancelled,Cash,True,35,4.362630092717549
TXN-03588,LST-1961,BYR-3521,AGT-0189,850940.43,2020-07-17,2020-08-03,24918.93,Pending,Cash,True,17,2.928398877463138
TXN-03589,LST-2147,BYR-3178,AGT-0170,1484062.94,2023-07-20,2023-08-23,85781.54,Pending,Cash,True,34,5.780182072331784
TXN-03590,LST-3271,BYR-1646,AGT-0242,1780125.69,2021-11-12,2021-12-14,92185.73,Pending,Cash,False,32,5.178607921781074
TXN-03591,LST-0394,BYR-2372,AGT-0231,1033645.28,2021-03-16,2021-04-30,50048.02,Cancelled,Jumbo,True,45,4.841895084162721
TXN-03592,LST-3057,BYR-2319,AGT-0230,1530006.54,2022-06-10,2022-06-26,54355.19,Pending,Conventional,True,16,3.552611611712457
TXN-03593,LST-3733,BYR-0629,AGT-0093,999074.22,2023-08-18,2023-09-07,46076.88,Pending,FHA,True,20,4.611957658160772
TXN-03594,LST-3084,BYR-0563,AGT-0130,1801767.44,2022-01-03,2022-01-26,64193.72,Cancelled,Cash,True,23,3.5628194058163247
TXN-03595,LST-5702,BYR-1423,AGT-0197,1902847.38,2021-01-02,2021-02-08,110497.43,Cancelled,FHA,False,37,5.806951790321723
TXN-03596,LST-2889,BYR-3503,AGT-0161,1182319.36,2022-11-16,2022-12-14,68953.7,Cancelled,Conventional,False,28,5.832070617536026
TXN-03597,LST-1378,BYR-0687,AGT-0286,863646.6,2022-08-10,2022-08-27,46205.61,Cancelled,Conventional,True,17,5.350059850869558
TXN-03598,LST-3081,BYR-0338,AGT-0036,138001.11,2021-02-12,2021-03-21,4883.6,Completed,Cash,True,37,3.5388121153518264
TXN-03599,LST-4105,BYR-3318,AGT-0124,195523.58,2022-06-16,2022-07-08,5113.92,Pending,FHA,False,22,2.6155003913083017
TXN-03600,LST-4500,BYR-2449,AGT-0046,959629.96,2023-03-20,2023-04-07,30155.07,Pending,Conventional,True,18,3.14236437553492
TXN-03601,LST-3788,BYR-1753,AGT-0040,2661531.86,2020-04-22,2020-05-16,115637.9,Completed,Cash,True,24,4.344787366174907
TXN-03602,LST-5328,BYR-2033,AGT-0139,1132204.9,2021-10-24,2021-11-10,37310.9,Completed,FHA,True,17,3.2954194068582465
TXN-03603,LST-5695,BYR-2449,AGT-0299,2253726.69,2020-05-02,2020-06-15,129389.46,Completed,Conventional,True,44,5.741133588829266
TXN-03604,LST-1587,BYR-0455,AGT-0094,1398192.13,2021-12-23,2022-01-26,40466.71,Completed,Conventional,True,34,2.894216691092375
TXN-03605,LST-5411,BYR-3286,AGT-0069,1229140.66,2020-09-05,2020-10-12,43231.54,Cancelled,USDA,True,37,3.517216654438883
TXN-03606,LST-3708,BYR-3062,AGT-0092,1507037.19,2023-11-27,2023-12-15,64713.08,Cancelled,Conventional,False,18,4.294059922967131
TXN-03607,LST-4841,BYR-0135,AGT-0143,2326837.81,2024-04-16,2024-05-05,116700.54,Cancelled,FHA,False,19,5.015413601174033
TXN-03608,LST-5329,BYR-3741,AGT-0016,1827448.08,2020-09-23,2020-10-19,93144.48,Cancelled,Conventional,False,26,5.096969977937758
TXN-03609,LST-4183,BYR-2673,AGT-0030,152158.27,2020-08-15,2020-09-21,5446.56,Pending,Jumbo,True,37,3.5795359660700665
TXN-03610,LST-2426,BYR-0381,AGT-0138,2437251.59,2023-04-30,2023-06-04,61336.3,Completed,Jumbo,True,35,2.5166174986473187
TXN-03611,LST-2565,BYR-2644,AGT-0273,2669460.88,2020-12-07,2020-12-28,120387.62,Completed,Conventional,True,21,4.509810235540893
TXN-03612,LST-3391,BYR-3107,AGT-0139,1752390.24,2023-01-14,2023-02-22,75207.74,Unknown,FHA,True,39,4.2917232864752775
TXN-03613,LST-1946,BYR-2482,AGT-0294,1506511.57,2023-09-16,2023-10-31,62879.66,Cancelled,FHA,False,45,4.173858419155719
TXN-03614,LST-5472,BYR-3914,AGT-0210,834126.17,2024-11-18,2024-12-29,31239.09,Completed,Conventional,True,41,3.7451276705537246
TXN-03615,LST-1774,BYR-2671,AGT-0279,246827.29,2022-10-08,2022-10-26,10575.7,Pending,VA,True,18,4.2846558822567795
TXN-03616,LST-5212,BYR-2228,AGT-0113,3082272.24,2022-03-10,2022-04-19,164695.23,Completed,Cash,True,40,5.343305755496795
TXN-03617,LST-0448,BYR-3508,AGT-0049,1506972.73,2020-12-17,2021-01-29,72995.51,Completed,VA,False,43,4.843850757670976
TXN-03618,LST-5737,BYR-0738,AGT-0247,1490234.1,2022-02-27,2022-04-03,84672.86,Cancelled,VA,True,35,5.681849583229909
TXN-03620,LST-3123,BYR-0615,AGT-0048,1147671.0,2020-12-28,2021-01-20,41787.06,Pending,Conventional,True,23,3.6410312711569777
TXN-03621,LST-1976,BYR-0690,AGT-0254,2153875.23,2021-08-04,2021-09-18,63899.57,Cancelled,Cash,True,45,2.9667257002625913
TXN-03622,LST-2541,BYR-2462,AGT-0122,1941291.28,2021-05-31,2021-06-18,83387.81,Pending,FHA,True,18,4.29548161366078
TXN-03623,LST-5757,BYR-3271,AGT-0226,1340723.46,2021-07-21,2021-08-05,61224.77,Cancelled,Conventional,True,15,4.566547228165904
TXN-03624,LST-5513,BYR-0146,AGT-0119,1471575.49,2022-08-27,2022-09-17,49205.57,Completed,Conventional,True,21,3.343734000353594
TXN-03625,LST-4962,BYR-2510,AGT-0237,145849.66,2023-07-04,2023-07-25,8242.6,Cancelled,Conventional,True,21,5.651435868962602
TXN-03626,LST-4016,BYR-2709,AGT-0231,1497335.3,2024-02-20,2024-03-16,54971.14,Unknown,Cash,True,25,3.671264545756719
TXN-03627,LST-1138,BYR-1906,AGT-0211,1389756.67,2023-07-29,2023-08-13,37405.58,Pending,Cash,True,15,2.6915200917870035
TXN-03628,LST-4741,BYR-0801,AGT-0158,2007544.63,2023-08-25,2023-09-18,54328.11,Pending,FHA,True,24,2.7061968729432433
TXN-03629,LST-3280,BYR-3233,AGT-0073,676604.47,2021-12-05,2022-01-07,34832.32,Pending,Conventional,False,33,5.148106692230396
TXN-03630,LST-1787,BYR-2033,AGT-0131,636740.56,2022-05-24,2022-07-05,33615.51,Cancelled,Conventional,True,42,5.279310304969421
TXN-03631,LST-3860,BYR-0656,AGT-0002,155637.53,2022-10-13,2022-11-06,6138.46,Pending,Cash,False,24,3.9440744144423263
TXN-03632,LST-5054,BYR-3860,AGT-0261,610141.57,2022-06-03,2022-07-14,16684.32,Completed,Conventional,False,41,2.734499798137013
TXN-03633,LST-5708,BYR-3732,AGT-0239,2507214.71,2023-08-18,2023-09-10,73455.48,Completed,FHA,True,23,2.929764240255275
TXN-03634,LST-4560,BYR-2776,AGT-0261,1346186.32,2021-06-29,2021-07-21,48613.56,Completed,Cash,True,22,3.6112059139035075
TXN-03635,LST-3778,BYR-1352,AGT-0103,1258285.49,2023-01-09,2023-02-14,55017.44,Completed,Conventional,True,36,4.372413131776637
TXN-03636,LST-5483,BYR-0467,AGT-0028,2717865.89,2022-10-27,2022-11-20,137839.49,Cancelled,Conventional,False,24,5.071607488329749
TXN-03637,LST-2664,BYR-3006,AGT-0245,1134559.51,2023-12-20,2024-01-14,36879.67,Completed,FHA,True,25,3.2505716689995396
TXN-03638,LST-5132,BYR-3012,AGT-0215,1015980.91,2023-04-27,2023-05-14,31397.15,Pending,Conventional,True,17,3.0903287346215986
TXN-03639,LST-3570,BYR-3667,AGT-0239,2835907.52,2023-03-02,2023-04-09,108469.14,Cancelled,Conventional,False,38,3.8248475747192208
TXN-03640,LST-3744,BYR-0813,AGT-0234,1636508.21,2020-08-23,2020-10-04,41441.67,Completed,Conventional,True,42,2.532322767876612
TXN-03641,LST-5807,BYR-3160,AGT-0119,966579.54,2020-07-11,2020-08-03,53529.5,Completed,Cash,True,23,5.538033631458824
TXN-03642,LST-3125,BYR-0292,AGT-0106,1131953.36,2024-11-27,2024-12-27,53547.24,Cancelled,Conventional,True,30,4.73051645873466
TXN-03643,LST-1461,BYR-1053,AGT-0297,740360.27,2021-09-04,2021-10-18,42845.83,Cancelled,Cash,True,44,5.787159540584208
TXN-03644,LST-2676,BYR-2848,AGT-0162,1806328.11,2023-06-11,2023-07-16,78412.73,Completed,Conventional,True,35,4.341001480622476
TXN-03645,LST-0115,BYR-0903,AGT-0178,1660309.19,2021-02-10,2021-03-20,75923.88,Pending,Conventional,True,38,4.572875971372537
TXN-03646,LST-1823,BYR-2166,AGT-0200,1902316.0,2021-01-02,2021-01-18,91819.39,Cancelled,USDA,True,16,4.826715960965475
TXN-03647,LST-2263,BYR-1925,AGT-0034,2236557.55,2020-06-10,2020-07-13,115787.72,Cancelled,Conventional,True,33,5.177050776091141
TXN-03648,LST-5730,BYR-2239,AGT-0275,1302512.44,2023-02-21,2023-03-09,39070.81,Completed,Conventional,True,16,2.9996496616953614
TXN-03649,LST-3187,BYR-0038,AGT-0101,1728010.97,2020-06-29,2020-07-16,43471.2,Cancelled,Jumbo,True,17,2.5156784739624656
TXN-03650,LST-3345,BYR-3412,AGT-0131,385842.39,2021-03-10,2021-03-29,18947.56,Completed,VA,True,19,4.91069941796701
TXN-03651,LST-0617,BYR-2498,AGT-0077,1262714.74,2023-02-01,2023-02-28,51361.43,Pending,Conventional,False,27,4.06754022686074
TXN-03652,LST-0600,BYR-3525,AGT-0042,1099945.9,2020-10-18,2020-11-28,64086.77,Cancelled,Conventional,True,41,5.826356550808544
TXN-03653,LST-2392,BYR-0051,AGT-0043,675497.07,2021-06-17,2021-07-14,25223.32,Cancelled,Conventional,False,27,3.7340384022687174
TXN-03654,LST-4640,BYR-2698,AGT-0083,910886.57,2022-08-10,2022-08-28,45590.51,Pending,FHA,True,18,5.005069950696496
TXN-03655,LST-1142,BYR-0761,AGT-0124,338258.37,2020-07-18,2020-08-22,11414.41,Completed,Conventional,False,35,3.374464909767052
TXN-03656,LST-5305,BYR-1317,AGT-0134,1602650.47,2023-09-10,2023-09-26,75963.57,Cancelled,Conventional,True,16,4.739871320787746
TXN-03657,LST-1265,BYR-0404,AGT-0011,1888355.87,2021-05-26,2021-07-01,95554.46,Unknown,Cash,True,36,5.06019344754122
TXN-03658,LST-1013,BYR-1833,AGT-0045,2287179.27,2021-09-24,2021-10-11,102026.52,Completed,Cash,True,17,4.460801185907915
TXN-03659,LST-0293,BYR-0182,AGT-0293,1095759.54,2020-06-23,2020-07-23,57537.0,Completed,Cash,False,30,5.25087830857489
TXN-03660,LST-4625,BYR-0179,AGT-0139,1855233.33,2021-07-20,2021-08-05,93622.35,Completed,Conventional,False,16,5.046392196931908
TXN-03661,LST-4012,BYR-2036,AGT-0200,1241311.97,2022-07-18,2022-08-27,33123.51,Cancelled,Cash,True,40,2.6684275025560256
TXN-03662,LST-5226,BYR-1802,AGT-0196,1518887.6,2022-02-06,2022-03-12,82982.42,Unknown,Conventional,True,34,5.463368059624688
TXN-03663,LST-5404,BYR-0614,AGT-0102,213719.69,2023-11-01,2023-12-01,10360.19,Cancelled,Conventional,True,30,4.847559904283971
TXN-03664,LST-5389,BYR-0266,AGT-0178,702234.13,2021-12-05,2021-12-26,31943.08,Pending,Cash,True,21,4.54877919419838
TXN-03665,LST-5466,BYR-1090,AGT-0149,523907.64,2022-10-29,2022-12-12,15761.68,Pending,Cash,False,44,3.0084844725684854
TXN-03666,LST-5271,BYR-2911,AGT-0009,2387397.63,2021-02-24,2021-03-15,68571.57,Completed,Conventional,False,19,2.8722307980175055
TXN-03667,LST-2873,BYR-3240,AGT-0230,2265804.35,2023-04-21,2023-05-25,101293.94,Completed,Conventional,True,34,4.470551042944198
TXN-03668,LST-4283,BYR-3358,AGT-0114,2338615.64,2024-01-13,2024-02-22,84625.84,Unknown,Conventional,True,40,3.618629694959193
TXN-03669,LST-4265,BYR-0762,AGT-0102,864492.82,2021-12-09,2022-01-09,44587.78,Pending,FHA,True,31,5.157680777499112
TXN-03670,LST-2702,BYR-1749,AGT-0089,208056.23,2023-05-05,2023-05-27,11979.73,Unknown,Conventional,True,22,5.7579289983289605
TXN-03671,LST-4346,BYR-3102,AGT-0053,1238216.26,2020-11-16,2020-12-04,37976.94,Unknown,Conventional,False,18,3.0670684295488093
TXN-03672,LST-1551,BYR-0937,AGT-0156,1669331.77,2022-11-14,2022-12-06,44431.31,Pending,Conventional,False,22,2.661622500600944
TXN-03673,LST-2619,BYR-2631,AGT-0040,949348.25,2020-04-17,2020-05-27,24611.86,Completed,Conventional,True,40,2.5925006971888345
TXN-03674,LST-4122,BYR-0574,AGT-0073,2449282.76,2023-03-19,2023-04-06,117266.67,Pending,Cash,True,18,4.787796326137535
TXN-03675,LST-3752,BYR-0996,AGT-0050,649990.56,2022-03-16,2022-04-27,27128.36,Completed,Conventional,False,42,4.173654460458626
TXN-03676,LST-0617,BYR-0778,AGT-0072,1480690.52,2023-01-27,2023-02-11,68801.17,Pending,Cash,True,15,4.646559768613903
TXN-03677,LST-0999,BYR-3131,AGT-0023,1851378.66,2020-05-10,2020-06-23,51576.02,Pending,Conventional,True,44,2.7858169219688422
TXN-03678,LST-2027,BYR-1051,AGT-0093,2032773.3,2024-04-12,2024-05-23,51496.88,Cancelled,FHA,True,41,2.533331188480289
TXN-03679,LST-0379,BYR-2806,AGT-0076,1169807.7,2020-11-11,2020-12-09,32120.66,Completed,Cash,True,28,2.7458068535537934
TXN-03680,LST-4180,BYR-1162,AGT-0126,687180.77,2023-07-26,2023-08-16,40847.16,Cancelled,Conventional,True,21,5.944165172142405
TXN-03681,LST-2328,BYR-2485,AGT-0052,212044.1,2021-04-04,2021-04-25,7860.69,Cancelled,FHA,False,21,3.7071014944532763
TXN-03682,LST-4576,BYR-1675,AGT-0015,2803568.0,2020-07-17,2020-08-10,154068.72,Cancelled,FHA,True,24,5.495451510361083
TXN-03683,LST-2572,BYR-3819,AGT-0185,680425.36,2024-09-20,2024-10-18,39191.83,Completed,VA,True,28,5.759901424015119
TXN-03684,LST-0330,BYR-1621,AGT-0261,965199.27,2023-03-18,2023-04-19,30388.71,Cancelled,VA,False,32,3.1484389746792907
TXN-03685,LST-5067,BYR-2927,AGT-0076,1139346.03,2024-06-08,2024-07-23,43976.27,Cancelled,Conventional,True,45,3.859781738125686
TXN-03686,LST-1257,BYR-2478,AGT-0107,578038.4,2020-10-12,2020-10-30,24607.7,Unknown,Conventional,False,18,4.257104718302452
TXN-03687,LST-4877,BYR-0132,AGT-0050,2058088.87,2023-07-11,2023-08-02,84504.86,Pending,FHA,True,22,4.105986929514856
TXN-03688,LST-4460,BYR-3291,AGT-0005,2278818.09,2021-07-21,2021-08-30,87850.59,Completed,Conventional,True,40,3.855094462586086
TXN-03689,LST-1742,BYR-2863,AGT-0291,672462.22,2021-11-02,2021-11-24,40085.04,Completed,Cash,True,22,5.960935619550494
TXN-03690,LST-3831,BYR-2368,AGT-0274,2306134.02,2022-06-01,2022-07-03,100239.28,Cancelled,USDA,True,32,4.346637234899297
TXN-03691,LST-2395,BYR-0837,AGT-0060,2056198.25,2023-02-18,2023-03-27,105890.89,Pending,FHA,True,37,5.149838543049047
TXN-03692,LST-1184,BYR-3133,AGT-0006,664992.52,2021-08-26,2021-09-14,35159.38,Completed,FHA,True,19,5.287184282914941
TXN-03693,LST-0680,BYR-1550,AGT-0137,449627.63,2023-05-19,2023-06-08,23566.88,Cancelled,Conventional,True,20,5.241421662632254
TXN-03694,LST-3348,BYR-0365,AGT-0174,2475933.99,2023-04-02,2023-05-09,86160.31,Cancelled,Cash,False,37,3.479911433341565
TXN-03695,LST-0987,BYR-3298,AGT-0213,1317463.58,2022-10-05,2022-11-09,38092.67,Completed,Conventional,False,35,2.8913641772169516
TXN-03696,LST-5996,BYR-1150,AGT-0203,2134651.12,2023-07-26,2023-09-02,91140.63,Pending,Conventional,True,38,4.269579658525183
TXN-03697,LST-0441,BYR-2071,AGT-0148,1529447.55,2021-06-30,2021-07-31,75501.96,Pending,Conventional,True,31,4.93655110958202
TXN-03698,LST-0605,BYR-0803,AGT-0074,2121863.96,2023-04-22,2023-05-19,93720.44,Completed,Conventional,True,27,4.416892023558382
TXN-03699,LST-2431,BYR-1396,AGT-0005,1178855.07,2021-11-18,2021-12-09,40297.4,Cancelled,Cash,True,21,3.4183506544192914
TXN-03700,LST-2087,BYR-0779,AGT-0135,2167375.08,2023-12-30,2024-01-19,87191.28,Completed,Conventional,True,20,4.022897596478779
TXN-03701,LST-4869,BYR-3130,AGT-0106,208084.37,2022-09-06,2022-10-01,10228.74,Completed,Cash,False,25,4.91566954308005
TXN-03702,LST-6000,BYR-0637,AGT-0082,265808.8,2022-07-27,2022-08-17,10621.11,Completed,Conventional,False,21,3.9957706441622705
TXN-03703,LST-5587,BYR-2971,AGT-0146,932487.3,2022-04-19,2022-05-25,23908.92,Cancelled,Cash,True,36,2.5639941691431076
TXN-03704,LST-5334,BYR-0058,AGT-0032,1058973.79,2022-12-22,2023-01-12,37550.41,Completed,VA,True,21,3.5459243991298406
TXN-03705,LST-1538,BYR-3729,AGT-0217,122792.52,2021-03-14,2021-04-17,4215.85,Pending,FHA,True,34,3.4333117359265857
TXN-03706,LST-3071,BYR-1725,AGT-0103,677696.52,2022-11-28,2023-01-11,30031.61,Pending,FHA,True,44,4.431424555640333
TXN-03707,LST-4578,BYR-0465,AGT-0094,967321.96,2021-09-13,2021-10-06,46487.08,Completed,Jumbo,True,23,4.805750507307826
TXN-03708,LST-3479,BYR-1196,AGT-0016,573060.71,2022-11-03,2022-11-29,27348.94,Cancelled,FHA,False,26,4.772433273256511
TXN-03709,LST-3877,BYR-0418,AGT-0119,643439.63,2024-04-23,2024-05-11,22515.12,Pending,Cash,True,18,3.4991814228166205
TXN-03710,LST-4946,BYR-1146,AGT-0185,450051.82,2023-11-15,2023-12-11,13759.89,Completed,Conventional,True,26,3.057401256593074
TXN-03711,LST-0294,BYR-2976,AGT-0048,545227.55,2021-02-20,2021-04-03,25435.57,Completed,Cash,True,42,4.665129265753353
TXN-03712,LST-2716,BYR-2000,AGT-0044,1449242.1,2024-08-12,2024-09-18,80139.08,Pending,Conventional,True,37,5.529723432682503
TXN-03713,LST-2780,BYR-1824,AGT-0124,1094838.92,2023-05-09,2023-05-28,61751.37,Pending,VA,True,19,5.640224225861464
TXN-03714,LST-1821,BYR-3551,AGT-0001,718109.38,2021-08-24,2021-09-08,42427.26,Pending,Conventional,True,15,5.908189083952642
TXN-03715,LST-1036,BYR-0524,AGT-0057,2030055.51,2024-06-13,2024-07-06,63213.01,Cancelled,Conventional,True,23,3.113856231448568
TXN-03716,LST-2761,BYR-3876,AGT-0177,2331719.66,2020-01-08,2020-02-22,87057.74,Cancelled,Conventional,True,45,3.7336280811733604
TXN-03717,LST-4714,BYR-2525,AGT-0084,1329601.52,2024-08-12,2024-09-24,34235.97,Cancelled,VA,True,43,2.574904547341372
TXN-03718,LST-1319,BYR-2371,AGT-0286,1350318.78,2023-10-03,2023-11-05,66793.03,Cancelled,Conventional,True,33,4.946463826860202
TXN-03719,LST-2290,BYR-0415,AGT-0218,1830578.75,2020-11-30,2020-12-16,57099.8,Completed,Cash,True,16,3.1192211752703893
TXN-03720,LST-4516,BYR-1508,AGT-0256,1488176.44,2020-03-11,2020-04-22,88098.47,Completed,Cash,True,42,5.919894149110438
TXN-03721,LST-1823,BYR-3176,AGT-0025,1764866.04,2021-02-25,2021-03-31,62389.3,Cancelled,Jumbo,False,34,3.5350728375962177
TXN-03722,LST-4655,BYR-2183,AGT-0110,1994768.13,2022-11-30,2022-12-25,67772.56,Completed,FHA,True,25,3.397515680180834
TXN-03723,LST-4416,BYR-0695,AGT-0122,1279467.57,2021-05-26,2021-06-19,49183.95,Cancelled,Conventional,True,24,3.8440950871462882
TXN-03724,LST-4368,BYR-2579,AGT-0197,1538572.42,2023-04-03,2023-05-15,59876.83,Pending,Cash,False,42,3.891713462535615
TXN-03725,LST-3268,BYR-0672,AGT-0203,302325.31,2022-06-19,2022-07-05,9464.95,Pending,Conventional,True,16,3.1307170411898366
TXN-03726,LST-4558,BYR-3844,AGT-0182,964879.61,2022-08-22,2022-09-09,25816.69,Completed,Conventional,False,18,2.6756384664403883
TXN-03728,LST-1936,BYR-3472,AGT-0029,2065346.55,2023-03-18,2023-04-24,99748.96,Pending,Cash,True,37,4.829647595944613
TXN-03729,LST-3053,BYR-3792,AGT-0020,1680824.25,2023-12-01,2023-12-30,65995.38,Completed,Jumbo,True,29,3.9263700532640464
TXN-03730,LST-5059,BYR-1434,AGT-0082,427941.44,2021-07-30,2021-08-17,16756.37,Pending,Cash,False,18,3.915575458174838
TXN-03731,LST-5996,BYR-0833,AGT-0096,2006929.34,2023-08-24,2023-09-14,57634.63,Pending,FHA,True,21,2.871781724014259
TXN-03732,LST-5255,BYR-3772,AGT-0018,683018.74,2023-12-23,2024-01-18,24975.6,Completed,Cash,True,26,3.656649303648682
TXN-03733,LST-2854,BYR-3118,AGT-0266,863418.67,2020-09-29,2020-10-25,40804.71,Cancelled,Jumbo,True,26,4.725947146822757
TXN-03734,LST-0450,BYR-1952,AGT-0060,2541138.69,2021-03-19,2021-04-17,128028.13,Completed,Conventional,True,29,5.038218909649517
TXN-03735,LST-0998,BYR-0604,AGT-0117,1577018.68,2023-06-26,2023-07-31,81489.72,Completed,VA,True,35,5.1673275043260745
TXN-03736,LST-5021,BYR-2794,AGT-0189,371164.04,2022-11-25,2023-01-08,18017.0,Unknown,Conventional,True,44,4.854187921868725
TXN-03737,LST-1538,BYR-1956,AGT-0189,130190.19,2020-11-04,2020-12-13,4072.1,Completed,Conventional,True,39,3.1278086313569404
TXN-03738,LST-0980,BYR-1143,AGT-0176,1064822.68,2020-10-22,2020-11-14,62902.4,Pending,FHA,True,23,5.90731219211071
TXN-03739,LST-2918,BYR-2185,AGT-0105,1450830.51,2024-06-05,2024-07-06,51734.16,Pending,Conventional,True,31,3.5658307185723577
TXN-03740,LST-2766,BYR-3969,AGT-0088,614183.5,2021-05-10,2021-06-01,36186.7,Completed,FHA,True,22,5.891838514059723
TXN-03741,LST-2102,BYR-1579,AGT-0116,1214524.95,2023-04-16,2023-05-25,62480.06,Cancelled,Cash,True,39,5.144403167674735
TXN-03742,LST-0876,BYR-0577,AGT-0162,1266025.4,2020-05-07,2020-05-27,71191.34,Pending,VA,True,20,5.623215774343864
TXN-03743,LST-3275,BYR-3504,AGT-0198,2045614.35,2020-05-19,2020-06-04,57820.41,Pending,Cash,False,16,2.826554770697615
TXN-03744,LST-4447,BYR-2643,AGT-0152,1676787.33,2020-08-25,2020-09-17,48249.64,Unknown,Conventional,True,23,2.877505044125065
TXN-03745,LST-3315,BYR-2840,AGT-0226,814589.94,2021-08-13,2021-09-09,33767.25,Completed,FHA,True,27,4.145306533002359
TXN-03746,LST-3492,BYR-2426,AGT-0149,1719226.52,2021-04-30,2021-05-25,84717.92,Cancelled,Conventional,True,25,4.927676429747024
TXN-03747,LST-2542,BYR-2611,AGT-0270,2275488.52,2023-07-24,2023-09-05,129069.03,Cancelled,Jumbo,True,43,5.6721459530808795
TXN-03748,LST-2634,BYR-2080,AGT-0129,2300160.55,2023-03-20,2023-04-13,130342.72,Cancelled,FHA,True,24,5.666679223761141
TXN-03750,LST-2272,BYR-3967,AGT-0275,1165577.93,2021-01-24,2021-02-10,62706.16,Pending,Conventional,True,17,5.379834190923639
TXN-03751,LST-4124,BYR-0551,AGT-0159,1875218.1,2024-11-17,2024-12-16,85704.43,Cancelled,Cash,False,29,4.570371307742816
TXN-03752,LST-5370,BYR-0858,AGT-0300,782282.3,2023-11-12,2023-12-19,44554.55,Pending,Cash,True,37,5.695456742406162
TXN-03753,LST-4162,BYR-1425,AGT-0193,324979.65,2023-11-15,2023-12-28,12619.51,Completed,FHA,True,43,3.8831692999853984
TXN-03754,LST-3253,BYR-2641,AGT-0276,224584.1,2022-03-15,2022-04-01,11699.19,Cancelled,Jumbo,True,17,5.209269044424784
TXN-03755,LST-1664,BYR-1205,AGT-0181,1506133.71,2022-03-10,2022-03-30,55564.79,Cancelled,VA,False,20,3.6892335408919306
TXN-03756,LST-0293,BYR-3601,AGT-0259,1127962.25,2020-09-11,2020-10-23,65211.67,Cancelled,Conventional,True,42,5.78136989956889
TXN-03757,LST-5767,BYR-3919,AGT-0180,2334809.7,2023-07-31,2023-08-18,104543.88,Pending,Conventional,False,18,4.477618882601011
TXN-03758,LST-1335,BYR-3194,AGT-0029,1300427.06,2023-12-31,2024-02-04,45732.8,Cancelled,Jumbo,False,35,3.5167524120883793
TXN-03759,LST-1219,BYR-2931,AGT-0106,562580.21,2022-11-29,2023-01-03,18552.32,Cancelled,Cash,False,35,3.2977199820093213
TXN-03760,LST-1280,BYR-0987,AGT-0112,1981731.09,2024-04-01,2024-04-17,81986.24,Cancelled,VA,False,16,4.137102173635475
TXN-03761,LST-3673,BYR-3225,AGT-0297,2337730.78,2024-02-04,2024-02-27,89815.79,Cancelled,Conventional,True,23,3.842007418835457
TXN-03762,LST-5705,BYR-1085,AGT-0293,1112834.0,2023-04-15,2023-05-20,30959.81,Pending,Conventional,True,35,2.7820690237717396
TXN-03763,LST-0284,BYR-2279,AGT-0230,209838.04,2022-06-19,2022-07-11,11955.64,Completed,Conventional,True,22,5.697556077058287
TXN-03764,LST-2560,BYR-3186,AGT-0220,1121976.27,2021-10-04,2021-11-18,30252.29,Completed,Conventional,False,45,2.6963395580550023
TXN-03765,LST-4324,BYR-2749,AGT-0016,2292756.93,2021-12-28,2022-01-25,68247.84,Completed,Cash,True,28,2.976671408425314
TXN-03766,LST-0577,BYR-1030,AGT-0125,673610.06,2024-04-28,2024-06-03,21181.83,Pending,Conventional,True,36,3.1445239995376553
TXN-03767,LST-0775,BYR-0467,AGT-0123,1088213.44,2021-03-28,2021-04-19,45320.64,Cancelled,Cash,True,22,4.164682987190455
TXN-03768,LST-5056,BYR-2878,AGT-0023,2066738.4,2022-12-28,2023-02-02,54837.95,Cancelled,VA,True,36,2.6533570963794935
TXN-03769,LST-3900,BYR-0915,AGT-0266,323214.44,2020-12-21,2021-01-29,17382.45,Pending,Cash,False,39,5.3779930129359315
TXN-03770,LST-0306,BYR-2134,AGT-0072,188518.41,2023-04-12,2023-05-26,7614.04,Pending,Cash,True,44,4.038884053817343
TXN-03771,LST-0675,BYR-3123,AGT-0140,1039908.04,2022-11-11,2022-12-25,43726.3,Cancelled,VA,True,44,4.204823726528742
TXN-03772,LST-4794,BYR-0700,AGT-0107,2306990.41,2024-07-06,2024-08-17,111836.14,Completed,Conventional,False,42,4.8477071909458
TXN-03773,LST-2435,BYR-3821,AGT-0049,273815.69,2021-03-09,2021-04-18,11876.53,Pending,Conventional,False,40,4.337417625702895
TXN-03774,LST-5773,BYR-1091,AGT-0246,875136.71,2021-08-10,2021-09-11,30677.47,Pending,Jumbo,False,32,3.5054488800955457
TXN-03775,LST-3047,BYR-3064,AGT-0215,1865680.06,2021-01-01,2021-01-21,94078.38,Cancelled,Conventional,True,20,5.042578415079379
TXN-03776,LST-1946,BYR-2077,AGT-0141,1555343.88,2023-10-26,2023-12-05,50108.02,Completed,Conventional,False,40,3.2216682525538984
TXN-03777,LST-2894,BYR-3856,AGT-0105,1639374.47,2023-07-22,2023-08-20,59535.43,Completed,Conventional,True,29,3.6315943117010967
TXN-03778,LST-4146,BYR-3379,AGT-0120,1097760.75,2024-04-15,2024-05-16,30664.32,Cancelled,Cash,True,31,2.7933518300777287
TXN-03779,LST-4208,BYR-2027,AGT-0086,1370349.45,2021-08-12,2021-09-01,75700.31,Pending,Conventional,True,20,5.524161008712048
TXN-03780,LST-2172,BYR-1617,AGT-0055,1198831.97,2024-03-19,2024-04-27,35615.48,Cancelled,VA,True,39,2.9708483666814463
TXN-03781,LST-3092,BYR-3586,AGT-0146,923271.2,2023-06-25,2023-08-05,40515.08,Pending,Conventional,True,41,4.388210094715399
TXN-03782,LST-1125,BYR-0268,AGT-0033,214006.04,2021-10-18,2021-11-16,7667.58,Pending,Cash,True,29,3.5828801841293827
TXN-03783,LST-1769,BYR-3354,AGT-0093,245138.94,2024-05-18,2024-06-25,8674.13,Pending,Conventional,True,38,3.538454559687661
TXN-03784,LST-3670,BYR-3641,AGT-0030,2320293.3,2024-03-24,2024-05-04,80088.77,Unknown,FHA,False,41,3.4516657872519825
TXN-03785,LST-2145,BYR-3866,AGT-0284,2500833.6,2023-09-03,2023-10-12,74871.86,Cancelled,Conventional,True,39,2.9938761219458985
TXN-03786,LST-2563,BYR-2346,AGT-0101,874681.45,2023-12-12,2023-12-31,41834.83,Completed,Conventional,True,19,4.782864664615902
TXN-03787,LST-3491,BYR-0463,AGT-0055,343168.83,2021-06-22,2021-07-07,9134.29,Cancelled,VA,True,15,2.661748154691089
TXN-03788,LST-0143,BYR-0210,AGT-0235,1702869.92,2023-09-29,2023-10-28,75312.66,Completed,Jumbo,True,29,4.422690137130381
TXN-03789,LST-4665,BYR-1182,AGT-0103,917301.84,2022-06-27,2022-07-18,32665.96,Completed,FHA,True,21,3.561091733992379
TXN-03790,LST-4329,BYR-2840,AGT-0183,1905825.84,2022-11-19,2022-12-14,67050.55,Cancelled,Conventional,True,25,3.518188734391386
TXN-03791,LST-4295,BYR-0257,AGT-0272,2037446.97,2024-09-25,2024-10-21,57473.92,Cancelled,Conventional,True,26,2.8208793085790105
TXN-03792,LST-3743,BYR-2689,AGT-0295,1699382.21,2020-07-06,2020-08-06,61029.52,Pending,VA,False,31,3.591276855840453
TXN-03793,LST-1298,BYR-1456,AGT-0013,123880.87,2020-04-17,2020-05-14,5417.03,Cancelled,Jumbo,True,27,4.372773617104884
TXN-03794,LST-5056,BYR-2818,AGT-0215,2488075.94,2022-10-16,2022-11-14,75072.93,Completed,FHA,True,29,3.0173086276458263
TXN-03795,LST-4899,BYR-1620,AGT-0162,1930654.92,2023-12-20,2024-01-11,98521.93,Completed,Cash,True,22,5.103031566096752
TXN-03796,LST-3775,BYR-1263,AGT-0262,1427123.72,2020-10-19,2020-11-20,63387.77,Completed,Cash,True,32,4.44164504532235
TXN-03797,LST-3850,BYR-2522,AGT-0122,1652399.9,2022-03-05,2022-04-10,65459.28,Completed,Cash,True,36,3.9614671968934396
TXN-03798,LST-2624,BYR-0038,AGT-0051,2541503.75,2021-08-18,2021-09-30,133826.77,Pending,Cash,True,43,5.265653060712579
TXN-03799,LST-4782,BYR-1038,AGT-0197,1724438.86,2022-05-30,2022-06-26,93708.01,Pending,Cash,True,27,5.434116115894071
TXN-03800,LST-3373,BYR-2651,AGT-0249,817775.67,2022-08-30,2022-10-08,31413.36,Completed,Conventional,True,39,3.8413175094827654
TXN-03801,LST-5079,BYR-0604,AGT-0122,382218.22,2023-06-10,2023-06-28,20531.08,Completed,Jumbo,True,18,5.371559733599304
TXN-03802,LST-0468,BYR-1416,AGT-0274,1805668.51,2022-07-23,2022-09-03,87074.74,Completed,FHA,True,42,4.822299304538462
TXN-03803,LST-0555,BYR-0518,AGT-0036,411342.55,2020-04-09,2020-05-12,24479.63,Completed,Conventional,True,33,5.95115433596646
TXN-03804,LST-4106,BYR-3908,AGT-0020,2682142.16,2021-11-07,2021-12-22,77259.9,Completed,Cash,True,45,2.8805296435144956
TXN-03805,LST-5731,BYR-0375,AGT-0096,2120338.55,2020-05-04,2020-06-13,118812.46,Completed,VA,True,40,5.6034664841612205
TXN-03806,LST-1234,BYR-1973,AGT-0095,1412273.34,2023-09-02,2023-10-09,70181.59,Completed,Cash,True,37,4.969405568471609
TXN-03807,LST-4943,BYR-0310,AGT-0030,1735103.95,2020-07-25,2020-09-03,101340.74,Completed,Cash,True,40,5.840614909556284
TXN-03808,LST-3181,BYR-0682,AGT-0029,2303528.71,2021-10-04,2021-11-11,114611.57,Completed,Cash,True,38,4.975478252233288
TXN-03809,LST-1953,BYR-0141,AGT-0163,546521.3,2020-07-02,2020-08-10,27399.15,Cancelled,FHA,True,39,5.013372763330541
TXN-03810,LST-0164,BYR-1214,AGT-0111,193342.1,2021-01-11,2021-02-16,9157.05,Completed,Conventional,True,36,4.736190410676205
TXN-03812,LST-3842,BYR-0743,AGT-0131,2600323.81,2020-05-19,2020-06-28,82660.6,Completed,VA,True,40,3.178857943849693
TXN-03813,LST-2294,BYR-3606,AGT-0209,1023852.5,2021-11-05,2021-12-19,56432.62,Completed,Jumbo,True,44,5.511791981755184
TXN-03814,LST-2714,BYR-2057,AGT-0033,458383.77,2024-03-26,2024-04-21,24704.95,Completed,Conventional,True,26,5.389577820349093
TXN-03815,LST-5418,BYR-0563,AGT-0027,495648.92,2024-05-28,2024-06-23,27486.72,Pending,Cash,True,26,5.545602722184889
TXN-03816,LST-2023,BYR-0001,AGT-0285,1929707.24,2023-01-05,2023-01-24,92876.44,Cancelled,Conventional,True,19,4.812980854028407
TXN-03817,LST-3960,BYR-1974,AGT-0045,284792.35,2022-06-15,2022-07-04,7623.3,Pending,Conventional,True,19,2.676792406818512
TXN-03818,LST-2193,BYR-1869,AGT-0254,53633.75,2022-09-24,2022-10-31,2175.2,Completed,FHA,True,37,4.055655254387395
TXN-03819,LST-5773,BYR-1887,AGT-0104,979172.71,2021-06-16,2021-07-31,54783.63,Cancelled,Conventional,False,45,5.594889383712501
TXN-03820,LST-2033,BYR-2346,AGT-0149,1462678.72,2023-09-05,2023-10-06,37221.64,Completed,VA,True,31,2.5447584278795
TXN-03821,LST-5084,BYR-1231,AGT-0168,1003210.42,2024-04-21,2024-05-24,42706.1,Pending,Cash,True,33,4.256943423693705
TXN-03822,LST-3348,BYR-3594,AGT-0186,2526371.38,2023-04-18,2023-05-04,115848.35,Completed,Conventional,False,16,4.5855629507645865
TXN-03823,LST-1313,BYR-3627,AGT-0226,934434.17,2021-04-11,2021-05-13,53235.01,Cancelled,USDA,True,32,5.697031605768441
TXN-03824,LST-4526,BYR-0255,AGT-0076,257416.37,2020-10-15,2020-11-08,6603.7,Cancelled,FHA,True,24,2.5653768639500276
TXN-03825,LST-4236,BYR-3363,AGT-0039,292806.35,2022-01-26,2022-03-10,11166.95,Cancelled,Conventional,True,43,3.8137663339609955
TXN-03826,LST-1070,BYR-0852,AGT-0074,673971.43,2021-10-19,2021-11-19,19792.53,Unknown,Conventional,True,31,2.9367016343704653
TXN-03827,LST-4374,BYR-3339,AGT-0153,1341781.57,2023-11-04,2023-12-02,73278.59,Pending,Conventional,True,28,5.461290543735818
TXN-03828,LST-0752,BYR-0690,AGT-0107,1285503.17,2021-03-20,2021-04-09,44909.92,Completed,Conventional,False,20,3.4935674254307747
TXN-03829,LST-0475,BYR-3666,AGT-0065,1001791.46,2024-08-29,2024-10-13,53097.73,Pending,Conventional,True,45,5.300277764396196
TXN-03830,LST-0482,BYR-2026,AGT-0175,535750.47,2020-11-04,2020-11-24,26930.35,Cancelled,Conventional,True,20,5.026659146001309
TXN-03831,LST-1934,BYR-0027,AGT-0075,1110196.54,2024-08-15,2024-09-02,62272.48,Pending,VA,True,18,5.609140161795136
TXN-03832,LST-1291,BYR-1195,AGT-0037,2221432.82,2022-07-20,2022-08-25,58788.2,Cancelled,VA,True,36,2.646409086546223
TXN-03833,LST-3267,BYR-3303,AGT-0145,1125191.24,2022-10-27,2022-11-16,32914.9,Pending,Conventional,True,20,2.925271618716122
TXN-03834,LST-4151,BYR-0117,AGT-0047,962495.03,2022-05-29,2022-06-13,38120.5,Completed,Conventional,True,15,3.96059187962768
TXN-03835,LST-4523,BYR-0868,AGT-0127,1969508.66,2023-09-16,2023-10-05,75042.72,Pending,VA,False,19,3.8102254396789506
TXN-03836,LST-0253,BYR-3248,AGT-0147,674761.95,2020-09-27,2020-11-01,17532.52,Pending,Cash,True,35,2.598326713591364
TXN-03837,LST-3538,BYR-1554,AGT-0196,463421.03,2021-11-28,2021-12-18,17196.23,Unknown,Conventional,True,20,3.7107142073375474
TXN-03839,LST-3555,BYR-1120,AGT-0213,448349.41,2023-08-05,2023-09-13,14858.38,Pending,Cash,True,39,3.314017966478421
TXN-03840,LST-0998,BYR-1236,AGT-0152,1526966.21,2023-06-15,2023-07-08,69410.96,Cancelled,Conventional,False,23,4.545677536636519
TXN-03841,LST-2070,BYR-1562,AGT-0167,897419.58,2024-02-23,2024-04-06,43983.24,Completed,Cash,False,43,4.901078712813465
TXN-03842,LST-2700,BYR-1134,AGT-0018,271101.48,2022-06-15,2022-07-25,11745.02,Pending,FHA,True,40,4.3323334125656565
TXN-03843,LST-1020,BYR-3760,AGT-0059,1867091.46,2023-06-19,2023-07-27,60581.58,Completed,Cash,True,38,3.2447033955155047
TXN-03844,LST-1919,BYR-0961,AGT-0071,981493.05,2022-06-30,2022-08-05,53928.39,Pending,Conventional,False,36,5.49452591640868
TXN-03845,LST-3894,BYR-0537,AGT-0131,409762.59,2022-08-30,2022-09-28,20003.59,Pending,Cash,True,29,4.881751162301078
TXN-03846,LST-2721,BYR-1606,AGT-0082,347418.33,2024-04-30,2024-06-03,10955.24,Completed,Cash,False,34,3.1533281505325292
TXN-03847,LST-3480,BYR-2255,AGT-0147,1746472.7,2024-03-03,2024-04-09,58034.16,Cancelled,VA,True,37,3.3229354229241608
TXN-03848,LST-1844,BYR-1431,AGT-0177,1980304.68,2021-05-02,2021-05-31,55776.23,Cancelled,Conventional,True,29,2.816547906153512
TXN-03849,LST-5466,BYR-0783,AGT-0019,611685.92,2022-04-01,2022-04-25,26064.15,Completed,Cash,True,24,4.261034813421895
TXN-03850,LST-3334,BYR-2685,AGT-0211,935360.17,2020-09-25,2020-11-05,31405.89,Pending,Conventional,True,41,3.3576253305718584
TXN-03851,LST-3611,BYR-3099,AGT-0271,1721822.14,2023-08-27,2023-09-20,75372.6,Unknown,Conventional,True,24,4.377490464839767
TXN-03852,LST-5599,BYR-0383,AGT-0169,1064849.49,2021-04-07,2021-04-30,53449.55,Cancelled,Conventional,False,23,5.019446457170205
TXN-03853,LST-2392,BYR-3529,AGT-0236,693508.12,2021-07-20,2021-08-29,31308.99,Completed,Cash,False,40,4.514581602880151
TXN-03854,LST-2204,BYR-1656,AGT-0180,2075359.28,2021-03-07,2021-04-18,91606.42,Cancelled,VA,True,42,4.414002957598744
TXN-03855,LST-0306,BYR-3952,AGT-0027,224627.75,2023-04-19,2023-05-13,10580.65,Completed,Cash,True,24,4.710304047474099
TXN-03856,LST-4134,BYR-1417,AGT-0062,926594.92,2023-01-19,2023-02-26,40966.2,Pending,Jumbo,True,38,4.421155255200405
TXN-03857,LST-0305,BYR-0699,AGT-0038,2639675.53,2020-10-10,2020-11-14,127130.41,Pending,Conventional,False,35,4.816137762204433
TXN-03858,LST-5726,BYR-2851,AGT-0172,892408.43,2020-09-15,2020-10-23,36391.99,Pending,Jumbo,True,38,4.077952289177725
TXN-03859,LST-5562,BYR-0212,AGT-0272,591817.7,2024-02-11,2024-03-24,15678.62,Completed,VA,True,42,2.6492313426921843
TXN-03860,LST-1011,BYR-2576,AGT-0045,58723.2,2023-01-11,2023-02-23,2708.09,Pending,Conventional,True,43,4.611618576644325
TXN-03861,LST-4667,BYR-2460,AGT-0073,2324778.43,2022-12-12,2023-01-23,118155.22,Pending,Conventional,True,42,5.082429296283516
TXN-03862,LST-0282,BYR-0040,AGT-0067,465101.56,2023-06-21,2023-07-09,13973.64,Pending,FHA,True,18,3.0044276781183017
TXN-03863,LST-3373,BYR-0303,AGT-0017,916105.84,2022-08-20,2022-09-06,52616.54,Pending,Cash,True,17,5.743500117846645
TXN-03864,LST-2956,BYR-1193,AGT-0010,823156.16,2024-05-23,2024-06-20,27686.38,Pending,Cash,True,28,3.3634419986603756
TXN-03865,LST-1129,BYR-2491,AGT-0121,1547978.85,2021-09-26,2021-10-13,67814.06,Cancelled,Conventional,False,17,4.380813084106413
TXN-03866,LST-2472,BYR-3530,AGT-0205,320172.7,2023-10-10,2023-11-21,9423.35,Pending,FHA,True,42,2.943208462183066
TXN-03867,LST-3229,BYR-3112,AGT-0260,1295112.41,2022-03-09,2022-03-31,44122.12,Cancelled,Conventional,False,22,3.406817791206248
TXN-03868,LST-1266,BYR-0501,AGT-0234,899920.16,2023-10-02,2023-10-31,26482.79,Completed,VA,False,29,2.942793280683922
TXN-03869,LST-1983,BYR-2708,AGT-0205,2128682.42,2022-11-18,2022-12-20,70496.76,Pending,Conventional,True,32,3.311755635206495
TXN-03870,LST-1201,BYR-2097,AGT-0175,1792049.77,2021-08-07,2021-09-05,79628.59,Pending,Conventional,True,29,4.443436300321056
TXN-03871,LST-0279,BYR-3401,AGT-0254,2741493.84,2023-06-15,2023-07-15,147240.22,Pending,Conventional,False,30,5.370802511086438
TXN-03872,LST-1982,BYR-1982,AGT-0274,1853518.02,2020-07-04,2020-08-02,99213.64,Pending,Conventional,False,29,5.352720552455163
TXN-03873,LST-5370,BYR-3849,AGT-0199,708630.11,2024-01-16,2024-02-02,38126.48,Cancelled,Cash,True,17,5.3803076473846145
TXN-03874,LST-2709,BYR-3481,AGT-0002,938237.71,2024-07-24,2024-08-23,35994.75,Pending,Cash,True,30,3.836421155998942
TXN-03875,LST-3297,BYR-1209,AGT-0161,2190190.2,2021-07-31,2021-09-03,128827.59,Pending,FHA,True,34,5.882027506104263
TXN-03876,LST-0258,BYR-3035,AGT-0206,1410916.12,2021-10-06,2021-10-22,67090.28,Cancelled,Cash,True,16,4.755086361902222
TXN-03877,LST-4072,BYR-2826,AGT-0204,655232.16,2023-02-12,2023-02-27,25557.72,Cancelled,Conventional,True,15,3.900559459718827
TXN-03878,LST-2189,BYR-2891,AGT-0225,2347021.25,2020-03-25,2020-04-11,106396.23,Cancelled,Conventional,True,17,4.533245278456682
TXN-03879,LST-4620,BYR-0163,AGT-0230,158196.75,2022-10-23,2022-11-29,5641.48,Completed,Conventional,True,37,3.566116244486691
TXN-03880,LST-1662,BYR-3379,AGT-0225,2028992.97,2024-01-14,2024-02-02,61412.61,Pending,Conventional,True,19,3.02675321738547
TXN-03881,LST-2989,BYR-3414,AGT-0202,453269.48,2022-09-27,2022-11-05,11899.3,Cancelled,VA,True,39,2.6252153575396253
TXN-03882,LST-4708,BYR-2202,AGT-0125,902490.35,2024-01-12,2024-01-30,52164.09,Completed,VA,False,18,5.780016373582277
TXN-03883,LST-1283,BYR-3833,AGT-0161,289627.55,2024-06-21,2024-08-03,13284.84,Cancelled,Cash,True,43,4.5868702752897645
TXN-03884,LST-4272,BYR-1141,AGT-0182,2161327.68,2024-08-28,2024-09-23,120495.57,Pending,Conventional,True,26,5.5750718003111865
TXN-03885,LST-2635,BYR-1393,AGT-0021,1064038.63,2021-09-24,2021-10-16,50689.84,Pending,Conventional,True,22,4.763909746397084
TXN-03886,LST-2715,BYR-2347,AGT-0186,2578929.57,2023-11-16,2023-12-27,71710.5,Completed,Cash,True,41,2.7806304148119874
TXN-03887,LST-4801,BYR-1141,AGT-0136,2393131.45,2020-05-17,2020-06-29,67820.67,Pending,Conventional,True,43,2.8339717820347894
TXN-03888,LST-3129,BYR-2769,AGT-0132,1242952.61,2022-11-29,2022-12-27,36794.64,Pending,Conventional,True,28,2.9602608903971
TXN-03889,LST-2868,BYR-1864,AGT-0287,532093.87,2023-11-24,2023-12-09,30953.9,Cancelled,Conventional,True,15,5.817375794988957
TXN-03890,LST-2815,BYR-0723,AGT-0075,697294.37,2021-03-24,2021-04-17,36661.51,Pending,FHA,True,24,5.2576804829214385
TXN-03891,LST-5375,BYR-3491,AGT-0090,3073753.85,2020-08-20,2020-09-30,144358.06,Completed,FHA,True,41,4.696474312671459
TXN-03892,LST-4607,BYR-1482,AGT-0235,523713.03,2022-07-17,2022-08-01,17894.9,Unknown,Jumbo,True,15,3.416928541953596
TXN-03893,LST-4882,BYR-3165,AGT-0193,1694232.54,2022-01-05,2022-01-20,49877.67,Cancelled,Conventional,True,15,2.943968364578808
TXN-03894,LST-2617,BYR-1558,AGT-0124,2684924.83,2021-11-24,2021-12-16,128752.31,Pending,Jumbo,True,22,4.795378573038113
TXN-03895,LST-5509,BYR-0172,AGT-0165,2042249.88,2020-06-25,2020-07-17,117913.45,Completed,FHA,False,22,5.773703362881333
TXN-03896,LST-1730,BYR-3327,AGT-0248,1838713.39,2022-11-04,2022-11-25,98234.25,Pending,Jumbo,True,21,5.342553686412215
TXN-03897,LST-1849,BYR-3124,AGT-0133,1485297.88,2024-05-17,2024-06-15,73610.52,Pending,Cash,True,29,4.95594324823247
TXN-03898,LST-5681,BYR-2408,AGT-0115,1323676.03,2021-01-12,2021-02-10,36125.34,Completed,Conventional,False,29,2.7291678009761946
TXN-03899,LST-5896,BYR-0624,AGT-0088,628295.99,2022-10-29,2022-12-04,23274.38,Pending,Conventional,True,36,3.7043655172779313
TXN-03900,LST-5281,BYR-0381,AGT-0187,310949.71,2022-02-07,2022-02-23,16696.48,Pending,Conventional,True,16,5.3695113592484125
TXN-03901,LST-1211,BYR-3029,AGT-0041,1334875.05,2023-03-15,2023-04-07,66643.65,Pending,USDA,True,23,4.992500983519019
TXN-03902,LST-3444,BYR-2003,AGT-0250,2784771.09,2021-11-13,2021-12-23,122592.91,Cancelled,FHA,True,40,4.402261659503224
TXN-03903,LST-3781,BYR-0460,AGT-0156,761419.48,2023-05-29,2023-06-18,42901.7,Completed,VA,True,20,5.634436880968687
TXN-03904,LST-1918,BYR-3876,AGT-0156,950047.68,2023-07-14,2023-08-23,37659.78,Pending,Cash,True,40,3.9639884179286664
TXN-03905,LST-3718,BYR-2485,AGT-0227,1669319.67,2023-02-20,2023-03-20,87104.78,Cancelled,Cash,True,28,5.217980807714319
TXN-03906,LST-1810,BYR-1076,AGT-0065,2590327.94,2024-07-17,2024-08-21,84815.73,Pending,Conventional,True,35,3.2743240224633485
TXN-03907,LST-2802,BYR-1057,AGT-0112,918233.02,2021-10-04,2021-10-31,51984.04,Pending,Cash,True,27,5.661312419368234
TXN-03908,LST-2191,BYR-1392,AGT-0033,1354243.45,2024-06-01,2024-06-17,44272.08,Pending,Conventional,True,16,3.2691374656454864
TXN-03909,LST-2598,BYR-3310,AGT-0051,1015287.01,2024-06-30,2024-07-18,53200.41,Cancelled,FHA,True,18,5.239938015162826
TXN-03910,LST-3766,BYR-0319,AGT-0294,1875032.59,2023-06-25,2023-08-06,103031.04,Cancelled,VA,False,42,5.4948932914280695
TXN-03911,LST-0418,BYR-0779,AGT-0122,1483031.81,2021-09-22,2021-10-27,43192.57,Completed,Conventional,True,35,2.9124506776425787
TXN-03912,LST-5148,BYR-2775,AGT-0138,1535890.3,2023-09-25,2023-11-02,45543.95,Pending,Conventional,True,38,2.9653126919285833
TXN-03913,LST-0420,BYR-2449,AGT-0075,131671.39,2020-10-16,2020-11-02,4013.93,Completed,VA,True,17,3.048445072236269
TXN-03914,LST-0963,BYR-3513,AGT-0243,470046.9,2022-05-03,2022-06-01,26525.01,Pending,Cash,True,29,5.643056043981994
TXN-03915,LST-5314,BYR-3770,AGT-0161,1139519.76,2024-04-28,2024-05-25,41087.92,Pending,Conventional,True,27,3.605722466804788
TXN-03916,LST-2703,BYR-0408,AGT-0044,1811093.52,2021-01-16,2021-02-17,68835.25,Pending,Jumbo,True,32,3.800756241455715
TXN-03917,LST-3362,BYR-0806,AGT-0155,639699.33,2022-12-11,2023-01-14,31592.89,Completed,Conventional,True,34,4.93870925267344
TXN-03918,LST-5210,BYR-3344,AGT-0090,580251.59,2021-01-06,2021-02-09,30459.41,Completed,Conventional,False,34,5.249345374477992
TXN-03919,LST-1041,BYR-0391,AGT-0074,1509993.83,2020-10-15,2020-11-17,68116.14,Unknown,Conventional,True,33,4.5110210814570015
TXN-03920,LST-5778,BYR-1139,AGT-0082,849824.39,2023-07-15,2023-08-17,22683.96,Cancelled,VA,True,33,2.6692526440668525
TXN-03921,LST-2578,BYR-1888,AGT-0228,1206373.15,2022-09-14,2022-10-26,41315.61,Unknown,Conventional,False,42,3.4247786433244145
TXN-03922,LST-4105,BYR-0530,AGT-0285,180142.63,2022-06-08,2022-07-21,8753.03,Cancelled,Cash,True,43,4.85894427099238
TXN-03923,LST-1301,BYR-1864,AGT-0077,1449527.28,2022-08-27,2022-09-14,45624.75,Completed,Conventional,True,18,3.1475606309389366
TXN-03924,LST-5052,BYR-2474,AGT-0253,208247.08,2021-03-23,2021-04-20,9406.56,Cancelled,USDA,True,28,4.517018918104398
TXN-03925,LST-4748,BYR-0052,AGT-0123,1211529.7,2020-08-17,2020-09-03,62592.24,Cancelled,Conventional,True,17,5.166380981002777
TXN-03926,LST-1938,BYR-2280,AGT-0053,2235865.91,2020-09-11,2020-10-20,110548.47,Completed,Conventional,True,39,4.944324680007309
TXN-03927,LST-4003,BYR-3904,AGT-0168,1813737.79,2022-08-19,2022-09-08,85886.13,Pending,VA,False,20,4.735311271206408
TXN-03928,LST-5717,BYR-3469,AGT-0163,208028.54,2024-01-10,2024-02-01,10765.16,Cancelled,Conventional,True,22,5.174847643501223
TXN-03929,LST-0767,BYR-2774,AGT-0258,2215903.23,2023-08-16,2023-09-19,101969.91,Pending,Conventional,True,34,4.601731186609625
TXN-03930,LST-3509,BYR-1567,AGT-0205,1225289.17,2021-10-07,2021-11-13,62545.89,Pending,FHA,True,37,5.104581965741198
TXN-03931,LST-3871,BYR-3673,AGT-0004,2684545.83,2023-07-15,2023-08-19,115407.08,Cancelled,Conventional,False,35,4.298942439734769
TXN-03932,LST-2695,BYR-0352,AGT-0264,2476031.43,2024-04-06,2024-04-29,147600.96,Completed,Cash,True,23,5.961190888437146
TXN-03933,LST-1215,BYR-3886,AGT-0044,389194.51,2021-02-06,2021-03-04,18940.04,Cancelled,Conventional,True,26,4.866471523454943
TXN-03934,LST-0788,BYR-1619,AGT-0021,958562.13,2022-09-30,2022-11-05,50813.27,Cancelled,Cash,True,36,5.300988679784377
TXN-03935,LST-2428,BYR-0434,AGT-0189,1015812.76,2020-09-24,2020-11-02,38596.34,Pending,Conventional,True,39,3.7995525868369677
TXN-03936,LST-5448,BYR-1586,AGT-0190,1322890.11,2022-10-22,2022-11-20,67843.65,Pending,FHA,False,29,5.1284418476754645
TXN-03937,LST-5127,BYR-3621,AGT-0266,2181883.13,2021-04-29,2021-05-28,129676.49,Pending,Cash,True,29,5.9433288711481085
TXN-03938,LST-2296,BYR-0602,AGT-0240,2438911.5,2021-06-16,2021-07-13,124974.2,Cancelled,VA,False,27,5.124179372642263
TXN-03939,LST-5289,BYR-3655,AGT-0007,154383.64,2021-06-10,2021-07-03,5188.57,Unknown,Cash,True,23,3.3608289064825776
TXN-03940,LST-4509,BYR-3407,AGT-0270,975772.21,2023-12-14,2024-01-11,26813.85,Pending,Conventional,True,28,2.7479620474126847
TXN-03941,LST-0787,BYR-0008,AGT-0175,992631.4,2022-09-02,2022-10-01,49206.06,Pending,Conventional,True,29,4.95713313119049
TXN-03942,LST-2587,BYR-3767,AGT-0078,2089258.49,2021-05-14,2021-06-23,118541.76,Pending,Conventional,False,40,5.673867573944859
TXN-03943,LST-0218,BYR-2907,AGT-0229,1630860.76,2023-05-25,2023-07-04,57808.49,Pending,FHA,True,40,3.544661286718309
TXN-03944,LST-0259,BYR-0949,AGT-0234,2372024.66,2024-09-19,2024-10-17,105262.96,Cancelled,Conventional,False,28,4.437684050046934
TXN-03945,LST-0548,BYR-2646,AGT-0015,1953872.93,2022-06-10,2022-07-17,53841.38,Cancelled,Conventional,True,37,2.755623417127745
TXN-03946,LST-4001,BYR-3053,AGT-0286,2389491.2,2024-06-30,2024-08-12,113131.15,Cancelled,FHA,True,43,4.73452884028198
TXN-03947,LST-1520,BYR-3157,AGT-0248,511063.08,2022-05-15,2022-06-22,29777.46,Completed,FHA,True,38,5.826572328410027
TXN-03948,LST-4926,BYR-1608,AGT-0142,151386.92,2024-07-25,2024-08-09,8325.05,Cancelled,Conventional,True,15,5.4991871160335375
TXN-03949,LST-2984,BYR-2966,AGT-0270,2519790.04,2023-04-10,2023-05-08,122331.69,Cancelled,Conventional,False,28,4.854836635515871
TXN-03950,LST-1931,BYR-2894,AGT-0150,1541191.87,2024-01-13,2024-02-14,80489.18,Unknown,Jumbo,True,32,5.222528198257365
TXN-03951,LST-5690,BYR-1805,AGT-0080,1495068.28,2021-11-03,2021-12-09,40948.91,Completed,VA,True,36,2.73893243190204
TXN-03952,LST-0567,BYR-2816,AGT-0011,1313107.51,2023-09-14,2023-10-26,67900.39,Completed,Conventional,False,42,5.170969588011875
TXN-03953,LST-1150,BYR-0658,AGT-0138,1477920.25,2020-04-06,2020-05-18,58033.35,Pending,Cash,True,42,3.9266902256735436
TXN-03954,LST-0055,BYR-2614,AGT-0156,2572595.12,2021-08-03,2021-08-30,142872.82,Cancelled,Jumbo,True,27,5.553645767624717
TXN-03955,LST-5903,BYR-3414,AGT-0008,665457.84,2021-03-17,2021-04-22,35720.68,Cancelled,VA,False,36,5.367835173449906
TXN-03956,LST-5262,BYR-0283,AGT-0165,547190.24,2023-06-03,2023-07-01,18363.46,Pending,FHA,True,28,3.355955325518964
TXN-03957,LST-1101,BYR-1825,AGT-0079,845576.23,2024-05-25,2024-06-27,46333.64,Cancelled,VA,True,33,5.47953435256807
TXN-03958,LST-5401,BYR-3330,AGT-0158,2729963.64,2021-01-22,2021-03-05,93601.71,Cancelled,VA,True,42,3.4286797314267528
TXN-03959,LST-2649,BYR-1866,AGT-0142,1474197.52,2021-10-25,2021-11-22,74361.87,Cancelled,Conventional,True,28,5.044227044962062
TXN-03960,LST-0331,BYR-0795,AGT-0156,2296092.95,2023-07-16,2023-08-03,72130.97,Completed,FHA,True,18,3.141465592671237
TXN-03961,LST-3003,BYR-1387,AGT-0131,2637783.47,2023-11-26,2024-01-02,68553.27,Completed,VA,False,37,2.5988967926923885
TXN-03962,LST-4682,BYR-0039,AGT-0251,558408.18,2023-07-07,2023-08-03,15057.19,Pending,FHA,True,27,2.6964486802467684
TXN-03963,LST-4980,BYR-1583,AGT-0247,1302439.63,2024-07-18,2024-08-02,66656.62,Cancelled,Conventional,True,15,5.117827994837657
TXN-03964,LST-0497,BYR-1907,AGT-0297,1309730.92,2021-06-27,2021-07-19,62249.02,Pending,Cash,False,22,4.752809836695311
TXN-03965,LST-4906,BYR-1851,AGT-0094,1400683.92,2022-03-27,2022-04-15,44549.52,Cancelled,Conventional,True,19,3.180554824960081
TXN-03966,LST-4625,BYR-0072,AGT-0004,1963870.01,2021-11-15,2021-12-12,115961.44,Pending,VA,True,27,5.904741118787185
TXN-03967,LST-3587,BYR-0811,AGT-0021,1767798.09,2020-10-16,2020-11-14,73452.2,Pending,Cash,False,29,4.155010711658818
TXN-03968,LST-2813,BYR-0653,AGT-0201,1047817.18,2020-04-10,2020-05-05,50612.98,Completed,Conventional,False,25,4.830325458110927
TXN-03969,LST-3085,BYR-3528,AGT-0166,1804973.54,2022-01-08,2022-02-21,56401.58,Completed,Conventional,True,44,3.124787081366301
TXN-03970,LST-5217,BYR-2123,AGT-0137,1448937.64,2022-04-09,2022-05-23,59732.6,Unknown,Cash,False,44,4.122510061923714
TXN-03971,LST-0128,BYR-0426,AGT-0186,2729539.25,2021-08-03,2021-09-05,137453.1,Completed,Conventional,False,33,5.03576198803516
TXN-03972,LST-4212,BYR-1475,AGT-0030,1757930.44,2021-04-21,2021-05-13,104488.55,Pending,Cash,False,22,5.943838710705755
TXN-03973,LST-3676,BYR-0672,AGT-0239,423226.19,2023-08-06,2023-09-16,10635.06,Cancelled,Cash,True,41,2.5128548873594045
TXN-03974,LST-0361,BYR-3946,AGT-0174,2145593.6,2024-07-10,2024-08-08,55601.48,Cancelled,Conventional,False,29,2.5914264472078963
TXN-03975,LST-4045,BYR-1459,AGT-0067,1348720.03,2023-05-29,2023-06-19,77445.88,Cancelled,Conventional,True,21,5.742176157938427
TXN-03976,LST-3613,BYR-1939,AGT-0250,1215335.39,2022-10-02,2022-11-15,42019.99,Pending,Conventional,True,44,3.4574809839117746
TXN-03977,LST-0156,BYR-0814,AGT-0284,2110597.73,2021-03-16,2021-04-03,62892.99,Pending,FHA,True,18,2.979866277028546
TXN-03978,LST-0115,BYR-1696,AGT-0086,1740829.62,2021-06-14,2021-06-30,57694.09,Pending,Conventional,True,16,3.3141721244380014
TXN-03979,LST-2584,BYR-2977,AGT-0096,1146651.34,2023-08-21,2023-09-14,43610.13,Cancelled,VA,True,24,3.8032598470603975
TXN-03980,LST-3691,BYR-2071,AGT-0266,1303146.92,2022-07-07,2022-07-25,76539.27,Completed,Cash,True,18,5.873418324926863
TXN-03981,LST-5823,BYR-0327,AGT-0057,868532.35,2024-07-20,2024-08-14,45702.76,Pending,Conventional,True,25,5.262067670824236
TXN-03982,LST-4097,BYR-3179,AGT-0111,812331.89,2024-11-13,2024-12-01,38620.17,Pending,Cash,True,18,4.754235365547448
TXN-03983,LST-5939,BYR-3710,AGT-0108,1847398.13,2021-11-26,2022-01-06,64484.08,Cancelled,Jumbo,True,41,3.4905350911013424
TXN-03984,LST-4047,BYR-0600,AGT-0066,2051464.44,2021-05-18,2021-06-19,69203.94,Cancelled,VA,True,32,3.373392131525322
TXN-03985,LST-3251,BYR-1399,AGT-0006,572010.49,2020-08-20,2020-10-02,32442.84,Completed,Conventional,True,43,5.671721160218582
TXN-03986,LST-1912,BYR-2089,AGT-0151,1096759.72,2023-04-14,2023-05-27,41723.57,Cancelled,Conventional,True,43,3.804258055720719
TXN-03987,LST-2163,BYR-3653,AGT-0134,148189.42,2024-09-14,2024-10-26,6695.33,Cancelled,Conventional,True,42,4.518089078154162
TXN-03988,LST-5502,BYR-3587,AGT-0274,2272536.39,2020-07-12,2020-08-12,135718.56,Cancelled,USDA,False,31,5.972118228654636
TXN-03989,LST-3536,BYR-0958,AGT-0216,804820.03,2020-09-09,2020-10-16,34713.6,Pending,Conventional,True,37,4.313212731546952
TXN-03990,LST-2609,BYR-2821,AGT-0078,1485909.47,2022-01-14,2022-02-08,60260.58,Cancelled,Jumbo,True,25,4.055467793741163
TXN-03991,LST-2384,BYR-2632,AGT-0119,2035207.58,2020-11-21,2020-12-28,81263.41,Completed,VA,False,37,3.992880667238867
TXN-03992,LST-0439,BYR-3400,AGT-0269,2421006.05,2020-05-20,2020-06-24,87868.8,Completed,VA,True,35,3.629433309346749
TXN-03993,LST-3273,BYR-1602,AGT-0103,356235.05,2020-10-25,2020-11-16,18278.2,Pending,Conventional,True,22,5.130938126385936
TXN-03994,LST-0962,BYR-0708,AGT-0047,1489810.22,2021-01-15,2021-02-24,70801.16,Cancelled,Conventional,False,40,4.752361008773319
TXN-03995,LST-2438,BYR-0791,AGT-0227,1471199.33,2020-07-27,2020-08-18,54584.75,Completed,Conventional,True,22,3.710221238341646
TXN-03996,LST-3406,BYR-1714,AGT-0124,2530524.05,2022-04-11,2022-04-29,70214.34,Cancelled,Jumbo,True,18,2.774695620853712
TXN-03997,LST-4706,BYR-2921,AGT-0300,1291127.28,2020-08-26,2020-09-11,44940.55,Completed,Conventional,True,16,3.4807219006324464
TXN-03998,LST-5150,BYR-3313,AGT-0289,1988062.6,2022-03-04,2022-04-03,69940.83,Pending,Conventional,False,30,3.5180396230983875
TXN-03999,LST-0331,BYR-3922,AGT-0216,2017188.53,2023-03-06,2023-04-12,66488.31,Pending,VA,True,37,3.2960880458704573
TXN-04000,LST-5378,BYR-0254,AGT-0101,1551746.42,2022-10-05,2022-11-11,59949.21,Pending,Jumbo,True,37,3.8633380575158665
TXN-04001,LST-3648,BYR-0040,AGT-0254,1434915.27,2021-01-20,2021-02-26,73027.04,Pending,Conventional,False,37,5.089292833297397
TXN-04002,LST-5757,BYR-3912,AGT-0229,1429658.17,2021-06-19,2021-07-13,70926.34,Cancelled,Cash,True,24,4.961069819927654
TXN-04003,LST-0553,BYR-2846,AGT-0189,2604828.4,2023-09-11,2023-10-22,129931.71,Pending,Cash,True,41,4.98811015727562
TXN-04004,LST-2159,BYR-0633,AGT-0219,2275867.89,2023-02-18,2023-03-12,96178.39,Cancelled,Conventional,True,22,4.2260093576872775
TXN-04005,LST-3693,BYR-2545,AGT-0185,1839238.33,2024-08-06,2024-09-20,56310.49,Pending,Conventional,True,45,3.061620078350585
TXN-04006,LST-2118,BYR-1072,AGT-0124,964030.3,2021-01-16,2021-02-11,36633.34,Cancelled,Conventional,True,26,3.8000195637004355
TXN-04007,LST-5690,BYR-3518,AGT-0054,1462019.65,2022-02-06,2022-02-26,77617.04,Cancelled,FHA,False,20,5.308891710176399
TXN-04008,LST-1660,BYR-0659,AGT-0192,1357953.09,2021-07-12,2021-07-28,71423.92,Completed,Conventional,True,16,5.25967505990947
TXN-04009,LST-0773,BYR-3314,AGT-0253,827203.61,2021-03-07,2021-04-01,32338.73,Cancelled,Cash,True,25,3.9094038769971036
TXN-04010,LST-1101,BYR-2653,AGT-0009,796489.15,2024-07-10,2024-08-03,27426.68,Pending,FHA,True,24,3.443446781415666
TXN-04011,LST-3960,BYR-1070,AGT-0116,235506.01,2022-06-14,2022-07-02,8788.36,Completed,Conventional,False,18,3.7316924523497303
TXN-04012,LST-3048,BYR-0090,AGT-0032,2091705.72,2023-12-08,2024-01-02,114374.58,Pending,Conventional,True,25,5.468005317688762
TXN-04013,LST-2572,BYR-1063,AGT-0014,771427.96,2024-10-06,2024-11-13,28432.42,Completed,Cash,True,38,3.6856869953222846
TXN-04014,LST-4016,BYR-0909,AGT-0005,1316412.31,2024-06-07,2024-07-12,76647.93,Cancelled,Conventional,True,35,5.822486573374568
TXN-04015,LST-4433,BYR-2678,AGT-0082,1937814.7,2020-06-06,2020-07-09,56047.18,Completed,Conventional,True,33,2.8922878952254827
TXN-04016,LST-2017,BYR-2632,AGT-0030,1741740.67,2023-06-08,2023-07-02,75060.58,Cancelled,Cash,True,24,4.309515262108452
TXN-04017,LST-4399,BYR-1912,AGT-0168,1612796.4,2022-11-08,2022-12-21,73059.3,Pending,FHA,True,43,4.52997662941212
TXN-04018,LST-2246,BYR-2346,AGT-0098,1567188.2,2020-07-20,2020-08-25,60357.31,Pending,Cash,False,36,3.8513121780779107
TXN-04019,LST-5084,BYR-1242,AGT-0276,1151094.07,2024-03-18,2024-04-12,42878.58,Completed,Conventional,True,25,3.7250283115436424
TXN-04020,LST-3571,BYR-1157,AGT-0287,1298608.74,2020-06-08,2020-07-02,54561.47,Completed,Conventional,True,24,4.201532634071137
TXN-04021,LST-5375,BYR-2835,AGT-0150,2921013.27,2020-08-01,2020-08-22,80536.34,Completed,Conventional,False,21,2.7571370807226767
TXN-04022,LST-5616,BYR-2389,AGT-0149,2002686.61,2021-11-07,2021-12-10,62304.96,Pending,Jumbo,True,33,3.1110688856106146
TXN-04023,LST-2255,BYR-1555,AGT-0255,1234375.86,2023-04-24,2023-05-25,32848.51,Unknown,Conventional,True,31,2.6611432598819618
TXN-04024,LST-5508,BYR-2626,AGT-0185,1389130.73,2024-08-24,2024-09-30,78284.15,Pending,VA,True,37,5.6354775190957005
TXN-04025,LST-4330,BYR-3257,AGT-0171,239802.21,2021-04-23,2021-05-23,7082.22,Pending,VA,True,30,2.953358936933901
TXN-04026,LST-5165,BYR-3702,AGT-0060,2012374.96,2023-05-01,2023-05-31,60056.65,Cancelled,Conventional,True,30,2.9843667901731394
TXN-04027,LST-3657,BYR-0108,AGT-0267,2157158.86,2020-08-11,2020-08-29,98815.0,Pending,VA,True,18,4.58079383175331
TXN-04028,LST-5274,BYR-0358,AGT-0188,2060638.98,2020-09-11,2020-10-03,58326.36,Pending,Conventional,True,22,2.8304987222943825
TXN-04029,LST-2937,BYR-1869,AGT-0073,1393967.62,2023-01-30,2023-02-15,65799.37,Pending,FHA,True,16,4.7202940051075215
TXN-04030,LST-0414,BYR-2265,AGT-0158,1446407.18,2021-02-24,2021-04-05,56405.37,Cancelled,Conventional,True,40,3.8996881915367707
TXN-04031,LST-4878,BYR-0858,AGT-0100,2065463.48,2023-09-06,2023-10-09,87567.76,Completed,Conventional,False,33,4.239617928272447
TXN-04033,LST-1930,BYR-2559,AGT-0084,254850.34,2024-11-19,2024-12-31,6969.81,Pending,Conventional,True,42,2.7348639205268475
TXN-04034,LST-3324,BYR-1128,AGT-0118,1707833.82,2021-09-10,2021-10-12,62619.01,Pending,Conventional,True,32,3.6665751238021507
TXN-04035,LST-1145,BYR-0008,AGT-0001,934729.0,2020-11-08,2020-12-05,54439.17,Completed,Cash,True,27,5.824059165811695
TXN-04036,LST-4210,BYR-3029,AGT-0035,1817224.58,2023-10-05,2023-11-04,101623.68,Completed,Conventional,True,30,5.5922466115883145
TXN-04037,LST-2937,BYR-0468,AGT-0217,1494086.47,2022-11-03,2022-11-22,38457.24,Pending,VA,True,19,2.5739634734795502
TXN-04038,LST-4653,BYR-0006,AGT-0030,1958407.76,2022-10-19,2022-11-15,93845.16,Pending,FHA,False,27,4.791911159502351
TXN-04039,LST-1141,BYR-1550,AGT-0249,1808423.43,2022-01-17,2022-02-03,60512.94,Pending,Cash,False,17,3.346170979437045
TXN-04040,LST-5619,BYR-0877,AGT-0095,1983865.55,2024-09-15,2024-10-15,109746.97,Completed,Conventional,True,30,5.531976196673207
TXN-04041,LST-4837,BYR-1776,AGT-0148,2032503.66,2024-10-28,2024-11-22,85736.33,Unknown,Conventional,True,25,4.218262022711438
TXN-04042,LST-3419,BYR-1391,AGT-0183,2238337.88,2024-02-12,2024-03-25,90365.86,Cancelled,FHA,True,42,4.037185842559212
TXN-04043,LST-1482,BYR-0559,AGT-0213,144968.12,2023-10-05,2023-11-10,6427.19,Pending,VA,True,36,4.433519590376147
TXN-04044,LST-1634,BYR-2427,AGT-0098,1751747.23,2024-07-11,2024-08-08,87657.66,Pending,Conventional,True,28,5.004013050444499
TXN-04045,LST-0813,BYR-1092,AGT-0002,951117.2,2022-05-30,2022-07-07,35567.31,Pending,Conventional,True,38,3.7395296815155903
TXN-04046,LST-1512,BYR-3551,AGT-0060,1321650.18,2021-12-03,2022-01-04,69544.58,Unknown,Conventional,False,32,5.261950632050003
TXN-04047,LST-4924,BYR-0180,AGT-0241,985116.04,2024-01-19,2024-02-09,41723.7,Pending,Cash,True,21,4.235409668083365
TXN-04048,LST-0852,BYR-2490,AGT-0220,978952.75,2024-03-16,2024-04-01,45770.06,Pending,FHA,True,16,4.675410534369508
TXN-04049,LST-3372,BYR-2251,AGT-0173,286303.71,2020-09-04,2020-10-08,11240.06,Cancelled,Conventional,True,34,3.925921882046166
TXN-04050,LST-1332,BYR-0732,AGT-0070,1621008.52,2024-01-23,2024-03-03,82811.78,Pending,Conventional,True,40,5.10865791131067
TXN-04051,LST-0561,BYR-3642,AGT-0191,2022889.83,2020-10-13,2020-11-24,66430.92,Cancelled,Conventional,False,42,3.283961341582305
TXN-04052,LST-1733,BYR-0715,AGT-0207,2257542.68,2022-10-08,2022-10-27,65267.61,Cancelled,Cash,True,19,2.8910908563642304
TXN-04053,LST-2244,BYR-2611,AGT-0023,2427741.68,2022-03-15,2022-04-19,85244.5,Cancelled,Cash,True,35,3.5112673107791266
TXN-04054,LST-2270,BYR-1170,AGT-0106,121741.76,2022-09-27,2022-10-21,7192.7,Completed,Conventional,False,24,5.908161669422226
TXN-04055,LST-4396,BYR-0928,AGT-0026,1495761.24,2023-12-11,2023-12-31,71546.25,Cancelled,Conventional,True,20,4.783266746502938
TXN-04056,LST-2682,BYR-0632,AGT-0195,451347.95,2022-06-05,2022-07-03,21254.46,Pending,Conventional,True,28,4.70910746354337
TXN-04057,LST-0647,BYR-3064,AGT-0057,2565261.71,2022-09-01,2022-09-20,141280.48,Completed,VA,True,19,5.50744898461062
TXN-04058,LST-1203,BYR-3707,AGT-0270,1068797.74,2024-11-12,2024-12-14,50390.49,Cancelled,Cash,False,32,4.714689048650121
TXN-04059,LST-0345,BYR-0505,AGT-0098,2062660.29,2024-02-02,2024-03-03,118244.94,Completed,Cash,True,30,5.732642479872437
TXN-04060,LST-2752,BYR-0462,AGT-0231,1158311.11,2022-12-12,2023-01-12,51333.05,Completed,VA,True,31,4.431715240994278
TXN-04061,LST-5765,BYR-2318,AGT-0204,667962.55,2022-01-19,2022-02-13,35701.88,Completed,Jumbo,False,25,5.344892464405376
TXN-04062,LST-4202,BYR-0025,AGT-0230,2883888.42,2021-08-10,2021-09-14,81997.08,Completed,FHA,False,35,2.8432819880042377
TXN-04063,LST-4066,BYR-0504,AGT-0258,1863186.44,2021-05-07,2021-06-15,80580.35,Completed,Cash,True,39,4.324867778664169
TXN-04064,LST-1491,BYR-1115,AGT-0148,1261432.19,2022-02-17,2022-03-24,35838.41,Pending,Cash,True,35,2.841088905460705
TXN-04065,LST-2349,BYR-0499,AGT-0148,2812874.92,2021-11-13,2021-11-30,72829.08,Cancelled,Conventional,False,17,2.589133255879007
TXN-04066,LST-2389,BYR-2426,AGT-0007,2137290.33,2020-12-05,2021-01-13,111019.33,Completed,Conventional,True,39,5.194396308338699
TXN-04067,LST-3912,BYR-2737,AGT-0163,2121794.54,2021-11-10,2021-12-16,111070.9,Pending,VA,True,36,5.23476226873503
TXN-04068,LST-2559,BYR-2745,AGT-0158,1484073.36,2022-09-20,2022-10-30,75826.68,Cancelled,Cash,False,40,5.109361979248788
TXN-04069,LST-0566,BYR-1914,AGT-0119,1077608.27,2020-07-18,2020-08-28,36493.34,Cancelled,FHA,False,41,3.3865126146442805
TXN-04070,LST-2043,BYR-3562,AGT-0206,1102484.63,2023-04-21,2023-05-30,58296.99,Pending,Conventional,True,39,5.287782560741913
TXN-04071,LST-2629,BYR-0478,AGT-0010,2178470.25,2020-04-23,2020-05-23,100164.21,Cancelled,Conventional,True,30,4.597914981854814
TXN-04072,LST-1621,BYR-2442,AGT-0161,2507861.01,2020-08-06,2020-09-07,120585.86,Cancelled,Conventional,True,32,4.808315114720014
TXN-04073,LST-3754,BYR-1877,AGT-0278,357932.34,2021-11-05,2021-12-12,10569.49,Completed,Jumbo,False,37,2.952929595576639
TXN-04074,LST-2768,BYR-0288,AGT-0043,2104304.09,2022-03-15,2022-04-23,114146.49,Pending,Conventional,False,39,5.424429413146273
TXN-04075,LST-1317,BYR-2922,AGT-0213,1812727.55,2020-10-19,2020-11-30,98429.63,Pending,FHA,False,42,5.429918577670429
TXN-04076,LST-0254,BYR-0160,AGT-0289,440414.19,2020-09-27,2020-11-11,13055.11,Cancelled,VA,True,45,2.964280056462304
TXN-04077,LST-3409,BYR-2685,AGT-0285,1256222.02,2022-04-18,2022-05-16,71281.04,Completed,Jumbo,False,28,5.674239017080754
TXN-04078,LST-5982,BYR-1341,AGT-0146,1330892.18,2021-03-24,2021-04-23,67019.54,Completed,VA,True,30,5.035685159709932
TXN-04079,LST-0013,BYR-0318,AGT-0246,393504.34,2023-02-14,2023-03-17,19640.1,Cancelled,Conventional,True,31,4.991075829049305
TXN-04080,LST-5065,BYR-3859,AGT-0274,1791809.35,2024-03-08,2024-04-16,72995.83,Cancelled,Cash,True,39,4.073861429509786
TXN-04081,LST-0404,BYR-2267,AGT-0243,2566713.63,2023-01-03,2023-01-26,78085.72,Completed,Cash,True,23,3.042245114037128
TXN-04082,LST-1298,BYR-2905,AGT-0148,112675.71,2020-04-01,2020-04-22,4109.04,Completed,Cash,True,21,3.646784209302963
TXN-04083,LST-5941,BYR-3871,AGT-0014,498009.81,2022-06-14,2022-06-30,12452.7,Pending,Cash,True,16,2.500492911976975
TXN-04084,LST-5922,BYR-2616,AGT-0279,2546626.76,2024-01-20,2024-02-22,76297.19,Completed,Conventional,True,33,2.996009906060989
TXN-04085,LST-4711,BYR-3569,AGT-0168,1670340.89,2022-02-28,2022-03-26,57791.67,Cancelled,Cash,True,26,3.459872792792614
TXN-04086,LST-3353,BYR-2353,AGT-0036,2259499.51,2020-07-03,2020-08-03,111729.06,Completed,VA,True,31,4.944858784235807
TXN-04087,LST-5176,BYR-1807,AGT-0021,3146888.22,2020-07-14,2020-08-06,104829.64,Pending,Conventional,False,23,3.3312158764889332
TXN-04088,LST-3860,BYR-3282,AGT-0079,155640.2,2022-09-25,2022-11-08,8183.26,Completed,Cash,True,44,5.257806145198991
TXN-04089,LST-0248,BYR-0876,AGT-0115,695487.98,2020-08-16,2020-09-12,33845.09,Pending,VA,True,27,4.8663802931576186
TXN-04090,LST-5407,BYR-3172,AGT-0256,2427934.9,2021-08-26,2021-10-07,93556.53,Completed,Jumbo,True,42,3.8533376656845286
TXN-04091,LST-4724,BYR-3560,AGT-0215,858890.27,2022-11-25,2022-12-11,22996.93,Cancelled,FHA,True,16,2.677516651806988
TXN-04092,LST-1911,BYR-1840,AGT-0110,926284.1,2022-03-24,2022-04-10,35467.51,Cancelled,Cash,True,17,3.8290099117538565
TXN-04093,LST-3933,BYR-3267,AGT-0166,2521024.82,2022-04-09,2022-04-28,86002.56,Cancelled,Cash,True,19,3.4114126651081524
TXN-04094,LST-0131,BYR-3096,AGT-0093,1376283.71,2021-05-01,2021-06-14,71384.06,Cancelled,Cash,True,44,5.186725635225312
TXN-04095,LST-3455,BYR-2602,AGT-0065,403662.68,2024-08-12,2024-08-30,15809.67,Cancelled,Jumbo,False,18,3.916554782820151
TXN-04096,LST-0149,BYR-2896,AGT-0144,819155.8,2022-10-03,2022-11-04,33170.53,Completed,VA,False,32,4.049355446180079
TXN-04097,LST-3806,BYR-3848,AGT-0072,2390583.55,2022-08-03,2022-08-27,70655.49,Cancelled,FHA,False,24,2.955575010126712
TXN-04098,LST-5011,BYR-3310,AGT-0220,893335.78,2021-10-15,2021-11-13,43685.34,Completed,Conventional,True,29,4.890136606864666
TXN-04099,LST-5899,BYR-0323,AGT-0075,1782196.62,2024-07-24,2024-09-02,77490.94,Cancelled,Cash,False,40,4.34805784784846
TXN-04100,LST-0687,BYR-1969,AGT-0045,147321.63,2020-06-20,2020-07-12,8425.12,Completed,Cash,False,22,5.718861514089955
TXN-04101,LST-1782,BYR-0927,AGT-0074,1692493.02,2020-06-26,2020-07-18,77957.66,Pending,Conventional,False,22,4.606084579303022
TXN-04102,LST-4210,BYR-0240,AGT-0197,2140549.77,2023-09-11,2023-10-13,123730.48,Pending,Jumbo,True,32,5.780313157586614
TXN-04103,LST-2555,BYR-3914,AGT-0142,1413680.38,2022-10-16,2022-11-06,67120.37,Pending,Conventional,True,21,4.747916923060077
TXN-04104,LST-2644,BYR-3566,AGT-0087,1182222.71,2022-03-09,2022-04-18,47142.15,Completed,Conventional,True,40,3.9875862306857566
TXN-04105,LST-2803,BYR-3004,AGT-0037,685176.51,2024-06-05,2024-06-29,34246.48,Cancelled,Jumbo,True,24,4.998198201511608
TXN-04106,LST-2617,BYR-2972,AGT-0287,2738281.98,2022-01-31,2022-03-07,95703.32,Cancelled,Conventional,True,35,3.4950133221853217
TXN-04107,LST-1007,BYR-3345,AGT-0152,2275134.12,2021-06-22,2021-08-05,133670.83,Unknown,Cash,False,44,5.87529450791235
TXN-04108,LST-3338,BYR-1894,AGT-0224,2415090.07,2021-07-14,2021-08-04,121744.41,Unknown,Conventional,True,21,5.040988388478613
TXN-04109,LST-5975,BYR-3987,AGT-0176,351530.8,2020-09-13,2020-09-30,10177.95,Cancelled,Cash,True,17,2.8953224013372374
TXN-04110,LST-4648,BYR-2018,AGT-0218,2254931.67,2022-01-31,2022-03-03,120473.31,Cancelled,Jumbo,True,31,5.342659008376959
TXN-04111,LST-4100,BYR-1468,AGT-0292,1678251.86,2021-01-15,2021-02-04,96652.02,Cancelled,Cash,True,20,5.759089103586633
TXN-04112,LST-1403,BYR-3917,AGT-0296,378506.02,2023-06-20,2023-07-29,13600.89,Cancelled,Conventional,True,39,3.593308766925292
TXN-04113,LST-0730,BYR-1289,AGT-0002,151262.36,2020-07-16,2020-08-21,4702.12,Completed,Conventional,True,36,3.1085856388859727
TXN-04114,LST-4839,BYR-3052,AGT-0103,1177101.42,2024-08-09,2024-09-12,68073.75,Pending,Conventional,True,34,5.783167774956894
TXN-04115,LST-4801,BYR-0974,AGT-0298,2204093.3,2020-09-04,2020-10-14,93759.54,Completed,FHA,True,40,4.2538825375495675
TXN-04116,LST-0040,BYR-3108,AGT-0164,1412540.83,2022-08-25,2022-10-09,79390.47,Completed,Conventional,True,45,5.620401783359423
TXN-04117,LST-3501,BYR-2438,AGT-0095,708689.58,2023-03-29,2023-04-25,27924.79,Cancelled,FHA,False,27,3.9403415526442482
TXN-04118,LST-3697,BYR-2964,AGT-0117,2077653.79,2022-10-09,2022-11-07,70107.14,Pending,FHA,True,29,3.3743417857890554
TXN-04119,LST-4113,BYR-1938,AGT-0226,1307327.8,2024-09-10,2024-10-16,41986.71,Pending,Cash,True,36,3.2116436290882824
TXN-04120,LST-5575,BYR-2360,AGT-0189,786239.3,2024-01-10,2024-02-06,23980.43,Pending,Cash,True,27,3.0500167061097048
TXN-04121,LST-5064,BYR-0973,AGT-0280,159180.55,2021-05-30,2021-07-14,9201.15,Unknown,Cash,True,45,5.780323035697514
TXN-04122,LST-5659,BYR-0764,AGT-0289,1058120.41,2020-11-27,2020-12-30,60941.53,Completed,FHA,True,33,5.759413524591214
TXN-04123,LST-2324,BYR-2032,AGT-0088,2449320.91,2021-06-01,2021-07-10,125793.09,Pending,VA,False,39,5.1358353854905845
TXN-04124,LST-0655,BYR-2537,AGT-0078,1030665.42,2024-05-23,2024-07-05,53534.09,Completed,Conventional,False,43,5.194128857064011
TXN-04125,LST-1651,BYR-2665,AGT-0090,730701.66,2023-08-27,2023-10-06,25005.45,Completed,Conventional,True,40,3.4221148478025905
TXN-04126,LST-4841,BYR-3523,AGT-0213,2367031.95,2024-04-06,2024-04-29,123084.62,Pending,Conventional,True,23,5.199956003973668
TXN-04127,LST-0049,BYR-1512,AGT-0247,2162719.01,2024-09-07,2024-10-02,86224.51,Completed,Conventional,True,25,3.9868568039266465
TXN-04128,LST-0426,BYR-2895,AGT-0083,2294658.83,2022-09-09,2022-10-11,114768.11,Cancelled,Conventional,False,32,5.001532624350959
TXN-04129,LST-4697,BYR-1505,AGT-0291,1403513.25,2023-06-22,2023-08-02,64674.04,Pending,Conventional,True,41,4.608010647566028
TXN-04130,LST-3640,BYR-2579,AGT-0236,2083734.85,2023-06-12,2023-07-09,79161.24,Completed,FHA,True,27,3.7990073449124298
TXN-04131,LST-2913,BYR-2862,AGT-0113,324654.05,2020-08-17,2020-09-26,19451.46,Cancelled,Conventional,True,40,5.991442275246528
TXN-04132,LST-3998,BYR-0885,AGT-0264,1800228.37,2022-08-19,2022-09-04,72130.45,Cancelled,VA,True,16,4.0067388783568605
TXN-04133,LST-4668,BYR-0077,AGT-0068,2753900.35,2022-08-19,2022-09-18,115045.77,Completed,Cash,True,30,4.177557477706119
TXN-04134,LST-5784,BYR-2224,AGT-0247,945931.68,2021-12-31,2022-01-17,41827.72,Pending,VA,True,17,4.421854229472471
TXN-04135,LST-1664,BYR-1242,AGT-0039,1624620.59,2022-07-16,2022-08-22,49221.18,Cancelled,Cash,True,37,3.0297030767042044
TXN-04136,LST-0468,BYR-0533,AGT-0107,1639127.49,2022-08-25,2022-09-18,80289.01,Pending,Cash,True,24,4.898277314597414
TXN-04137,LST-1266,BYR-3166,AGT-0232,997173.72,2023-08-11,2023-09-14,51996.48,Completed,Cash,False,34,5.214385312922206
TXN-04138,LST-5429,BYR-3991,AGT-0190,500501.85,2023-01-30,2023-03-13,22788.81,Cancelled,Cash,True,42,4.553191961228515
TXN-04139,LST-1511,BYR-3776,AGT-0253,307980.06,2021-01-24,2021-02-21,18333.77,Cancelled,Jumbo,True,28,5.9529081200906315
TXN-04140,LST-2765,BYR-1954,AGT-0002,312124.16,2023-04-16,2023-05-12,18301.43,Pending,VA,True,26,5.863509572600853
TXN-04141,LST-5676,BYR-0352,AGT-0266,398788.82,2023-11-13,2023-12-13,23847.63,Completed,Conventional,True,30,5.98001468546686
TXN-04142,LST-1251,BYR-2321,AGT-0057,693635.63,2020-03-09,2020-03-26,22768.36,Pending,Cash,True,17,3.2824669055711566
TXN-04143,LST-2694,BYR-1646,AGT-0091,1871508.73,2020-07-10,2020-08-13,72326.13,Completed,Conventional,False,34,3.8645895068841063
TXN-04144,LST-0244,BYR-0435,AGT-0088,2536900.71,2022-08-10,2022-08-29,70918.79,Cancelled,Cash,True,19,2.7954893827910197
TXN-04145,LST-4577,BYR-1584,AGT-0184,370984.66,2023-11-16,2023-12-11,12910.63,Cancelled,Cash,False,25,3.48009807197958
TXN-04146,LST-3238,BYR-1402,AGT-0098,645172.9,2020-02-05,2020-03-14,34546.55,Completed,Conventional,True,38,5.354618893633009
TXN-04147,LST-4954,BYR-2266,AGT-0128,1085924.33,2024-07-30,2024-09-06,30035.79,Completed,Conventional,True,38,2.7659192422735384
TXN-04148,LST-0588,BYR-1896,AGT-0159,1968439.56,2023-09-04,2023-10-08,116463.21,Cancelled,Cash,True,34,5.916524559179251
TXN-04149,LST-1950,BYR-1280,AGT-0173,208083.33,2021-06-10,2021-07-08,10387.41,Completed,VA,True,28,4.991947216530993
TXN-04150,LST-0176,BYR-1558,AGT-0068,1328815.48,2023-11-12,2023-11-28,74359.73,Pending,Jumbo,True,16,5.595940980458777
TXN-04151,LST-0301,BYR-0820,AGT-0038,1847563.31,2023-07-24,2023-08-09,74649.63,Cancelled,Conventional,True,16,4.040436914716606
TXN-04152,LST-3766,BYR-1749,AGT-0037,1862698.92,2023-10-16,2023-11-09,104305.06,Completed,FHA,False,24,5.5996736176773005
TXN-04153,LST-1208,BYR-3910,AGT-0298,396982.04,2022-06-29,2022-07-22,15937.66,Pending,Conventional,True,23,4.014705551918672
TXN-04154,LST-3698,BYR-2155,AGT-0254,1693278.14,2021-10-24,2021-11-28,79523.88,Pending,Conventional,False,35,4.696445204211992
TXN-04155,LST-5667,BYR-3317,AGT-0284,1812008.85,2020-09-22,2020-11-04,88600.05,Cancelled,Cash,True,43,4.889603602101612
TXN-04156,LST-4996,BYR-1368,AGT-0073,416710.37,2022-03-01,2022-03-31,13186.68,Pending,Conventional,True,30,3.164471284935866
TXN-04157,LST-0702,BYR-3837,AGT-0218,239401.42,2021-03-13,2021-04-02,7703.41,Cancelled,Conventional,True,20,3.217779577080203
TXN-04158,LST-5236,BYR-1245,AGT-0225,1464441.26,2023-07-13,2023-08-13,48190.38,Cancelled,Cash,False,31,3.2907007823584538
TXN-04159,LST-2681,BYR-3403,AGT-0020,1010342.37,2023-11-30,2024-01-14,44328.3,Pending,Conventional,True,45,4.387453334259357
TXN-04160,LST-3458,BYR-3550,AGT-0081,2367455.98,2021-12-26,2022-01-22,114827.21,Unknown,Conventional,True,27,4.850236328364593
TXN-04161,LST-2353,BYR-0724,AGT-0296,555096.22,2022-10-08,2022-11-13,23284.2,Completed,Cash,True,36,4.194624132010843
TXN-04162,LST-1602,BYR-2788,AGT-0177,280277.13,2023-09-02,2023-09-25,10914.8,Cancelled,Conventional,True,23,3.894288485114714
TXN-04163,LST-3973,BYR-2531,AGT-0091,1567179.88,2023-02-21,2023-04-01,91196.66,Cancelled,Conventional,False,39,5.819157147423307
TXN-04164,LST-0372,BYR-3104,AGT-0107,1079435.27,2021-03-05,2021-04-04,32476.26,Cancelled,Conventional,False,30,3.0086343204257164
TXN-04165,LST-3853,BYR-2224,AGT-0214,776953.05,2020-11-11,2020-12-20,43273.05,Cancelled,VA,False,39,5.5695836447260225
TXN-04166,LST-2898,BYR-1147,AGT-0150,2484592.98,2023-12-24,2024-01-29,73844.87,Cancelled,Conventional,True,36,2.9721113516146214
TXN-04167,LST-4509,BYR-1500,AGT-0285,941516.01,2024-02-03,2024-02-23,30374.04,Completed,Conventional,True,20,3.226077908117569
TXN-04168,LST-0481,BYR-3984,AGT-0205,272505.08,2024-05-31,2024-06-21,12339.62,Pending,FHA,True,21,4.528216501505219
TXN-04169,LST-1061,BYR-2897,AGT-0256,510089.85,2024-05-16,2024-06-10,17153.05,Completed,Conventional,True,25,3.3627506997051597
TXN-04170,LST-0673,BYR-0268,AGT-0148,1585685.75,2022-07-10,2022-08-02,61537.47,Pending,Cash,False,23,3.8808111884716125
TXN-04171,LST-3537,BYR-2576,AGT-0211,1045072.63,2023-03-16,2023-04-11,52106.62,Pending,Conventional,True,26,4.985932891573287
TXN-04172,LST-2816,BYR-2414,AGT-0097,2783566.19,2021-05-02,2021-06-06,125174.24,Cancelled,Conventional,True,35,4.496901868175084
TXN-04173,LST-4610,BYR-1239,AGT-0291,1381252.19,2020-04-02,2020-04-25,42716.28,Completed,Conventional,True,23,3.0925764541231247
TXN-04174,LST-4094,BYR-3230,AGT-0084,1464854.74,2024-08-21,2024-09-20,41569.06,Completed,Jumbo,True,30,2.837759872354306
TXN-04175,LST-4656,BYR-1404,AGT-0181,2634426.56,2022-07-25,2022-09-03,113761.06,Completed,Jumbo,False,40,4.318247535433289
TXN-04176,LST-5802,BYR-3697,AGT-0241,1070364.58,2020-07-08,2020-07-24,38528.6,Pending,VA,True,16,3.599577258059118
TXN-04177,LST-2769,BYR-2097,AGT-0117,2271952.1,2021-08-22,2021-10-03,135752.9,Completed,Conventional,True,42,5.975165585577266
TXN-04178,LST-0740,BYR-1364,AGT-0099,178878.68,2022-11-03,2022-12-04,9876.97,Cancelled,Conventional,True,31,5.521602686245225
TXN-04179,LST-4107,BYR-2344,AGT-0108,929203.55,2020-10-31,2020-11-24,25689.37,Pending,Conventional,True,24,2.764665503053663
TXN-04180,LST-3622,BYR-1772,AGT-0281,549253.24,2022-10-16,2022-11-14,26235.98,Cancelled,VA,True,29,4.7766636752110925
TXN-04181,LST-5033,BYR-1948,AGT-0017,1115332.61,2022-01-14,2022-02-15,33102.99,Pending,FHA,True,32,2.967992660055012
TXN-04182,LST-4273,BYR-3955,AGT-0186,2172595.7,2023-12-02,2024-01-07,101796.74,Completed,Conventional,True,36,4.685489343461372
TXN-04183,LST-5500,BYR-0849,AGT-0102,2930446.28,2021-05-24,2021-06-27,100694.29,Cancelled,Conventional,True,34,3.43614181523232
TXN-04184,LST-4529,BYR-1259,AGT-0199,301462.85,2023-05-03,2023-05-18,13690.1,Pending,Conventional,False,15,4.541222906902128
TXN-04186,LST-0204,BYR-1302,AGT-0260,2344024.49,2023-03-17,2023-04-17,60502.17,Cancelled,Cash,True,31,2.58112362981327
TXN-04187,LST-3783,BYR-2012,AGT-0053,1910842.49,2023-12-13,2024-01-22,88741.02,Completed,Conventional,True,40,4.644078225411452
TXN-04188,LST-3767,BYR-2308,AGT-0271,641123.07,2024-05-14,2024-06-14,25233.95,Completed,FHA,True,31,3.9358979860138246
TXN-04189,LST-4252,BYR-2805,AGT-0236,2042047.58,2021-05-26,2021-07-08,112519.82,Completed,Cash,True,43,5.510146830173271
TXN-04190,LST-1171,BYR-2744,AGT-0170,1390744.07,2020-12-16,2021-01-03,69745.34,Cancelled,Jumbo,True,18,5.014965837675655
TXN-04191,LST-2387,BYR-3943,AGT-0296,723083.42,2022-01-13,2022-02-24,25924.87,Cancelled,Cash,True,42,3.5853221472012176
TXN-04192,LST-0227,BYR-0174,AGT-0283,975320.96,2022-09-28,2022-10-24,32727.52,Pending,Conventional,False,26,3.3555641006628223
TXN-04193,LST-2428,BYR-2346,AGT-0177,1025634.83,2020-09-25,2020-11-01,58428.47,Cancelled,VA,True,37,5.696810238006446
TXN-04194,LST-2487,BYR-3055,AGT-0075,694144.91,2023-07-31,2023-08-18,29460.63,Cancelled,Jumbo,True,18,4.244161352418474
TXN-04195,LST-1093,BYR-3709,AGT-0261,358350.97,2023-09-10,2023-10-12,20052.88,Completed,FHA,True,32,5.595877136875059
TXN-04196,LST-3900,BYR-0596,AGT-0259,313121.6,2020-11-18,2020-12-28,18708.79,Cancelled,Jumbo,True,40,5.974927951313484
TXN-04197,LST-4523,BYR-0213,AGT-0215,1865736.88,2023-05-11,2023-06-24,100827.71,Pending,Cash,True,44,5.404176284493021
TXN-04198,LST-4040,BYR-3295,AGT-0135,712193.58,2022-08-24,2022-09-20,39360.53,Cancelled,Conventional,False,27,5.526661725875147
TXN-04199,LST-0266,BYR-1693,AGT-0164,555495.11,2024-09-06,2024-10-14,25278.82,Cancelled,VA,True,38,4.550682723381669
TXN-04200,LST-1378,BYR-2852,AGT-0220,858161.75,2022-08-09,2022-08-31,35212.82,Cancelled,Conventional,True,22,4.103284724587177
TXN-04201,LST-2541,BYR-1812,AGT-0129,1858428.56,2021-03-15,2021-04-02,53622.32,Completed,Conventional,True,18,2.8853581544183755
TXN-04202,LST-3769,BYR-2543,AGT-0016,486096.04,2023-04-19,2023-05-21,21588.49,Cancelled,VA,True,32,4.441198492380231
TXN-04203,LST-0640,BYR-3593,AGT-0147,1983123.33,2023-08-18,2023-09-11,85190.69,Cancelled,Jumbo,True,24,4.295783762475327
TXN-04204,LST-3882,BYR-0987,AGT-0168,2270742.59,2024-10-02,2024-11-14,78870.08,Pending,Cash,False,43,3.4733166298695264
TXN-04205,LST-4439,BYR-3885,AGT-0220,1641713.33,2022-11-07,2022-12-04,59104.33,Completed,Conventional,True,27,3.6001614240410658
TXN-04206,LST-4662,BYR-0159,AGT-0135,1290681.18,2022-08-04,2022-08-30,41203.14,Completed,Conventional,True,26,3.192356147937324
TXN-04207,LST-0834,BYR-1224,AGT-0177,1673457.15,2021-07-31,2021-09-09,45500.13,Cancelled,Conventional,True,40,2.7189300903223006
TXN-04208,LST-4113,BYR-2558,AGT-0104,1346544.03,2024-06-27,2024-07-21,47999.25,Unknown,Conventional,True,24,3.5646253617120855
TXN-04209,LST-2157,BYR-3449,AGT-0025,494332.15,2024-05-24,2024-06-19,16733.0,Pending,FHA,True,26,3.3849710159454522
TXN-04210,LST-1820,BYR-1524,AGT-0126,1437122.87,2023-06-14,2023-07-16,47463.79,Pending,VA,True,32,3.302695335994479
TXN-04211,LST-1811,BYR-2823,AGT-0108,2343671.38,2021-04-20,2021-05-09,136859.4,Cancelled,VA,True,19,5.839530284318274
TXN-04212,LST-4953,BYR-1764,AGT-0259,2685555.24,2020-06-29,2020-08-02,153147.7,Completed,Conventional,True,34,5.7026456845475275
TXN-04213,LST-4748,BYR-3250,AGT-0011,1359514.87,2020-04-07,2020-05-08,53366.42,Cancelled,USDA,True,31,3.925401713333227
TXN-04214,LST-3096,BYR-2002,AGT-0215,642234.64,2022-02-09,2022-03-16,19555.68,Pending,VA,True,35,3.0449432001986065
TXN-04215,LST-2742,BYR-2495,AGT-0103,755383.08,2020-04-23,2020-05-30,28001.29,Cancelled,Conventional,True,37,3.706899286121156
TXN-04216,LST-5314,BYR-3533,AGT-0058,1043221.33,2024-03-31,2024-05-06,60001.92,Completed,Conventional,True,36,5.7516001901533205
TXN-04217,LST-0193,BYR-3704,AGT-0037,502822.66,2023-10-14,2023-11-15,16271.07,Cancelled,Conventional,False,32,3.2359460490503746
TXN-04218,LST-5667,BYR-1493,AGT-0265,1786656.92,2020-12-17,2021-01-08,67296.72,Pending,Conventional,False,22,3.7666280104856398
TXN-04219,LST-1283,BYR-3690,AGT-0049,282436.59,2024-08-20,2024-09-30,11228.15,Pending,Conventional,False,41,3.9754587038457014
TXN-04220,LST-2936,BYR-1658,AGT-0208,809630.87,2022-03-21,2022-04-19,23820.98,Cancelled,Conventional,True,29,2.942202537311849
TXN-04221,LST-5145,BYR-2565,AGT-0263,626637.82,2021-12-26,2022-02-04,31165.77,Completed,Jumbo,True,40,4.97349010948621
TXN-04222,LST-2709,BYR-1003,AGT-0160,883365.25,2024-12-26,2025-01-24,35140.97,Unknown,Conventional,True,29,3.9780792826070535
TXN-04223,LST-5696,BYR-3878,AGT-0206,897993.35,2023-02-12,2023-03-21,25336.17,Completed,Conventional,True,37,2.8214206708769054
TXN-04224,LST-4087,BYR-1928,AGT-0202,1106556.49,2021-07-20,2021-08-16,64592.64,Unknown,FHA,True,27,5.837265479324964
TXN-04225,LST-4636,BYR-2089,AGT-0241,783685.62,2021-11-29,2022-01-10,30801.65,Cancelled,Conventional,True,42,3.9303579412366916
TXN-04226,LST-3684,BYR-2006,AGT-0278,2154322.66,2021-08-20,2021-09-16,65664.42,Cancelled,Conventional,False,27,3.048030883173275
TXN-04227,LST-2269,BYR-1371,AGT-0255,178732.84,2021-09-28,2021-10-26,4767.58,Cancelled,Conventional,False,28,2.6674336960124396
TXN-04228,LST-1877,BYR-2040,AGT-0200,1458763.17,2021-03-01,2021-04-04,63156.64,Unknown,FHA,True,34,4.32946493980925
TXN-04229,LST-5447,BYR-0938,AGT-0175,1827665.23,2020-09-05,2020-10-07,47885.78,Cancelled,Conventional,False,32,2.6200520321765928
TXN-04230,LST-1516,BYR-0864,AGT-0194,562840.74,2023-04-14,2023-05-11,17683.92,Cancelled,Conventional,True,27,3.14190475977272
TXN-04231,LST-3554,BYR-2172,AGT-0292,1839415.49,2023-11-15,2023-12-23,110353.95,Completed,Conventional,False,38,5.999403103863173
TXN-04232,LST-5268,BYR-3764,AGT-0120,1862553.5,2024-03-27,2024-04-24,63058.85,Pending,Conventional,True,28,3.3856128159540115
TXN-04233,LST-0713,BYR-2274,AGT-0025,2352523.63,2021-10-16,2021-11-20,106299.58,Completed,FHA,True,35,4.518533996617072
TXN-04234,LST-2158,BYR-0380,AGT-0111,1981402.28,2021-06-20,2021-07-06,84580.84,Pending,Conventional,True,16,4.268736381993059
TXN-04235,LST-3935,BYR-0702,AGT-0270,1891861.33,2022-10-07,2022-11-07,59467.82,Completed,Conventional,True,31,3.143349835265146
TXN-04236,LST-2782,BYR-2328,AGT-0103,1177884.31,2023-03-15,2023-04-10,49871.25,Completed,FHA,False,26,4.2339684446599
TXN-04237,LST-0561,BYR-0428,AGT-0147,1961486.14,2020-10-26,2020-11-16,58567.66,Cancelled,Jumbo,False,21,2.9858819191044605
TXN-04238,LST-2320,BYR-1602,AGT-0031,2600036.7,2021-01-29,2021-03-02,102900.26,Cancelled,Conventional,True,32,3.9576464439905785
TXN-04239,LST-5146,BYR-0209,AGT-0147,1721956.51,2024-05-28,2024-06-13,65565.11,Cancelled,Conventional,True,16,3.8075938398699742
TXN-04240,LST-4881,BYR-3065,AGT-0168,1749670.8,2021-12-18,2022-01-16,104834.67,Cancelled,Jumbo,True,29,5.991679691974055
TXN-04241,LST-1770,BYR-1467,AGT-0139,1092073.72,2021-09-15,2021-10-22,48149.92,Completed,VA,True,37,4.409035683048943
TXN-04242,LST-4028,BYR-1753,AGT-0276,633929.08,2024-02-26,2024-03-19,33284.89,Pending,Conventional,True,22,5.250569984894841
TXN-04243,LST-2738,BYR-0474,AGT-0032,942837.7,2020-10-11,2020-11-07,55997.26,Cancelled,Conventional,True,27,5.939225807368544
TXN-04244,LST-0030,BYR-0861,AGT-0090,1919546.42,2022-12-17,2023-01-13,75302.86,Unknown,Cash,True,27,3.922950714575582
TXN-04245,LST-2806,BYR-1686,AGT-0220,1792961.7,2022-03-31,2022-04-18,64628.64,Cancelled,Conventional,True,18,3.6045744870066105
TXN-04246,LST-4208,BYR-1081,AGT-0063,1295753.07,2021-08-21,2021-10-03,73196.72,Completed,Conventional,False,43,5.6489713738436285
TXN-04247,LST-3366,BYR-2050,AGT-0227,1931101.03,2023-03-18,2023-04-10,95400.21,Completed,Cash,False,23,4.940197768938066
TXN-04248,LST-0922,BYR-1778,AGT-0146,562366.51,2024-02-07,2024-03-10,31223.07,Completed,Conventional,True,32,5.552085596277773
TXN-04249,LST-3426,BYR-2720,AGT-0087,2012362.88,2024-02-26,2024-03-30,89057.98,Pending,VA,True,33,4.425542772881997
TXN-04250,LST-3860,BYR-1596,AGT-0076,134716.74,2022-04-27,2022-06-10,7116.74,Completed,FHA,True,44,5.282743629336636
TXN-04251,LST-5539,BYR-3436,AGT-0284,1618413.86,2023-07-29,2023-08-17,81476.22,Cancelled,Cash,False,19,5.034325398078338
TXN-04253,LST-3072,BYR-3563,AGT-0134,2092962.2,2024-07-28,2024-08-15,90633.97,Completed,VA,True,18,4.330416000824095
TXN-04254,LST-4589,BYR-1745,AGT-0027,1112125.49,2021-12-03,2022-01-10,29566.53,Cancelled,VA,False,38,2.6585605910354597
TXN-04255,LST-5566,BYR-1396,AGT-0036,1814126.27,2024-04-27,2024-06-06,97646.95,Cancelled,Conventional,False,40,5.3825883906085545
TXN-04257,LST-2466,BYR-0538,AGT-0028,1539563.55,2021-11-09,2021-12-03,82667.49,Pending,VA,True,24,5.369540607791085
TXN-04258,LST-1143,BYR-1448,AGT-0036,770003.92,2021-11-18,2021-12-24,33501.03,Completed,Jumbo,False,36,4.350760967554555
TXN-04259,LST-1908,BYR-2895,AGT-0029,627432.72,2024-04-29,2024-05-29,18925.47,Cancelled,Conventional,True,30,3.0163345641266526
TXN-04260,LST-1918,BYR-1623,AGT-0215,937653.81,2023-07-12,2023-07-30,53022.26,Cancelled,FHA,True,18,5.654779987509462
TXN-04261,LST-4091,BYR-2120,AGT-0156,541911.17,2024-03-14,2024-04-25,21715.69,Completed,Conventional,True,42,4.007241629656757
TXN-04262,LST-5555,BYR-3838,AGT-0150,1581008.05,2020-09-08,2020-09-27,44163.96,Cancelled,Conventional,True,19,2.7934051316184
TXN-04263,LST-2332,BYR-2660,AGT-0071,297606.63,2022-06-14,2022-07-19,13216.78,Cancelled,Cash,True,35,4.441023373706425
TXN-04264,LST-4538,BYR-1442,AGT-0196,1409326.85,2020-02-29,2020-04-02,67833.22,Completed,VA,True,33,4.813164526028863
TXN-04265,LST-1916,BYR-2156,AGT-0097,147035.54,2022-04-11,2022-05-03,5508.57,Completed,Conventional,True,22,3.7464207633066127
TXN-04266,LST-2313,BYR-2312,AGT-0257,1105143.89,2021-03-02,2021-03-24,36176.68,Cancelled,Cash,True,22,3.273481428739565
TXN-04267,LST-5282,BYR-0689,AGT-0272,1919321.6,2022-02-11,2022-03-07,91844.87,Cancelled,Conventional,True,24,4.785277777314651
TXN-04268,LST-3667,BYR-2917,AGT-0151,2394299.26,2021-11-14,2021-11-30,124330.93,Completed,USDA,False,16,5.192789893774599
TXN-04269,LST-5928,BYR-3840,AGT-0068,394144.48,2021-12-13,2022-01-08,13914.96,Pending,USDA,False,26,3.5304211288205787
TXN-04270,LST-1817,BYR-1015,AGT-0278,1584169.58,2022-08-10,2022-08-29,58118.73,Unknown,Conventional,False,19,3.6687189764116037
TXN-04271,LST-1961,BYR-2605,AGT-0162,748894.68,2020-08-07,2020-09-13,32611.85,Pending,Jumbo,True,37,4.354664396868194
TXN-04272,LST-0637,BYR-2472,AGT-0198,727869.45,2022-08-23,2022-10-04,27164.37,Pending,Conventional,True,42,3.7320387605222343
TXN-04273,LST-4827,BYR-0957,AGT-0085,1306963.86,2023-02-22,2023-03-10,41435.54,Cancelled,FHA,True,16,3.170366164524243
TXN-04274,LST-5244,BYR-1452,AGT-0232,1165746.46,2021-01-26,2021-03-10,36636.19,Pending,Conventional,True,43,3.14272367595266
TXN-04275,LST-4519,BYR-0162,AGT-0068,1006488.16,2022-01-16,2022-02-20,58175.04,Pending,Cash,True,35,5.780002419501884
TXN-04276,LST-0259,BYR-0472,AGT-0256,2487629.71,2024-09-10,2024-09-27,103392.25,Pending,Cash,True,17,4.156255635007672
TXN-04277,LST-1314,BYR-3801,AGT-0300,2898589.41,2020-09-18,2020-10-14,157649.11,Completed,FHA,True,26,5.43882170603804
TXN-04278,LST-5260,BYR-3268,AGT-0262,705305.46,2024-07-10,2024-08-03,23640.25,Cancelled,Conventional,True,24,3.351774704820802
TXN-04279,LST-4323,BYR-3426,AGT-0273,1671842.62,2023-12-31,2024-01-24,89943.1,Cancelled,Conventional,True,24,5.379878400276696
TXN-04280,LST-0288,BYR-2317,AGT-0196,1248041.93,2022-12-07,2023-01-12,35604.22,Pending,FHA,True,36,2.8528063956953753
TXN-04281,LST-4146,BYR-1990,AGT-0042,1098401.49,2023-11-06,2023-11-21,27530.41,Cancelled,Conventional,True,15,2.506406833078859
TXN-04282,LST-3525,BYR-2829,AGT-0128,2568733.87,2024-07-30,2024-08-17,77534.41,Completed,Jumbo,True,18,3.0183901456479023
TXN-04283,LST-4856,BYR-0701,AGT-0143,680571.12,2024-03-10,2024-04-12,20035.34,Completed,Cash,False,33,2.943900998913971
TXN-04284,LST-0133,BYR-1913,AGT-0224,2321785.5,2022-07-22,2022-08-09,82237.67,Completed,FHA,True,18,3.5420011883096008
TXN-04285,LST-2113,BYR-0498,AGT-0159,1981627.93,2023-01-13,2023-02-23,68953.89,Pending,Conventional,True,41,3.479658767223775
TXN-04286,LST-1445,BYR-3157,AGT-0028,1348449.9,2022-09-02,2022-10-16,47108.78,Cancelled,Conventional,True,44,3.493550631729069
TXN-04287,LST-0398,BYR-2421,AGT-0095,1420892.09,2024-01-07,2024-01-22,61987.0,Completed,Conventional,False,15,4.3625410005625405
TXN-04288,LST-1517,BYR-1739,AGT-0021,2407151.74,2023-05-04,2023-05-20,88016.48,Pending,Cash,True,16,3.6564574861408605
TXN-04289,LST-1529,BYR-3092,AGT-0012,1128792.07,2023-04-22,2023-05-23,45516.04,Cancelled,FHA,True,31,4.032278504578793
TXN-04290,LST-0775,BYR-3779,AGT-0027,1161716.14,2020-12-18,2021-01-09,32845.13,Cancelled,Cash,True,22,2.827293937742829
TXN-04292,LST-2123,BYR-0339,AGT-0124,2261899.62,2021-02-03,2021-03-05,131941.16,Cancelled,Cash,True,30,5.833201386717595
TXN-04293,LST-5147,BYR-2041,AGT-0027,175769.67,2021-05-29,2021-07-04,4555.88,Completed,Conventional,True,36,2.591960262541313
TXN-04294,LST-2992,BYR-0612,AGT-0013,440316.71,2021-04-14,2021-05-14,18007.16,Completed,Jumbo,False,30,4.089592693404708
TXN-04295,LST-0722,BYR-2981,AGT-0057,1255926.86,2024-01-25,2024-03-01,65501.39,Cancelled,Cash,False,36,5.215382526335968
TXN-04296,LST-3477,BYR-2025,AGT-0130,2385113.6,2023-12-14,2024-01-22,93377.83,Completed,Conventional,False,39,3.9150265211686355
TXN-04297,LST-2082,BYR-0758,AGT-0142,1584734.51,2020-06-16,2020-07-24,53819.36,Pending,FHA,True,38,3.3961120717942843
TXN-04298,LST-1550,BYR-0043,AGT-0153,2495942.53,2023-10-19,2023-11-04,111602.42,Cancelled,Conventional,False,16,4.471353753485662
TXN-04299,LST-4711,BYR-3589,AGT-0221,1604468.58,2022-05-22,2022-06-21,58806.0,Cancelled,Conventional,True,30,3.6651387713681496
TXN-04300,LST-0228,BYR-1815,AGT-0259,1152164.5,2021-05-25,2021-06-23,62190.64,Completed,Conventional,True,29,5.397722287051892
TXN-04301,LST-4950,BYR-2132,AGT-0144,1015330.68,2023-01-02,2023-01-19,36101.66,Cancelled,USDA,True,17,3.5556553851007435
TXN-04302,LST-2086,BYR-3202,AGT-0277,1379088.67,2021-07-20,2021-08-11,70521.42,Completed,Conventional,True,22,5.113624782371681
TXN-04303,LST-1259,BYR-0762,AGT-0056,2532102.49,2021-07-28,2021-09-05,127604.69,Cancelled,USDA,True,39,5.039475712533263
TXN-04304,LST-5424,BYR-0329,AGT-0212,103991.28,2022-04-15,2022-05-21,6020.35,Cancelled,Cash,True,36,5.78928348607691
TXN-04305,LST-4972,BYR-1031,AGT-0243,2078605.39,2020-03-25,2020-04-29,119557.52,Completed,FHA,False,35,5.7518142007704505
TXN-04306,LST-5245,BYR-1779,AGT-0020,1476340.53,2021-09-04,2021-10-06,58921.88,Cancelled,Cash,True,32,3.991076503196725
TXN-04307,LST-1847,BYR-2528,AGT-0168,2561315.96,2024-04-09,2024-05-18,139576.29,Cancelled,Cash,True,39,5.4493975823271725
TXN-04308,LST-2472,BYR-2326,AGT-0212,350065.18,2023-08-13,2023-08-31,19006.59,Completed,Conventional,True,18,5.429443168269406
TXN-04309,LST-4587,BYR-1034,AGT-0017,2213082.86,2023-09-14,2023-10-02,82907.55,Pending,VA,True,18,3.746246988691603
TXN-04310,LST-5438,BYR-3856,AGT-0237,544320.2,2024-03-16,2024-03-31,24732.84,Pending,Conventional,False,15,4.543803445104555
TXN-04311,LST-4969,BYR-0457,AGT-0122,2690484.59,2023-05-19,2023-06-13,143105.66,Completed,Cash,True,25,5.3189548281337675
TXN-04312,LST-5321,BYR-1203,AGT-0140,2833861.52,2022-11-11,2022-12-13,122296.36,Pending,Conventional,True,32,4.315537620201004
TXN-04313,LST-2221,BYR-0024,AGT-0293,1210133.45,2024-09-01,2024-09-18,69098.18,Pending,FHA,True,17,5.70996364078689
TXN-04314,LST-2313,BYR-0940,AGT-0112,1313757.1,2021-04-25,2021-05-15,64865.6,Pending,FHA,True,20,4.937411946241813
TXN-04315,LST-0268,BYR-1391,AGT-0097,1238018.39,2022-08-26,2022-09-12,67621.72,Completed,VA,False,17,5.462093337724975
TXN-04316,LST-1587,BYR-2432,AGT-0252,1640997.58,2021-08-16,2021-09-18,81561.33,Completed,Cash,True,33,4.970228536229773
TXN-04317,LST-2246,BYR-0154,AGT-0029,1700069.05,2020-11-07,2020-12-14,58985.16,Cancelled,Jumbo,True,37,3.4695743681705165
TXN-04318,LST-4275,BYR-1554,AGT-0246,1407045.77,2024-08-30,2024-09-22,53414.84,Pending,Cash,True,23,3.796240402328916
TXN-04319,LST-5345,BYR-1441,AGT-0265,2186195.13,2023-08-15,2023-09-22,126824.53,Cancelled,Conventional,True,38,5.801153257531958
TXN-04320,LST-1981,BYR-1092,AGT-0292,740421.78,2020-08-07,2020-09-21,39709.72,Completed,VA,True,45,5.363121544047502
TXN-04321,LST-5608,BYR-0845,AGT-0042,1066938.92,2023-07-08,2023-07-27,27503.83,Completed,FHA,False,19,2.5778261046096254
TXN-04322,LST-5745,BYR-3082,AGT-0204,447952.6,2020-07-08,2020-08-09,16963.0,Completed,Conventional,True,32,3.7867845839046366
TXN-04323,LST-1768,BYR-3147,AGT-0213,701858.74,2024-06-22,2024-07-22,38950.87,Completed,Conventional,True,30,5.549673713545265
TXN-04324,LST-5734,BYR-2798,AGT-0121,1795911.42,2023-11-12,2023-11-27,52629.59,Completed,VA,False,15,2.9305225978238947
TXN-04325,LST-2811,BYR-1826,AGT-0061,699145.94,2022-02-14,2022-03-27,37442.27,Pending,Cash,True,41,5.355429797675718
TXN-04326,LST-5324,BYR-2838,AGT-0190,1259542.09,2022-05-17,2022-06-01,34486.72,Cancelled,VA,False,15,2.738036328742297
TXN-04327,LST-3599,BYR-0906,AGT-0084,2355128.2,2022-06-08,2022-07-08,79845.42,Completed,Conventional,True,30,3.390279136396906
TXN-04328,LST-3679,BYR-0188,AGT-0138,500126.07,2021-04-09,2021-05-19,16172.94,Unknown,VA,True,40,3.233772636567416
TXN-04329,LST-5564,BYR-0830,AGT-0233,1779787.35,2023-10-18,2023-11-06,61931.5,Unknown,Conventional,True,19,3.4797134612738985
TXN-04330,LST-0517,BYR-2044,AGT-0177,2065656.3,2020-11-01,2020-11-30,78510.24,Pending,Cash,True,29,3.8007407137382923
TXN-04331,LST-5849,BYR-3547,AGT-0146,947971.59,2021-04-03,2021-05-06,33586.96,Pending,Conventional,True,33,3.5430344489543195
TXN-04332,LST-2983,BYR-2463,AGT-0141,2314898.45,2020-12-10,2020-12-30,62899.61,Cancelled,Conventional,False,20,2.7171649797424156
TXN-04333,LST-0819,BYR-0102,AGT-0280,666355.97,2020-12-13,2021-01-10,36742.78,Cancelled,FHA,True,28,5.5139867659623425
TXN-04334,LST-5320,BYR-1065,AGT-0007,1744451.73,2022-12-10,2023-01-12,78460.7,Cancelled,Conventional,True,33,4.497728349296314
TXN-04335,LST-3468,BYR-2440,AGT-0154,415921.72,2021-04-04,2021-05-08,24660.25,Cancelled,Conventional,True,34,5.929060401077395
TXN-04336,LST-5320,BYR-0855,AGT-0132,1695767.94,2022-10-29,2022-11-26,56636.61,Cancelled,Jumbo,False,28,3.3398797479329634
TXN-04337,LST-5807,BYR-0531,AGT-0068,996054.52,2020-03-08,2020-04-12,40291.95,Unknown,USDA,True,35,4.045155078458958
TXN-04338,LST-3319,BYR-0893,AGT-0209,387832.5,2021-09-04,2021-10-14,17484.77,Completed,Conventional,True,40,4.508330271444502
TXN-04339,LST-4258,BYR-0867,AGT-0207,3142909.48,2024-08-29,2024-09-24,180506.92,Completed,Conventional,False,26,5.743306358285572
TXN-04340,LST-2082,BYR-2267,AGT-0011,1761461.48,2020-04-11,2020-05-09,74628.12,Pending,Conventional,True,28,4.236715979732921
TXN-04341,LST-1327,BYR-1431,AGT-0153,2298151.52,2023-03-05,2023-03-28,134091.82,Completed,FHA,True,23,5.834768457738592
TXN-04343,LST-2609,BYR-0146,AGT-0280,1339910.96,2022-01-04,2022-02-10,43378.41,Completed,Conventional,True,37,3.2374098947589776
TXN-04344,LST-5153,BYR-2021,AGT-0008,1098246.87,2024-08-03,2024-08-21,52747.86,Pending,Conventional,True,18,4.802914667082092
TXN-04345,LST-2496,BYR-0248,AGT-0154,575170.46,2024-02-11,2024-03-19,25697.9,Pending,VA,True,37,4.467875488598633
TXN-04346,LST-5262,BYR-3545,AGT-0184,551719.74,2023-03-09,2023-04-04,23476.42,Cancelled,Conventional,True,26,4.255135043745217
TXN-04347,LST-3223,BYR-3961,AGT-0239,1167019.19,2020-05-05,2020-06-19,47865.54,Cancelled,Cash,True,45,4.101521244050837
TXN-04348,LST-3972,BYR-0525,AGT-0266,1661579.24,2023-12-20,2024-01-17,50088.86,Cancelled,Conventional,False,28,3.0145333303514312
TXN-04349,LST-2155,BYR-1700,AGT-0057,984064.58,2022-09-21,2022-10-16,39045.68,Cancelled,Conventional,True,25,3.967796503761979
TXN-04350,LST-2013,BYR-2682,AGT-0271,2175265.13,2024-05-08,2024-06-02,58064.03,Unknown,Cash,False,25,2.669285191915893
TXN-04351,LST-0876,BYR-3106,AGT-0281,1505091.11,2020-06-22,2020-07-09,87959.9,Pending,Conventional,True,17,5.844157833076298
TXN-04352,LST-2802,BYR-1280,AGT-0282,887836.57,2021-11-09,2021-12-16,37725.4,Unknown,Conventional,True,37,4.24913787905808
TXN-04353,LST-0775,BYR-3737,AGT-0048,1194518.48,2020-12-19,2021-01-03,71044.88,Unknown,Conventional,True,15,5.9475747918106725
TXN-04354,LST-0390,BYR-2767,AGT-0065,1478988.52,2021-06-06,2021-06-21,37115.99,Completed,Conventional,True,15,2.5095522715754415
TXN-04355,LST-4551,BYR-3102,AGT-0126,1779876.49,2023-11-29,2024-01-10,70829.18,Cancelled,Jumbo,False,42,3.979443539927874
TXN-04356,LST-0818,BYR-2212,AGT-0151,1351028.18,2024-04-24,2024-06-06,77446.24,Completed,VA,True,43,5.732392643357003
TXN-04357,LST-2937,BYR-2680,AGT-0214,1480728.55,2022-09-27,2022-10-24,59405.88,Pending,Conventional,False,27,4.011935881157961
TXN-04358,LST-1911,BYR-1797,AGT-0222,883254.06,2022-05-25,2022-06-17,35039.46,Completed,Cash,True,23,3.967087340645793
TXN-04359,LST-5183,BYR-2690,AGT-0113,1938212.25,2023-03-05,2023-04-12,76936.49,Completed,Conventional,False,38,3.969456389515648
TXN-04360,LST-5062,BYR-1794,AGT-0058,555823.78,2022-10-25,2022-11-28,26586.47,Completed,Conventional,True,34,4.783255225244231
TXN-04361,LST-4262,BYR-3218,AGT-0233,703864.33,2020-04-02,2020-05-05,37290.1,Pending,VA,True,33,5.2979101810714
TXN-04362,LST-5132,BYR-2450,AGT-0197,1131087.49,2023-06-14,2023-06-30,30974.74,Pending,Conventional,False,16,2.7384919622795936
TXN-04363,LST-4248,BYR-0209,AGT-0230,1817561.9,2022-11-22,2022-12-23,45731.53,Completed,Conventional,True,31,2.5160920241560962
TXN-04364,LST-4173,BYR-0422,AGT-0182,116974.74,2022-07-02,2022-07-20,6800.97,Pending,Conventional,True,18,5.814050110305867
TXN-04365,LST-1162,BYR-0065,AGT-0262,1899252.34,2023-11-30,2023-12-15,53419.98,Completed,Cash,True,15,2.812684700970278
TXN-04366,LST-3577,BYR-3322,AGT-0288,2043514.84,2020-09-20,2020-10-28,120029.16,Pending,Conventional,True,38,5.873662263201377
TXN-04367,LST-0834,BYR-3460,AGT-0245,1752611.24,2021-05-07,2021-06-13,43922.85,Pending,Conventional,True,37,2.506137641796706
TXN-04368,LST-1092,BYR-2459,AGT-0230,2026135.18,2023-10-21,2023-11-30,97324.78,Cancelled,Conventional,True,40,4.803469233479278
TXN-04369,LST-3271,BYR-2949,AGT-0034,1661714.19,2021-12-26,2022-01-16,80257.2,Pending,FHA,True,21,4.829783634452806
TXN-04370,LST-4878,BYR-0339,AGT-0131,2018127.6,2023-10-31,2023-12-01,109893.75,Completed,Conventional,True,31,5.445332098921792
TXN-04371,LST-0918,BYR-1472,AGT-0159,546764.46,2021-07-06,2021-07-29,31943.13,Pending,Cash,True,23,5.842210373366258
TXN-04372,LST-0124,BYR-1693,AGT-0007,682570.91,2022-01-11,2022-02-16,35607.18,Completed,Conventional,True,36,5.2166272365753175
TXN-04373,LST-5840,BYR-0195,AGT-0140,711715.41,2020-09-16,2020-10-09,24751.39,Completed,VA,True,23,3.4777088780471956
TXN-04374,LST-2999,BYR-2054,AGT-0033,1677681.26,2020-12-07,2021-01-09,70447.28,Completed,Jumbo,True,33,4.199086064774902
TXN-04375,LST-5648,BYR-3130,AGT-0167,2213005.53,2021-04-21,2021-05-22,65600.96,Pending,VA,True,31,2.9643378252199852
TXN-04376,LST-3675,BYR-1887,AGT-0197,965246.2,2022-11-15,2022-12-08,25525.48,Pending,Jumbo,True,23,2.6444527831344997
TXN-04377,LST-1125,BYR-1960,AGT-0068,211040.28,2021-07-13,2021-08-06,10448.23,Cancelled,FHA,True,24,4.950822658120051
TXN-04378,LST-4488,BYR-1122,AGT-0198,1371386.08,2023-05-10,2023-06-05,37685.95,Completed,Cash,True,26,2.7480189969552553
TXN-04379,LST-0475,BYR-1902,AGT-0078,925645.66,2024-06-30,2024-08-03,24323.45,Pending,Conventional,True,34,2.6277279796245145
TXN-04380,LST-0277,BYR-3918,AGT-0147,2516823.95,2022-05-21,2022-06-18,108470.49,Cancelled,FHA,True,28,4.3098163461135215
TXN-04381,LST-2871,BYR-1117,AGT-0171,506083.73,2023-11-26,2023-12-15,14439.41,Cancelled,Conventional,True,19,2.853166214215185
TXN-04382,LST-0636,BYR-2449,AGT-0292,2345007.96,2022-10-09,2022-11-17,71329.94,Completed,Conventional,True,39,3.041778160957714
TXN-04383,LST-3254,BYR-2396,AGT-0265,589055.88,2023-01-15,2023-02-16,21014.72,Cancelled,Conventional,True,32,3.5675257158964273
TXN-04384,LST-5566,BYR-3928,AGT-0088,1783564.3,2024-04-19,2024-05-21,97883.58,Cancelled,USDA,True,32,5.4880880941606645
TXN-04385,LST-1390,BYR-3623,AGT-0148,2951336.77,2024-01-11,2024-02-22,89948.39,Cancelled,FHA,True,42,3.0477169164263147
TXN-04386,LST-4162,BYR-3043,AGT-0147,327770.04,2023-10-27,2023-12-06,9132.49,Completed,Conventional,True,40,2.786249164200609
TXN-04387,LST-1259,BYR-1669,AGT-0104,2499236.29,2021-09-21,2021-10-30,66935.9,Pending,Cash,False,39,2.6782541637949726
TXN-04388,LST-0886,BYR-2656,AGT-0042,1884956.29,2021-09-19,2021-10-28,74082.5,Cancelled,Cash,True,39,3.9301972355019434
TXN-04389,LST-5661,BYR-2399,AGT-0103,2960220.13,2023-09-14,2023-10-07,114579.81,Completed,VA,True,23,3.8706516734618654
TXN-04390,LST-5733,BYR-3207,AGT-0189,1813694.46,2021-08-17,2021-09-04,105042.05,Cancelled,Jumbo,False,18,5.791606707559773
TXN-04391,LST-1370,BYR-3372,AGT-0152,2222203.03,2022-12-11,2023-01-07,77551.11,Cancelled,USDA,True,27,3.489830089917572
TXN-04392,LST-0317,BYR-1041,AGT-0103,1502571.76,2022-02-06,2022-03-02,86053.14,Completed,Conventional,False,24,5.727056922725607
TXN-04393,LST-0065,BYR-3646,AGT-0029,1067753.58,2024-02-12,2024-03-24,61397.16,Cancelled,Conventional,False,41,5.750124480968727
TXN-04394,LST-3808,BYR-0004,AGT-0126,1408743.48,2022-02-19,2022-03-24,78494.13,Pending,VA,True,33,5.571924989494894
TXN-04395,LST-5266,BYR-2425,AGT-0233,353038.68,2024-09-16,2024-10-22,15621.59,Pending,Conventional,True,36,4.4248947452443455
TXN-04396,LST-3979,BYR-0506,AGT-0002,343073.34,2021-06-06,2021-07-11,20005.38,Pending,Conventional,True,35,5.831225474996104
TXN-04397,LST-1521,BYR-2606,AGT-0173,1244269.82,2020-12-29,2021-01-25,63850.97,Completed,Cash,True,27,5.131601600688185
TXN-04398,LST-3174,BYR-2481,AGT-0090,1051568.09,2020-09-11,2020-10-07,52460.11,Completed,Conventional,True,26,4.988750657125778
TXN-04399,LST-2181,BYR-0229,AGT-0072,896408.5,2020-08-24,2020-09-24,39598.16,Completed,Jumbo,True,31,4.417423529562694
TXN-04400,LST-2028,BYR-3456,AGT-0112,616157.41,2024-05-08,2024-06-02,36373.34,Completed,Conventional,True,25,5.903254494659083
TXN-04401,LST-3301,BYR-3455,AGT-0099,1036845.47,2024-04-03,2024-05-02,40027.28,Completed,VA,True,29,3.8604865583296615
TXN-04402,LST-3256,BYR-0723,AGT-0178,1341747.59,2021-09-05,2021-10-15,67859.64,Cancelled,Cash,True,40,5.057556317280212
TXN-04403,LST-2746,BYR-0574,AGT-0033,2034281.16,2020-05-31,2020-07-06,89049.96,Completed,Jumbo,True,36,4.37746569898922
TXN-04404,LST-5915,BYR-2657,AGT-0194,2114310.16,2022-03-07,2022-03-31,108467.36,Completed,FHA,True,24,5.13015365730447
TXN-04405,LST-1464,BYR-1058,AGT-0154,1785710.23,2023-06-26,2023-07-25,97080.4,Completed,FHA,True,29,5.436514747412294
TXN-04406,LST-0270,BYR-0152,AGT-0021,1666003.59,2020-08-04,2020-08-25,58928.19,Completed,FHA,False,21,3.537098620537787
TXN-04407,LST-2999,BYR-2936,AGT-0193,1582689.68,2021-02-23,2021-03-29,56106.21,Completed,VA,True,34,3.5449912076257424
TXN-04408,LST-1416,BYR-1069,AGT-0215,1682122.47,2021-11-30,2022-01-08,94290.65,Pending,Cash,True,39,5.6054568963697395
TXN-04409,LST-2371,BYR-3515,AGT-0212,1980421.98,2022-07-16,2022-07-31,91702.79,Unknown,Jumbo,True,15,4.6304671896239
TXN-04410,LST-3383,BYR-3800,AGT-0156,303964.75,2024-05-29,2024-07-02,15737.57,Pending,Conventional,True,34,5.177432580587058
TXN-04411,LST-2405,BYR-0070,AGT-0073,1027977.11,2021-10-04,2021-10-26,44504.86,Pending,VA,False,22,4.329362936884849
TXN-04412,LST-2397,BYR-1859,AGT-0196,439964.82,2024-06-17,2024-07-08,17502.42,Cancelled,Conventional,True,21,3.978140797711962
TXN-04413,LST-5115,BYR-2098,AGT-0146,840225.01,2021-09-19,2021-10-05,46113.03,Unknown,Conventional,True,16,5.488176316008494
TXN-04414,LST-1769,BYR-1360,AGT-0093,252561.77,2024-06-20,2024-08-03,10967.63,Cancelled,Cash,True,44,4.342553506811423
TXN-04415,LST-1549,BYR-0909,AGT-0143,2139916.89,2024-09-10,2024-10-06,109493.62,Cancelled,FHA,True,26,5.1167230144157605
TXN-04416,LST-2628,BYR-1195,AGT-0229,578473.02,2021-03-09,2021-03-29,30640.25,Pending,Conventional,True,20,5.296746596755714
TXN-04417,LST-0261,BYR-1002,AGT-0253,352469.87,2024-03-26,2024-04-16,15248.67,Pending,Cash,True,21,4.326233615372571
TXN-04418,LST-2556,BYR-1153,AGT-0103,1793877.65,2021-05-30,2021-07-11,52390.27,Pending,Jumbo,True,42,2.920504082315759
TXN-04419,LST-0303,BYR-3697,AGT-0213,1500421.92,2020-06-24,2020-08-06,70934.63,Cancelled,Jumbo,True,43,4.727645541195506
TXN-04420,LST-2625,BYR-0045,AGT-0016,1982119.64,2021-12-28,2022-01-20,85805.39,Cancelled,Cash,True,23,4.328971282480204
TXN-04421,LST-4269,BYR-2506,AGT-0278,1719065.76,2024-07-27,2024-08-19,61081.01,Completed,Conventional,False,23,3.553151451285959
TXN-04423,LST-5980,BYR-1364,AGT-0152,1734303.93,2023-03-13,2023-03-29,102463.76,Completed,Conventional,True,16,5.908062492829616
TXN-04424,LST-2540,BYR-3596,AGT-0052,510506.11,2020-10-30,2020-11-24,25717.04,Pending,VA,False,25,5.037557728740994
TXN-04425,LST-1320,BYR-0604,AGT-0030,2550363.0,2022-01-24,2022-02-19,149280.5,Pending,Conventional,True,26,5.8533040198591335
TXN-04426,LST-2891,BYR-2365,AGT-0013,668808.25,2021-05-06,2021-05-22,17206.81,Completed,Cash,True,16,2.572756840245317
TXN-04427,LST-0926,BYR-0302,AGT-0180,399615.84,2023-09-01,2023-09-18,22005.24,Pending,Jumbo,True,17,5.506598537235161
TXN-04428,LST-4256,BYR-2846,AGT-0272,335069.04,2020-06-13,2020-07-13,16345.16,Pending,Conventional,False,30,4.878146903694833
TXN-04429,LST-5609,BYR-2870,AGT-0232,2483400.51,2023-03-04,2023-03-19,141007.85,Pending,FHA,True,15,5.678014860357745
TXN-04430,LST-1899,BYR-2086,AGT-0067,647019.33,2021-06-25,2021-07-24,16857.66,Cancelled,Conventional,False,29,2.6054337511060144
TXN-04431,LST-3670,BYR-0716,AGT-0228,2425476.8,2024-06-19,2024-07-05,91128.47,Cancelled,Conventional,True,16,3.7571363288240898
TXN-04432,LST-5313,BYR-3222,AGT-0211,1049275.34,2021-04-05,2021-05-20,54986.88,Unknown,FHA,True,45,5.240462431910388
TXN-04433,LST-2780,BYR-1876,AGT-0132,1100533.01,2023-04-09,2023-05-23,31990.65,Pending,Cash,True,44,2.906832390243342
TXN-04434,LST-0049,BYR-0612,AGT-0077,2190422.4,2024-08-22,2024-09-26,69550.87,Pending,Jumbo,True,35,3.1752263855592417
TXN-04435,LST-1494,BYR-2809,AGT-0120,2117521.35,2020-12-13,2021-01-19,125763.0,Pending,Conventional,False,37,5.939160896772068
TXN-04436,LST-1691,BYR-1942,AGT-0124,1545518.27,2022-01-28,2022-03-07,56660.41,Completed,Cash,False,38,3.666110656847816
TXN-04437,LST-4724,BYR-1884,AGT-0252,777796.36,2022-08-18,2022-09-08,30394.11,Cancelled,USDA,True,21,3.9077207818252067
TXN-04438,LST-4223,BYR-1784,AGT-0106,1730122.08,2022-09-02,2022-09-28,61209.11,Cancelled,Cash,True,26,3.5378491903877674
TXN-04439,LST-2200,BYR-3633,AGT-0063,607237.17,2024-04-28,2024-05-16,29661.23,Cancelled,Conventional,True,18,4.884620287654657
TXN-04440,LST-0796,BYR-3955,AGT-0198,2494629.56,2023-01-12,2023-02-22,121751.36,Cancelled,FHA,True,41,4.880538656007909
TXN-04441,LST-5188,BYR-3968,AGT-0293,1663363.98,2023-09-20,2023-11-04,72569.12,Cancelled,Conventional,False,45,4.362792562094557
TXN-04442,LST-3537,BYR-3769,AGT-0199,1084172.71,2023-03-25,2023-04-12,30909.81,Completed,Conventional,False,18,2.851004246362187
TXN-04443,LST-4374,BYR-0050,AGT-0065,1371038.8,2023-09-21,2023-10-25,77669.61,Cancelled,FHA,True,34,5.665019108139026
TXN-04444,LST-2790,BYR-0125,AGT-0106,1341556.72,2023-12-22,2024-01-17,46367.41,Cancelled,Jumbo,True,26,3.456239256138198
TXN-04445,LST-2193,BYR-1966,AGT-0014,54982.17,2022-06-14,2022-06-29,2561.7,Completed,Jumbo,True,15,4.659146774308835
TXN-04446,LST-3005,BYR-1125,AGT-0100,2792910.29,2023-01-29,2023-02-26,81193.39,Pending,Conventional,True,28,2.9071248829836205
TXN-04447,LST-2546,BYR-0378,AGT-0182,2675588.62,2020-09-29,2020-11-12,136184.9,Cancelled,Conventional,True,44,5.089904291789072
TXN-04448,LST-5172,BYR-2974,AGT-0025,129212.56,2023-01-22,2023-02-27,7112.27,Cancelled,Conventional,True,36,5.5043178465003715
TXN-04449,LST-1709,BYR-3470,AGT-0239,2789952.64,2022-10-09,2022-11-16,123997.08,Cancelled,Cash,True,38,4.444415228496495
TXN-04450,LST-1829,BYR-3016,AGT-0288,1823927.66,2022-12-29,2023-02-12,62317.05,Pending,VA,True,45,3.4166404384700213
TXN-04451,LST-1436,BYR-0348,AGT-0087,1348850.43,2020-11-25,2020-12-18,76087.6,Pending,Cash,True,23,5.6409219515910305
TXN-04452,LST-4423,BYR-3359,AGT-0025,2166928.33,2024-10-11,2024-11-17,95348.85,Completed,Cash,True,37,4.400184753687723
TXN-04453,LST-1464,BYR-1818,AGT-0220,1563089.47,2023-05-02,2023-06-07,72802.92,Completed,Conventional,True,36,4.657629738878607
TXN-04454,LST-5995,BYR-0692,AGT-0035,2214148.82,2022-09-29,2022-10-28,90296.06,Pending,Cash,False,29,4.07813870433515
TXN-04455,LST-4303,BYR-3675,AGT-0298,2111065.13,2023-10-02,2023-10-21,101152.03,Completed,FHA,True,19,4.791516309115485
TXN-04456,LST-0528,BYR-0158,AGT-0085,2184941.33,2023-11-30,2023-12-29,70573.53,Unknown,FHA,True,29,3.229996569290032
TXN-04457,LST-1200,BYR-3943,AGT-0155,152307.48,2022-03-28,2022-05-06,5875.36,Cancelled,FHA,False,39,3.8575649731713764
TXN-04458,LST-4637,BYR-0593,AGT-0070,798923.1,2022-09-27,2022-10-17,46340.02,Completed,Cash,True,20,5.800310442894942
TXN-04459,LST-2764,BYR-2468,AGT-0209,2827792.63,2020-11-11,2020-12-08,161172.85,Pending,Conventional,False,27,5.699599337310671
TXN-04460,LST-0712,BYR-1170,AGT-0211,1744377.46,2021-05-30,2021-07-04,73510.48,Cancelled,Conventional,True,35,4.214138378054942
TXN-04461,LST-4218,BYR-1543,AGT-0089,1707824.37,2023-12-26,2024-02-04,64803.64,Pending,Conventional,False,40,3.794514303599029
TXN-04462,LST-4708,BYR-3010,AGT-0261,922960.44,2024-03-17,2024-04-27,23531.88,Cancelled,Conventional,True,41,2.549608735126286
TXN-04463,LST-5263,BYR-0671,AGT-0191,571632.85,2020-08-14,2020-08-30,15112.04,Completed,Cash,False,16,2.643661923907977
TXN-04464,LST-5370,BYR-0645,AGT-0107,833435.9,2023-08-23,2023-09-30,43658.87,Cancelled,Conventional,True,38,5.238419655308825
TXN-04465,LST-4506,BYR-1676,AGT-0093,2501250.06,2024-08-01,2024-08-24,131779.22,Completed,Conventional,True,23,5.268534406351998
TXN-04466,LST-2781,BYR-2162,AGT-0033,2176346.32,2024-04-08,2024-05-17,106287.47,Completed,Cash,True,39,4.883757195408128
TXN-04467,LST-2756,BYR-3629,AGT-0124,302616.16,2022-11-08,2022-12-05,8318.61,Completed,FHA,False,27,2.74889814212169
TXN-04468,LST-5483,BYR-2828,AGT-0117,2624361.78,2022-12-03,2023-01-04,119079.73,Pending,Conventional,True,32,4.537473869170584
TXN-04469,LST-2560,BYR-0641,AGT-0254,1105991.18,2022-01-04,2022-02-16,57624.44,Pending,Conventional,False,43,5.210207915039613
TXN-04470,LST-2950,BYR-0431,AGT-0171,642864.15,2021-12-09,2022-01-06,20425.89,Cancelled,Conventional,True,28,3.177326033812898
TXN-04471,LST-4662,BYR-2516,AGT-0215,1304413.96,2022-10-01,2022-10-29,49037.67,Completed,Cash,True,28,3.7593640902156547
TXN-04472,LST-1998,BYR-0653,AGT-0186,2042864.21,2021-02-24,2021-03-30,53453.79,Cancelled,Conventional,True,34,2.616610038902194
TXN-04473,LST-3180,BYR-2168,AGT-0235,174185.58,2021-12-15,2022-01-14,6746.09,Completed,Jumbo,True,30,3.8729325355175788
TXN-04474,LST-3754,BYR-1648,AGT-0147,392841.19,2021-05-27,2021-06-27,22369.36,Cancelled,FHA,True,31,5.6942501370592025
TXN-04475,LST-5717,BYR-3696,AGT-0016,231871.7,2023-08-14,2023-09-08,10857.02,Pending,Conventional,True,25,4.682339414426168
TXN-04476,LST-3020,BYR-0801,AGT-0002,1302180.04,2022-06-26,2022-08-02,54066.5,Cancelled,Conventional,True,37,4.151998828057601
TXN-04477,LST-3814,BYR-3493,AGT-0134,397462.76,2020-07-15,2020-08-12,13950.35,Pending,Cash,True,28,3.509850834830413
TXN-04478,LST-3759,BYR-0140,AGT-0257,1857907.1,2023-05-30,2023-07-02,96689.27,Completed,Conventional,True,33,5.204203697805989
TXN-04479,LST-2530,BYR-2826,AGT-0178,2213674.48,2023-09-09,2023-10-16,102304.47,Pending,FHA,True,37,4.6214775896047735
TXN-04480,LST-5628,BYR-1668,AGT-0050,533010.33,2023-05-11,2023-06-11,18536.15,Completed,Conventional,True,31,3.4776342890014913
TXN-04481,LST-2044,BYR-1464,AGT-0195,614568.88,2024-02-09,2024-03-03,30479.52,Cancelled,VA,True,23,4.9594961593239155
TXN-04482,LST-5571,BYR-3231,AGT-0215,2162656.32,2022-11-14,2022-12-03,70228.11,Completed,Conventional,True,19,3.247307921769096
TXN-04483,LST-3148,BYR-1592,AGT-0105,1330013.81,2023-02-08,2023-03-16,39239.17,Cancelled,Jumbo,False,36,2.9502828996941015
TXN-04484,LST-5151,BYR-1840,AGT-0092,2245805.16,2021-09-25,2021-10-22,74992.65,Pending,Cash,True,27,3.339232242212855
TXN-04485,LST-1399,BYR-2918,AGT-0055,280110.08,2023-09-10,2023-10-13,10593.46,Completed,Jumbo,True,33,3.781891747701475
TXN-04486,LST-4624,BYR-2337,AGT-0079,1929272.99,2023-12-04,2024-01-11,57687.13,Pending,Conventional,True,38,2.9900968032522965
TXN-04487,LST-2426,BYR-1125,AGT-0040,2234070.42,2023-03-09,2023-04-01,91451.14,Completed,FHA,True,23,4.093476158195586
TXN-04488,LST-4106,BYR-3786,AGT-0247,2818188.61,2022-01-03,2022-02-10,94237.46,Completed,Conventional,False,38,3.343901812164375
TXN-04489,LST-4087,BYR-2947,AGT-0166,1139883.53,2021-09-17,2021-10-10,33386.1,Pending,Conventional,False,23,2.9289044995676004
TXN-04490,LST-4802,BYR-0143,AGT-0260,2509688.33,2022-09-28,2022-10-25,93275.43,Cancelled,Conventional,True,27,3.7166140864989394
TXN-04491,LST-2583,BYR-0499,AGT-0033,805685.01,2022-02-20,2022-04-02,26261.67,Completed,VA,True,41,3.2595455635943877
TXN-04492,LST-3954,BYR-1272,AGT-0074,1910775.18,2024-05-12,2024-06-25,103875.55,Cancelled,VA,True,44,5.436304128673056
TXN-04493,LST-4246,BYR-0899,AGT-0013,1109667.41,2023-11-24,2023-12-23,33304.85,Cancelled,USDA,False,29,3.001336229204028
TXN-04494,LST-4001,BYR-2816,AGT-0162,2612324.0,2024-08-17,2024-09-24,142303.05,Cancelled,Conventional,True,38,5.447373679528266
TXN-04495,LST-2782,BYR-3227,AGT-0160,1176591.96,2023-09-07,2023-09-22,31194.72,Completed,Conventional,True,15,2.651277678287042
TXN-04496,LST-5058,BYR-3212,AGT-0267,619362.23,2022-06-30,2022-07-31,24854.52,Cancelled,Conventional,False,31,4.012921485380212
TXN-04497,LST-4174,BYR-2196,AGT-0189,443299.69,2021-07-07,2021-08-19,22968.84,Completed,Conventional,True,43,5.181334550448253
TXN-04498,LST-4816,BYR-0982,AGT-0032,267864.23,2023-02-04,2023-03-12,11305.58,Cancelled,Conventional,True,36,4.220638194207566
TXN-04499,LST-5609,BYR-2731,AGT-0223,2428548.28,2023-03-01,2023-04-08,70210.66,Completed,FHA,True,38,2.891054733324059
TXN-04500,LST-3397,BYR-2928,AGT-0003,1721945.56,2022-03-07,2022-04-15,54219.02,Completed,FHA,True,39,3.148706977704916
