buyer_id,first_name,last_name,email,phone,buyer_type,pre_approval_amount,registration_date
BYR-0001,Willie,Thompson,pughdavid@example.net,656-228-1827x6243,Individual,439789.5,2023-07-01
BYR-0002,Joshua,Hawkins,kevincollins@example.com,001-711-327-8956x7538,Investor,1816145.77,2019-05-31
BYR-0003,Nicole,Cross,zacharyhansen@example.org,(700)234-7464x92903,Individual,1282358.75,2024-03-06
BYR-0004,Michael,Riley,michellewagner@example.net,001-203-521-6215x975,Investor,831589.96,2021-06-16
BYR-0005,Jennifer,Johnson,hector91@example.org,+1-799-827-4871x048,Individual,1826786.62,2021-06-11
BYR-0006,Theresa,Brown,qmcdowell@example.com,(467)231-8819x1262,Individual,2834234.83,2021-09-08
BYR-0007,Lisa,Cooper,michael24@example.com,319-208-6565x7433,Trust,1744607.82,2022-02-17
BYR-0008,Ronald,Smith,pmartinez@example.net,9612184710,Individual,2288940.55,2023-01-08
BYR-0009,Melanie,Torres,sarahswanson@example.org,001-574-932-7531x71715,Corporation,1120702.42,2023-02-22
BYR-0010,Curtis,Montoya,smckay@example.org,706.555.1086x5471,Corporation,214045.09,2021-06-05
BYR-0011,Deborah,Richards,roberthart@example.org,001-631-866-1741x4992,Investor,1789815.49,2024-05-05
BYR-0012,Kelly,Wallace,craigclark@example.org,(562)701-7918x09193,Individual,975485.74,2019-02-17
BYR-0013,Lisa,Walter,dgutierrez@example.com,221.888.3043x17862,Individual,1540185.11,2020-12-22
BYR-0014,Lauren,Rodriguez,paulkent@example.org,537-567-3179,Individual,,2021-09-20
BYR-0015,Lance,Donovan,benjamin75@example.com,368.859.0148x452,Investor,,2021-02-16
BYR-0016,Ryan,Anderson,jasonbender@example.net,001-878-662-2061x4131,Corporation,592138.42,2023-08-08
BYR-0017,Sara,Martin,ecameron@example.com,810-563-0407,Investor,2676009.54,2022-11-18
BYR-0018,William,Hansen,jacobclark@example.org,+1-587-350-4357x14017,Individual,1635307.33,2020-06-29
BYR-0019,Natalie,Browning,rlewis@example.org,001-846-992-9924x401,Corporation,131027.19,2019-07-08
BYR-0020,Johnny,Blake,derekorr@example.net,+1-764-309-3942,Individual,,2022-05-10
BYR-0021,Thomas,Walker,carterrobert@example.com,(257)738-7421x750,Individual,1768358.98,2021-12-17
BYR-0022,Donna,Prince,omorton@example.com,(949)880-6393,Investor,2055697.7,2021-06-12
BYR-0023,Janet,Eaton,xsantos@example.org,(912)238-9970,Corporation,890419.57,2024-02-26
BYR-0024,Samantha,Carter,,583-471-1969x5941,Individual,1084886.27,2022-06-01
BYR-0025,Tiffany,Lin,brandonlewis@example.com,714-779-9459,Corporation,1390761.38,2024-03-20
BYR-0026,Veronica,Harper,dixonterri@example.org,610.670.0131x26073,Individual,,2021-08-30
BYR-0027,Jessica,Allen,christophermurphy@example.com,268.838.5909x15816,Individual,2541212.52,2022-09-08
BYR-0028,James,Smith,eellis@example.org,001-648-622-1467x045,Corporation,185830.71,2024-02-25
BYR-0029,Jose,Farmer,amanda77@example.net,+1-582-763-5316x2407,Trust,2451580.01,2020-03-19
BYR-0030,Richard,Johnson,ashley28@example.net,959.473.8683x45482,Investor,2602980.26,2023-04-11
BYR-0031,Calvin,Wood,amcdonald@example.org,001-598-700-1622x53530,Individual,1325754.92,2021-10-17
BYR-0032,Joseph,Fields,bethany24@example.org,(658)287-2265,Investor,2168790.92,2022-12-11
BYR-0033,Ruth,Bauer,swilliams@example.net,(451)558-9806,Individual,1190979.37,2021-12-25
BYR-0034,Melissa,Morrow,amy13@example.org,360-582-7568,Corporation,226721.55,2020-11-26
BYR-0035,Michael,Guzman,moralesjimmy@example.com,389.905.7012x7088,Individual,479496.11,2019-12-09
BYR-0036,Susan,Armstrong,chad92@example.org,+1-251-440-7015,Investor,,2022-09-30
BYR-0037,Kylie,Oconnor,jennifer10@example.org,978-572-2728,Individual,128815.83,2023-10-09
BYR-0038,Nicole,Sutton,dharrison@example.org,491.549.2027x3239,Trust,1796749.75,2023-01-29
BYR-0039,Brittany,Hickman,uschneider@example.net,2832861429,Individual,2556298.05,2024-04-24
BYR-0040,Amy,Blackburn,crosslance@example.net,(604)455-3530x2432,Individual,,2020-04-03
BYR-0041,Kristina,Silva,marshalltracey@example.com,555-338-3390x8877,Individual,1652300.45,2023-01-28
BYR-0042,Keith,Lopez,caitlin42@example.com,+1-774-630-7708x715,Individual,,2019-11-09
BYR-0043,Maureen,Rubio,alisonmcintosh@example.net,+1-500-786-1151x64520,Individual,,2019-08-13
BYR-0044,Ashley,Chen,wflowers@example.net,001-485-402-1109x0993,Investor,2246474.22,2020-11-27
BYR-0045,Samantha,Parker,josephkerr@example.net,7604943632,Individual,1539428.56,2019-04-30
BYR-0046,Pamela,Tran,elizabeth98@example.org,973.242.7762,Trust,2037305.72,2019-01-29
BYR-0047,Denise,Cruz,ksims@example.com,448.471.4870x34884,Investor,1162077.26,2021-09-11
BYR-0048,Joshua,Garcia,barrettsamantha@example.org,245.638.8899,Investor,,2024-03-31
BYR-0049,Rebecca,Ramos,dianachavez@example.com,647.267.2735x1071,Investor,1753809.22,2021-09-18
BYR-0050,Dawn,Larson,lukezamora@example.org,+1-324-348-6146x5212,Individual,2432176.3,2022-08-25
BYR-0051,Susan,Hines,denise32@example.com,001-427-886-9163x3655,Investor,1066174.98,2023-05-16
BYR-0052,Mary,Patrick,johnking@example.org,593-216-5370,Individual,1643937.05,2022-10-13
BYR-0053,Amanda,Yoder,lisa26@example.com,(660)701-5264x651,Individual,2481442.65,2019-01-24
BYR-0054,Andrew,Arroyo,justinibarra@example.net,815-204-4288x60207,Trust,2150648.72,2024-05-14
BYR-0055,Edward,Andrews,galvantiffany@example.com,(573)816-0740x809,Individual,1156173.85,2019-06-02
BYR-0056,Yvette,Reid,william05@example.com,856-662-8680x040,Individual,899421.51,2020-09-26
BYR-0057,Michael,Fernandez,mccoychristopher@example.org,(928)887-5362x2997,Individual,2058723.08,2021-08-06
BYR-0058,Savannah,Park,megan19@example.org,001-460-322-9961x3971,Corporation,,2023-03-25
BYR-0059,Erica,Reyes,guy18@example.org,544-473-8483,Investor,1294284.42,2019-03-06
BYR-0060,Ryan,Robinson,charlesjones@example.net,3646984816,Trust,,2019-01-18
BYR-0061,Keith,Baker,sheppardmary@example.net,247.478.2220x1127,Investor,241111.54,2021-02-18
BYR-0062,Cheyenne,Turner,cjordan@example.com,(597)448-1565x40374,Individual,1304981.13,2023-01-31
BYR-0063,Michael,Salazar,carrolldenise@example.com,(727)543-2618,Individual,512459.61,2024-06-11
BYR-0064,Julie,Powell,keithlucero@example.com,(861)982-0609x0748,Individual,101093.32,2019-01-12
BYR-0065,Madison,Arellano,lowens@example.org,260-690-7108x45789,Investor,2636925.64,2023-02-13
BYR-0066,Brandon,Phillips,bradytravis@example.com,001-568-573-6409x5914,Investor,,2019-03-12
BYR-0067,Jennifer,Kelley,johnathanpennington@example.com,776.882.2766,Individual,1234816.54,2021-05-19
BYR-0068,Shelia,Rosales,dcontreras@example.net,(302)585-3258,Individual,1590972.72,2019-07-20
BYR-0069,Dawn,Roberts,garciasean@example.com,4519770901,Individual,1549867.16,2019-03-23
BYR-0070,Amber,Sims,nicholskatelyn@example.net,582.529.7120x302,Individual,1681865.61,2024-06-25
BYR-0071,Joseph,Gardner,xramos@example.net,941.812.3047x7866,Investor,1839242.26,2023-05-14
BYR-0072,Elizabeth,Salazar,lorilane@example.com,906-482-8304x151,Individual,718717.97,2020-04-27
BYR-0073,Joseph,Ferguson,mooretodd@example.com,001-621-543-0669,Individual,1430454.01,2021-10-02
BYR-0074,Ashley,Edwards,stewartmichael@example.net,9296566283,Corporation,1182763.19,2019-09-15
BYR-0075,Austin,Cantrell,christopher89@example.org,(868)302-4242x8038,Corporation,1197110.68,2021-11-15
BYR-0076,Ryan,Stevens,bmerritt@example.org,(490)968-5486x71267,Individual,787140.33,2020-01-16
BYR-0077,Cynthia,Campbell,zwiggins@example.org,547.731.0138,Individual,,2020-02-13
BYR-0078,Edward,Jackson,jbarker@example.net,(771)867-5903x6878,Individual,,2022-08-12
BYR-0079,Anthony,Kelly,cunninghamjason@example.net,(425)898-4363,Investor,1283059.2,2020-06-28
BYR-0080,Brittany,Gilbert,,+1-293-794-4012x792,Corporation,937016.13,2020-10-03
BYR-0081,Kevin,Nguyen,jacobrodriguez@example.com,773.454.5715x3995,Individual,1521219.09,2021-12-09
BYR-0082,Erica,Rodriguez,,001-206-730-7228,Investor,2772718.6,2019-02-17
BYR-0083,Nicholas,Knight,darlenebass@example.org,001-803-754-5512x300,Individual,910871.29,2021-12-21
BYR-0084,David,Rodriguez,millerjames@example.org,398.528.2237x53343,Individual,,2021-09-02
BYR-0085,Emma,Jones,,(293)362-4598,Individual,604637.93,2021-06-14
BYR-0086,Michelle,Taylor,shepherdemily@example.com,575-416-1827x857,Corporation,1277934.37,2019-12-02
BYR-0087,Cindy,Fox,mariah84@example.com,001-238-212-0580x8064,Investor,2681310.71,2023-12-05
BYR-0088,Kristin,Barker,fsmith@example.org,+1-798-210-0634,Individual,,2024-01-31
BYR-0089,Jonathan,Riggs,matthewjackson@example.org,455-362-4407x58447,Investor,222440.69,2024-01-01
BYR-0090,Elizabeth,Jimenez,carriejohnson@example.net,282-611-9160x047,Individual,1214818.94,2019-11-22
BYR-0091,Annette,James,fhansen@example.com,591-950-4688,Investor,1465693.4,2023-07-14
BYR-0092,Paul,Chen,kevinramos@example.org,(939)318-0537x4973,Individual,2120495.05,2019-05-11
BYR-0093,Richard,Gonzales,scotthall@example.org,649-836-4877,Individual,2901132.57,2024-04-29
BYR-0094,Sean,Allen,karen61@example.net,(685)381-1373,Investor,1951321.11,2019-10-11
BYR-0095,Ann,Jones,michaelbaker@example.net,+1-830-390-9974x8336,Individual,539586.51,2020-08-09
BYR-0096,Heidi,Thompson,daniel55@example.org,(702)816-9345,Investor,1976365.55,2022-07-26
BYR-0097,Jose,Perry,ganderson@example.com,001-462-754-5229x9701,Individual,1619526.26,2023-06-14
BYR-0098,Tammy,Solis,kimberlyross@example.net,+1-427-562-3379x950,Individual,1897154.53,2020-12-22
BYR-0099,Luis,Powell,,+1-604-801-9387,Individual,,2021-10-28
BYR-0100,Russell,Acevedo,anna34@example.org,(533)960-7726,Individual,648610.86,2020-11-12
BYR-0101,John,Carson,heather23@example.com,+1-754-973-0742x4229,Individual,1516184.4,2021-10-13
BYR-0102,Steven,Morgan,,+1-312-724-1399x425,Individual,989789.94,2023-07-11
BYR-0103,Lindsey,Miller,mitchellbilly@example.org,(917)793-5201x237,Individual,1708316.61,2020-12-11
BYR-0104,Kylie,Dixon,douglas62@example.net,(403)450-4004,Individual,2574346.29,2023-04-29
BYR-0105,Jack,Valdez,freemanmichelle@example.org,4915259651,Individual,170022.71,2022-01-31
BYR-0106,Crystal,Ruiz,tinaallison@example.net,297.851.0783,Individual,680350.38,2019-07-23
BYR-0107,Dwayne,Clark,samuel19@example.com,(561)932-5318,Individual,,2021-09-27
BYR-0108,Lisa,Boyd,scottdebra@example.org,606.813.2204x0071,Corporation,306764.17,2020-01-24
BYR-0109,Mary,Jones,dhatfield@example.org,(863)329-2871x05260,Individual,1134435.62,2020-08-22
BYR-0110,Billy,Ruiz,robertrivera@example.com,833-427-7056,Individual,1694930.53,2023-04-17
BYR-0111,Valerie,Mendoza,bakertimothy@example.com,539-298-1466x3366,Individual,1220959.5,2022-09-26
BYR-0112,Michelle,Knight,valerie07@example.net,(293)821-5416x49185,Individual,,2021-05-23
BYR-0113,Ashley,Mccarty,alyssa06@example.org,990-883-1533x0793,Individual,1710264.9,2019-08-11
BYR-0114,Danielle,Kennedy,matthew01@example.com,296-869-9987,Individual,1686728.96,2022-02-16
BYR-0115,Eugene,Juarez,grahamjasmine@example.net,847.636.4047x580,Individual,1238539.92,2024-01-01
BYR-0116,John,Wilson,dominguezstephanie@example.org,001-823-474-3370x15732,Individual,1148230.42,2022-09-05
BYR-0117,Nicolas,Parker,,8626494521,Individual,207927.06,2023-04-12
BYR-0118,Michael,Davis,dillonlyons@example.org,837-770-4743x762,Investor,975233.06,2024-02-08
BYR-0119,Regina,Maldonado,stewartfrank@example.net,726-490-3000x84944,Individual,2249551.56,2022-12-15
BYR-0120,Eddie,Ramirez,lisa39@example.com,405-356-1788x459,Individual,2918682.73,2020-03-24
BYR-0121,Emily,Clark,,+1-239-341-8846x4311,Individual,685433.68,2019-01-14
BYR-0122,Katelyn,Hudson,pbarker@example.net,4914423743,Trust,1606939.46,2021-03-22
BYR-0123,James,Sheppard,rhammond@example.com,(914)850-6174,Trust,2073163.94,2022-06-18
BYR-0124,Patricia,Harris,anahart@example.net,428.931.0366x13698,Individual,,2022-11-06
BYR-0125,Zachary,Kennedy,wesley37@example.net,001-609-831-9342x20509,Individual,2872031.6,2023-01-09
BYR-0126,Brian,Hopkins,wanderson@example.com,(457)302-4300x2923,Investor,1101172.71,2019-08-25
BYR-0127,Kyle,Lee,michael94@example.net,+1-835-872-7763x471,Individual,290960.97,2022-02-16
BYR-0128,Jennifer,Weiss,hortonjason@example.com,(660)373-5938,Individual,884675.48,2022-11-20
BYR-0129,Ryan,Carpenter,joseph25@example.net,5929743106,Individual,1682353.58,2024-03-11
BYR-0130,Billy,Garcia,alexis80@example.org,7817515732,Individual,1330551.91,2019-01-13
BYR-0131,Jonathon,Levine,dillonalexis@example.org,369.376.7865x185,Individual,690429.18,2023-11-13
BYR-0132,Veronica,Sellers,byrdrobert@example.net,+1-940-753-3986x774,Individual,1407748.67,2019-12-23
BYR-0133,Stephanie,Smith,lewiskevin@example.org,961-662-5021,Individual,2525143.75,2023-01-17
BYR-0134,Patricia,Lin,ljones@example.org,2048717558,Trust,163435.05,2019-12-06
BYR-0135,Bryan,Wilson,youngwarren@example.net,368-343-8110x0535,Corporation,2694996.27,2021-07-13
BYR-0136,Brian,Huff,bbaldwin@example.com,(898)477-9588x530,Individual,1605381.69,2023-08-13
BYR-0137,Julie,Avila,kmoore@example.com,6845205260,Individual,2863608.54,2020-12-20
BYR-0138,Alexa,Jordan,castrolauren@example.net,+1-536-331-2588x683,Investor,461588.34,2019-10-28
BYR-0139,Jasmine,Graham,michaelmoran@example.org,+1-872-859-2444x270,Individual,,2019-10-25
BYR-0140,Elizabeth,Marsh,ericpoole@example.org,527-691-5662,Corporation,2190466.64,2021-12-06
BYR-0141,Marie,Sanchez,gutierrezsheila@example.net,436.836.5045x26182,Individual,1523169.36,2022-09-30
BYR-0142,Jeffery,Griffin,jesus48@example.com,(626)239-4691x7909,Investor,192826.46,2020-04-14
BYR-0143,Kevin,Thomas,,507.521.1622x8788,Individual,2355659.02,2022-10-06
BYR-0144,Julie,Ellis,wilsonjohn@example.net,(670)232-2656x1127,Individual,2253777.56,2023-08-13
BYR-0145,Nicholas,Stewart,sean18@example.com,+1-977-653-4697,Corporation,1515232.77,2019-09-17
BYR-0146,Chad,Evans,iayala@example.org,(833)775-5042x379,Investor,1045773.61,2022-02-08
BYR-0147,Brandi,Hunter,carrie09@example.org,4123175025,Individual,1351164.0,2022-06-06
BYR-0148,Andrew,Herman,stephaniecampbell@example.org,8147975573,Investor,,2023-01-13
BYR-0149,Brian,Wright,,001-688-998-4838x703,Investor,2545120.12,2020-12-14
BYR-0150,Kelly,Allen,skrause@example.com,9985613074,Individual,2659057.81,2024-06-18
BYR-0151,Shannon,Mullen,rachelsmith@example.org,615.346.9536,Individual,2696534.41,2020-02-16
BYR-0152,Jacob,Kim,rhondarandolph@example.org,001-636-455-6958,Corporation,121420.21,2021-10-22
BYR-0153,Tiffany,Torres,nthomas@example.com,527.658.2514,Individual,239021.1,2022-10-07
BYR-0154,Kimberly,Garcia,uharris@example.org,588-736-0505,Individual,1757485.48,2022-07-14
BYR-0155,Stephen,Hale,cgordon@example.net,(874)375-8487,Corporation,1080000.64,2019-09-14
BYR-0156,Charles,Burton,soliver@example.org,(455)888-4404,Individual,2524676.77,2024-06-11
BYR-0157,Brian,Le,kellyblack@example.net,617.360.2799x3516,Individual,682630.34,2022-08-05
BYR-0158,Michaela,Davis,eleonard@example.org,455.314.6329x14636,Individual,,2022-04-04
BYR-0159,Yvonne,Smith,judith78@example.org,(329)775-9879x6193,Individual,2023754.65,2021-05-20
BYR-0160,Robert,Davis,frogers@example.com,001-392-656-0375,Individual,1102877.62,2022-09-05
BYR-0161,Kaitlyn,Brown,crystal67@example.org,+1-285-526-6431x469,Individual,2986072.26,2023-02-26
BYR-0162,Roger,Chaney,justin43@example.com,+1-585-898-0712,Corporation,,2019-12-26
BYR-0163,Anthony,Johnston,melissa13@example.net,834.293.2290,Individual,1859418.77,2022-07-25
BYR-0164,Alice,Lawson,,+1-564-895-4638x221,Individual,1834698.14,2022-06-17
BYR-0165,Christopher,Carroll,browntiffany@example.org,001-549-599-0778x60399,Investor,162861.12,2022-03-01
BYR-0166,Thomas,Patterson,robertfranklin@example.com,9837214310,Individual,,2019-03-05
BYR-0167,Mary,Mcgee,thomas74@example.net,955.985.8259x823,Trust,903251.69,2019-03-22
BYR-0168,David,Ramirez,hernandezkayla@example.org,+1-428-389-6124,Investor,1383883.66,2022-06-11
BYR-0169,Shelley,Butler,melissa11@example.com,001-628-600-9567x4042,Investor,2346076.64,2020-06-15
BYR-0170,Denise,Garcia,saragibson@example.com,+1-951-631-2100x0820,Investor,1057718.27,2019-10-21
BYR-0171,Cynthia,Mcgee,austin76@example.org,676-951-7478,Individual,,2020-03-12
BYR-0172,Tonya,Davis,ehouse@example.org,(522)252-8913x513,Individual,1620087.99,2020-04-23
BYR-0173,Andrew,Barajas,griffithrebecca@example.org,(273)533-4688,Corporation,582679.35,2021-12-24
BYR-0174,Donna,Williamson,ashleyjackson@example.org,(555)371-0769x1549,Investor,,2021-09-17
BYR-0175,Patricia,Campbell,,+1-696-284-0526,Individual,1650394.97,2020-01-28
BYR-0176,Austin,Glover,,(929)450-3109x651,Individual,2842036.88,2024-02-13
BYR-0177,Mark,Chavez,jenniferparks@example.com,001-976-552-4034,Individual,1533993.14,2019-06-10
BYR-0178,Thomas,Herrera,omason@example.com,(205)325-1182,Individual,2247556.79,2021-06-06
BYR-0179,Alex,Ellis,sarah18@example.com,694.664.1197x713,Investor,2224996.22,2019-08-03
BYR-0180,Lindsay,Allison,,001-435-418-3472x0900,Individual,1135640.51,2022-09-07
BYR-0181,Eric,Johnson,fishervictoria@example.net,964.720.3722x540,Individual,,2019-02-19
BYR-0182,Leslie,Crawford,ramosnancy@example.net,787.479.9139x411,Investor,546963.96,2019-03-12
BYR-0183,Kenneth,Randolph,moorecheryl@example.com,605-699-1315x39792,Individual,2991895.35,2023-12-05
BYR-0184,Lindsey,Gonzalez,seanmcdonald@example.com,(956)314-8163,Investor,1722708.34,2023-11-07
BYR-0185,Daniel,Gonzalez,marissa44@example.net,8737010487,Investor,1071781.7,2023-11-10
BYR-0186,Michelle,Olson,paula35@example.com,325.825.1187,Investor,723833.92,2021-11-17
BYR-0187,Nathan,Wilkerson,juliamorris@example.org,8743331303,Investor,2319585.69,2023-03-09
BYR-0188,William,Lara,baileycindy@example.net,001-212-697-8958x79597,Individual,835722.77,2022-08-28
BYR-0189,Matthew,Hughes,urogers@example.com,+1-301-852-8331,Individual,2601634.2,2023-01-20
BYR-0190,Melinda,Bishop,longdavid@example.net,001-585-400-0074x65468,Corporation,,2021-07-20
BYR-0191,Troy,Peterson,quinnchristine@example.com,650.596.9168x5642,Corporation,2227970.82,2022-12-14
BYR-0192,Sylvia,Hayes,lori95@example.net,5968016217,Individual,814358.97,2020-12-09
BYR-0193,Jacob,Harris,michaeljones@example.net,8264608386,Individual,1154583.83,2022-09-24
BYR-0194,Walter,Mack,chorn@example.net,902.999.9676x22625,Individual,,2021-02-12
BYR-0195,Wendy,Wilcox,pfriedman@example.org,665-697-5003,Individual,1654976.67,2024-06-12
BYR-0196,Michael,Holden,harveytara@example.com,718.675.9602,Investor,,2023-03-17
BYR-0197,Ryan,Bautista,zsmith@example.org,750.275.5761,Individual,2074948.59,2022-06-25
BYR-0198,Tammy,Thomas,reginald88@example.org,890.404.5888x29917,Investor,2718904.97,2023-01-22
BYR-0199,Roberto,Scott,,295-677-0244,Individual,341852.72,2022-04-11
BYR-0200,Troy,Taylor,vmarshall@example.org,241.206.2769x046,Investor,2217858.76,2022-04-04
BYR-0201,Monica,Lee,robert77@example.com,239-791-0503,Individual,946979.2,2019-10-10
BYR-0202,Benjamin,Williams,chanson@example.net,7202178847,Individual,,2021-05-09
BYR-0203,Troy,Larson,jasonwilson@example.net,664.715.7093x0666,Individual,1686747.85,2022-12-09
BYR-0204,Jenna,Simpson,armstrongautumn@example.com,(695)969-2734,Individual,,2019-10-16
BYR-0205,Gary,Lane,richardmacias@example.org,545.955.4320x54670,Investor,697320.01,2022-04-27
BYR-0206,Aaron,Graham,christinestrong@example.net,(876)844-0315x639,Corporation,2150915.15,2020-05-23
BYR-0207,Brian,Carlson,,963.317.4250,Individual,,2021-12-21
BYR-0208,David,Jacobs,ericareyes@example.com,+1-473-627-1459x0114,Investor,838129.01,2020-09-03
BYR-0209,Tracy,Barnes,teresabean@example.net,490.407.3928x979,Individual,1623476.01,2023-01-29
BYR-0210,Katherine,Cohen,,3086741726,Investor,,2021-04-16
BYR-0211,Alexander,Cunningham,walterssarah@example.com,001-825-897-9454x374,Investor,462664.51,2019-11-12
BYR-0212,Steven,Barber,gallen@example.org,6489976875,Corporation,725599.46,2022-07-01
BYR-0213,John,Bradford,gonzalezjulia@example.com,001-341-616-1130x67512,Individual,197843.84,2019-09-21
BYR-0214,James,Day,qsmith@example.com,6139534529,Trust,2427987.95,2024-04-27
BYR-0215,Marcus,Robinson,wrightjennifer@example.org,602.992.7761x00260,Individual,2700093.72,2020-05-26
BYR-0216,Monica,Bridges,jill65@example.com,001-553-771-0874x244,Individual,161990.76,2022-04-29
BYR-0217,Tammy,Mann,sean69@example.com,828-382-1085x39316,Individual,1617493.74,2021-01-12
BYR-0218,Megan,Brown,harrisallison@example.org,(786)350-6801x391,Individual,1185169.36,2020-12-04
BYR-0219,Bryan,Brown,abbottshane@example.net,962-763-9702x458,Individual,293453.96,2021-08-07
BYR-0220,Amber,Watson,vmccoy@example.net,+1-927-318-5440x0192,Investor,173676.48,2020-08-23
BYR-0221,Laura,Davis,lori84@example.org,817-271-7385x292,Individual,2715730.47,2023-04-06
BYR-0222,Eileen,Russell,smithtaylor@example.net,(291)892-3645,Individual,,2024-03-16
BYR-0223,Christopher,Murphy,kirkmonique@example.com,+1-999-417-0062x82197,Individual,2083669.88,2022-03-22
BYR-0224,Kelsey,Parker,anthony93@example.com,+1-598-598-8352x92731,Individual,2326505.25,2019-02-04
BYR-0225,Marc,Fernandez,tlopez@example.org,001-885-481-0191x477,Individual,,2021-01-30
BYR-0226,Laurie,Cummings,amymccoy@example.com,308.632.8642,Individual,2528509.62,2023-12-13
BYR-0227,Holly,Lee,ogreer@example.net,917-356-3022x24394,Individual,2833001.26,2021-08-14
BYR-0228,Megan,Jimenez,,+1-362-295-1414,Investor,,2021-03-09
BYR-0229,Jacqueline,Bruce,mmartin@example.net,001-381-716-7007x9684,Individual,2795030.99,2023-09-06
BYR-0230,Jason,Cunningham,keith07@example.org,745-361-0925,Individual,583900.38,2019-06-01
BYR-0231,Justin,Wilson,wesleyhinton@example.org,5607855340,Investor,1411456.02,2019-09-23
BYR-0232,Nancy,Owens,andrew79@example.org,(868)748-1345x972,Investor,2191253.47,2023-11-20
BYR-0233,Jenny,Taylor,jeffery92@example.net,(444)893-1750x831,Investor,101660.66,2020-12-25
BYR-0234,Gary,Johnson,zhughes@example.net,(342)779-1925,Investor,2942317.48,2020-10-26
BYR-0235,Laura,Rogers,tinawise@example.org,455-372-0628x07386,Investor,1250900.65,2021-12-06
BYR-0236,Lawrence,Scott,zacharyjones@example.org,001-394-601-1467,Individual,,2019-08-18
BYR-0237,Megan,Gates,gina42@example.com,(501)452-9699x78193,Individual,1550048.52,2023-09-05
BYR-0238,Dana,Fowler,,631.800.1879x4018,Corporation,1507002.65,2019-03-16
BYR-0239,Alicia,Hines,laura64@example.net,+1-887-763-2052,Individual,1566011.97,2020-05-07
BYR-0240,Jennifer,Goodman,hmcdonald@example.org,8999564975,Investor,2168999.51,2020-08-15
BYR-0241,Corey,Wallace,coxgarrett@example.net,(720)841-5817,Investor,477459.2,2021-10-08
BYR-0242,Megan,Brown,morenojustin@example.com,(831)428-5062x43822,Individual,,2024-02-02
BYR-0243,Matthew,Clark,tammyholland@example.com,(654)790-4844x48353,Individual,1357615.66,2020-03-04
BYR-0244,Kevin,Walls,alexanderheather@example.org,4942117623,Individual,1631678.22,2019-05-14
BYR-0245,Carla,Brown,fherrera@example.com,681.857.9976x05200,Corporation,2938314.27,2023-12-18
BYR-0246,Christopher,Santiago,glynn@example.com,+1-342-555-1893,Investor,1143891.33,2022-01-16
BYR-0247,Darius,Glenn,rhonda78@example.net,637.206.6115,Corporation,1273354.78,2019-02-25
BYR-0248,David,Martinez,heathermiller@example.net,(947)909-1284x878,Investor,1729482.65,2020-03-16
BYR-0249,Matthew,Blair,angelajones@example.com,837-971-5411x0592,Individual,312598.59,2019-04-27
BYR-0250,Desiree,Figueroa,shahivan@example.org,+1-962-535-2767x41239,Individual,,2020-04-28
BYR-0251,Tamara,Vaughn,pbutler@example.org,+1-927-255-9467x267,Individual,1217045.77,2023-10-12
BYR-0252,Jennifer,Kirk,fjohnson@example.com,380.277.2954x524,Investor,,2023-08-28
BYR-0253,Patrick,Mason,connor81@example.com,934-323-9445x3242,Investor,,2020-09-11
BYR-0254,Lauren,Carr,ksmith@example.net,725.519.1106x17036,Investor,,2023-06-03
BYR-0255,Melissa,Phillips,,001-427-442-1795x525,Individual,,2022-04-12
BYR-0256,Carl,Pratt,williamsmith@example.org,001-868-728-8795x1343,Individual,260539.59,2021-01-16
BYR-0257,Lisa,Lewis,clawrence@example.net,+1-368-672-3856x13250,Individual,2863207.92,2021-03-04
BYR-0258,Calvin,Rice,bennettcristina@example.net,497-418-9383,Individual,201938.53,2020-06-09
BYR-0259,Shawn,Hall,jessicalee@example.net,9709052047,Individual,106139.97,2022-07-23
BYR-0260,Erik,Graham,heathersmith@example.net,(573)886-4314x908,Individual,464095.62,2023-10-22
BYR-0261,John,Garcia,jeffreyclark@example.net,+1-786-439-2781,Individual,2417969.19,2023-08-04
BYR-0262,Lawrence,Wallace,,001-225-778-7491x59939,Individual,1956966.81,2024-06-27
BYR-0263,Judy,Moore,awilliams@example.net,(949)235-4693x63619,Individual,1931269.88,2020-11-07
BYR-0264,Vincent,Monroe,qyoung@example.com,8847034599,Investor,1586058.92,2021-10-04
BYR-0265,Jennifer,Santana,kevin99@example.com,001-483-540-5977x90209,Investor,582578.61,2024-01-20
BYR-0266,James,Cummings,david72@example.org,(995)670-1111x6540,Investor,132072.51,2022-06-08
BYR-0267,Michael,Allen,reynoldstimothy@example.com,+1-332-456-6198x8479,Corporation,598287.21,2020-10-07
BYR-0268,Tiffany,Park,vgraham@example.net,+1-445-962-1748x196,Investor,794530.32,2021-04-11
BYR-0269,Anthony,Reed,psanders@example.net,912.976.4685x1917,Investor,,2022-04-29
BYR-0270,Sean,Hanson,avalencia@example.com,+1-914-413-5723,Individual,469591.72,2020-08-24
BYR-0271,Mathew,Rose,oleblanc@example.com,(547)368-7938,Individual,2686575.43,2021-06-27
BYR-0272,Brad,Murray,kimberlyrodriguez@example.org,296-206-6093x494,Individual,798561.49,2020-04-24
BYR-0273,Erica,Roberts,clane@example.org,857.376.3331,Individual,315229.22,2022-05-05
BYR-0274,Juan,Harper,robertmartinez@example.org,001-329-539-5533x25173,Investor,701034.3,2019-04-22
BYR-0275,Robert,Newton,maureen09@example.org,306-489-2964x61915,Corporation,986131.57,2022-01-20
BYR-0276,Peggy,Johnson,powerssusan@example.net,+1-672-800-2997x33166,Individual,,2023-12-25
BYR-0277,Angel,Jennings,,418-849-5894x835,Investor,2829821.95,2021-11-15
BYR-0278,Brianna,Jackson,elizabeth55@example.com,001-551-226-0307x0659,Investor,1924755.18,2022-03-24
BYR-0279,Chelsea,Miller,james44@example.org,+1-942-715-3338x532,Trust,2496402.16,2021-04-24
BYR-0280,Natasha,Patterson,anne85@example.net,674.936.0011x3895,Individual,606804.5,2023-12-18
BYR-0281,Veronica,Golden,lorimiddleton@example.com,564-797-5776x57249,Individual,2908536.27,2023-11-05
BYR-0282,Jessica,Fisher,ewilson@example.org,001-838-367-1257x23486,Individual,871540.46,2019-08-19
BYR-0283,Kevin,Jimenez,adamsdaniel@example.org,994-494-3239x89085,Investor,2992271.14,2023-06-30
BYR-0284,Madison,Hess,walter22@example.net,(318)468-2283,Individual,860091.82,2024-04-30
BYR-0285,Jennifer,Bauer,hollybrown@example.net,583-381-5393x46618,Individual,1557826.36,2019-03-15
BYR-0286,Christie,Hill,timothy78@example.net,001-951-931-1398x40411,Individual,1606980.25,2021-10-05
BYR-0287,Curtis,Arnold,johnsonemily@example.org,220-812-4055,Individual,1378238.71,2022-04-16
BYR-0288,Bradley,Day,pmorris@example.org,(670)558-4155,Individual,1849603.7,2024-04-27
BYR-0289,Kathryn,Watkins,gregoryeverett@example.com,001-684-605-0469,Investor,2064512.37,2019-04-16
BYR-0290,Heidi,Stewart,oharris@example.com,(461)568-9566x7082,Investor,953140.37,2020-10-06
BYR-0291,Alexander,Reilly,evansjared@example.net,001-305-788-6562x7670,Individual,2805876.29,2023-10-21
BYR-0292,Fernando,Burch,jonestanya@example.com,724.497.4504,Individual,546681.75,2023-03-23
BYR-0293,Crystal,Huang,william02@example.net,6339268575,Individual,2809094.71,2020-03-18
BYR-0294,Paige,Nelson,adam35@example.org,+1-558-597-7457x085,Individual,,2023-09-29
BYR-0295,Samantha,Wilson,angelacox@example.net,001-995-486-8995x984,Investor,370081.67,2022-03-17
BYR-0296,Sara,Johnson,udaugherty@example.com,001-768-269-1027x4406,Trust,2001534.32,2019-10-05
BYR-0297,Stacey,Wright,toddware@example.org,253-413-7144x2684,Individual,902350.06,2022-03-02
BYR-0298,Steven,Ortiz,thomaspedro@example.com,001-406-560-3175,Individual,721830.2,2023-08-08
BYR-0299,Emily,Campbell,dwebb@example.net,337.492.2325,Investor,1150719.57,2022-06-07
BYR-0300,Amanda,Rollins,michelle95@example.org,489-527-2107,Individual,2700251.4,2023-05-24
BYR-0301,Cody,Wilkinson,susan94@example.net,(690)293-0022x90997,Trust,2188972.8,2020-11-22
BYR-0302,Benjamin,Moyer,mhill@example.net,4935443363,Individual,1870509.68,2024-02-29
BYR-0303,Kelly,Murphy,wilsonanthony@example.org,328.215.7186,Individual,,2021-07-07
BYR-0304,Jocelyn,Bass,justincontreras@example.net,(416)912-6998x973,Investor,358325.6,2020-05-09
BYR-0305,Stephen,Armstrong,yvonnecervantes@example.com,+1-653-340-6681x648,Investor,2218199.11,2023-10-30
BYR-0306,Tyler,Brown,whitney25@example.org,4873593910,Individual,2205751.85,2024-02-23
BYR-0307,Derek,Tyler,dawnkennedy@example.com,7478729109,Individual,2504341.68,2019-11-22
BYR-0308,Michael,Henderson,martingabriella@example.com,754.262.1624x483,Individual,,2021-03-08
BYR-0309,Jessica,Mcdaniel,ramseylarry@example.net,+1-702-933-9694x1300,Investor,2101213.12,2021-11-28
BYR-0310,William,Crawford,freilly@example.net,799-771-6516x3115,Individual,1220351.35,2022-07-04
BYR-0311,Stephanie,Young,patrick80@example.org,800-742-4812x0078,Individual,1755744.49,2023-05-22
BYR-0312,Luis,Clements,sheila53@example.com,(751)966-5562x515,Individual,221283.46,2020-04-04
BYR-0313,Seth,Butler,ghodge@example.com,+1-840-758-4898x14204,Investor,1814320.77,2020-09-11
BYR-0314,David,Hartman,fraziersteven@example.org,(604)859-8735x911,Individual,,2022-07-05
BYR-0315,Alexander,Coffey,paulsnyder@example.org,4833741406,Investor,1798381.21,2021-12-23
BYR-0316,Christopher,Jackson,teresa90@example.com,346.907.0917x277,Individual,1393742.35,2022-06-16
BYR-0317,Eric,Lopez,lanehannah@example.com,594.906.0891x318,Investor,2558120.66,2020-07-07
BYR-0318,James,Rodriguez,jenniferwhite@example.net,(721)970-0963x874,Individual,922941.14,2020-05-25
BYR-0319,Charles,Brown,rscott@example.com,(937)479-6766,Individual,2513368.84,2022-09-08
BYR-0320,Todd,White,imack@example.org,001-427-973-4758x41262,Individual,2825853.32,2019-06-02
BYR-0321,Ronald,Castillo,williamsluke@example.com,248.945.0071x3576,Investor,2995958.57,2022-10-17
BYR-0322,Jonathan,Warren,jonesderrick@example.com,+1-908-868-6299,Individual,458022.14,2021-12-04
BYR-0323,Christopher,Cook,eileen35@example.com,(241)690-0521,Trust,1660052.93,2022-03-21
BYR-0324,Leah,Peterson,fostertina@example.com,001-445-982-7429x4572,Individual,2964017.84,2019-01-22
BYR-0325,Michael,Boyd,jessicahernandez@example.org,4069352448,Individual,567233.7,2020-01-13
BYR-0326,Laura,Hartman,smithpatricia@example.net,001-928-237-4751x76941,Individual,1444544.21,2021-03-04
BYR-0327,Isaac,Kaufman,santosnicholas@example.com,001-847-534-5528x533,Individual,1071014.46,2020-06-18
BYR-0328,Laurie,Scott,dixonthomas@example.org,(663)249-8485x16380,Individual,1903942.74,2020-09-12
BYR-0329,Shane,Stanley,birdheather@example.net,001-336-395-2424,Investor,2192951.55,2021-10-14
BYR-0330,John,Morales,waltersmichelle@example.net,+1-283-562-5067x655,Individual,129948.38,2020-09-15
BYR-0331,Patricia,Young,nchambers@example.com,218.435.2678x00206,Corporation,1412231.49,2024-05-29
BYR-0332,Breanna,Ballard,amanda82@example.net,+1-403-974-9400x82151,Corporation,2329480.7,2021-03-15
BYR-0333,Virginia,Wood,john46@example.com,438.445.5905,Individual,1274859.32,2021-02-01
BYR-0334,Lance,Sharp,rlittle@example.org,001-844-555-9103x588,Individual,1557966.36,2024-04-13
BYR-0335,Bryce,Brown,,(366)963-8261,Individual,692861.1,2022-03-04
BYR-0336,Lisa,Keller,,(521)278-6311,Corporation,2234868.2,2020-06-16
BYR-0337,Cameron,Wilson,ryanlopez@example.org,7638873720,Individual,2859862.62,2020-11-18
BYR-0338,Jillian,Lowe,brittany23@example.net,001-719-461-0768x01235,Investor,990371.63,2023-03-04
BYR-0339,Robert,Stewart,rodriguezthomas@example.org,370.215.7728x272,Individual,,2021-02-14
BYR-0340,Jessica,Parker,briancarr@example.com,359-351-7177,Investor,,2020-09-18
BYR-0341,Connie,Torres,matthewkemp@example.net,617-858-0274,Individual,2744433.52,2024-06-13
BYR-0342,Sherri,Daniels,benjaminmcconnell@example.net,5786329994,Individual,2934521.15,2023-03-04
BYR-0343,Christine,Henderson,charles82@example.org,927.913.2714x778,Investor,1428675.84,2021-06-07
BYR-0344,David,Cervantes,eflores@example.net,+1-669-896-1938x07836,Trust,,2019-03-11
BYR-0345,Danielle,Thompson,webbwilliam@example.net,854.634.8092x918,Individual,,2019-03-27
BYR-0346,Michael,Howard,nicolehendrix@example.net,(782)902-1863x09906,Individual,,2021-03-02
BYR-0347,Patrick,Hernandez,jonathanbrown@example.com,(867)909-6597x5835,Individual,177151.24,2019-10-17
BYR-0348,Timothy,Hensley,ukeith@example.org,001-864-349-1714,Individual,775061.73,2023-07-20
BYR-0349,Zachary,Hill,,5544691188,Corporation,2638868.42,2022-01-03
BYR-0350,Deborah,Gregory,jonathan48@example.com,4589655753,Individual,1818668.2,2023-04-24
BYR-0351,Stephanie,Flores,xgill@example.com,+1-920-745-2227x794,Individual,2873678.22,2020-09-18
BYR-0352,Ashley,Jensen,kevin66@example.net,001-842-452-1454x13948,Individual,1577772.66,2023-12-05
BYR-0353,Christine,Phillips,bdavis@example.org,458.873.8638x258,Corporation,2238318.85,2022-12-01
BYR-0354,Dan,Salazar,rwise@example.net,001-675-573-1233,Investor,229146.56,2019-04-06
BYR-0355,Tyler,Carney,chelsea68@example.net,592-910-1597x6393,Trust,198877.29,2021-05-28
BYR-0356,Stephanie,Guerra,jerome76@example.net,225.958.7990x57793,Individual,2847685.71,2022-10-05
BYR-0357,Richard,Doyle,annemorris@example.org,+1-975-302-0161x0690,Individual,1636405.19,2019-03-08
BYR-0358,Marvin,Cook,martincheryl@example.com,(276)372-0226x59967,Investor,664050.57,2022-05-26
BYR-0359,Robyn,Reyes,heatherharris@example.net,(905)602-4469x33668,Trust,,2023-05-04
BYR-0360,Lori,Benson,kyle60@example.com,4637725411,Individual,621198.97,2024-05-08
BYR-0361,Donna,Lee,thomasdaniel@example.org,(636)568-3528x3607,Corporation,,2022-02-11
BYR-0362,Madeline,Strong,angela15@example.com,+1-370-358-6547,Corporation,,2022-11-25
BYR-0363,Sara,Mcdonald,obishop@example.com,430-249-5104,Individual,1746776.04,2023-07-24
BYR-0364,Stephanie,Zamora,kmartinez@example.net,908.618.5835x139,Individual,,2022-04-09
BYR-0365,David,Bailey,stucker@example.net,(379)597-2382,Individual,2805815.31,2020-03-03
BYR-0366,Lauren,James,michelle33@example.com,(654)943-0926,Individual,1169865.56,2022-01-13
BYR-0367,John,Brown,cynthia83@example.org,497-593-2738x970,Investor,1011783.2,2022-04-10
BYR-0368,Michael,Edwards,samuelcooper@example.net,(719)624-4556x132,Investor,1685950.57,2021-08-11
BYR-0369,Craig,Gonzalez,dawn60@example.net,001-262-501-2750x547,Individual,2539549.14,2024-05-18
BYR-0370,William,Brady,jamierogers@example.org,(380)344-0469x1319,Investor,2902465.46,2021-05-07
BYR-0371,Matthew,Liu,douglas91@example.com,942.214.7319x6945,Individual,1564570.76,2021-03-01
BYR-0372,Erin,Flores,laura73@example.com,001-853-305-6923x42666,Individual,1328521.31,2021-08-11
BYR-0373,Briana,Kelly,thomasjustin@example.com,825-685-6614,Trust,,2020-07-06
BYR-0374,Kelly,Madden,susanperkins@example.com,767.396.5408,Individual,1423723.19,2020-04-27
BYR-0375,Matthew,Chang,robert52@example.net,001-200-284-6888x86713,Corporation,116430.0,2024-05-22
BYR-0376,Abigail,Walker,jenniferbolton@example.com,5885761244,Corporation,,2020-01-02
BYR-0377,Brett,Reeves,shannoncruz@example.com,535-381-5778x455,Individual,189881.12,2022-09-11
BYR-0378,Brittany,Frey,katherine76@example.net,001-311-515-7962x350,Investor,2494459.76,2021-12-19
BYR-0379,Amanda,Hall,wattsricky@example.net,(824)359-2847x31344,Investor,1531187.88,2024-03-31
BYR-0380,Joshua,Henry,vwoods@example.net,(267)707-5501,Individual,,2020-10-13
BYR-0381,Kenneth,Valdez,cummingsalex@example.net,+1-203-394-6057x2940,Individual,,2019-11-18
BYR-0382,Derrick,Ballard,michelle86@example.com,(607)950-9774x326,Investor,2757982.1,2019-02-26
BYR-0383,Roberta,Weber,stefaniemurphy@example.org,001-600-355-6727x462,Corporation,316254.66,2021-07-05
BYR-0384,Ivan,Clark,valentinecatherine@example.com,(402)512-7574x31000,Individual,,2019-05-04
BYR-0385,Mark,Phillips,barbararogers@example.net,361.933.2487x668,Individual,1453240.01,2019-11-18
BYR-0386,Brad,Jimenez,meredith07@example.com,963-847-1666x250,Investor,630499.45,2019-05-04
BYR-0387,Danielle,Thomas,alanwebb@example.com,+1-737-651-2176x1658,Individual,775752.15,2023-08-28
BYR-0388,David,Jones,cware@example.net,+1-404-239-5571,Investor,1044249.79,2020-05-28
BYR-0389,Crystal,Johnson,haneyjulia@example.com,533.319.0696x18954,Individual,,2020-10-03
BYR-0390,Amanda,Best,cisnerosrobert@example.com,(286)821-5355x2552,Individual,803868.41,2023-08-02
BYR-0391,Denise,Lee,halljane@example.org,(214)639-1372x95416,Individual,440974.8,2019-03-11
BYR-0392,Edward,Lowery,townsendkimberly@example.com,001-342-959-8654,Individual,1526536.06,2019-04-09
BYR-0393,Alexandra,Stark,rschultz@example.net,258-666-9291x38592,Investor,202249.41,2022-02-14
BYR-0394,Ellen,Mueller,tonya09@example.com,8737285917,Individual,,2023-11-21
BYR-0395,Tamara,Greer,saracook@example.org,221.206.9880,Individual,,2024-02-14
BYR-0396,Rebecca,Galvan,hardystacy@example.net,350-235-9777,Investor,2320280.83,2022-06-13
BYR-0397,Peter,Mcmahon,gregory67@example.com,471-593-4002,Investor,477135.07,2020-12-27
BYR-0398,Kimberly,Pruitt,erin32@example.org,248-338-7616x457,Investor,241571.33,2024-05-09
BYR-0399,Lawrence,Black,,+1-392-659-3087x2746,Individual,452795.89,2024-06-16
BYR-0400,Jacob,Nelson,bweeks@example.net,001-913-910-0977x650,Corporation,,2020-12-22
BYR-0401,Lee,Ward,,(582)419-1051,Trust,,2021-06-19
BYR-0402,Diane,Greene,matthew17@example.com,(340)287-6766,Investor,798438.2,2020-02-24
BYR-0403,Nicholas,Myers,tom92@example.org,001-462-845-8097x5314,Corporation,145341.91,2023-10-06
BYR-0404,Michael,Hayes,edward51@example.net,3964836788,Individual,1441976.33,2021-10-14
BYR-0405,Todd,Parker,james16@example.com,826.813.9056,Investor,2901393.62,2021-08-30
BYR-0406,Michael,Smith,udavis@example.org,001-992-302-7438x71793,Individual,1441434.68,2022-05-25
BYR-0407,Dana,Miller,kristincox@example.org,001-905-209-7174x919,Corporation,622505.25,2021-08-18
BYR-0408,Laurie,Wade,donaldbaker@example.net,+1-922-483-5949,Individual,2005082.72,2022-02-17
BYR-0409,Brooke,Wheeler,anthony83@example.com,(298)417-2077x1882,Individual,,2020-06-02
BYR-0410,Krista,Diaz,kelsey87@example.org,(560)548-6860x16910,Individual,2036876.03,2020-09-08
BYR-0411,Bruce,Obrien,jennifernichols@example.org,(696)897-8820x2104,Individual,1194478.62,2019-06-26
BYR-0412,Jennifer,Russo,taylorjohn@example.com,743-461-9406x307,Corporation,,2021-11-01
BYR-0413,Carlos,Hull,birdangela@example.net,(258)663-2646x66282,Individual,704236.22,2019-07-13
BYR-0414,Patrick,Richardson,talvarado@example.net,(392)912-5331,Corporation,1628835.48,2023-07-04
BYR-0415,Bonnie,Waters,joshua56@example.net,001-205-956-9037x31480,Individual,2240438.8,2022-02-12
BYR-0416,Julie,King,ymaynard@example.net,+1-828-959-1565x97318,Individual,451035.79,2021-09-08
BYR-0417,Ryan,Arroyo,dennis25@example.org,569-596-8727x978,Individual,,2019-12-03
BYR-0418,Keith,Ramirez,jrogers@example.net,+1-730-865-7692x172,Individual,862686.72,2020-05-27
BYR-0419,Shannon,Aguirre,andrew43@example.net,(228)757-0785x2433,Individual,911912.32,2021-03-25
BYR-0420,Jason,Harper,ewilson@example.org,2253915542,Individual,633636.0,2021-01-15
BYR-0421,Geoffrey,Graham,tammy67@example.org,(907)487-3903x789,Individual,2724926.0,2022-11-25
BYR-0422,Katherine,Dawson,savila@example.org,(883)421-9766,Individual,2162988.44,2021-05-14
BYR-0423,Brittany,Davis,ibaker@example.org,+1-930-524-5632,Individual,2915155.31,2023-09-09
BYR-0424,Dawn,Lee,kimberlylong@example.org,(385)344-0977x949,Investor,,2022-01-13
BYR-0425,Robert,Moyer,barrybowman@example.net,349.475.0071,Individual,1665979.22,2022-09-07
BYR-0426,Mark,Landry,wilkinsondylan@example.com,001-995-264-0050,Individual,2927645.56,2022-02-26
BYR-0427,David,Ballard,jacksonjulie@example.org,833-582-7207x2418,Corporation,1609331.13,2022-10-14
BYR-0428,Lisa,Morrison,martinana@example.net,289-715-0219x158,Individual,2309510.86,2021-09-16
BYR-0429,Chloe,Mayer,lambertjennifer@example.org,+1-359-235-7694x3856,Individual,178840.12,2023-08-27
BYR-0430,Ryan,Rodriguez,mjohns@example.org,7726067097,Investor,2053758.36,2019-01-06
BYR-0431,Bryan,Bush,tricialopez@example.com,(307)363-4595x58720,Individual,2044935.68,2021-01-13
BYR-0432,James,Rivera,justin76@example.com,(389)626-2801x55646,Individual,2028446.06,2019-02-17
BYR-0433,Diana,Vasquez,shelby84@example.com,+1-783-297-8290x864,Investor,756474.33,2020-05-28
BYR-0434,Andrew,Jensen,hdominguez@example.net,806.816.1523,Individual,2104547.96,2022-02-17
BYR-0435,Mary,Walker,aprilknight@example.net,702-634-0333x2427,Individual,2654314.27,2019-01-09
BYR-0436,Jennifer,Hughes,kaylacox@example.com,+1-653-735-1708x654,Corporation,2014427.78,2023-03-01
BYR-0437,James,Scott,charlesflores@example.com,+1-379-775-0121x139,Investor,1162069.24,2022-03-01
BYR-0438,Pamela,Ryan,ghays@example.com,+1-300-790-4425x5725,Investor,1553745.11,2024-06-27
BYR-0439,Amy,Berry,marymelendez@example.org,(997)726-8041x001,Individual,1921394.79,2022-12-01
BYR-0440,Janet,Moore,fostermadison@example.com,4554160035,Individual,2449923.72,2021-11-10
BYR-0441,Katie,Martinez,,+1-462-389-0067,Individual,1163841.49,2023-06-11
BYR-0442,Michael,Wilkins,gwhite@example.com,370-529-9397,Individual,1711040.72,2021-10-23
BYR-0443,Christine,King,thomas15@example.com,347.823.9926x961,Individual,2092289.96,2022-03-07
BYR-0444,Kimberly,Matthews,meltonangela@example.net,(492)866-7393,Individual,2329267.1,2019-03-12
BYR-0445,Natalie,Munoz,sharon02@example.org,(579)548-5143x3552,Individual,1561643.65,2023-09-18
BYR-0446,Andrew,Davis,cmartinez@example.com,573-937-0375x50283,Corporation,2894585.32,2022-06-08
BYR-0447,Andrea,Hammond,rebecca18@example.com,+1-814-206-4838x2681,Trust,1434915.97,2020-03-11
BYR-0448,Sara,Park,vjenkins@example.net,539.325.8241x48310,Individual,1313433.59,2019-12-15
BYR-0449,Gary,Hodges,lindsay14@example.net,(945)353-9738x4605,Investor,,2022-03-31
BYR-0450,Sarah,Webb,katieweber@example.net,747.594.5993x4234,Individual,685272.12,2024-02-14
BYR-0451,Dale,Abbott,dawnvargas@example.com,(991)466-1813,Investor,1714196.86,2020-08-28
BYR-0452,James,Elliott,jonesamanda@example.org,+1-239-574-0114x093,Individual,645069.58,2021-10-09
BYR-0453,Samantha,Brown,moralesralph@example.net,001-703-327-7904x8998,Individual,1480706.81,2021-11-15
BYR-0454,Jennifer,Ware,victoriaponce@example.com,477.592.0175x0385,Individual,,2019-04-24
BYR-0455,Colin,Fleming,alexander53@example.com,(387)508-4519x613,Investor,1547025.31,2023-03-09
BYR-0456,Melissa,Flowers,veronicahenson@example.net,7268535881,Individual,491777.67,2020-08-07
BYR-0457,Christian,Gonzales,kimberly18@example.com,001-759-784-8294x63754,Individual,2218280.64,2020-11-21
BYR-0458,Thomas,Marks,manningsteven@example.net,441.359.0911x999,Individual,1178346.31,2022-02-28
BYR-0459,Randy,Andrews,barnesjoshua@example.net,+1-298-501-2853,Individual,2325043.03,2020-12-14
BYR-0460,Kenneth,Wilson,dbarker@example.org,001-912-536-3583,Trust,2347914.44,2023-04-18
BYR-0461,Kyle,Barnett,stephanie46@example.com,+1-574-992-2313x91510,Individual,1722017.33,2021-12-05
BYR-0462,Debra,Harrington,jessicapatel@example.com,001-521-337-3328,Individual,1853187.78,2022-01-11
BYR-0463,Victor,Ayers,lauren99@example.net,001-725-687-0154,Individual,,2023-09-23
BYR-0464,Christopher,Marshall,srobbins@example.net,749.665.7816x820,Individual,2560655.22,2023-10-05
BYR-0465,Jason,Lester,diazamy@example.org,290-813-8630,Individual,2683751.35,2021-05-24
BYR-0466,Lawrence,Underwood,stevensongeorge@example.com,+1-385-937-2492x8511,Individual,,2024-04-10
BYR-0467,Pamela,Jones,,+1-391-923-6163x4066,Individual,890392.72,2021-11-16
BYR-0468,Roberto,Wilson,melissabaker@example.com,+1-899-504-9839x54541,Individual,523713.28,2021-10-06
BYR-0469,Madeline,Robinson,jordanbuchanan@example.com,+1-894-555-8178,Individual,463725.28,2023-03-23
BYR-0470,Stacy,Casey,jhughes@example.net,352.738.0196x561,Investor,918225.99,2023-07-05
BYR-0471,Michelle,Gonzales,andersontara@example.org,(862)958-5398x7945,Investor,1548599.9,2019-10-13
BYR-0472,Felicia,Warren,harmonsteven@example.org,221.515.7144,Individual,970591.18,2022-12-29
BYR-0473,Lori,Williams,cherylrodriguez@example.org,992-287-1566x31160,Investor,1346954.77,2019-12-10
BYR-0474,Christine,Bryant,catherineedwards@example.com,808.200.5146x4240,Corporation,2662711.98,2021-05-18
BYR-0475,Brian,Bailey,,001-301-200-0153x14834,Investor,326379.57,2022-09-03
BYR-0476,Jason,Durham,sharonhernandez@example.net,(991)869-3575,Individual,615323.41,2022-08-14
BYR-0477,Angel,White,jack23@example.org,524.576.4226,Individual,2054983.96,2023-10-02
BYR-0478,Anne,Garcia,hansentimothy@example.org,378.705.1725x605,Individual,,2019-09-22
BYR-0479,Valerie,Bennett,hortonchristopher@example.net,329.955.9729,Corporation,1469603.16,2024-01-11
BYR-0480,Benjamin,Harding,cynthialewis@example.net,851-468-9976,Individual,1125013.88,2021-03-14
BYR-0481,Kristopher,Vargas,aaron33@example.com,944-771-3168,Investor,,2022-07-29
BYR-0482,Wendy,Moore,,766.952.4342x32881,Corporation,1717799.68,2020-08-27
BYR-0483,Erika,Duran,geraldwright@example.com,778-678-4860,Investor,1702428.38,2019-10-08
BYR-0484,Joshua,Garza,mitchell30@example.com,792-477-5809x18191,Individual,597470.97,2023-03-09
BYR-0485,Courtney,Key,,545-411-4048x357,Corporation,127253.42,2024-02-24
BYR-0486,Thomas,Nguyen,hughesangela@example.com,+1-289-715-5582x29250,Individual,273449.36,2021-08-30
BYR-0487,Patricia,Taylor,gford@example.com,(493)591-5048x9859,Individual,660251.53,2020-09-14
BYR-0488,Veronica,Newman,ashley65@example.com,+1-356-457-0642x9220,Individual,1706834.4,2021-11-05
BYR-0489,Gregory,Sanchez,awright@example.com,2486949068,Investor,1075832.63,2020-06-06
BYR-0490,Karen,Douglas,gomezchase@example.com,(233)709-0193x33818,Individual,1708075.48,2019-11-11
BYR-0491,Laurie,Whitehead,michaelcurtis@example.net,531-650-8363,Investor,2599341.19,2022-04-03
BYR-0492,Timothy,Rivera,kford@example.com,9168656433,Individual,894007.92,2023-03-30
BYR-0493,Brandon,Parsons,enelson@example.org,748-404-9877x295,Trust,303227.19,2024-01-17
BYR-0494,Nathan,Tran,jwarren@example.org,+1-264-440-0780x94475,Individual,1005121.94,2023-08-14
BYR-0495,James,Lewis,stonemegan@example.com,(603)996-8841x9736,Investor,2468893.55,2023-07-17
BYR-0496,Robert,Hooper,cherylhurst@example.com,720.258.1570,Corporation,948339.61,2023-08-15
BYR-0497,Theresa,Tucker,lcowan@example.com,992-244-3824x993,Trust,2094144.97,2020-06-29
BYR-0498,Joshua,Gray,jeffreywallace@example.net,+1-513-945-0127x209,Corporation,2655461.3,2021-03-06
BYR-0499,Bobby,Simmons,cynthiabrock@example.org,7923741792,Investor,2339510.99,2023-09-14
BYR-0500,Jeffrey,Christian,shannon09@example.com,+1-366-490-0213,Trust,2259862.64,2021-05-19
BYR-0501,Todd,Garcia,lauramoreno@example.com,(515)287-2457,Trust,2668431.87,2019-01-28
BYR-0502,James,Davis,tparker@example.com,5163549092,Trust,2181451.37,2023-02-12
BYR-0503,Dennis,Johnson,reideric@example.com,(747)862-9705x0458,Individual,956994.01,2020-10-21
BYR-0504,Vanessa,Sawyer,joannbrown@example.org,9884249048,Individual,2306622.0,2023-12-14
BYR-0505,Mark,Warren,ywagner@example.com,001-275-923-2554x74749,Individual,156634.17,2021-12-22
BYR-0506,Bethany,Johnson,bakerstephanie@example.org,719-599-1386x74716,Investor,738583.15,2020-01-30
BYR-0507,Katelyn,Patel,carrie41@example.net,957-336-9718x01860,Investor,2888596.52,2023-12-24
BYR-0508,Jason,Rose,andrehayes@example.net,722.797.5796x224,Investor,369256.71,2022-01-31
BYR-0509,Jacqueline,Abbott,ryan19@example.org,839.226.4268,Investor,1430499.41,2022-09-08
BYR-0510,Joseph,Anderson,ramirezkimberly@example.net,6955451565,Individual,2263750.47,2020-10-18
BYR-0511,William,Klein,smithmark@example.net,2874674599,Individual,1077729.56,2021-08-13
BYR-0512,Susan,Williams,justinbarrera@example.com,(925)392-6349,Investor,615013.65,2023-03-21
BYR-0513,Marcus,Steele,josephhoover@example.com,880-276-1779,Individual,1297907.19,2020-05-27
BYR-0514,Brian,Taylor,kimberlysuarez@example.com,(849)679-8649x24659,Investor,2919177.98,2021-04-08
BYR-0515,Matthew,Maxwell,jonessarah@example.net,855-860-0790,Investor,1186268.48,2021-08-14
BYR-0516,Cindy,Zimmerman,whale@example.com,+1-782-595-1334x9168,Corporation,,2022-01-29
BYR-0517,Amy,Thomas,robertsoncolin@example.org,(788)558-8376x36723,Individual,2902229.75,2023-02-04
BYR-0518,Clifford,Moore,charlessmith@example.com,4136910134,Corporation,1875502.6,2022-10-30
BYR-0519,Sandra,Neal,lduran@example.net,+1-238-224-5223x6869,Individual,1048273.85,2022-05-02
BYR-0520,Rose,House,martin37@example.net,+1-448-396-9930x568,Trust,1601706.6,2021-01-07
BYR-0521,Ryan,Black,,+1-814-965-8101,Investor,1766454.42,2022-07-01
BYR-0522,Amy,Rodgers,kimberlywoods@example.com,467.443.6651,Investor,,2019-02-13
BYR-0523,Mitchell,Powell,jonathan73@example.net,544-821-3671x701,Individual,1296673.1,2022-12-19
BYR-0524,Raymond,Gray,rbowman@example.net,(283)590-1470x68839,Individual,621941.69,2022-03-28
BYR-0525,Dennis,Cain,pennyscott@example.org,939-948-2466x78722,Individual,2219033.75,2024-02-14
BYR-0526,Wendy,Wilson,jessicalopez@example.net,439-958-7099x810,Individual,2407330.02,2023-10-24
BYR-0527,Meghan,Martinez,gilbertjuan@example.com,672-635-3709,Individual,2452887.9,2022-12-04
BYR-0528,Leslie,Martin,daniellejackson@example.com,+1-487-739-8474x38245,Corporation,380074.17,2020-01-24
BYR-0529,Theresa,Harmon,trujillobriana@example.net,(488)912-2155,Individual,963994.74,2020-09-12
BYR-0530,Rita,Butler,andrewsmark@example.com,+1-415-995-9184x085,Investor,2031958.08,2019-03-11
BYR-0531,Antonio,Bailey,,749.528.6360x43047,Individual,2104250.02,2023-07-20
BYR-0532,William,Wheeler,evansdana@example.com,(727)617-7860x38176,Individual,,2022-09-16
BYR-0533,David,Pearson,kcain@example.org,461.646.8233x504,Individual,2060375.78,2022-01-29
BYR-0534,Heather,Martin,donna35@example.org,+1-715-499-4449,Individual,790908.72,2022-12-31
BYR-0535,Carolyn,Hall,atate@example.com,850.814.1340x06182,Individual,292722.58,2024-01-19
BYR-0536,Michael,Alvarado,houstonmicheal@example.org,7622857475,Individual,1312624.78,2019-01-25
BYR-0537,Joshua,Moore,,001-826-902-3352x36230,Individual,229735.06,2019-04-10
BYR-0538,Nathan,Walker,crystal46@example.org,8338190166,Investor,1269991.87,2019-10-20
BYR-0539,Autumn,Ramos,fgreen@example.net,402-751-0563,Individual,1930987.54,2021-10-31
BYR-0540,Sharon,Mitchell,sierrasanchez@example.com,001-645-751-3108,Individual,152435.63,2023-02-16
BYR-0541,Tony,Taylor,xmartinez@example.com,208-866-1212,Individual,2397431.49,2021-01-16
BYR-0542,Steven,Briggs,jasonsmith@example.com,001-999-240-8979x7747,Individual,210042.53,2024-01-10
BYR-0543,Christine,Wilson,russellmarilyn@example.net,+1-232-466-9955x64997,Individual,219672.66,2021-05-28
BYR-0544,Jacob,Fernandez,pnorris@example.com,(621)784-5863,Individual,603051.21,2022-07-21
BYR-0545,Kelly,Lopez,zbell@example.com,868.779.7496x557,Individual,2315632.12,2022-06-18
BYR-0546,Martin,Schwartz,murphylori@example.net,001-761-632-4385x3500,Individual,1112007.39,2022-11-16
BYR-0547,Joshua,Gibbs,,001-434-717-4609x76630,Investor,2378018.35,2022-05-14
BYR-0548,Benjamin,Kelly,hreid@example.net,310-314-7832x288,Investor,447128.5,2020-06-11
BYR-0549,Jeanette,Hicks,rle@example.org,(839)936-5898x04373,Individual,471376.53,2023-10-30
BYR-0550,Nicole,Miller,russoaustin@example.org,858-448-8477,Investor,,2023-09-17
BYR-0551,Michelle,Burke,cruznicole@example.net,586.418.1546x329,Individual,,2019-10-07
BYR-0552,Katherine,Gamble,thomas60@example.com,001-698-837-4597,Investor,480164.13,2020-12-30
BYR-0553,William,Sanchez,katherinesawyer@example.net,(685)901-0052,Investor,1435201.09,2019-05-12
BYR-0554,Keith,Baker,milleramy@example.org,001-338-940-6219x33596,Corporation,296457.81,2021-11-30
BYR-0555,Chad,Gomez,pharris@example.net,549.425.2210x40784,Investor,2531245.78,2022-04-19
BYR-0556,Andrew,Powell,,2049005297,Investor,817237.73,2021-09-15
BYR-0557,Scott,Chang,mstewart@example.org,567-870-4798x098,Corporation,,2021-10-28
BYR-0558,Julia,Kaiser,alexjennings@example.net,001-573-704-7647x45803,Investor,1381347.02,2019-09-26
BYR-0559,Michael,Ramos,stephenlopez@example.com,646.812.0032x094,Investor,,2022-05-05
BYR-0560,Steven,Carr,williamsalyssa@example.org,434.754.9164,Individual,1498153.68,2021-07-16
BYR-0561,Ronnie,Mcdonald,ryanmiller@example.com,336.530.6041x50024,Corporation,,2019-03-22
BYR-0562,Mitchell,Johnson,hbecker@example.org,001-413-960-8126,Investor,2226971.52,2022-06-18
BYR-0563,Jeffrey,Fleming,rosselizabeth@example.com,782.425.3055,Individual,2345086.47,2023-08-14
BYR-0564,Kimberly,Turner,stephanie84@example.org,373-373-1760x3648,Individual,2497335.69,2020-02-16
BYR-0565,Daniel,Robbins,benjaminholmes@example.org,892.435.6035,Investor,1715669.88,2019-05-26
BYR-0566,Michael,Armstrong,jeffrey92@example.org,377.516.4375,Individual,552705.38,2019-12-11
BYR-0567,Maria,Martinez,proctorkathy@example.org,495.238.4864,Individual,1326949.15,2019-09-01
BYR-0568,Geoffrey,Hanson,gregory13@example.com,+1-282-250-4065x84436,Individual,2083267.03,2023-06-12
BYR-0569,Lauren,Thomas,margaretlogan@example.org,331.900.2578,Individual,,2021-01-07
BYR-0570,Vicki,Luna,nicolehuerta@example.com,001-763-423-3634,Individual,,2021-02-19
BYR-0571,Fernando,Cameron,christina36@example.com,+1-628-458-6957x2529,Investor,2233257.48,2020-06-04
BYR-0572,Jennifer,Price,josephdavis@example.org,410-231-5970,Individual,2852305.11,2023-08-28
BYR-0573,Jeffrey,Rose,anthonymiller@example.net,(831)525-9082x81085,Investor,205257.05,2019-02-05
BYR-0574,Julie,Gutierrez,smithmaria@example.net,282.473.4921x112,Individual,1707967.89,2023-08-23
BYR-0575,Rhonda,Garcia,zhangkenneth@example.org,713.408.8072x72473,Individual,1881318.5,2022-01-14
BYR-0576,John,Jordan,grush@example.org,001-469-617-8663x37521,Individual,124817.24,2020-06-04
BYR-0577,James,Mckinney,williamsonjohn@example.com,+1-978-749-7808x623,Investor,,2022-07-06
BYR-0578,Brian,Turner,humphreyabigail@example.org,001-362-863-9784,Investor,674082.31,2019-11-25
BYR-0579,Daisy,Sullivan,starkmonica@example.org,+1-641-519-8162x503,Individual,2851761.37,2021-09-04
BYR-0580,Barbara,Green,turnerwanda@example.com,2406842678,Individual,1278859.1,2022-01-31
BYR-0581,Emily,Brown,williamsjessica@example.net,+1-861-293-9731x4473,Individual,864368.09,2024-03-27
BYR-0582,Briana,Foster,thomaswhite@example.net,351.808.0765x36448,Individual,2722531.94,2021-04-01
BYR-0583,Jason,Lewis,christopherfrazier@example.net,555.912.1147x99723,Individual,245011.75,2019-12-29
BYR-0584,Michael,Nguyen,rebecca28@example.org,(528)588-6831x983,Corporation,1887283.64,2023-09-06
BYR-0585,Marvin,Anderson,osalazar@example.com,001-743-637-6903x86604,Investor,2554015.39,2021-10-10
BYR-0586,Mia,Palmer,qramirez@example.org,678-902-0938,Individual,246643.45,2023-04-13
BYR-0587,Jennifer,Carroll,ybeltran@example.net,(767)637-2753x512,Individual,2601934.09,2019-08-13
BYR-0588,Jennifer,Adkins,adammay@example.net,001-331-664-0940x8748,Individual,1538955.82,2024-01-13
BYR-0589,Carolyn,Glover,luisclark@example.com,(764)915-1143x794,Trust,1100997.22,2022-03-01
BYR-0590,Jason,Norman,morgansandoval@example.org,001-913-443-7757x16578,Individual,963555.13,2024-05-21
BYR-0591,James,Walsh,ncoleman@example.org,706.911.7027x3146,Individual,2996155.54,2024-02-10
BYR-0592,Michael,Wiggins,mariamays@example.net,(865)353-9794,Investor,,2019-11-19
BYR-0593,Mary,Willis,christophermays@example.org,953.701.6123x510,Investor,1395542.23,2020-03-12
BYR-0594,Teresa,Tran,wbrown@example.net,+1-788-361-2839x8918,Individual,849556.76,2020-01-19
BYR-0595,David,Kelley,william49@example.org,705.203.5996,Individual,1030247.88,2023-04-10
BYR-0596,Dawn,Stewart,misty44@example.net,+1-258-954-8968x117,Individual,,2020-04-29
BYR-0597,Joseph,Miller,judith66@example.com,001-463-701-0683x821,Individual,2785534.39,2022-05-12
BYR-0598,Rachel,Bailey,andrearice@example.com,570-714-2554x92301,Individual,2076806.0,2021-04-14
BYR-0599,Mike,Mcclure,vnewman@example.net,978-286-8447x20794,Individual,500838.56,2020-07-28
BYR-0600,Randy,Hernandez,stokesrobert@example.org,(815)245-7848,Investor,1946250.84,2022-02-01
BYR-0601,David,Bell,lynn02@example.net,001-401-468-5299x194,Individual,1836771.94,2020-06-24
BYR-0602,Troy,Cantu,jfields@example.org,8173375314,Investor,254932.64,2019-10-23
BYR-0603,Jennifer,Bartlett,brownnancy@example.com,677.883.4260x365,Individual,1527462.63,2021-12-31
BYR-0604,Cameron,Schaefer,jessicawright@example.com,(473)556-3951x66266,Individual,,2021-10-30
BYR-0605,Hannah,Kidd,cooperjacqueline@example.net,860-733-3871x5451,Corporation,2076467.45,2023-04-07
BYR-0606,Natalie,Hayes,,881.462.3374x7525,Individual,1009683.02,2020-06-17
BYR-0607,Willie,Schmitt,qhall@example.org,+1-420-472-7565,Individual,1676564.65,2021-08-10
BYR-0608,Nichole,Hayes,michaelbenson@example.net,001-923-789-4287,Individual,1370148.15,2023-02-03
BYR-0609,Ashley,Brown,thomasdavid@example.com,9793262067,Trust,899352.64,2022-03-25
BYR-0610,Benjamin,Chandler,daviscatherine@example.com,+1-791-460-6929x8517,Investor,2962945.85,2019-01-05
BYR-0611,Robert,Cameron,angelaburns@example.org,001-973-970-6852x865,Investor,,2024-03-16
BYR-0612,William,Walker,erojas@example.org,+1-699-210-8806x986,Individual,2209880.24,2020-03-13
BYR-0613,Eric,Anderson,,551.234.0107,Investor,2194483.99,2021-08-13
BYR-0614,Christopher,Matthews,zmiller@example.net,925-365-8654,Investor,2185036.09,2020-02-07
BYR-0615,Katherine,Olson,gregory68@example.org,(406)357-0712x612,Investor,1765368.0,2019-02-12
BYR-0616,Michael,Calderon,stewartsamantha@example.com,995.601.7239x0702,Individual,2446102.51,2019-07-02
BYR-0617,Shawn,Mora,penachristopher@example.com,(741)762-1928,Investor,,2019-09-14
BYR-0618,Frances,Martinez,awilliamson@example.org,5324113830,Trust,,2020-10-13
BYR-0619,Douglas,Campbell,vparks@example.net,715.819.1178x06945,Individual,150041.9,2022-10-22
BYR-0620,Sharon,Hart,conniemosley@example.org,001-946-510-4344x196,Individual,491078.77,2024-02-10
BYR-0621,Jeremy,Kim,porterpaul@example.net,001-498-365-2510x40306,Investor,1203081.03,2019-08-08
BYR-0622,Karen,Coleman,amyevans@example.net,671-585-4643,Individual,641534.3,2022-08-22
BYR-0623,Angela,Thornton,judithmcclure@example.net,+1-631-519-6488x0165,Individual,444475.6,2019-12-22
BYR-0624,Thomas,Mcdonald,iwhite@example.org,3313333088,Investor,1055335.79,2020-02-19
BYR-0625,Charles,Whitaker,williamhart@example.org,571-806-4593x4000,Individual,132766.09,2019-04-14
BYR-0626,Madison,Khan,pmorgan@example.com,001-233-942-2830x18495,Individual,2928069.13,2022-05-19
BYR-0627,Tommy,Jenkins,lopezmary@example.net,001-996-691-4844x5402,Individual,,2019-01-27
BYR-0628,Anthony,Hanson,johnsonkristen@example.net,(349)221-0397,Individual,256560.08,2024-01-14
BYR-0629,Diane,Daniel,xward@example.net,(333)938-7180x15821,Individual,2711191.8,2020-11-26
BYR-0630,Jennifer,Mills,,(602)508-3077,Corporation,,2023-10-03
BYR-0631,Kim,Miller,webbstephen@example.com,908.798.3991,Individual,1378022.68,2021-12-28
BYR-0632,Jesus,Porter,cesarhill@example.net,001-875-386-5830x922,Individual,,2023-12-03
BYR-0633,Emily,Wilson,jessicaleon@example.com,302-849-5565,Individual,1503280.87,2020-08-24
BYR-0634,Billy,Rowland,harolddavis@example.org,(276)667-7423,Individual,491163.97,2022-05-20
BYR-0635,Evelyn,Rodriguez,donnacarey@example.org,+1-878-653-1853x85560,Individual,1291309.22,2019-08-01
BYR-0636,Rodney,Simon,chelsea27@example.org,287-921-2337,Individual,2544223.22,2022-12-29
BYR-0637,Kurt,Cardenas,ylyons@example.net,001-951-554-5813,Individual,1316094.08,2021-04-14
BYR-0638,Victoria,King,robert85@example.com,(215)905-7338,Corporation,758379.09,2022-06-30
BYR-0639,Danny,Lucas,ryanfreeman@example.net,243-315-9958x9574,Investor,911300.43,2023-07-13
BYR-0640,Allen,Butler,corylopez@example.com,6705583576,Individual,1177098.71,2020-06-26
BYR-0641,Charles,Riddle,manndillon@example.net,545-979-2844,Corporation,2481506.58,2022-08-12
BYR-0642,Daniel,Davies,ybryan@example.com,001-488-916-5247x35833,Individual,2039930.93,2024-04-14
BYR-0643,Janice,Allison,kevin77@example.org,3225818342,Investor,2781670.05,2021-04-24
BYR-0644,James,Espinoza,travisgarcia@example.com,+1-293-923-0720x2181,Individual,1470813.33,2024-05-08
BYR-0645,David,Doyle,eugene97@example.org,382-912-1427,Investor,,2021-11-06
BYR-0646,Jeffery,Baldwin,isanchez@example.com,281-496-6799,Individual,1469896.46,2022-06-06
BYR-0647,Tracie,Evans,zacharymontgomery@example.net,506-435-0264x57948,Individual,2739296.28,2020-09-12
BYR-0648,Michael,Flores,stoneapril@example.org,655-434-4902x84096,Individual,2465198.75,2019-07-05
BYR-0649,John,Martinez,nramos@example.net,(703)442-7156,Individual,,2022-06-26
BYR-0650,Tami,Cordova,brockrobert@example.com,+1-400-736-5168,Individual,1015461.1,2021-03-27
BYR-0651,Ryan,Hall,keith97@example.org,916-513-8278x718,Individual,2639819.12,2019-07-10
BYR-0652,David,Johnson,michaelajenkins@example.org,+1-869-986-7920,Individual,,2021-06-22
BYR-0653,Jodi,Smith,,449.352.1010x967,Individual,704969.34,2023-02-08
BYR-0654,Joseph,Herrera,roberttownsend@example.org,+1-438-971-7647x2502,Individual,,2022-02-06
BYR-0655,Derek,Smith,brian10@example.net,7877225935,Individual,634270.39,2020-11-20
BYR-0656,Kenneth,Moody,elizabeth46@example.com,+1-645-970-0052x05772,Investor,2170823.87,2022-02-20
BYR-0657,Hannah,Webb,cwatts@example.net,(789)640-6041,Individual,,2022-12-18
BYR-0658,Ashley,Brown,jessica96@example.org,655-303-9952,Individual,1478917.85,2021-06-24
BYR-0659,April,Carrillo,joseph70@example.net,2217471859,Investor,,2022-11-13
BYR-0660,Jerry,Turner,yramos@example.com,708-703-6821,Individual,776868.1,2019-08-04
BYR-0661,Jason,Marshall,cfrancis@example.net,001-289-516-9500,Corporation,351408.55,2021-10-05
BYR-0662,Cynthia,Mcbride,brandonclark@example.org,(943)459-4295,Individual,1492299.98,2020-02-27
BYR-0663,Garrett,Oliver,brent74@example.net,+1-696-763-3336,Individual,746608.81,2019-05-24
BYR-0664,Alicia,Goodwin,,794.808.5930x92642,Trust,680322.39,2023-06-03
BYR-0665,Bryan,Carlson,deborah87@example.org,995-614-7618x041,Investor,,2019-01-02
BYR-0666,Hayley,Pearson,mackkaren@example.net,001-822-489-5141x0404,Individual,482666.23,2019-03-13
BYR-0667,Lisa,Johnson,maxwellrobert@example.com,+1-817-469-2672x13638,Individual,1441777.54,2021-07-30
BYR-0668,Natasha,Duncan,jenningsashley@example.com,301.383.4766x74077,Corporation,601698.32,2023-09-24
BYR-0669,David,Marshall,robertlee@example.net,(454)494-5035,Corporation,,2021-03-21
BYR-0670,Lisa,Richardson,lsanchez@example.org,+1-790-637-4816,Investor,,2019-07-10
BYR-0671,Jeffrey,Schmidt,steven66@example.com,+1-693-791-7929x7637,Individual,2637684.27,2023-06-24
BYR-0672,Jeffrey,Griffin,edwardruiz@example.org,001-967-726-2977,Trust,1864576.58,2022-02-22
BYR-0673,Lori,Duran,sherri66@example.net,001-299-545-1755,Investor,100034.58,2022-07-17
BYR-0674,Debra,Cook,glennjames@example.org,297.529.0937x28765,Individual,1598135.63,2024-03-25
BYR-0675,Misty,Burgess,charlescooper@example.org,+1-632-283-8493x52540,Individual,704907.53,2023-09-21
BYR-0676,Elijah,Foster,danieljames@example.com,751.604.1250,Investor,2143198.95,2022-06-07
BYR-0677,Diana,Clark,edecker@example.net,429.398.5472x3430,Investor,,2022-05-08
BYR-0678,Nicole,Roberts,derrickwilliams@example.com,366.510.9069x671,Investor,1392224.05,2023-01-30
BYR-0679,Paul,Todd,mark28@example.com,667-921-7627,Investor,,2019-10-12
BYR-0680,Cynthia,Wagner,larsonlaura@example.com,(302)391-0018,Individual,651894.98,2022-06-19
BYR-0681,Brittany,Powell,shawnallen@example.net,+1-529-711-3469,Corporation,597619.29,2023-02-23
BYR-0682,David,Reynolds,gary05@example.com,001-745-636-2812x26311,Investor,1647630.47,2023-08-07
BYR-0683,Erika,Harper,brianjensen@example.com,001-952-896-4171x341,Individual,2823314.54,2020-08-13
BYR-0684,Heather,Black,tonyapeterson@example.org,333-781-2343,Individual,673067.54,2020-11-29
BYR-0685,Tammy,Miller,christyramsey@example.org,+1-291-526-2514,Trust,828584.14,2020-11-04
BYR-0686,Jesse,Wilson,fischersarah@example.net,(270)221-2584,Corporation,2568271.49,2022-08-07
BYR-0687,Hannah,Williams,,001-225-789-3995,Individual,863115.2,2020-05-12
BYR-0688,Brian,Perez,stevenhunter@example.net,442.360.7754x8487,Investor,2540194.27,2019-06-15
BYR-0689,Sharon,Winters,jennifer85@example.net,909.418.2189,Individual,514399.48,2021-05-05
BYR-0690,Kimberly,Ibarra,nyoung@example.org,222-992-8924,Trust,1053944.34,2022-12-31
BYR-0691,Bryan,Park,,(263)592-9954x8232,Individual,,2019-08-18
BYR-0692,Erik,Campbell,randalllee@example.com,(738)619-1176x752,Individual,1567839.64,2022-06-30
BYR-0693,Patrick,Graves,jennifer42@example.com,986-847-7595x1027,Corporation,2551431.32,2022-07-04
BYR-0694,Carolyn,Thomas,harrisonbenjamin@example.org,(602)215-0930,Individual,2588440.85,2019-02-28
BYR-0695,Alexis,White,epadilla@example.com,001-927-397-6081,Investor,,2024-02-12
BYR-0696,Harold,Jones,,949-827-6648,Individual,1809590.78,2019-02-24
BYR-0697,Keith,Franklin,kristycollier@example.com,681-902-2939,Investor,1717194.12,2020-10-07
BYR-0698,Crystal,Harris,pgarcia@example.com,+1-738-610-6678,Individual,1866968.02,2020-01-07
BYR-0699,Jeanette,Nielsen,tmiller@example.com,(971)858-4893x349,Individual,357988.07,2021-01-27
BYR-0700,Jonathan,Miller,joseph45@example.com,992.285.4212,Individual,,2022-12-07
BYR-0701,Katherine,Maldonado,xortega@example.net,965-786-2241x8990,Individual,1570897.77,2023-11-26
BYR-0702,Lydia,Bennett,richard91@example.net,(499)201-6642x343,Individual,2918172.02,2019-11-25
BYR-0703,Stephanie,Garrett,xreid@example.net,559.282.4889x11480,Individual,,2022-11-13
BYR-0704,David,Phillips,kevin67@example.org,261-342-4170,Trust,977384.64,2019-04-16
BYR-0705,John,Robinson,michelle33@example.net,6548683674,Individual,874112.17,2019-11-23
BYR-0706,Michael,Herrera,dawnhoward@example.net,001-264-538-2644x77776,Individual,2993233.81,2019-10-29
BYR-0707,Jennifer,Ortiz,david66@example.com,912.863.8604x585,Individual,274402.16,2020-01-18
BYR-0708,Brandon,Allen,laura89@example.com,(950)925-6873x49937,Individual,711590.49,2024-01-26
BYR-0709,Gina,Martin,weberchristian@example.com,846.489.4508x4791,Individual,1017596.5,2022-01-28
BYR-0710,Diane,Woodard,gheath@example.org,001-696-329-5106x19561,Investor,,2021-03-24
BYR-0711,Rita,Hinton,martin30@example.com,(443)438-8150,Corporation,,2023-09-18
BYR-0712,Tracy,Robertson,bmartin@example.com,8113140533,Individual,612708.63,2019-02-15
BYR-0713,Heather,Whitehead,,4749420178,Corporation,1539371.18,2020-07-18
BYR-0714,Andre,Wright,sreyes@example.com,(902)314-7076,Individual,1110001.79,2020-05-27
BYR-0715,David,Nguyen,allenvirginia@example.com,(532)408-8891x379,Investor,2586599.52,2021-09-18
BYR-0716,Nathaniel,Huff,ilopez@example.com,6018583620,Individual,1567915.61,2021-11-22
BYR-0717,Jeffrey,Abbott,sullivanteresa@example.org,9275511054,Trust,561993.1,2021-06-10
BYR-0718,Michelle,Rodriguez,,(956)670-0288x93603,Individual,981454.15,2020-08-05
BYR-0719,Pamela,Taylor,loricohen@example.org,384-935-2761,Individual,101917.8,2020-08-14
BYR-0720,Randy,Lopez,fergusonpeter@example.net,+1-364-652-1972,Corporation,1850692.6,2019-03-31
BYR-0721,Lindsay,Harris,nthompson@example.net,749.511.0045,Individual,,2020-05-16
BYR-0722,Elizabeth,Simon,millsrita@example.net,001-392-234-2734,Individual,1469834.47,2022-10-05
BYR-0723,Steven,Rowland,bailey65@example.net,(329)624-4505,Individual,1794094.05,2020-05-24
BYR-0724,Lisa,Smith,thompsonjesus@example.com,974-449-3285x54569,Investor,2452902.23,2019-09-24
BYR-0725,Lori,Dominguez,gryan@example.net,(943)270-6935,Individual,,2019-10-17
BYR-0726,Kristin,Dean,ryankhan@example.com,(920)757-6732,Investor,2140304.67,2021-10-28
BYR-0727,Lisa,Harris,garzamelvin@example.net,2193182134,Corporation,449350.95,2023-02-17
BYR-0728,Dawn,Johnson,zvasquez@example.net,449.487.2537,Individual,1444202.34,2022-02-15
BYR-0729,Summer,Richardson,hlewis@example.com,001-930-411-6069x2205,Individual,1156330.3,2020-12-08
BYR-0730,Melanie,Harris,rivasjames@example.net,001-323-911-1759x53233,Individual,2173847.42,2022-06-04
BYR-0731,Erika,Reed,gscott@example.org,782.500.7152x711,Individual,1181118.31,2020-05-18
BYR-0732,Ann,Wood,mcconnelltyrone@example.org,(691)402-1395x907,Individual,360006.43,2022-02-16
BYR-0733,Richard,Mayo,sheila57@example.com,456.336.6788x61905,Individual,1145141.32,2021-12-07
BYR-0734,Mariah,Byrd,melissa87@example.com,+1-815-620-9321x7122,Individual,,2019-03-23
BYR-0735,Heather,Bruce,briannacook@example.org,(791)676-6280,Individual,2615821.82,2022-08-20
BYR-0736,Rachel,Carter,longmaurice@example.com,+1-315-209-0957x6232,Individual,,2020-11-14
BYR-0737,Kelsey,Rocha,elizabeth12@example.net,001-422-356-7308x40967,Individual,332148.48,2019-05-10
BYR-0738,Kelsey,Jones,moralesshannon@example.net,+1-209-390-8134x77352,Individual,1234339.82,2022-02-26
BYR-0739,Emma,Donovan,lgarner@example.net,380.909.1505,Investor,1342340.47,2020-10-07
BYR-0740,Mary,Hurley,thompsonjohn@example.org,6306560848,Individual,2547368.27,2019-03-23
BYR-0741,Christina,Brady,andrewkennedy@example.net,606-620-6735x30980,Individual,1516681.33,2024-04-15
BYR-0742,Sheila,Henderson,garnerjohn@example.org,5302984778,Individual,355805.91,2023-09-30
BYR-0743,Daniel,Stephens,amy18@example.com,001-470-932-5683x74994,Individual,1551853.97,2020-09-10
BYR-0744,Michael,Clark,troymoore@example.org,889-300-2218x29057,Investor,2009488.55,2024-05-03
BYR-0745,Robert,Bowman,hurstheather@example.org,389.249.8582x178,Investor,2120086.8,2024-04-05
BYR-0746,Michael,Cole,michele20@example.com,(270)442-7688x3929,Individual,784216.92,2024-04-24
BYR-0747,Vincent,Vincent,lindseyandersen@example.net,4047422939,Trust,,2022-05-13
BYR-0748,Jared,Barton,gravestamara@example.net,+1-227-834-1570,Investor,470975.39,2024-02-08
BYR-0749,Michelle,Fowler,sheppardandrew@example.com,602.960.3244x70521,Individual,2993084.81,2021-07-10
BYR-0750,Robert,Gardner,frankcalhoun@example.net,(211)575-7499,Investor,1401621.2,2023-12-04
BYR-0751,Ronald,Ewing,paullewis@example.org,313-377-4973x9678,Individual,2716072.09,2021-07-09
BYR-0752,Michael,Munoz,carlsondavid@example.net,001-815-453-5339x44444,Investor,238474.54,2023-04-20
BYR-0753,Maria,Smith,dmiller@example.org,439-403-7853x8297,Trust,2810364.28,2023-10-23
BYR-0754,Denise,Salas,halljacqueline@example.net,537-746-4364x8057,Investor,367199.36,2022-08-04
BYR-0755,Betty,Smith,sherry17@example.net,638-516-4842,Corporation,1277745.88,2023-03-28
BYR-0756,Sarah,Stone,barbara95@example.org,7336371471,Individual,1954461.65,2023-06-30
BYR-0757,Brittney,Koch,calebesparza@example.net,769-574-6144,Individual,911656.87,2019-05-12
BYR-0758,Samuel,Vasquez,waynerivas@example.org,391.811.4709x35454,Individual,554078.86,2022-10-01
BYR-0759,Lisa,Gonzalez,danielle74@example.com,(314)877-0760,Individual,1035963.42,2020-05-21
BYR-0760,Cory,Butler,keithalyssa@example.org,766-441-3730,Individual,2745174.32,2024-04-28
BYR-0761,Deborah,Jackson,markcortez@example.com,(662)734-1123,Individual,2565755.96,2020-11-09
BYR-0762,James,Bernard,daniel16@example.org,488.905.8585x19203,Trust,403381.15,2022-08-24
BYR-0763,Maria,Owen,vthomas@example.org,784.317.3544,Individual,1870209.96,2023-10-29
BYR-0764,Taylor,Thompson,mcdanielchristopher@example.com,(819)245-6782x7598,Individual,2848068.89,2022-03-10
BYR-0765,Cynthia,Hunter,morgansampson@example.net,638.472.2374x0280,Investor,2600447.85,2020-04-24
BYR-0766,Kelly,Smith,wilsonmichael@example.com,(739)657-5152x195,Individual,1981011.66,2023-03-29
BYR-0767,Daisy,Stout,stephen81@example.com,001-906-528-7886x55671,Investor,379527.92,2020-01-30
BYR-0768,Janice,Nunez,joycegerald@example.org,7072393781,Trust,1442796.81,2019-02-16
BYR-0769,Karen,Charles,iford@example.com,618.544.0926x564,Individual,1056043.15,2023-09-05
BYR-0770,Jason,Ramos,omarbennett@example.net,307.294.6052,Investor,2793839.74,2021-08-25
BYR-0771,Dean,Stevens,megan90@example.org,+1-388-698-7673x98177,Individual,682174.67,2019-02-08
BYR-0772,Caitlin,James,zjames@example.org,(596)318-7594x94353,Corporation,2798075.93,2021-03-27
BYR-0773,Sharon,Sullivan,grobinson@example.net,7873434998,Investor,2963295.44,2020-08-15
BYR-0774,Michael,Taylor,qlong@example.org,+1-492-569-8300x5640,Trust,1752500.99,2020-07-16
BYR-0775,Brianna,Thompson,blakedavid@example.com,+1-367-464-7655x383,Individual,2378407.03,2023-07-23
BYR-0776,Stacy,Mathews,jennifer84@example.net,+1-369-752-3136x2814,Trust,1806421.21,2019-07-21
BYR-0777,Barbara,Wong,sullivanrachel@example.net,+1-309-389-9176,Investor,310966.0,2024-05-17
BYR-0778,Marc,Austin,wjohns@example.net,508.769.5963,Investor,,2021-06-30
BYR-0779,Allen,Turner,cookjon@example.net,001-336-418-9025x82572,Individual,1040406.8,2021-01-06
BYR-0780,Andrea,Harris,lkrause@example.net,+1-808-750-4235,Individual,,2019-06-01
BYR-0781,Crystal,Perry,mollyvega@example.org,+1-363-265-9093x0028,Individual,314588.49,2021-05-16
BYR-0782,Randall,Mayer,jeffreybates@example.net,+1-638-269-6174,Individual,2351739.33,2020-10-01
BYR-0783,Mary,Richardson,amber24@example.com,(939)673-8720x903,Individual,935321.94,2023-09-23
BYR-0784,Sarah,Vincent,keith62@example.net,656.841.4652,Individual,2298248.18,2020-06-21
BYR-0785,Amy,Mccann,mjohnston@example.net,+1-904-675-3846x7886,Individual,708283.03,2022-01-24
BYR-0786,Kimberly,Lutz,pjordan@example.com,001-750-709-7283x5846,Individual,1123017.16,2022-03-24
BYR-0787,James,Hamilton,hlee@example.org,001-224-794-4352x5215,Individual,2406887.64,2024-02-15
BYR-0788,Joseph,Taylor,,667-959-1297,Individual,1929172.46,2024-06-25
BYR-0789,Keith,Boyer,jasmine15@example.net,+1-708-608-8851,Individual,2922212.81,2021-02-01
BYR-0790,Carla,Sanchez,ufitzgerald@example.net,8259189910,Individual,,2019-10-22
BYR-0791,Jenna,Black,robert92@example.org,(387)776-8586x014,Corporation,1884179.23,2022-07-22
BYR-0792,Elizabeth,Smith,debbiethomas@example.net,001-407-512-1161x0735,Investor,2412282.65,2023-07-07
BYR-0793,Mary,Wilson,qkim@example.com,+1-789-319-7875x5515,Individual,590572.86,2019-03-16
BYR-0794,Brandon,Gray,bfisher@example.net,+1-912-839-1737x607,Corporation,1704647.37,2020-01-28
BYR-0795,Jordan,Webb,xdickerson@example.org,+1-872-944-8802x7087,Individual,1778616.39,2021-10-25
BYR-0796,Daniel,Hall,johnsondiana@example.com,430.431.7610,Individual,2146847.14,2022-05-22
BYR-0797,Amber,Pierce,alyssahernandez@example.com,+1-638-856-2996x8863,Investor,2189162.28,2019-10-18
BYR-0798,Christopher,Peterson,lozanostephanie@example.net,957-374-7742x4506,Individual,2531681.42,2021-04-19
BYR-0799,Todd,Miller,thompsonscott@example.org,587-311-0548,Corporation,,2023-10-23
BYR-0800,Jennifer,Jackson,jkhan@example.net,558-798-0963,Investor,2296124.73,2020-06-24
BYR-0801,Ashley,Reed,tiffanyhodge@example.org,(631)513-4076x109,Individual,2791506.47,2019-01-16
BYR-0802,Christina,Harrington,njacobson@example.net,4632435330,Investor,1615241.96,2019-10-02
BYR-0803,Rose,Jordan,ycabrera@example.com,001-445-208-1162x7597,Individual,,2024-06-11
BYR-0804,Allison,Ball,,803-534-4186x0748,Individual,1625471.38,2023-08-20
BYR-0805,Emily,Butler,rhobbs@example.org,253.522.2523,Individual,519130.73,2021-08-23
BYR-0806,Michael,Martin,hurleytaylor@example.com,(241)620-0394,Individual,532625.0,2022-10-14
BYR-0807,Jessica,Peterson,vwatson@example.com,(722)799-7712,Investor,,2019-01-23
BYR-0808,Lindsey,Williams,loweevan@example.net,001-235-531-8751x6367,Investor,602343.3,2019-12-21
BYR-0809,Kimberly,Watkins,uharper@example.com,001-249-794-9717x71042,Individual,,2023-07-23
BYR-0810,Joe,Lopez,james61@example.org,(771)360-6290x088,Corporation,2485715.23,2023-06-26
BYR-0811,Claire,Jimenez,melissa63@example.com,9269219660,Individual,2695015.23,2019-02-27
BYR-0812,Alyssa,Morrow,woodmichelle@example.org,+1-244-429-9795x8253,Individual,383082.15,2020-07-23
BYR-0813,Elizabeth,Evans,rvance@example.org,6343786556,Investor,1073960.67,2020-09-16
BYR-0814,Stephanie,Silva,jenniferhooper@example.net,5317410983,Investor,2778281.01,2023-09-14
BYR-0815,Regina,Turner,jonesjennifer@example.org,204-367-2742x93111,Corporation,1068406.61,2023-10-21
BYR-0816,Robert,Lopez,francoalbert@example.org,214.568.4625,Individual,,2023-08-18
BYR-0817,Chelsea,Morales,ncook@example.org,001-843-411-4211x95637,Individual,1104600.27,2021-04-03
BYR-0818,Robert,Benson,erodriguez@example.net,2292378197,Individual,2665933.79,2022-12-04
BYR-0819,Michael,Cameron,roberthale@example.net,+1-274-562-4999x523,Individual,2899928.66,2021-02-14
BYR-0820,Ronald,Vasquez,deborah75@example.com,914.589.3636x17227,Individual,984360.23,2022-08-14
BYR-0821,David,Moreno,xgoodman@example.org,308-790-5207x8191,Individual,1938448.99,2020-01-23
BYR-0822,James,Dominguez,michaelgraves@example.org,001-415-947-2492x6409,Individual,231266.93,2021-08-22
BYR-0823,Robert,Chen,amycrawford@example.com,895.539.8219,Trust,1741484.39,2019-01-21
BYR-0824,Renee,Diaz,taylor03@example.org,251.341.0071x2421,Individual,2107010.63,2019-05-17
BYR-0825,Mackenzie,Williams,helen79@example.com,+1-765-370-3588x9522,Individual,1451826.33,2021-06-04
BYR-0826,Eric,Flores,lori65@example.org,(520)287-6431,Individual,1389433.0,2020-04-26
BYR-0827,Jennifer,Jones,webbjeffrey@example.net,(435)931-9095x6534,Investor,1626127.14,2020-01-25
BYR-0828,Laura,Stein,qking@example.org,976-933-8795x5229,Individual,164368.53,2020-08-23
BYR-0829,Amanda,Moore,jason18@example.com,324-422-6090x84650,Individual,2455729.24,2023-08-23
BYR-0830,Heidi,Vincent,uwhite@example.net,+1-529-465-2942,Individual,,2023-06-12
BYR-0831,Natalie,Snyder,thomas25@example.com,001-872-460-7785,Corporation,2872897.62,2022-08-26
BYR-0832,Marcus,Long,laura76@example.org,(254)218-2974x24035,Individual,2915647.68,2023-10-09
BYR-0833,Larry,Brooks,rebecca69@example.com,(587)304-1949x855,Individual,2932241.03,2021-07-27
BYR-0834,Summer,Moore,timothygutierrez@example.com,977-328-9415x575,Individual,,2021-11-23
BYR-0835,Daniel,Avery,kelli80@example.net,702-668-5973x69747,Individual,2424441.14,2019-07-20
BYR-0836,Jennifer,Lowe,connie29@example.net,001-288-280-8984x273,Individual,1727267.13,2019-05-16
BYR-0837,Hannah,Johnson,markberry@example.net,+1-567-927-2929x110,Individual,1843775.71,2021-11-29
BYR-0838,Lauren,Turner,kingkevin@example.com,(779)393-8070x717,Investor,1599532.2,2022-08-29
BYR-0839,Jordan,Scott,gnoble@example.net,414.725.4872x737,Individual,,2021-04-04
BYR-0840,Dennis,Fleming,alyssamyers@example.com,784.551.5199,Investor,911516.85,2019-11-03
BYR-0841,Laura,Estes,tlee@example.com,342-756-1368x477,Individual,2116855.19,2022-06-25
BYR-0842,Mario,Lane,catherine02@example.net,(633)981-6219,Individual,1511685.25,2020-02-25
BYR-0843,Mary,Hall,gregory47@example.org,3345631927,Corporation,2313218.6,2019-02-18
BYR-0844,Katherine,Lopez,todd59@example.org,001-871-732-3274,Individual,2113586.96,2020-07-18
BYR-0845,Courtney,Parsons,clarkeleslie@example.org,001-414-956-7751x032,Corporation,494895.54,2022-02-06
BYR-0846,Emily,Davis,fieldsderrick@example.com,+1-202-736-0772,Investor,2385325.75,2022-10-11
BYR-0847,Belinda,Cardenas,dawsonkyle@example.org,247-879-6002x71520,Individual,2940526.12,2019-12-01
BYR-0848,Ashley,Chapman,leonard79@example.org,256.384.6934,Trust,1153952.73,2022-02-21
BYR-0849,David,Pena,jerry50@example.org,2142301397,Individual,1806261.37,2021-09-28
BYR-0850,Tyler,Reyes,travis28@example.com,879-931-6988,Individual,1614311.27,2023-02-27
BYR-0851,Terri,Spencer,ksmith@example.org,001-870-311-5777x66060,Corporation,1500655.08,2019-11-09
BYR-0852,Justin,Johns,lisasmith@example.net,638-717-5009x42663,Individual,2018210.09,2022-04-16
BYR-0853,Jennifer,Liu,kpetersen@example.com,3828301965,Trust,696942.87,2023-07-13
BYR-0854,Katherine,Padilla,jrobertson@example.net,686.373.9528,Corporation,1936256.65,2023-11-01
BYR-0855,Michael,Bradley,mwilkerson@example.net,001-994-809-1864x2753,Individual,2873969.92,2024-01-17
BYR-0856,Tiffany,Kennedy,fergusonkaitlin@example.org,748-872-4315,Individual,,2021-08-31
BYR-0857,Steven,Barrera,latoyaramirez@example.net,001-581-403-3963,Investor,,2019-01-28
BYR-0858,Raven,Williams,ythomas@example.com,(468)226-0716,Individual,,2023-01-18
BYR-0859,Elizabeth,Parker,,528-878-6263,Trust,2863798.61,2021-04-22
BYR-0860,Louis,Barrett,patrick63@example.net,+1-592-729-1658x76119,Corporation,752339.79,2023-11-03
BYR-0861,Karen,Howell,justinhernandez@example.org,+1-243-268-1533x813,Individual,875723.5,2020-05-21
BYR-0862,Brittany,Ross,fperry@example.org,393.272.2090x00165,Individual,1572012.05,2019-09-19
BYR-0863,Erin,Holmes,benjamin16@example.net,+1-628-460-7506,Investor,2214734.27,2023-12-24
BYR-0864,James,Campbell,brandon60@example.net,861-996-5557,Trust,1681202.46,2022-02-25
BYR-0865,Brianna,Grimes,inoble@example.net,669-826-7187x20465,Investor,1373743.13,2020-03-04
BYR-0866,Christine,Lee,zevans@example.net,601.865.6385,Individual,,2020-12-27
BYR-0867,Victoria,Hernandez,brandonbautista@example.com,(940)587-7135x25133,Individual,2832714.68,2024-01-07
BYR-0868,Dustin,Hart,geraldjackson@example.org,001-676-982-7442,Corporation,,2023-03-04
BYR-0869,Edward,Davis,mark23@example.com,+1-816-941-9543x921,Investor,2838814.63,2021-10-26
BYR-0870,Kyle,Gilmore,stacy85@example.com,001-548-293-1282x847,Investor,2146547.01,2024-04-05
BYR-0871,Brian,Macias,margarettorres@example.net,271.494.4170,Corporation,1179649.95,2020-06-19
BYR-0872,Jacob,Arellano,davidsondonna@example.org,5653052310,Investor,,2024-06-13
BYR-0873,Sarah,Pena,billwright@example.net,861.748.1792,Investor,408523.16,2020-07-27
BYR-0874,Patricia,Williams,james24@example.org,352.238.4910,Individual,,2020-09-21
BYR-0875,Jessica,Velasquez,,001-995-272-3634x7095,Investor,1471643.19,2023-06-14
BYR-0876,Gerald,Hunt,frankbuchanan@example.com,(598)554-2656,Individual,1020825.43,2024-01-13
BYR-0877,Lee,Duke,whiteandrew@example.net,747-307-5201x69098,Individual,2571214.41,2023-03-01
BYR-0878,John,Flores,maymarc@example.com,+1-871-861-8368x203,Trust,2245993.34,2024-03-28
BYR-0879,Heather,Torres,john16@example.org,(419)412-5588,Investor,2891219.43,2022-08-26
BYR-0880,Allison,Griffin,jennifer43@example.com,7683267692,Investor,2216855.84,2022-06-24
BYR-0881,Tyler,Hill,wmartin@example.net,780-583-1497x091,Corporation,2356285.4,2019-09-17
BYR-0882,Anita,Douglas,jeremyhernandez@example.net,792.970.1012x55371,Individual,1751595.68,2022-06-27
BYR-0883,Vincent,Garcia,serranoaaron@example.com,2074169032,Individual,2777885.29,2020-01-15
BYR-0884,Megan,Kent,bryantroberta@example.org,001-802-274-1695x8524,Investor,2683111.07,2021-11-26
BYR-0885,Kevin,Shaw,ryanchristopher@example.net,001-918-307-8586x5215,Investor,2394809.64,2023-06-19
BYR-0886,Vanessa,Barajas,pbrewer@example.org,272.399.7704,Investor,160938.75,2020-04-17
BYR-0887,Aaron,Black,robertrodgers@example.org,456.972.4431,Investor,355872.66,2022-03-18
BYR-0888,Robin,Davis,greenbrandon@example.com,+1-966-972-9942,Investor,180106.01,2024-03-14
BYR-0889,Matthew,Grant,marthabaker@example.org,334-299-8752x1472,Individual,828699.83,2021-12-09
BYR-0890,Hector,Cook,joshuahernandez@example.org,001-221-531-3865,Investor,2571396.3,2023-05-29
BYR-0891,James,Carter,bwright@example.org,(739)396-6049x33425,Individual,969598.02,2023-05-14
BYR-0892,Carl,Sanchez,anthony98@example.com,(406)219-7129,Individual,2036158.15,2023-08-14
BYR-0893,Gina,Scott,zsmith@example.com,6033936565,Investor,2744181.84,2022-03-25
BYR-0894,Nicholas,Martinez,aaron61@example.net,(757)475-3801x571,Corporation,123226.94,2020-11-24
BYR-0895,Christopher,Holmes,williamsashley@example.org,(787)552-4527x65646,Individual,311112.34,2023-02-01
BYR-0896,Heidi,Rocha,adam74@example.net,(720)651-4610x53276,Individual,2014115.42,2022-08-22
BYR-0897,Carolyn,Gonzalez,stevensilva@example.org,(710)480-6327x218,Individual,,2022-01-25
BYR-0898,Jason,Pierce,harrisrichard@example.net,261.788.2073,Investor,2116513.21,2020-12-31
BYR-0899,Jimmy,Soto,wmata@example.com,(627)526-0380x73842,Corporation,1995971.32,2020-02-26
BYR-0900,Sharon,Martinez,otrujillo@example.com,586-317-3461,Individual,,2020-07-08
BYR-0901,Patrick,Duncan,amandacarey@example.org,+1-407-938-0884x8738,Individual,738579.97,2022-09-28
BYR-0902,Frances,Dixon,sbishop@example.com,+1-711-507-2003x717,Individual,1208621.64,2021-01-17
BYR-0903,Shannon,Ellis,alexandra96@example.org,(391)904-3846x24992,Individual,1134198.33,2024-05-02
BYR-0904,Shawn,Bishop,shawnagardner@example.org,(559)874-5499,Trust,508967.26,2022-07-26
BYR-0905,Kevin,Pacheco,,567.387.4143x0797,Individual,,2021-09-21
BYR-0906,Sarah,Ramos,fhenry@example.org,354-794-7028,Individual,2478827.12,2023-06-24
BYR-0907,Michael,Hahn,nicholasbradford@example.net,001-548-352-9008x044,Investor,1705383.97,2023-01-03
BYR-0908,Robert,Jacobson,lynnhood@example.com,980.528.9072x3459,Investor,1650579.0,2021-06-18
BYR-0909,Diane,Gray,jaychavez@example.org,694-250-2703x1427,Individual,1837439.81,2020-06-16
BYR-0910,Joshua,Glenn,diazadrian@example.com,+1-812-944-8171x67321,Investor,2654531.12,2022-03-10
BYR-0911,Alison,Martinez,marymcconnell@example.net,381.700.5777,Investor,1509784.92,2021-01-31
BYR-0912,Emily,Bennett,colenicole@example.com,(359)942-9957x811,Investor,352957.13,2020-06-16
BYR-0913,Joshua,Tyler,zlopez@example.com,2148202916,Investor,,2022-02-12
BYR-0914,Glenn,Collins,westrachel@example.net,397.994.8979,Individual,2690928.21,2019-10-14
BYR-0915,Randy,Carson,rgriffin@example.net,(493)679-1503x2862,Corporation,1550141.86,2023-03-09
BYR-0916,Cathy,Henderson,westjared@example.net,595.377.4027x19272,Corporation,1862688.06,2023-12-12
BYR-0917,Dawn,Flores,patricia89@example.com,488.508.5914,Investor,2876491.42,2019-04-11
BYR-0918,Robert,Bryant,murphydaniel@example.org,669-451-0058,Individual,1428910.39,2019-07-19
BYR-0919,Larry,Morris,,252-956-6540,Investor,,2023-02-12
BYR-0920,Carol,Pratt,vthomas@example.com,(779)533-9259,Individual,2874186.07,2023-06-16
BYR-0921,Patricia,Morse,fowens@example.org,810.386.1094,Individual,428510.92,2024-06-03
BYR-0922,Timothy,Leon,ichan@example.com,682-700-0228x0820,Individual,2110233.64,2023-09-02
BYR-0923,Scott,Mccall,kimmartin@example.org,467-988-4157,Investor,167555.31,2019-06-07
BYR-0924,Catherine,Bonilla,jessica24@example.org,250-200-9568x913,Individual,1789185.05,2019-10-15
BYR-0925,Kendra,Rivers,belindavega@example.com,+1-772-203-6788x70135,Trust,2600076.7,2022-07-05
BYR-0926,Steven,Ryan,nicole04@example.com,001-222-269-9334x18919,Individual,511655.44,2019-08-03
BYR-0927,Gregory,Burton,kevin46@example.net,(886)669-3248x55645,Corporation,523305.35,2024-06-12
BYR-0928,Edward,Carroll,kathrynhamilton@example.net,+1-608-423-4532x1917,Individual,176585.46,2024-01-17
BYR-0929,Kimberly,Jensen,tracy26@example.com,617.468.6732x077,Individual,333317.5,2020-12-21
BYR-0930,Jean,Walker,jcurtis@example.net,778.841.6300,Individual,2362107.15,2022-09-30
BYR-0931,Russell,Love,trevorknight@example.com,001-438-392-2421x48585,Investor,519929.25,2020-02-09
BYR-0932,Michelle,Jenkins,,(644)606-0282x23032,Trust,1513877.45,2020-04-11
BYR-0933,Rachel,Taylor,nicholas24@example.org,465-594-5207x13801,Investor,630598.62,2024-03-31
BYR-0934,Brian,Stevens,juan00@example.com,001-823-991-1949x492,Individual,1005006.31,2019-04-01
BYR-0935,Jesse,Bradley,brianhiggins@example.net,+1-886-791-9161x25328,Individual,,2023-03-23
BYR-0936,Sarah,Wilson,,+1-938-569-0139x0198,Individual,2201770.77,2023-04-13
BYR-0937,Sheena,Petty,david34@example.net,+1-308-478-4561x35580,Individual,436931.86,2021-08-13
BYR-0938,Angelica,Phillips,davidjohnson@example.net,569-243-0391x960,Investor,2630222.19,2021-06-05
BYR-0939,Eric,Powers,reginamartinez@example.com,9149065001,Individual,656272.1,2020-06-21
BYR-0940,Kevin,Gonzalez,devinboyd@example.org,226.597.9633,Investor,1406081.18,2019-03-06
BYR-0941,Nicholas,Lee,daniel05@example.org,(948)610-5482x469,Individual,,2024-01-03
BYR-0942,Colin,Miller,dblack@example.com,+1-788-507-6103x293,Investor,389303.94,2022-09-16
BYR-0943,Gina,Lang,matthewjackson@example.org,001-945-964-6814x72487,Investor,670131.09,2024-02-27
BYR-0944,Scott,Cardenas,shawnharrington@example.org,001-737-928-7798,Individual,814434.64,2020-11-30
BYR-0945,Larry,Hampton,harrellwalter@example.com,+1-713-570-9100x4955,Individual,1784671.48,2020-07-11
BYR-0946,Pamela,Gonzalez,randyaguilar@example.com,406.924.0039x70127,Investor,2122129.07,2021-11-06
BYR-0947,Lynn,Ramirez,janet72@example.com,(631)273-7045x78835,Investor,2307833.44,2021-05-12
BYR-0948,Susan,Shaw,woliver@example.net,7353045065,Investor,,2024-05-25
BYR-0949,Andrew,Stevens,williamsashley@example.net,732-514-0776x49778,Individual,,2020-05-05
BYR-0950,Melissa,Johnson,patrick48@example.com,(359)685-4049x607,Investor,2187654.62,2021-03-19
BYR-0951,Darren,Love,albertleonard@example.com,001-345-393-0850x346,Individual,2735276.91,2023-08-30
BYR-0952,Elizabeth,Parks,waguilar@example.org,+1-998-953-4708x97200,Individual,775854.06,2022-08-24
BYR-0953,James,Conner,keithmichael@example.org,(884)350-2712x8529,Corporation,145485.29,2023-11-08
BYR-0954,Joseph,Williams,molly20@example.com,287.569.2942x882,Investor,634079.61,2023-04-25
BYR-0955,Justin,Sawyer,dperkins@example.com,+1-925-536-3067,Individual,2148219.51,2023-01-08
BYR-0956,Hayden,Stanley,madams@example.net,001-560-671-6830x277,Investor,2723268.88,2022-09-16
BYR-0957,Joseph,Anderson,judy86@example.org,995-632-4305x8874,Investor,1833709.91,2020-09-23
BYR-0958,Katie,Herring,carriecruz@example.net,482-448-6707x960,Corporation,2404841.72,2019-03-26
BYR-0959,Dylan,Wells,wheelerheather@example.com,228.586.7481,Investor,2162368.66,2022-08-07
BYR-0960,Ricardo,Parker,lcombs@example.com,323.488.5156,Individual,1855101.06,2020-05-11
BYR-0961,Michael,Riddle,judy25@example.net,+1-428-979-2412,Trust,954359.53,2023-01-14
BYR-0962,Kathy,Campbell,charleswhite@example.net,001-794-603-8155x95726,Investor,1229362.29,2020-10-05
BYR-0963,Melissa,Johnson,ifuller@example.org,457-787-4361x60413,Individual,,2019-02-09
BYR-0964,Michael,Johnson,,001-338-816-4210x0007,Individual,2863323.01,2021-12-26
BYR-0965,Paul,Andrade,laura48@example.com,5259183382,Individual,2998104.39,2020-09-10
BYR-0966,Lisa,Dixon,joshuacochran@example.net,001-881-564-8234x2617,Individual,2644976.39,2023-10-02
BYR-0967,Anna,Shaw,williamskatelyn@example.net,8158938606,Individual,,2020-11-25
BYR-0968,Craig,Fisher,julie41@example.net,891.626.9081,Individual,1289614.26,2022-07-03
BYR-0969,Kristen,Kelley,taylorerin@example.com,001-529-651-1544,Individual,196063.7,2019-08-15
BYR-0970,Joseph,West,lawrencemalone@example.com,+1-996-759-1651,Corporation,2213584.55,2023-06-06
BYR-0971,Richard,Baker,kristin98@example.com,(914)533-4610,Individual,,2021-12-11
BYR-0972,Christopher,Hill,juan95@example.org,001-450-319-9948x46524,Individual,1738034.0,2020-04-13
BYR-0973,John,Brooks,paulatyler@example.org,(422)593-7042x13917,Corporation,1367873.74,2020-11-03
BYR-0974,Joanna,Miller,cindycox@example.org,421.848.1334x370,Individual,781301.96,2022-01-18
BYR-0975,Jeffrey,Howell,kentbishop@example.com,(460)511-4310,Individual,728064.32,2023-07-17
BYR-0976,Andrew,Krueger,moorechristine@example.net,934.997.9145x5751,Investor,,2023-12-23
BYR-0977,Carrie,Williams,blakelaura@example.net,001-341-444-0173x262,Individual,913237.88,2021-07-18
BYR-0978,Sarah,Clark,lesliebowman@example.org,620.218.1362x10079,Individual,2957840.61,2021-12-03
BYR-0979,Megan,Griffin,mwillis@example.org,(837)468-9004,Individual,,2020-03-25
BYR-0980,Kristen,May,tiffanyhines@example.com,735.710.0647,Individual,259004.4,2023-03-05
BYR-0981,Derek,Murray,etaylor@example.org,(888)862-0750x6446,Trust,2892326.04,2019-02-23
BYR-0982,David,Powell,lisa60@example.org,+1-962-638-8980,Individual,682395.01,2019-11-16
BYR-0983,Samuel,Boyd,ellismolly@example.org,001-249-419-5257x15440,Corporation,2550884.06,2019-09-30
BYR-0984,Carol,Miller,miguel38@example.com,001-955-917-3728x8322,Individual,2170285.21,2023-09-10
BYR-0985,David,Patton,khammond@example.com,(977)296-4465x9408,Individual,1331219.75,2021-03-21
BYR-0986,Anna,Johnson,harrisdavid@example.com,(620)504-7203x97988,Individual,,2020-05-11
BYR-0987,Jennifer,Owens,lcochran@example.com,656.901.5351x3554,Individual,2824605.1,2020-09-07
BYR-0988,Robert,Thornton,harrisonkathryn@example.com,961-739-1659x530,Corporation,834426.19,2024-02-29
BYR-0989,Melanie,Aguirre,nicholaspotts@example.net,535.806.9931x3221,Investor,2263064.12,2020-12-24
BYR-0990,Joseph,Hubbard,pollardstephanie@example.net,001-482-547-1192x485,Individual,603793.61,2023-08-26
BYR-0991,Rose,Duncan,thompsonkimberly@example.org,(898)747-2811x6817,Individual,2954040.78,2019-11-25
BYR-0992,Melissa,Bryant,gcastro@example.com,+1-783-625-6579x6284,Individual,170886.24,2021-04-08
BYR-0993,Johnny,Powell,justin77@example.net,(750)286-2614x044,Individual,2141712.96,2019-06-26
BYR-0994,Erik,Mclaughlin,pamela50@example.org,3892233197,Individual,2715095.69,2019-06-28
BYR-0995,Kathleen,Livingston,pettyrussell@example.net,2333157482,Investor,2020042.49,2019-02-06
BYR-0996,Dawn,Sutton,jonathan47@example.org,214.374.2656x080,Individual,2754778.13,2019-12-23
BYR-0997,Jennifer,Young,amartin@example.net,881-236-9760x254,Investor,,2021-09-11
BYR-0998,Juan,Johnson,whitemikayla@example.com,877.929.6371x6299,Individual,,2022-06-08
BYR-0999,Hector,Castaneda,crystalbruce@example.com,+1-818-240-7726x71184,Corporation,1731916.32,2022-09-13
BYR-1000,Nathan,Henderson,leslieramirez@example.org,862-368-8865,Individual,2441177.68,2024-04-05
BYR-1001,Gary,Bradley,andrewruiz@example.org,248-666-0837x043,Individual,,2023-04-10
BYR-1002,Christopher,Brooks,,868-304-8629,Individual,2696057.06,2021-03-02
BYR-1003,Kimberly,Martinez,pbarnes@example.org,8163119944,Individual,2614998.16,2019-08-22
BYR-1004,Justin,Hughes,crawfordlisa@example.org,+1-668-910-1889x366,Individual,,2019-10-03
BYR-1005,Stanley,Duffy,fsmith@example.org,(528)912-9980,Individual,661156.3,2022-04-06
BYR-1006,Michael,Miller,njohnson@example.org,+1-623-363-8139x8494,Individual,1565214.92,2020-10-13
BYR-1007,Jerome,Thompson,susanmartin@example.org,(295)886-6140,Individual,577629.92,2020-03-31
BYR-1008,Stephen,Henderson,william32@example.net,939-898-0885x1472,Individual,2538953.9,2021-10-15
BYR-1009,John,Neal,amber79@example.net,001-265-247-9942x624,Individual,421257.53,2021-06-16
BYR-1010,Daniel,Long,pknight@example.com,001-474-555-2957x11527,Individual,1430065.3,2022-09-24
BYR-1011,Kimberly,Webb,kimberly29@example.com,(804)308-5397,Individual,1806518.11,2024-01-29
BYR-1012,John,Peters,vhunt@example.net,223-742-7628x265,Individual,433506.67,2024-02-06
BYR-1013,James,Patterson,millerpaula@example.net,579-301-9414,Investor,223799.92,2022-04-11
BYR-1014,Antonio,Fischer,misty23@example.org,807-745-2157,Individual,288289.83,2023-05-14
BYR-1015,Jeffrey,Johnson,valexander@example.net,+1-498-978-5593x32926,Individual,,2023-06-17
BYR-1016,Claudia,Young,uvazquez@example.net,+1-751-337-9767x50241,Investor,2919204.13,2024-05-03
BYR-1017,Brenda,Hernandez,guerrarobert@example.org,001-605-732-6574x5916,Investor,2298111.71,2024-02-22
BYR-1018,Jessica,Howell,olopez@example.com,721.777.4296,Investor,2825723.98,2021-05-28
BYR-1019,Matthew,Bennett,radams@example.com,+1-903-545-0845,Investor,1306351.17,2022-09-02
BYR-1020,Laurie,James,kjordan@example.net,(233)394-9520x7926,Individual,1465103.34,2021-04-16
BYR-1021,Matthew,Hernandez,bettysmith@example.org,001-540-611-5120x16461,Individual,2565450.86,2022-07-18
BYR-1022,Kevin,Gibson,raymondmike@example.com,407-741-5454x795,Individual,2671135.68,2020-07-30
BYR-1023,Lisa,Day,johnsonbryce@example.com,+1-310-612-2524x1360,Investor,720517.21,2023-06-09
BYR-1024,Donna,Diaz,stephenrussell@example.com,7069340509,Individual,1181598.73,2023-01-02
BYR-1025,Ricardo,Clarke,wbailey@example.com,5792609367,Individual,545550.62,2019-12-10
BYR-1026,Molly,Gonzalez,jamesbarnes@example.com,(749)259-2383,Trust,1874016.96,2023-05-06
BYR-1027,Robert,Williams,michaeljackson@example.net,547-878-4031x7552,Individual,1744331.48,2022-08-08
BYR-1028,Breanna,Davis,anthony50@example.com,445.607.5590,Investor,929065.24,2024-05-18
BYR-1029,Kyle,Nelson,louis71@example.com,550.694.9399x40967,Trust,1562227.38,2020-04-20
BYR-1030,Misty,Bowen,wlee@example.net,648.775.0738x64259,Individual,458254.95,2022-06-18
BYR-1031,Elizabeth,Bush,tanya50@example.org,(966)896-1717x336,Individual,1046194.75,2020-01-05
BYR-1032,Stuart,Kennedy,douglas54@example.org,857.874.5397,Individual,,2019-06-26
BYR-1033,Kevin,Hodges,christianbrown@example.net,941-235-8365,Individual,2509881.58,2020-03-29
BYR-1034,Robin,Mendez,,960-756-1945,Individual,1003750.14,2023-01-03
BYR-1035,Curtis,Phelps,xlane@example.net,8933585381,Investor,2204124.72,2020-04-13
BYR-1036,Lori,Cross,rhiggins@example.net,(215)677-5981,Individual,963020.84,2021-09-14
BYR-1037,Diana,Schmidt,lguerrero@example.net,608.352.8963x746,Individual,2640885.18,2020-04-12
BYR-1038,Laurie,George,rosslouis@example.com,001-943-760-6837x1983,Individual,2954218.35,2020-05-21
BYR-1039,Michael,Williams,mcastro@example.com,416-591-0737x25592,Individual,514744.29,2020-09-15
BYR-1040,Deborah,Kennedy,,(918)271-1166x568,Corporation,,2019-05-30
BYR-1041,Keith,Sanchez,uwebster@example.org,721-282-0576x007,Individual,451194.37,2020-06-29
BYR-1042,Stacy,Payne,richardperry@example.org,(332)260-0878,Trust,,2019-05-20
BYR-1043,Joy,Ramirez,michellebriggs@example.org,844-599-9084x3357,Individual,2550119.66,2019-04-20
BYR-1044,Elizabeth,Lewis,kathleen18@example.net,(866)421-4449x12449,Individual,1420384.65,2020-09-07
BYR-1045,Jessica,Reyes,nthompson@example.net,(739)375-7627x86537,Individual,620122.45,2022-05-27
BYR-1046,Calvin,Chapman,matthew86@example.org,(830)322-9759,Individual,1939354.72,2019-09-18
BYR-1047,Donald,Burnett,mespinoza@example.org,226-635-3561,Investor,2988974.86,2021-03-26
BYR-1048,Michael,Davis,thomasbowen@example.com,4146742386,Individual,1624458.02,2020-12-21
BYR-1049,Ashley,Bean,wagnerjason@example.net,6104205475,Trust,1059784.55,2021-11-01
BYR-1050,Donna,Anthony,jeffrey63@example.org,6854665568,Individual,1401723.61,2021-11-21
BYR-1051,Adam,Snyder,hendrixmicheal@example.org,001-389-741-3681x90381,Investor,1728048.4,2022-11-14
BYR-1052,Dalton,Snow,danielle33@example.net,001-909-872-4281,Individual,130175.21,2021-10-09
BYR-1053,Elizabeth,Kennedy,ajohnson@example.com,240-261-8585x953,Individual,2656381.61,2023-03-16
BYR-1054,Drew,Moran,tricia66@example.net,001-376-693-6534x5945,Individual,754018.75,2022-10-26
BYR-1055,James,Hernandez,conwaynatasha@example.com,559-860-6504x8430,Investor,2376750.64,2019-01-14
BYR-1056,Ashley,Thompson,monique61@example.com,(482)276-8853,Individual,1751069.85,2021-01-05
BYR-1057,John,Foster,garciamichael@example.org,001-362-895-6545x26529,Investor,439001.5,2020-11-14
BYR-1058,Brian,Harper,bsavage@example.org,347.367.0900,Individual,286525.4,2023-12-03
BYR-1059,Sean,Warren,daykathleen@example.net,2614570367,Individual,224511.15,2020-06-02
BYR-1060,Jonathon,Barrett,sandraallen@example.net,(893)347-9718,Individual,2184134.71,2020-06-03
BYR-1061,Andrew,Campbell,marcus86@example.net,934.204.2665x77333,Individual,,2019-07-24
BYR-1062,Roy,Sheppard,wardjennifer@example.net,723-886-2698x5195,Investor,1930469.13,2023-10-22
BYR-1063,Michael,Martinez,michaelroberts@example.net,963.554.9578,Individual,2562729.85,2021-10-07
BYR-1064,Dillon,Kim,everettthomas@example.net,+1-499-663-4455x034,Individual,180112.52,2021-06-13
BYR-1065,Alicia,Dominguez,ashleyjones@example.org,622.885.5359,Individual,1189814.47,2022-01-05
BYR-1066,Patricia,Bates,michaeldiana@example.com,+1-572-670-9124x751,Trust,1019236.22,2022-05-02
BYR-1067,Jorge,Dunn,austinkeith@example.org,+1-772-539-9815x9731,Individual,2830062.6,2021-07-21
BYR-1068,Joseph,Weaver,ddavis@example.org,489.596.4216x0548,Investor,1708463.13,2022-03-28
BYR-1069,Richard,Moore,crystalriley@example.net,001-883-827-6018,Individual,483180.6,2022-03-26
BYR-1070,Derrick,Ball,kimgibson@example.net,248.794.6601,Individual,210729.15,2019-09-07
BYR-1071,James,Tucker,melissa98@example.net,+1-590-857-9303,Individual,,2020-01-06
BYR-1072,Patricia,White,angelrose@example.net,9282775404,Individual,1368062.27,2021-01-28
BYR-1073,Richard,Washington,sandrawallace@example.org,886.575.9120,Individual,2252207.21,2021-06-13
BYR-1074,Kenneth,Carlson,stanley26@example.net,001-935-871-5076x3714,Corporation,2614701.25,2019-12-08
BYR-1075,Erin,Mason,martinjames@example.net,619.478.3705x196,Individual,2526974.51,2021-07-26
BYR-1076,David,Miller,hmoore@example.com,6369759041,Individual,1350225.75,2022-09-12
BYR-1077,Daniel,Mitchell,otaylor@example.com,+1-241-620-3288x6284,Individual,,2022-07-22
BYR-1078,Nicole,Contreras,andersonchristine@example.com,+1-720-323-8175,Investor,911308.31,2021-05-20
BYR-1079,Nathan,Davis,fgilbert@example.com,607.926.1177x96640,Individual,1995463.06,2023-08-26
BYR-1080,Tracy,Evans,russell48@example.net,+1-395-715-7166x29999,Investor,2187855.97,2022-02-27
BYR-1081,Ronald,Lane,shane56@example.org,767-392-6148x808,Investor,1406568.61,2022-05-24
BYR-1082,Zachary,Moore,ccamacho@example.org,3368121259,Corporation,,2022-06-15
BYR-1083,Kim,West,melissa11@example.com,(388)272-8095,Individual,1527932.34,2021-08-28
BYR-1084,Julie,Smith,evanskaren@example.net,001-611-595-7713x696,Individual,,2021-01-12
BYR-1085,Jacob,Miller,jonesthomas@example.com,+1-977-348-7842x1309,Individual,2658122.64,2024-02-15
BYR-1086,Melissa,Hopkins,camachojeffrey@example.com,(498)791-6233x4418,Investor,2390703.78,2022-11-06
BYR-1087,Lauren,Bailey,robert31@example.org,912.633.6358,Individual,2932119.87,2022-11-24
BYR-1088,Sean,Jackson,,590-589-0201x70808,Investor,2519882.01,2020-02-10
BYR-1089,Heidi,Zuniga,wilsonlisa@example.org,416-391-0982x6821,Individual,2784943.75,2022-10-23
BYR-1090,Carlos,Adams,allenscott@example.net,(618)580-0354,Individual,,2022-12-29
BYR-1091,Shannon,Hester,robertward@example.net,+1-867-304-8826,Investor,2743037.06,2021-07-09
BYR-1092,Jesse,Kline,vbennett@example.org,(763)253-4481x343,Investor,310113.75,2021-01-23
BYR-1093,Kathryn,Rodriguez,dmeza@example.com,(771)528-6872,Corporation,468452.05,2021-10-12
BYR-1094,Mark,Richardson,kristen39@example.org,773-209-0635x80355,Individual,,2021-10-05
BYR-1095,Richard,Mccoy,kgarcia@example.net,001-912-501-1609x44963,Corporation,1118974.1,2019-04-20
BYR-1096,Karen,Crawford,ejohnson@example.org,226.734.5979,Individual,2125205.3,2020-01-03
BYR-1097,Melissa,King,diane94@example.org,(735)797-1949x2777,Investor,1603862.08,2019-02-13
BYR-1098,Chad,Carlson,atkinsjames@example.org,+1-259-898-5372x1518,Individual,2087901.14,2024-05-19
BYR-1099,Jose,Yang,phillipsdavid@example.com,819.998.0984,Investor,2791624.54,2023-06-28
BYR-1100,Ashley,Shaw,wisedaniel@example.net,001-220-323-1340x24940,Trust,2678331.49,2020-10-06
BYR-1101,Jason,Wolfe,harperkristine@example.com,321-920-3279x8037,Individual,,2023-03-06
BYR-1102,Joanne,Warner,alice56@example.org,341.498.3513,Individual,2281713.06,2020-09-26
BYR-1103,Felicia,Johnson,dixontonya@example.com,679.874.7571,Individual,1842943.68,2019-09-25
BYR-1104,Charles,Mccarthy,jennifer18@example.org,4285242350,Investor,2231507.08,2020-04-07
BYR-1105,David,Hopkins,xford@example.org,(955)612-6376x582,Individual,1783722.44,2019-07-29
BYR-1106,Brian,Beck,jason79@example.com,001-636-624-7949x58081,Individual,1778520.25,2023-09-21
BYR-1107,Shannon,Vasquez,anthony80@example.net,647.338.7098x48358,Investor,865399.79,2022-03-28
BYR-1108,George,Galloway,brian81@example.net,+1-544-244-7222x9648,Investor,,2021-01-13
BYR-1109,Chris,Harris,marcguerrero@example.org,227.453.5082,Individual,563916.07,2019-10-24
BYR-1110,Cameron,French,carrkristina@example.com,+1-258-945-6455x1038,Individual,1874272.56,2019-04-24
BYR-1111,Elizabeth,Pitts,martinthomas@example.com,001-948-859-5676,Corporation,2309217.48,2022-04-03
BYR-1112,William,Cole,dylanking@example.com,+1-284-446-9673,Investor,1083208.25,2023-05-22
BYR-1113,Brian,Beck,lopezmelissa@example.com,234-727-2235x5646,Investor,1103927.88,2020-07-06
BYR-1114,David,Hurley,luis76@example.com,(839)527-5375x154,Corporation,,2020-08-23
BYR-1115,Jessica,Stephens,leesteven@example.net,928.680.0332,Individual,871313.14,2020-12-16
BYR-1116,Jessica,Anderson,smitharthur@example.net,4439516952,Individual,419241.06,2023-04-05
BYR-1117,Stephen,Lane,johnsonwilliam@example.net,+1-709-793-2238x306,Investor,,2023-09-28
BYR-1118,Olivia,Sanchez,griffinlisa@example.net,566.890.3041x1226,Individual,2310415.49,2023-03-08
BYR-1119,Gabriel,Thompson,cpowell@example.org,+1-948-476-2137,Trust,,2021-02-21
BYR-1120,Thomas,Lozano,perkinshoward@example.com,411-332-7855,Individual,1685171.29,2021-10-01
BYR-1121,Derrick,Coleman,tracyhatfield@example.net,(768)527-3458x692,Investor,547178.39,2022-10-30
BYR-1122,David,Mcintosh,arnoldvicki@example.org,777-688-5410,Individual,1409110.56,2021-01-05
BYR-1123,Matthew,Jones,tstanley@example.org,4932178527,Corporation,,2022-07-05
BYR-1124,Joseph,Smith,rtorres@example.com,788-380-9802x9320,Individual,1979872.49,2022-06-09
BYR-1125,Tracy,Jackson,jessicacrawford@example.org,6447880365,Investor,,2022-06-23
BYR-1126,Kristen,Hardy,brockjohn@example.com,+1-905-525-7887x67602,Individual,2477528.28,2021-09-18
BYR-1127,Clarence,Mendez,raguirre@example.net,547-324-4203x5021,Investor,2714261.44,2020-12-31
BYR-1128,David,Green,shanegraves@example.net,9092302648,Individual,,2022-01-04
BYR-1129,Cynthia,Lewis,billy21@example.com,429-211-4192,Investor,2569693.24,2019-01-13
BYR-1130,Amanda,Sullivan,icontreras@example.net,+1-723-348-9071x81916,Individual,,2021-10-28
BYR-1131,Monica,Robinson,erikamahoney@example.net,547.524.7838x8687,Individual,1210339.02,2023-06-24
BYR-1132,Edgar,Baker,,677.476.8439x802,Individual,1397760.69,2021-05-23
BYR-1133,William,Brown,timothysoto@example.com,(260)585-6067x0091,Corporation,841010.08,2024-05-02
BYR-1134,Andrew,White,jimenezmanuel@example.net,207-486-3296x46382,Individual,1277192.67,2022-04-30
BYR-1135,Thomas,Myers,levinekayla@example.net,365.503.5301,Trust,349994.82,2021-05-27
BYR-1136,Vanessa,Miller,johngreene@example.net,532.740.5077,Individual,1340134.82,2023-08-05
BYR-1137,Rebekah,Rivera,christinewilliams@example.net,(571)620-3700,Individual,1871460.89,2020-03-22
BYR-1138,Dennis,Spence,jamiebradshaw@example.com,975.948.3641,Individual,2065580.13,2023-05-20
BYR-1139,Heather,Allen,evan10@example.org,+1-236-589-0471x44727,Investor,1602607.03,2020-02-27
BYR-1140,Ian,Palmer,lisasmith@example.org,(811)227-2589,Investor,1791121.99,2019-05-31
BYR-1141,Sarah,Ball,,+1-377-735-7453,Investor,2475729.1,2023-06-22
BYR-1142,Larry,Diaz,strongrachel@example.com,+1-236-610-7633x73140,Individual,1478768.61,2020-02-18
BYR-1143,Adrian,Romero,miguel20@example.org,001-991-590-8976x8242,Investor,185526.13,2019-12-22
BYR-1144,Oscar,Sexton,sherryharmon@example.org,(349)333-1886,Individual,2521195.45,2019-11-30
BYR-1145,Elizabeth,Ray,chelseamartinez@example.net,+1-648-255-9444x02715,Individual,,2023-10-12
BYR-1146,Cathy,Mcknight,lovedenise@example.com,551-892-3144,Individual,2967115.37,2021-07-24
BYR-1147,Melanie,Hobbs,erobinson@example.com,627.744.9719,Individual,1122734.56,2021-10-06
BYR-1148,Robert,Harmon,,001-587-363-6266,Individual,986809.37,2022-11-18
BYR-1149,Michael,Powell,luke95@example.org,351.651.5360x104,Investor,1525149.72,2022-04-04
BYR-1150,Alex,Morales,joshua50@example.com,989-665-9132,Investor,175775.38,2020-10-13
BYR-1151,Lindsey,Knox,margaretgonzalez@example.net,290.868.0264,Individual,1617737.56,2021-09-02
BYR-1152,Bradley,Winters,upeterson@example.org,(569)561-9810x1682,Individual,1922242.5,2023-05-11
BYR-1153,Jonathan,Tucker,greengabriel@example.net,(331)765-8153x222,Individual,1972465.26,2023-03-28
BYR-1154,Jesse,Reed,jesse95@example.net,001-419-545-2932x614,Individual,2527292.95,2020-01-13
BYR-1155,Rick,Brewer,greerallen@example.net,2896097116,Individual,2160169.83,2020-08-02
BYR-1156,Charles,Adams,christopher01@example.net,001-220-911-8316x6169,Individual,,2022-04-07
BYR-1157,Tina,Johnson,ashleywebster@example.net,351-416-9512x28611,Investor,,2024-06-09
BYR-1158,Melissa,Morgan,amber88@example.org,+1-302-422-0068x87495,Individual,443699.75,2024-06-29
BYR-1159,Sheryl,Hernandez,donna77@example.com,001-630-947-8559x4047,Individual,2380861.16,2021-09-01
BYR-1160,Karla,Mitchell,hwilson@example.net,834-747-1184,Individual,1235588.36,2024-06-04
BYR-1161,Aaron,Aguirre,mannvictoria@example.net,(818)723-6664x62286,Individual,2037826.41,2022-03-15
BYR-1162,Micheal,Walsh,theodore27@example.net,790-929-9040,Individual,2560004.39,2021-05-24
BYR-1163,Samantha,Clark,nathanielsmall@example.net,+1-242-959-9081x3040,Investor,2414805.55,2019-08-20
BYR-1164,Stephen,Morales,nicholashayes@example.net,368-639-6315,Individual,167584.54,2019-03-24
BYR-1165,Anthony,Richardson,janicefernandez@example.com,001-593-237-2005x3963,Individual,1950510.31,2022-12-28
BYR-1166,Richard,Young,elizabethmejia@example.com,472.850.0662x99453,Investor,1451330.45,2024-04-22
BYR-1167,Jacqueline,Carter,leefaulkner@example.org,373.327.8451,Individual,1921570.55,2019-02-25
BYR-1168,Jesus,Campbell,wigginstodd@example.net,001-940-597-7270,Corporation,510492.73,2019-08-19
BYR-1169,Scott,Wang,xyates@example.net,6138252997,Trust,1620584.96,2022-12-27
BYR-1170,Andrea,Reyes,colinwinters@example.org,(811)747-4826x847,Individual,2410206.48,2019-06-06
BYR-1171,Matthew,Rivera,karensmith@example.net,+1-868-513-0389x314,Individual,575524.48,2020-05-24
BYR-1172,Craig,Deleon,briangamble@example.com,6917751124,Investor,2708819.17,2024-01-12
BYR-1173,Tiffany,Fuller,isparks@example.com,+1-404-453-3612,Individual,,2022-01-15
BYR-1174,Christopher,Anderson,kathryn41@example.com,001-731-221-3629x79157,Individual,2979213.81,2020-08-22
BYR-1175,David,Palmer,johnmatthews@example.org,001-279-678-1427x7663,Corporation,388920.45,2020-09-03
BYR-1176,Lucas,Horton,baileymary@example.net,(306)479-9006x732,Individual,411563.64,2022-06-07
BYR-1177,Donna,Yang,wolfjeffrey@example.org,463.659.5971,Corporation,1489930.01,2019-06-27
BYR-1178,Shannon,Mason,stephanie63@example.com,296-420-8639,Investor,2420968.24,2024-04-25
BYR-1179,Ruth,Nguyen,jamesamber@example.org,001-969-974-7279x520,Individual,1710178.15,2020-09-01
BYR-1180,James,Snyder,chelsea45@example.org,001-741-933-0944x26879,Individual,1434945.3,2022-01-25
BYR-1181,David,Simmons,jordanjoseph@example.com,+1-414-285-4137x458,Investor,991055.02,2020-06-14
BYR-1182,Kimberly,Goodman,christopher22@example.com,+1-548-501-8226x2433,Individual,2893861.62,2022-10-29
BYR-1183,Heidi,Edwards,loridavenport@example.com,(648)417-3243x6871,Investor,777856.94,2023-11-10
BYR-1184,Jay,Richards,rodneymacdonald@example.net,001-691-342-5645,Investor,1989785.04,2024-04-05
BYR-1185,Trevor,Melton,andrew22@example.com,730.802.6387,Corporation,2525725.46,2021-10-26
BYR-1186,Michael,Aguilar,wdaniels@example.com,8514101945,Individual,306870.51,2020-05-09
BYR-1187,Christopher,Clarke,james77@example.com,4947294294,Individual,2873295.52,2020-07-29
BYR-1188,Erik,Lynch,edwardsheather@example.org,490-715-3594x472,Individual,2073182.66,2020-03-01
BYR-1189,Chad,Quinn,xgarcia@example.net,(457)727-4857x67548,Individual,558036.68,2022-08-28
BYR-1190,Regina,Simmons,andersonsarah@example.net,(886)876-0140,Corporation,2427007.9,2019-10-14
BYR-1191,Amanda,Taylor,,350.362.1502x055,Investor,620945.31,2021-09-09
BYR-1192,Jody,Gonzalez,jacobskrystal@example.net,282-442-5449x745,Individual,2174930.73,2022-07-04
BYR-1193,Jordan,Ballard,theresa60@example.com,(531)824-7879,Individual,962957.32,2019-03-27
BYR-1194,Laura,Soto,vsmith@example.org,(302)594-8250x1478,Corporation,2433112.86,2022-12-31
BYR-1195,Paula,Martin,harrywhitehead@example.org,+1-837-805-7163x569,Individual,204363.39,2023-09-11
BYR-1196,Randy,Greene,donald04@example.org,723-793-2653x65474,Investor,2403785.56,2023-01-28
BYR-1197,Samuel,Allen,,001-216-264-2203x1280,Individual,1524664.72,2019-11-03
BYR-1198,Alexandra,Allen,ramirezheather@example.net,(977)662-9179,Individual,592081.34,2020-11-05
BYR-1199,James,Perry,sochoa@example.org,382-220-1759x8475,Individual,1551811.83,2019-06-18
BYR-1200,Connie,Blanchard,ronald58@example.org,601-570-1423,Corporation,141390.25,2022-11-18
BYR-1201,Charles,Rose,wbrown@example.org,347-836-7762x528,Corporation,109239.98,2019-05-18
BYR-1202,Dustin,Johnson,tdixon@example.org,283-899-7043x8594,Investor,384356.69,2022-04-06
BYR-1203,Kristina,Young,zacharyhill@example.net,9628519584,Investor,2896437.58,2024-01-24
BYR-1204,Patricia,Ortiz,smorris@example.com,001-613-900-8560x454,Investor,2930017.44,2023-02-02
BYR-1205,Stephanie,Mclean,virginiaperez@example.net,911-535-7967x363,Individual,1137355.22,2019-02-01
BYR-1206,Candace,Austin,markcooper@example.net,+1-254-646-0320x443,Individual,839320.06,2021-06-11
BYR-1207,Jeremy,Brown,jessicaclarke@example.net,(992)220-0258x22152,Corporation,1658610.2,2023-12-26
BYR-1208,Charles,Mills,kathleen86@example.com,440-814-7404,Individual,840363.12,2021-05-17
BYR-1209,David,Lewis,stantonfernando@example.com,8517038133,Individual,336132.65,2021-08-24
BYR-1210,Daniel,Davis,gerald56@example.net,(889)291-1642,Investor,2081430.71,2019-01-05
BYR-1211,Kristen,Taylor,mercadodawn@example.com,(499)889-7083x69604,Individual,671772.92,2019-11-26
BYR-1212,Maria,Fuentes,omay@example.net,+1-798-687-4762x7742,Individual,1270864.34,2021-10-07
BYR-1213,Tonya,Sullivan,andreaharris@example.net,2272311787,Trust,,2019-07-11
BYR-1214,Barbara,Martinez,dvillanueva@example.org,725.714.0364x89178,Individual,,2024-01-23
BYR-1215,Sarah,Jensen,jeremy77@example.org,331-552-1001x2907,Investor,379616.72,2021-05-13
BYR-1216,Ashley,Jacobson,mckinneytodd@example.com,318.982.8246,Investor,1217150.99,2024-05-28
BYR-1217,Jimmy,Guzman,destiny09@example.com,917-602-9973x6926,Investor,889423.24,2019-02-13
BYR-1218,Amy,Larson,hwagner@example.org,+1-721-585-0350x4528,Trust,1510314.32,2024-05-09
BYR-1219,Michael,Arnold,munozscott@example.org,664.819.0210x32536,Individual,1875342.18,2019-11-26
BYR-1220,Lisa,Santiago,jacksonerik@example.com,387.765.7417x815,Individual,718120.29,2024-01-27
BYR-1221,Stephen,Zamora,wbutler@example.net,9898759864,Trust,1177310.83,2019-11-23
BYR-1222,Charles,Rhodes,burchtravis@example.com,832.309.6360x74387,Individual,,2024-03-13
BYR-1223,Alexis,Ryan,william17@example.com,(781)890-3297x408,Corporation,,2020-01-19
BYR-1224,Stephen,York,christopherboyd@example.org,(798)881-1965x894,Investor,1108189.58,2022-07-01
BYR-1225,Elizabeth,Dawson,sheilathomas@example.org,+1-691-445-8868,Corporation,2520266.19,2019-12-02
BYR-1226,Pamela,Richards,georgekaufman@example.com,313-606-7013x215,Investor,1203645.0,2021-04-04
BYR-1227,Lisa,Clark,,(839)830-2532x16718,Investor,1718914.06,2023-06-12
BYR-1228,John,Knight,emily46@example.org,+1-678-313-2709,Corporation,107861.07,2024-05-05
BYR-1229,Holly,Parsons,bonnie19@example.net,491-851-6888x7821,Individual,2879957.65,2021-07-17
BYR-1230,Christine,Holden,nelsonjerry@example.net,+1-453-388-2096x402,Individual,164575.29,2019-09-17
BYR-1231,Noah,Hines,pfrank@example.org,001-607-907-8067x6701,Individual,441755.09,2020-10-07
BYR-1232,Dana,Madden,ujohnson@example.com,+1-930-351-3430x782,Individual,2764734.65,2024-06-01
BYR-1233,Julie,Young,rachelsanders@example.org,406.913.8334,Individual,2648445.32,2022-09-24
BYR-1234,Brian,Romero,doyletyler@example.com,254.519.2328x18151,Corporation,821265.01,2022-05-07
BYR-1235,Amy,Beard,vtran@example.net,814.810.1506x31942,Corporation,2871532.58,2020-09-20
BYR-1236,Lisa,Weiss,michael86@example.com,+1-945-301-9799x725,Individual,276875.37,2022-10-08
BYR-1237,Adam,Howell,qrandolph@example.com,895.857.1637x03927,Investor,,2023-08-03
BYR-1238,Heather,Jenkins,nancyquinn@example.net,676.444.8522x46107,Investor,2456074.14,2022-05-30
BYR-1239,Lance,May,georgeford@example.net,697.507.8254x958,Individual,232855.72,2021-01-19
BYR-1240,Michele,Reed,michaelcobb@example.org,838.558.6014,Individual,622535.71,2023-05-26
BYR-1241,Steven,Edwards,hawkinstimothy@example.net,313.764.3194x2909,Investor,2755545.57,2021-03-15
BYR-1242,David,Brown,justinwade@example.net,337-216-5524x4250,Individual,,2022-09-05
BYR-1243,Andrew,Cooper,mporter@example.org,001-613-464-9536x6001,Individual,1757878.92,2022-05-23
BYR-1244,Kayla,Harrington,ustanton@example.com,8609736095,Investor,764671.58,2023-08-18
BYR-1245,William,Wright,barbararodriguez@example.com,389.338.0155x4422,Individual,2577261.56,2023-05-19
BYR-1246,Amanda,Lawrence,lejason@example.net,001-599-318-0201x62291,Investor,,2022-04-12
BYR-1247,Glenn,Brown,aaronpineda@example.net,+1-465-632-8653x931,Individual,2481522.17,2023-01-29
BYR-1248,Christopher,Sims,angela89@example.net,+1-889-693-3138,Corporation,215327.33,2023-07-31
BYR-1249,Jason,Green,stonedeborah@example.org,+1-949-285-5715x18713,Trust,677032.31,2021-09-19
BYR-1250,Lisa,Browning,mtanner@example.org,2279505336,Individual,2266382.51,2024-02-26
BYR-1251,Jason,Terry,mli@example.net,(869)896-5980x85472,Investor,2058761.61,2021-03-01
BYR-1252,Shelia,Ramsey,lauren67@example.net,8226116916,Investor,2921544.66,2021-01-17
BYR-1253,Christopher,Porter,adriana84@example.org,001-537-938-3220x200,Corporation,2787609.14,2023-12-03
BYR-1254,William,Castillo,fulleramanda@example.net,582-880-7364x5114,Investor,969014.58,2021-11-25
BYR-1255,Shannon,Bennett,craig44@example.net,352-920-6204x77266,Trust,1388050.83,2022-06-30
BYR-1256,Zachary,Mitchell,amy57@example.com,357-357-8954,Individual,2585132.89,2020-09-26
BYR-1257,Crystal,Murray,lisa60@example.org,+1-393-563-5223x5255,Trust,2225946.82,2023-02-04
BYR-1258,Stephanie,Stevens,,(366)545-7358x45301,Investor,2109584.05,2019-09-13
BYR-1259,Robert,Hall,ortizbonnie@example.com,307.468.3666x8465,Individual,2178474.89,2022-11-06
BYR-1260,Lindsey,White,roysteven@example.net,(486)328-9935,Investor,965017.58,2021-10-03
BYR-1261,David,Hunt,annagonzalez@example.net,001-251-871-1874x36442,Individual,1421708.23,2022-06-05
BYR-1262,Holly,Galloway,bestrachel@example.net,(479)757-0801x0596,Investor,1294765.74,2022-12-15
BYR-1263,Melissa,Johnson,scarney@example.com,250-554-4107,Individual,1741318.83,2023-10-08
BYR-1264,Michael,Carter,chrisvasquez@example.com,(458)376-0486x264,Investor,1138616.29,2019-12-15
BYR-1265,Daniel,Thomas,jennifer41@example.net,(530)847-3460,Investor,1696523.95,2022-03-05
BYR-1266,Scott,Morris,debra53@example.com,(880)702-7146,Individual,792840.36,2023-04-23
BYR-1267,Teresa,Cantrell,dennisanthony@example.org,219.824.4263x8017,Individual,2172163.14,2024-06-03
BYR-1268,Diane,Castaneda,ggibson@example.org,(887)903-6062x1917,Individual,2889464.5,2020-05-18
BYR-1269,Martha,Mason,smithmeredith@example.org,+1-313-844-9441x62288,Investor,635194.11,2019-06-27
BYR-1270,Michael,Jordan,kenneth37@example.com,5454509642,Individual,,2021-07-24
BYR-1271,Nicholas,Lucas,kevinvalentine@example.net,258.653.4152x4816,Investor,262740.81,2024-04-19
BYR-1272,David,Fox,walteranderson@example.net,(317)460-5335x0822,Individual,278700.04,2024-06-18
BYR-1273,Justin,Macias,wendysanders@example.com,742-305-6706x246,Individual,841863.3,2024-04-28
BYR-1274,Joseph,Tucker,nicoleroth@example.net,568-267-9148x63562,Investor,955935.54,2024-03-09
BYR-1275,Laura,Green,paularivera@example.net,(406)227-4957,Individual,1379690.13,2024-02-17
BYR-1276,Gary,Ayala,davisjose@example.com,813.262.0828,Individual,919848.29,2020-12-04
BYR-1277,Matthew,Weber,kmoss@example.org,677.226.3482x776,Individual,,2020-08-20
BYR-1278,Joseph,Howell,jane57@example.org,263-884-8309x7578,Individual,2321622.18,2020-06-15
BYR-1279,Jamie,Miller,srose@example.com,(839)724-2913x87411,Investor,2291209.8,2020-08-08
BYR-1280,Phillip,Dixon,buchananmatthew@example.net,904-891-3126,Investor,2826715.6,2021-09-13
BYR-1281,Kimberly,Walton,brandybell@example.com,762.603.6356,Investor,117552.22,2020-03-09
BYR-1282,Jennifer,Hernandez,susan05@example.org,001-360-402-6512,Individual,2312773.1,2023-10-09
BYR-1283,Tiffany,Small,paynebobby@example.net,+1-519-969-8813x66522,Investor,,2021-09-14
BYR-1284,Kendra,Duncan,dominiquewelch@example.com,4298711687,Investor,1471164.59,2022-05-25
BYR-1285,Linda,Hurst,michellethomas@example.com,262-317-2714x0168,Individual,872126.26,2022-03-25
BYR-1286,Donna,Gonzalez,aguirrejudy@example.com,(670)516-7100x7095,Individual,1274843.37,2024-02-27
BYR-1287,Zachary,Mckinney,brenda41@example.org,001-727-709-5787x346,Individual,1104640.27,2019-06-15
BYR-1288,Larry,Parsons,lisa51@example.com,001-479-643-8938x6465,Individual,2931689.66,2023-07-10
BYR-1289,Amanda,Brown,kimberly23@example.net,(821)272-1839,Corporation,2022284.14,2024-06-22
BYR-1290,Caroline,Mcdonald,richardgonzalez@example.com,850.600.4835x05593,Individual,899289.1,2021-12-19
BYR-1291,Jennifer,Farmer,droach@example.org,+1-210-295-8203x062,Investor,1303091.37,2023-06-23
BYR-1292,Dawn,Peterson,kperez@example.org,(856)229-8605,Investor,2406389.89,2023-01-03
BYR-1293,John,Pierce,colecatherine@example.com,(799)316-9449,Corporation,2486734.24,2019-11-22
BYR-1294,Robert,Silva,huffmannathan@example.net,(388)944-0619,Investor,2044832.35,2019-05-22
BYR-1295,Maria,Hunter,paularamirez@example.net,555.606.4648x6578,Individual,2876857.57,2021-06-07
BYR-1296,Ralph,Bailey,david71@example.org,734-350-0204x5961,Trust,523282.59,2024-01-30
BYR-1297,Melissa,Owens,jwilliams@example.net,(324)735-1729x46722,Trust,1933388.37,2021-10-02
BYR-1298,Patricia,Gaines,colliersarah@example.com,755-639-0648x15966,Individual,578153.0,2021-06-04
BYR-1299,Robert,Shaw,qkim@example.org,(838)540-9353,Investor,2266763.82,2022-11-20
BYR-1300,Sherri,Walter,dcole@example.net,(758)395-4658x7308,Investor,2037290.75,2022-12-02
BYR-1301,Jeremy,Washington,scottdurham@example.com,+1-286-871-5623x3474,Individual,652332.76,2020-08-31
BYR-1302,Christian,Lopez,josephbennett@example.com,(667)212-0615,Individual,1348759.51,2020-03-12
BYR-1303,Brian,Morgan,kpope@example.net,419.587.8438,Investor,645233.01,2020-01-25
BYR-1304,Laura,Franco,wrightdeanna@example.com,001-374-949-3713,Individual,1405501.6,2023-04-08
BYR-1305,Rhonda,Webster,kstevenson@example.com,584-852-3102,Individual,2230622.69,2020-06-16
BYR-1306,Steven,Estes,mezajason@example.org,(480)894-0572x188,Individual,1856294.74,2021-12-08
BYR-1307,Alejandro,Thomas,qtaylor@example.net,001-775-553-4959x13669,Investor,2777808.53,2019-10-31
BYR-1308,Daniel,Hanson,flemingmarcus@example.net,001-578-827-3112x01505,Corporation,317833.91,2022-11-09
BYR-1309,Thomas,Browning,xjohnson@example.org,698-801-6507,Investor,2220369.76,2023-11-24
BYR-1310,Denise,House,bensonshelly@example.net,588-429-6782x009,Individual,2095022.29,2021-08-14
BYR-1311,Marc,Foley,xmorrison@example.net,+1-480-258-5465x649,Individual,1438318.7,2023-08-05
BYR-1312,Elizabeth,Tate,pamela75@example.org,+1-724-923-7778x554,Trust,465218.94,2022-08-31
BYR-1313,Ricky,Wright,vnelson@example.org,588-810-2428,Corporation,2201619.39,2020-12-14
BYR-1314,Nancy,Gonzalez,john46@example.org,636.237.7397x570,Individual,,2021-08-15
BYR-1315,Jamie,Morris,eblankenship@example.net,(460)601-7889x76651,Investor,1247045.7,2019-03-31
BYR-1316,Erica,Grimes,katieodom@example.net,001-922-413-7148x5281,Individual,2653587.25,2021-07-26
BYR-1317,Kathleen,White,stephanie08@example.org,702.954.8635,Trust,2020076.6,2019-02-03
BYR-1318,Rebecca,Boone,samanthaholt@example.com,741-816-6480x4897,Investor,1582898.97,2020-03-20
BYR-1319,Mary,Benjamin,jonesaaron@example.com,001-322-673-3634x7371,Individual,336918.41,2020-02-18
BYR-1320,Luke,Hopkins,christinabates@example.com,(913)678-3690,Investor,260447.78,2021-10-23
BYR-1321,Lee,Cole,lindajames@example.org,7639246341,Investor,,2024-06-11
BYR-1322,Sierra,Diaz,bmarquez@example.net,(633)206-7271,Individual,880309.06,2019-12-05
BYR-1323,Stacey,Murray,ronald84@example.org,+1-749-545-5167,Investor,1667327.46,2023-03-18
BYR-1324,Emma,Shelton,larry92@example.net,+1-454-928-6538x3818,Individual,1603105.34,2023-12-26
BYR-1325,Brianna,Scott,,756.917.6939x880,Investor,2606542.27,2023-06-16
BYR-1326,Angela,Brown,craighuber@example.net,+1-536-536-9028x04845,Individual,408101.63,2022-01-30
BYR-1327,Lisa,Willis,usullivan@example.org,949.859.6039x974,Individual,1184199.84,2023-03-07
BYR-1328,Barbara,White,johnstonrichard@example.com,242.372.0115x361,Trust,2179711.84,2022-08-21
BYR-1329,Margaret,Johnson,emily62@example.net,(577)715-4912x86567,Individual,,2019-05-20
BYR-1330,Jacob,Miller,kwashington@example.com,903.593.4073,Investor,1713286.02,2019-02-05
BYR-1331,Emily,Romero,wandapeters@example.net,+1-452-740-6245x14806,Individual,2737919.54,2021-08-09
BYR-1332,Rebecca,Park,jessica62@example.net,759.939.0853,Individual,396185.15,2023-08-12
BYR-1333,Clifford,Phillips,knightkelly@example.com,534-717-1377x3251,Individual,836723.39,2021-10-14
BYR-1334,Matthew,Baxter,lindsey65@example.com,379.538.7625x0706,Investor,,2020-10-06
BYR-1335,Marissa,Hayes,megan27@example.com,(790)882-3723,Individual,1063294.84,2022-01-04
BYR-1336,Laura,Paul,jason36@example.org,001-242-291-0669,Investor,,2021-12-09
BYR-1337,Carla,Sanders,ochoamatthew@example.org,390-860-2094x7231,Investor,,2019-04-12
BYR-1338,Dana,Hernandez,,+1-816-309-9182x1294,Individual,1089794.7,2020-11-05
BYR-1339,Erika,Wiley,jwalker@example.org,940.650.5028x587,Individual,409508.59,2021-07-17
BYR-1340,Adriana,Pruitt,kmiller@example.net,001-473-440-2892x303,Individual,2287174.61,2019-08-09
BYR-1341,Jennifer,Snyder,christopherwalton@example.net,001-487-749-3065x5921,Trust,,2023-07-09
BYR-1342,Darius,Fisher,alyssa21@example.net,001-678-243-8371x76471,Investor,2288553.63,2023-11-02
BYR-1343,Mark,Reeves,cgarcia@example.org,941-710-0524x36754,Individual,1665005.53,2022-10-17
BYR-1344,Karen,Collier,wanderson@example.net,811.774.7002,Investor,1191870.38,2022-07-01
BYR-1345,Kristin,Peterson,bobbycunningham@example.net,3147773779,Corporation,,2024-06-04
BYR-1346,Felicia,Castillo,robersonsamantha@example.org,314.379.5647x079,Individual,371021.91,2021-06-10
BYR-1347,Rebecca,Mora,tonya59@example.net,480-766-3890,Corporation,666813.94,2022-09-26
BYR-1348,Adrian,Mays,lespinoza@example.org,+1-475-555-2827x2566,Individual,2668520.71,2020-06-07
BYR-1349,Beth,Heath,,(832)386-3027,Individual,504623.04,2020-12-09
BYR-1350,Jessica,Wilson,eric07@example.com,+1-306-565-4253,Individual,1238625.48,2022-04-11
BYR-1351,Barry,Edwards,erin85@example.net,6417735876,Individual,,2024-03-05
BYR-1352,Candice,Hodge,derrick91@example.com,958-709-3975x8530,Investor,982962.56,2024-05-28
BYR-1353,Andrew,Gonzalez,michael10@example.net,+1-428-789-8372x7573,Individual,2583074.53,2024-02-27
BYR-1354,Frank,Cabrera,barbarafigueroa@example.net,+1-517-355-0461x2310,Trust,1949168.91,2019-05-14
BYR-1355,Ashley,Rhodes,vazquezkenneth@example.org,001-730-378-5501x043,Individual,2541122.85,2023-10-05
BYR-1356,Wesley,Costa,johnconner@example.org,001-452-750-8366,Individual,2372231.69,2023-02-28
BYR-1357,Jennifer,Holder,oscarmorris@example.net,(518)678-6578,Individual,,2023-08-11
BYR-1358,Olivia,Mitchell,gatesjanet@example.net,452.523.0071,Investor,1042026.64,2023-07-13
BYR-1359,Nicole,Moss,newmanmadeline@example.net,468-388-5956x9047,Trust,333951.67,2023-05-02
BYR-1360,Diana,Stewart,watersjennifer@example.net,308-445-4354,Individual,2944972.88,2023-08-27
BYR-1361,Amy,Fleming,quinnthomas@example.com,(694)311-6050x61991,Individual,2197273.6,2021-06-25
BYR-1362,Robin,Scott,ehart@example.net,+1-961-844-3017,Individual,1271842.06,2020-05-07
BYR-1363,David,Adkins,jwalker@example.org,001-929-293-0123,Trust,,2019-12-07
BYR-1364,Joseph,Pope,,+1-874-653-9616x113,Investor,162287.56,2021-04-01
BYR-1365,Daniel,Alvarado,williamswilliam@example.org,(299)399-7247,Trust,449704.51,2020-02-05
BYR-1366,Dave,Miller,ithompson@example.org,615.911.1303x83030,Trust,1522926.76,2019-12-04
BYR-1367,James,Garcia,zbrandt@example.net,916.744.8212,Corporation,503957.57,2021-02-03
BYR-1368,Kristin,Garcia,underwoodkaren@example.net,545-937-0037x22755,Investor,1966753.62,2023-12-06
BYR-1369,Tammy,Turner,taylorjoseph@example.org,001-541-882-2213x060,Investor,1488609.7,2020-09-16
BYR-1370,Evan,Davis,coryclayton@example.net,001-400-201-4180x537,Individual,2577376.21,2023-11-09
BYR-1371,Nathan,Bennett,iwilson@example.org,2538301528,Corporation,318641.45,2019-01-23
BYR-1372,Theodore,Weaver,tyronediaz@example.com,001-602-433-5338x387,Investor,1608000.29,2020-03-20
BYR-1373,Chad,Lee,qfuentes@example.net,+1-965-887-4857x46257,Investor,1882241.67,2023-07-13
BYR-1374,Sandy,Tyler,stricklandbrandon@example.net,+1-997-588-3034,Individual,,2019-03-06
BYR-1375,Billy,Davis,craiggoodwin@example.com,577.229.1632,Individual,2345789.55,2021-08-12
BYR-1376,Brian,Smith,huffmanann@example.net,8782125287,Individual,2836260.22,2022-11-04
BYR-1377,Stacy,Ramirez,ltaylor@example.org,(593)833-8265,Investor,,2023-08-03
BYR-1378,James,Moore,uwalker@example.org,+1-375-623-7666,Trust,2752217.52,2021-04-13
BYR-1379,Stephanie,Bean,,8266708140,Individual,169564.39,2019-09-06
BYR-1380,Christopher,Thomas,smallsharon@example.com,(957)484-0810,Individual,2607935.84,2021-12-14
BYR-1381,Erin,Farrell,ajohnson@example.net,(888)478-2524x18523,Individual,1364716.53,2023-05-05
BYR-1382,Joel,Zimmerman,ambermoody@example.org,268.653.7919,Trust,1737826.45,2022-01-03
BYR-1383,Rodney,Shaw,joshuadelgado@example.net,530.435.5095x74855,Individual,2583423.82,2022-09-09
BYR-1384,Anthony,Wolfe,sanchezcharles@example.com,828-528-3104x7693,Investor,,2021-09-16
BYR-1385,Whitney,Carlson,hartangela@example.net,216-756-5988,Investor,1683966.56,2024-06-21
BYR-1386,Joseph,George,davisangela@example.org,001-621-360-5179x817,Investor,2049453.19,2023-12-11
BYR-1387,Jacob,Russell,jesse14@example.com,377.508.0334x5941,Investor,2819038.52,2021-05-08
BYR-1388,Kevin,Boone,oneillgregory@example.com,(328)568-5095x55714,Individual,2276362.94,2019-07-05
BYR-1389,Katie,Palmer,michaelgross@example.net,8068583475,Individual,1483135.46,2022-09-12
BYR-1390,Tina,Miller,tyler17@example.org,236.402.9925x404,Individual,414909.96,2022-07-03
BYR-1391,Anthony,Melton,daniel96@example.org,5444839701,Individual,2932594.75,2020-07-02
BYR-1392,Natalie,White,qcameron@example.net,+1-233-742-0601x20902,Investor,2835421.51,2021-07-01
BYR-1393,Lydia,Shelton,reneemitchell@example.net,+1-214-864-1221,Investor,,2019-01-15
BYR-1394,Jeremy,Ortiz,,+1-637-754-2599x31708,Individual,274416.99,2019-09-01
BYR-1395,Colin,Flores,mitchellkyle@example.com,+1-438-753-6062x662,Investor,950558.18,2023-07-23
BYR-1396,Anna,Avila,rodriguezdavid@example.net,325-645-4996,Individual,340161.18,2020-01-31
BYR-1397,Natalie,Barry,craig30@example.org,737.269.2944,Individual,2234629.48,2021-01-03
BYR-1398,Richard,Berry,,987.299.7224x23939,Individual,2020767.87,2021-01-10
BYR-1399,George,Williams,kimberlysingleton@example.net,001-851-340-7888,Individual,209489.0,2023-02-12
BYR-1400,Jessica,Moyer,boydapril@example.com,572.839.0442x79721,Investor,888555.06,2019-08-27
BYR-1401,Stephen,Allen,gmartinez@example.com,+1-425-376-1058,Individual,275519.96,2020-05-05
BYR-1402,James,Ferrell,lauren41@example.org,001-844-388-7288,Individual,,2020-09-18
BYR-1403,David,Norman,reesemichael@example.org,(871)314-8451,Individual,759235.36,2020-04-02
BYR-1404,Nicole,Trujillo,brandon15@example.org,001-311-471-3300,Individual,292509.64,2021-11-11
BYR-1405,Carrie,Glover,brendavaldez@example.org,+1-480-917-3493,Investor,937724.79,2020-07-26
BYR-1406,Tanya,Holmes,timcruz@example.com,001-522-842-9525x906,Individual,2365902.15,2022-07-29
BYR-1407,Matthew,Jenkins,vwashington@example.org,(609)322-6691,Individual,2924606.35,2021-10-28
BYR-1408,Candice,Mclaughlin,dwilson@example.com,692.476.8348x84990,Investor,1148972.86,2022-12-04
BYR-1409,Donald,Baker,conradjack@example.net,001-247-755-2066,Individual,,2021-05-22
BYR-1410,Mark,Brown,amandawang@example.org,739-458-2484,Investor,1573618.62,2021-09-09
BYR-1411,Lucas,Foster,kthomas@example.com,+1-462-361-8665,Individual,,2021-04-02
BYR-1412,Andrew,Smith,kristin17@example.com,900-747-3295x138,Investor,2155969.17,2020-12-20
BYR-1413,Riley,Cox,martinezelijah@example.net,587.233.8068,Individual,1163631.96,2020-03-23
BYR-1414,Daniel,Medina,pphillips@example.org,853-375-9293x940,Individual,1382856.5,2019-05-05
BYR-1415,Kimberly,Moss,cynthiawolfe@example.net,8089629759,Individual,302750.64,2023-02-03
BYR-1416,Brian,Paul,,001-667-389-4904x9406,Individual,2600408.78,2020-11-07
BYR-1417,Gregory,Weber,,001-653-787-8079x2131,Investor,2055453.33,2020-05-18
BYR-1418,Tyler,Miller,solomongreg@example.com,+1-227-755-6467,Individual,696936.83,2024-02-27
BYR-1419,Matthew,Gardner,anthony50@example.org,736-555-7837,Investor,2002132.83,2020-03-12
BYR-1420,David,Castaneda,hayescorey@example.net,812-852-0875x10272,Individual,,2022-04-23
BYR-1421,Chad,Duncan,ericandersen@example.net,001-631-308-7201x18315,Individual,798129.26,2020-04-11
BYR-1422,Harold,Perry,paige32@example.net,646.498.9934x20888,Investor,2154375.88,2024-01-25
BYR-1423,Adam,Chang,nhudson@example.net,996.653.9144x9510,Investor,1589738.63,2021-11-29
BYR-1424,Harold,Davila,zbeasley@example.com,971.491.4651x2038,Investor,1997420.39,2022-08-08
BYR-1425,Kimberly,Brennan,vpeterson@example.net,718-486-1616x6282,Individual,1622880.9,2021-09-14
BYR-1426,Barry,Stevens,youngchristine@example.com,(654)588-7448x165,Trust,2983368.34,2023-02-03
BYR-1427,Derek,Schultz,currycynthia@example.net,001-868-540-2738,Individual,,2022-03-23
BYR-1428,Kathleen,Jones,audrey12@example.com,817-299-4874x93575,Individual,2302234.7,2022-05-28
BYR-1429,Michael,Richmond,clarkekathleen@example.org,001-995-712-7923,Investor,,2021-01-14
BYR-1430,Brian,Wood,kevin14@example.org,235-942-7645,Individual,905013.15,2022-11-16
BYR-1431,Katherine,Rodriguez,flemingvanessa@example.org,(858)672-6655,Individual,220772.65,2020-09-13
BYR-1432,Andrea,Shaffer,eric92@example.net,001-252-700-3817,Corporation,1803521.93,2022-09-01
BYR-1433,Brooke,Mclean,huangcolton@example.net,(678)754-9926,Individual,2452614.28,2020-01-03
BYR-1434,Dustin,Sharp,matthewcruz@example.org,725-810-6104x1250,Individual,265797.7,2022-04-23
BYR-1435,Anthony,Cooke,katelynsantana@example.com,494-831-0030x25502,Investor,1884076.03,2019-12-26
BYR-1436,Heather,Baker,spencer58@example.org,258.970.7290,Individual,349931.75,2023-01-20
BYR-1437,Breanna,Leonard,michaelwinters@example.org,+1-815-404-9591x309,Corporation,202235.13,2019-08-12
BYR-1438,Mary,Guzman,kevinsantana@example.net,849.213.5729x4962,Individual,710237.44,2020-04-22
BYR-1439,Jessica,Galloway,olsenlacey@example.com,432.376.4256x624,Investor,,2023-12-24
BYR-1440,Richard,Hamilton,richardstracy@example.net,796.338.1948x606,Trust,1412377.09,2019-05-24
BYR-1441,Garrett,King,qrivera@example.net,001-385-420-0859,Corporation,266712.23,2019-04-09
BYR-1442,Madeline,Williams,,795.215.9274,Individual,,2020-07-02
BYR-1443,Nicole,Nunez,bryce73@example.net,001-213-329-1135x907,Individual,629027.66,2020-01-24
BYR-1444,Alexandra,Russell,boydjeremy@example.net,586.481.2499,Investor,,2019-12-06
BYR-1445,Roberto,Taylor,lisataylor@example.net,515.699.9567x02482,Individual,1470213.44,2024-04-20
BYR-1446,Norman,Lawson,joneslauren@example.com,602.888.1583,Individual,704160.12,2023-09-15
BYR-1447,Matthew,Wells,yvettesmith@example.com,+1-477-475-1508x4855,Individual,717942.8,2022-02-01
BYR-1448,Debbie,Hamilton,daniel40@example.net,792.883.9373x3459,Investor,2479266.91,2022-07-28
BYR-1449,Shane,Gordon,belindarichardson@example.org,(933)777-1062,Individual,2062394.01,2023-01-18
BYR-1450,Phyllis,Peterson,jamesmary@example.org,9777883967,Individual,2895606.48,2023-08-14
BYR-1451,Christine,Chan,harry00@example.net,940-249-1904x916,Individual,1621224.59,2021-04-25
BYR-1452,Michael,Tran,patrick92@example.net,001-304-236-0455,Individual,,2020-03-18
BYR-1453,Tammy,Roberts,athomas@example.org,(812)296-0132x467,Investor,690227.31,2022-08-19
BYR-1454,Richard,Bradley,mariah99@example.net,(584)706-4021x374,Individual,2795627.69,2024-02-12
BYR-1455,Martin,Davila,suttondaniel@example.com,001-267-612-8161,Investor,946314.27,2024-01-14
BYR-1456,Robert,Craig,padillacarrie@example.net,634-691-5166,Individual,1275075.25,2021-01-29
BYR-1457,Kendra,Jackson,shawnhogan@example.net,+1-268-392-2930x6822,Trust,1085033.67,2020-06-06
BYR-1458,Kelly,Spencer,kevinrobinson@example.com,975-314-7607,Individual,899654.22,2023-11-09
BYR-1459,Amy,Martinez,fostergary@example.net,+1-826-870-4077,Individual,651170.77,2022-11-04
BYR-1460,Shelley,Davenport,lblankenship@example.net,001-693-552-2591x0067,Individual,580644.45,2023-10-19
BYR-1461,Martha,Mclaughlin,mcdanielstephanie@example.com,(982)704-0529x82616,Individual,,2019-02-02
BYR-1462,Christina,Smith,hannahle@example.net,+1-568-433-3476x09656,Individual,2571558.71,2022-10-17
BYR-1463,James,Wallace,helliott@example.com,001-201-991-6440x9383,Trust,2068970.78,2022-05-15
BYR-1464,Patrick,Smith,jaime96@example.net,+1-752-813-4798x867,Individual,1919423.1,2020-07-11
BYR-1465,Walter,Frederick,amberbrown@example.com,614-779-4599,Investor,,2019-09-09
BYR-1466,Brandon,Butler,michelle85@example.org,604-650-1338x9790,Corporation,2446249.55,2021-12-14
BYR-1467,Manuel,Bradley,breynolds@example.com,5358335430,Individual,556353.21,2020-11-13
BYR-1468,Pamela,Humphrey,christina83@example.com,282-563-6071x37326,Individual,566659.74,2021-02-04
BYR-1469,Emily,Garcia,ehickman@example.com,001-821-828-3190x637,Investor,380347.05,2021-03-12
BYR-1470,Charles,Wilkerson,daveedwards@example.org,6185421177,Individual,281196.69,2020-02-18
BYR-1471,Steven,Diaz,larrylogan@example.net,+1-457-729-0308,Individual,1102507.33,2021-10-29
BYR-1472,Jesse,Case,martinezzachary@example.net,560-223-1594,Individual,472599.26,2021-11-20
BYR-1473,Brittany,Garcia,tamara96@example.net,+1-535-379-1292x35852,Individual,1384816.38,2022-12-18
BYR-1474,Kelsey,Cox,djohnson@example.org,697-304-9540,Corporation,394462.39,2019-06-17
BYR-1475,Andrew,Krause,joseph24@example.com,+1-522-236-9594x81712,Individual,,2021-07-08
BYR-1476,Paul,Brown,barkerlindsey@example.net,+1-968-550-0260x663,Individual,2350979.03,2023-04-12
BYR-1477,Randy,Reyes,gbryant@example.com,+1-222-586-4790x562,Individual,2445263.0,2019-10-07
BYR-1478,Robert,Aguilar,aturner@example.com,(646)834-1463,Individual,2426066.67,2020-03-30
BYR-1479,Lisa,Owens,thomas01@example.net,722.297.4424x0970,Individual,1811358.26,2023-01-31
BYR-1480,Evan,Moore,deleonjacob@example.org,+1-485-290-4643,Individual,321648.46,2023-09-10
BYR-1481,Tammy,Craig,sarahclark@example.net,+1-496-666-7229,Individual,1539750.89,2021-11-21
BYR-1482,Lauren,Watkins,melissapeters@example.net,791-308-7211x398,Corporation,1708141.64,2023-09-17
BYR-1483,Logan,Conner,swilliams@example.net,001-398-450-1199,Corporation,2900829.55,2019-06-26
BYR-1484,Nicole,Cannon,bgutierrez@example.org,001-261-519-3427x56990,Individual,,2022-03-17
BYR-1485,Gabriel,Campbell,fowlershawn@example.org,2575780305,Investor,,2021-11-26
BYR-1486,Gabriel,Conley,melissawoodward@example.net,001-862-950-3808x511,Individual,1244045.3,2019-04-18
BYR-1487,Pamela,Holt,jamestyler@example.org,001-713-628-9494x363,Investor,1127168.46,2023-03-14
BYR-1488,David,Curtis,sylvia18@example.org,+1-814-238-4740,Individual,2945170.59,2019-03-28
BYR-1489,Cory,Berry,zjenkins@example.org,+1-436-947-4621,Investor,720989.78,2023-09-24
BYR-1490,Dale,Wheeler,angel91@example.org,(515)461-3432x5880,Individual,2105031.88,2020-03-18
BYR-1491,Jeffrey,Sellers,butlerisaac@example.org,7188928111,Individual,2430278.49,2020-04-09
BYR-1492,Travis,Anthony,omichael@example.org,001-992-457-9972,Individual,,2023-12-15
BYR-1493,Raymond,Perez,,001-521-595-3808x9204,Investor,661181.94,2020-07-29
BYR-1494,William,Anderson,victor98@example.net,941.239.6439x771,Corporation,1133088.6,2023-10-31
BYR-1495,Antonio,Beard,richardskevin@example.com,350-838-1251,Individual,697088.99,2022-04-01
BYR-1496,Kristopher,Parker,,596.718.9349x81845,Trust,2571466.88,2020-07-22
BYR-1497,Donald,Gray,kellytodd@example.com,818-519-1047,Individual,268939.07,2022-08-01
BYR-1498,Elizabeth,Rice,geoffrey61@example.net,001-677-852-4674x6740,Corporation,2356998.39,2023-06-23
BYR-1499,Lee,Hicks,enelson@example.com,200.726.5968x49010,Investor,392681.17,2019-10-22
BYR-1500,Michael,Martinez,daniellerose@example.com,563-985-2619,Individual,1939095.91,2020-06-02
BYR-1501,Melinda,Vega,littleronald@example.com,001-519-250-0811x54285,Individual,2789944.11,2021-10-17
BYR-1502,Daisy,Flores,,(359)605-6716x8504,Investor,2930785.14,2020-08-29
BYR-1503,Ashley,Fox,rmiller@example.com,616-939-5294x0554,Individual,1630046.98,2021-07-17
BYR-1504,Nicole,Williams,simspatricia@example.org,297.852.6523,Individual,1353650.52,2020-10-29
BYR-1505,Mark,Clark,bernardmargaret@example.org,596-683-8761,Individual,363636.02,2020-11-23
BYR-1506,Jamie,Clark,ysantiago@example.org,(390)566-7998x317,Investor,1206498.73,2021-08-18
BYR-1507,Matthew,Parker,foxjane@example.net,(455)953-4644x7323,Investor,502228.64,2021-06-11
BYR-1508,Eric,Jackson,andrea95@example.org,001-318-526-3775x73991,Individual,1928615.87,2020-08-04
BYR-1509,James,Carr,dustinmitchell@example.com,301.925.6000,Investor,1053702.41,2020-01-09
BYR-1510,Gregory,Buchanan,duranmarilyn@example.net,(279)572-2765x8521,Individual,,2022-12-03
BYR-1511,Francis,Hill,zcastro@example.org,394-896-7618x9930,Individual,949111.47,2023-10-22
BYR-1512,Jesus,Foster,ebrooks@example.net,542-878-0635x8898,Individual,1567581.58,2020-02-03
BYR-1513,David,Floyd,nschroeder@example.com,666-828-2894x934,Investor,2563809.22,2021-04-02
BYR-1514,Erin,Henry,swansonpaul@example.org,294.409.6680x1128,Corporation,1912799.72,2024-01-24
BYR-1515,Bernard,Martinez,wrightjennifer@example.net,872-283-2845x3439,Trust,,2023-07-15
BYR-1516,Jon,Hughes,xedwards@example.net,+1-379-892-2765x9983,Individual,,2024-04-16
BYR-1517,Carlos,Riley,sullivanmark@example.net,001-995-519-5988,Individual,1061563.78,2023-08-31
BYR-1518,Patricia,Sandoval,matthew95@example.com,6557288590,Individual,,2024-03-08
BYR-1519,Justin,Reid,xporter@example.net,358.301.8386x66459,Investor,1395596.44,2019-11-03
BYR-1520,Allison,Wells,thompsontimothy@example.org,(271)364-0809x037,Individual,,2019-09-27
BYR-1521,Natalie,Garcia,sheri49@example.org,(554)625-8220,Individual,2040237.82,2020-02-14
BYR-1522,Robert,Garcia,shawnwilliams@example.org,555-215-2763x73692,Individual,2871533.79,2020-04-14
BYR-1523,James,Greer,kimberly94@example.com,001-823-909-9949x6014,Individual,1456525.31,2022-12-09
BYR-1524,Tiffany,Esparza,bkeller@example.org,001-269-853-7905x07075,Corporation,1073554.18,2020-09-18
BYR-1525,Kayla,Maldonado,bakerkim@example.org,(700)430-3614,Individual,512981.86,2022-05-04
BYR-1526,Jasmine,Duffy,lauraanderson@example.net,+1-422-647-8710x21390,Individual,578473.17,2019-01-21
BYR-1527,Kayla,Davenport,,756-241-1846x56857,Individual,,2021-10-31
BYR-1528,Joshua,Williams,catherine39@example.com,6503711186,Investor,2895451.55,2024-06-05
BYR-1529,Anthony,Hill,nicole90@example.net,001-686-933-4029,Individual,1727305.16,2019-09-04
BYR-1530,Juan,Johns,sheilawilliams@example.com,867-275-0767x66369,Investor,2133392.59,2022-02-20
BYR-1531,Deanna,Rodgers,michael11@example.org,001-525-686-1501x535,Individual,1771704.87,2020-08-02
BYR-1532,Gregory,Lester,aaron61@example.org,001-916-880-6018x146,Investor,1374774.85,2021-09-17
BYR-1533,Ronald,Edwards,jennifer21@example.org,(421)726-0083,Individual,1277855.0,2023-11-03
BYR-1534,Jon,Levy,mjimenez@example.com,(369)531-3550x97971,Investor,1446861.53,2022-04-03
BYR-1535,Jon,Neal,gpowers@example.net,495-977-9067x8193,Individual,961647.6,2023-05-23
BYR-1536,Linda,Higgins,mrojas@example.org,(721)983-0716,Individual,2922139.99,2022-08-30
BYR-1537,Clinton,Brown,armstrongkaren@example.org,482-601-4831x71760,Corporation,1326745.28,2020-04-12
BYR-1538,Sara,Wallace,,525.441.5720,Individual,1287609.59,2022-07-09
BYR-1539,Gregory,Taylor,donald70@example.net,647.523.8051x086,Individual,2810458.96,2020-10-11
BYR-1540,Dawn,Cole,sherry75@example.net,239.381.7131,Investor,1158184.07,2023-08-11
BYR-1541,Kelsey,Porter,abigail36@example.org,(845)582-8442x886,Individual,,2020-06-17
BYR-1542,Stephanie,Clark,butlerlisa@example.org,523-251-6193x542,Investor,,2022-02-27
BYR-1543,Sandra,Juarez,taramendoza@example.net,+1-663-576-7208x3024,Individual,2452339.16,2023-07-29
BYR-1544,Mike,Morales,yreed@example.net,+1-717-535-8055,Individual,1797545.26,2021-10-27
BYR-1545,Natalie,King,dakota29@example.net,3604435208,Investor,2844899.1,2023-03-06
BYR-1546,Karen,Parker,blee@example.net,001-499-661-7061x464,Corporation,2620168.96,2022-02-01
BYR-1547,Jessica,Glenn,cody37@example.com,869.284.9790x4447,Corporation,1396700.51,2020-06-23
BYR-1548,Cody,Page,zdawson@example.com,001-584-919-8114,Individual,360834.32,2020-06-25
BYR-1549,Victoria,Wall,vmccarthy@example.com,001-988-578-1600x781,Individual,2463729.96,2020-05-31
BYR-1550,Courtney,Rodriguez,johnhunt@example.net,001-273-506-8094,Individual,1700278.05,2020-05-30
BYR-1551,Bradley,Fowler,sergiomiller@example.com,751-424-9635x57139,Individual,2951824.6,2022-02-28
BYR-1552,David,Hampton,averymary@example.com,7897680019,Individual,1076851.48,2022-06-05
BYR-1553,Stephanie,James,jesse71@example.org,(554)443-1121,Investor,1426003.03,2023-09-29
BYR-1554,Sharon,Young,bryan94@example.net,(678)331-8698,Individual,1261695.11,2020-07-30
BYR-1555,Louis,Francis,brookesmith@example.org,(762)646-2739x4003,Individual,2616485.85,2021-12-25
BYR-1556,Nicholas,Robinson,theresa23@example.net,843-930-3374x3086,Individual,1781835.68,2019-06-08
BYR-1557,Theresa,Park,andrew07@example.com,254-451-1414x2336,Individual,2483404.03,2023-12-21
BYR-1558,Charles,Romero,jennifer93@example.net,+1-238-909-6342x09884,Investor,,2021-02-19
BYR-1559,Mike,Schwartz,lgross@example.net,(981)570-1994,Individual,1060982.94,2020-09-15
BYR-1560,Jennifer,Contreras,fernandezangela@example.org,+1-665-705-6454x921,Individual,2923086.18,2023-03-24
BYR-1561,Stephanie,Mayer,william83@example.org,(819)258-8850x4274,Investor,,2020-04-23
BYR-1562,Brianna,Jackson,jessicapena@example.org,327.432.8812x615,Individual,2574665.88,2022-04-14
BYR-1563,Daniel,Farley,,001-574-998-2198,Individual,1852384.47,2022-06-26
BYR-1564,Tracy,Rogers,,001-235-901-6771,Individual,,2023-06-05
BYR-1565,Nicholas,Smith,wkramer@example.com,277-747-5823x0515,Individual,349198.07,2020-01-16
BYR-1566,Taylor,Swanson,ldoyle@example.com,454.412.1300,Individual,182542.36,2023-03-13
BYR-1567,Anthony,Morgan,gonzalezcarl@example.com,2004072745,Corporation,1363350.28,2020-12-19
BYR-1568,Patricia,Vaughn,gpowers@example.com,3715005676,Investor,2884544.71,2019-04-08
BYR-1569,Patrick,Hernandez,yjohnson@example.com,001-428-231-5908x0911,Investor,161033.29,2021-11-24
BYR-1570,Christopher,Hamilton,hgraves@example.org,(909)474-2496x699,Investor,2457196.57,2020-05-25
BYR-1571,Chase,Manning,samanthadavis@example.org,(490)908-2281x95941,Trust,,2020-12-06
BYR-1572,Mark,Nguyen,tinalittle@example.com,(875)940-7997x41113,Corporation,1249400.38,2020-04-02
BYR-1573,Tanya,Decker,qfarrell@example.net,+1-769-808-1523x328,Investor,1483994.62,2020-07-23
BYR-1574,Tamara,Roberts,jessica76@example.net,(863)526-4159x700,Individual,788034.59,2020-01-22
BYR-1575,Lisa,Cole,sean39@example.org,(816)933-5981x282,Individual,295993.18,2019-12-05
BYR-1576,Melissa,Washington,tranbrett@example.org,202.622.3583x562,Individual,955819.14,2020-05-14
BYR-1577,Eric,Ritter,cranebrooke@example.net,965-849-9807,Individual,1501378.96,2022-01-10
BYR-1578,Matthew,Barajas,martinlogan@example.net,(934)713-7738,Individual,259301.36,2020-11-27
BYR-1579,Eric,Wang,zmccormick@example.org,001-619-958-3731,Individual,,2021-05-03
BYR-1580,Haley,Moody,jonesamber@example.com,001-462-266-9723x33639,Individual,2201630.38,2019-07-22
BYR-1581,Jared,Rios,lburns@example.com,2629542815,Individual,1614706.97,2020-05-04
BYR-1582,Jon,Garcia,,270.603.9532x5274,Trust,2036061.17,2019-08-17
BYR-1583,Heather,Farmer,qmiller@example.net,(733)936-6685x5611,Investor,1241092.82,2020-11-29
BYR-1584,Tyler,Foster,katie33@example.com,809.928.1296x8575,Individual,2884048.34,2020-10-07
BYR-1585,Michael,Brooks,,601.970.3673x1080,Individual,1705991.51,2022-06-15
BYR-1586,Sarah,Washington,ethanmccormick@example.org,(646)213-4212x810,Corporation,362417.56,2021-06-08
BYR-1587,Kevin,Douglas,,(483)777-2567x2492,Individual,1921872.13,2024-01-10
BYR-1588,Judith,Bailey,caldwelljasmine@example.org,756.212.0476x8664,Investor,1496569.27,2021-08-06
BYR-1589,Heather,Rodriguez,ymcdonald@example.net,(640)849-9328x9262,Trust,2380660.2,2019-01-16
BYR-1590,Alexander,Pearson,sarahrobinson@example.com,4098915028,Investor,2680779.51,2023-03-09
BYR-1591,Kimberly,Butler,masonjoshua@example.com,948.325.6499,Individual,2720878.45,2021-04-09
BYR-1592,Andrew,Fuller,john06@example.org,+1-385-829-2399x85291,Investor,874762.18,2023-10-08
BYR-1593,Randall,Dillon,reneemartinez@example.com,001-691-441-2968x083,Corporation,,2021-06-20
BYR-1594,Joshua,Mccall,christian11@example.com,248-933-2020x477,Individual,1378562.1,2023-07-24
BYR-1595,Laura,Miller,nvasquez@example.org,598.453.7798,Individual,312569.61,2020-03-31
BYR-1596,Cameron,Stevens,bsmith@example.org,+1-718-684-7980x52922,Corporation,2895887.96,2019-09-18
BYR-1597,Ashley,Freeman,danagonzalez@example.com,(423)493-2453x66387,Individual,2574498.21,2022-08-15
BYR-1598,Mary,Wilson,brian98@example.org,6757833184,Individual,,2023-07-07
BYR-1599,Ryan,Roberts,uwilliams@example.net,2958225387,Trust,847259.92,2020-04-04
BYR-1600,Robin,Bass,morrisonlisa@example.org,001-280-589-5756x70227,Individual,973230.1,2020-09-18
BYR-1601,Laura,Bowen,brittany43@example.com,+1-346-407-8935x4258,Individual,1349887.42,2022-08-14
BYR-1602,Bradley,Boyd,lewiscaroline@example.org,860.887.0985x019,Individual,2588910.44,2023-10-11
BYR-1603,Kenneth,Allen,janet08@example.net,+1-308-231-0510x151,Trust,1018217.98,2023-08-29
BYR-1604,Philip,Lindsey,avilalori@example.org,319.776.6049x19132,Individual,2983870.76,2020-02-24
BYR-1605,Kara,Love,dawn54@example.org,655.473.1221,Trust,2099195.61,2024-01-02
BYR-1606,Victoria,Velasquez,rachel14@example.net,7889180297,Individual,584644.59,2021-06-20
BYR-1607,Justin,Charles,kimberlycox@example.net,(601)475-6476,Individual,226429.85,2019-03-17
BYR-1608,Leslie,Andrade,vdavis@example.com,301-705-8670x58094,Investor,2825474.1,2019-02-10
BYR-1609,Richard,Jimenez,castronicholas@example.org,(873)669-0145x3591,Investor,172919.67,2020-11-07
BYR-1610,Joe,Jackson,hudsoncrystal@example.com,408.556.2924,Investor,,2021-09-08
BYR-1611,Roger,Ryan,vrodriguez@example.org,434.630.1201,Investor,1419624.67,2023-02-20
BYR-1612,Kristen,Smith,gonzalesivan@example.net,(792)509-2527x424,Trust,194984.11,2020-09-03
BYR-1613,Jason,Hernandez,cortezcameron@example.com,001-446-477-4337x75614,Individual,2042587.99,2022-02-23
BYR-1614,Jennifer,Goodman,crystaljohnson@example.org,968-629-0916x0739,Individual,,2022-08-09
BYR-1615,William,Gonzales,lthomas@example.org,+1-582-940-3073,Individual,2248215.0,2023-11-26
BYR-1616,Sharon,Allen,dunlapriley@example.com,(421)305-8168x70707,Individual,1825044.84,2024-06-25
BYR-1617,Michelle,Wolf,markhaynes@example.org,001-668-448-7786x34018,Investor,642120.89,2023-08-06
BYR-1618,Heather,Thomas,mary23@example.org,+1-985-343-7601x140,Investor,,2020-03-10
BYR-1619,David,Garcia,michelledunlap@example.com,(858)424-1408x808,Investor,2501283.16,2019-07-07
BYR-1620,Scott,Snyder,miranda93@example.net,001-630-661-5311x247,Individual,1104821.58,2019-12-07
BYR-1621,Jeffrey,Young,simsglenn@example.org,+1-942-918-5144x41914,Individual,2492363.1,2023-01-06
BYR-1622,James,Robinson,greenjackson@example.net,(644)887-2502,Individual,1196625.37,2021-03-16
BYR-1623,Douglas,Fisher,johnsonapril@example.org,761.256.0383x414,Individual,505893.96,2021-11-08
BYR-1624,Kristin,Sanchez,clarkjeffrey@example.com,559-378-0037x764,Investor,,2024-05-02
BYR-1625,Sheryl,Garcia,brian52@example.net,(285)905-4726,Individual,2970591.26,2020-09-13
BYR-1626,Corey,Smith,ehoffman@example.com,470.462.6158x1123,Individual,2894923.82,2023-09-25
BYR-1627,Jerome,Adams,tiffany49@example.net,001-777-482-3012x3539,Corporation,,2023-04-04
BYR-1628,Joshua,Montoya,christophermatthews@example.com,348-227-5064,Individual,797284.97,2021-06-22
BYR-1629,Julie,Gardner,james49@example.com,001-772-798-9422x0022,Investor,680824.9,2019-01-06
BYR-1630,Sophia,Lloyd,guzmankyle@example.org,694.744.4685x175,Individual,,2019-03-07
BYR-1631,Laura,Matthews,tjenkins@example.org,343.438.9760,Individual,1108330.81,2021-05-01
BYR-1632,Christy,Burns,diana17@example.com,001-926-466-8585x92658,Individual,2052084.52,2021-02-10
BYR-1633,Elizabeth,Snow,jenningssandra@example.org,(802)576-6410x05852,Corporation,2361680.06,2020-01-31
BYR-1634,Amy,Mays,vaughntanner@example.org,509-598-3795,Individual,1742065.31,2019-06-14
BYR-1635,Stephen,Meyer,stephanie62@example.com,994.658.8308x4241,Individual,790275.52,2022-12-07
BYR-1636,Donna,Duffy,vargaskellie@example.net,(237)961-3338x1980,Individual,137076.88,2022-10-25
BYR-1637,Thomas,Velasquez,dale60@example.org,+1-877-270-9204,Individual,2748379.87,2020-07-24
BYR-1638,Candace,Carter,mcbridecharles@example.net,001-528-728-5425x328,Individual,,2024-01-26
BYR-1639,Robert,Murray,vgeorge@example.com,(621)708-0542x770,Individual,2590365.65,2021-05-01
BYR-1640,Christina,Castillo,mckinneybenjamin@example.com,+1-659-452-7105x00265,Individual,2547916.08,2022-11-02
BYR-1641,Paul,Simpson,omartin@example.com,001-868-526-9976,Individual,2428907.46,2020-04-26
BYR-1642,Laura,Evans,robin57@example.net,458.652.0355,Individual,1102502.64,2023-12-14
BYR-1643,Mary,Baldwin,leerobin@example.org,944.200.0672x8654,Investor,107409.17,2023-07-05
BYR-1644,Ashley,Sanders,heatherwilson@example.net,001-590-644-9405x50010,Individual,2624186.69,2022-03-25
BYR-1645,Heather,Carlson,chadwilson@example.net,001-581-504-1344x7468,Individual,2303564.99,2021-02-15
BYR-1646,Francisco,Aguirre,vwashington@example.com,(478)555-1334,Individual,268971.95,2019-10-30
BYR-1647,Amanda,Berger,janetmiller@example.com,+1-510-806-3828x1819,Investor,,2021-10-27
BYR-1648,Laurie,Gonzalez,amber61@example.org,+1-666-281-6780x4463,Individual,1004433.06,2019-01-21
BYR-1649,Regina,Miller,arroyokathleen@example.org,597-748-9169x7605,Investor,571611.72,2022-08-07
BYR-1650,Jesus,Trujillo,kleinandrew@example.net,001-586-816-6933x49884,Corporation,305757.23,2020-02-25
BYR-1651,Alison,Nichols,paul36@example.net,464.393.9996x978,Corporation,2766995.07,2019-01-16
BYR-1652,Sharon,Joyce,caitlynwilson@example.org,489.200.5447,Investor,1314076.76,2021-05-14
BYR-1653,Diana,Young,pnelson@example.com,422-622-8929x905,Trust,2380653.36,2021-06-05
BYR-1654,Gilbert,Pearson,christineharris@example.com,(462)938-7291x05003,Individual,466183.41,2022-07-12
BYR-1655,Thomas,Holt,stephaniewilson@example.net,837.949.5698,Investor,1897485.95,2020-05-04
BYR-1656,Gerald,Williams,carrillocharles@example.com,(778)304-2923,Investor,,2024-04-25
BYR-1657,Jacqueline,Campos,justinmeyer@example.com,001-907-560-4836x2309,Investor,1344507.99,2021-05-13
BYR-1658,Robin,Alexander,justin26@example.net,+1-602-945-9115x03355,Corporation,2018731.12,2020-08-26
BYR-1659,Amanda,Hansen,dianacooper@example.com,(554)602-5488,Individual,1254787.76,2019-12-29
BYR-1660,William,Ayala,thomaserin@example.com,+1-307-855-9997,Individual,1157706.89,2022-06-26
BYR-1661,James,Meyer,,750-431-5099,Investor,2228563.64,2021-10-30
BYR-1662,Melissa,Phillips,mark26@example.com,269.466.0958x9855,Trust,,2020-09-30
BYR-1663,Dana,Chandler,ywilliams@example.org,9123595810,Individual,912928.24,2020-09-23
BYR-1664,David,White,bowersjim@example.net,(742)512-1976x09159,Investor,980224.19,2024-04-07
BYR-1665,Monique,Moore,fward@example.net,453-218-0319x921,Investor,,2020-04-11
BYR-1666,Marcia,Ray,barbaradiaz@example.org,001-680-864-3885x6459,Individual,1531587.54,2021-03-15
BYR-1667,Stephen,Williams,brownmichael@example.org,578-852-9664,Individual,901824.23,2020-12-03
BYR-1668,Laura,Johnston,palmerlisa@example.net,(336)302-9806x29672,Individual,703042.09,2021-02-03
BYR-1669,Ashley,Porter,gregory74@example.com,384-396-4311x350,Individual,1876599.19,2024-04-01
BYR-1670,Karen,Hester,rita33@example.com,791.827.4789,Individual,2713851.19,2020-09-15
BYR-1671,Victoria,Bartlett,youngbrandon@example.com,(252)437-8821,Corporation,2993096.18,2022-10-06
BYR-1672,Jamie,Snyder,wudonna@example.net,+1-306-995-8913,Individual,819083.43,2023-06-28
BYR-1673,Scott,Brown,hunterroberts@example.com,+1-804-818-3490x06669,Individual,814800.5,2020-07-08
BYR-1674,Courtney,Reynolds,angelmoon@example.com,(660)922-3941,Individual,1116818.09,2019-10-06
BYR-1675,Brianna,Martinez,leahleon@example.org,9085782744,Individual,2381220.21,2024-03-26
BYR-1676,Sara,Walker,wallsbrittney@example.net,960-510-5818,Individual,873364.53,2019-12-13
BYR-1677,Allen,Jordan,cynthiamartin@example.org,304.252.2145,Individual,,2019-09-08
BYR-1678,Julia,Kramer,,001-530-412-7999x6515,Individual,2816845.45,2019-08-12
BYR-1679,Matthew,Carter,brownmichael@example.net,001-881-962-9714,Corporation,1121997.96,2023-02-05
BYR-1680,Brittany,Mora,carlperkins@example.com,001-276-432-2801,Individual,,2020-09-26
BYR-1681,Carlos,Walsh,lucasesparza@example.org,(507)720-6737x1778,Individual,2314135.51,2020-06-09
BYR-1682,David,Christian,mary83@example.com,712-484-6751,Individual,,2023-12-14
BYR-1683,Martin,Mckay,fellison@example.org,+1-765-924-5059x077,Individual,2690499.7,2021-12-19
BYR-1684,Michael,Peterson,martinnathan@example.com,+1-903-603-5769x2495,Investor,1478578.99,2019-10-15
BYR-1685,Stacey,Goodman,erice@example.org,968-834-1813,Individual,2291014.31,2022-04-19
BYR-1686,Jonathan,Little,martinezzachary@example.com,411.729.7217x62089,Individual,1382622.31,2020-12-30
BYR-1687,Patrick,Jordan,ihall@example.net,398-627-8099x55886,Trust,,2021-10-29
BYR-1688,Kevin,Larson,gbell@example.net,(254)861-9379x311,Individual,938967.58,2022-03-19
BYR-1689,Brett,Duncan,rneal@example.com,(936)959-9087,Individual,449332.59,2022-04-29
BYR-1690,David,Ayers,michaelhill@example.com,950-675-1685x39682,Investor,737415.52,2023-07-16
BYR-1691,Elizabeth,Marquez,petersonjessica@example.net,(312)250-9277x686,Individual,1989582.78,2021-06-20
BYR-1692,Wendy,Brown,nicolehancock@example.com,001-824-508-7364x97118,Investor,,2024-01-08
BYR-1693,Dale,Rowe,wrighttheresa@example.net,+1-589-349-7008x1018,Investor,2904411.86,2020-03-10
BYR-1694,Brittney,Mckee,bradley83@example.com,001-367-796-6222x9297,Individual,986770.57,2020-11-02
BYR-1695,Adrian,Jacobs,jennifermartinez@example.com,673-274-6912x06694,Individual,661225.62,2022-10-03
BYR-1696,David,Escobar,ashley82@example.com,001-401-224-3896x021,Trust,233317.96,2023-12-20
BYR-1697,Cindy,Perez,jfaulkner@example.org,+1-746-815-5642x228,Individual,1042756.7,2021-12-24
BYR-1698,Susan,Smith,gainesricardo@example.com,488-487-7509,Individual,,2021-06-10
BYR-1699,David,Campbell,julie42@example.com,001-370-228-2280x4596,Investor,1701174.29,2023-12-19
BYR-1700,Mercedes,Lawrence,rickyporter@example.org,728.612.1086x4442,Trust,992011.53,2023-07-24
BYR-1701,Jennifer,Bell,mary36@example.net,001-231-339-5900x1235,Individual,909216.25,2020-01-05
BYR-1702,Annette,Coleman,ecooper@example.net,(687)393-7643,Individual,2152703.0,2020-07-08
BYR-1703,Melissa,Huang,ychung@example.com,+1-391-400-9313x9095,Individual,614496.6,2019-07-28
BYR-1704,Mark,Hunt,aware@example.org,822-390-7085,Individual,935720.0,2020-12-29
BYR-1705,James,Reed,karenhuber@example.org,923.495.7016x440,Investor,343560.04,2021-01-01
BYR-1706,Tracey,Rivera,wendyhopkins@example.com,6258357781,Individual,,2023-03-17
BYR-1707,Alexis,Pace,jennifergeorge@example.com,589.327.3774x1076,Investor,1859826.69,2022-12-30
BYR-1708,Bruce,Gardner,vickie76@example.net,(991)998-4594x59752,Individual,915198.1,2023-09-24
BYR-1709,Carl,Booker,wilsonlori@example.com,573-700-6389,Trust,643356.99,2019-05-31
BYR-1710,Stacey,Martinez,barbara39@example.net,+1-987-253-7231x636,Corporation,1949602.35,2023-10-11
BYR-1711,Kyle,Smith,,2453427771,Individual,1178351.89,2023-06-29
BYR-1712,Brian,Alexander,brittanycollins@example.com,+1-838-677-3055x8206,Individual,2306320.82,2021-06-26
BYR-1713,Mark,Perry,plester@example.net,001-471-616-1203x64876,Corporation,,2021-03-02
BYR-1714,Lisa,Ramos,cjackson@example.com,001-658-716-3428x053,Individual,1075684.23,2019-06-17
BYR-1715,Joseph,Mccormick,isaac02@example.org,001-907-612-2014x5406,Individual,,2022-06-28
BYR-1716,Matthew,Thomas,oconnellpaul@example.org,001-657-512-7441x7166,Investor,,2020-09-27
BYR-1717,Randy,Padilla,manuel95@example.org,312-513-0189x74341,Corporation,2734269.76,2024-04-02
BYR-1718,Jackson,Hanna,alfred96@example.net,615.597.2079,Investor,,2023-11-07
BYR-1719,Christopher,Burton,gmoore@example.org,564.525.2209x4975,Individual,1949027.28,2024-01-02
BYR-1720,Emily,Griffin,shepherdlaura@example.net,975-577-3706x8115,Individual,449221.5,2024-05-09
BYR-1721,James,Wilson,gutierreznathan@example.net,612.986.8741,Investor,2706285.41,2021-02-09
BYR-1722,Christina,Chavez,kayla71@example.com,+1-320-593-3324x162,Individual,,2022-01-26
BYR-1723,Troy,Hull,staceyblack@example.org,5118358271,Individual,1103578.27,2022-01-29
BYR-1724,Katrina,Palmer,kellycalvin@example.net,001-762-413-7708,Individual,1010021.52,2022-05-07
BYR-1725,Ryan,Lyons,bethany83@example.net,+1-763-371-1040,Investor,322508.96,2022-12-12
BYR-1726,Karen,Mills,zburns@example.com,5014766191,Individual,800260.98,2022-11-25
BYR-1727,Joseph,Cisneros,kingbrandon@example.org,995.271.6201,Investor,2990737.77,2021-03-28
BYR-1728,Traci,Jones,laurenward@example.com,357.237.9338x72429,Individual,,2022-04-15
BYR-1729,Eric,Pena,jonesmadison@example.org,746.977.6969,Investor,,2021-09-03
BYR-1730,Steve,Gordon,madisonmurphy@example.org,764.758.9948,Investor,,2022-07-27
BYR-1731,Jennifer,Gray,,001-362-308-0000x36399,Individual,2083580.65,2019-02-17
BYR-1732,Mary,Frederick,,268-591-2898x19150,Individual,2737915.34,2020-10-26
BYR-1733,John,Williams,laurie77@example.com,443.736.0971x1715,Individual,1647784.17,2021-04-21
BYR-1734,Alicia,Hale,foleyerin@example.net,775-381-2811x336,Investor,929799.76,2021-09-13
BYR-1735,Bonnie,Jones,mgarcia@example.net,001-577-201-9531x71424,Individual,1080311.9,2020-06-18
BYR-1736,Thomas,Avila,kristy85@example.com,(493)800-9559x274,Individual,403974.3,2021-06-28
BYR-1737,Samantha,Nelson,scottellis@example.com,(566)367-7015x40795,Individual,1368202.2,2024-04-02
BYR-1738,Sean,Soto,johnsonjacqueline@example.net,765.554.0740x52723,Corporation,,2020-04-09
BYR-1739,Tina,Thornton,kristinemalone@example.net,+1-318-853-4121x13986,Individual,,2022-06-27
BYR-1740,John,Lynch,baileywright@example.com,257-660-1465,Trust,1399326.15,2020-09-09
BYR-1741,Carolyn,Woodward,copelandsusan@example.org,(568)649-2550,Individual,611443.62,2019-03-21
BYR-1742,Michael,Thompson,anthony02@example.com,001-231-918-9798,Individual,2678487.93,2021-10-12
BYR-1743,Stacey,Scott,paul97@example.com,+1-248-582-1408x889,Individual,552739.39,2020-07-20
BYR-1744,Jack,Adams,lkennedy@example.net,283.957.6680,Individual,,2019-05-04
BYR-1745,Hannah,Ortega,mary47@example.com,706-498-9105x45528,Corporation,2572118.47,2022-06-08
BYR-1746,Andrew,Ward,hickmanalicia@example.org,513-974-7941,Individual,297318.26,2019-03-19
BYR-1747,Stacey,Robinson,housejoseph@example.org,316-622-1260,Investor,1612350.55,2019-03-02
BYR-1748,Thomas,Melendez,,+1-744-761-1861,Individual,1373808.84,2022-09-12
BYR-1749,Danielle,Mitchell,brandi76@example.org,+1-873-782-6340x16984,Corporation,1664331.42,2023-06-20
BYR-1750,Tyler,Rose,rickyferguson@example.net,+1-721-763-0992x4215,Investor,532133.02,2023-05-12
BYR-1751,Juan,Luna,vmurray@example.net,001-591-916-5275x4327,Individual,1630848.02,2020-07-06
BYR-1752,John,Haynes,gmaxwell@example.org,(797)522-9131,Individual,2026550.25,2019-09-26
BYR-1753,Adam,Bradley,caroljensen@example.org,+1-823-593-0351x84391,Individual,1076542.88,2021-09-07
BYR-1754,Amber,Hoover,esteskelsey@example.org,311.623.2300,Individual,,2021-09-15
BYR-1755,Christopher,Gutierrez,zrice@example.org,945.856.7289x67308,Corporation,1687646.16,2020-12-25
BYR-1756,Kelsey,White,uconrad@example.net,306.476.2861x12292,Corporation,2222790.33,2019-06-29
BYR-1757,Robert,Calhoun,natalie55@example.org,(268)880-0175x768,Investor,2893394.94,2023-05-31
BYR-1758,Erin,Archer,melissaedwards@example.net,227-990-3291x99169,Investor,,2023-01-14
BYR-1759,Andrew,Lopez,ryan15@example.net,(297)764-2909x59023,Individual,2300015.66,2023-12-11
BYR-1760,Todd,Chen,,(957)754-3354x70534,Individual,,2019-02-24
BYR-1761,Monica,Holmes,alexandrakramer@example.com,+1-364-721-3079x528,Individual,2274947.63,2021-10-02
BYR-1762,Daniel,Stevens,ruth86@example.net,001-787-670-5659x9380,Corporation,2283387.07,2023-01-11
BYR-1763,Seth,Schroeder,kayla96@example.net,(429)495-2693,Individual,1840607.58,2020-01-17
BYR-1764,Faith,Cortez,juliearroyo@example.org,639.615.3175,Individual,584641.19,2024-03-31
BYR-1765,Jessica,Long,trevor15@example.com,9239156544,Investor,2859226.25,2019-04-03
BYR-1766,Dwayne,Rodriguez,greerjessica@example.org,(490)460-3749,Individual,517407.59,2022-05-08
BYR-1767,Anne,Flowers,melissayates@example.com,(236)504-8368x2140,Investor,1121654.83,2022-10-14
BYR-1768,Ryan,Daniel,mackricky@example.org,4743219322,Individual,900109.48,2022-08-07
BYR-1769,Melissa,Floyd,buckleymichael@example.com,(834)418-7751,Individual,1945147.2,2021-06-30
BYR-1770,Steven,Russo,mguerrero@example.com,754-540-9728x0441,Individual,2957429.69,2023-11-24
BYR-1771,Scott,Mueller,burchmary@example.org,764.675.8834x3517,Individual,2399148.93,2021-07-18
BYR-1772,Keith,Martinez,nmeyers@example.org,406-642-0900x0012,Trust,2986906.11,2020-07-26
BYR-1773,Courtney,Bennett,,233-971-8319x068,Individual,1947662.61,2023-08-18
BYR-1774,Diamond,Herring,,531.237.8562x436,Individual,684706.43,2020-08-19
BYR-1775,Kyle,Schmitt,robertslauren@example.com,(591)830-7562x909,Individual,1011457.22,2019-10-01
BYR-1776,Cheryl,Navarro,riceeric@example.org,646-497-9758x26453,Individual,,2020-02-20
BYR-1777,Stephen,Young,sandrews@example.org,001-555-952-1250x90885,Individual,,2020-08-26
BYR-1778,James,Lopez,brittany98@example.com,(633)319-0489x917,Investor,2323245.51,2019-04-14
BYR-1779,Brenda,Nolan,angelabrown@example.com,262-768-4884,Individual,1053067.65,2022-11-10
BYR-1780,Joseph,Armstrong,wayne53@example.org,001-740-897-6663x09682,Individual,2639774.52,2023-10-13
BYR-1781,Cory,Shepherd,stanleydanielle@example.org,(424)760-1997x69284,Investor,2881760.34,2019-06-16
BYR-1782,Joseph,Morgan,mcisneros@example.com,001-800-237-3485x2155,Individual,743727.9,2021-04-10
BYR-1783,Amanda,Alvarado,wendytaylor@example.net,001-284-784-6614x4707,Investor,350871.94,2023-03-27
BYR-1784,Jeff,Brewer,zachary52@example.com,690.745.5257x7407,Corporation,2710529.02,2019-02-09
BYR-1785,Matthew,Scott,mayoeric@example.com,210.239.8778x7903,Investor,1774366.14,2021-05-09
BYR-1786,Dalton,Walsh,bobbybrown@example.net,(227)373-4069x85331,Individual,1056269.98,2023-03-11
BYR-1787,Marco,Green,fmurray@example.org,410.490.3778,Trust,1322623.79,2021-11-04
BYR-1788,Scott,Harris,fergusonjoel@example.com,436-280-2593x2349,Individual,2667335.87,2023-04-01
BYR-1789,Darius,Franklin,rebecca03@example.org,+1-893-380-3075x8294,Investor,,2022-02-10
BYR-1790,Alison,Juarez,thomasphillips@example.net,776.334.2249x41192,Individual,314371.4,2020-11-26
BYR-1791,Stephanie,Smith,heatherpark@example.net,(676)632-4857,Individual,,2020-10-08
BYR-1792,Lauren,Hall,victoriaobrien@example.net,340-421-8144x9178,Individual,1456867.02,2022-04-23
BYR-1793,Caleb,Wilson,christopherjones@example.net,5187479616,Investor,,2022-07-11
BYR-1794,Daniel,Matthews,sandramelton@example.com,001-253-918-9611x204,Investor,1513885.43,2020-12-04
BYR-1795,Ashlee,Bean,mendozakristie@example.net,206.932.3266x7490,Investor,,2024-06-04
BYR-1796,Jennifer,Holmes,david03@example.org,491.779.8653,Corporation,2929030.81,2019-01-31
BYR-1797,Melissa,Grant,jonathon29@example.com,987-870-8153,Individual,2329847.04,2021-03-21
BYR-1798,Austin,Kelley,rhondaobrien@example.com,(884)571-3331,Trust,155207.84,2022-10-06
BYR-1799,Gloria,Brooks,arthur93@example.org,001-567-338-0974x532,Individual,,2021-06-26
BYR-1800,Jennifer,Bailey,belindarusso@example.net,508.981.8321x699,Corporation,1883804.74,2019-06-16
BYR-1801,Lauren,Park,brittanyrodriguez@example.com,410-259-9504x353,Individual,2639598.13,2019-01-25
BYR-1802,Pamela,Wells,jessicanavarro@example.com,617.992.2612,Individual,,2023-01-28
BYR-1803,Anthony,Floyd,olyons@example.com,905.254.7143x359,Individual,2364456.96,2019-03-21
BYR-1804,Elizabeth,Allen,stacybaker@example.net,807.494.8960x5674,Individual,1230714.31,2019-09-23
BYR-1805,Ashley,Smith,jenniferblake@example.org,+1-834-848-0644x68838,Investor,2187091.54,2020-03-18
BYR-1806,Michelle,Oliver,iking@example.com,422.528.3645x203,Investor,,2023-12-04
BYR-1807,Daniel,Schultz,melissajackson@example.net,(241)745-6917x422,Individual,1439431.27,2024-03-31
BYR-1808,Michelle,Fisher,sanchezcynthia@example.net,837-499-3172,Individual,235079.43,2020-06-17
BYR-1809,Jeremy,Hernandez,vaughntravis@example.net,(968)563-4217x233,Individual,1195208.56,2019-03-27
BYR-1810,Keith,Juarez,mark38@example.com,001-307-781-5753x301,Investor,2009146.86,2023-04-10
BYR-1811,Jane,Mcclain,swilkins@example.com,(483)320-2474,Investor,2987412.53,2022-06-23
BYR-1812,Clarence,Garner,james10@example.com,907-444-3413x954,Individual,1129317.98,2023-12-05
BYR-1813,Christopher,Robinson,wlee@example.net,001-323-349-5493x5681,Corporation,,2021-01-07
BYR-1814,Christine,Moore,jennifercalhoun@example.net,721-426-4357x2840,Investor,,2019-03-06
BYR-1815,Paul,Williams,ohutchinson@example.net,777-467-6341x90865,Investor,,2022-09-05
BYR-1816,Marissa,Landry,fdickerson@example.net,752.380.7000x14611,Individual,1093814.02,2023-11-18
BYR-1817,Bianca,Howard,nicholasfloyd@example.com,+1-243-552-2762x3710,Individual,332001.78,2023-07-11
BYR-1818,Levi,Graves,,384.606.6199,Individual,2904797.62,2023-10-13
BYR-1819,Anthony,Matthews,jeffreydean@example.org,402.460.9587x478,Individual,1458105.66,2019-03-16
BYR-1820,Kimberly,Dougherty,connor35@example.org,4787733548,Individual,420832.89,2021-06-21
BYR-1821,Nancy,Jones,fcannon@example.org,+1-687-933-6366x557,Individual,1958145.41,2024-03-25
BYR-1822,Collin,May,,+1-367-746-1397x6108,Individual,1529961.88,2022-12-24
BYR-1823,Keith,Lowe,bwood@example.net,+1-624-219-8383x5951,Corporation,1377878.96,2023-12-28
BYR-1824,John,Cunningham,brianbennett@example.net,949-419-7672,Investor,1512773.36,2019-09-22
BYR-1825,Angela,Johnson,johnsonpaul@example.com,(970)412-4585,Individual,314294.63,2024-06-25
BYR-1826,Michael,Cervantes,robin88@example.org,+1-620-739-1643,Individual,1673402.34,2021-04-25
BYR-1827,Jessica,Thompson,jessicabradshaw@example.com,001-887-224-4677x71598,Individual,324756.96,2023-11-15
BYR-1828,Caitlyn,Mendoza,gcurry@example.net,(877)405-2973,Individual,1158491.85,2019-12-06
BYR-1829,Jason,Velasquez,walkerwilliam@example.org,364.923.0159x39252,Trust,1648657.27,2020-09-05
BYR-1830,Mark,Murphy,hernandezbill@example.com,9326673755,Individual,2312498.77,2019-05-13
BYR-1831,Katherine,Wagner,fbennett@example.net,001-998-788-9497x800,Individual,101626.52,2023-09-29
BYR-1832,Jonathon,Mcclure,johnschelsea@example.com,(411)663-0173,Investor,1518572.23,2020-04-30
BYR-1833,Douglas,Johnson,crystal33@example.net,464-370-7135x46312,Individual,327444.34,2019-05-28
BYR-1834,Thomas,Spence,ryanwells@example.com,715.738.1504,Individual,742224.91,2021-06-11
BYR-1835,Joshua,Conrad,joseph63@example.com,5952275510,Individual,277202.92,2022-11-01
BYR-1836,Kristin,Sanchez,xking@example.net,717.728.2887,Investor,1439798.16,2023-02-04
BYR-1837,Amy,Mccullough,erica41@example.org,289.643.6826,Individual,,2023-02-04
BYR-1838,Allison,Delgado,keithmcgee@example.com,(486)966-0414,Individual,748530.68,2019-07-13
BYR-1839,Mathew,Thompson,hstevens@example.net,992.684.9797,Individual,868079.7,2023-01-22
BYR-1840,Karl,Cummings,petercarr@example.net,255-288-3305,Corporation,771322.13,2023-06-04
BYR-1841,John,Elliott,lindseygomez@example.net,+1-813-960-3881x617,Individual,,2024-01-29
BYR-1842,Ashley,Anderson,sarahrandolph@example.org,001-945-674-0442x02460,Individual,1920868.17,2024-05-15
BYR-1843,Lori,Rodriguez,wrighttimothy@example.org,(329)814-0443x774,Individual,1511729.05,2019-03-12
BYR-1844,Carol,Woodard,yallen@example.net,001-393-208-8094x40834,Individual,1703538.42,2021-01-18
BYR-1845,Joseph,Franklin,bthompson@example.net,+1-311-619-1856x775,Individual,1563076.93,2019-06-02
BYR-1846,Doris,Long,jacobjoseph@example.com,798.396.1841x952,Individual,2180201.01,2021-08-19
BYR-1847,Megan,Moran,trujillodavid@example.net,(957)867-8599,Individual,2072631.91,2019-08-01
BYR-1848,Hunter,Dennis,,+1-944-712-3590x678,Individual,553221.16,2022-05-19
BYR-1849,Ronald,Mason,jeremyparks@example.org,864-768-4297x600,Individual,,2019-07-22
BYR-1850,Benjamin,Murray,cindyhendrix@example.org,993-300-9132,Individual,1008534.38,2022-03-01
BYR-1851,Vincent,French,,416.554.0987,Corporation,2427752.67,2022-09-29
BYR-1852,Connor,Hawkins,michaelmarquez@example.com,406-597-4234,Individual,,2020-06-01
BYR-1853,Melinda,Martinez,bmcintyre@example.com,(856)905-3678,Individual,,2023-05-22
BYR-1854,Jeremy,Wilson,lee75@example.org,+1-743-974-9191,Individual,2374293.47,2022-02-14
BYR-1855,Jacqueline,Brown,diazwesley@example.net,611.243.1513x101,Individual,1214528.7,2023-10-04
BYR-1856,Marvin,Chavez,scott29@example.org,509-455-1910x3720,Investor,1988437.38,2022-06-26
BYR-1857,Jerry,Dixon,jeffreyromero@example.com,598.262.4932,Individual,2267265.17,2019-09-24
BYR-1858,Christopher,Hunt,,+1-287-412-5640x8908,Investor,494779.6,2019-08-04
BYR-1859,Clifford,Campbell,kimberlymurray@example.com,001-375-773-9637,Individual,,2022-12-27
BYR-1860,Chelsea,Lyons,jessica23@example.net,(219)325-7501x40215,Individual,386618.02,2021-02-23
BYR-1861,Peter,Rogers,bbaker@example.org,001-981-593-2664,Investor,2212338.6,2020-09-04
BYR-1862,Darlene,Chang,tannermayo@example.net,(449)510-4878x329,Investor,684130.6,2024-02-14
BYR-1863,Sarah,Sanchez,csherman@example.org,(344)319-4860,Individual,1583921.61,2021-07-21
BYR-1864,Kelli,Clarke,kelly78@example.net,5292017698,Individual,526270.44,2023-03-09
BYR-1865,Tanner,Garcia,melissawilliams@example.com,313-811-1898,Individual,1665828.29,2019-03-03
BYR-1866,Daniel,Allen,mcphersonmichael@example.com,8498145948,Individual,799233.33,2019-03-12
BYR-1867,Amanda,Cohen,flopez@example.com,+1-274-906-3701x4086,Individual,1983479.82,2023-11-22
BYR-1868,Sean,Jones,ashley19@example.com,+1-484-569-5979x94114,Individual,2623087.78,2023-08-05
BYR-1869,Peter,Waters,andrewgarcia@example.com,680-813-5645,Investor,614661.0,2022-07-11
BYR-1870,Gary,Greene,tsmith@example.net,329-718-4991x1083,Individual,,2021-08-11
BYR-1871,Diane,Harris,nguyenvalerie@example.net,(373)801-3925x761,Investor,1457931.21,2019-11-19
BYR-1872,Barry,Mason,stephen42@example.net,+1-549-468-5836,Individual,,2020-06-03
BYR-1873,Luis,Schwartz,,395.396.9367x1665,Corporation,2140872.53,2020-06-24
BYR-1874,Edward,Lowery,ericshepard@example.com,8193177055,Individual,2296375.8,2021-12-03
BYR-1875,Karen,Oconnor,jessesmith@example.org,(836)261-7853x59305,Individual,504161.94,2019-10-13
BYR-1876,Douglas,Long,scunningham@example.net,001-678-623-3327,Individual,344344.94,2020-07-01
BYR-1877,Daniel,Watkins,emccarthy@example.com,998-858-2993,Investor,129696.11,2024-03-16
BYR-1878,Edward,Roberts,kayla60@example.com,447-334-2056x7955,Investor,1280701.21,2022-07-05
BYR-1879,Adam,Stafford,johnathan22@example.net,001-620-943-7246x4987,Individual,1887723.09,2022-12-29
BYR-1880,Frank,Hall,justinfisher@example.com,+1-506-379-9442,Individual,2750634.31,2020-11-15
BYR-1881,Chad,Hall,sandraphillips@example.net,001-842-515-0518x074,Individual,1153457.56,2021-06-25
BYR-1882,Valerie,Elliott,,(366)212-8776x8921,Individual,,2019-07-24
BYR-1883,Aaron,Morrow,walexander@example.net,556.249.3094x28893,Individual,2382267.85,2021-07-03
BYR-1884,Matthew,Calderon,xtrevino@example.com,888.666.1618,Individual,1512572.75,2022-07-13
BYR-1885,Courtney,Guerra,weavercindy@example.net,9578252215,Investor,2351311.32,2023-01-21
BYR-1886,Michael,Perez,wmelendez@example.net,001-615-670-5802x6265,Individual,1519171.68,2019-09-01
BYR-1887,Melissa,Kennedy,christopherbrown@example.net,284.645.3234x87335,Investor,646536.93,2024-02-09
BYR-1888,Paul,Barrera,heather48@example.net,+1-869-990-3852,Corporation,,2019-07-11
BYR-1889,Adam,Hopkins,whiteheadaudrey@example.net,+1-585-977-1411x02541,Individual,2739865.92,2023-10-28
BYR-1890,Stephen,Young,vmorrison@example.org,+1-938-909-8350,Individual,347251.63,2021-09-23
BYR-1891,Lance,Craig,palmermichael@example.net,552.350.0557x34608,Individual,556503.9,2019-05-09
BYR-1892,Rebecca,Dickerson,dgomez@example.com,868-568-0030x337,Investor,1929569.68,2024-05-01
BYR-1893,James,Young,mroth@example.net,341.802.3504x3432,Investor,,2021-09-02
BYR-1894,Julie,Reed,gabriel73@example.com,433-923-4776x5535,Individual,720530.91,2019-09-07
BYR-1895,Kevin,Williams,mariajohnson@example.com,637.261.9755,Investor,2226606.31,2022-08-27
BYR-1896,William,Myers,xherrera@example.com,750.929.9045,Individual,1325342.04,2019-09-09
BYR-1897,Edgar,Cruz,sanderson@example.org,269.947.2321x0252,Investor,2973525.26,2022-10-01
BYR-1898,Brian,Gutierrez,sandramiles@example.net,(582)574-1611x17531,Individual,1448615.61,2019-10-14
BYR-1899,Janet,Thompson,zsmith@example.org,672-845-5627,Investor,,2020-05-11
BYR-1900,Gina,Macdonald,gharris@example.com,778.490.1851x3177,Investor,,2019-05-25
BYR-1901,Jeremy,Carpenter,gomezgeorge@example.com,001-672-234-6500,Investor,212503.02,2024-03-26
BYR-1902,Rachel,Smith,pennymoody@example.com,616-250-4493x243,Individual,413387.54,2021-09-30
BYR-1903,Peter,Martinez,whitealicia@example.net,326-574-1665x90161,Individual,176438.7,2019-05-16
BYR-1904,John,Sparks,wkirby@example.net,(894)659-8061x7632,Individual,1136861.82,2019-08-07
BYR-1905,Rebecca,Lucas,jasonnewman@example.org,225-315-0470x8598,Individual,1925810.21,2019-06-14
BYR-1906,Tonya,Brandt,christinamiller@example.net,434.910.0565x968,Corporation,516373.19,2023-11-25
BYR-1907,Whitney,Dickerson,steven31@example.com,+1-324-659-8300x92767,Individual,,2022-03-06
BYR-1908,Paul,Dalton,richard22@example.net,001-375-791-2443x323,Investor,441118.32,2021-09-21
BYR-1909,Kristopher,Scott,,+1-244-682-6894,Individual,,2019-02-25
BYR-1910,April,Mason,staceyjames@example.org,427-611-1695x19884,Investor,2822885.36,2023-04-11
BYR-1911,Andrew,Porter,morenoalexander@example.org,420-783-9402,Individual,2869831.29,2020-11-24
BYR-1912,Kristy,Thompson,,001-256-567-8313x1644,Corporation,2163965.01,2022-04-04
BYR-1913,Beth,Cross,,273.655.0360x4458,Individual,2058812.79,2019-07-19
BYR-1914,Stephen,Davis,kellydominique@example.org,929.621.5457x76846,Individual,438492.26,2020-02-20
BYR-1915,Donald,Williams,,(809)988-2201x860,Investor,2811962.74,2019-08-26
BYR-1916,Mary,Moon,sierralamb@example.com,+1-695-293-2840x89939,Individual,1218830.42,2021-09-06
BYR-1917,Bailey,Miller,bridgesrichard@example.com,(545)516-0969,Investor,,2024-05-24
BYR-1918,Bradley,Reyes,katrinapatrick@example.org,439-630-7345x25366,Individual,1053615.04,2020-12-01
BYR-1919,Jessica,Johnson,aaron59@example.com,(205)863-5306x0041,Individual,1401336.42,2019-09-03
BYR-1920,Patrick,Carr,adrian84@example.net,202-817-6518,Individual,2617352.84,2022-09-21
BYR-1921,Matthew,Maynard,catherine40@example.org,+1-691-957-5347x0205,Investor,800474.31,2020-01-18
BYR-1922,Heidi,Larson,troy67@example.com,480-953-9818x55743,Investor,2822053.79,2019-03-27
BYR-1923,Elizabeth,Sanchez,francisco31@example.org,001-998-671-9886x9980,Individual,,2019-04-20
BYR-1924,Chris,Gray,gregory26@example.com,(567)559-6434,Corporation,161872.1,2020-05-24
BYR-1925,Michael,Smith,kristinlucero@example.com,001-546-846-7513x8534,Individual,1756415.74,2023-01-09
BYR-1926,Tara,Ramirez,smithtyler@example.net,276-373-4352,Individual,499438.99,2021-10-06
BYR-1927,Jennifer,Kelly,woodsamy@example.com,+1-901-663-5835x493,Individual,,2020-12-09
BYR-1928,Matthew,Simmons,lcastillo@example.net,(454)991-6155x858,Trust,613572.66,2023-01-12
BYR-1929,Elijah,Richmond,,401-775-6099,Investor,2113992.01,2022-06-19
BYR-1930,Frank,Zhang,,+1-450-210-9051x50727,Individual,851690.68,2022-09-21
BYR-1931,Brandon,Valdez,kristi64@example.com,625-694-6549x8663,Corporation,960361.96,2020-02-13
BYR-1932,Raymond,Small,turnerelizabeth@example.org,001-412-870-2282x676,Individual,,2021-03-03
BYR-1933,Andre,Salinas,colleencolon@example.net,7408222419,Individual,2634108.81,2020-04-06
BYR-1934,Robert,Ramirez,philippeterson@example.org,+1-986-503-2950,Trust,1846788.1,2021-07-06
BYR-1935,Richard,Jenkins,cwright@example.org,(787)263-0974x273,Investor,607517.63,2021-09-12
BYR-1936,Aaron,Walker,dennis50@example.net,001-218-277-5122,Individual,,2022-09-29
BYR-1937,Benjamin,Blevins,josephwilson@example.com,745.438.5353x92692,Individual,1104617.86,2023-06-24
BYR-1938,Adam,Sullivan,kimberly12@example.org,+1-440-500-9730x6510,Individual,1698121.54,2021-11-04
BYR-1939,Emily,Myers,davidsonbrenda@example.org,001-377-458-6869x323,Individual,2200242.94,2022-05-03
BYR-1940,Edward,Williams,kenneth77@example.net,+1-569-471-6421x916,Investor,,2020-01-14
BYR-1941,Johnny,Johnson,hrobertson@example.org,(934)941-0121x12578,Individual,2548365.91,2021-10-02
BYR-1942,Douglas,Kelly,dawndavis@example.net,693.349.2610x13815,Corporation,2932187.03,2020-06-27
BYR-1943,John,Diaz,lbryant@example.com,398-824-9008,Investor,1896800.07,2023-10-28
BYR-1944,Alexandra,Smith,jenniferdavis@example.org,9273716078,Investor,2510936.48,2019-08-05
BYR-1945,Ronald,Brandt,,(947)443-9582x8551,Individual,1120907.99,2020-11-01
BYR-1946,Ann,Smith,huntlaura@example.com,001-234-979-7305x7856,Individual,2393095.09,2023-10-15
BYR-1947,Amy,Mcdaniel,thomas62@example.org,834.943.4845x12947,Individual,2627408.81,2022-02-06
BYR-1948,Katelyn,Taylor,james03@example.com,252-247-8268,Investor,,2023-05-14
BYR-1949,Brian,Hart,smithrobert@example.com,001-219-577-5565x93170,Corporation,2363944.57,2020-11-16
BYR-1950,Ethan,Stewart,youngalexis@example.net,5225990395,Individual,2750386.3,2022-04-04
BYR-1951,Kevin,Smith,kara19@example.com,651-524-4787x2799,Individual,1579797.11,2019-01-12
BYR-1952,Michael,Hughes,gregorymcmahon@example.org,9824887387,Individual,2580561.3,2021-01-04
BYR-1953,Tina,Wood,jared90@example.net,(210)350-3392x53186,Individual,269650.01,2023-10-16
BYR-1954,Monica,Doyle,morsenicole@example.net,001-286-208-1224x787,Individual,1874149.13,2022-10-19
BYR-1955,Dustin,Collins,michaelporter@example.org,001-290-773-5685,Individual,1646876.58,2023-01-07
BYR-1956,Natasha,Roth,wrandall@example.com,502.435.3492,Individual,1792444.39,2021-09-19
BYR-1957,Brian,Crane,dstafford@example.com,001-629-915-8445,Individual,522533.51,2021-10-16
BYR-1958,Colleen,Garcia,perryjames@example.com,001-743-810-5890x656,Investor,2441031.58,2023-04-19
BYR-1959,Christopher,Collins,woodwardveronica@example.net,+1-212-986-0775x937,Individual,2445079.22,2020-10-24
BYR-1960,Dennis,Smith,nburton@example.com,768-516-8403,Individual,1352538.75,2023-05-07
BYR-1961,David,Bryant,beverlywilliams@example.org,444-621-3039,Individual,775629.4,2019-11-07
BYR-1962,Alexander,Davis,craigcruz@example.net,233-718-4339,Investor,1308257.17,2022-06-06
BYR-1963,Alexandra,Hawkins,johnsonnathan@example.com,(652)255-4462x63422,Individual,669756.66,2023-11-13
BYR-1964,Joel,Willis,qcantu@example.net,442.245.1393,Individual,1794110.77,2022-05-15
BYR-1965,Angela,Hurst,raymondcalhoun@example.com,001-232-938-5882x006,Individual,1116412.43,2022-12-02
BYR-1966,Stephanie,Hernandez,jeffreyclark@example.net,888.362.7818x4331,Individual,,2022-12-10
BYR-1967,Madeline,Sanchez,samanthaglover@example.org,7759542955,Corporation,2785394.98,2020-06-28
BYR-1968,Courtney,Santiago,danielparker@example.org,3076952886,Individual,1320691.71,2021-03-28
BYR-1969,Daniel,Huber,robertstanley@example.net,+1-644-436-0511x44509,Individual,698758.22,2019-05-25
BYR-1970,Todd,Carter,watkinsgloria@example.org,001-925-293-4607x1466,Individual,1757772.3,2024-04-27
BYR-1971,Michelle,Wilson,sherry50@example.com,+1-513-239-4635,Investor,1603250.79,2020-07-27
BYR-1972,Michael,Mann,ahudson@example.com,(551)441-1751,Corporation,501049.63,2021-08-26
BYR-1973,Sarah,Howard,corey07@example.org,001-317-715-4309x0461,Investor,2355283.66,2023-11-06
BYR-1974,Michael,Robertson,lindafernandez@example.net,2773541870,Individual,551056.24,2019-04-27
BYR-1975,Jessica,Williams,zwood@example.com,789-701-6671,Investor,2684132.0,2022-05-03
BYR-1976,Peter,Adams,fbaker@example.com,(657)817-2613,Individual,1624702.51,2023-12-14
BYR-1977,Joseph,King,,239-907-6433,Individual,2228249.43,2021-11-01
BYR-1978,David,Wiley,baileytanner@example.org,361-992-5129x70672,Individual,,2023-11-11
BYR-1979,Kim,Mcdonald,travisjones@example.com,(866)355-2088x3233,Individual,2749985.34,2021-04-02
BYR-1980,Roy,Brady,susan80@example.com,001-892-465-3053,Individual,115338.03,2022-07-18
BYR-1981,Jason,Miller,wrightanthony@example.com,001-891-447-5414x06402,Investor,1282404.02,2020-01-22
BYR-1982,Ryan,Villegas,zconley@example.org,207.650.4880,Individual,1948719.24,2019-01-10
BYR-1983,Jason,Williams,raymondwade@example.net,4693141811,Individual,,2020-12-19
BYR-1984,Cheryl,Smith,andersonjames@example.com,+1-748-558-0713x691,Investor,2198094.75,2024-04-24
BYR-1985,Amanda,Logan,gadkins@example.com,(911)956-7395,Individual,2176169.86,2020-02-12
BYR-1986,Wyatt,Jackson,corykelly@example.net,(355)668-9534,Individual,,2020-08-11
BYR-1987,Tina,Poole,ctaylor@example.org,(364)742-4973x863,Individual,,2023-07-07
BYR-1988,Daniel,Smith,daisy93@example.com,7082892578,Individual,2672973.3,2021-02-19
BYR-1989,Peter,Landry,john60@example.org,001-808-873-3633x50814,Investor,,2019-01-31
BYR-1990,Sue,Flores,chasemadison@example.org,466-933-2170x131,Individual,2120531.53,2023-05-14
BYR-1991,Amber,Johnson,brendan88@example.com,+1-293-976-5671,Individual,2758419.58,2022-04-22
BYR-1992,Christopher,Avila,clairewalker@example.com,001-917-247-9398x91876,Individual,1857810.55,2019-09-16
BYR-1993,Lindsay,Williams,jthompson@example.com,001-364-634-8936x323,Individual,413832.73,2023-11-26
BYR-1994,Nathan,White,ijohnson@example.com,+1-274-896-2428x540,Individual,1135483.57,2022-04-14
BYR-1995,William,Morales,hpratt@example.com,563.349.3895x85247,Corporation,1925559.03,2019-04-24
BYR-1996,Hannah,Houston,harriskathryn@example.com,001-891-997-0746x324,Investor,840305.74,2022-06-27
BYR-1997,Tanya,Thornton,zwong@example.org,276.682.5119x81763,Individual,,2022-04-21
BYR-1998,Sandra,Hill,tiffany06@example.net,001-645-465-7305x7857,Individual,2841612.95,2020-06-08
BYR-1999,Margaret,Olson,michael72@example.com,(864)254-8437,Individual,2282483.89,2021-08-12
BYR-2000,James,Anderson,,224-879-7155x9364,Individual,681733.08,2020-09-14
BYR-2001,Timothy,Huber,christopher76@example.com,707-470-2829x6898,Individual,714907.01,2020-09-21
BYR-2002,Anna,Levy,staffordjohnny@example.com,(695)497-8293x81992,Individual,1072009.81,2020-05-20
BYR-2003,Sandra,Arnold,hammondmegan@example.net,555.763.2240,Corporation,843769.86,2021-06-30
BYR-2004,Heidi,Hinton,garyphillips@example.org,4486913407,Individual,2845787.7,2022-11-07
BYR-2005,Joseph,Mccall,,+1-294-467-7504,Corporation,597062.46,2021-12-21
BYR-2006,Timothy,Bowers,leslie18@example.com,526.625.3921,Investor,1854495.43,2023-01-03
BYR-2007,Jacob,Holmes,hallmelanie@example.com,6865182594,Individual,1487713.53,2023-03-18
BYR-2008,Carolyn,Williams,kara26@example.com,001-690-830-9501x874,Individual,1384082.96,2024-06-19
BYR-2009,Joanne,Ellis,jenkinscarlos@example.net,+1-346-396-4592x91628,Individual,1785205.77,2019-09-19
BYR-2010,Rebecca,Henderson,juanhayes@example.com,801.731.5855,Individual,443346.14,2023-10-27
BYR-2011,Jeffery,Miller,marilyn83@example.org,(604)443-8638x476,Individual,900236.73,2019-10-31
BYR-2012,Eric,Powers,lharvey@example.com,508-452-0099,Investor,340666.23,2023-08-23
BYR-2013,Ashley,Walker,xbolton@example.net,429.813.6809x87949,Individual,,2020-11-29
BYR-2014,Elizabeth,Garrett,rknapp@example.org,(776)317-5504x519,Individual,,2024-05-08
BYR-2015,James,Meyer,toddbailey@example.net,425-928-0381x8985,Individual,1614433.9,2023-04-15
BYR-2016,Steven,Brown,lisa10@example.org,853-335-8809x942,Individual,2231254.08,2021-06-03
BYR-2017,Bernard,White,heidiparsons@example.com,+1-321-438-1258x1840,Trust,1023194.55,2021-11-06
BYR-2018,Amber,Snow,emorales@example.org,(676)766-4891x26621,Investor,147089.25,2022-01-17
BYR-2019,Holly,Rojas,christine32@example.com,+1-353-833-8921,Individual,1143730.47,2021-04-05
BYR-2020,Mitchell,Pena,rodgersbrittany@example.org,442-249-5774x0595,Individual,2933517.31,2021-10-30
BYR-2021,Jason,Cox,kevingriffin@example.net,8932831703,Individual,773625.38,2019-10-03
BYR-2022,Andrew,Heath,jamesrobinson@example.org,+1-402-362-9813x073,Individual,442743.86,2023-02-02
BYR-2023,Elizabeth,Conley,rburns@example.com,(252)535-9239x4892,Individual,1029871.35,2020-11-26
BYR-2024,Blake,Bowman,lalvarez@example.com,+1-445-828-5966,Trust,2836418.43,2023-02-01
BYR-2025,Stefanie,Smith,scottphillips@example.org,3164383862,Individual,1455062.21,2023-12-18
BYR-2026,Nancy,Quinn,larry67@example.com,(824)767-5939,Individual,,2019-09-01
BYR-2027,Michael,Hawkins,howardjason@example.net,5896063074,Individual,1994196.21,2019-12-17
BYR-2028,Rebecca,Schmidt,fullerkelly@example.org,656.739.4756x838,Individual,997585.43,2020-01-20
BYR-2029,Carly,Robinson,chad90@example.org,363-356-1965x26330,Individual,1074228.87,2022-05-29
BYR-2030,Sierra,Orozco,xblack@example.com,+1-257-798-7340x9608,Individual,2893841.21,2022-01-08
BYR-2031,Rebecca,Cabrera,rsmith@example.org,667.536.8167x179,Individual,1677840.91,2021-03-12
BYR-2032,Janice,Bryant,christopher40@example.com,703.589.7643,Individual,2908815.99,2023-11-23
BYR-2033,Scott,Gutierrez,dgalloway@example.net,626.884.4012x4482,Investor,396221.41,2022-02-23
BYR-2034,Christopher,Robbins,,803.757.6570x2078,Corporation,472942.73,2021-11-01
BYR-2035,Matthew,Williams,colleenrussell@example.com,200-885-6960,Individual,2689459.63,2019-04-23
BYR-2036,Robert,Wilson,walexander@example.com,(504)868-8968x767,Investor,,2019-03-19
BYR-2037,Nathan,Dalton,lisastephens@example.com,001-548-710-0810,Individual,695214.13,2019-07-30
BYR-2038,Patrick,Bauer,wstevens@example.org,+1-523-917-2044x033,Individual,,2022-05-05
BYR-2039,Kevin,Herrera,debramassey@example.org,498-834-0473,Individual,1793782.19,2023-08-13
BYR-2040,Alyssa,Nguyen,elizabeth95@example.net,+1-896-261-7923x3537,Individual,2268932.96,2021-07-09
BYR-2041,Ashley,Smith,cbrandt@example.com,502.588.3504,Investor,1909633.58,2019-06-07
BYR-2042,David,Taylor,smithcynthia@example.net,779.266.6679x597,Investor,2826541.84,2022-10-31
BYR-2043,Gregg,Morgan,coxtimothy@example.org,(509)695-0625x0129,Individual,249610.77,2024-04-04
BYR-2044,Christopher,Henderson,,426-934-3072x374,Individual,2418037.2,2023-09-11
BYR-2045,Kylie,Parker,vincent47@example.com,(783)357-1953x14245,Individual,1410464.2,2021-08-17
BYR-2046,Laura,Mccarthy,morganpittman@example.org,551.393.8458x435,Individual,380726.59,2021-09-17
BYR-2047,Danielle,Tran,jordan87@example.org,940.846.8331,Individual,696054.01,2023-03-26
BYR-2048,Susan,Hall,phyllis14@example.net,(484)515-7757,Individual,,2020-09-17
BYR-2049,Dylan,Hall,shafferbrian@example.net,440-608-7282x7270,Investor,1242570.96,2021-05-24
BYR-2050,Jesse,Black,gravescheryl@example.net,001-744-811-9042,Investor,2902192.95,2022-10-30
BYR-2051,Andrew,Burgess,masondouglas@example.net,255-764-9293,Individual,2904836.88,2023-01-10
BYR-2052,James,Pittman,michaelmartin@example.org,(501)225-8813,Individual,2575294.74,2021-12-15
BYR-2053,Julia,Warren,christineday@example.org,(265)550-4065x518,Investor,2832653.96,2022-05-08
BYR-2054,Jerry,Hall,,531-565-1949,Investor,1136772.5,2020-07-02
BYR-2055,Samuel,Richards,rebeccaclark@example.org,+1-754-297-8645,Individual,1851276.01,2019-09-27
BYR-2056,Mitchell,Long,qbauer@example.com,001-513-962-5773,Individual,2324541.32,2019-11-23
BYR-2057,Leon,Hale,davidellison@example.net,(862)981-8335,Investor,669299.81,2020-05-02
BYR-2058,Kevin,Todd,ksmith@example.net,+1-501-275-3083x951,Investor,,2019-07-10
BYR-2059,Michael,Ramos,johnsonseth@example.org,563-347-2905,Investor,2496136.01,2019-05-23
BYR-2060,Michael,Lindsey,regina82@example.org,929-864-3542x73556,Individual,2080881.55,2022-11-10
BYR-2061,Jenny,Bailey,kwalker@example.org,(720)867-2517x2641,Individual,1626692.66,2024-06-13
BYR-2062,Monica,Lopez,galexander@example.org,705-795-0967x71333,Individual,1838144.75,2024-04-07
BYR-2063,James,Roberts,alvarezerica@example.net,734-672-4631x84180,Individual,837537.68,2021-11-08
BYR-2064,Alexandria,Garcia,markflynn@example.com,531.630.0510x397,Individual,329501.9,2020-12-29
BYR-2065,Megan,Robbins,martinmark@example.net,774.490.3707,Corporation,1079911.78,2023-05-15
BYR-2066,Dylan,Rodriguez,jeffreyterry@example.com,(285)851-9053,Individual,,2021-04-17
BYR-2067,Ann,Golden,pbrown@example.net,468.393.6629x748,Individual,,2022-11-18
BYR-2068,Ryan,Page,ismith@example.net,7985046379,Investor,,2021-12-22
BYR-2069,Jade,Duncan,veronicamann@example.org,001-246-658-5042,Individual,928153.09,2023-11-10
BYR-2070,Blake,Crane,paulwilliams@example.com,827-281-3703,Individual,420405.55,2021-03-25
BYR-2071,Michael,Sawyer,robert56@example.com,001-333-385-6065x36923,Corporation,2044409.95,2020-08-26
BYR-2072,Jessica,Miller,ballrachel@example.org,8583145645,Corporation,1063073.84,2020-09-28
BYR-2073,Sarah,Cruz,balljanice@example.net,750-778-6228x7011,Individual,2916428.72,2024-03-19
BYR-2074,Luis,Martin,bhuffman@example.net,577.589.9262,Individual,2459718.23,2023-04-09
BYR-2075,Michael,Petty,apope@example.org,3205452678,Corporation,2997118.7,2020-11-13
BYR-2076,Joshua,Meyers,dbarber@example.org,8837447267,Investor,541849.56,2023-05-20
BYR-2077,Jennifer,Hamilton,jenny77@example.net,001-499-649-0616x5346,Trust,2081973.71,2022-02-10
BYR-2078,Barbara,Miller,hmoran@example.com,001-959-879-4227x015,Individual,924410.68,2021-02-21
BYR-2079,Ronnie,Fry,richard61@example.org,+1-593-325-3547x30480,Individual,1345259.46,2022-06-25
BYR-2080,Raymond,Leon,usanchez@example.com,410-644-3111,Individual,1530990.83,2019-10-06
BYR-2081,Krista,Williams,hgarcia@example.com,336-468-6464x389,Investor,2807930.28,2019-05-07
BYR-2082,Nicole,Moreno,emilyanderson@example.com,730-880-4773x290,Investor,276977.82,2019-05-01
BYR-2083,Christopher,Green,justin08@example.net,001-472-314-7476,Investor,977557.23,2022-12-10
BYR-2084,Gregory,Moore,hferguson@example.net,201.716.9016,Investor,292025.51,2019-02-21
BYR-2085,Mitchell,Hutchinson,shawn71@example.org,2388036467,Individual,2219703.89,2019-11-28
BYR-2086,Joshua,Thompson,tinajones@example.com,224-637-4610x09440,Investor,2468492.08,2020-09-03
BYR-2087,Jose,Smith,imahoney@example.org,001-705-685-8589x94141,Investor,1216181.16,2020-08-31
BYR-2088,Robert,Payne,huertastacey@example.org,826.630.5152x442,Individual,2382293.42,2019-08-07
BYR-2089,Leah,Jensen,,001-552-281-1454,Investor,2225586.66,2020-12-02
BYR-2090,Elizabeth,Smith,taylorchristine@example.net,+1-856-759-6581,Individual,1085905.78,2021-02-09
BYR-2091,Adrian,Dorsey,mark19@example.com,(532)816-9794,Individual,1267350.02,2021-04-26
BYR-2092,Jean,Mckinney,qdavis@example.org,(250)786-4382,Individual,2549039.24,2023-10-09
BYR-2093,David,Hopkins,deborah35@example.com,(301)679-6244,Trust,2395751.32,2023-07-09
BYR-2094,Troy,Gibson,jenny53@example.org,001-468-872-8981,Individual,2680145.58,2019-07-26
BYR-2095,Kelly,Smith,barnesdennis@example.net,+1-634-325-8136x75212,Individual,1561175.76,2024-03-03
BYR-2096,Alejandro,Jones,whitemadison@example.com,(230)478-8073x161,Individual,539997.08,2022-12-31
BYR-2097,Sarah,Smith,thart@example.com,001-437-712-8009x20779,Individual,2085528.32,2020-07-21
BYR-2098,Jeffrey,Espinoza,vanessa50@example.net,001-410-736-8808,Corporation,602509.72,2020-09-30
BYR-2099,Christie,Garcia,gordongreg@example.org,4405032206,Individual,2229175.01,2020-11-20
BYR-2100,Jennifer,Anderson,sandra86@example.net,001-590-476-6475x428,Individual,1801091.51,2023-09-12
BYR-2101,Jacob,Miller,taylortiffany@example.com,+1-325-283-9278x5749,Corporation,2501987.35,2023-05-23
BYR-2102,Stacey,Meadows,mclaughlinangela@example.net,461-709-9412x342,Individual,,2023-10-07
BYR-2103,Matthew,Ramirez,jessicamartinez@example.com,742-429-7474,Investor,,2021-02-16
BYR-2104,Sherry,Melendez,shannon56@example.net,(823)396-8051,Investor,1662018.56,2020-09-09
BYR-2105,Amanda,Nelson,zacharygomez@example.org,001-798-716-3180,Investor,511346.31,2021-02-12
BYR-2106,Kimberly,Rubio,vwilson@example.com,944.304.0109,Individual,1832462.65,2024-02-04
BYR-2107,Sara,Walter,travisisaac@example.net,9967684497,Individual,1391384.22,2023-04-11
BYR-2108,Rebecca,Marsh,savannah45@example.net,001-431-272-6935,Corporation,2214533.99,2019-05-28
BYR-2109,Darin,Wiley,michael30@example.net,661-374-5994x34276,Investor,1567733.76,2024-01-18
BYR-2110,Patrick,Allison,whitney08@example.net,393.827.8911,Investor,1967590.54,2022-10-18
BYR-2111,Joyce,Johnston,,(430)343-0392x857,Individual,952384.85,2021-06-27
BYR-2112,Lawrence,Alexander,dianelivingston@example.net,912.417.0355,Individual,1454576.34,2019-09-09
BYR-2113,Brian,Cuevas,brendan59@example.com,906.944.9550,Individual,2531452.75,2021-06-14
BYR-2114,Jesse,Mcgee,jamesmyers@example.com,282-488-5807,Investor,1147766.65,2019-07-22
BYR-2115,Nicholas,Johnson,robbinsrussell@example.net,001-387-724-2616,Investor,1690505.93,2020-04-19
BYR-2116,Mark,Anderson,rodriguezscott@example.org,680-878-8793x8082,Individual,1736879.18,2022-11-18
BYR-2117,Sherry,Mcgee,leedaniel@example.com,432-217-6734,Individual,1665239.44,2019-07-05
BYR-2118,Sean,Fox,william22@example.com,889.740.8062,Individual,2483056.77,2021-11-02
BYR-2119,Jimmy,Mills,webbveronica@example.net,6583288890,Investor,2811151.43,2022-06-12
BYR-2120,Linda,Miller,richardmorris@example.org,+1-250-510-7488x0349,Individual,2967009.37,2024-04-15
BYR-2121,James,Schneider,clutz@example.org,(620)628-6872x585,Individual,765167.64,2020-10-22
BYR-2122,Donald,Lloyd,,(650)723-7642,Investor,1762297.16,2022-02-27
BYR-2123,Jennifer,Potts,daniel41@example.net,001-980-791-7189x42833,Individual,312302.89,2023-10-16
BYR-2124,Frank,Nelson,mmccall@example.org,377.290.6797x531,Individual,908273.64,2020-06-14
BYR-2125,Curtis,Sullivan,,423.210.8240,Corporation,670587.08,2022-05-11
BYR-2126,Tyler,Young,claytonrobert@example.org,2326017346,Investor,,2019-05-12
BYR-2127,Jonathan,Nguyen,weaverrebecca@example.net,(973)817-5160,Individual,2157482.84,2024-06-25
BYR-2128,Robert,Blackburn,brandi69@example.com,543-392-2237,Individual,974506.25,2023-04-02
BYR-2129,Steven,Pacheco,wmckinney@example.com,837-366-1034x6346,Individual,1929919.42,2023-07-11
BYR-2130,Jerry,Weaver,gonzalezvernon@example.com,333-991-7038x61678,Individual,407893.19,2023-05-28
BYR-2131,Robert,Jenkins,egarcia@example.org,499-431-2958x129,Individual,2233836.68,2023-05-23
BYR-2132,Joy,Hall,williamssandra@example.net,(865)947-9027,Individual,,2020-03-04
BYR-2133,Lisa,Hernandez,steven30@example.com,523-435-7082,Individual,2960332.14,2024-06-23
BYR-2134,Jill,Long,steven89@example.com,001-865-482-8859x6304,Individual,2628269.55,2022-08-31
BYR-2135,George,Marshall,christopher32@example.com,2257526611,Trust,,2022-07-28
BYR-2136,Marcus,Wright,crobinson@example.org,(858)566-6064,Individual,,2023-01-29
BYR-2137,Susan,Allen,charles36@example.net,001-799-916-2012x92530,Investor,,2023-03-19
BYR-2138,James,Bowers,williamsadam@example.net,790-603-1869,Individual,259359.37,2021-02-17
BYR-2139,Anne,House,cjones@example.org,795.515.1049x03463,Corporation,401407.22,2019-09-26
BYR-2140,Jonathan,Blair,groberts@example.net,992-343-6430x0823,Individual,1261737.73,2019-06-21
BYR-2141,Philip,Bird,douglas41@example.org,+1-465-403-7195x2894,Individual,278048.43,2024-04-20
BYR-2142,Bryan,Adams,kanekelsey@example.com,9607587348,Individual,2619081.65,2023-06-01
BYR-2143,Karl,Walker,lauraherring@example.com,2709979280,Individual,1393660.55,2023-01-22
BYR-2144,Amanda,Johnston,hilleugene@example.org,001-371-964-0751x6005,Individual,1369826.41,2023-06-22
BYR-2145,Heather,Matthews,ibutler@example.com,(221)788-4653,Individual,1709015.87,2024-05-12
BYR-2146,Timothy,Reynolds,carrolllatasha@example.org,001-818-934-1827x621,Individual,2561654.87,2020-04-07
BYR-2147,Russell,Huber,marcus11@example.org,+1-871-933-3143x079,Corporation,522486.15,2020-11-02
BYR-2148,Catherine,Frye,blakemegan@example.com,991.621.6562,Investor,1447611.11,2019-04-29
BYR-2149,Hunter,Myers,deborahwong@example.net,(400)754-1778x04303,Corporation,441271.12,2024-05-16
BYR-2150,Hannah,Woodard,lisa39@example.org,(540)588-8152,Individual,1268171.47,2021-10-07
BYR-2151,Donna,Brown,johnsjason@example.net,280.475.5635,Individual,530109.29,2022-04-05
BYR-2152,Matthew,Hartman,jamiecharles@example.org,511-471-5626,Investor,820403.79,2021-02-15
BYR-2153,Eric,Hutchinson,monicabolton@example.net,739.968.3191,Individual,828876.16,2019-10-29
BYR-2154,Gabriel,Cuevas,oliviaturner@example.com,3674835847,Individual,2911402.14,2022-02-25
BYR-2155,Eric,Burns,qrobinson@example.org,001-644-893-8975x974,Individual,2207464.18,2020-06-09
BYR-2156,Amy,Kennedy,,4126542169,Individual,1061101.01,2024-05-18
BYR-2157,Joshua,Santos,,+1-619-629-1775,Investor,409786.56,2022-10-26
BYR-2158,Michael,Lynn,kevin94@example.org,267-322-3923,Investor,947419.01,2019-12-19
BYR-2159,Richard,Vasquez,sarah24@example.org,001-389-375-7388x513,Investor,859571.91,2019-01-10
BYR-2160,Laura,Foster,joshuawood@example.org,559.345.2288x85075,Individual,1496103.37,2023-09-08
BYR-2161,Ian,Hopkins,patriciapatton@example.com,4453007185,Individual,2935164.42,2022-04-08
BYR-2162,Cassandra,Powell,,416-297-4319,Individual,1426310.44,2023-09-14
BYR-2163,Luke,Mcintosh,gwendolyn83@example.org,+1-286-815-4206,Individual,836348.98,2021-06-28
BYR-2164,Victoria,Curtis,freemanbrittany@example.org,(337)499-4801,Corporation,274878.07,2023-12-26
BYR-2165,Joshua,Hunter,wardmadison@example.com,580.315.1667,Trust,265402.13,2022-04-28
BYR-2166,Robert,Moore,weberkevin@example.org,+1-628-918-3996x004,Individual,1111489.69,2022-02-27
BYR-2167,Susan,Anderson,smithjacob@example.com,5627104536,Individual,1397695.58,2022-04-15
BYR-2168,Donna,Roberts,rlong@example.com,001-330-870-7449x9325,Individual,139452.97,2022-03-15
BYR-2169,Daniel,Scott,robertgill@example.org,5413495009,Individual,,2023-06-28
BYR-2170,Tyler,Dixon,cbryant@example.org,944.703.9253x368,Investor,610179.37,2021-05-24
BYR-2171,Sarah,Palmer,jonathan80@example.org,(843)448-2531x04190,Individual,886036.74,2019-01-07
BYR-2172,Kayla,Moody,,+1-554-397-8791x2289,Individual,375870.93,2024-04-09
BYR-2173,Kara,Castro,michelle93@example.org,001-346-633-0065,Individual,1017429.34,2023-10-25
BYR-2174,Sharon,Kramer,jfitzpatrick@example.com,+1-241-506-7462x108,Individual,265087.72,2020-05-22
BYR-2175,Roy,Owens,matthew78@example.org,(257)695-7783x116,Individual,2312235.63,2020-07-28
BYR-2176,Carl,Shaffer,lawrence79@example.org,490-289-6790x04788,Investor,598130.4,2023-07-17
BYR-2177,Michelle,Stephenson,jeremy79@example.com,(631)890-8351x7486,Individual,2951034.69,2023-06-30
BYR-2178,Erik,Cole,keithfields@example.net,535-233-2616x70211,Corporation,2385559.15,2019-10-05
BYR-2179,David,Brown,boyerjames@example.org,473-525-5149,Individual,,2024-02-26
BYR-2180,Kristy,Welch,samuelreid@example.net,+1-268-810-1069x605,Trust,,2023-04-04
BYR-2181,David,Anderson,nathanhale@example.com,651-597-2495x903,Individual,,2020-02-02
BYR-2182,Morgan,Barnett,,937-285-5917x29740,Corporation,1733233.36,2020-09-28
BYR-2183,Robert,Fernandez,cwatson@example.net,9015717549,Individual,230148.73,2020-10-08
BYR-2184,Anne,Johnson,elizabeth45@example.org,(607)482-4011x98888,Individual,1654670.24,2021-09-04
BYR-2185,Ashley,Underwood,fwilliams@example.org,392-583-4062,Trust,2340405.64,2023-09-12
BYR-2186,Derrick,Johnson,lindsey16@example.org,604-892-6307x477,Individual,135992.88,2019-10-09
BYR-2187,Kristine,Smith,hwhite@example.net,+1-743-563-9625,Individual,1933761.06,2023-09-13
BYR-2188,Ann,Nguyen,yrose@example.com,001-863-554-5238x5791,Individual,1760286.9,2020-09-07
BYR-2189,Mary,Lopez,benjaminlambert@example.org,+1-572-607-2035x7046,Individual,2837115.71,2021-08-18
BYR-2190,Joseph,Garcia,thomasroberts@example.org,001-506-345-6549x34417,Individual,,2024-06-10
BYR-2191,Michael,Fisher,daviseric@example.net,421-422-0486x04249,Individual,521275.3,2022-04-17
BYR-2192,Jonathan,Phillips,coliver@example.com,+1-441-527-4338,Investor,142343.44,2022-05-01
BYR-2193,Mallory,Hill,ngarcia@example.net,+1-949-922-6845x7299,Investor,1002641.19,2023-06-17
BYR-2194,David,Gomez,smithmichael@example.com,+1-792-481-6798x46366,Individual,948556.57,2023-09-25
BYR-2195,David,Vega,melissa31@example.org,622.560.4324,Individual,,2021-09-13
BYR-2196,Cynthia,Meyers,leslieknight@example.com,+1-909-871-6982x50733,Individual,2032038.49,2024-03-25
BYR-2197,Christopher,Mason,nicholas59@example.net,445-468-1642x0645,Investor,,2020-06-15
BYR-2198,Barbara,Freeman,bauerfrank@example.com,(639)979-8638,Individual,846828.06,2019-03-28
BYR-2199,Natasha,Galvan,peter49@example.org,+1-950-857-3939,Individual,2628486.43,2023-06-16
BYR-2200,Christopher,Santiago,stantonandrew@example.com,292-652-6704x94388,Trust,810302.28,2019-05-31
BYR-2201,Patrick,Sanders,,572-272-0307,Investor,428141.99,2021-03-28
BYR-2202,Carol,Krause,hernandezbrenda@example.org,(999)630-4209x9329,Investor,1130952.71,2022-10-30
BYR-2203,Joshua,Murphy,jennifer70@example.net,648-916-4156,Corporation,2855955.9,2019-04-28
BYR-2204,Brendan,Malone,tiffanyjackson@example.com,466-876-8280,Investor,2383781.2,2020-01-29
BYR-2205,Holly,Arias,douglas68@example.net,(438)428-1752x212,Individual,,2023-08-07
BYR-2206,Elizabeth,Hart,rfrazier@example.org,462-285-1012x1522,Individual,2060459.69,2020-04-27
BYR-2207,Jason,Smith,kdavis@example.net,001-858-582-5712x898,Corporation,2955425.76,2022-01-11
BYR-2208,Andrew,Brown,higginscarrie@example.com,576.542.4959x09869,Trust,843597.33,2021-12-04
BYR-2209,Jason,Lawrence,moodyrichard@example.net,593-772-0925x8156,Investor,1808472.74,2020-03-15
BYR-2210,Angela,Williams,benjamin74@example.com,3522163621,Individual,570730.32,2019-09-06
BYR-2211,Morgan,Abbott,hevans@example.net,(902)441-6698x0527,Investor,2048493.76,2022-12-25
BYR-2212,Wayne,Chung,aaroncollins@example.net,452.733.9879x49066,Individual,1379449.07,2020-10-15
BYR-2213,Whitney,Perez,mark34@example.org,(275)346-9868x2318,Trust,1245805.26,2019-07-20
BYR-2214,Kyle,Anthony,rowecody@example.org,(367)908-6440,Investor,897787.09,2022-02-25
BYR-2215,Gregory,Jacobs,melissa25@example.com,422-550-0864x3582,Individual,575374.3,2022-04-04
BYR-2216,Samuel,Jones,wallwendy@example.org,(465)566-3827x821,Individual,418474.27,2023-05-15
BYR-2217,Bradley,Ryan,megan14@example.com,001-850-293-9520x03244,Investor,1554844.62,2019-11-23
BYR-2218,John,Hodge,solomonlindsey@example.net,649-241-8029x6320,Individual,2082576.11,2020-05-11
BYR-2219,Lawrence,Robinson,itaylor@example.org,494.270.9004x3862,Individual,597325.36,2019-10-30
BYR-2220,Aaron,Zamora,,(458)419-7259x6072,Investor,,2019-03-05
BYR-2221,Robert,Mosley,richmondpamela@example.net,(569)952-1810x48728,Individual,1178819.87,2024-05-01
BYR-2222,Stuart,Young,jennifer79@example.com,555.786.3956,Trust,1335449.41,2022-04-03
BYR-2223,Madison,Alvarez,wwilliams@example.net,(252)785-9294x08157,Individual,1110850.52,2023-02-18
BYR-2224,Christopher,Henson,kgreen@example.net,860.381.1184x15924,Individual,2404633.99,2021-07-21
BYR-2225,Steve,Knight,conwayjasmine@example.com,(438)523-3507x40874,Individual,2110259.17,2019-04-04
BYR-2226,Julian,Mcdowell,rebeccawilliams@example.net,001-867-247-8689x03262,Individual,654535.47,2022-08-25
BYR-2227,Emily,Landry,ericafischer@example.com,726-297-8346,Investor,947647.46,2024-06-06
BYR-2228,Charles,Gordon,pauladam@example.net,(465)694-8139x7773,Investor,2154382.15,2020-08-14
BYR-2229,Ronald,Herrera,,344-896-8199,Investor,752347.06,2024-04-25
BYR-2230,Denise,Jones,crystal01@example.org,(454)652-2111,Individual,2167160.78,2023-06-26
BYR-2231,Jennifer,Park,katie38@example.org,+1-477-399-1159x671,Individual,538866.26,2019-08-02
BYR-2232,Jennifer,Sanchez,vanessa62@example.org,+1-886-597-0087x204,Investor,1518823.47,2020-07-16
BYR-2233,Alexander,Jenkins,travisvillarreal@example.org,(934)911-3323,Individual,2260828.3,2019-12-05
BYR-2234,Stephanie,Allen,stewartlogan@example.com,287-824-3387,Investor,1550047.88,2023-03-01
BYR-2235,Bruce,Jackson,hunttracy@example.net,5032619135,Individual,,2021-09-25
BYR-2236,Susan,Cook,xshaw@example.org,(420)610-1524x55335,Individual,2783287.58,2019-06-30
BYR-2237,Timothy,Cooper,qkennedy@example.com,263-490-9250,Individual,,2023-06-15
BYR-2238,Kevin,Martinez,daisyharris@example.net,476-999-4906x80619,Investor,1406055.84,2021-12-27
BYR-2239,Jeremy,Porter,justinsullivan@example.net,453-321-2753x806,Individual,389327.34,2021-12-28
BYR-2240,Wanda,Rodriguez,peter45@example.com,666-204-1947x291,Individual,1513077.78,2023-11-24
BYR-2241,Andrea,Rangel,ujohnson@example.net,(852)506-1755x04763,Individual,2758492.79,2020-08-14
BYR-2242,Charles,Bennett,josecooper@example.net,(437)382-0666x72551,Individual,2547611.18,2019-01-28
BYR-2243,Christopher,Calhoun,,(210)700-8403,Individual,2972108.16,2019-01-08
BYR-2244,Connor,Evans,hhaas@example.net,001-389-908-4555x317,Investor,1346543.49,2020-09-23
BYR-2245,Kyle,Mathews,,632-841-9870x47950,Individual,1983677.15,2023-11-14
BYR-2246,Jeffrey,Abbott,,215.804.9345,Individual,2989196.3,2023-09-07
BYR-2247,Leslie,Thomas,marilyn82@example.net,938-266-5028x645,Individual,869126.19,2023-02-22
BYR-2248,Emily,Fuller,hedwards@example.com,001-707-931-9979x9350,Individual,,2020-09-01
BYR-2249,Anthony,Williams,markhogan@example.org,4384360608,Investor,960029.1,2020-07-30
BYR-2250,Michael,Martin,aaron58@example.com,778.638.9850x842,Individual,,2019-02-07
BYR-2251,Steven,Campbell,williamvargas@example.org,400.878.0643x70343,Individual,1679207.33,2022-11-02
BYR-2252,Michael,Wilson,kennethanderson@example.org,001-620-835-1240x15414,Corporation,2117988.48,2022-01-07
BYR-2253,Randall,Ramos,brian40@example.org,(825)505-3955,Individual,2779742.23,2023-12-19
BYR-2254,Vanessa,Lane,melissa11@example.com,001-810-886-1890x236,Individual,216896.64,2022-10-05
BYR-2255,Hannah,Parker,novakronald@example.net,898-893-6512,Investor,2342071.43,2022-05-22
BYR-2256,Brian,Gonzalez,jeanmorris@example.net,4025530348,Individual,2958027.42,2023-09-06
BYR-2257,Patricia,Williams,grollins@example.com,(576)632-0407x490,Investor,831872.42,2024-05-27
BYR-2258,Garrett,Hernandez,xwarren@example.net,943-586-4795x46225,Investor,2376788.99,2019-03-15
BYR-2259,Stacey,Gray,robertcruz@example.com,(965)359-0706x674,Individual,2367777.63,2024-06-12
BYR-2260,James,Lewis,emily55@example.net,998-745-4987x1136,Individual,1944491.03,2023-11-11
BYR-2261,Lindsey,Cooper,dunnadrienne@example.com,427-994-6308x4627,Individual,,2023-08-13
BYR-2262,Christine,Morris,scottbest@example.org,(702)328-3916,Corporation,2178182.51,2019-01-21
BYR-2263,Susan,Robinson,schultzkimberly@example.org,395-731-5714x59151,Trust,2464486.96,2020-04-21
BYR-2264,Alexander,Kane,mendezbrianna@example.com,495-358-8691x23709,Investor,475707.28,2021-02-21
BYR-2265,Amy,Hernandez,onorris@example.org,741-489-1895,Corporation,,2020-09-05
BYR-2266,Kelli,Henderson,williamperez@example.org,(372)253-0611x00247,Individual,1236896.38,2019-01-27
BYR-2267,Scott,Washington,davismary@example.com,738.483.6037x174,Investor,1109684.96,2023-10-03
BYR-2268,Michael,Davidson,jonesricardo@example.com,001-990-261-1246,Corporation,927782.5,2024-05-10
BYR-2269,Joseph,Lewis,nicole99@example.com,001-972-430-5098,Individual,727620.3,2023-11-28
BYR-2270,Joel,Martin,lawrence14@example.net,364.643.9760x44654,Investor,2539673.84,2021-05-12
BYR-2271,Willie,Reynolds,aprilsnyder@example.com,+1-378-355-1596,Individual,1450993.36,2022-09-11
BYR-2272,John,Zamora,,992.689.8583x4245,Investor,551239.63,2021-03-29
BYR-2273,Robert,Lewis,ewest@example.org,(608)266-5925,Corporation,1576824.9,2021-06-26
BYR-2274,Jasmine,Jones,eric42@example.net,554-443-1680,Investor,530369.24,2020-11-04
BYR-2275,Norma,Rice,eharrison@example.net,203-212-6667x435,Individual,2916964.21,2021-05-09
BYR-2276,Samantha,Howard,brownvanessa@example.com,001-769-591-3434x47894,Investor,505164.93,2022-06-01
BYR-2277,Scott,Jones,bmiller@example.net,+1-446-206-7789x8889,Individual,2841989.91,2020-02-23
BYR-2278,Marco,Newman,richard13@example.org,3112623168,Individual,2452362.55,2019-10-10
BYR-2279,Teresa,Gardner,ldaniels@example.com,926-983-0406,Trust,1523481.14,2019-09-02
BYR-2280,Kevin,Taylor,browncaroline@example.org,6493032458,Individual,1289664.15,2023-06-22
BYR-2281,Rebecca,Conrad,sarahpeck@example.org,(794)651-9556x7457,Individual,2014123.55,2020-11-17
BYR-2282,Wendy,Gordon,sean50@example.com,001-539-939-9996,Investor,2603131.35,2023-07-12
BYR-2283,Katie,Hansen,joseph89@example.org,630-465-6047,Trust,1292527.69,2022-03-06
BYR-2284,Alison,Jones,haleysamantha@example.org,001-930-931-5226x1282,Trust,1676512.01,2024-04-09
BYR-2285,David,Sampson,,(563)343-7522x9999,Individual,314635.08,2023-11-15
BYR-2286,Peter,Harvey,mgarrison@example.net,+1-892-810-4382x388,Individual,888691.37,2020-07-10
BYR-2287,Kristen,Johnston,mirandachristopher@example.com,001-604-758-4421x853,Investor,1627809.38,2023-11-09
BYR-2288,Destiny,Choi,ellisonmichael@example.net,001-940-866-4125x601,Individual,174372.14,2023-08-24
BYR-2289,Andrew,Smith,stephaniewelch@example.net,+1-750-749-2233x388,Investor,1300322.71,2020-05-17
BYR-2290,Laura,Mcneil,delgadostacy@example.org,001-400-754-9641x28750,Individual,2754150.67,2019-06-20
BYR-2291,Alice,Kennedy,,(445)862-5024x209,Individual,2699101.78,2019-03-15
BYR-2292,Michael,Clark,lauren44@example.org,(730)576-8631x129,Individual,1013824.13,2019-09-20
BYR-2293,William,Tucker,chanson@example.org,362.456.9204,Corporation,1792077.25,2020-09-09
BYR-2294,Austin,King,awood@example.com,246-202-1277,Individual,,2019-01-29
BYR-2295,Monica,Fleming,egrant@example.com,806-906-4412,Individual,2271635.56,2022-09-30
BYR-2296,Juan,Brown,lopezsarah@example.net,990.234.4388x645,Investor,,2022-01-31
BYR-2297,Darrell,Brady,jennifer25@example.net,869.480.7297,Individual,2008767.59,2023-07-01
BYR-2298,Adam,Colon,lfitzpatrick@example.org,442-406-0315x6449,Corporation,225637.62,2020-05-17
BYR-2299,Robert,Payne,sandersmorgan@example.net,(550)318-1229,Individual,,2022-03-07
BYR-2300,Nancy,Hays,rthomas@example.net,001-579-252-4304,Individual,,2024-05-11
BYR-2301,Jeffrey,Brown,casehannah@example.net,421-963-5334,Individual,760640.93,2020-04-25
BYR-2302,Connie,Reyes,ejones@example.net,+1-696-519-5023x5411,Individual,124127.29,2021-04-09
BYR-2303,Tonya,Powell,sgonzalez@example.org,8562066271,Investor,2160710.12,2020-05-14
BYR-2304,Cassandra,Smith,melissaanderson@example.net,+1-227-593-4007,Individual,660829.09,2019-11-03
BYR-2305,Tyler,Jones,lbarton@example.com,501.883.1664x6042,Individual,1365108.5,2021-01-12
BYR-2306,Lori,Santos,salazardavid@example.net,001-674-511-9866x49499,Corporation,2693299.31,2023-09-10
BYR-2307,Jonathan,Shaw,wagnerrobin@example.net,001-849-590-7490x26340,Individual,1266229.98,2021-03-16
BYR-2308,Gabriel,Perez,christopher49@example.net,446.442.1829x4972,Individual,1759486.08,2022-08-23
BYR-2309,John,Reid,tracymcdaniel@example.net,534-633-6003x23822,Individual,530561.43,2021-08-24
BYR-2310,Diamond,Sanchez,eric40@example.net,(746)946-7914x69542,Individual,,2024-06-23
BYR-2311,Teresa,Harrell,bridgessean@example.com,(260)805-6307,Individual,505214.6,2019-02-23
BYR-2312,William,White,keithdonaldson@example.com,320-458-7602,Investor,1743493.59,2019-12-17
BYR-2313,Alyssa,Walker,david88@example.org,+1-234-837-4979,Individual,1074004.78,2019-07-24
BYR-2314,Brandi,Goodwin,davidgonzalez@example.org,415.338.6480x04840,Corporation,1088293.1,2020-06-07
BYR-2315,Jeffrey,Johnson,wattsanna@example.net,001-249-469-5978x4711,Trust,2404999.12,2022-06-23
BYR-2316,Veronica,Gross,peter26@example.com,700-633-1105x8284,Investor,,2023-09-03
BYR-2317,Patrick,Ellis,,939-384-9174x6372,Trust,203705.67,2021-12-17
BYR-2318,Michael,Scott,tonysanchez@example.net,001-635-469-1963x74341,Individual,415606.74,2020-03-19
BYR-2319,Zachary,Hoover,denise98@example.net,732-485-6349x7268,Individual,,2021-09-01
BYR-2320,Thomas,Garcia,cclark@example.net,001-666-650-0849x66600,Individual,2486873.02,2021-09-20
BYR-2321,Christine,Gonzalez,jameschavez@example.org,248.501.6799x5553,Corporation,1484279.23,2023-09-11
BYR-2322,John,Johnson,woodshoward@example.org,863-619-3739x55569,Individual,2603054.71,2019-01-02
BYR-2323,Sheila,Clark,wayne48@example.org,8043037099,Individual,1503375.29,2023-11-11
BYR-2324,Angela,Branch,,687-415-3467,Individual,1877164.73,2023-04-22
BYR-2325,Timothy,Chan,mollyrice@example.org,(378)800-9773,Investor,2274293.27,2023-11-05
BYR-2326,Corey,Murphy,paularamos@example.org,825-347-1218x91272,Individual,1487700.37,2022-02-27
BYR-2327,Jacob,Johnson,frivas@example.org,500.424.9678x18630,Investor,,2019-01-05
BYR-2328,Thomas,Butler,kimjuan@example.net,+1-983-526-1452x18919,Investor,135090.23,2024-05-23
BYR-2329,Andrea,Brandt,oconnelljohn@example.com,676.656.2330,Individual,688042.78,2019-03-03
BYR-2330,Vincent,Gibbs,adamsjanice@example.com,843-312-1542x936,Trust,,2021-01-12
BYR-2331,Mary,Burns,kimberly92@example.net,917.781.3834x655,Trust,2476931.09,2024-06-28
BYR-2332,Fernando,Nunez,jpeterson@example.com,001-834-435-0987x5686,Individual,1969658.76,2020-04-10
BYR-2333,James,Lee,francisco55@example.net,001-975-418-2199,Corporation,1206940.34,2020-06-05
BYR-2334,Joseph,Douglas,ashley02@example.net,9867740015,Individual,1299094.23,2020-02-27
BYR-2335,Alejandro,Phillips,dawnlogan@example.com,254.689.5274x6740,Individual,2606665.72,2023-09-25
BYR-2336,Frank,Hood,charles29@example.com,+1-770-324-1156x32408,Investor,,2021-08-09
BYR-2337,Andrew,Gallagher,stephen56@example.com,628.598.2868,Investor,1911756.2,2022-07-08
BYR-2338,Caitlin,Compton,,+1-808-282-9194x3948,Individual,182676.12,2020-11-09
BYR-2339,William,Humphrey,kwhitaker@example.com,6303850353,Individual,1859608.72,2021-12-26
BYR-2340,Kevin,Johnson,aandrews@example.org,+1-402-253-9741x54485,Individual,1094006.64,2024-05-17
BYR-2341,Danielle,Ferguson,johnsondaniel@example.net,+1-924-695-0762x235,Trust,1921330.24,2021-11-07
BYR-2342,Melanie,Beltran,,(615)851-4225x13528,Individual,949595.18,2019-07-24
BYR-2343,Allen,Edwards,wendyfranklin@example.com,417-887-6926,Individual,208619.9,2019-05-02
BYR-2344,William,Mcdonald,reynoldsbryan@example.com,001-686-425-9292x472,Individual,872714.92,2022-10-15
BYR-2345,Aaron,Perry,romanwilliam@example.org,759-878-7862x2586,Individual,2550326.06,2022-06-27
BYR-2346,Patricia,Smith,cpearson@example.net,903-361-0512x6723,Individual,1623381.81,2020-06-30
BYR-2347,Holly,Johnson,barnespamela@example.org,671.935.0529,Individual,1822200.84,2023-01-09
BYR-2348,Peter,King,christophersmith@example.com,+1-707-450-5470x9619,Individual,,2023-07-25
BYR-2349,John,Harrison,cheyennehoffman@example.org,9098905232,Individual,1337506.53,2019-07-05
BYR-2350,William,Wilson,ievans@example.net,(951)842-2080x7397,Investor,1783840.06,2019-05-22
BYR-2351,Lauren,Campbell,yjimenez@example.org,7008307912,Individual,940622.12,2021-09-25
BYR-2352,Zachary,Ramirez,charlesgary@example.net,+1-892-613-5921x8534,Individual,1463830.34,2021-07-05
BYR-2353,Pamela,Henderson,davisdanny@example.com,8477940454,Individual,2784498.29,2023-11-10
BYR-2354,Laura,Cole,craigwilliam@example.net,+1-318-695-7172x3366,Individual,1195844.52,2023-03-16
BYR-2355,Jeff,Briggs,marshalljennifer@example.com,+1-485-901-5140x2960,Investor,489472.76,2021-02-20
BYR-2356,Nathan,Cox,rebecca97@example.org,(776)299-1938x281,Individual,1126469.75,2020-02-17
BYR-2357,Cynthia,Adams,rebeccatorres@example.org,001-820-288-7626,Individual,1301636.67,2022-01-23
BYR-2358,Stephanie,Chen,stacey64@example.com,+1-893-643-1974x746,Individual,2077816.9,2021-07-07
BYR-2359,Willie,Jackson,brownmichelle@example.net,685.254.6170x08509,Individual,,2023-08-12
BYR-2360,Joseph,Young,smithbrett@example.org,(695)894-8894,Individual,,2020-02-01
BYR-2361,Margaret,Villa,singletonbruce@example.com,+1-806-732-7615x07392,Individual,,2021-10-24
BYR-2362,Joseph,Johnson,jennifer35@example.net,579.222.8165x08631,Individual,1492927.09,2022-09-26
BYR-2363,Adam,Malone,jerryallen@example.org,+1-818-675-7793x21681,Investor,,2022-11-30
BYR-2364,Judy,Taylor,debbie46@example.com,+1-598-597-2970x26933,Individual,2551709.48,2023-11-05
BYR-2365,Earl,Irwin,dbrooks@example.com,(668)427-5053x14174,Individual,2598404.82,2023-08-28
BYR-2366,Scott,Munoz,karen67@example.org,(751)209-7988x0387,Individual,1926618.37,2019-07-23
BYR-2367,Michelle,Brown,meaganwade@example.com,001-584-575-3843,Corporation,1297157.38,2022-12-28
BYR-2368,Joseph,Navarro,wsmith@example.org,001-885-810-5927x9122,Individual,1752266.89,2021-07-26
BYR-2369,David,Trujillo,dphillips@example.org,001-923-489-2848,Individual,2528168.96,2019-08-21
BYR-2370,Michael,Rodriguez,nathan22@example.org,+1-752-372-1677x260,Individual,,2021-09-19
BYR-2371,Joseph,Sullivan,ashleysmall@example.org,+1-623-314-0488x20034,Trust,2957906.0,2021-06-21
BYR-2372,Joel,Ramirez,gerald86@example.net,967-733-2593,Individual,207747.09,2021-07-14
BYR-2373,Jason,Valdez,steven79@example.org,763.320.1559x9760,Individual,2593094.55,2019-07-08
BYR-2374,Scott,White,kelly20@example.com,001-845-467-0078,Investor,,2022-02-18
BYR-2375,David,Powell,marthaguerra@example.org,415-615-1873,Investor,1152011.53,2020-09-21
BYR-2376,Jeffrey,Townsend,douglasmelissa@example.com,9013893171,Individual,1658006.42,2023-11-20
BYR-2377,Daniel,Lopez,lauren85@example.net,(663)279-6516x232,Investor,2822835.0,2022-10-25
BYR-2378,Michael,Singh,bakerjeffrey@example.com,434-831-2870x0236,Individual,2666675.12,2019-05-21
BYR-2379,Linda,Zamora,gonzalezeric@example.org,(896)370-8673,Individual,259967.39,2020-08-01
BYR-2380,Danielle,Johnston,obrienrichard@example.com,787.548.0841,Corporation,,2022-03-15
BYR-2381,Julie,Vaughan,,916-463-5897x7337,Individual,2390729.7,2019-08-05
BYR-2382,Kenneth,White,davidthomas@example.org,(513)317-5985,Corporation,1159147.68,2020-05-21
BYR-2383,Reginald,Flowers,melissa90@example.com,943.928.5961x421,Individual,1359317.8,2019-01-15
BYR-2384,Ashley,Campbell,kwheeler@example.com,595-870-2579,Individual,2420792.87,2022-11-29
BYR-2385,Amanda,Lucero,harry74@example.net,244.694.1521x4815,Individual,2877361.12,2019-01-22
BYR-2386,Scott,Juarez,krausepatricia@example.com,(906)835-9386,Investor,1215120.95,2019-03-04
BYR-2387,Todd,Willis,josborn@example.com,(799)287-6762,Corporation,2150042.11,2022-09-13
BYR-2388,Destiny,Chung,brian92@example.org,+1-299-873-9249x562,Individual,1700746.71,2022-08-31
BYR-2389,Patricia,Wilson,david94@example.net,+1-286-855-8115x20274,Individual,1013895.15,2021-05-06
BYR-2390,Richard,Jimenez,,752.227.3352x948,Individual,,2022-07-18
BYR-2391,Ashley,Johnson,jamiechapman@example.org,5254122420,Investor,,2023-03-04
BYR-2392,Anthony,Le,dgonzalez@example.org,+1-688-862-9660x9051,Individual,2109137.51,2021-04-25
BYR-2393,Melissa,Freeman,mhamilton@example.com,+1-284-769-2391x1218,Corporation,1590203.42,2022-02-19
BYR-2394,David,Bond,lori59@example.net,837-562-7733,Individual,1985482.46,2019-10-20
BYR-2395,Darlene,Choi,kmcdonald@example.org,693.654.4819,Investor,,2019-10-29
BYR-2396,Donald,Salazar,daniel02@example.net,001-883-541-2274,Investor,1250559.05,2020-02-23
BYR-2397,Jesus,Bennett,steveharris@example.com,001-711-712-9253x0213,Individual,2801786.21,2023-05-08
BYR-2398,Kimberly,Lopez,kevin80@example.com,798.417.3412x3194,Individual,1670863.69,2019-01-31
BYR-2399,Larry,Hensley,jcortez@example.net,8242047025,Investor,1580099.86,2019-11-16
BYR-2400,Chad,Fletcher,,463-295-6988,Corporation,2313218.99,2020-03-10
BYR-2401,Tammy,Wheeler,rmadden@example.com,+1-457-661-1740x59143,Trust,2059003.52,2021-01-08
BYR-2402,Jasmine,Rojas,garciajacob@example.net,365-321-5922,Corporation,,2019-08-20
BYR-2403,John,Ibarra,hgrant@example.org,336-906-3501x916,Investor,1217879.06,2020-04-07
BYR-2404,Christian,Barron,tranmelinda@example.net,001-267-635-4547x7333,Individual,2473734.05,2019-02-10
BYR-2405,Tanya,Austin,xpadilla@example.net,(513)438-0670,Individual,1360317.9,2024-04-28
BYR-2406,Tracy,Roberts,hyoung@example.org,717.483.2005x7902,Corporation,274430.09,2019-03-15
BYR-2407,Jared,Simmons,prush@example.net,+1-793-374-6076x732,Individual,2438189.66,2022-01-27
BYR-2408,Aaron,Mercado,zconner@example.net,+1-853-542-6522x5583,Investor,1727769.45,2021-06-25
BYR-2409,Maria,Pugh,amber61@example.net,302.994.4526x03816,Corporation,1040274.38,2021-11-13
BYR-2410,Nicole,Shepard,jamesscott@example.com,574-323-5987,Individual,770264.72,2022-11-05
BYR-2411,Lisa,Lopez,osmith@example.com,(961)872-4152x2077,Trust,985874.24,2020-12-11
BYR-2412,David,Kelley,mckinneywilliam@example.com,7132834610,Investor,645143.9,2023-07-06
BYR-2413,Austin,Wright,tamaramitchell@example.com,(758)395-8095x682,Individual,491243.73,2020-10-08
BYR-2414,Victor,Marsh,pweber@example.net,892-281-3416,Individual,1257737.45,2020-05-26
BYR-2415,Michael,Perez,smithcharles@example.org,687-497-5372,Investor,,2021-06-29
BYR-2416,Karen,Green,elizabeth94@example.net,(450)370-2074x5738,Individual,2505389.89,2022-01-31
BYR-2417,Laura,Harris,seanrobertson@example.org,001-760-663-1299x17699,Investor,2980469.99,2021-01-08
BYR-2418,Sydney,Jones,christopher13@example.net,749-261-2744,Individual,,2019-06-07
BYR-2419,Joshua,Park,catherinefowler@example.net,215.490.5747,Investor,1225822.09,2020-01-07
BYR-2420,Matthew,Jones,jessicavincent@example.net,001-227-736-7863,Investor,1056912.75,2021-09-22
BYR-2421,Lauren,Hicks,smithchad@example.net,933.623.1871,Individual,1376621.15,2023-01-28
BYR-2422,Andrew,Arias,pschaefer@example.com,940.202.4712x978,Investor,675443.76,2019-07-14
BYR-2423,Jonathan,Freeman,chenjustin@example.com,225-383-5180,Investor,1187785.97,2020-05-07
BYR-2424,Douglas,Neal,phernandez@example.com,(533)620-5125,Individual,2987254.23,2022-04-03
BYR-2425,Elizabeth,Bush,patricia88@example.net,(730)550-8073,Individual,2548172.76,2021-05-12
BYR-2426,Margaret,Stephens,matthewhayes@example.com,768.222.3129,Corporation,2166602.83,2021-06-12
BYR-2427,David,Preston,jennifer18@example.org,375-519-8375x996,Corporation,891371.42,2023-01-04
BYR-2428,Andrew,Colon,derrickpitts@example.net,8222565243,Corporation,2051331.27,2019-09-10
BYR-2429,Aaron,Morgan,shannonbrown@example.net,766.938.1294x305,Trust,1677089.72,2020-10-02
BYR-2430,Rebecca,Hampton,anthonyvance@example.com,(854)327-6676x296,Trust,1911462.12,2024-03-16
BYR-2431,Robert,Haynes,williampowell@example.com,001-858-500-6238x28664,Investor,573300.17,2020-12-18
BYR-2432,Calvin,Morrison,brandi62@example.com,+1-686-733-9130x89165,Individual,1208267.48,2022-04-26
BYR-2433,Michael,Morris,bobby38@example.org,(453)200-9933x52654,Individual,949051.91,2019-11-17
BYR-2434,Joseph,Ortiz,hernandezelizabeth@example.com,327-217-1218x45036,Individual,1444203.32,2022-03-25
BYR-2435,Ann,Jackson,susanphillips@example.com,7339861367,Individual,1356071.12,2020-02-25
BYR-2436,Alicia,Murray,xcasey@example.com,001-467-612-1389x830,Investor,2104775.77,2022-09-04
BYR-2437,Jamie,Matthews,lisagonzalez@example.net,598.929.7750,Individual,2231168.44,2020-12-07
BYR-2438,Ashley,Ferguson,hoganjenna@example.com,485-781-9661x83506,Individual,,2022-04-10
BYR-2439,Amy,Burns,santossabrina@example.net,+1-699-672-9079x942,Investor,1281884.95,2024-01-31
BYR-2440,Christopher,Smith,richard09@example.org,001-820-492-3331x095,Investor,2229653.03,2022-02-09
BYR-2441,Lisa,Rivera,browninggerald@example.net,+1-997-289-9333x20951,Investor,1764733.08,2022-02-08
BYR-2442,Sarah,Meyers,martha64@example.com,286-828-6987x992,Individual,2807222.48,2020-06-11
BYR-2443,Kimberly,Spears,eric59@example.org,(321)288-2376x2532,Corporation,1278307.72,2021-08-18
BYR-2444,Linda,Reed,mmahoney@example.com,(859)347-2000x72620,Individual,2459301.42,2024-01-21
BYR-2445,Kaitlyn,Holmes,penabrandi@example.net,946-710-3955x240,Investor,1407148.04,2019-03-10
BYR-2446,Amber,Lewis,,(267)827-8149,Investor,840790.52,2023-05-22
BYR-2447,Jacob,Sanchez,stephanie88@example.org,(592)983-2759x38520,Individual,1066925.78,2024-04-02
BYR-2448,Gary,Davis,stokesharold@example.com,570-602-1888x4804,Investor,894472.05,2020-12-26
BYR-2449,Joanne,Williams,joshuasimpson@example.net,262.438.2850,Individual,2063706.58,2024-01-06
BYR-2450,Mary,Lewis,chadjefferson@example.net,216.610.9772,Individual,804113.71,2019-03-15
BYR-2451,Kim,Delgado,morgankathryn@example.net,727-499-5698x8257,Investor,2485152.0,2021-02-11
BYR-2452,Derrick,Wagner,cheryl68@example.net,864.433.3072,Investor,141611.48,2020-02-13
BYR-2453,Jennifer,Martinez,fedwards@example.org,001-359-929-0077,Individual,2328703.01,2022-09-06
BYR-2454,Jessica,Gonzales,garywilliams@example.org,588.567.5941,Trust,397311.69,2020-02-09
BYR-2455,Donald,Lee,shawchristopher@example.org,437-734-5948,Individual,1940819.04,2023-04-22
BYR-2456,Tiffany,Hoffman,clarkjoshua@example.org,796.382.6567x3320,Individual,319433.13,2021-12-20
BYR-2457,Donald,Dean,carmenhayes@example.com,001-232-384-0959x0596,Investor,1676548.33,2019-11-09
BYR-2458,Wanda,Lyons,jjohnson@example.com,281.402.5788x4238,Individual,2326627.56,2019-08-07
BYR-2459,Kelly,Saunders,bhernandez@example.net,001-799-608-2734x2299,Investor,2852626.53,2019-04-01
BYR-2460,Ronald,Collier,dillon51@example.net,(438)480-9612,Individual,303176.1,2020-01-26
BYR-2461,Tabitha,Paul,murphybenjamin@example.com,001-801-340-1114x228,Individual,494388.9,2019-12-16
BYR-2462,Edwin,Frazier,deborahmorton@example.net,9666149360,Investor,846193.22,2022-01-27
BYR-2463,Kathryn,Acosta,jacobsjohnny@example.org,897.585.5671x4516,Investor,770489.32,2024-02-27
BYR-2464,Christopher,Smith,cheryl15@example.com,001-662-342-6974x966,Investor,2081357.64,2023-05-21
BYR-2465,Ryan,Robinson,campbellrobin@example.net,001-934-345-9185x2851,Corporation,,2022-05-04
BYR-2466,Barbara,Hernandez,jamiejacobson@example.net,642-387-6161x5019,Investor,2525272.94,2020-11-17
BYR-2467,Jenny,Bush,rogersjeremy@example.org,708.297.0473x912,Investor,2570891.89,2019-10-28
BYR-2468,Monique,Ponce,amyhernandez@example.org,707.250.5163x3635,Individual,310339.87,2021-05-08
BYR-2469,Lauren,Sweeney,tmiller@example.org,2565494516,Individual,466255.36,2021-03-15
BYR-2470,Stephen,Rojas,adrienneroth@example.net,319.760.4519,Investor,2839351.64,2024-05-29
BYR-2471,Brad,Lester,andrewburns@example.com,(949)542-4219,Individual,1969653.6,2019-07-12
BYR-2472,Sarah,Garcia,jennifer08@example.net,+1-946-836-4559,Individual,871212.3,2019-06-20
BYR-2473,Jessica,Noble,melindamiller@example.com,(320)546-7261x90722,Investor,1897534.3,2022-11-19
BYR-2474,Stacy,Patel,matthewlawson@example.com,+1-306-640-4549x49861,Investor,1861424.97,2023-03-15
BYR-2475,Johnny,Cardenas,orozcoeric@example.net,001-489-496-9852,Investor,205488.5,2019-02-02
BYR-2476,Stacy,Perry,lorrainecampbell@example.com,(849)456-8756,Investor,396394.29,2020-08-01
BYR-2477,Jaime,Johnson,chernandez@example.org,(263)387-6267,Individual,1197810.57,2021-02-03
BYR-2478,Kendra,Lara,charleshawkins@example.net,702-750-4022,Investor,1420026.71,2024-06-18
BYR-2479,John,Powell,james36@example.com,(459)958-1877,Corporation,307222.01,2023-08-22
BYR-2480,Tommy,Alvarado,zgarcia@example.org,372-455-4285x73441,Individual,2876296.02,2022-08-13
BYR-2481,Brian,Lewis,david17@example.org,(724)350-3826,Individual,353868.64,2023-09-08
BYR-2482,Ryan,Carpenter,kathleen93@example.org,731-748-0251x257,Individual,1199704.86,2020-07-13
BYR-2483,Christopher,Riggs,lyoung@example.net,001-738-537-4524,Individual,,2021-08-28
BYR-2484,Michael,Jones,ealexander@example.net,+1-220-214-5701x647,Individual,1658984.53,2019-10-08
BYR-2485,Jack,Russell,kingjacob@example.org,001-432-243-0235x41697,Investor,2113772.1,2023-09-09
BYR-2486,Robert,Harris,anne32@example.org,(717)963-6805x675,Investor,2750226.36,2021-11-10
BYR-2487,Crystal,Ramirez,taylormcclure@example.org,+1-458-749-1422x9029,Individual,2041653.7,2021-08-17
BYR-2488,Crystal,Harris,icook@example.org,366.390.9989x4122,Corporation,,2020-01-28
BYR-2489,Kristin,Martin,daniellong@example.org,271-878-6650,Individual,126336.64,2022-07-12
BYR-2490,Albert,Wagner,janice18@example.com,848-277-1595,Individual,997785.01,2021-05-06
BYR-2491,Maria,Blevins,tfrederick@example.net,001-367-997-0955x987,Investor,128886.33,2021-04-14
BYR-2492,Anthony,Parker,ybarnes@example.net,+1-382-937-5927x31180,Individual,2102407.48,2023-10-17
BYR-2493,Tammy,Rodriguez,fbarnes@example.com,451-616-5694,Investor,1214209.65,2023-08-29
BYR-2494,Jeffrey,Harmon,cochranralph@example.org,001-537-917-5681x628,Trust,861363.36,2022-08-13
BYR-2495,Ashley,Burgess,lindseyashley@example.net,550.523.2847x349,Individual,1451945.81,2020-12-17
BYR-2496,Michelle,Knapp,michael13@example.com,305-312-8066x10851,Individual,,2022-04-20
BYR-2497,Veronica,Lopez,arianagarcia@example.com,672-405-0200x85241,Individual,825361.43,2019-10-24
BYR-2498,Dawn,Deleon,brandon75@example.net,001-306-717-0401,Corporation,2021335.42,2020-09-27
BYR-2499,Jessica,Frost,pamelabailey@example.net,001-302-548-7565x452,Investor,273195.8,2023-06-17
BYR-2500,Sharon,Small,ogrimes@example.org,758.303.2039x690,Individual,2235742.26,2024-02-28
BYR-2501,David,Hamilton,bartlettlogan@example.net,6082013857,Individual,2158552.48,2019-01-11
BYR-2502,Heather,Huerta,nmorton@example.com,221-460-1777x3752,Individual,1779119.37,2021-05-10
BYR-2503,Richard,Hall,,206.656.6217,Corporation,,2024-04-19
BYR-2504,Steven,Gates,amy73@example.com,474.235.4971,Corporation,2369144.46,2020-09-14
BYR-2505,Darrell,James,jose47@example.com,(805)271-2980x66734,Individual,116225.6,2021-10-27
BYR-2506,Ronald,Rowe,jrivera@example.com,377-355-0587x123,Individual,2354348.44,2019-11-01
BYR-2507,Kristen,Murphy,jennifer15@example.com,(364)739-3740,Individual,405771.47,2023-10-28
BYR-2508,Thomas,Miller,akaufman@example.com,576.425.2211,Investor,2698580.98,2023-08-15
BYR-2509,Thomas,Francis,larseneric@example.net,+1-498-351-7095x8820,Corporation,1567271.82,2020-10-09
BYR-2510,Leah,Hardin,bautistamary@example.net,(737)955-9241x8611,Individual,2920877.33,2020-08-24
BYR-2511,Nicole,Lang,william01@example.org,001-544-683-9378x8122,Investor,752161.07,2024-02-29
BYR-2512,Karen,Taylor,chandlerangela@example.com,(854)791-6011x5354,Individual,2687686.78,2023-12-19
BYR-2513,Kristen,Hardin,gwilliamson@example.org,643-673-2019x4443,Individual,324545.37,2022-07-07
BYR-2514,Jordan,Jenkins,,(892)634-6677x05892,Investor,2809501.22,2023-06-18
BYR-2515,Tina,Mason,thomasanderson@example.org,+1-315-537-5887,Individual,1668163.38,2022-02-12
BYR-2516,Caleb,Martin,elijahbowen@example.org,+1-863-753-5265x714,Corporation,1434283.73,2021-08-30
BYR-2517,Erica,Rice,leemichelle@example.com,341.224.1031x6400,Individual,808275.77,2020-10-10
BYR-2518,Barbara,Thornton,carllane@example.org,+1-806-836-3066x406,Investor,,2024-03-19
BYR-2519,Luke,Russell,cherylsmith@example.org,+1-435-699-9376x162,Investor,2388828.54,2022-01-01
BYR-2520,Bradley,Price,jessicaball@example.com,+1-665-278-8396x5408,Individual,120744.42,2023-10-24
BYR-2521,Joel,Pace,daguirre@example.org,001-730-386-1821x8109,Individual,1837586.08,2021-09-17
BYR-2522,John,Patrick,aross@example.net,(252)671-6131x7642,Individual,896855.79,2022-11-01
BYR-2523,Kenneth,Hampton,petersonsteven@example.org,758-715-8562,Investor,596070.23,2021-12-17
BYR-2524,Amy,Rich,vasquezregina@example.net,+1-272-584-8896,Investor,2516049.15,2019-08-07
BYR-2525,Michael,Hansen,victorbarnett@example.org,+1-349-901-0008x4405,Investor,224264.57,2020-09-03
BYR-2526,Garrett,Dunn,pattersonlisa@example.net,3755248900,Individual,2480523.69,2020-08-20
BYR-2527,Kyle,Braun,kevinsmith@example.com,6444304547,Individual,1037553.15,2023-01-18
BYR-2528,Joshua,Molina,erickim@example.net,(820)682-1923x232,Individual,1222764.71,2021-05-09
BYR-2529,David,Dominguez,eduardo25@example.com,+1-814-651-0927x55637,Corporation,2911647.49,2019-12-09
BYR-2530,Alexis,Cruz,jwillis@example.org,521.996.5595,Investor,,2021-08-03
BYR-2531,Jacob,Young,,001-227-435-0804x652,Individual,1574550.3,2020-07-11
BYR-2532,Michael,Scott,gnovak@example.com,229-983-7121,Individual,,2023-09-06
BYR-2533,Deborah,Park,gutierrezbenjamin@example.org,5469471599,Corporation,1741207.01,2023-03-24
BYR-2534,Sherry,Li,michaelcarter@example.org,+1-281-232-1180x541,Individual,1950166.94,2023-12-16
BYR-2535,Kenneth,Bender,victoriacoleman@example.com,7529582895,Investor,523233.64,2022-07-31
BYR-2536,Carrie,Olsen,jamesgarcia@example.com,440.550.8312,Individual,449240.38,2019-04-12
BYR-2537,Jeffrey,Phillips,steven22@example.org,440.442.2559x0172,Individual,2557320.13,2023-08-30
BYR-2538,Caroline,Johnson,wmartinez@example.com,366.432.9297x91598,Individual,2715337.45,2023-02-23
BYR-2539,Deborah,Carter,daviswilliam@example.org,630.974.8378,Individual,431278.64,2019-07-15
BYR-2540,Eric,Weber,,001-761-492-5355,Individual,2321746.57,2019-08-19
BYR-2541,Stephanie,Arellano,kristinmason@example.com,001-599-984-1873,Individual,2941496.6,2019-02-27
BYR-2542,Felicia,Summers,melissa02@example.org,573-885-0695x22684,Individual,2817425.33,2019-03-05
BYR-2543,Cory,Edwards,jeffrey68@example.com,249.245.6250,Investor,998139.56,2021-09-19
BYR-2544,Stephanie,Mack,vsmith@example.net,5887915859,Individual,,2019-11-04
BYR-2545,Anthony,Garrett,parkbrittany@example.net,562-390-2082x8410,Individual,565405.97,2022-05-21
BYR-2546,Elizabeth,Wise,glewis@example.org,+1-678-991-1511x18669,Individual,2580661.84,2020-05-11
BYR-2547,Pamela,Johns,nsmith@example.net,791.934.1123x7050,Individual,872473.25,2023-05-16
BYR-2548,Cynthia,White,gallegospaul@example.net,001-249-426-3714x7805,Investor,,2020-08-14
BYR-2549,Jonathan,Gray,robert14@example.net,7212858670,Individual,,2021-01-12
BYR-2550,Isaac,Johnson,,+1-596-637-0112x47380,Investor,,2023-09-23
BYR-2551,Stephanie,Hunt,ttorres@example.com,307-874-0403,Individual,,2023-08-26
BYR-2552,Eric,Wade,stewartvictoria@example.com,649-997-3262x071,Individual,2100455.87,2023-11-27
BYR-2553,Robert,Allen,joseph45@example.org,936-904-3174x46699,Individual,,2023-11-06
BYR-2554,Jenny,Smith,nicolehuber@example.org,001-844-650-7506x3957,Corporation,1176141.86,2019-02-11
BYR-2555,Gerald,Nelson,,001-996-641-8854x63310,Investor,1429524.52,2020-12-10
BYR-2556,Brittany,Winters,peter06@example.org,(630)985-6054x45619,Individual,2398712.75,2024-02-06
BYR-2557,Teresa,Oliver,guerraclifford@example.net,+1-816-297-2321x154,Individual,1222619.59,2023-02-07
BYR-2558,Rose,Garrett,ana91@example.org,001-230-650-3323,Individual,2626989.57,2019-06-07
BYR-2559,Jessica,Silva,debraandrews@example.org,+1-589-295-0291x55591,Individual,2731668.06,2019-01-16
BYR-2560,Matthew,Lindsey,daniel63@example.com,846.860.7398x13910,Individual,,2021-12-02
BYR-2561,Jack,Greer,cherrera@example.net,385-405-4485,Investor,2188585.74,2024-02-20
BYR-2562,Robert,Jones,shawnarnold@example.net,+1-831-238-4229x382,Individual,1512025.56,2019-04-13
BYR-2563,Lori,Shaw,wadams@example.org,814.281.7159x560,Individual,1110820.73,2023-03-30
BYR-2564,Kevin,Watson,edaniel@example.com,(395)982-8632x29602,Individual,325335.19,2020-03-10
BYR-2565,David,Watson,karen59@example.net,001-970-255-6044x731,Individual,2027879.95,2022-11-18
BYR-2566,Nicole,Thomas,,944-215-5518x89908,Individual,1952107.97,2022-11-27
BYR-2567,Dan,Boyd,cgibson@example.org,001-278-492-7411x35139,Individual,1069995.82,2023-07-24
BYR-2568,Michael,Smith,dmiller@example.org,438-302-1303x842,Individual,2765855.68,2020-02-26
BYR-2569,Tonya,Smith,arivera@example.com,(444)440-2153,Individual,1999226.96,2021-04-10
BYR-2570,Christopher,Brown,john62@example.org,(859)580-3009,Individual,,2022-01-20
BYR-2571,Holly,Woods,,(559)847-6625,Investor,466210.64,2023-05-25
BYR-2572,Sandra,Wilson,liudavid@example.net,(749)833-6297x20850,Individual,983910.67,2022-10-17
BYR-2573,Sabrina,Ruiz,kelly64@example.org,560.766.6972x9496,Investor,2723449.72,2019-01-20
BYR-2574,Derrick,Vargas,christopher74@example.org,+1-844-207-8209x01888,Individual,,2024-04-07
BYR-2575,Kathleen,Clark,jennifer15@example.net,553.997.2390,Individual,1043272.14,2020-12-19
BYR-2576,Joanna,Blevins,sherridrake@example.net,+1-936-310-8551,Trust,2319895.94,2021-10-17
BYR-2577,Kenneth,Ho,,3373400644,Individual,2004410.31,2019-02-15
BYR-2578,William,Palmer,tuckercody@example.net,6515233045,Investor,1468843.17,2023-05-17
BYR-2579,Kenneth,Harris,scott39@example.com,488-795-4063x4412,Individual,1971443.41,2019-02-02
BYR-2580,Robert,Anderson,gmayo@example.org,817-777-6234x589,Investor,736235.18,2019-06-05
BYR-2581,David,Moss,cpeters@example.com,(254)407-3250,Individual,461126.29,2020-07-06
BYR-2582,David,Dominguez,richardgilbert@example.org,431.942.5145x269,Individual,246275.44,2023-08-20
BYR-2583,Kayla,Garcia,amann@example.org,(863)247-9084x73024,Individual,644849.59,2019-06-29
BYR-2584,Karen,Rodriguez,jennifer20@example.com,(367)502-6313x644,Investor,101196.64,2023-01-20
BYR-2585,Julie,Ho,jennifermorgan@example.net,001-767-954-8241x220,Corporation,2854868.7,2023-09-02
BYR-2586,Julie,Griffith,andrea09@example.org,001-997-231-9489x6738,Investor,,2019-12-15
BYR-2587,Patricia,Thomas,moniquecamacho@example.org,+1-506-226-8489x051,Individual,2502768.7,2019-10-12
BYR-2588,Wendy,Smith,brittanymccarthy@example.net,912.609.9676x984,Individual,1741639.08,2020-07-15
BYR-2589,Jillian,Harrell,rpayne@example.com,+1-927-877-3177x859,Individual,1785676.82,2022-01-15
BYR-2590,Regina,Kim,avelez@example.org,803.728.4319x2083,Individual,2551019.13,2019-02-06
BYR-2591,Joel,Reyes,jacobskristin@example.net,280.799.4368x02908,Corporation,,2024-01-22
BYR-2592,Megan,Mclaughlin,townsenddiana@example.net,260.389.7438x018,Individual,981292.81,2021-02-14
BYR-2593,Joseph,Cross,,(463)655-5857x0631,Investor,646171.09,2021-11-12
BYR-2594,Samantha,Marquez,amygarcia@example.com,001-537-234-6838x1029,Investor,1875524.54,2024-02-23
BYR-2595,Robert,Jacobs,jillwoodward@example.net,749.517.0254x12205,Individual,436216.22,2023-11-30
BYR-2596,Lisa,Murray,dwright@example.com,529-856-3908,Individual,,2020-12-19
BYR-2597,Brooke,Mahoney,jennifer51@example.com,001-812-505-5412x2168,Individual,2031152.68,2020-03-07
BYR-2598,Ricky,Moore,erichorton@example.com,(782)921-9236x1062,Investor,2224901.74,2022-03-18
BYR-2599,Sheila,Riley,jsalazar@example.net,334-548-4475,Investor,1385881.36,2019-10-20
BYR-2600,Scott,Erickson,hayleyblackwell@example.org,425.295.3773x1802,Investor,2721053.72,2023-12-27
BYR-2601,Paul,Baldwin,dhoward@example.org,559-634-2079x681,Investor,2199520.4,2023-02-16
BYR-2602,Ashley,Cook,samuel63@example.org,835-543-7655x85478,Corporation,1417660.85,2020-12-29
BYR-2603,Jacob,Acevedo,hedwards@example.net,(331)448-2346x48114,Investor,1291818.89,2019-05-11
BYR-2604,Stephanie,Williamson,nmadden@example.com,531-700-6562x120,Individual,859478.71,2019-07-21
BYR-2605,Marie,Lang,cohenronnie@example.net,666-987-0833,Trust,479120.51,2021-09-17
BYR-2606,Vincent,Moon,christopherjones@example.com,514.337.0629x5333,Investor,2204289.73,2023-01-25
BYR-2607,Alicia,Marshall,aoneal@example.org,823.269.7410x19506,Investor,2405653.82,2021-01-14
BYR-2608,Raymond,Diaz,gregory21@example.org,514-266-8441x293,Investor,2117466.71,2022-04-15
BYR-2609,Donald,Perez,howardbrittany@example.net,+1-778-738-3822x0656,Individual,2949741.4,2021-07-15
BYR-2610,Todd,Rhodes,stephanie43@example.com,(307)568-0319,Individual,1564430.2,2023-10-05
BYR-2611,Melanie,Walker,florestammy@example.org,(896)531-9624,Individual,1300030.51,2019-05-25
BYR-2612,Daniel,Townsend,eduran@example.org,358.494.4175,Individual,,2024-06-14
BYR-2613,Anna,Carter,joshuapowell@example.net,(530)694-2608,Corporation,1247148.52,2019-12-14
BYR-2614,Paula,Bennett,chelsey51@example.net,987.384.4412x159,Individual,1694799.72,2019-09-03
BYR-2615,Amanda,Johns,wgardner@example.net,001-557-525-5546x001,Individual,1775866.78,2019-06-19
BYR-2616,Linda,Jones,michele21@example.com,706.862.6604,Individual,2253499.13,2020-09-09
BYR-2617,Nancy,Lopez,margaret29@example.net,356.716.5834,Individual,2878564.2,2021-05-10
BYR-2618,Monica,Lynn,smithsue@example.net,623.966.9412x728,Investor,1247369.13,2024-05-14
BYR-2619,Chad,Eaton,quinnzachary@example.org,(450)586-4806x6189,Individual,2459489.04,2019-08-04
BYR-2620,Derek,Brown,mary60@example.org,5538942048,Investor,1556080.34,2023-12-03
BYR-2621,Cassandra,Jordan,cjohnson@example.org,656.909.6012x6571,Individual,2691157.52,2024-04-04
BYR-2622,Andrew,Goodwin,davispatrick@example.org,+1-222-631-2181x81528,Investor,2126354.5,2019-03-03
BYR-2623,Donald,Miller,vanessa84@example.com,672-926-1661x371,Individual,2353244.84,2022-12-07
BYR-2624,Sandra,Matthews,randy59@example.com,860.693.2235,Individual,1612627.0,2020-09-26
BYR-2625,Michelle,Walker,wobrien@example.net,+1-691-308-7198x805,Individual,1463228.59,2020-12-14
BYR-2626,Karen,Santos,wendyadams@example.org,+1-287-800-4078x0006,Individual,2202652.4,2020-01-24
BYR-2627,Linda,Bean,alexanderlisa@example.net,+1-350-400-6715x855,Corporation,707488.13,2022-03-06
BYR-2628,Dylan,Sellers,ewilliams@example.net,480.700.1099x5659,Individual,,2021-05-25
BYR-2629,Drew,Brown,ahoward@example.net,2866402297,Corporation,1096661.49,2022-10-04
BYR-2630,David,Collins,jessica44@example.com,(587)650-9868,Individual,,2020-02-06
BYR-2631,Gary,Ross,allenjohn@example.net,868.860.2830,Corporation,2765003.32,2024-04-16
BYR-2632,Shawn,Hines,zkeith@example.net,809.388.9833x988,Investor,219670.46,2020-06-25
BYR-2633,Jamie,Fowler,alexander03@example.org,230-594-2405x9894,Individual,2642524.39,2023-08-02
BYR-2634,Claudia,Lynch,robertskayla@example.org,956.472.1594,Individual,2040279.35,2019-06-25
BYR-2635,Kenneth,Rice,traviseaton@example.org,434.756.3307x35160,Individual,,2022-03-27
BYR-2636,Hannah,Harrington,richard79@example.org,479-476-9576,Individual,2595639.81,2023-09-07
BYR-2637,Dawn,Perez,jennifer73@example.net,431-813-3149,Investor,586373.66,2022-02-13
BYR-2638,Howard,Espinoza,feliciabates@example.com,590-782-8902,Individual,2266472.76,2022-11-07
BYR-2639,April,Small,benitezmisty@example.org,+1-639-471-2525,Individual,1319354.87,2019-07-29
BYR-2640,Chad,Reynolds,meganmcbride@example.com,001-256-380-4333x46804,Individual,1043796.61,2023-06-10
BYR-2641,James,Murphy,catherine06@example.com,204-284-3436x2761,Investor,1964997.05,2022-12-31
BYR-2642,Nathan,Gonzalez,patriciatucker@example.net,+1-370-393-3183,Individual,1843180.48,2020-10-27
BYR-2643,Anthony,Carpenter,amandayoung@example.org,503-469-0555x5544,Individual,224595.74,2020-12-25
BYR-2644,Theresa,Jensen,brian35@example.org,001-360-241-1834x98682,Individual,1134865.3,2019-04-29
BYR-2645,Peter,Rose,tonya78@example.com,612.386.9129x8632,Investor,1388677.89,2019-03-02
BYR-2646,Timothy,Murray,megan33@example.net,821-644-3659x334,Individual,2611384.71,2022-09-22
BYR-2647,Sally,Taylor,williamfreeman@example.com,364-426-9144x68262,Investor,1302207.63,2021-10-07
BYR-2648,Kyle,Hanna,iwilliams@example.com,(845)262-5995,Corporation,2292457.03,2024-01-16
BYR-2649,Megan,Patton,,520.892.3465x4134,Corporation,2934200.91,2022-02-15
BYR-2650,Amber,Durham,sandrawagner@example.net,(942)438-5597,Individual,2832491.06,2022-04-26
BYR-2651,Kathleen,Rodriguez,anthony24@example.com,001-904-626-5370x2964,Individual,1637629.94,2020-12-18
BYR-2652,Cynthia,Reid,amandapineda@example.com,+1-732-923-4169x2174,Individual,,2023-09-21
BYR-2653,Blake,Pena,kristyjohnson@example.net,001-586-854-1632,Individual,1612451.92,2023-01-02
BYR-2654,James,Ward,maryallen@example.org,896.845.8186x62550,Individual,2452776.06,2022-04-14
BYR-2655,Justin,Nelson,brockray@example.org,+1-644-530-2059x662,Investor,1230112.41,2021-04-12
BYR-2656,Wesley,Coleman,andrew87@example.org,001-283-808-1631,Individual,858308.63,2022-11-18
BYR-2657,Kathleen,Bell,johnsondon@example.org,(952)623-5358x33305,Individual,1006633.57,2023-12-29
BYR-2658,Christopher,James,anthonypham@example.com,+1-223-763-3981,Investor,1498999.94,2021-11-22
BYR-2659,Destiny,Torres,laura88@example.net,(409)200-5784,Investor,837735.7,2021-12-31
BYR-2660,Angela,Rice,thomas75@example.net,890.777.4060x79387,Individual,2928156.57,2020-11-14
BYR-2661,Janet,Pacheco,kevin09@example.org,497-721-5211x909,Investor,1489735.48,2023-08-05
BYR-2662,Julie,Brown,knightmichael@example.net,826-370-9599x042,Investor,2422567.25,2020-01-27
BYR-2663,Kristin,Townsend,asullivan@example.org,+1-958-877-2941x5409,Investor,,2022-07-16
BYR-2664,Cassie,Owens,gmartinez@example.org,001-392-828-4053x573,Investor,1882752.78,2021-11-24
BYR-2665,Meredith,Cooper,andrea35@example.org,4013354258,Individual,2861081.15,2024-04-27
BYR-2666,Ronald,Jackson,nathanthompson@example.com,+1-485-990-8211x8370,Individual,,2024-06-13
BYR-2667,Mikayla,Scott,hwalker@example.com,(986)569-4413x787,Individual,345863.04,2021-10-29
BYR-2668,Michelle,Berg,dianamiller@example.org,(374)230-3215,Investor,1880653.87,2022-04-09
BYR-2669,Michelle,Arroyo,fmoore@example.org,423.988.2937x5360,Individual,,2023-04-27
BYR-2670,April,Brewer,cwarren@example.net,(457)291-8670,Individual,1480510.99,2021-04-20
BYR-2671,Brenda,Jordan,andrewgarrison@example.net,705.798.2400x279,Investor,1332501.82,2022-09-10
BYR-2672,James,Hall,knolan@example.net,662.972.3266,Individual,,2022-05-09
BYR-2673,James,Ross,michellerodriguez@example.com,+1-619-389-0897x637,Individual,509320.36,2019-06-21
BYR-2674,James,Peterson,gobrien@example.org,(904)231-3035,Individual,1353633.3,2021-10-09
BYR-2675,Brandon,Rowe,cyoung@example.com,001-211-852-4423,Individual,1843268.03,2021-02-20
BYR-2676,Kenneth,Bennett,margaret47@example.org,+1-692-899-6434x17124,Individual,2590000.33,2021-04-11
BYR-2677,Gabriel,Lewis,martinsamantha@example.com,+1-984-866-4686x830,Individual,,2023-04-25
BYR-2678,Heather,Murphy,reginald56@example.com,+1-665-953-8599x4836,Investor,2404408.91,2023-12-03
BYR-2679,John,Stevenson,bfaulkner@example.org,+1-660-734-9626x730,Individual,1459913.18,2020-01-07
BYR-2680,Daisy,Rodriguez,uweber@example.org,753.571.8875x13925,Individual,1602775.56,2019-11-05
BYR-2681,Michael,Smith,tracy38@example.com,+1-952-869-5178x030,Investor,939418.74,2023-04-07
BYR-2682,George,Rodgers,william93@example.org,(611)894-4320x9973,Individual,1430256.37,2021-08-18
BYR-2683,Jeffrey,Hart,ccook@example.net,586.636.6494x019,Individual,1219334.31,2022-01-31
BYR-2684,Vincent,Scott,ptucker@example.com,001-889-937-8226x6094,Individual,,2022-02-01
BYR-2685,Jason,Moore,kirsten59@example.com,001-733-893-2531x4536,Individual,294844.58,2024-03-21
BYR-2686,Erika,Mercado,lloydanthony@example.net,727.812.5672,Investor,1296402.99,2020-03-16
BYR-2687,William,Gardner,davidshelton@example.net,383-827-4553,Individual,125430.86,2024-02-27
BYR-2688,Sarah,Dyer,dodsonnatasha@example.org,+1-664-759-7117x4911,Individual,1886484.95,2021-04-27
BYR-2689,Caleb,Drake,tinaspencer@example.com,+1-913-435-9939x1948,Individual,459161.85,2019-03-10
BYR-2690,Tina,Clay,nataliealvarado@example.com,+1-419-713-0313x992,Individual,248833.49,2020-06-04
BYR-2691,Timothy,Kelly,joshua79@example.net,8724757592,Individual,691333.35,2021-12-27
BYR-2692,Tyrone,Garcia,megannavarro@example.org,859.590.4494,Individual,2132347.58,2024-01-11
BYR-2693,Brian,Singh,swilliams@example.com,972-795-7773x907,Individual,874598.53,2020-10-25
BYR-2694,Elizabeth,Coffey,ebaird@example.org,+1-375-816-7929x457,Corporation,2689226.57,2019-04-27
BYR-2695,Nicholas,Stevens,carrie59@example.org,3552299799,Individual,2429746.24,2020-10-30
BYR-2696,Victoria,Williams,julierobinson@example.net,507.494.1758x697,Investor,2881266.7,2022-05-18
BYR-2697,Tina,Ellison,waltersalexandra@example.net,384-523-1429x05649,Individual,2739358.22,2019-12-07
BYR-2698,Casey,Singh,stevengarcia@example.com,(881)259-5133x0772,Corporation,817646.35,2022-09-26
BYR-2699,Carrie,Turner,john98@example.org,428-857-7655x24119,Individual,2458699.23,2023-06-15
BYR-2700,Felicia,Mills,nhoffman@example.net,246-476-2071,Individual,2942369.91,2022-08-19
BYR-2701,Sarah,Briggs,fbutler@example.com,001-639-654-8464x3162,Investor,1596770.84,2022-03-06
BYR-2702,Sarah,Avila,robertmoore@example.org,876.486.7518x923,Individual,2813871.58,2022-08-23
BYR-2703,Lindsay,Richards,brittanywilliams@example.com,303.437.7954,Corporation,1060512.95,2019-11-29
BYR-2704,Cristina,Gutierrez,michael46@example.com,+1-685-275-0486x0917,Individual,,2021-03-25
BYR-2705,Cynthia,Morrison,thompsonmichael@example.com,+1-865-783-5301x090,Individual,1253312.99,2023-01-14
BYR-2706,Luis,Booker,millerdana@example.com,(350)784-2347,Individual,,2019-08-17
BYR-2707,Steven,Johnson,jake24@example.org,9955060092,Individual,,2022-12-01
BYR-2708,Beth,Jackson,qsims@example.net,001-675-478-7746x215,Investor,1624930.41,2021-03-31
BYR-2709,Kelly,Benitez,,944-951-9399x5415,Investor,1301047.7,2020-05-10
BYR-2710,Kayla,Perez,linda86@example.org,(345)241-7031x072,Investor,,2023-08-14
BYR-2711,Andrea,Kaufman,mark92@example.org,001-689-493-5214,Individual,854011.32,2022-10-20
BYR-2712,Cynthia,Thompson,johnsonlinda@example.com,(718)295-6880x4423,Investor,,2022-08-08
BYR-2713,Justin,Barrera,csmith@example.org,665-347-5922x913,Investor,1712326.09,2022-02-01
BYR-2714,Donald,Sanchez,davisdalton@example.org,001-670-366-5329x1322,Individual,357422.85,2022-08-17
BYR-2715,James,Newman,mcconnellbrandon@example.org,746-413-2880,Individual,782049.09,2020-11-18
BYR-2716,Crystal,Sheppard,russellbrittany@example.net,+1-987-322-1748,Corporation,652056.88,2019-04-27
BYR-2717,James,Norman,hannah61@example.com,(300)252-0193,Corporation,2289028.64,2024-05-03
BYR-2718,Vincent,Murphy,,001-289-670-4778x560,Investor,1340898.27,2019-04-29
BYR-2719,Heather,Johnson,gdunn@example.org,306.505.5874,Individual,2951226.87,2019-02-13
BYR-2720,Bryan,Wallace,greenchristopher@example.net,+1-852-206-4458x70072,Individual,2534725.24,2019-02-20
BYR-2721,Debbie,Ballard,jessicasmith@example.org,+1-913-913-7892x402,Corporation,721959.61,2019-07-30
BYR-2722,Rodney,Miller,samanthalopez@example.org,428.396.6418x08069,Individual,1682139.09,2022-08-12
BYR-2723,Sandra,Hayes,robertgarcia@example.net,8358969244,Investor,2397356.5,2021-12-20
BYR-2724,Michael,Dawson,paula05@example.com,(979)482-7353,Corporation,1454741.36,2022-05-03
BYR-2725,Laura,Hill,brandonmunoz@example.org,343-760-4235,Investor,2922095.76,2019-10-31
BYR-2726,Tanner,Alvarez,danielshaw@example.net,342.686.5812x983,Individual,276493.89,2024-02-09
BYR-2727,Richard,Weber,szimmerman@example.org,986-218-1626x36132,Individual,2698347.16,2023-03-20
BYR-2728,Nicole,Strong,jonathanporter@example.net,001-735-885-2718x3278,Individual,884508.37,2021-03-22
BYR-2729,Jose,Tran,stricklandlindsey@example.com,(428)888-5488x6302,Individual,1678964.82,2021-05-25
BYR-2730,Molly,Barnes,daniel74@example.net,645.795.5489x56879,Trust,945066.33,2020-12-24
BYR-2731,Matthew,Hickman,rodriguezbrianna@example.org,762.203.9526x1896,Individual,2565605.0,2019-01-08
BYR-2732,Deborah,Chen,thomas22@example.net,886-564-6174x438,Individual,,2021-12-23
BYR-2733,James,Stevens,charles85@example.org,(745)625-5036x5356,Investor,2189885.57,2021-11-20
BYR-2734,Kayla,Rogers,javier44@example.org,554.793.4186,Corporation,939926.33,2020-07-03
BYR-2735,Michelle,Berry,gabrielle83@example.net,844.802.6344x7038,Investor,,2023-06-26
BYR-2736,Robin,Watkins,christine78@example.com,001-908-682-2729,Individual,471080.45,2021-12-31
BYR-2737,Bruce,Huang,brandon06@example.com,(537)469-1115x8660,Individual,1569769.39,2021-03-14
BYR-2738,Catherine,Mccormick,barbaraswanson@example.com,957.758.0998x142,Investor,2813183.06,2023-01-27
BYR-2739,Mark,Williams,james57@example.net,861-626-3542x520,Investor,2278943.82,2024-06-28
BYR-2740,Jordan,Stephens,browntyler@example.org,651.744.6949x180,Individual,1158497.87,2019-03-02
BYR-2741,Alan,Berry,christopher07@example.org,590-799-0529,Individual,,2021-10-01
BYR-2742,Alicia,Henry,john28@example.net,331.526.5473x2292,Trust,2355302.85,2019-05-21
BYR-2743,Rebecca,Smith,wellsthomas@example.org,+1-985-873-6467,Trust,2510809.47,2019-10-13
BYR-2744,Jason,Johnson,daniel73@example.net,8088145636,Investor,2122356.97,2024-04-07
BYR-2745,Mary,Bush,abbottbryan@example.org,(446)279-1613,Individual,1242317.03,2022-05-19
BYR-2746,Lisa,Yates,tmcdaniel@example.com,5664406060,Individual,2186344.43,2022-05-28
BYR-2747,Deanna,Medina,ablanchard@example.org,204-324-2339x93534,Investor,924320.46,2021-12-20
BYR-2748,Katherine,Smith,qconrad@example.org,+1-654-249-5322x557,Individual,2776422.75,2023-11-14
BYR-2749,Stephanie,Wilson,lauren91@example.org,3977964846,Investor,2787322.66,2020-03-23
BYR-2750,Christopher,Bond,ganderson@example.net,910.429.9800x58005,Individual,1229550.57,2020-05-11
BYR-2751,Heidi,Cox,,266-385-7397x4418,Individual,1656897.57,2020-04-13
BYR-2752,Lisa,Simmons,fhansen@example.org,871.811.2566,Individual,180090.01,2022-06-05
BYR-2753,Omar,Holder,laura36@example.net,001-977-400-2491,Investor,2805340.88,2019-12-19
BYR-2754,Samuel,Stephens,hillantonio@example.com,+1-832-908-7208,Investor,2630896.95,2021-03-08
BYR-2755,Aaron,King,walkerkyle@example.net,473.346.3587,Individual,2226274.72,2020-05-11
BYR-2756,Kathryn,Francis,elizabeth07@example.org,841.276.5679,Investor,2754972.44,2021-10-31
BYR-2757,Carrie,Duran,gloverkristine@example.org,273.962.7512x5116,Individual,2043533.93,2021-10-29
BYR-2758,Sandra,Jordan,williamsjennifer@example.com,521-429-1606,Individual,1644128.87,2022-05-13
BYR-2759,Paul,Hunter,erikabrown@example.net,+1-470-359-0403x2056,Individual,541588.15,2019-10-11
BYR-2760,Louis,Tanner,vwalters@example.net,735-755-2594x563,Individual,437254.61,2023-12-03
BYR-2761,Jesus,Foster,margaret13@example.net,+1-265-622-4926,Corporation,1795873.59,2023-12-31
BYR-2762,Ryan,Jacobson,christinedoyle@example.org,8983331021,Individual,,2020-08-08
BYR-2763,Yolanda,Jacobs,shanegomez@example.com,001-741-908-4556x36042,Individual,1939889.75,2022-01-11
BYR-2764,Anita,King,nwade@example.org,642-541-4487x8479,Investor,,2019-02-01
BYR-2765,Mary,Burns,jmartinez@example.net,653.506.8405x000,Individual,1127426.93,2021-07-02
BYR-2766,Jennifer,Crawford,,001-347-658-9610x1412,Individual,2841924.35,2023-02-18
BYR-2767,Pamela,Henderson,petersaustin@example.net,834.571.8720x344,Individual,194848.25,2019-09-04
BYR-2768,Joseph,Price,anielsen@example.org,320.999.6943x0748,Individual,1576693.56,2024-04-19
BYR-2769,Diana,Lowery,phillipsjohn@example.org,001-667-674-1413x0904,Individual,818155.29,2022-07-05
BYR-2770,Anthony,Gillespie,underwoodalexander@example.org,540.804.0437x051,Individual,619560.99,2023-06-10
BYR-2771,Brian,Roberson,markwells@example.org,+1-356-867-1883x444,Corporation,2634311.15,2021-07-16
BYR-2772,Jamie,Smith,schmidtdaniel@example.com,559.979.9047x4736,Trust,2381218.09,2023-04-01
BYR-2773,Jennifer,Oconnor,christinarodriguez@example.net,720-383-5069x3340,Investor,1221011.39,2023-09-05
BYR-2774,Walter,Edwards,davenportchris@example.net,974-209-5505x915,Individual,1677404.86,2023-07-05
BYR-2775,Aaron,Weber,andrewaguilar@example.com,993-655-8172x5066,Individual,200552.95,2022-06-11
BYR-2776,Lisa,Jones,ejohnson@example.org,+1-588-526-3086,Individual,1407982.93,2023-07-27
BYR-2777,Tammy,Williams,stevengonzalez@example.net,+1-296-410-5583,Investor,2177310.3,2024-06-23
BYR-2778,Anthony,Fox,margaret13@example.com,226-425-9506,Individual,1273711.17,2019-10-10
BYR-2779,Shane,Smith,josephwheeler@example.org,7609901398,Corporation,2133101.29,2020-06-05
BYR-2780,Patricia,Martin,phillipsrobert@example.com,900.572.2153,Individual,206812.32,2021-09-24
BYR-2781,Jean,Lee,rogersrebecca@example.net,360-269-7154x6124,Individual,1900301.09,2023-12-07
BYR-2782,Tina,Sanchez,gwiggins@example.org,+1-599-990-2073x71284,Individual,745597.9,2020-07-03
BYR-2783,Stacey,Wilson,mlopez@example.org,268.839.4291,Individual,,2022-03-07
BYR-2784,Brian,Green,melanieswanson@example.net,(664)205-2449x898,Individual,1250215.14,2024-04-30
BYR-2785,Cory,Shaffer,alvin33@example.net,971.401.0413x215,Investor,1684575.21,2019-08-18
BYR-2786,Justin,Elliott,mmeyers@example.com,3707769685,Individual,1028486.63,2022-11-09
BYR-2787,Samantha,Murray,ashley10@example.com,934-210-6544x36677,Corporation,2397137.83,2021-02-18
BYR-2788,Aaron,Garcia,garzakim@example.net,799.245.1503,Corporation,526924.13,2021-09-24
BYR-2789,William,Hanson,jacobhawkins@example.com,+1-664-367-4354x80380,Trust,936161.81,2023-01-27
BYR-2790,Roger,Mcfarland,matthewroberts@example.com,(642)492-6027x177,Individual,2105471.74,2023-03-16
BYR-2791,Jacqueline,Phillips,nparker@example.com,565.715.1606x380,Individual,944833.5,2024-04-12
BYR-2792,Bruce,Mclean,christina09@example.net,(797)353-7070x1646,Investor,911809.15,2024-02-13
BYR-2793,Kirk,Brown,,(244)656-8082,Investor,1653961.24,2023-12-21
BYR-2794,Nancy,Love,antonio35@example.org,+1-532-810-0804x527,Investor,990129.35,2022-04-02
BYR-2795,Eric,Pierce,katrinasherman@example.org,390-688-9478x729,Corporation,1887866.93,2024-03-05
BYR-2796,William,Bailey,gregory47@example.org,+1-948-519-0517x69487,Individual,1817997.12,2023-09-08
BYR-2797,Candace,Elliott,anne41@example.com,942-341-7942x1661,Investor,1273423.84,2023-05-16
BYR-2798,Jennifer,Vaughn,debbiebarrett@example.net,304-262-2924,Individual,2793574.27,2021-11-04
BYR-2799,Jessica,Hines,rossjames@example.net,(510)802-7857,Individual,2254597.87,2019-02-17
BYR-2800,Tracy,Garcia,cristian71@example.com,996.269.9569x720,Individual,2177696.74,2021-01-12
BYR-2801,Brandon,Case,jason08@example.com,(291)257-2829x653,Individual,1163835.19,2019-08-09
BYR-2802,Richard,Jimenez,reyeswilliam@example.net,722.616.5587,Individual,938376.32,2021-12-11
BYR-2803,Scott,Brennan,idorsey@example.net,(761)792-5710,Individual,1570324.08,2020-06-15
BYR-2804,Brittany,Jones,schmidtmegan@example.com,590-351-4372,Investor,1597588.95,2021-11-04
BYR-2805,Lori,Lopez,fprice@example.net,317.798.8078x2027,Individual,176725.29,2019-06-05
BYR-2806,Keith,Jarvis,bmorris@example.org,2997265041,Individual,1834781.65,2019-12-18
BYR-2807,Dawn,Franklin,crawfordmichael@example.net,911.807.1642x9256,Individual,558618.57,2023-04-12
BYR-2808,Pamela,Holt,matthew70@example.net,208-870-8119x309,Individual,1146825.68,2022-05-07
BYR-2809,Karen,Stone,ambercraig@example.com,3597405813,Investor,1254860.98,2020-11-07
BYR-2810,Benjamin,Ingram,nsampson@example.net,(680)576-5261x52005,Investor,,2023-09-10
BYR-2811,Joseph,Deleon,henryreed@example.net,972.396.7428x427,Individual,2135044.14,2023-08-24
BYR-2812,Rhonda,Bennett,natalieowens@example.org,4858745528,Corporation,1957757.39,2023-06-07
BYR-2813,Julie,Flowers,courtneygoodman@example.net,493.698.9723,Individual,1868170.5,2019-04-19
BYR-2814,Paul,Smith,amyparker@example.com,480-321-7228,Investor,2628672.31,2023-09-10
BYR-2815,Jessica,Rodriguez,vrivas@example.net,(354)717-2937x0860,Investor,,2022-10-14
BYR-2816,Stephen,Jackson,christopherwalls@example.com,5594977753,Individual,663203.12,2021-01-15
BYR-2817,Danielle,Cook,jessicalee@example.net,+1-466-242-7606,Individual,913912.49,2023-03-09
BYR-2818,Jasmine,Bernard,douglas51@example.net,662-948-4990,Corporation,2190011.18,2019-06-01
BYR-2819,Jesse,Dillon,smithtodd@example.org,+1-686-701-6003,Investor,2012297.1,2020-12-03
BYR-2820,Robert,Rivers,andreadodson@example.com,(266)745-2572x53800,Investor,414357.33,2022-09-18
BYR-2821,Johnny,Golden,garrettdavid@example.com,+1-996-362-2431,Individual,1338690.52,2021-11-26
BYR-2822,Gail,Mills,wwiley@example.org,528-304-7593x4933,Corporation,,2024-06-11
BYR-2823,Brent,Best,ellistravis@example.net,805.524.6262x8718,Individual,603328.35,2020-08-03
BYR-2824,Joel,Lopez,,001-219-805-3325x015,Investor,2259580.05,2019-04-28
BYR-2825,Shawn,Smith,uroberts@example.net,623-640-7780x45006,Individual,2476755.06,2022-09-27
BYR-2826,Ricky,Taylor,hsmith@example.net,921-264-6424,Investor,2690672.49,2019-07-15
BYR-2827,Natalie,Ball,mcdonaldwilliam@example.net,(942)406-0326,Individual,203707.62,2023-09-09
BYR-2828,Jacob,Higgins,rdonovan@example.org,(449)615-1286x3539,Investor,1523002.3,2019-12-12
BYR-2829,Marie,Hoover,megan59@example.org,+1-797-275-8980x9392,Individual,1181603.57,2022-10-21
BYR-2830,Leah,Roach,csmith@example.com,+1-901-533-7370,Investor,1629204.56,2022-09-18
BYR-2831,Jamie,Parker,chaserebecca@example.net,+1-657-241-3773,Individual,1163293.61,2024-04-02
BYR-2832,Michael,Khan,diana83@example.org,714-772-9410x3518,Individual,1707220.56,2023-03-20
BYR-2833,Michael,Carter,brooksgabriel@example.org,001-637-329-4681x16535,Individual,546853.18,2023-10-25
BYR-2834,Daniel,Hudson,angelamartinez@example.org,526.932.3654x54040,Investor,689459.58,2019-04-04
BYR-2835,Benjamin,Farmer,erin74@example.net,808-820-2513x5130,Individual,2385135.93,2020-10-18
BYR-2836,Travis,Giles,smithmegan@example.net,578.968.4199,Individual,2776529.67,2021-08-05
BYR-2837,Antonio,Parks,christinebond@example.net,605.725.1563,Individual,2859369.27,2023-09-05
BYR-2838,Andre,Smith,emily01@example.com,(884)298-8978,Investor,637661.89,2023-10-13
BYR-2839,Adam,Ellis,margaret34@example.com,001-227-982-2075,Individual,106730.9,2021-05-29
BYR-2840,Gabriel,Vasquez,luis17@example.org,902-781-6617,Investor,2444631.25,2023-09-29
BYR-2841,Joseph,Garner,emily72@example.com,618.902.1818,Investor,,2022-02-22
BYR-2842,Stephanie,Rowe,margaret30@example.com,843.698.8477,Individual,2198931.68,2021-12-14
BYR-2843,Molly,Riddle,zmooney@example.org,001-235-298-6631x64940,Individual,2850751.83,2021-09-30
BYR-2844,Jennifer,Hicks,matthewlamb@example.com,(537)540-3283,Individual,,2020-11-09
BYR-2845,Jimmy,Oneal,colejennifer@example.com,9204009745,Individual,2387445.32,2024-03-14
BYR-2846,Julie,Harris,mary68@example.org,+1-883-747-2009x316,Investor,2776780.56,2023-02-09
BYR-2847,Elizabeth,Coleman,washingtondonna@example.com,290.433.2316,Investor,2117090.24,2023-06-26
BYR-2848,Chris,Perez,harriskathryn@example.com,+1-359-579-6109x701,Individual,1793230.14,2023-06-06
BYR-2849,Anthony,Miller,tgonzalez@example.org,827.979.7474,Investor,190090.26,2021-11-03
BYR-2850,Gabriel,Howard,andrewcantrell@example.net,208-334-4672x7835,Investor,2992906.81,2023-05-11
BYR-2851,Timothy,Berry,kimberly89@example.org,9093565336,Investor,2739008.05,2022-01-12
BYR-2852,Peter,James,ryanmcbride@example.com,001-231-405-5954x1988,Individual,1692035.75,2019-03-09
BYR-2853,Andrew,Roth,nicole07@example.org,(887)581-5539x589,Individual,435422.8,2022-08-16
BYR-2854,Harry,Foster,prichards@example.net,607.924.1947x84257,Individual,1609529.06,2023-08-12
BYR-2855,Janet,Medina,sanchezmichael@example.com,985.391.5801x16218,Investor,401913.22,2022-02-06
BYR-2856,Scott,Rogers,karenbyrd@example.com,+1-527-294-9779x01681,Investor,232121.26,2023-02-02
BYR-2857,Jessica,Carpenter,george44@example.org,945-820-2661,Investor,,2020-01-27
BYR-2858,Jacqueline,Durham,christierobinson@example.net,+1-639-313-5030,Investor,2624880.55,2022-06-23
BYR-2859,Stephanie,Vaughn,mario48@example.com,(835)738-1018,Individual,1935300.06,2022-01-01
BYR-2860,Savannah,Munoz,david23@example.net,001-433-692-3603,Individual,934896.05,2022-12-07
BYR-2861,Amanda,Walker,leahavery@example.net,(267)303-3087,Investor,390098.18,2023-04-30
BYR-2862,Scott,Nunez,acox@example.net,001-575-745-4614,Individual,320074.92,2021-12-28
BYR-2863,Carl,Ford,sheltonzachary@example.org,216-474-5607x2811,Individual,769512.53,2023-09-25
BYR-2864,Gregory,Gamble,vincent59@example.org,(550)490-4578x69218,Investor,1296326.97,2021-02-10
BYR-2865,Veronica,Clark,tanner01@example.com,642-959-3544x8231,Investor,,2022-09-20
BYR-2866,Joan,Torres,nproctor@example.org,001-214-866-5057x1351,Individual,,2021-01-10
BYR-2867,Daniel,Ortega,hsmith@example.com,229-780-6267,Corporation,,2024-04-14
BYR-2868,Allen,Henderson,matthewpearson@example.net,847-529-2579x11144,Individual,2174438.39,2023-07-08
BYR-2869,Jesse,Brown,pbrown@example.com,269-895-8862x60270,Individual,1476997.94,2019-11-29
BYR-2870,Jason,Velasquez,toddjones@example.org,001-641-893-4660x63790,Investor,,2022-04-19
BYR-2871,Karen,Miller,patricia00@example.com,9945149380,Investor,230008.45,2023-07-13
BYR-2872,Brian,Diaz,gordonjohn@example.com,(631)259-7094x8222,Investor,,2021-11-28
BYR-2873,David,Ramirez,bryan24@example.net,270.578.9972,Corporation,1001685.04,2024-06-01
BYR-2874,Mark,Johnson,ryan80@example.com,001-750-525-9302x94125,Investor,1148544.08,2019-07-18
BYR-2875,Melanie,Williams,john69@example.org,001-206-992-0489,Corporation,422919.61,2022-08-06
BYR-2876,Colleen,Fox,kurtjacobs@example.org,791-639-7324x37052,Trust,2468238.99,2022-04-10
BYR-2877,John,Scott,shellymanning@example.org,858.729.2411x970,Individual,1959478.83,2022-01-20
BYR-2878,Jason,Horne,thompsonnicole@example.org,245.652.1825x541,Investor,2834271.85,2023-05-21
BYR-2879,Wendy,Solis,kevinliu@example.com,+1-740-935-3830x823,Individual,1098327.12,2023-02-14
BYR-2880,Carla,Howard,volson@example.net,001-759-892-3069x5844,Individual,2319368.59,2020-03-17
BYR-2881,Candice,Contreras,ygates@example.org,562-833-7480,Investor,,2023-03-30
BYR-2882,Johnny,Williams,roger15@example.net,(513)984-2378x49960,Investor,2310362.4,2023-12-21
BYR-2883,Michael,Salazar,scottmosley@example.org,(696)325-2858,Individual,2344153.63,2023-02-01
BYR-2884,Sonya,Mcknight,mwells@example.com,571.513.4949,Investor,,2020-06-25
BYR-2885,Pamela,Barber,spencergary@example.org,785.600.6447x8289,Investor,1572780.92,2024-02-19
BYR-2886,Kim,Hughes,anna36@example.net,(590)784-8002,Individual,1439961.77,2023-10-10
BYR-2887,Deborah,Murphy,mary22@example.net,+1-789-559-8378x4729,Individual,2995717.19,2022-05-15
BYR-2888,Elizabeth,Gonzales,chapmantimothy@example.com,737-942-8060x1282,Investor,2341560.33,2020-04-09
BYR-2889,Erica,Rowe,paulmartinez@example.net,667-289-8590,Investor,1387098.13,2022-12-08
BYR-2890,Jason,Mcclain,amandathompson@example.org,6078638254,Individual,1345058.06,2023-03-20
BYR-2891,Michelle,Howell,william75@example.net,001-970-715-0247x1735,Individual,262221.21,2020-07-28
BYR-2892,Sean,Gonzalez,hannahkelly@example.org,(205)451-4680x0339,Individual,,2020-02-28
BYR-2893,Rebecca,Dunn,jorgestanley@example.net,+1-285-859-5494,Individual,979661.41,2019-02-27
BYR-2894,Sharon,Underwood,robertsdrew@example.org,991-735-6661x346,Corporation,1263361.83,2023-09-08
BYR-2895,Ryan,Suarez,daniel04@example.org,512.201.4116x365,Investor,439026.62,2023-04-13
BYR-2896,Betty,Golden,justin34@example.org,613-585-2459x3298,Investor,2219562.82,2019-10-06
BYR-2897,Yvonne,Lamb,sarahbullock@example.net,001-954-863-1003x0570,Investor,1844057.89,2023-07-12
BYR-2898,Shawn,Stephens,russell84@example.net,+1-768-202-9562x389,Corporation,1214651.18,2020-05-01
BYR-2899,Terri,Taylor,vmurray@example.org,+1-277-312-8024x1589,Individual,360431.77,2019-04-12
BYR-2900,Stephanie,Aguilar,edwardsthomas@example.org,661.642.1568,Individual,1668023.85,2020-09-14
BYR-2901,Clayton,Gonzalez,dwall@example.com,+1-273-955-9628,Trust,,2020-12-20
BYR-2902,Terri,Tucker,,(572)566-7714x53167,Investor,1677033.04,2022-09-07
BYR-2903,Adam,Woodward,aroy@example.org,(709)850-4868,Individual,916865.91,2023-08-03
BYR-2904,Trevor,Boyle,candaceferrell@example.com,355.902.1320x682,Individual,1723253.31,2019-02-06
BYR-2905,Lisa,Lee,reedjeffrey@example.com,6994772204,Corporation,234241.76,2021-12-15
BYR-2906,Marcus,Kirby,hallhenry@example.org,+1-259-752-4455x8058,Trust,606280.65,2024-05-21
BYR-2907,Laura,Sanchez,daviskathryn@example.com,2212507507,Individual,2919330.82,2019-10-29
BYR-2908,Linda,Long,thomasbrian@example.org,+1-709-744-8469x752,Individual,2170574.4,2022-07-31
BYR-2909,Dawn,Madden,brandon02@example.org,713.262.8504x90776,Individual,1649365.6,2019-08-17
BYR-2910,John,Harris,rdillon@example.org,(468)936-8757x676,Individual,2403163.31,2021-07-16
BYR-2911,Brittany,Anderson,cvaughn@example.com,(867)722-7824,Individual,,2023-01-09
BYR-2912,Angela,Moore,,723.645.0385,Individual,,2024-06-23
BYR-2913,Wanda,Jordan,margaretthomas@example.com,987-962-8391,Individual,,2022-12-24
BYR-2914,Michele,Browning,alyssa68@example.com,837.357.1782x4022,Individual,706398.73,2021-07-11
BYR-2915,Eileen,Baker,corey84@example.com,3943852356,Individual,1802218.99,2020-10-12
BYR-2916,Laura,Rogers,heatherbuckley@example.com,969-328-8428,Investor,2150022.08,2023-09-19
BYR-2917,Michael,Reed,mkline@example.net,+1-229-965-0909x283,Trust,2064134.73,2021-07-16
BYR-2918,James,Gill,,718.347.0722x5307,Individual,526162.39,2020-05-31
BYR-2919,Emily,Cox,alicia70@example.net,(232)603-4357x800,Trust,1784120.38,2021-07-04
BYR-2920,Michele,Jones,sandra42@example.com,(559)781-3809x673,Individual,2118962.75,2022-08-31
BYR-2921,Anita,Burns,ehicks@example.org,+1-752-920-9881,Corporation,884250.29,2021-12-30
BYR-2922,Ashley,Black,samuelmack@example.org,001-864-455-8999,Investor,1115666.4,2023-07-08
BYR-2923,Cheyenne,Pierce,sarahopkins@example.net,596.766.2713x915,Corporation,2701309.82,2020-09-25
BYR-2924,Heather,Williamson,katelyn95@example.org,+1-574-955-7284x1520,Corporation,2851494.0,2020-10-02
BYR-2925,Danielle,Howard,shannonmckee@example.com,955.353.0082x529,Investor,249266.75,2019-06-30
BYR-2926,Tracey,Hendricks,michaelkelly@example.com,+1-544-231-3888,Individual,1078697.62,2022-12-27
BYR-2927,Tanner,Hicks,qfernandez@example.org,718-206-0652x6505,Individual,1068063.86,2023-06-26
BYR-2928,Jessica,Smith,debraking@example.com,778.382.4783x56825,Individual,927124.21,2020-09-29
BYR-2929,Diana,Graham,rebecca81@example.com,477.826.0745x956,Investor,1886512.46,2020-07-26
BYR-2930,James,Kelly,colemanjoyce@example.net,607-977-2664,Investor,1909434.19,2023-07-12
BYR-2931,Jasmine,Holden,autumnhernandez@example.org,677.897.9543x9506,Individual,2110396.82,2024-03-20
BYR-2932,Brendan,Walsh,barbara74@example.net,001-658-572-4072x05340,Individual,197517.47,2023-01-05
BYR-2933,Matthew,Stafford,ebrown@example.net,669-833-4706x5280,Investor,2904435.28,2021-12-22
BYR-2934,Debbie,Murphy,,574-538-1784x21976,Individual,2242937.68,2021-01-13
BYR-2935,Joshua,Sherman,whitney68@example.org,(788)545-6734,Investor,2785734.37,2020-07-02
BYR-2936,Rebecca,Torres,jessica76@example.org,2466279046,Individual,192198.8,2020-01-18
BYR-2937,Jonathan,Flores,colemanchristopher@example.org,401-787-9024x58842,Individual,2208972.16,2021-12-29
BYR-2938,Paul,Smith,michael34@example.org,001-939-631-3481x9887,Individual,2435668.32,2023-10-28
BYR-2939,Emily,Hatfield,luke95@example.org,(750)375-4263x364,Individual,2622542.38,2021-04-03
BYR-2940,Christine,Stanton,mparker@example.org,(970)488-1746x138,Individual,166049.75,2022-05-13
BYR-2941,Felicia,Thomas,valerie59@example.net,(287)248-5009x49060,Individual,2868371.22,2023-05-17
BYR-2942,Karen,Smith,tgutierrez@example.com,(432)659-7503x982,Individual,1310074.25,2024-06-10
BYR-2943,Carol,Thompson,nhodge@example.org,672-592-9413x91255,Individual,2995528.63,2019-06-05
BYR-2944,Kevin,Lucas,nicholselizabeth@example.org,2915853945,Individual,,2019-09-07
BYR-2945,Veronica,Martinez,matthew38@example.net,839.393.4299,Individual,520123.53,2022-01-16
BYR-2946,Chelsea,Cruz,hornjulie@example.org,7908960054,Investor,2439152.19,2019-02-04
BYR-2947,Steven,Estrada,rnavarro@example.net,236.984.0520x42452,Individual,2463646.33,2023-10-02
BYR-2948,Paula,Green,torresjacqueline@example.com,8766219185,Investor,1370926.63,2022-01-06
BYR-2949,Riley,Lee,barry07@example.net,679-491-6414x513,Individual,622398.68,2019-09-19
BYR-2950,John,Frey,freemanaudrey@example.net,+1-400-321-2555x37195,Individual,584030.58,2019-02-14
BYR-2951,Paul,Weaver,sarahjohnson@example.org,853.979.8189,Individual,2873778.09,2023-05-15
BYR-2952,Sandra,Hall,blake95@example.org,2774776929,Investor,818919.97,2023-07-15
BYR-2953,Logan,Wu,johnrogers@example.org,990-341-3423,Trust,149563.61,2020-03-19
BYR-2954,Kevin,Martinez,kclark@example.net,726-421-3988,Corporation,2733263.54,2022-09-23
BYR-2955,Anthony,Johnson,williamsoscar@example.net,447.786.2420x30074,Corporation,712235.47,2023-07-28
BYR-2956,Angela,Johnson,brookegregory@example.net,6145352832,Individual,834724.25,2021-01-18
BYR-2957,Mark,Mccormick,rperry@example.com,(630)666-8587,Individual,752715.06,2019-08-05
BYR-2958,Bethany,Higgins,moralesmary@example.com,980.212.6929x36271,Corporation,,2024-03-16
BYR-2959,Steven,Chavez,,515-716-5297x52599,Trust,2390807.3,2019-10-14
BYR-2960,Shane,Harris,susan61@example.org,517.445.1928x75723,Trust,2637682.75,2023-10-23
BYR-2961,Cesar,Guzman,jacob33@example.com,948-232-5380x1541,Individual,621680.67,2020-09-01
BYR-2962,Kari,Garcia,rickjohnson@example.com,(774)229-9685,Individual,731952.95,2024-03-07
BYR-2963,Erika,George,ronald90@example.net,(900)796-7861,Investor,,2021-02-11
BYR-2964,Harold,Maldonado,vasquezfrank@example.net,643-616-0872x97211,Individual,1497706.46,2023-05-08
BYR-2965,Sharon,Alexander,morrisvanessa@example.org,(541)482-0306x6077,Investor,1699828.7,2024-05-11
BYR-2966,Madeline,Bishop,vbrown@example.com,001-630-769-0941,Investor,547230.74,2019-02-18
BYR-2967,Lynn,Smith,stephaniegalloway@example.org,401-756-6039x64892,Investor,1292147.37,2024-06-30
BYR-2968,Dan,Barnes,tesparza@example.com,932-716-4471x225,Corporation,2475647.92,2023-07-07
BYR-2969,Richard,Lopez,zreyes@example.org,(904)297-9874x71200,Individual,2939605.66,2022-08-03
BYR-2970,Audrey,Moore,derrick35@example.org,3034978435,Investor,438519.48,2022-11-18
BYR-2971,Arthur,Nguyen,wrobinson@example.org,(862)949-2556x9197,Investor,1679038.0,2019-02-28
BYR-2972,Megan,Joseph,amanda96@example.com,733-793-4587,Investor,267581.08,2023-12-14
BYR-2973,Jennifer,Mann,nicolas41@example.org,246-546-6291x4787,Trust,2081159.35,2023-11-22
BYR-2974,Thomas,Shea,hporter@example.org,249-761-8115,Individual,328186.93,2023-08-22
BYR-2975,Christy,Hanson,ukim@example.org,(283)551-7331x1702,Individual,,2019-05-11
BYR-2976,Linda,Torres,randallricky@example.org,(330)521-5736,Investor,213535.81,2020-03-30
BYR-2977,Kim,Sanchez,jasminechavez@example.net,379-472-7080x42483,Individual,1503182.01,2024-05-08
BYR-2978,Mindy,Vaughan,,001-415-978-0147x1326,Corporation,143841.67,2021-07-23
BYR-2979,Cynthia,Smith,olivertammy@example.org,489-495-1508x388,Investor,482719.6,2020-03-08
BYR-2980,Austin,Bradley,victor77@example.net,(862)431-1690x21665,Individual,1449335.98,2022-05-03
BYR-2981,Amber,Jimenez,haneymaria@example.net,+1-485-320-6740x978,Individual,854481.39,2020-07-27
BYR-2982,Derrick,Mendoza,michaelgibson@example.net,9439999019,Individual,1274365.9,2019-10-30
BYR-2983,Lee,Bell,espinozakaren@example.org,(763)339-9430x263,Individual,1739490.78,2022-12-20
BYR-2984,Hannah,Barker,robertsbrian@example.com,+1-435-215-0940x590,Individual,517028.78,2021-12-11
BYR-2985,Christopher,Wilson,cheryl39@example.net,487.816.6986,Investor,2714091.23,2021-02-14
BYR-2986,Tiffany,Tapia,danny07@example.org,4178152768,Investor,179045.4,2019-04-17
BYR-2987,Melissa,Dean,castillojennifer@example.net,4712000579,Trust,,2023-06-20
BYR-2988,Jeffrey,Fuller,kaylee15@example.com,(578)729-2217x311,Corporation,1578222.8,2019-02-18
BYR-2989,Christopher,King,lopeztara@example.com,(674)481-5882,Individual,547731.49,2020-02-13
BYR-2990,Lisa,Jones,huntmegan@example.net,001-814-400-1964,Investor,1914259.55,2020-04-16
BYR-2991,Christina,Lopez,elizabethallen@example.com,4287193892,Corporation,2816969.25,2019-10-28
BYR-2992,Timothy,Martin,charlessanders@example.com,+1-910-960-4662x10098,Investor,720193.93,2020-04-04
BYR-2993,James,Mcdonald,,001-575-654-7985,Investor,2637391.69,2020-07-19
BYR-2994,Timothy,Porter,marie88@example.org,652.516.0760x840,Investor,2642619.85,2023-05-02
BYR-2995,Amber,Moreno,sandersdylan@example.com,(990)749-3503x798,Corporation,2633773.57,2020-06-18
BYR-2996,Melissa,Savage,jenniferlove@example.net,001-422-883-1120x74580,Investor,711343.29,2022-08-31
BYR-2997,David,Doyle,jacksonrobert@example.com,787.855.4958,Investor,1571472.34,2019-04-26
BYR-2998,Daniel,White,,001-491-821-8753x413,Individual,,2023-09-11
BYR-2999,Christopher,Grant,lucas58@example.org,3508407794,Individual,591733.19,2022-07-23
BYR-3000,Nicholas,Miller,vanessa75@example.org,8108472639,Investor,316760.93,2024-04-11
BYR-3001,Tyler,Patterson,laura21@example.net,(503)830-4738x281,Corporation,1063456.91,2023-08-29
BYR-3002,Jeanne,Wright,kevin95@example.net,001-637-289-9391x6109,Individual,,2019-03-12
BYR-3003,David,Lozano,melanie37@example.org,001-797-817-7477,Individual,1961352.26,2020-11-11
BYR-3004,Brandon,Wang,michaelmia@example.net,461-205-6064,Investor,,2023-10-21
BYR-3005,Danielle,Solis,hamiltonroberta@example.com,511-794-2878,Corporation,522025.16,2022-01-18
BYR-3006,Melissa,Olson,jeffery63@example.org,9004557010,Individual,1780790.64,2023-11-10
BYR-3007,Eric,Bishop,,233-855-2946x263,Individual,1171675.68,2021-11-13
BYR-3008,Michael,Gay,curtismichelle@example.org,(337)970-7055,Individual,2047139.54,2020-03-15
BYR-3009,Jessica,Joseph,ehickman@example.org,(628)363-0966x1947,Individual,798243.98,2023-02-06
BYR-3010,Heather,Scott,rhudson@example.net,332.372.9018x925,Individual,2615985.71,2019-03-01
BYR-3011,Susan,Chapman,brianfrazier@example.com,375-451-5119x14651,Individual,2957672.25,2020-10-22
BYR-3012,Rodney,Hall,,001-934-876-6480,Trust,,2022-08-27
BYR-3013,Evan,Sharp,alyssa43@example.net,(708)275-5094x181,Investor,1420801.26,2019-12-22
BYR-3014,Carla,Harrell,nlevine@example.org,853.257.0450x28144,Individual,1409587.76,2021-06-23
BYR-3015,Karen,Pearson,tina23@example.org,220.529.7893x309,Corporation,2766191.85,2020-08-19
BYR-3016,Gregory,Patel,uhiggins@example.org,001-429-699-3665x2049,Individual,763512.14,2020-05-11
BYR-3017,Gregory,Wright,welchjennifer@example.com,001-982-706-0100x4438,Investor,2151112.17,2020-07-30
BYR-3018,Kristen,Lynch,drew74@example.net,001-251-624-7201,Individual,2648492.52,2022-11-10
BYR-3019,Kelly,Johnson,glen26@example.org,6662894408,Individual,1192121.23,2020-02-28
BYR-3020,Carol,Lewis,brittany43@example.com,558.748.6846,Investor,405143.48,2024-04-03
BYR-3021,Lucas,Cook,victoria70@example.org,(959)866-0345,Investor,945680.23,2024-06-30
BYR-3022,Thomas,Richardson,derek17@example.net,(431)273-0714,Individual,,2023-06-09
BYR-3023,Dylan,Rose,mcguirebryan@example.com,+1-962-572-8673x39438,Investor,2352149.07,2020-03-18
BYR-3024,Sierra,Walker,andrewcarter@example.com,663.535.7830x176,Corporation,221644.81,2019-06-18
BYR-3025,Michele,Wood,arellanomelissa@example.com,992-267-1403,Corporation,,2024-01-23
BYR-3026,Alisha,Solis,edwardsjoseph@example.org,481-274-2659x382,Individual,2569803.91,2022-07-16
BYR-3027,Denise,Tran,nicholschristopher@example.com,+1-642-263-2149,Investor,1984589.53,2021-09-09
BYR-3028,Jeffery,Ramos,xshort@example.org,(660)283-2467x28857,Investor,1480237.74,2021-04-14
BYR-3029,Kristin,Nunez,jaylane@example.com,(874)992-5389,Corporation,1512881.46,2021-05-19
BYR-3030,Kevin,Chapman,ycantrell@example.org,(887)515-9972x67389,Individual,1905405.21,2022-09-20
BYR-3031,David,Dixon,cynthiahensley@example.com,+1-292-662-7508x0093,Investor,968371.99,2022-09-04
BYR-3032,Jennifer,Barnes,joseph63@example.org,957.594.4388,Investor,1810522.74,2024-04-15
BYR-3033,David,Sanchez,lisaharris@example.net,9688818052,Investor,107131.28,2022-07-25
BYR-3034,Scott,Clark,gordonbryan@example.net,584.239.2019,Investor,2998718.64,2020-01-12
BYR-3035,Sheryl,Shaw,tcantu@example.org,+1-361-936-5240x9206,Individual,1667363.43,2019-10-27
BYR-3036,Joshua,Park,david40@example.org,415.367.8757x7264,Investor,1719559.05,2022-09-28
BYR-3037,Julia,Wallace,vnunez@example.com,001-582-637-3944x61249,Individual,2220674.65,2023-06-10
BYR-3038,Christy,Garcia,gibsonsandra@example.org,+1-596-556-8892x50381,Investor,1546969.2,2024-04-02
BYR-3039,Mary,Delgado,morgansylvia@example.com,688-549-8026x23531,Corporation,835212.92,2021-02-25
BYR-3040,Megan,Gallegos,madisongray@example.org,+1-349-298-0574x8599,Individual,1786744.88,2023-12-06
BYR-3041,Jessica,Nelson,debra84@example.org,388.623.5549x73327,Individual,360432.62,2023-08-27
BYR-3042,Patricia,Clark,wbryan@example.net,578-776-1506x4757,Investor,1798917.9,2020-08-12
BYR-3043,Steven,Ruiz,davisgregory@example.net,923.560.2088x2698,Individual,318426.39,2022-09-04
BYR-3044,Samuel,Baker,greenryan@example.net,392.874.7752x2147,Corporation,935203.59,2022-03-19
BYR-3045,Brandon,Peters,miguel30@example.org,+1-261-588-2379x226,Investor,906912.57,2019-09-27
BYR-3046,Robert,Ayala,amarshall@example.org,5053554957,Individual,213488.88,2023-02-06
BYR-3047,Jimmy,Turner,fjohnson@example.net,+1-968-810-2170,Individual,1299547.95,2024-05-03
BYR-3048,Joshua,Aguilar,shawnwaller@example.org,900.521.1786,Investor,,2020-02-19
BYR-3049,Dustin,Mata,brandonroach@example.com,(371)951-5697x142,Individual,,2020-06-26
BYR-3050,Duane,Gonzalez,schurch@example.com,738.692.0220,Individual,2879136.77,2023-08-16
BYR-3051,Ryan,Stevenson,jose80@example.com,4999918351,Investor,654504.12,2020-08-26
BYR-3052,Danny,Blair,ericrhodes@example.net,221.223.9412x70229,Investor,2032827.96,2021-04-06
BYR-3053,Patricia,Williams,gferguson@example.net,+1-683-976-2315x46589,Individual,686511.49,2020-08-15
BYR-3054,Meghan,Tucker,heidi89@example.org,+1-296-579-9013x975,Investor,898856.82,2020-09-19
BYR-3055,John,Bridges,hfoster@example.net,+1-760-632-7103x15692,Investor,575328.89,2022-10-21
BYR-3056,Ryan,Paul,clove@example.net,592.243.5694,Investor,736975.04,2020-12-15
BYR-3057,Elizabeth,Avila,dawndonaldson@example.com,+1-383-602-3487x685,Individual,222285.22,2024-05-10
BYR-3058,Andrew,Martinez,,001-831-689-5415,Investor,1538323.17,2021-10-06
BYR-3059,Raymond,Palmer,obarry@example.com,001-490-625-8816x92367,Individual,1104627.24,2023-11-03
BYR-3060,Antonio,Rodriguez,meredith91@example.net,(708)682-3793,Individual,1042680.09,2023-09-19
BYR-3061,Sara,Sutton,mvaughan@example.net,001-784-433-8683,Individual,2704132.2,2022-04-25
BYR-3062,Jennifer,Brown,campbellzachary@example.org,547-230-5618x562,Individual,1952227.1,2023-05-11
BYR-3063,Rebecca,Brown,terrimorales@example.net,7884633248,Investor,,2022-06-04
BYR-3064,Richard,Carlson,jennifercopeland@example.net,001-356-466-4792x83786,Individual,2261423.73,2021-10-01
BYR-3065,Dustin,Clarke,mwade@example.org,357.766.3124x3328,Investor,929536.22,2020-12-03
BYR-3066,Andrew,Sullivan,patricia48@example.org,924.714.2702,Investor,1782348.55,2020-08-27
BYR-3067,Brooke,Ryan,agomez@example.org,479.512.0599x1879,Investor,1868787.27,2019-10-08
BYR-3068,Adrienne,Brooks,martinezkathleen@example.com,3357654617,Individual,2977598.35,2021-11-24
BYR-3069,Adam,Taylor,brownronald@example.org,001-772-518-9855,Individual,,2019-12-16
BYR-3070,Cindy,Wood,jeffreyfisher@example.com,001-917-219-1511x74228,Individual,1685738.96,2023-01-01
BYR-3071,Elizabeth,Ryan,megan91@example.org,765-718-4930x9167,Investor,2998840.28,2021-07-12
BYR-3072,Calvin,Osborne,lopezbenjamin@example.net,(797)533-8966x764,Individual,1829630.98,2021-10-06
BYR-3073,Stephanie,Perry,ramseyrussell@example.net,863.545.1946x5194,Individual,2252310.82,2020-06-15
BYR-3074,Jeffrey,Perez,tjackson@example.com,001-233-822-6212x91011,Corporation,1354093.42,2022-10-15
BYR-3075,Vicki,Yoder,olyons@example.com,674.958.2366x8821,Investor,,2022-09-12
BYR-3076,Curtis,Cook,jessicafoster@example.org,+1-715-495-6300x77461,Individual,632001.07,2024-02-16
BYR-3077,Jessica,Perez,ggonzalez@example.com,616.258.3829x9352,Individual,1083070.49,2024-05-04
BYR-3078,Veronica,Jenkins,charles33@example.net,001-661-943-4141x6930,Corporation,2603059.33,2022-11-10
BYR-3079,Brian,Dalton,nfletcher@example.net,+1-649-422-9312x973,Individual,401247.0,2021-02-20
BYR-3080,Lauren,Rivas,sgonzales@example.com,563.428.6508x6581,Investor,2398056.62,2024-04-17
BYR-3081,Annette,Garcia,samuel33@example.net,359.830.6732x4843,Corporation,,2024-04-09
BYR-3082,Diana,Johnston,tylerjohnson@example.org,(706)502-4995x76412,Investor,1828035.66,2024-06-03
BYR-3083,Tony,Oneill,xbrown@example.org,872.960.0424,Individual,2369599.24,2022-10-25
BYR-3084,Evan,Harrell,xhogan@example.org,001-517-989-2584,Trust,1665648.97,2019-04-11
BYR-3085,Nancy,Meza,ndennis@example.org,+1-469-728-6184x025,Individual,2451186.1,2019-05-25
BYR-3086,Troy,Foster,shelly72@example.org,001-318-895-5792x945,Investor,,2023-02-28
BYR-3087,Susan,Knight,abruce@example.org,(675)865-6465,Corporation,2583609.67,2021-06-07
BYR-3088,Maurice,Pruitt,michelle26@example.com,4804782696,Individual,905978.25,2022-08-16
BYR-3089,Mark,Jackson,jennifergraham@example.com,(805)395-1380x94147,Individual,1961978.82,2022-06-17
BYR-3090,James,Jensen,thomas78@example.org,001-554-555-2785x364,Corporation,964708.65,2022-10-22
BYR-3091,Lindsey,Bray,,001-703-303-4380x853,Individual,,2019-09-17
BYR-3092,Brandon,Joseph,guzmanrhonda@example.com,(939)656-1552x982,Investor,,2021-02-16
BYR-3093,Thomas,Hill,kenneth50@example.org,+1-584-653-2173x86043,Individual,1604924.46,2019-03-15
BYR-3094,Kimberly,Pittman,lauren69@example.net,925.635.2385,Investor,2786297.4,2020-01-15
BYR-3095,Maureen,Perez,cmckinney@example.org,001-342-637-5709x019,Individual,117767.89,2021-05-07
BYR-3096,Ricky,Riley,joshua39@example.com,454-973-2722,Corporation,2685439.54,2020-05-18
BYR-3097,Allison,Cook,dcarr@example.net,294-667-5987x51493,Individual,214486.36,2021-04-10
BYR-3098,Kelly,Brown,julie78@example.net,9107117536,Investor,2333182.25,2021-05-10
BYR-3099,Aaron,Reyes,msanders@example.org,+1-627-979-2060,Trust,988796.77,2021-12-18
BYR-3100,John,Vasquez,harrismichael@example.com,225.993.1400x91534,Investor,2517648.92,2022-07-28
BYR-3101,Jessica,Schultz,rachel53@example.com,5384176106,Investor,306703.27,2021-10-12
BYR-3102,Anthony,Haynes,bkane@example.com,857.847.4656x93428,Individual,1452316.7,2020-06-26
BYR-3103,Brett,Hall,joseph36@example.net,256.511.5258,Individual,,2019-10-19
BYR-3104,John,Bell,spaul@example.com,347.278.7399x98191,Individual,,2019-11-04
BYR-3105,Victoria,Murray,lori10@example.com,473.270.2506x2563,Individual,2962379.22,2019-08-13
BYR-3106,Mary,Martin,athompson@example.org,216-307-7807x657,Investor,205697.21,2020-02-08
BYR-3107,Brenda,Morris,harry72@example.net,001-757-991-2601,Individual,2333261.02,2022-07-15
BYR-3108,Sandra,Perry,emills@example.net,(993)916-8762,Individual,265661.69,2019-10-06
BYR-3109,Mary,Lopez,paigehiggins@example.com,+1-536-819-2036x661,Corporation,874045.75,2020-07-02
BYR-3110,Cynthia,Bradshaw,zcampos@example.org,001-265-850-8595x99458,Corporation,2802313.55,2022-12-17
BYR-3111,Kelsey,Schwartz,tina12@example.net,440.207.1725x772,Investor,581145.69,2023-05-30
BYR-3112,Denise,Huynh,davidhanna@example.net,782-976-4481,Individual,2189502.37,2024-03-29
BYR-3113,Emily,Davis,,647.420.9896,Investor,2902873.18,2024-02-29
BYR-3114,Kelly,Cruz,michael12@example.com,001-229-728-1951x7721,Corporation,2070941.78,2021-01-01
BYR-3115,Miranda,Gonzales,vgomez@example.net,781-744-8927,Investor,1440670.42,2023-07-14
BYR-3116,Lori,Odom,david96@example.com,546.547.3283,Investor,2321267.68,2024-02-18
BYR-3117,Madison,Clark,mary84@example.com,591.693.4586,Investor,,2023-07-30
BYR-3118,Michelle,Chapman,erin34@example.com,(460)372-0462,Individual,1709200.5,2019-04-29
BYR-3119,Timothy,Adams,thompsonjennifer@example.net,611.445.0057x2709,Individual,2837944.14,2020-08-16
BYR-3120,Laura,Acosta,bethalvarez@example.com,(525)943-3255x457,Corporation,225914.98,2021-08-03
BYR-3121,Vincent,Miller,deborahsmith@example.net,987.544.0135x17987,Individual,1705228.14,2020-02-16
BYR-3122,Russell,Chandler,michael40@example.org,865-799-8746x468,Individual,964563.5,2022-02-13
BYR-3123,Edward,Jackson,thomas90@example.net,9013731312,Investor,,2019-03-06
BYR-3124,Maria,Smith,snyderjacob@example.org,001-819-842-1117x14696,Individual,1159420.28,2022-01-28
BYR-3125,Michael,Oconnor,marie92@example.com,(373)512-9792x7852,Individual,2222800.3,2022-04-15
BYR-3126,Dennis,Taylor,jenniferjones@example.com,(262)527-7142,Investor,2536009.95,2019-03-09
BYR-3127,Thomas,Bailey,davenportfrank@example.net,001-479-266-0474x84707,Investor,1601565.6,2020-10-12
BYR-3128,Susan,Chavez,kevin60@example.org,771-441-5572x460,Individual,387285.21,2023-01-30
BYR-3129,Elizabeth,Zimmerman,mwright@example.org,001-270-646-3598,Individual,2079313.45,2019-11-27
BYR-3130,Christy,Johnson,mwright@example.net,+1-708-620-5834x9129,Investor,1854911.71,2022-09-30
BYR-3131,Ruth,Long,smithdanny@example.net,001-540-833-9390x013,Corporation,2103034.48,2022-02-10
BYR-3132,Michaela,Griffin,normanbryan@example.com,3792777658,Investor,1429532.72,2021-08-17
BYR-3133,Amanda,Stephens,tina79@example.org,208.767.4530x56050,Individual,,2020-04-07
BYR-3134,Gerald,Lin,matthewtucker@example.com,4339468945,Investor,828591.61,2024-01-23
BYR-3135,Michael,Thompson,ecastillo@example.com,(624)900-6701x1864,Investor,2403588.89,2023-04-28
BYR-3136,James,Williams,kennethhenry@example.org,6638275923,Individual,1765206.3,2020-07-16
BYR-3137,William,Suarez,ericknight@example.net,925-442-8125,Individual,984964.69,2022-07-27
BYR-3138,Alex,Lee,russellhurst@example.net,+1-386-423-2528,Corporation,,2020-05-09
BYR-3139,John,Hernandez,phicks@example.net,8478252092,Investor,1688530.41,2019-06-24
BYR-3140,Tina,Scott,brianperez@example.net,978-763-7822x4251,Individual,214771.3,2020-11-23
BYR-3141,Jessica,Davis,lindsey39@example.com,407-584-8937x340,Investor,517250.12,2023-10-01
BYR-3142,Laura,Smith,swilliams@example.net,+1-703-876-3789x68459,Investor,1223153.48,2023-07-22
BYR-3143,Xavier,Acosta,jesusevans@example.org,820-793-1907,Individual,1666043.35,2022-11-06
BYR-3144,Dominique,Lee,james67@example.net,(829)409-0352x77961,Investor,778292.51,2019-03-23
BYR-3145,Hannah,Jones,hamiltondonald@example.net,(918)366-1703,Investor,791761.6,2019-10-11
BYR-3146,Frederick,Reynolds,heather97@example.net,+1-675-388-5733,Investor,1606722.47,2021-07-06
BYR-3147,Melinda,Carpenter,fmarquez@example.com,001-673-973-9127x52427,Corporation,2391220.75,2019-08-08
BYR-3148,Seth,Yu,omills@example.net,992-951-5174x5610,Corporation,2303489.06,2021-03-27
BYR-3149,Hailey,Mcdonald,william47@example.org,+1-642-318-8541,Investor,1888220.74,2019-10-16
BYR-3150,Mark,Olson,suzanne60@example.net,2924671397,Investor,2464530.24,2022-08-17
BYR-3151,Kristen,Miranda,jay22@example.net,713-371-5540,Individual,1981718.2,2022-03-16
BYR-3152,Linda,Wells,francisco44@example.net,(224)888-5938,Investor,2441824.61,2020-10-22
BYR-3153,Karen,Pineda,laura31@example.org,918-392-8865,Trust,2221944.62,2019-12-15
BYR-3154,Danny,Hammond,jenniferhickman@example.net,601-432-9797x70199,Investor,1082436.02,2024-05-07
BYR-3155,Samantha,King,yperez@example.org,001-655-499-5834x158,Individual,177808.68,2024-03-04
BYR-3156,Corey,Smith,johnstonadam@example.com,738-371-7515x1122,Individual,729172.46,2019-03-09
BYR-3157,Karen,Huffman,ocarter@example.net,7163920075,Individual,,2022-09-15
BYR-3158,Roberto,Mayer,heather38@example.net,+1-593-944-0262x9574,Investor,2448393.73,2021-03-15
BYR-3159,Keith,Hughes,bmorris@example.net,(744)355-7349x463,Trust,2935141.96,2020-06-03
BYR-3160,Steven,Butler,christopherhinton@example.com,4338918590,Investor,2233817.36,2021-09-24
BYR-3161,Thomas,Bailey,christinebenitez@example.org,927-978-1691,Individual,471881.74,2023-12-18
BYR-3162,Emily,Turner,powellvanessa@example.net,301-820-3942x0169,Investor,731487.61,2021-08-06
BYR-3163,James,Oneal,ostein@example.org,(922)675-7377x8029,Individual,683382.98,2021-09-11
BYR-3164,Wendy,Moore,oglenn@example.net,310.215.8339,Individual,2225964.6,2024-01-27
BYR-3165,Jacob,Brown,morrisryan@example.com,+1-857-291-9993x11403,Individual,1009453.97,2019-07-18
BYR-3166,Brandon,James,andrewmartinez@example.net,(850)358-2170,Corporation,1264711.83,2021-04-23
BYR-3167,Kim,Brooks,ishepherd@example.org,(939)430-7295x027,Investor,2990233.57,2021-11-13
BYR-3168,Mark,Payne,bpage@example.org,+1-728-953-7669x89591,Investor,2483284.02,2020-04-15
BYR-3169,Mariah,Little,evanwallace@example.org,+1-308-829-4129x675,Corporation,2613058.26,2024-05-30
BYR-3170,Adrian,Bray,browndavid@example.com,748-215-3719x31002,Individual,,2020-07-15
BYR-3171,Dawn,Phillips,eileenward@example.net,(443)280-4429x46491,Individual,723968.24,2019-04-14
BYR-3172,Michael,Schultz,robertsryan@example.com,+1-514-669-3380x97188,Individual,2736894.73,2020-05-02
BYR-3173,Mark,Dorsey,bradleyrichard@example.net,+1-310-239-4185x9354,Individual,913251.35,2019-07-13
BYR-3174,Brian,Simmons,danielle37@example.net,529.706.4392x325,Individual,425968.48,2023-04-11
BYR-3175,Ruben,Lang,sandra51@example.org,(717)280-3631x0781,Individual,1204070.77,2020-02-20
BYR-3176,John,Sanders,craigjohn@example.com,(373)984-8343x5873,Individual,1571615.49,2019-11-18
BYR-3177,Brittany,Nelson,lucasallen@example.org,001-576-449-7482x890,Investor,2145073.02,2022-09-26
BYR-3178,Destiny,May,dherrera@example.net,569.375.0309x2249,Individual,,2023-11-20
BYR-3179,Katelyn,Mason,austin34@example.net,001-662-420-4179x974,Corporation,1315467.44,2020-09-14
BYR-3180,Brooke,Bailey,michael39@example.com,001-879-226-9681x10201,Investor,,2020-01-14
BYR-3181,Amanda,Nicholson,danielsanders@example.org,(265)217-1602,Investor,549565.93,2023-02-13
BYR-3182,Samuel,Ward,danielle53@example.org,760.932.6297,Investor,,2023-08-24
BYR-3183,William,Underwood,laurengonzalez@example.com,758.811.4248,Individual,,2019-07-24
BYR-3184,Colton,Bailey,teresamiller@example.com,588.668.4913x306,Corporation,1240213.61,2022-06-20
BYR-3185,Sharon,Gardner,wwhitney@example.com,623-375-4280,Individual,,2020-09-07
BYR-3186,Richard,Watson,,6558455667,Trust,,2023-09-21
BYR-3187,Yvonne,Lee,cochranangela@example.com,880.270.2313x10359,Individual,1671944.25,2022-09-25
BYR-3188,Mark,Bennett,charlene20@example.org,(493)798-1742x5457,Individual,2965138.22,2019-05-09
BYR-3189,Christine,Warner,colinmyers@example.com,+1-897-403-5878x053,Trust,1824901.36,2020-10-29
BYR-3190,Alexander,Baker,,+1-884-813-7702,Individual,1630479.13,2023-09-19
BYR-3191,Craig,Miller,juarezveronica@example.org,001-327-582-8126x0896,Individual,2160112.04,2024-02-07
BYR-3192,Claire,Robinson,jrobinson@example.net,952.319.1032,Investor,,2021-11-20
BYR-3193,Zachary,Andrade,jodispencer@example.org,271-864-0599x121,Investor,2425437.21,2023-07-29
BYR-3194,Tammy,Gomez,nwilliams@example.org,+1-985-608-7680x16553,Investor,1552605.3,2022-06-14
BYR-3195,Charles,Preston,katherineperez@example.com,(437)580-2609,Individual,1749010.46,2021-12-02
BYR-3196,Diane,Burton,kellymichelle@example.net,+1-674-439-0379,Individual,416986.63,2023-01-13
BYR-3197,Rachel,Garcia,obrown@example.org,529-750-9961x22534,Corporation,2404225.76,2023-11-18
BYR-3198,Kyle,Dominguez,ysmith@example.org,(435)845-6518x672,Investor,1811436.34,2022-01-10
BYR-3199,Richard,Castaneda,mark62@example.org,(651)259-2679,Individual,232698.86,2021-08-19
BYR-3200,Dominic,Graham,smithrichard@example.org,826-346-5621x5617,Individual,1618539.18,2020-12-10
BYR-3201,Julia,Carter,theodore64@example.net,813.470.4444x66559,Investor,1634139.86,2020-09-16
BYR-3202,Theresa,Moore,smithjohn@example.net,+1-584-454-4411x5477,Investor,1947739.4,2022-12-21
BYR-3203,Robin,Bradley,jacksonbrian@example.net,(373)570-7038,Individual,,2024-01-12
BYR-3204,Nicole,Carroll,fitzpatrickjeremy@example.com,445-648-2024x9272,Individual,2981475.74,2023-02-28
BYR-3205,Alejandro,Guerra,leonardrobert@example.net,900-627-6468x815,Individual,555531.7,2022-12-10
BYR-3206,Brenda,White,justinwise@example.org,001-272-276-5621x797,Investor,,2022-01-13
BYR-3207,John,Martinez,phillipskirsten@example.org,989.851.7693x0070,Investor,,2021-09-13
BYR-3208,Jennifer,Murphy,andersondavid@example.com,529-495-9211x46312,Corporation,873254.75,2022-02-11
BYR-3209,James,Brewer,adamsgregory@example.net,889.685.3889x1481,Individual,2916115.44,2021-03-14
BYR-3210,Barbara,Wilcox,tracy25@example.org,247.673.5934x4786,Individual,,2020-09-15
BYR-3211,Kelly,Robinson,tonya94@example.org,659.617.2576,Individual,,2023-10-19
BYR-3212,Ronald,Long,jacob49@example.net,(819)740-5910,Investor,1759640.47,2019-04-14
BYR-3213,Nicholas,Smith,todd70@example.net,001-210-222-0327x390,Individual,254972.09,2020-08-31
BYR-3214,Jessica,Roberts,kristinerivera@example.net,001-611-825-1540x477,Individual,,2020-08-09
BYR-3215,Aimee,Thompson,patricksusan@example.org,611-980-5848,Individual,718538.31,2019-05-07
BYR-3216,Lisa,Wright,carneychase@example.com,708-576-3497x470,Individual,2773966.37,2021-04-09
BYR-3217,Denise,Thompson,irwindavid@example.com,(518)360-2245,Individual,,2020-01-17
BYR-3218,Regina,Costa,webbamber@example.com,(416)305-2086x7323,Individual,762442.4,2023-02-20
BYR-3219,Sheri,Mcdonald,john01@example.org,+1-964-469-5670x8150,Investor,,2020-10-31
BYR-3220,Linda,Smith,gilbertchristopher@example.com,810.960.5636x0569,Trust,949296.52,2021-04-11
BYR-3221,Garrett,Guerrero,ydorsey@example.org,613.643.8630,Investor,,2019-10-15
BYR-3222,Sierra,Garcia,hgillespie@example.org,+1-278-444-0915x3600,Individual,489617.54,2020-03-21
BYR-3223,Jessica,Ortiz,rbrown@example.net,478-304-7171x433,Corporation,2992323.43,2019-10-29
BYR-3224,Douglas,Berg,laura54@example.com,(666)433-0693,Trust,621228.81,2023-12-24
BYR-3225,Sue,Stevenson,danielle98@example.com,001-480-435-0229,Individual,2323927.1,2020-06-30
BYR-3226,Karen,Tate,fbridges@example.org,5208327607,Individual,332313.17,2019-08-09
BYR-3227,Anthony,Rivera,jmckinney@example.org,409.721.7586x0249,Individual,2920347.98,2023-07-10
BYR-3228,Michael,Middleton,cwilliams@example.com,+1-872-339-6149x7819,Individual,1577871.17,2020-05-08
BYR-3229,David,Wilson,michaeljennings@example.net,912-739-2991x5725,Individual,1974094.32,2020-12-24
BYR-3230,Michael,Martin,robinsondanielle@example.net,001-764-736-5648,Investor,1296998.4,2021-02-02
BYR-3231,Donald,Hicks,donnaanderson@example.org,811-664-2477x350,Corporation,572449.08,2020-11-21
BYR-3232,Stephen,Douglas,ymedina@example.org,873.270.2731,Individual,2821170.85,2020-11-21
BYR-3233,David,Bennett,fernando56@example.com,8435161261,Individual,1447725.5,2019-11-12
BYR-3234,William,Watkins,samanthahodge@example.com,(303)943-8890,Individual,2499897.95,2022-07-21
BYR-3235,Malik,Lee,dustin95@example.org,+1-993-425-6956x61147,Individual,,2022-02-01
BYR-3236,Jimmy,Cole,,001-754-684-0352x389,Individual,2954295.91,2019-10-22
BYR-3237,Louis,Hernandez,nicholas93@example.com,509.329.9082,Individual,800872.19,2022-03-22
BYR-3238,Rebecca,Collins,hornclaire@example.net,(285)862-1371,Individual,299713.09,2019-10-29
BYR-3239,Jessica,Fox,roberthenderson@example.com,+1-236-237-8257x9390,Investor,2261252.06,2020-04-01
BYR-3240,Stacy,Ford,amiller@example.org,451.946.0369,Individual,2746775.57,2019-03-17
BYR-3241,Allison,George,ndiaz@example.org,001-675-678-2504x59850,Investor,711713.38,2023-09-22
BYR-3242,Andrea,Cannon,htaylor@example.org,001-813-879-2071x6918,Individual,,2020-06-06
BYR-3243,Joshua,Cooper,robert43@example.com,(854)896-5164x8893,Corporation,1249577.98,2019-08-07
BYR-3244,Karen,Joyce,timothyriggs@example.org,746.430.4642,Corporation,949628.27,2020-12-04
BYR-3245,Sally,Dunn,kristinmahoney@example.net,634-302-1590,Corporation,549570.63,2019-11-06
BYR-3246,Benjamin,Patterson,harrisonmichelle@example.net,(736)666-0448x277,Corporation,,2023-03-02
BYR-3247,Calvin,Thomas,bentleyjasmine@example.com,(755)883-8379x29897,Investor,394646.33,2023-12-26
BYR-3248,Jaclyn,Nelson,laura80@example.net,907.715.3497x53139,Individual,,2023-11-11
BYR-3249,Christopher,Wilson,isaiah56@example.net,378.940.1529x7037,Corporation,1182110.47,2024-02-22
BYR-3250,Rebecca,Torres,pamela52@example.net,4347657061,Individual,2872717.36,2021-03-05
BYR-3251,Alexander,Lewis,eevans@example.com,001-972-618-7714x45633,Individual,384527.09,2022-06-18
BYR-3252,Richard,Mitchell,conleyjerry@example.org,675-633-2119x234,Investor,1328833.56,2020-08-10
BYR-3253,Michael,Parks,davidsonvalerie@example.com,6698059543,Corporation,1211292.94,2023-07-31
BYR-3254,Tiffany,Colon,kathleenpatterson@example.org,740.721.1559x85257,Individual,1419888.18,2019-05-25
BYR-3255,Rebecca,Garcia,awallace@example.org,954-618-7724x9080,Trust,1232716.16,2022-02-26
BYR-3256,Johnny,Grimes,bdavis@example.com,8404583774,Individual,2092725.55,2021-07-16
BYR-3257,David,Blevins,connieponce@example.net,(418)569-1873x7859,Corporation,1274720.12,2019-01-24
BYR-3258,Kenneth,Singleton,ucarlson@example.com,852-589-3325,Investor,2073954.07,2023-01-23
BYR-3259,Amy,Phillips,arellanogina@example.com,940.460.9729x6007,Investor,1370299.35,2019-04-28
BYR-3260,Renee,Nguyen,tuckerryan@example.net,001-766-649-4753,Investor,2496169.99,2023-08-03
BYR-3261,Sheila,Scott,smithdonna@example.org,936.694.3723x4298,Investor,208997.74,2023-09-26
BYR-3262,Joseph,Cook,antoniofox@example.org,756-370-2351x244,Individual,1538704.77,2023-08-19
BYR-3263,Dylan,Brown,ddavis@example.com,303-299-9800,Individual,1479622.39,2022-04-29
BYR-3264,Richard,Russell,,6398161888,Investor,190281.57,2024-01-31
BYR-3265,Edward,Waters,davidgray@example.net,749-874-6621x105,Investor,,2021-11-01
BYR-3266,Timothy,Webb,smithtimothy@example.org,(368)655-1041x45882,Investor,1493294.57,2019-09-11
BYR-3267,Jennifer,Briggs,wbaker@example.org,9638215084,Individual,1683113.55,2019-09-13
BYR-3268,Alejandro,Rodriguez,karenhiggins@example.org,001-489-992-6623,Individual,1664385.84,2024-04-07
BYR-3269,Selena,Davidson,hawkinsstephanie@example.org,896.417.0293x0465,Investor,833853.78,2023-10-17
BYR-3270,Michael,Gibson,dawnbutler@example.net,+1-817-283-7322x05776,Corporation,1286534.71,2019-01-25
BYR-3271,Joshua,Oliver,oleon@example.org,604.735.4937x15628,Investor,1035749.08,2024-05-03
BYR-3272,Brent,Harris,cschmidt@example.com,688-982-8401x7854,Individual,,2021-11-24
BYR-3273,Barbara,Stephens,melissaaustin@example.com,316.399.2360,Trust,2215976.87,2019-10-03
BYR-3274,Christopher,Singleton,cisnerosrachel@example.org,234.796.2618,Individual,1932631.88,2020-03-29
BYR-3275,Joseph,Murphy,lisa87@example.net,931.268.0501x5633,Individual,825723.38,2019-10-28
BYR-3276,Kevin,Ramsey,marissamyers@example.net,(700)642-7354x024,Investor,,2023-12-20
BYR-3277,Theresa,Smith,maureen53@example.com,001-200-521-9733x91525,Individual,2853560.89,2020-08-13
BYR-3278,Nathaniel,Mann,imccann@example.com,907.999.9624x31593,Individual,2841129.64,2020-03-15
BYR-3279,Lori,Martinez,lpayne@example.net,630.243.0586,Individual,884865.04,2020-05-02
BYR-3280,Alicia,Love,barrettkathleen@example.net,001-223-792-1284x53967,Individual,2321899.32,2024-06-08
BYR-3281,Lisa,Davenport,frenchlisa@example.org,6013531572,Individual,2508721.55,2019-04-17
BYR-3282,Jennifer,Johnson,jgilbert@example.org,(330)697-7003x29917,Investor,,2020-01-05
BYR-3283,Paula,Sanchez,clarkjessica@example.org,955.698.7197x9729,Investor,2145582.85,2020-10-19
BYR-3284,Samuel,Hess,andrewroach@example.net,(658)631-3015x24938,Individual,2146757.42,2021-12-18
BYR-3285,Denise,James,calvinmahoney@example.com,+1-330-979-6967x36311,Individual,1969106.87,2021-09-22
BYR-3286,Charles,Thomas,alicia32@example.com,378-593-0525,Investor,521053.2,2022-08-05
BYR-3287,Autumn,Proctor,williamsclayton@example.net,001-627-955-6318x8067,Corporation,797277.73,2019-07-05
BYR-3288,Jennifer,Ayala,jesushernandez@example.org,706-807-3662x30709,Corporation,1369969.79,2024-06-25
BYR-3289,Michael,Lin,jefferywagner@example.org,001-322-254-5790x351,Corporation,2381877.01,2023-05-26
BYR-3290,Thomas,Dodson,ericmorrison@example.com,(331)303-5590,Investor,2266869.35,2022-06-30
BYR-3291,Elizabeth,White,rodriguezjohnny@example.net,+1-402-828-4387,Individual,2524716.06,2020-05-28
BYR-3292,Elizabeth,Gallagher,patrickallison@example.org,001-806-499-9392x001,Individual,204747.58,2021-11-06
BYR-3293,Derek,Garcia,shannon11@example.org,(916)838-4871x3432,Trust,853064.0,2021-06-09
BYR-3294,William,Gibson,miguel82@example.net,365.980.4430,Investor,592508.55,2021-01-03
BYR-3295,Robert,Adams,monica52@example.net,(213)450-3292x704,Individual,1017318.77,2024-03-25
BYR-3296,Steven,Lee,hwhite@example.org,001-216-692-8407,Individual,173664.4,2022-10-02
BYR-3297,Colleen,Stone,boydjeremy@example.com,392.502.3307x194,Individual,1123308.15,2021-11-09
BYR-3298,Tara,Nunez,russellconnie@example.org,463.790.8985x53241,Investor,1763529.16,2019-11-15
BYR-3299,Charlotte,Williams,jamesgross@example.org,(449)957-0366,Individual,,2019-09-10
BYR-3300,Edward,Fritz,monicafarrell@example.net,541.592.3034x8191,Trust,1423949.14,2023-03-31
BYR-3301,Megan,Kent,kmorales@example.org,571-314-4402,Investor,2670800.35,2020-09-21
BYR-3302,Mia,Morrow,swatson@example.com,(217)377-7331x5263,Corporation,1762158.25,2020-05-22
BYR-3303,Michael,Townsend,xfoley@example.org,001-349-960-6972x2175,Individual,194720.3,2019-08-29
BYR-3304,John,Coleman,thomasyates@example.net,(690)418-3761x278,Investor,,2022-04-06
BYR-3305,Christopher,Jackson,kenneth95@example.org,+1-616-424-1183x55129,Individual,2688654.97,2021-04-09
BYR-3306,David,Rodriguez,jeffrey31@example.net,309.749.1066x8718,Corporation,457423.98,2022-02-12
BYR-3307,Karen,Friedman,benjamin64@example.net,+1-390-335-6490,Trust,1863708.58,2021-10-19
BYR-3308,Paula,Hughes,darryl30@example.net,+1-587-911-3556x79218,Individual,,2022-07-27
BYR-3309,Brenda,Schmidt,gwolf@example.com,8185348907,Individual,1903047.24,2022-09-08
BYR-3310,Kristie,Cordova,susanmcmillan@example.org,001-733-290-9014,Individual,2231515.16,2022-10-29
BYR-3311,Anthony,Malone,jessica09@example.org,001-297-715-2375x331,Investor,1116255.86,2024-05-24
BYR-3312,Lisa,Benton,gregoryball@example.net,001-832-690-7477x457,Trust,1973560.29,2022-10-25
BYR-3313,Ruth,Phillips,rachelgreene@example.org,369-455-9236x5797,Individual,403095.08,2020-04-26
BYR-3314,Jessica,Mclean,jamiejones@example.com,609-389-2589x6508,Investor,1371054.82,2020-05-21
BYR-3315,Shawn,Cain,brandonsanders@example.org,(859)364-7779x5140,Individual,942696.62,2022-12-29
BYR-3316,Christine,Dalton,stefanieguerra@example.org,7022699535,Individual,1476432.17,2024-01-06
BYR-3317,Gary,Maldonado,alex55@example.org,+1-988-623-1555,Trust,1097803.43,2021-04-17
BYR-3318,Nicholas,Jackson,gbrown@example.org,5182953139,Individual,1919966.26,2021-04-25
BYR-3319,Crystal,Mitchell,cevans@example.net,(830)439-8271,Corporation,2665675.19,2019-08-14
BYR-3320,Brandy,Washington,stephanie25@example.com,731.994.6865,Individual,915365.46,2020-09-18
BYR-3321,Cody,Brooks,kchavez@example.org,543.702.3639,Trust,,2024-03-24
BYR-3322,William,Gonzalez,nicoleli@example.net,001-393-866-5577,Individual,1259552.75,2020-12-15
BYR-3323,Rebecca,Branch,wendy41@example.com,264-460-3145,Individual,2734034.06,2020-09-03
BYR-3324,Andrea,Duncan,jamespetersen@example.com,(232)527-6256x05982,Individual,111824.77,2019-07-12
BYR-3325,Susan,Tran,patricia97@example.org,(456)289-0995x8187,Individual,1568704.51,2020-10-13
BYR-3326,Rhonda,Russell,troy56@example.com,6208067553,Investor,1682016.43,2019-10-10
BYR-3327,Erica,Ford,onelson@example.org,+1-533-918-5556x05580,Individual,175034.46,2020-05-11
BYR-3328,Lisa,Vargas,,+1-284-540-8536x410,Corporation,902485.04,2021-07-18
BYR-3329,Emily,Chan,lynnyvonne@example.org,001-283-776-9972,Investor,,2021-12-27
BYR-3330,Joshua,Williams,rcoffey@example.com,001-659-228-5809x7662,Corporation,368212.69,2024-05-07
BYR-3331,Christy,Santos,kingdrew@example.net,001-659-346-2447x053,Individual,1972260.83,2021-05-04
BYR-3332,James,Ritter,stuartjoanna@example.org,604.856.4753,Individual,2097637.14,2020-11-04
BYR-3333,Jonathan,Wallace,jeffrey55@example.net,7934427884,Individual,2756779.57,2019-12-01
BYR-3334,Timothy,Patel,hhill@example.com,(837)961-7198x270,Individual,,2022-02-10
BYR-3335,David,Villarreal,rsmith@example.com,+1-329-767-6615x988,Individual,1194805.59,2023-11-19
BYR-3336,Luis,Phillips,,797-838-1625,Trust,233892.27,2022-06-02
BYR-3337,William,Bolton,lucas88@example.net,608-314-1255x96468,Investor,1752175.79,2022-08-20
BYR-3338,Kayla,Chen,markbriggs@example.com,881-204-8455,Investor,1672160.44,2023-07-19
BYR-3339,Anthony,Carr,nbowman@example.com,380.611.0529x9284,Individual,,2023-12-25
BYR-3340,Michael,Green,scottrogers@example.net,(863)678-1887,Individual,2020344.3,2024-05-18
BYR-3341,Amy,Myers,williamscarrie@example.net,001-619-581-2804,Individual,552465.89,2023-08-28
BYR-3342,David,Wagner,reginald46@example.org,681.540.3137,Individual,1906680.33,2022-06-29
BYR-3343,Michael,Adams,browntara@example.net,221-442-9607,Individual,,2022-04-04
BYR-3344,Julie,Cole,makayla96@example.org,454.340.2800x035,Individual,722203.83,2021-08-11
BYR-3345,Hunter,Hunt,fcaldwell@example.net,251.475.1236,Corporation,,2019-03-29
BYR-3346,Howard,Hughes,kevin66@example.org,001-689-641-3096x6775,Individual,2363989.67,2023-03-06
BYR-3347,Trevor,Floyd,strongemily@example.net,(848)677-9922x222,Individual,531948.07,2020-07-19
BYR-3348,Alyssa,Conley,goodmanandrew@example.org,485-341-3917,Individual,539244.33,2019-04-25
BYR-3349,Virginia,Wells,michaelfletcher@example.net,248-324-8528,Investor,467067.83,2019-08-20
BYR-3350,Adrian,Harvey,morgankimberly@example.org,821-661-0817x2058,Investor,,2023-02-09
BYR-3351,Tara,Sullivan,cindy11@example.com,+1-691-986-0463x05547,Investor,2144910.7,2023-05-24
BYR-3352,Ronald,Williams,jennifer34@example.net,001-993-963-5440x23060,Corporation,1727787.76,2021-08-17
BYR-3353,Martin,Robinson,karen13@example.com,592.934.5702,Investor,,2020-03-31
BYR-3354,Sarah,Brown,isabellabrown@example.org,449-664-1541x01952,Corporation,2106287.23,2021-12-19
BYR-3355,Melody,Roman,stephanie41@example.com,891.307.8805x2535,Individual,1415022.21,2024-01-27
BYR-3356,Jamie,Klein,tgonzales@example.com,001-776-744-8628x88179,Individual,2841722.01,2019-12-04
BYR-3357,Sandra,Thompson,,+1-475-923-3394x4530,Corporation,1615413.7,2020-10-09
BYR-3358,Larry,Myers,jessica50@example.net,001-589-536-7626,Individual,,2020-11-03
BYR-3359,Daniel,Martin,cheryl18@example.com,773.485.4823,Corporation,642661.77,2023-08-01
BYR-3360,Melissa,Haley,michaelrobinson@example.net,426.992.7435,Corporation,,2021-09-18
BYR-3361,Joel,Fowler,jenniferhunter@example.com,001-895-600-6644x7770,Corporation,1176380.81,2019-05-01
BYR-3362,Molly,Mcdonald,moralesaudrey@example.com,001-364-514-5017x098,Individual,1363437.56,2024-04-06
BYR-3363,Tina,Ortiz,tholt@example.net,278.481.4033x28976,Investor,1934349.22,2023-04-22
BYR-3364,Christina,Jackson,lisahinton@example.com,(443)443-2502,Individual,1148344.27,2022-01-17
BYR-3365,Veronica,Burnett,ashleyhays@example.org,574-364-0029,Individual,547117.2,2022-07-01
BYR-3366,Carol,Avery,briannasmall@example.org,(748)851-5246x17150,Investor,125397.16,2021-06-18
BYR-3367,Adam,Wood,jonesanna@example.net,824-928-1138x13184,Corporation,340537.37,2023-08-28
BYR-3368,Monica,Valdez,traciejohnson@example.net,873-932-8211x48508,Investor,2757370.79,2020-06-24
BYR-3369,Dalton,Anderson,susan61@example.org,849-930-9388,Individual,553709.08,2022-08-28
BYR-3370,Alexander,Reese,zcarr@example.org,779-272-7399,Individual,483840.54,2020-07-11
BYR-3371,Melissa,Allison,carolboyle@example.net,(451)324-7047,Individual,123924.93,2019-03-11
BYR-3372,Elizabeth,Adams,amandapowell@example.com,710-892-9723x883,Individual,,2020-08-02
BYR-3373,Jeremiah,Ford,,484-242-3162x189,Individual,1554431.54,2020-11-19
BYR-3374,Jonathan,Wood,julierivera@example.org,(811)905-4925,Individual,710368.23,2021-04-18
BYR-3375,Scott,Gray,joseph77@example.com,+1-344-695-9050x1679,Individual,577072.98,2021-11-13
BYR-3376,Kenneth,Clark,alucas@example.com,4096770610,Individual,945035.21,2019-11-02
BYR-3377,Robert,Daniels,emily48@example.org,001-737-690-1780,Individual,2752043.67,2021-02-25
BYR-3378,Lindsey,Rodriguez,nmcbride@example.com,+1-326-361-6804x1009,Individual,1127657.72,2019-11-10
BYR-3379,Heather,Rodriguez,ubailey@example.net,001-590-238-9254,Individual,210748.13,2024-06-29
BYR-3380,Connie,Obrien,katrinaschultz@example.com,513-229-2806x60130,Investor,2391240.79,2022-08-20
BYR-3381,David,Jacobs,jeremy07@example.net,9454525889,Individual,,2021-01-06
BYR-3382,Shane,Friedman,,(266)385-1021x5809,Corporation,,2021-05-03
BYR-3383,Kristin,Byrd,tarmstrong@example.net,587.447.9371x3721,Corporation,1421959.01,2024-06-09
BYR-3384,Derek,Gibson,moniquesmith@example.net,917.744.1878,Individual,2628086.86,2023-10-12
BYR-3385,Rebecca,Martin,bmurphy@example.com,248-799-2648x534,Individual,1610128.03,2019-12-20
BYR-3386,Tamara,Navarro,laura00@example.com,+1-637-210-3186x88589,Individual,1954710.76,2021-06-27
BYR-3387,Joseph,Mcdaniel,cobbjames@example.org,+1-590-915-0618x367,Individual,708338.24,2024-06-16
BYR-3388,Joy,Rivera,troy93@example.net,(740)792-1788x287,Corporation,1313381.14,2021-12-31
BYR-3389,Karen,Lewis,hjensen@example.com,001-859-334-2828x972,Investor,2398628.28,2020-06-20
BYR-3390,Shari,Wong,brownjoseph@example.net,(446)288-2964x13163,Individual,2921424.59,2022-04-03
BYR-3391,Dylan,Berger,johnsonanthony@example.com,(757)677-9269x48262,Trust,1674623.17,2021-05-27
BYR-3392,Suzanne,Moore,xjackson@example.net,001-206-248-3134x48794,Investor,653632.37,2021-07-28
BYR-3393,Cynthia,Carrillo,stephenbowen@example.net,917.699.8241x580,Individual,,2020-05-20
BYR-3394,John,Gardner,mcgeefrederick@example.net,+1-358-373-4107x1673,Individual,2422245.83,2020-03-10
BYR-3395,Jeanne,Murray,cabreracatherine@example.net,+1-767-984-1884,Individual,964042.63,2019-11-30
BYR-3396,Angela,Anderson,,001-532-847-4600,Individual,1269505.61,2021-12-04
BYR-3397,Adam,Cisneros,anovak@example.com,780-605-9383x6341,Individual,1885030.65,2021-12-16
BYR-3398,Daniel,Evans,danielleguerra@example.com,(945)822-0716x3585,Investor,468539.57,2019-04-09
BYR-3399,Monique,Nunez,nscott@example.com,(975)347-0443,Corporation,1919299.14,2021-12-21
BYR-3400,Kendra,Munoz,nnunez@example.org,(394)301-4097,Individual,2853060.58,2022-05-27
BYR-3401,Jason,Johnson,fieldsmichelle@example.org,(591)594-6720x353,Investor,,2019-03-07
BYR-3402,Jessica,Anderson,akelley@example.org,001-947-806-1761x04557,Individual,,2019-07-29
BYR-3403,Peter,Mitchell,hortonterri@example.net,230.982.4682,Individual,973342.6,2023-08-22
BYR-3404,Steven,Hopkins,heidi26@example.com,764.485.7338x525,Individual,792844.55,2022-03-04
BYR-3405,Amanda,Wise,ubarnes@example.com,523.894.7224,Individual,1017418.17,2019-11-14
BYR-3406,Lisa,Taylor,pmaynard@example.net,913.432.5661x2475,Investor,2538088.7,2021-04-03
BYR-3407,Caleb,Arellano,kaylamiller@example.net,(319)595-2718x03759,Individual,2051106.28,2023-07-18
BYR-3408,Joel,Fletcher,jared45@example.org,398.581.0780x16395,Corporation,1364807.16,2022-12-12
BYR-3409,Christopher,Ortiz,terri08@example.net,9782529944,Individual,752725.77,2023-06-22
BYR-3410,David,Ryan,bryanrebecca@example.org,001-939-291-1866x4844,Trust,1469860.43,2023-06-29
BYR-3411,Jeffrey,Landry,kforbes@example.net,+1-855-821-2982x833,Individual,2744076.86,2021-09-28
BYR-3412,Kristen,Murray,qsullivan@example.net,+1-493-992-2632x2518,Individual,1735100.86,2022-09-19
BYR-3413,Jeremy,Smith,rachelbryant@example.com,001-577-688-6658,Investor,1836626.43,2020-12-14
BYR-3414,Ashley,Banks,craigholland@example.com,328.902.1365x2102,Individual,,2024-01-17
BYR-3415,George,Jennings,ian11@example.net,(888)554-6019x82000,Investor,2512537.7,2019-02-18
BYR-3416,Lindsay,Ellis,jamie54@example.org,535-771-8117,Corporation,1862609.48,2020-06-21
BYR-3417,Henry,Walker,wrocha@example.org,512.297.3020x7347,Investor,800553.06,2019-06-18
BYR-3418,Kelly,Hardin,chloe41@example.net,001-239-379-8608,Individual,,2021-05-09
BYR-3419,Ryan,Price,torresjoseph@example.net,001-933-230-9990x7566,Trust,1407463.92,2023-09-30
BYR-3420,Carolyn,Lopez,kperez@example.org,346.854.8593,Individual,509118.53,2024-02-13
BYR-3421,Timothy,Winters,pittsanthony@example.net,(271)273-1198x09073,Corporation,2350659.03,2022-01-28
BYR-3422,Sarah,Mcdowell,barbara85@example.net,(305)692-7180x058,Individual,1004807.04,2019-05-15
BYR-3423,Shelly,Mccoy,burtoncarrie@example.net,3886448048,Individual,2576203.58,2023-07-09
BYR-3424,Alyssa,Jefferson,joseph36@example.org,+1-558-480-3879x661,Individual,875177.43,2021-12-12
BYR-3425,Heather,Carpenter,petersonmichael@example.com,527-687-7850x4680,Individual,2472231.34,2021-01-09
BYR-3426,Nicholas,Brady,jasontaylor@example.com,708.795.5303x876,Individual,431291.03,2023-01-12
BYR-3427,Joshua,Mendoza,hwest@example.com,828-760-3152,Individual,2582905.02,2023-10-17
BYR-3428,John,Carr,elizabethdonovan@example.com,9442988411,Investor,1912659.16,2020-01-25
BYR-3429,Michael,Bates,brockkristopher@example.net,6179527637,Individual,,2022-07-02
BYR-3430,Stephen,Morris,tranlisa@example.org,716-900-7743x3748,Individual,872586.13,2021-01-17
BYR-3431,Benjamin,Hayes,rwright@example.org,(616)718-8955,Investor,795058.73,2020-04-28
BYR-3432,Gary,Ibarra,bmedina@example.org,+1-277-212-0527x1141,Individual,2100431.97,2022-05-08
BYR-3433,Amy,Mcfarland,ramirezandrew@example.com,5928112538,Investor,1281481.33,2020-01-21
BYR-3434,Brian,Smith,zobrien@example.org,001-404-860-6908x193,Individual,2300191.45,2023-05-03
BYR-3435,Jeremy,Burgess,donnabrown@example.com,+1-758-258-8135x6020,Individual,2622339.22,2023-08-25
BYR-3436,Emily,Cunningham,dayjulia@example.org,2336563788,Individual,2665050.4,2019-07-08
BYR-3437,Maria,Greene,mariacochran@example.org,729-320-4653x8855,Individual,1725187.46,2021-12-22
BYR-3438,Tom,Sanchez,,+1-420-572-8206,Investor,640923.92,2022-12-20
BYR-3439,Thomas,Davila,michaelblevins@example.org,713-863-2025,Individual,,2021-10-09
BYR-3440,Andrew,Ruiz,stacey68@example.org,(760)300-8904x887,Trust,2489907.38,2020-03-15
BYR-3441,Scott,Price,faustin@example.net,+1-594-934-2053x485,Investor,608243.67,2019-12-04
BYR-3442,James,Craig,susantaylor@example.com,(300)942-6038x90017,Individual,2537254.33,2021-03-12
BYR-3443,Melissa,Russell,andrea30@example.org,795-413-8115,Individual,759988.24,2022-05-06
BYR-3444,Paul,White,vwade@example.org,717.848.8785x9314,Corporation,2136962.26,2022-05-31
BYR-3445,Christopher,Chavez,nancybrown@example.net,001-851-654-6891,Individual,1945906.87,2022-06-15
BYR-3446,Alec,Carter,roger65@example.org,(494)782-5101x95811,Corporation,,2021-10-12
BYR-3447,William,Ramos,lspears@example.org,940.474.8238x7477,Investor,108339.15,2021-08-03
BYR-3448,Amanda,Carr,jamie27@example.com,8993508056,Individual,2431597.83,2020-06-07
BYR-3449,Ross,Perry,aalvarado@example.net,(968)325-2928,Individual,,2019-12-30
BYR-3450,Mark,Rodgers,regina94@example.com,472.371.9707x00034,Individual,1235287.02,2023-11-07
BYR-3451,Rebecca,Cook,johnnixon@example.org,585-434-2321x668,Individual,1739418.62,2019-09-15
BYR-3452,Barry,Smith,wrichards@example.com,(399)837-0633x071,Individual,466270.76,2023-07-07
BYR-3453,James,Harrison,katrinataylor@example.net,+1-941-382-2782x489,Individual,1271784.46,2023-04-21
BYR-3454,John,Brewer,mbaker@example.org,+1-487-574-1332x75262,Individual,280659.84,2021-02-08
BYR-3455,George,Moreno,michelle88@example.net,001-359-634-5207,Individual,2311673.71,2019-12-02
BYR-3456,Samantha,Martinez,cookkristopher@example.net,557-357-4272,Individual,731955.95,2019-04-21
BYR-3457,Barbara,Hawkins,tiffanybradford@example.net,(978)697-5794x1144,Investor,,2020-11-25
BYR-3458,Anne,Martinez,alison95@example.net,+1-999-805-0952x4143,Individual,1123761.93,2020-02-02
BYR-3459,Holly,Gray,bryan91@example.com,(521)363-6756x5106,Individual,1987559.81,2019-01-28
BYR-3460,Nicholas,Nelson,dcampbell@example.com,425.421.8723x7187,Investor,217723.27,2022-10-18
BYR-3461,Ryan,Saunders,,288.791.2710x01342,Investor,1998869.37,2024-02-11
BYR-3462,Tamara,Williams,diana84@example.net,(590)666-1582x696,Individual,1074639.77,2019-06-02
BYR-3463,Aaron,Adams,bernard67@example.com,867-975-4688x119,Investor,550074.29,2021-04-05
BYR-3464,Ryan,Stewart,brendabooth@example.com,9445507670,Individual,874876.57,2020-06-30
BYR-3465,Blake,Brown,bmora@example.com,(820)218-9791,Individual,380366.91,2022-12-07
BYR-3466,Erin,Salazar,pamela04@example.org,001-438-825-0853,Corporation,,2019-10-13
BYR-3467,Sydney,Cook,,3177773438,Investor,1884734.1,2020-11-11
BYR-3468,Michael,Williams,jay36@example.org,268.625.7736,Individual,377895.0,2023-03-05
BYR-3469,Chris,Downs,bishopdominique@example.org,(932)348-8983,Individual,1143792.72,2024-03-15
BYR-3470,Steve,Wells,parkermegan@example.org,+1-254-260-9658x894,Individual,357058.26,2022-10-11
BYR-3471,Beverly,Jennings,fkeller@example.com,697-762-8471x780,Individual,2806316.72,2024-01-28
BYR-3472,Christian,Martin,huertastacy@example.com,(892)858-2766,Investor,1906626.38,2021-08-21
BYR-3473,Justin,Stout,,621.218.7084x7185,Individual,153300.35,2023-01-15
BYR-3474,Stephanie,Mendez,cvillarreal@example.net,958.422.1813,Individual,537640.66,2022-11-14
BYR-3475,Rachel,Scott,fclark@example.org,208.228.8772x2732,Investor,2024307.02,2022-09-22
BYR-3476,Robert,Greene,dawsonbradley@example.com,212-946-2910x4716,Individual,2194043.06,2021-04-12
BYR-3477,Alicia,Cline,kylewashington@example.org,662.522.9932x6997,Investor,2391438.02,2023-05-02
BYR-3478,Janet,Johnson,erica95@example.org,948.341.3509x0820,Individual,2710563.66,2020-04-04
BYR-3479,Renee,Crawford,dholden@example.net,757-202-4349,Individual,,2024-01-28
BYR-3480,Andrew,Smith,qleblanc@example.net,275-531-6144,Individual,2334648.37,2023-01-07
BYR-3481,Monica,Jones,gutierrezkeith@example.org,001-380-998-7787x718,Corporation,154448.66,2021-03-23
BYR-3482,Kaitlyn,Ramirez,nduran@example.com,001-336-551-3490x08096,Investor,2658922.5,2019-12-26
BYR-3483,Margaret,Cook,davissabrina@example.net,+1-339-279-7106x633,Individual,,2020-06-05
BYR-3484,Brittney,Short,kimberlymills@example.net,+1-554-271-7105x20723,Individual,,2023-02-14
BYR-3485,Peter,Nguyen,kenneth25@example.net,901.251.0398x7957,Investor,,2024-05-16
BYR-3486,Deanna,Smith,laurenharrington@example.com,+1-741-424-2803x301,Corporation,2815036.0,2019-07-30
BYR-3487,Breanna,Reed,wallacemarissa@example.org,4814212532,Corporation,1738479.97,2019-05-19
BYR-3488,Miguel,Aguilar,ashleehill@example.com,272-298-8245x70986,Individual,,2019-02-27
BYR-3489,Adam,Hudson,melinda09@example.net,(276)338-1272x49963,Individual,,2021-01-25
BYR-3490,Angela,Orozco,wagnermichael@example.org,933-822-5798x730,Individual,1393218.67,2023-07-03
BYR-3491,Douglas,Moore,rebecca25@example.com,8163751866,Individual,,2022-10-30
BYR-3492,Jeffrey,Kim,cynthia26@example.org,765.299.0099x8563,Individual,2134702.47,2019-06-18
BYR-3493,Brenda,Fernandez,tonichavez@example.org,8186184592,Individual,197443.23,2020-01-17
BYR-3494,Chad,Berg,robinsoncrystal@example.org,001-956-732-7498x216,Individual,1412012.08,2022-07-29
BYR-3495,Debbie,Austin,omays@example.net,641-394-7864,Corporation,620697.82,2019-11-07
BYR-3496,Molly,Foster,hcooper@example.net,(612)337-8327,Individual,1633010.67,2019-07-11
BYR-3497,Sharon,Smith,roy05@example.org,734.973.6508x64587,Investor,1282159.78,2023-06-11
BYR-3498,Anna,Jimenez,leedaniel@example.org,3367950676,Individual,888424.76,2024-05-13
BYR-3499,Jonathan,Rasmussen,,(950)635-8987,Individual,,2023-12-04
BYR-3500,Blake,Baker,reneeestes@example.com,203.664.8173,Individual,1466516.3,2019-09-13
BYR-3501,James,Trujillo,bowersbethany@example.org,783.709.7856x18697,Individual,,2022-03-15
BYR-3502,Latoya,Saunders,dawnmarquez@example.net,2272958355,Individual,1796281.25,2022-02-22
BYR-3503,Michael,Smith,douglasmichael@example.org,+1-586-872-0288x5754,Individual,1270691.87,2022-04-04
BYR-3504,Thomas,Jimenez,aavila@example.net,001-852-988-5948,Investor,248326.86,2019-01-21
BYR-3505,Bryan,Goodwin,lisa52@example.org,898.258.6246x46409,Individual,277404.58,2020-09-23
BYR-3506,Peter,Russell,rachelsolis@example.net,+1-598-934-5715x954,Individual,942245.15,2022-03-16
BYR-3507,Stephen,Vaughan,kingamanda@example.com,592-754-9072x38980,Individual,2017869.64,2019-07-01
BYR-3508,Brian,Welch,douglaschristina@example.net,+1-327-341-3074x2148,Individual,2088340.73,2024-05-03
BYR-3509,Terri,Mendez,griffinhaley@example.org,+1-808-567-7616x66199,Individual,1362929.45,2023-05-15
BYR-3510,Megan,Thomas,brownjohn@example.net,(847)882-6963x80699,Corporation,1089380.45,2021-07-30
BYR-3511,Shane,Wilson,hudsontiffany@example.net,(715)985-7022,Investor,305181.01,2019-10-23
BYR-3512,Michael,Smith,hernandezbrandon@example.org,747.876.4727x76376,Individual,1879390.17,2019-12-19
BYR-3513,Joshua,Lambert,rjohnson@example.org,565.395.6355,Corporation,367322.66,2019-11-16
BYR-3514,Virginia,Smith,markbentley@example.com,+1-846-932-6910x374,Investor,2584855.66,2019-01-23
BYR-3515,Brett,King,robinsonjoshua@example.com,+1-312-455-8110,Individual,147697.42,2021-02-08
BYR-3516,Robert,Adams,danielle79@example.org,851-675-8734,Investor,375482.6,2020-01-28
BYR-3517,Lisa,Shah,katrinatrevino@example.com,337.348.3130x8028,Individual,,2022-07-24
BYR-3518,Ashley,Gardner,lorettaboyle@example.net,+1-589-757-2135x1967,Individual,1484676.42,2021-12-06
BYR-3519,Michael,Sanders,nicholassmith@example.org,862.822.2668x260,Individual,2900419.39,2021-04-22
BYR-3520,Robert,Allen,muellercurtis@example.org,603.641.8028x48087,Investor,159723.97,2020-05-24
BYR-3521,Victor,Davis,lisa73@example.org,563-208-2390x10182,Individual,1277107.72,2022-10-02
BYR-3522,Sandra,Harvey,ronniebrown@example.com,8253370645,Individual,665320.85,2022-09-04
BYR-3523,Angel,Strong,,+1-671-636-1713x92827,Individual,1284471.87,2020-01-23
BYR-3524,Yolanda,Cuevas,dhoffman@example.org,+1-293-512-7288x028,Corporation,2106646.64,2021-04-03
BYR-3525,Paula,Walton,darrell94@example.net,(775)503-2868x3245,Individual,1155312.9,2023-02-01
BYR-3526,Brianna,Lucas,jsmith@example.org,482.624.8164x491,Investor,2902470.52,2021-11-10
BYR-3527,James,Carter,,001-726-783-9528x463,Individual,2852011.47,2022-12-30
BYR-3528,John,Smith,ubarrett@example.net,001-395-927-6654x05778,Individual,,2021-11-25
BYR-3529,Rebecca,Shea,lfoster@example.org,203.623.7345,Individual,922878.91,2019-03-01
BYR-3530,Catherine,Long,jesseball@example.net,+1-954-540-8643x058,Individual,2562355.33,2021-03-06
BYR-3531,Amanda,Gardner,bwatson@example.net,438.738.8760,Trust,1806604.53,2019-10-24
BYR-3532,Kelly,Daniels,rsloan@example.com,603.279.3850,Individual,,2023-05-24
BYR-3533,William,Luna,lesliehill@example.net,(823)661-1581,Trust,1167548.31,2020-02-01
BYR-3534,Brenda,Snow,taylorbrittany@example.com,(238)361-0075x32570,Individual,2474102.48,2019-10-26
BYR-3535,Brittany,Dougherty,stanley30@example.com,374-935-8898,Investor,572220.17,2020-08-06
BYR-3536,Todd,Wright,orobinson@example.org,001-872-986-1418,Individual,2590745.63,2021-01-06
BYR-3537,Mark,Gamble,elara@example.com,+1-410-449-6381x7118,Investor,1556006.27,2023-06-14
BYR-3538,Jennifer,Rowland,vincentorr@example.com,2252768412,Individual,2463440.05,2021-10-14
BYR-3539,Jamie,Garrison,qcarter@example.net,(250)420-3048,Individual,683931.19,2020-03-21
BYR-3540,Amanda,Lee,ikim@example.net,001-888-819-3615x033,Individual,,2021-09-04
BYR-3541,Maria,Barr,richard42@example.org,228.604.1574x8461,Investor,2393234.97,2019-07-13
BYR-3542,Bryan,Rose,daniel06@example.org,608.433.3504x79112,Investor,2141510.68,2020-08-22
BYR-3543,Kelsey,Boyle,emma36@example.org,(969)458-8457,Investor,2752668.33,2022-12-22
BYR-3544,Julia,Johnson,eric05@example.net,651.552.1148x82689,Individual,1779872.12,2023-10-13
BYR-3545,Teresa,Black,yking@example.org,935-587-6952,Individual,335855.81,2023-08-17
BYR-3546,Joseph,Leblanc,kathryn96@example.com,(549)630-6450x440,Individual,2026788.25,2020-08-11
BYR-3547,Stephen,Bailey,egibbs@example.org,(592)203-8133x72037,Individual,2195187.34,2022-05-02
BYR-3548,Michael,Walton,wchavez@example.net,001-591-999-1235x27961,Individual,2181310.7,2019-11-26
BYR-3549,Todd,Stone,smorton@example.org,001-548-330-2340x90450,Individual,2544900.36,2019-02-18
BYR-3550,Adam,Oneill,,+1-390-929-1838x0619,Individual,404442.06,2020-05-12
BYR-3551,Dave,Berger,nicholas57@example.net,+1-588-983-1569x12080,Trust,331294.04,2022-05-25
BYR-3552,Eric,Trevino,karen30@example.org,001-263-650-8097x151,Individual,1342632.52,2024-06-11
BYR-3553,Rodney,Thomas,walkerjacob@example.com,+1-465-906-6982,Individual,582834.78,2019-06-09
BYR-3554,Meghan,Fernandez,bobbycastro@example.com,977.287.8507,Individual,2894141.47,2023-07-10
BYR-3555,Brooke,Walker,ashleynicole@example.com,(940)487-1549,Individual,2178857.32,2021-06-14
BYR-3556,Kristine,Hoffman,rebecca03@example.net,+1-792-364-0825,Individual,,2021-08-05
BYR-3557,Antonio,Lopez,kelly16@example.com,388.388.7815,Investor,922512.67,2022-12-28
BYR-3558,Angela,Williams,peggywilliams@example.net,+1-779-803-3448x419,Individual,983504.1,2022-01-15
BYR-3559,Brenda,Arnold,stephaniepatterson@example.com,001-769-618-5403x189,Individual,1121774.72,2022-08-05
BYR-3560,Lisa,Hall,charlottejohnson@example.com,268-783-2597,Individual,1038503.27,2023-05-29
BYR-3561,Jennifer,Gilmore,walkermichelle@example.org,(660)921-9927x3209,Individual,1845254.61,2020-12-17
BYR-3562,Peter,Massey,andrewmooney@example.net,306.549.1675x25132,Trust,905925.59,2021-09-03
BYR-3563,Danielle,Arnold,lsanchez@example.net,(568)547-7786x95608,Trust,641832.19,2023-08-26
BYR-3564,Jeremy,Zimmerman,martinezcynthia@example.net,(769)337-2617x4729,Individual,1644875.96,2020-03-28
BYR-3565,Ruth,Mcdonald,dpugh@example.com,001-916-534-9301,Individual,2275283.28,2021-01-07
BYR-3566,Dustin,Gibbs,,663.476.6547x702,Trust,1850639.52,2023-09-18
BYR-3567,Andre,Clark,rmiller@example.com,(807)636-2961x656,Corporation,2135771.5,2021-07-14
BYR-3568,Jessica,Taylor,twatts@example.org,+1-268-686-5312x841,Corporation,1305350.08,2020-10-03
BYR-3569,Diana,King,tammy91@example.com,5472084242,Individual,2877484.08,2019-08-30
BYR-3570,Dustin,Sloan,williamsalison@example.net,666-224-4067x029,Individual,1985142.03,2019-10-15
BYR-3571,Patricia,Wade,littlekimberly@example.net,885.217.2141x751,Individual,2827436.03,2020-08-03
BYR-3572,Robert,Mora,tiffany24@example.org,(786)674-5375,Investor,2233854.16,2024-06-27
BYR-3573,Nicholas,Smith,melissa69@example.net,970-990-9825x47339,Individual,772716.86,2023-02-21
BYR-3574,Kimberly,Johnson,heather48@example.com,+1-734-678-5284,Individual,471146.01,2024-02-04
BYR-3575,Jason,Rush,michaelwaters@example.com,399-660-3111x97522,Individual,,2019-07-25
BYR-3576,Vicki,Cook,montesmelissa@example.net,504-579-4496x4550,Individual,2953546.28,2021-06-14
BYR-3577,Audrey,Benson,tyler59@example.org,785.380.1087,Investor,519683.46,2022-05-01
BYR-3578,Margaret,Curtis,elizabeth26@example.net,509-628-5445x8886,Individual,,2022-06-06
BYR-3579,Michael,Cordova,ebailey@example.net,709-398-2175x1563,Individual,1380648.86,2021-02-25
BYR-3580,Michael,Bender,charlesmorgan@example.com,(891)214-9528,Corporation,1245699.8,2022-07-23
BYR-3581,Keith,Riley,jennifer79@example.net,(325)282-8224x92105,Investor,2781103.92,2020-09-07
BYR-3582,Alyssa,Huber,zhunter@example.org,624.909.3966,Individual,1825216.93,2019-01-15
BYR-3583,Jacob,Clark,emilygomez@example.com,755-924-2351x10006,Investor,1429224.13,2020-10-30
BYR-3584,Donald,Moore,jenniferbender@example.org,+1-768-932-4676,Individual,,2020-04-27
BYR-3585,Ralph,Eaton,jonesnicholas@example.net,459.277.5588x4669,Investor,2780820.69,2021-09-29
BYR-3586,Andrew,Bradley,jenkinstina@example.com,942.552.2213,Individual,391237.45,2020-01-25
BYR-3587,Amy,Johnson,kennethbrown@example.com,588.272.1145x10159,Corporation,476286.91,2019-12-25
BYR-3588,Holly,Turner,loridavis@example.org,+1-943-404-7488x4213,Individual,518910.63,2021-08-01
BYR-3589,Mary,Moore,trogers@example.org,904-842-8896x925,Individual,,2023-07-03
BYR-3590,Kristen,Cunningham,phayes@example.org,001-481-729-6670x60020,Corporation,2240520.72,2021-11-05
BYR-3591,Kevin,Moore,jacksonjoel@example.net,(873)699-3802,Individual,2152475.75,2023-05-06
BYR-3592,Dylan,Wood,bauerjason@example.org,5989814284,Individual,,2022-01-07
BYR-3593,Morgan,Green,xbrady@example.net,532.348.8500,Investor,299696.95,2021-10-02
BYR-3594,Daniel,Harris,shannonjones@example.com,+1-259-684-1154x4441,Individual,2972403.14,2020-12-03
BYR-3595,Mark,Young,martinhughes@example.org,614.820.8291x906,Investor,,2024-03-22
BYR-3596,Timothy,Sanchez,larsonnicholas@example.org,897.383.3533,Individual,2979120.34,2022-04-20
BYR-3597,Anthony,Phillips,ilara@example.com,6009274722,Individual,2152045.83,2020-03-04
BYR-3598,Elijah,Leach,william71@example.net,539.832.6556x446,Individual,1132665.31,2020-12-20
BYR-3599,Cheryl,Koch,monica27@example.com,348.251.1644,Investor,1739396.69,2022-05-14
BYR-3600,Nicole,Chavez,angelicafrank@example.org,(854)601-2424,Investor,854105.18,2022-10-07
BYR-3601,Donald,Johnson,crystalconrad@example.org,279.887.6796x7476,Investor,2949424.03,2022-10-10
BYR-3602,Charles,Ellis,terryvanessa@example.com,001-540-594-5863x08722,Investor,2205248.68,2021-01-05
BYR-3603,Colleen,Snyder,yjennings@example.net,+1-935-847-5575x775,Investor,2357016.58,2023-07-21
BYR-3604,Jon,Cruz,albertmatthews@example.org,312-394-0399,Individual,1339593.33,2021-11-23
BYR-3605,Keith,Berry,desireehamilton@example.com,825.942.5408x67756,Individual,,2024-05-31
BYR-3606,Meghan,Beck,wharris@example.org,249-524-1937,Individual,2215008.91,2022-03-06
BYR-3607,Donald,Dominguez,elizabeth64@example.org,537-631-4395,Individual,,2024-01-11
BYR-3608,Ryan,Hoover,xfrost@example.net,259-671-3153x30607,Individual,1945399.53,2024-06-03
BYR-3609,Timothy,Smith,jessicasmith@example.org,(635)825-6713,Investor,513522.67,2019-08-12
BYR-3610,Stephen,Rogers,xfowler@example.com,001-792-695-9868x783,Corporation,2950885.49,2019-01-08
BYR-3611,Hannah,Castillo,carpenterkenneth@example.net,001-739-326-1913x855,Individual,,2019-09-08
BYR-3612,Michael,Hess,ipowers@example.org,001-486-975-0718x978,Individual,2589170.54,2019-02-17
BYR-3613,Shirley,Grimes,burtonnicholas@example.org,(660)886-8225x70153,Corporation,,2021-01-16
BYR-3614,Randy,Jennings,taylorjulie@example.org,962-430-4680x179,Investor,611190.82,2020-11-02
BYR-3615,Kimberly,Becker,sgreene@example.org,(886)581-1870,Individual,1563203.06,2021-11-05
BYR-3616,Michael,Booth,john14@example.net,+1-460-483-9634x2007,Individual,681661.22,2022-08-17
BYR-3617,Raven,Reese,deleoncory@example.net,001-598-207-5972x44045,Individual,1183699.24,2021-10-01
BYR-3618,David,Nguyen,tbryan@example.org,877-520-6344,Individual,1309212.15,2022-06-10
BYR-3619,Robert,Hayden,kelseylopez@example.net,+1-294-442-4391x774,Individual,,2021-04-27
BYR-3620,Tonya,Castillo,william66@example.org,927-296-0229x0119,Individual,2402474.07,2022-11-08
BYR-3621,Evelyn,Orozco,watsonanthony@example.com,+1-651-784-1052x6783,Investor,282826.11,2020-08-11
BYR-3622,Joseph,Ross,klinesarah@example.net,665-622-2260,Individual,980497.12,2021-03-21
BYR-3623,Margaret,Frazier,nicholas23@example.com,258.352.9101x157,Individual,,2022-06-27
BYR-3624,Andrew,Tran,gary95@example.org,691.932.8374x285,Individual,2879018.49,2020-06-21
BYR-3625,Jennifer,Smith,stuartgregory@example.net,858-510-9709,Corporation,2490686.28,2020-09-17
BYR-3626,Samantha,Larsen,,3832851909,Individual,1170126.05,2023-08-26
BYR-3627,Jessica,Collins,feliciamartin@example.net,5245962300,Individual,2800049.56,2024-04-02
BYR-3628,David,Green,hmorales@example.net,(830)537-8624,Investor,1120154.78,2022-04-25
BYR-3629,Jonathan,Bishop,sarah29@example.com,9557547043,Investor,2558169.48,2020-04-27
BYR-3630,Matthew,Massey,zdeleon@example.net,507.254.9222,Investor,1715683.24,2021-08-10
BYR-3631,Paul,Mcknight,ujohnson@example.net,833.543.2041,Trust,1133850.39,2022-12-07
BYR-3632,Harry,Brooks,rileyapril@example.com,+1-502-471-5136x6792,Corporation,2127959.93,2023-11-05
BYR-3633,Ronald,Robinson,armstrongjason@example.org,(567)257-6762x79759,Investor,1688727.25,2023-01-17
BYR-3634,Shawn,Rowland,carlsonkiara@example.org,8429915556,Individual,,2022-08-13
BYR-3635,Virginia,Campbell,michele88@example.com,001-947-515-5522x7747,Individual,2219888.68,2020-09-11
BYR-3636,Vicki,Marshall,jamie39@example.com,845-390-7250x1492,Individual,1992316.16,2024-06-10
BYR-3637,Robert,Jones,sbrown@example.net,(229)638-3601,Investor,,2020-09-23
BYR-3638,Daniel,Shaw,uyoung@example.org,331-774-3494,Individual,839177.11,2021-09-17
BYR-3639,Jacob,King,taylormaria@example.com,+1-777-760-3216x8624,Individual,2376098.99,2024-01-14
BYR-3640,Nathan,Thornton,gdavis@example.net,464.678.1226,Corporation,154377.47,2021-08-11
BYR-3641,Jessica,Thompson,bryan60@example.org,+1-808-716-7571,Individual,1639900.3,2022-02-12
BYR-3642,John,Davis,aaron04@example.com,(456)888-3966x163,Individual,894712.83,2019-04-21
BYR-3643,Brian,Smith,whitegail@example.org,541.862.1748x18248,Individual,2614582.61,2024-05-06
BYR-3644,Christina,Diaz,robertholder@example.net,811-884-7325x808,Corporation,,2022-09-25
BYR-3645,Amber,Dixon,gonzalezbrandon@example.com,(641)488-7545x680,Individual,1017428.47,2023-08-13
BYR-3646,Lisa,Proctor,hkoch@example.org,(396)272-0469x201,Corporation,2115537.23,2022-04-24
BYR-3647,Amber,Norris,rodrigueztimothy@example.net,5484925266,Investor,2238087.46,2019-05-15
BYR-3648,Alyssa,Cooper,matthew16@example.org,001-729-620-7453x3084,Corporation,1526603.92,2024-01-18
BYR-3649,Amber,Henry,timothy30@example.com,+1-832-796-8012,Investor,1691096.31,2023-05-30
BYR-3650,Amy,Mason,thomaskimberly@example.net,421-447-6216x26328,Individual,1244750.59,2023-08-05
BYR-3651,Jeff,Johnson,webbwendy@example.org,349.327.0234x202,Investor,439022.84,2019-08-13
BYR-3652,David,Brown,lindsayscott@example.net,683-223-5152x57615,Corporation,2972957.9,2023-08-19
BYR-3653,Rebecca,Martin,tammy79@example.com,+1-812-589-7222x92999,Investor,,2019-10-30
BYR-3654,Donald,Pierce,zreed@example.com,325-704-5933x92487,Individual,2105544.51,2020-04-16
BYR-3655,Dylan,Villegas,lopezjulie@example.org,+1-614-894-0123x6725,Individual,,2020-07-03
BYR-3656,Jessica,Sanders,spencermichelle@example.org,953-372-4222x8115,Individual,283906.97,2019-08-30
BYR-3657,George,Perez,natalieblair@example.com,756.857.3649x2771,Investor,,2023-04-10
BYR-3658,Alicia,Lucas,kristi64@example.com,837.312.6686,Individual,1149331.36,2023-01-04
BYR-3659,Anna,Wilson,kinggloria@example.com,+1-979-376-6908x76353,Investor,916729.21,2019-07-09
BYR-3660,Brian,Ross,wcollins@example.net,907-904-7086,Investor,2923787.07,2020-08-10
BYR-3661,Margaret,Sanchez,lcherry@example.net,5444088641,Individual,2698105.31,2020-04-06
BYR-3662,Michele,Mathis,ijoseph@example.org,313-691-9884,Individual,788733.94,2019-05-02
BYR-3663,Phillip,King,katelynfaulkner@example.com,3444885996,Individual,,2021-04-27
BYR-3664,Jessica,Taylor,jenniferallen@example.com,511.449.8442,Individual,1337530.19,2020-06-08
BYR-3665,Catherine,Miller,taylorgriffith@example.com,933-473-0119x04534,Trust,2863824.24,2023-08-08
BYR-3666,Tara,Myers,williamsdavid@example.net,9128389853,Corporation,2828483.34,2021-01-26
BYR-3667,Brian,Anthony,dwallace@example.net,001-674-831-1250,Investor,2979139.35,2020-08-10
BYR-3668,John,Davis,melissaoneal@example.com,(536)351-4329x4479,Individual,2375053.28,2019-07-19
BYR-3669,Zachary,Huff,kevin46@example.com,4847353446,Investor,2297483.87,2020-11-22
BYR-3670,David,Mitchell,dawn45@example.org,+1-401-272-6558x84962,Individual,1194308.83,2023-01-24
BYR-3671,Andrew,Jones,mooresuzanne@example.com,542.716.1044x787,Individual,2233422.32,2020-01-23
BYR-3672,Danielle,Spencer,,507-215-2596,Corporation,1245443.07,2019-09-30
BYR-3673,Michael,Stafford,ygalloway@example.net,889-497-5303,Individual,1079963.89,2021-02-25
BYR-3674,David,Mccarty,jennifer45@example.org,954.538.7291x23024,Individual,804079.05,2023-10-11
BYR-3675,Michael,Richardson,nicole00@example.com,+1-823-678-6413x567,Individual,2361768.58,2023-01-28
BYR-3676,Diana,Nelson,edwardpierce@example.org,610-842-3404x38212,Individual,1095596.7,2021-06-10
BYR-3677,Karla,Thompson,harrisfranklin@example.org,311-901-2966x8550,Corporation,,2020-04-27
BYR-3678,Amy,Taylor,wflores@example.org,603.888.4708,Individual,630476.14,2021-08-20
BYR-3679,Melissa,Scott,keithmark@example.com,(484)860-6558x9420,Individual,147417.87,2020-09-23
BYR-3680,Brandon,Peters,albert65@example.com,202.909.4290,Trust,2776416.55,2021-08-30
BYR-3681,Lisa,Smith,brandononeal@example.org,657.252.6779x4936,Individual,1447391.14,2019-11-18
BYR-3682,Anna,Carpenter,melissacampbell@example.com,381.742.0370x031,Individual,1840027.48,2020-09-13
BYR-3683,Patricia,Morris,cathy14@example.net,(310)395-2311,Individual,2475813.13,2022-11-29
BYR-3684,Scott,Thornton,ojones@example.com,+1-273-710-2345,Individual,2456298.01,2021-04-30
BYR-3685,Colton,Taylor,rebecca62@example.net,852-520-6881x584,Investor,204071.03,2019-03-19
BYR-3686,Christopher,Murphy,normawatson@example.org,001-296-911-7515x051,Investor,2713383.65,2021-02-24
BYR-3687,Kathleen,Ortega,pgreen@example.net,+1-433-218-3588x0322,Individual,611491.52,2020-03-03
BYR-3688,Claire,Hernandez,carlsonalan@example.com,756.617.1404,Individual,,2021-09-09
BYR-3689,Brian,Mclaughlin,mitchell28@example.com,(623)270-0293x909,Corporation,159263.63,2023-10-27
BYR-3690,Kimberly,Kerr,walterrogers@example.net,001-563-476-9582,Individual,587628.34,2020-03-30
BYR-3691,Krista,Petty,randallsmith@example.org,956-666-1452,Investor,509434.66,2021-03-01
BYR-3692,James,Olsen,jacksonvanessa@example.net,+1-974-562-6509x0086,Individual,2078135.01,2020-12-22
BYR-3693,Tara,Schaefer,,(542)413-8283x217,Individual,,2020-07-24
BYR-3694,Shane,Bowman,afinley@example.com,936.628.7688,Individual,1498353.57,2021-08-18
BYR-3695,Nicole,Sanders,kochnathan@example.com,+1-765-574-4387,Investor,2532525.55,2020-07-30
BYR-3696,William,Smith,charlesross@example.net,(935)855-0549x206,Individual,1165495.34,2022-08-12
BYR-3697,Carla,Hernandez,nmitchell@example.com,705.822.0096x76839,Investor,1402514.23,2021-05-26
BYR-3698,Kylie,Robinson,edwardsgregory@example.org,311.654.9345,Investor,1352605.75,2021-12-28
BYR-3699,Vincent,Mcclain,derrickgregory@example.com,(952)846-7762x98374,Investor,1881140.26,2021-09-03
BYR-3700,Andrea,Baker,,(985)493-1177,Investor,,2021-04-10
BYR-3701,Scott,Pope,rhondaburns@example.com,(713)399-5459x85451,Trust,2407242.78,2022-08-17
BYR-3702,Drew,Franco,marie02@example.net,+1-254-899-7031x198,Investor,314634.57,2024-01-25
BYR-3703,Sherri,Benitez,ghayes@example.com,535-729-6448,Corporation,330486.33,2019-04-27
BYR-3704,Raymond,Barton,katherine45@example.org,378-432-8149x80915,Corporation,,2021-10-23
BYR-3705,Troy,Wilson,robert43@example.com,+1-743-531-0968x6340,Trust,585396.9,2020-12-03
BYR-3706,Kara,Juarez,sharimiller@example.com,249.984.6638x00583,Investor,2421944.91,2022-02-18
BYR-3707,Christian,Rose,mariamarsh@example.com,313-463-2880,Investor,164141.52,2019-04-17
BYR-3708,Randy,Gray,mullinserin@example.net,(733)241-3322,Investor,,2020-09-11
BYR-3709,Laura,Pittman,,(645)566-3290x8995,Individual,2926159.35,2019-09-08
BYR-3710,Zachary,Robinson,ymiller@example.com,+1-450-577-6774x7912,Individual,2292558.27,2022-09-12
BYR-3711,Jackie,Parker,emorrison@example.org,(909)821-8921,Investor,1913598.26,2021-11-11
BYR-3712,Matthew,Perkins,,(745)458-0365,Individual,141075.37,2019-08-27
BYR-3713,Jennifer,Johnson,patrickfreeman@example.org,(515)265-9150,Individual,233494.37,2020-10-08
BYR-3714,Cynthia,Foster,alexanderharrison@example.net,001-709-302-4736x118,Individual,1576358.65,2023-06-29
BYR-3715,Kristopher,Wang,daniel46@example.org,394.424.3961x736,Investor,1050105.42,2020-12-26
BYR-3716,Benjamin,Chambers,jday@example.com,+1-703-439-1926x259,Individual,2888755.71,2021-02-23
BYR-3717,Amy,Becker,leerichard@example.org,+1-701-299-3937x016,Individual,1473294.27,2023-11-16
BYR-3718,Travis,Moore,fhardy@example.org,6186492964,Individual,1323709.13,2023-04-19
BYR-3719,Kristy,Mejia,clarkcassandra@example.com,651.971.0604,Corporation,2760707.28,2023-04-22
BYR-3720,Dennis,Hall,lpowers@example.com,+1-656-582-9117,Individual,1296589.61,2023-10-29
BYR-3721,Nicole,Warner,hoffmansusan@example.com,001-249-918-3971x83503,Individual,2644137.76,2021-06-18
BYR-3722,Andrew,Anderson,elaine20@example.com,726.311.0826x187,Individual,,2024-04-26
BYR-3723,Peter,Miller,williamsdiane@example.com,+1-877-950-2822,Corporation,162399.55,2021-11-23
BYR-3724,Joshua,Rice,kingmelinda@example.net,6696587476,Individual,2557715.38,2022-04-03
BYR-3725,Sue,Harrison,thompsontrevor@example.org,+1-271-866-0994x989,Investor,1321404.93,2022-11-21
BYR-3726,Allison,Garcia,biancashaw@example.net,(201)602-4683,Individual,949628.01,2022-12-04
BYR-3727,Jamie,Smith,kellyduncan@example.net,884.601.1441x511,Corporation,,2021-03-01
BYR-3728,Brandi,Mckinney,bmaxwell@example.com,459.571.7661x52676,Individual,1913996.42,2023-01-20
BYR-3729,Amanda,Bush,jdavis@example.com,690.220.8306,Investor,743469.96,2023-03-16
BYR-3730,Lori,Bonilla,jonesjacqueline@example.org,001-228-657-7078,Individual,278407.86,2021-04-09
BYR-3731,Maria,Banks,xwilliams@example.net,(805)836-1264,Individual,,2019-01-07
BYR-3732,Christopher,Mitchell,sheila35@example.net,8488463639,Investor,,2022-07-30
BYR-3733,Jeffrey,Hall,richard68@example.org,6419016815,Individual,2819358.47,2021-04-02
BYR-3734,Anthony,Jones,longmelinda@example.com,609-795-2293x1118,Investor,,2022-06-11
BYR-3735,Frank,Wyatt,krystalavila@example.org,(374)992-6416,Individual,816524.54,2021-12-06
BYR-3736,Tara,Howard,linda78@example.org,354.529.7583x73389,Individual,1648839.81,2020-12-31
BYR-3737,Dominic,Woods,johnstonkrystal@example.org,751-784-8705x665,Individual,1820518.02,2024-01-14
BYR-3738,Yvonne,West,foxchristopher@example.net,(749)510-7299,Individual,909750.78,2023-04-12
BYR-3739,Craig,Graham,martinkathryn@example.com,(680)306-1913x23671,Individual,124481.27,2023-07-05
BYR-3740,Paul,Ramirez,jeremygray@example.org,(815)823-9363,Trust,1057140.65,2021-04-20
BYR-3741,Carl,Miller,davidemily@example.net,584-733-7408x5060,Individual,,2019-12-04
BYR-3742,Joshua,Williams,luke85@example.org,001-919-720-9854x040,Individual,759599.37,2022-11-23
BYR-3743,James,Rodriguez,james80@example.org,783.605.0241,Corporation,2028881.61,2021-09-12
BYR-3744,Samuel,Smith,,001-410-466-5180x82134,Individual,2851617.28,2023-01-03
BYR-3745,Debra,Huerta,novakashley@example.org,(945)899-3844x71333,Individual,2289022.55,2024-03-22
BYR-3746,Ryan,Thompson,nathancooper@example.com,221.808.7618x2956,Corporation,1818406.52,2020-12-18
BYR-3747,Larry,Watson,oburnett@example.net,+1-262-291-4164x2295,Investor,,2021-09-05
BYR-3748,Diana,Jackson,htaylor@example.org,(315)536-4773x135,Individual,,2019-05-19
BYR-3749,James,Smith,imatthews@example.com,(746)256-9297,Investor,510596.57,2020-12-26
BYR-3750,Matthew,Rowe,anthonyhurst@example.net,001-598-710-8585x3117,Trust,1623333.8,2023-07-25
BYR-3751,Manuel,Pearson,waterskathy@example.org,755-691-3699x13303,Individual,1004146.53,2024-02-07
BYR-3752,Michael,Bell,kfarmer@example.net,001-754-343-0976,Individual,892064.72,2019-02-10
BYR-3753,Elizabeth,Miller,jessicahoward@example.org,(492)331-8195x6817,Investor,,2021-07-04
BYR-3754,Kyle,West,hendersonzachary@example.net,+1-212-405-4684,Investor,2075795.06,2023-03-11
BYR-3755,David,Shelton,hancocktonya@example.org,744.206.1252x5053,Investor,,2021-04-20
BYR-3756,Tina,Bates,jeffreybauer@example.com,5018328983,Individual,2791120.96,2021-05-11
BYR-3757,James,Lucas,hmarshall@example.com,873.859.7695x541,Individual,985746.67,2021-05-09
BYR-3758,Jenna,Brown,lauramcdaniel@example.com,772-918-4946x0466,Trust,1165750.37,2022-02-27
BYR-3759,Darius,Howell,garyhoffman@example.com,698-513-4016x55562,Investor,,2022-07-21
BYR-3760,Justin,Castaneda,lbell@example.com,+1-553-629-4187x4045,Individual,1650442.21,2023-07-25
BYR-3761,Melissa,Morton,shieldswhitney@example.org,780.312.6222x46448,Investor,504310.07,2021-05-11
BYR-3762,Denise,Waller,richardsonkatherine@example.org,674-297-2616x1875,Individual,2814532.5,2023-10-03
BYR-3763,Rachael,Lewis,donald84@example.net,760-714-4604,Individual,,2023-06-30
BYR-3764,Ricky,Smith,john80@example.net,+1-382-386-9571x13096,Individual,2416850.56,2019-12-01
BYR-3765,Stacy,Hoffman,ykim@example.com,001-336-585-9655x517,Individual,970977.43,2022-10-05
BYR-3766,Rebecca,Mcclain,qpetersen@example.org,732-721-7135,Individual,1907326.13,2021-11-30
BYR-3767,David,Adams,,401-711-7622x9885,Corporation,2387615.65,2019-03-09
BYR-3768,Juan,Davis,sgood@example.net,5174393463,Individual,2716617.36,2023-03-12
BYR-3769,Brian,Mills,vargasashley@example.com,(436)384-8503x57615,Individual,353265.79,2024-03-23
BYR-3770,Susan,Haney,gabriel52@example.com,851-775-2005,Individual,1698751.57,2022-10-13
BYR-3771,Jessica,Martinez,floydjill@example.org,6668298345,Investor,1905435.08,2021-08-05
BYR-3772,Carlos,Gonzalez,john18@example.net,001-317-544-0756,Individual,,2023-04-02
BYR-3773,Russell,Grant,nancy72@example.com,425-908-4275,Individual,2223111.76,2022-12-22
BYR-3774,Donna,Daniels,steven28@example.net,(297)445-8816,Individual,2015585.74,2020-05-22
BYR-3775,Robert,Fitzgerald,ntucker@example.org,275-362-2720x318,Trust,2175382.23,2024-02-22
BYR-3776,Timothy,Stevenson,marcussmith@example.net,001-917-562-3593x86262,Individual,2059968.3,2019-01-16
BYR-3777,Amanda,Fleming,alan16@example.org,746.608.8607x1751,Investor,763915.11,2020-08-31
BYR-3778,Jessica,Brown,dray@example.net,727-848-7665x03656,Investor,1138282.44,2023-04-25
BYR-3779,Dominique,Hudson,pwoods@example.net,(226)347-4093,Investor,,2024-03-08
BYR-3780,Jasmine,Phillips,millerbrian@example.net,428-922-2549,Investor,1007785.53,2020-08-11
BYR-3781,William,Hunt,lisa60@example.com,(901)940-4184,Individual,480727.69,2024-05-27
BYR-3782,Susan,Garrett,thomasjorge@example.org,7717990540,Individual,2102468.82,2019-05-03
BYR-3783,Mary,Walker,christinaguerra@example.org,785-966-4963x44067,Investor,2743434.46,2022-04-19
BYR-3784,John,Walker,gowens@example.com,929-354-3663x8546,Corporation,1941048.92,2023-05-27
BYR-3785,Malik,Mcneil,alexmiller@example.org,686.667.4696x265,Corporation,712499.17,2021-03-19
BYR-3786,Cheryl,Choi,smithstacy@example.com,866.533.3704x0046,Individual,966277.45,2022-08-20
BYR-3787,Alyssa,Garcia,dillonjodi@example.org,001-562-992-6910x9143,Corporation,2953324.95,2023-09-28
BYR-3788,Martin,Rowland,ariel51@example.net,(220)908-5474x187,Individual,,2024-04-22
BYR-3789,Linda,Sexton,brenda56@example.net,(993)915-2802x903,Individual,1037393.71,2024-04-03
BYR-3790,Melissa,Romero,tjohnson@example.org,4829900645,Individual,,2019-04-09
BYR-3791,Lawrence,Watkins,sean00@example.net,994.427.1812x1569,Individual,1865725.48,2019-07-22
BYR-3792,Alicia,Cervantes,gutierrezlindsey@example.com,633-453-8409x175,Investor,2682215.66,2019-03-23
BYR-3793,Peter,Sims,reillyrobert@example.net,704-896-0205,Individual,,2024-03-17
BYR-3794,Heather,Brown,,+1-855-816-7885x2828,Investor,526263.6,2022-09-23
BYR-3795,Louis,Gonzalez,donaldsolis@example.com,(683)829-4148,Individual,1947082.18,2023-11-03
BYR-3796,William,Payne,velasquezthomas@example.net,5363776750,Individual,371308.97,2020-02-01
BYR-3797,Benjamin,Larsen,alexanderbrian@example.com,+1-393-699-7757x08197,Individual,2539499.95,2019-06-28
BYR-3798,Jeffrey,Holmes,qhill@example.org,393.516.6086,Individual,,2023-03-09
BYR-3799,Sandra,Hill,ppayne@example.com,234-952-5453x698,Individual,1220771.96,2022-09-04
BYR-3800,Sandy,Rogers,julie59@example.com,725-422-9293,Individual,288479.27,2023-10-22
BYR-3801,Brian,Francis,plarsen@example.net,(538)515-2991,Corporation,2826534.32,2023-09-04
BYR-3802,Ralph,Obrien,tonya45@example.net,273-706-1484,Individual,2025587.08,2021-04-26
BYR-3803,Carrie,Shepherd,zreilly@example.org,2082991285,Investor,2823917.36,2024-03-19
BYR-3804,Thomas,Cook,rachelwilliams@example.net,7623582316,Individual,,2019-01-02
BYR-3805,Regina,Romero,shawn71@example.com,777-316-5540,Trust,2016284.54,2024-04-09
BYR-3806,Paul,Rios,donnamartin@example.net,593-381-5766,Individual,2407287.41,2020-01-30
BYR-3807,Thomas,Peterson,thompsonsusan@example.com,+1-279-633-2493x90507,Investor,,2022-07-21
BYR-3808,Nicholas,Benton,hansonkathy@example.org,+1-763-212-3124x4136,Investor,1198134.6,2024-05-05
BYR-3809,Kaitlin,Salazar,gjames@example.net,+1-811-951-7894x7374,Individual,1261578.4,2023-09-01
BYR-3810,Antonio,Porter,maria39@example.net,6602750924,Investor,633121.72,2019-06-25
BYR-3811,Maria,Blackwell,nashmaxwell@example.net,503.687.7067x1402,Individual,2841148.53,2023-05-11
BYR-3812,Sydney,Herrera,hollylittle@example.net,(369)564-3451x46748,Individual,2797156.2,2023-03-13
BYR-3813,Ann,Brennan,veronica55@example.com,673.336.1957x0145,Investor,1204513.03,2021-10-21
BYR-3814,William,Irwin,geraldbrown@example.org,446.510.5675x53351,Investor,458029.36,2023-12-19
BYR-3815,Noah,Rose,gutierrezbrittany@example.org,(876)828-0492x563,Individual,2921037.85,2023-03-15
BYR-3816,Cheyenne,Taylor,bennettkaren@example.com,001-841-978-7012x1070,Individual,1964946.79,2021-04-27
BYR-3817,Jill,Mercer,christineburgess@example.net,712-921-6382x5762,Investor,,2023-08-26
BYR-3818,Eric,Montgomery,zlandry@example.com,(274)316-2890x7183,Corporation,2799943.67,2019-01-31
BYR-3819,Elizabeth,Fisher,steven81@example.com,243.602.3183x567,Trust,,2020-11-04
BYR-3820,Sophia,Bailey,,(412)771-4290x86441,Investor,2723687.14,2022-04-11
BYR-3821,Jennifer,Tucker,brandonortega@example.org,5157254926,Investor,1746228.87,2019-01-28
BYR-3822,Kathy,Strickland,chad62@example.net,685-526-5218x151,Individual,2256329.64,2023-05-20
BYR-3823,Marissa,Roth,tylersmith@example.com,+1-521-495-0544x011,Investor,2721150.33,2024-06-15
BYR-3824,Eric,Klein,fdavis@example.com,001-445-808-3889x9515,Investor,946265.01,2019-10-17
BYR-3825,Noah,Smith,brandy44@example.net,+1-247-828-5814,Individual,2017856.69,2023-03-10
BYR-3826,Michael,Morales,carterjennifer@example.org,+1-385-397-9320,Investor,1951605.49,2022-04-03
BYR-3827,Ronnie,Walker,sandyford@example.org,001-338-282-1218x57383,Individual,955151.27,2023-02-13
BYR-3828,James,Hall,sheltonlisa@example.com,001-749-250-3286x980,Trust,985995.93,2022-11-09
BYR-3829,Jason,Jackson,nrobinson@example.com,+1-666-689-1314x570,Individual,1563217.13,2020-02-16
BYR-3830,Fernando,Perkins,claire88@example.org,984.840.3408,Corporation,500105.46,2021-01-07
BYR-3831,Erin,Rogers,christian63@example.net,354-532-0774,Individual,2972853.29,2021-02-18
BYR-3832,Eric,Lawson,nelsonerin@example.com,818-475-0234,Individual,149875.78,2019-06-13
BYR-3833,Briana,Johnson,nashdouglas@example.org,001-228-393-4804x429,Investor,1568503.42,2024-06-27
BYR-3834,Brian,Holt,andreamoody@example.org,(764)568-5121x2668,Investor,2000241.72,2019-10-15
BYR-3835,Tiffany,Weaver,millerangela@example.net,(334)825-1702,Individual,2739855.69,2019-06-08
BYR-3836,Hannah,Cooper,bowenreginald@example.net,(746)294-2897,Individual,2955851.91,2020-12-04
BYR-3837,Linda,Gutierrez,mosscheyenne@example.org,(489)273-1291x892,Trust,2568398.6,2022-10-13
BYR-3838,Katherine,Thompson,mary55@example.com,(371)310-0839,Investor,1201333.91,2021-12-14
BYR-3839,Jerome,Craig,benjamin36@example.net,(965)773-6759,Individual,459416.43,2021-07-12
BYR-3840,Melissa,Page,michelle32@example.com,+1-871-744-1505x19976,Individual,1823480.73,2020-11-17
BYR-3841,Jacob,Walton,carlsonrobert@example.org,377.540.3667x8712,Individual,498000.43,2023-07-05
BYR-3842,Angela,Blair,fhines@example.com,573-767-5852,Corporation,2282142.82,2021-07-07
BYR-3843,Samantha,Bowers,jonathon70@example.net,+1-392-544-5121,Corporation,306594.39,2021-12-04
BYR-3844,Maria,Conway,reneesingh@example.org,001-828-519-0135x47457,Individual,,2019-11-30
BYR-3845,Christopher,Walls,aphillips@example.net,(448)365-7963,Individual,,2024-01-22
BYR-3846,Colton,Fowler,coxkaren@example.net,(535)818-2434x4971,Individual,1667930.55,2020-05-26
BYR-3847,Mary,Edwards,danielking@example.net,001-783-958-6847x2632,Investor,339447.32,2019-11-19
BYR-3848,Justin,Jennings,molinadavid@example.com,+1-682-750-1052x85094,Trust,2187225.81,2021-01-08
BYR-3849,Christina,Contreras,qpena@example.com,705-705-2024,Investor,1869581.27,2024-05-02
BYR-3850,Joseph,Cox,christinagarcia@example.org,584-982-1676x397,Individual,2684312.82,2021-10-06
BYR-3851,Tonya,Ortiz,christopher11@example.net,+1-378-391-6450x21424,Individual,2617773.43,2020-06-05
BYR-3852,Melissa,Flores,hannah26@example.org,852-208-5677x1164,Individual,2286321.86,2023-03-30
BYR-3853,John,Mitchell,ifitzgerald@example.com,311-875-4711x959,Investor,,2020-01-23
BYR-3854,Antonio,Norman,howellcarol@example.com,001-633-385-1242x9740,Corporation,,2024-05-17
BYR-3855,Angela,Marshall,rprice@example.org,746.316.8559,Individual,2321248.64,2019-06-05
BYR-3856,Roger,Ho,oberry@example.com,+1-517-562-9416x3392,Corporation,276343.82,2020-02-14
BYR-3857,Ashley,Johnson,jeanette32@example.com,001-205-977-3646x0028,Investor,2058553.28,2021-04-30
BYR-3858,Laurie,Gonzalez,fosteredward@example.net,882.567.0934,Investor,243256.53,2024-04-21
BYR-3859,Christopher,Bradley,nfreeman@example.org,218-895-3886x37455,Individual,485817.81,2023-11-20
BYR-3860,Jessica,Douglas,alvin35@example.net,758-998-1084,Investor,1646329.26,2024-03-04
BYR-3861,Denise,Jensen,sabrina01@example.net,278-209-4907,Individual,2182519.29,2021-09-23
BYR-3862,Jonathan,Mcdonald,cmacdonald@example.org,753.306.6515x47526,Investor,,2022-09-23
BYR-3863,Jennifer,Juarez,ubaker@example.org,(670)725-9777x9205,Investor,,2019-06-04
BYR-3864,Tammy,Lopez,dsutton@example.org,810-596-8583x568,Investor,1896232.78,2023-06-24
BYR-3865,Gloria,Cortez,ibailey@example.net,974.532.9648,Investor,1711769.74,2024-05-14
BYR-3866,Jose,Leach,sherry85@example.com,488.742.8075,Individual,304646.98,2023-05-17
BYR-3867,Joshua,Morales,taylorpetty@example.org,386.454.1516x7445,Investor,1053415.81,2022-07-18
BYR-3868,Angelica,Cole,patricia85@example.net,966-886-9804,Trust,297982.46,2024-06-28
BYR-3869,Robert,Garza,mike24@example.com,+1-740-464-4147,Individual,956976.5,2023-09-01
BYR-3870,Aaron,Smith,johnking@example.org,530-514-1574x8498,Individual,125645.77,2024-05-20
BYR-3871,David,Aguilar,millscourtney@example.org,590-377-4990,Individual,2742043.09,2019-07-23
BYR-3872,Carrie,Gonzalez,molly90@example.net,534-975-3264x22649,Individual,109628.8,2023-05-01
BYR-3873,Matthew,Mitchell,tonirodgers@example.org,001-615-621-3804x0968,Individual,,2019-06-04
BYR-3874,Emily,Hall,iarnold@example.net,+1-386-485-1433,Individual,1190619.88,2022-01-28
BYR-3875,Karen,Ortiz,leah36@example.org,001-476-839-0008x2192,Investor,1702312.76,2021-12-26
BYR-3876,Jamie,Powell,msmith@example.net,+1-422-888-7836x1919,Individual,378284.18,2019-11-13
BYR-3877,Molly,Mccarthy,kellicastro@example.com,4324438460,Individual,1548281.92,2020-05-30
BYR-3878,Aaron,Sullivan,ramirezvicki@example.net,(283)435-1475x5916,Individual,901247.21,2022-01-17
BYR-3879,Earl,Archer,elizabeth12@example.net,785.856.7810x279,Individual,1691502.87,2022-02-05
BYR-3880,Susan,Jones,april79@example.net,592.230.8359,Individual,1596808.85,2021-06-14
BYR-3881,Michael,Barnes,stevenharrell@example.com,636-762-1146,Individual,,2023-07-19
BYR-3882,Nicole,Bishop,bgrimes@example.net,663-744-7231x131,Individual,1901111.5,2022-11-06
BYR-3883,Matthew,Ross,jessica15@example.com,587.357.1094x9000,Individual,2136633.18,2019-01-20
BYR-3884,Travis,Le,carmen28@example.org,(246)594-8798,Individual,1771738.42,2024-05-17
BYR-3885,Eduardo,Noble,wendymeyer@example.net,+1-449-501-1777x02922,Corporation,507339.01,2020-02-11
BYR-3886,Madeline,Kelley,emmacampbell@example.net,+1-531-798-3840,Investor,2482390.33,2019-06-08
BYR-3887,Deborah,Lee,thomasgutierrez@example.net,(221)652-9785,Individual,737101.88,2020-04-16
BYR-3888,Brittany,Nguyen,courtneyhenry@example.com,430-768-4788x5407,Individual,2831107.64,2019-05-14
BYR-3889,Janice,Adams,mike01@example.net,834.321.3206x962,Investor,857344.98,2023-01-19
BYR-3890,Dana,Hale,johnsonalyssa@example.com,(522)589-2696,Individual,,2024-05-21
BYR-3891,Amy,Ponce,stewartduane@example.com,4335079598,Corporation,1272708.13,2024-01-05
BYR-3892,Matthew,Clay,clayton91@example.com,825.582.9262,Individual,,2023-07-28
BYR-3893,Matthew,Costa,cadams@example.com,001-773-363-0283x2643,Individual,595879.98,2021-04-11
BYR-3894,Douglas,Friedman,cathy25@example.com,395-279-2032,Trust,1867868.69,2021-05-08
BYR-3895,Brandy,Ballard,hayesmelanie@example.net,616-220-6979,Individual,,2019-08-07
BYR-3896,Samantha,Humphrey,jacksonjaime@example.com,436-266-7833x68991,Corporation,1545174.15,2023-05-24
BYR-3897,Henry,Green,mandrade@example.org,831-560-9432x81719,Investor,2957645.23,2019-04-09
BYR-3898,Theresa,Levy,pnelson@example.org,001-467-615-9587x501,Investor,2849781.32,2023-09-14
BYR-3899,Vicki,Anderson,tlove@example.com,+1-498-914-7400x130,Individual,1568633.43,2022-02-13
BYR-3900,Kevin,Carson,avalencia@example.net,954.531.1983,Investor,997082.53,2019-04-08
BYR-3901,Lauren,Morrison,lawrencele@example.com,001-994-476-8972x59374,Individual,2595604.18,2021-03-05
BYR-3902,Stephen,Buchanan,yspears@example.net,327.244.4261,Individual,2153659.72,2020-05-24
BYR-3903,Tamara,Hill,skane@example.net,493.650.2310x5499,Individual,676718.04,2019-05-02
BYR-3904,Amy,Ford,craig21@example.org,(771)960-4362,Individual,,2020-01-23
BYR-3905,William,Castro,patrick86@example.net,+1-303-960-0180x0987,Investor,891239.85,2022-10-26
BYR-3906,Mitchell,Manning,walkerzachary@example.com,(236)596-5903x383,Corporation,,2023-01-07
BYR-3907,Karen,Chavez,kevinramos@example.com,001-299-916-0415x6012,Individual,2099714.94,2021-03-08
BYR-3908,Evelyn,Aguilar,jessicasanchez@example.com,476-452-7862,Trust,2576243.04,2019-10-18
BYR-3909,Andrew,Kelly,dana93@example.org,001-405-582-4686,Investor,,2022-02-06
BYR-3910,Claire,Curry,efranklin@example.net,001-796-668-1593x06162,Individual,971329.69,2022-12-06
BYR-3911,Tyler,Downs,adrian07@example.org,(433)323-6756x078,Individual,349297.55,2024-06-03
BYR-3912,Derek,Hatfield,brownmary@example.com,(748)323-8267x079,Individual,890742.03,2021-03-23
BYR-3913,Heather,Brown,rphillips@example.org,001-313-214-6147x0780,Investor,1040024.38,2023-06-07
BYR-3914,Alan,Boyd,yhunt@example.org,(477)990-9687x8531,Trust,490423.56,2021-04-03
BYR-3915,Kevin,Mahoney,triciasolis@example.com,(473)418-4499x44255,Individual,1669271.93,2019-04-28
BYR-3916,Amber,Olson,monique02@example.org,001-806-862-8568,Individual,778842.73,2019-12-07
BYR-3917,Eric,Jenkins,stacey53@example.net,904-642-3302x956,Individual,134023.5,2020-01-06
BYR-3918,Ashley,Baker,richardsmatthew@example.org,(460)913-3403,Investor,200034.79,2020-12-02
BYR-3919,Maria,Stout,andersonjoshua@example.com,+1-942-256-3846x33651,Individual,1806590.8,2019-10-11
BYR-3920,Christine,Rowe,sanfordpaul@example.net,4904332954,Investor,228884.62,2024-01-24
BYR-3921,Adam,Ramirez,brianna79@example.net,+1-304-523-3965x35428,Individual,1941578.88,2024-01-14
BYR-3922,Kelli,White,tiffanycurtis@example.org,(561)513-0696x1662,Investor,1764603.33,2021-09-04
BYR-3923,Gary,Fritz,jennifermoore@example.com,582-391-7999x50915,Individual,1830465.34,2019-09-04
BYR-3924,Abigail,Perez,jonathan20@example.org,(978)933-9836x4851,Investor,207399.19,2023-01-22
BYR-3925,Zoe,Johnson,stevensonalison@example.com,819-453-8859x10292,Individual,2174395.27,2021-06-10
BYR-3926,Michelle,Williams,martinmichelle@example.com,001-386-714-6695x292,Individual,,2023-08-25
BYR-3927,Leon,Richards,pwall@example.net,699.716.1605x00451,Corporation,292340.73,2020-04-15
BYR-3928,Timothy,Carter,joshua70@example.net,(256)617-1137x126,Individual,1631263.54,2020-03-24
BYR-3929,Jimmy,Patterson,emily10@example.org,(416)968-4123,Individual,2869870.43,2021-06-15
BYR-3930,Andrew,Massey,sandrareynolds@example.com,617-861-8939,Individual,1062175.28,2022-05-22
BYR-3931,Daniel,Fitzgerald,rodgersdylan@example.org,392-406-6754x9139,Individual,2161593.49,2023-06-06
BYR-3932,Christina,Valentine,icampbell@example.com,001-923-931-4560x6045,Corporation,546511.03,2023-12-18
BYR-3933,Chelsea,Johnson,justin07@example.com,329.200.5603x25375,Investor,929239.83,2023-11-06
BYR-3934,Brian,Rodriguez,tracyduarte@example.com,+1-631-348-2704x39075,Individual,,2023-08-05
BYR-3935,Laura,Cardenas,angelapruitt@example.net,316-780-7799,Trust,1464622.37,2021-03-06
BYR-3936,Connie,Ponce,zbennett@example.org,4875408673,Individual,1382176.06,2023-07-25
BYR-3937,Seth,Carrillo,,001-284-371-3540,Investor,1491069.27,2021-09-10
BYR-3938,Joshua,Sanchez,samuel83@example.org,001-562-527-2833,Investor,2281129.03,2020-02-06
BYR-3939,Laurie,Flores,hbrock@example.com,(871)225-4184,Individual,2447334.9,2019-09-03
BYR-3940,Brian,Parker,beth31@example.com,278.355.0989,Investor,2276903.85,2020-02-01
BYR-3941,Stephanie,Levy,david79@example.net,(882)778-3545x1854,Investor,2584587.22,2023-03-18
BYR-3942,Patrick,Martin,clementscody@example.org,376.307.7730x27555,Investor,1313989.49,2020-11-14
BYR-3943,Kevin,Huynh,emily59@example.com,(661)551-9479x357,Individual,2835611.16,2020-05-10
BYR-3944,Benjamin,Vaughn,rachel38@example.com,+1-902-475-0438,Individual,,2024-01-13
BYR-3945,Patricia,Chavez,tinaowens@example.com,+1-212-878-9431x6152,Individual,1449349.67,2022-03-27
BYR-3946,Mary,Morales,armstrongmary@example.net,(279)686-3386,Trust,938577.47,2023-10-29
BYR-3947,Mathew,Peterson,lsalazar@example.org,969.867.4109x50959,Investor,2494585.29,2019-06-10
BYR-3948,Devon,Rodriguez,nthornton@example.org,(410)610-5613x47882,Investor,1630921.12,2024-02-08
BYR-3949,Debra,Snyder,freemanstephanie@example.org,302-722-5444x859,Individual,2280184.74,2022-02-18
BYR-3950,Edward,Ferrell,joshua43@example.org,361-258-8584,Investor,,2020-05-07
BYR-3951,Maria,Gonzalez,michellebridges@example.org,+1-538-766-2148,Individual,2562221.55,2024-03-21
BYR-3952,Tammy,Nolan,shericombs@example.net,+1-923-963-9633x106,Trust,1542131.15,2024-04-05
BYR-3953,Christopher,Porter,dillonkimberly@example.org,001-713-329-4949,Individual,1926747.25,2019-12-16
BYR-3954,Anthony,Smith,amy10@example.com,(466)562-4268x9421,Individual,1358280.22,2022-12-05
BYR-3955,Emily,Wilson,jeffrey08@example.net,(275)475-1111x020,Individual,382711.53,2019-04-06
BYR-3956,Christopher,Williams,williamsonshawn@example.net,+1-833-498-1361x98388,Corporation,2287979.55,2022-06-09
BYR-3957,Wanda,Hicks,lcoleman@example.net,+1-524-608-4679,Corporation,384135.25,2019-11-16
BYR-3958,Matthew,Pena,rachelday@example.com,+1-642-276-6359,Individual,985214.11,2023-06-28
BYR-3959,Seth,Turner,johnstonveronica@example.com,396.989.3621x847,Investor,711148.74,2024-02-15
BYR-3960,Darrell,Fowler,yconley@example.net,250.766.6966x8566,Investor,428659.91,2020-05-30
BYR-3961,Brittney,Hernandez,collierdaniel@example.com,675-722-0290x326,Investor,1014438.58,2023-10-31
BYR-3962,Allen,Black,hsharp@example.net,833.442.3059x772,Individual,1234018.8,2020-05-15
BYR-3963,Melissa,Gilbert,ericberger@example.org,378-744-6428x9616,Investor,2088425.1,2019-04-27
BYR-3964,Thomas,Delgado,robin71@example.org,+1-346-971-5133x157,Individual,1640687.92,2023-04-06
BYR-3965,Jonathan,Chavez,david76@example.org,001-952-435-2392x376,Individual,,2023-01-25
BYR-3966,Mary,Perez,,537-708-2049x049,Individual,1017734.79,2024-04-11
BYR-3967,Colleen,Adams,,(968)488-7026x49875,Individual,1956601.89,2022-06-16
BYR-3968,Rebecca,Anderson,karen24@example.net,(229)694-2379,Individual,2966842.7,2021-10-01
BYR-3969,Sara,Ryan,lpeters@example.com,+1-848-356-2295x94303,Corporation,,2022-12-05
BYR-3970,Lauren,Jones,kristaware@example.org,580-874-5815x163,Investor,,2020-09-07
BYR-3971,Ryan,Leach,margaretbarnes@example.com,327-990-7106,Individual,517533.6,2021-08-29
BYR-3972,Justin,Rojas,kristina81@example.net,878-253-1495x5376,Individual,2255975.97,2020-06-21
BYR-3973,Tony,Velasquez,matthew25@example.com,6555073849,Individual,,2021-09-11
BYR-3974,Tina,Jones,ryan55@example.com,5668717272,Investor,2951550.65,2021-04-16
BYR-3975,Allison,Mcmahon,ashleylarson@example.net,001-972-287-9837,Investor,2615327.59,2019-07-11
BYR-3976,Cristina,Flores,philipfranklin@example.com,+1-665-248-2610,Investor,1418905.46,2022-09-05
BYR-3977,Jaime,Jones,lisarobles@example.com,(336)546-0633x3790,Individual,1162853.4,2019-01-18
BYR-3978,Joshua,Richardson,dana24@example.net,806-752-8856x445,Individual,2819544.56,2020-06-23
BYR-3979,Eric,Riley,estradajustin@example.org,811-854-2688x5441,Individual,2012232.72,2022-11-13
BYR-3980,Bruce,Flores,njuarez@example.org,254.536.2421x026,Individual,558001.28,2023-09-14
BYR-3981,Veronica,Reid,jonesjason@example.org,(878)218-7544x41897,Individual,2245587.87,2022-08-19
BYR-3982,Allison,Gillespie,carolyn93@example.com,609.574.3033,Investor,,2023-03-22
BYR-3983,Deborah,Garcia,stephanie78@example.net,775.233.4384x73647,Investor,1941500.89,2019-01-23
BYR-3984,Patricia,Long,wirwin@example.org,648-615-7472x1067,Individual,1440323.12,2020-06-09
BYR-3985,John,Young,hallheather@example.com,(305)903-4603x5334,Individual,2199465.7,2020-10-14
BYR-3986,Preston,Ray,ostevens@example.com,725-241-8985x683,Individual,,2021-02-03
BYR-3987,Brittany,Dorsey,ronaldsalinas@example.org,+1-866-810-7933x006,Trust,1355239.21,2019-04-17
BYR-3988,Michael,Martinez,kellygarcia@example.com,9597586891,Investor,2258560.64,2022-06-28
BYR-3989,Mary,Brown,ryanvelasquez@example.com,+1-934-424-1909x929,Individual,2564602.12,2023-01-06
BYR-3990,Daniel,King,billforbes@example.org,214-874-5915,Individual,,2019-12-04
BYR-3991,John,Walker,dominiquebuchanan@example.net,478-203-2963,Individual,2846804.31,2022-08-27
BYR-3992,Allison,Scott,luke93@example.net,629.577.7496x6807,Individual,2786274.5,2021-08-25
BYR-3993,Alfred,Brown,georgemark@example.net,7558893409,Investor,1297861.58,2021-03-31
BYR-3994,Teresa,Bailey,michael22@example.org,897.892.8031x61008,Investor,1982205.22,2022-02-26
BYR-3995,Daniel,Thomas,stewartalex@example.com,001-874-443-6870,Individual,2103912.8,2022-03-20
BYR-3996,Alex,Smith,mosleytammy@example.org,001-892-440-6090x25824,Individual,,2021-05-07
BYR-3997,Cameron,Carter,aromero@example.com,001-512-567-9417x833,Investor,,2020-03-03
BYR-3998,Jennifer,Diaz,tcampbell@example.com,897-383-7551,Individual,1745851.29,2019-02-28
BYR-3999,Cindy,Peters,ericagregory@example.net,4047589709,Individual,,2022-11-24
BYR-4000,Danielle,Hill,jacob84@example.com,+1-784-200-3588,Individual,,2023-07-21
BYR-3147,Melinda,Carpenter,fmarquez@example.com,001-673-973-9127x52427,Corporation,2391220.75,2019-08-08
BYR-3704,Raymond,Barton,katherine45@example.org,378-432-8149x80915,Corporation,,2021-10-23
BYR-2662,Julie,Brown,knightmichael@example.net,826-370-9599x042,Investor,2422567.25,2020-01-27
BYR-1632,Christy,Burns,diana17@example.com,001-926-466-8585x92658,Individual,2052084.52,2021-02-10
BYR-3425,Heather,Carpenter,petersonmichael@example.com,527-687-7850x4680,Individual,2472231.34,2021-01-09
BYR-1768,Ryan,Daniel,mackricky@example.org,4743219322,Individual,900109.48,2022-08-07
BYR-0043,Maureen,Rubio,alisonmcintosh@example.net,+1-500-786-1151x64520,Individual,,2019-08-13
BYR-3038,Christy,Garcia,gibsonsandra@example.org,+1-596-556-8892x50381,Investor,1546969.2,2024-04-02
BYR-0798,Christopher,Peterson,lozanostephanie@example.net,957-374-7742x4506,Individual,2531681.42,2021-04-19
BYR-0262,Lawrence,Wallace,,001-225-778-7491x59939,Individual,1956966.81,2024-06-27
BYR-3389,Karen,Lewis,hjensen@example.com,001-859-334-2828x972,Investor,2398628.28,2020-06-20
BYR-3386,Tamara,Navarro,laura00@example.com,+1-637-210-3186x88589,Individual,1954710.76,2021-06-27
BYR-0400,Jacob,Nelson,bweeks@example.net,001-913-910-0977x650,Corporation,,2020-12-22
BYR-0980,Kristen,May,tiffanyhines@example.com,735.710.0647,Individual,259004.4,2023-03-05
BYR-2128,Robert,Blackburn,brandi69@example.com,543-392-2237,Individual,974506.25,2023-04-02
BYR-0841,Laura,Estes,tlee@example.com,342-756-1368x477,Individual,2116855.19,2022-06-25
BYR-2969,Richard,Lopez,zreyes@example.org,(904)297-9874x71200,Individual,2939605.66,2022-08-03
BYR-1295,Maria,Hunter,paularamirez@example.net,555.606.4648x6578,Individual,2876857.57,2021-06-07
BYR-0308,Michael,Henderson,martingabriella@example.com,754.262.1624x483,Individual,,2021-03-08
BYR-0157,Brian,Le,kellyblack@example.net,617.360.2799x3516,Individual,682630.34,2022-08-05
BYR-1864,Kelli,Clarke,kelly78@example.net,5292017698,Individual,526270.44,2023-03-09
BYR-1149,Michael,Powell,luke95@example.org,351.651.5360x104,Investor,1525149.72,2022-04-04
BYR-2905,Lisa,Lee,reedjeffrey@example.com,6994772204,Corporation,234241.76,2021-12-15
BYR-1476,Paul,Brown,barkerlindsey@example.net,+1-968-550-0260x663,Individual,2350979.03,2023-04-12
BYR-2421,Lauren,Hicks,smithchad@example.net,933.623.1871,Individual,1376621.15,2023-01-28
BYR-3319,Crystal,Mitchell,cevans@example.net,(830)439-8271,Corporation,2665675.19,2019-08-14
BYR-2277,Scott,Jones,bmiller@example.net,+1-446-206-7789x8889,Individual,2841989.91,2020-02-23
BYR-2198,Barbara,Freeman,bauerfrank@example.com,(639)979-8638,Individual,846828.06,2019-03-28
BYR-3610,Stephen,Rogers,xfowler@example.com,001-792-695-9868x783,Corporation,2950885.49,2019-01-08
BYR-2326,Corey,Murphy,paularamos@example.org,825-347-1218x91272,Individual,1487700.37,2022-02-27
BYR-3222,Sierra,Garcia,hgillespie@example.org,+1-278-444-0915x3600,Individual,489617.54,2020-03-21
BYR-0012,Kelly,Wallace,craigclark@example.org,(562)701-7918x09193,Individual,975485.74,2019-02-17
BYR-2703,Lindsay,Richards,brittanywilliams@example.com,303.437.7954,Corporation,1060512.95,2019-11-29
BYR-1891,Lance,Craig,palmermichael@example.net,552.350.0557x34608,Individual,556503.9,2019-05-09
BYR-3758,Jenna,Brown,lauramcdaniel@example.com,772-918-4946x0466,Trust,1165750.37,2022-02-27
BYR-1494,William,Anderson,victor98@example.net,941.239.6439x771,Corporation,1133088.6,2023-10-31
BYR-3172,Michael,Schultz,robertsryan@example.com,+1-514-669-3380x97188,Individual,2736894.73,2020-05-02
BYR-2336,Frank,Hood,charles29@example.com,+1-770-324-1156x32408,Investor,,2021-08-09
BYR-0245,Carla,Brown,fherrera@example.com,681.857.9976x05200,Corporation,2938314.27,2023-12-18
BYR-2551,Stephanie,Hunt,ttorres@example.com,307-874-0403,Individual,,2023-08-26
BYR-3545,Teresa,Black,yking@example.org,935-587-6952,Individual,335855.81,2023-08-17
BYR-2510,Leah,Hardin,bautistamary@example.net,(737)955-9241x8611,Individual,2920877.33,2020-08-24
BYR-0708,Brandon,Allen,laura89@example.com,(950)925-6873x49937,Individual,711590.49,2024-01-26
BYR-1711,Kyle,Smith,,2453427771,Individual,1178351.89,2023-06-29
BYR-1826,Michael,Cervantes,robin88@example.org,+1-620-739-1643,Individual,1673402.34,2021-04-25
BYR-0270,Sean,Hanson,avalencia@example.com,+1-914-413-5723,Individual,469591.72,2020-08-24
BYR-0293,Crystal,Huang,william02@example.net,6339268575,Individual,2809094.71,2020-03-18
BYR-1016,Claudia,Young,uvazquez@example.net,+1-751-337-9767x50241,Investor,2919204.13,2024-05-03
BYR-0583,Jason,Lewis,christopherfrazier@example.net,555.912.1147x99723,Individual,245011.75,2019-12-29
BYR-1092,Jesse,Kline,vbennett@example.org,(763)253-4481x343,Investor,310113.75,2021-01-23
BYR-2026,Nancy,Quinn,larry67@example.com,(824)767-5939,Individual,,2019-09-01
BYR-2977,Kim,Sanchez,jasminechavez@example.net,379-472-7080x42483,Individual,1503182.01,2024-05-08
BYR-1508,Eric,Jackson,andrea95@example.org,001-318-526-3775x73991,Individual,1928615.87,2020-08-04
BYR-3344,Julie,Cole,makayla96@example.org,454.340.2800x035,Individual,722203.83,2021-08-11
BYR-3529,Rebecca,Shea,lfoster@example.org,203.623.7345,Individual,922878.91,2019-03-01
BYR-0080,Brittany,Gilbert,,+1-293-794-4012x792,Corporation,937016.13,2020-10-03
BYR-2787,Samantha,Murray,ashley10@example.com,934-210-6544x36677,Corporation,2397137.83,2021-02-18
BYR-3298,Tara,Nunez,russellconnie@example.org,463.790.8985x53241,Investor,1763529.16,2019-11-15
BYR-3184,Colton,Bailey,teresamiller@example.com,588.668.4913x306,Corporation,1240213.61,2022-06-20
BYR-0114,Danielle,Kennedy,matthew01@example.com,296-869-9987,Individual,1686728.96,2022-02-16
BYR-0177,Mark,Chavez,jenniferparks@example.com,001-976-552-4034,Individual,1533993.14,2019-06-10
BYR-1772,Keith,Martinez,nmeyers@example.org,406-642-0900x0012,Trust,2986906.11,2020-07-26
BYR-1948,Katelyn,Taylor,james03@example.com,252-247-8268,Investor,,2023-05-14
BYR-1915,Donald,Williams,,(809)988-2201x860,Investor,2811962.74,2019-08-26
BYR-3921,Adam,Ramirez,brianna79@example.net,+1-304-523-3965x35428,Individual,1941578.88,2024-01-14
BYR-3472,Christian,Martin,huertastacy@example.com,(892)858-2766,Investor,1906626.38,2021-08-21
BYR-0221,Laura,Davis,lori84@example.org,817-271-7385x292,Individual,2715730.47,2023-04-06
BYR-0638,Victoria,King,robert85@example.com,(215)905-7338,Corporation,758379.09,2022-06-30
BYR-2515,Tina,Mason,thomasanderson@example.org,+1-315-537-5887,Individual,1668163.38,2022-02-12
BYR-1589,Heather,Rodriguez,ymcdonald@example.net,(640)849-9328x9262,Trust,2380660.2,2019-01-16
BYR-0073,Joseph,Ferguson,mooretodd@example.com,001-621-543-0669,Individual,1430454.01,2021-10-02
BYR-1340,Adriana,Pruitt,kmiller@example.net,001-473-440-2892x303,Individual,2287174.61,2019-08-09
BYR-1012,John,Peters,vhunt@example.net,223-742-7628x265,Individual,433506.67,2024-02-06
BYR-3172,Michael,Schultz,robertsryan@example.com,+1-514-669-3380x97188,Individual,2736894.73,2020-05-02
BYR-1414,Daniel,Medina,pphillips@example.org,853-375-9293x940,Individual,1382856.5,2019-05-05
BYR-1392,Natalie,White,qcameron@example.net,+1-233-742-0601x20902,Investor,2835421.51,2021-07-01
BYR-2689,Caleb,Drake,tinaspencer@example.com,+1-913-435-9939x1948,Individual,459161.85,2019-03-10
BYR-0716,Nathaniel,Huff,ilopez@example.com,6018583620,Individual,1567915.61,2021-11-22
BYR-1449,Shane,Gordon,belindarichardson@example.org,(933)777-1062,Individual,2062394.01,2023-01-18
BYR-2687,William,Gardner,davidshelton@example.net,383-827-4553,Individual,125430.86,2024-02-27
