listing_id,property_id,agent_id,list_price,list_date,expiry_date,listing_status,days_on_market,description
LST-0001,PRP-3836,AGT-0264,434000.0,2021-01-28,2021-06-08,Sold,110.0,Building major hold buy western low chair.
LST-0002,PRP-0412,AGT-0041,1880600.0,2022-11-29,2023-03-02,Expired,145.0,Hope gas difficult think southern.
LST-0003,PRP-2661,AGT-0048,774800.0,2022-07-29,2023-01-11,Active,349.0,Much security purpose return image indeed nation raise. Instead imagine clear seven check.
LST-0004,PRP-3949,AGT-0148,788600.0,2021-04-23,2021-08-21,Expired,365.0,Heavy as agree beyond tax remember guy.
LST-0005,PRP-0655,AGT-0103,537700.0,2020-03-13,2020-08-23,Sold,,Store own employee nearly throw morning. Reason however serious worker.
LST-0006,PRP-4993,AGT-0149,1948400.0,2024-02-25,2024-05-05,Withdrawn,54.0,Employee know administration scientist. Real few debate find sometimes provide level.
LST-0007,PRP-2798,AGT-0294,1736800.0,2023-03-13,2023-06-19,Expired,171.0,Investment history story outside control development. On Congress health boy put.
LST-0008,PRP-3473,AGT-0278,1909200.0,2023-10-18,2024-02-02,Active,53.0,Special bank shake care bill fund source. Wind least her.
LST-0009,PRP-3087,AGT-0049,635000.0,2021-08-23,2021-08-09,Sold,181.0,Their forward away. Per suddenly movement upon.
LST-0010,PRP-0695,AGT-0229,2044200.0,2023-12-03,2024-05-11,Withdrawn,292.0,Adult game member house thus study over bar.
LST-0011,PRP-2960,AGT-0222,2821900.0,2023-06-01,2023-09-11,Active,56.0,Even single almost.
LST-0012,PRP-2264,AGT-0193,551600.0,2021-09-04,2021-12-14,Active,313.0,One sign civil dinner back near. Go in two control blue member.
LST-0013,PRP-0021,AGT-0257,417400.0,2022-09-12,2023-01-18,Sold,138.0,Record whether might. Area vote note source.
LST-0014,PRP-1534,AGT-0118,2667800.0,2020-01-11,2020-04-17,Active,134.0,Pick cost consider one real even social enough. It toward beat generation picture really.
LST-0015,PRP-1565,AGT-0088,1648500.0,2021-01-17,2021-03-06,Sold,354.0,Then make his.
LST-0016,PRP-2275,AGT-0034,601500.0,2021-08-06,2021-10-29,Expired,284.0,Hit necessary security night give they read.
LST-0017,PRP-1619,AGT-0029,1704800.0,2021-05-29,2021-07-14,Expired,280.0,Detail source somebody remain color.
LST-0018,PRP-0050,AGT-0107,1249900.0,2020-02-15,2020-05-11,Active,45.0,Save sister baby company money although. Box western vote able manager book.
LST-0019,PRP-3559,AGT-0061,1027900.0,2022-11-26,2023-04-11,Active,205.0,Which responsibility kind cultural work. Town thousand real group.
LST-0020,PRP-3706,AGT-0071,2273800.0,2021-09-08,2021-08-11,Expired,50.0,Issue notice hear cost long.
LST-0021,PRP-0823,AGT-0192,2204100.0,2024-04-21,2024-07-20,Sold,26.0,Smile look pressure offer. Ability energy involve office seat Mrs this trade.
LST-0022,PRP-4722,AGT-0036,985600.0,2023-09-12,2024-02-16,Sold,217.0,Century beat write lose Congress issue.
LST-0023,PRP-2805,AGT-0160,129700.0,2024-04-13,2024-06-05,Sold,35.0,Major hit real Congress marriage character.
LST-0024,PRP-3596,AGT-0190,756900.0,2021-06-07,2021-05-19,Sold,47.0,Also close class admit.
LST-0025,PRP-3767,AGT-0025,782500.0,2024-04-11,2024-06-09,Expired,19.0,Near strong affect.
LST-0026,PRP-2173,AGT-0021,1967400.0,2020-05-18,2020-11-06,Active,181.0,Fight difficult business officer. Space together successful site song easy bed.
LST-0027,PRP-2993,AGT-0011,1894000.0,2020-01-23,2020-03-05,Sold,78.0,Order discover loss discuss discover leg nothing.
LST-0028,PRP-2726,AGT-0144,2345300.0,2023-10-31,2024-02-16,Expired,12.0,Staff more upon authority trial win American. Table medical provide mean.
LST-0029,PRP-4460,AGT-0169,990300.0,2021-09-01,2021-11-05,Sold,,According scientist machine purpose learn interview church leave.
LST-0030,PRP-1341,AGT-0292,1837000.0,2022-10-09,2023-02-28,Sold,50.0,Paper leg situation. Health success shoulder pay.
LST-0031,PRP-2784,AGT-0290,159200.0,2021-12-25,2022-06-11,Expired,113.0,Trip follow final attention business.
LST-0032,PRP-2789,AGT-0074,2474500.0,2023-05-03,2023-06-14,Active,196.0,Possible economy pull friend recognize somebody grow example. Provide day eight compare.
LST-0033,PRP-3975,AGT-0091,1185900.0,2020-01-16,2020-04-05,Sold,36.0,West society trial act modern charge spring. Benefit ability model laugh movement during.
LST-0034,PRP-3743,AGT-0221,1749700.0,2021-04-17,2021-03-25,Expired,100.0,Strong skill term other explain station recently next. Quite station full material many marriage door.
LST-0035,PRP-3213,AGT-0212,2620200.0,2020-07-25,2021-01-01,Sold,149.0,Brother last itself different couple every model. Activity turn very soldier.
LST-0036,PRP-4396,AGT-0010,1947700.0,2021-07-08,2021-11-14,Sold,104.0,Window minute that lose.
LST-0037,PRP-1013,AGT-0090,2009400.0,2024-05-23,2024-07-08,Active,129.0,Oil worry bed nice become why.
LST-0038,PRP-3361,AGT-0010,445000.0,2022-02-08,2022-03-13,Pending,190.0,Home pattern require affect. Place tough game.
LST-0039,PRP-3943,AGT-0251,1647300.0,2024-04-20,2024-09-25,Sold,83.0,Eye office Congress see herself western. Sure war add long.
LST-0040,PRP-0917,AGT-0023,1536800.0,2022-03-28,2022-05-30,Sold,227.0,When term fall wife claim teach successful.
LST-0041,PRP-2436,AGT-0248,2064900.0,2023-11-24,2024-04-08,Sold,8.0,Outside artist resource wife. Stay maintain current oil side.
LST-0042,PRP-4250,AGT-0124,1477900.0,2023-09-13,2024-02-13,Pending,173.0,Cover move nor data rise white. Project until rich yourself trouble wish.
LST-0043,PRP-2826,AGT-0069,1766800.0,2021-04-28,2021-07-19,Active,185.0,Course attorney resource impact our.
LST-0044,PRP-1157,AGT-0196,158100.0,2021-11-02,2022-02-25,Sold,317.0,Card contain indeed detail green.
LST-0045,PRP-0851,AGT-0080,2577100.0,2023-11-29,2024-03-07,Active,282.0,Many might crime up speech list someone set. Discover none marriage building mention.
LST-0046,PRP-0579,AGT-0033,677600.0,2021-12-31,2022-02-16,Withdrawn,126.0,Let book heavy person.
LST-0047,PRP-0322,AGT-0018,2453200.0,2020-07-01,2020-08-11,Sold,106.0,Example great safe smile teach class. Adult data entire item our.
LST-0048,PRP-2696,AGT-0019,1262000.0,2020-01-10,2020-02-23,Active,73.0,Really us fill individual military order.
LST-0049,PRP-1079,AGT-0017,2061900.0,2024-03-11,2024-08-23,Sold,52.0,Future claim country ok.
LST-0050,PRP-4174,AGT-0184,1570600.0,2022-12-24,2022-11-30,Active,91.0,We air better protect must company practice nothing.
LST-0051,PRP-4770,AGT-0048,967200.0,2020-02-19,2020-06-22,Withdrawn,24.0,Turn along ahead.
LST-0052,PRP-3494,AGT-0253,660700.0,2023-09-16,2024-02-21,Sold,151.0,Phone game though clearly data investment. Impact answer nation involve.
LST-0053,PRP-0574,AGT-0182,1114600.0,2022-04-09,2022-08-20,Sold,350.0,This during stock rock. Quality wish real or watch allow.
LST-0054,PRP-4508,AGT-0178,417800.0,2021-06-01,2021-07-08,Expired,155.0,Mention financial fast management. Drop along space mention more onto story.
LST-0055,PRP-2057,AGT-0264,2559700.0,2021-03-01,2021-02-12,Pending,103.0,Difference close money great tax treat.
LST-0056,PRP-1539,AGT-0041,2260100.0,2023-07-26,2023-10-22,Sold,312.0,Imagine summer professional west theory development.
LST-0057,PRP-4905,AGT-0268,1493900.0,2022-10-05,2023-03-04,Sold,148.0,Marriage off card three.
LST-0058,PRP-4141,AGT-0137,2427000.0,2020-08-30,2020-10-11,Expired,107.0,Company movement attorney agree red avoid choice.
LST-0059,PRP-0387,AGT-0018,1971600.0,2022-11-26,2023-04-11,Active,210.0,Adult too minute enter your personal information anything.
LST-0060,PRP-4833,AGT-0059,1947500.0,2021-03-23,2021-04-25,Sold,104.0,Cell with describe opportunity learn scientist. Identify middle from entire end poor sometimes.
LST-0061,PRP-2066,AGT-0288,2059000.0,2022-11-19,2022-11-04,Sold,172.0,Media particular else style whom summer.
LST-0062,PRP-0842,AGT-0184,2236800.0,2020-06-14,2020-06-10,Sold,278.0,Detail act development according lead.
LST-0063,PRP-4908,AGT-0155,1652600.0,2024-04-30,2024-10-08,Active,65.0,Speech charge expect present hand seat. Word training plant.
LST-0064,PRP-0936,AGT-0288,2454100.0,2022-01-12,2022-05-18,Active,270.0,Or activity about bed. Gas appear professional me movement safe factor field.
LST-0065,PRP-0171,AGT-0143,1072800.0,2023-11-06,2024-01-21,Sold,154.0,Step prepare late management place short. Policy little she lay happen.
LST-0066,PRP-0555,AGT-0081,1135800.0,2021-12-08,2022-05-29,Expired,55.0,Health dream fly score into.
LST-0067,PRP-4517,AGT-0168,1362200.0,2023-10-05,2024-03-06,Withdrawn,117.0,Charge movement remember leader.
LST-0068,PRP-0811,AGT-0222,642900.0,2023-03-13,2023-05-11,Withdrawn,,Along particularly fill trade simply ability. Position herself paper health.
LST-0069,PRP-2334,AGT-0096,463600.0,2020-01-25,2020-03-01,Sold,210.0,Big benefit skill he stay father.
LST-0070,PRP-1971,AGT-0259,452300.0,2023-08-07,2024-01-31,Sold,226.0,Well young sort friend account.
LST-0071,PRP-1123,AGT-0058,1713100.0,2021-06-23,2021-12-08,Expired,,None establish evening teach town season.
LST-0072,PRP-1190,AGT-0130,381100.0,2022-01-17,2022-07-13,Sold,15.0,Whatever guess into there at early admit. Senior foreign condition ago.
LST-0073,PRP-3860,AGT-0140,1594300.0,2021-01-03,2021-03-29,Sold,81.0,Pick ground lot.
LST-0074,PRP-4115,AGT-0185,150900.0,2023-10-12,2024-03-23,Withdrawn,134.0,Responsibility establish age challenge body carry control option.
LST-0075,PRP-3287,AGT-0242,2207000.0,2022-04-16,2022-05-30,Expired,199.0,Company agency under father ten.
LST-0076,PRP-1472,AGT-0065,1569500.0,2021-02-24,2021-04-18,Withdrawn,217.0,Natural growth lay mention decision book resource whether.
LST-0077,PRP-2209,AGT-0153,604000.0,2020-01-15,2020-04-21,Sold,154.0,Always reflect difficult manage point.
LST-0078,PRP-3662,AGT-0139,1672900.0,2020-08-20,2020-09-29,Withdrawn,179.0,May letter official method. Growth season thank guy upon fly five east.
LST-0079,PRP-3209,AGT-0062,1134200.0,2021-05-16,2021-08-16,Active,,Play peace future fire black factor. Upon eye natural camera expert able.
LST-0080,PRP-4221,AGT-0140,1357000.0,2021-09-10,2021-08-13,Expired,,Family series room international enjoy budget wall. Scene guy space real nothing.
LST-0081,PRP-1843,AGT-0006,982200.0,2022-06-28,2022-08-27,Active,91.0,Court sit forward magazine raise beyond what whatever. Nation test dark fund explain even according.
LST-0082,PRP-2797,AGT-0114,1792900.0,2021-03-19,2021-08-09,Sold,242.0,Why owner general lot. Listen rise though part government.
LST-0083,PRP-2501,AGT-0266,948900.0,2020-07-12,2020-12-07,Active,53.0,Dog fine green station down final air. Gun energy make apply treatment concern try.
LST-0084,PRP-4512,AGT-0202,1209600.0,2022-10-20,2022-10-07,Active,26.0,Drive cut office. Name federal choice bill agreement generation.
LST-0085,PRP-4796,AGT-0170,948200.0,2023-11-12,2024-03-01,Sold,320.0,American phone wall place home house could. Play defense per improve join.
LST-0086,PRP-3139,AGT-0035,932300.0,2024-03-30,2024-06-06,Sold,203.0,Owner indeed tend health follow.
LST-0087,PRP-3373,AGT-0150,1581000.0,2022-09-21,2023-01-05,Active,153.0,Sure offer end from fast. Yourself south cover over phone six.
LST-0088,PRP-1447,AGT-0019,865800.0,2024-04-28,2024-09-18,Active,222.0,Rather responsibility new brother.
LST-0089,PRP-1761,AGT-0127,1733000.0,2020-06-30,2020-11-24,Sold,312.0,My likely up whom trip.
LST-0090,PRP-4280,AGT-0068,1294500.0,2021-11-16,2022-01-03,Withdrawn,129.0,Water scientist site.
LST-0091,PRP-3817,AGT-0268,233500.0,2020-06-13,2020-11-24,Expired,62.0,Six might teach reality necessary type true really. Television walk meeting medical us state.
LST-0092,PRP-3162,AGT-0285,378500.0,2022-06-03,2022-08-11,Active,86.0,Fly our degree together at conference.
LST-0093,PRP-1933,AGT-0061,584300.0,2024-05-18,2024-07-14,Expired,237.0,Paper and suddenly especially growth.
LST-0094,PRP-2793,AGT-0019,587800.0,2023-10-03,2024-02-23,Sold,330.0,Discover heavy perform over enter prevent middle example.
LST-0095,PRP-0133,AGT-0053,1478200.0,2021-02-02,2021-07-08,Sold,295.0,Staff tax concern happen military bed. Side program hard example including tend.
LST-0096,PRP-1496,AGT-0109,391200.0,2021-07-29,2022-01-16,Sold,66.0,Consumer different class born result.
LST-0097,PRP-1072,AGT-0078,1800500.0,2020-09-13,2021-01-25,Sold,352.0,Prevent where television art book director.
LST-0098,PRP-2480,AGT-0095,2386100.0,2020-04-30,2020-09-17,Active,,Ready guy any believe name stay. Summer understand very begin city social catch.
LST-0099,PRP-0834,AGT-0060,2575300.0,2020-12-02,2021-01-09,Expired,,In local relationship still picture.
LST-0100,PRP-4959,AGT-0211,1908800.0,2020-02-14,2020-07-04,Sold,252.0,Administration American place condition.
LST-0101,PRP-2417,AGT-0053,1569300.0,2021-04-08,2021-09-15,Sold,106.0,Peace data focus open else. Or want entire head man seat bed.
LST-0102,PRP-0946,AGT-0157,2198500.0,2023-09-23,2024-03-13,Expired,244.0,Various according simply kid yard improve his thus. Cup either summer national part pay agent.
LST-0103,PRP-3608,AGT-0110,2253800.0,2020-01-07,2020-03-07,Sold,,Collection computer trial.
LST-0104,PRP-4962,AGT-0100,1115800.0,2020-03-13,2020-06-20,Expired,68.0,Last heart agreement which.
LST-0105,PRP-0908,AGT-0090,343400.0,2020-09-25,2020-12-29,Sold,130.0,Prove have serve name fast book.
LST-0106,PRP-2131,AGT-0069,1055000.0,2020-10-03,2021-01-10,Withdrawn,303.0,Financial expert behavior win compare smile effect.
LST-0107,PRP-2251,AGT-0179,247700.0,2021-11-16,2022-01-05,Sold,100.0,Back report eight process. Work list rich support public.
LST-0108,PRP-0953,AGT-0246,2494900.0,2021-10-25,2022-03-23,Sold,349.0,Look join piece modern far open.
LST-0109,PRP-3440,AGT-0205,2084300.0,2024-04-22,2024-08-22,Active,302.0,See note poor plan himself dog most speech. They final fill population smile about letter.
LST-0110,PRP-3260,AGT-0100,2591000.0,2023-08-02,2024-01-04,Active,1.0,Throughout owner miss another talk.
LST-0111,PRP-2516,AGT-0037,784300.0,2023-06-06,2023-09-07,Sold,333.0,Region subject treat national. Many factor knowledge professor.
LST-0112,PRP-0127,AGT-0279,1333600.0,2020-09-17,2020-11-07,Active,229.0,Travel want hope decide probably.
LST-0113,PRP-1701,AGT-0243,1093700.0,2024-01-10,2024-06-19,Sold,350.0,Loss notice surface nothing economic. Address we head study.
LST-0114,PRP-2364,AGT-0044,1044300.0,2020-05-12,2020-07-11,Expired,170.0,Most go sense green music authority crime something.
LST-0115,PRP-1745,AGT-0122,1845500.0,2021-01-21,2021-03-24,Pending,,In almost price without discussion down he. East one report common.
LST-0116,PRP-4808,AGT-0151,1815100.0,2022-04-04,2022-05-23,Expired,362.0,Radio experience last decade like national bill.
LST-0117,PRP-2289,AGT-0060,1723900.0,2023-11-07,2024-03-02,Sold,262.0,Store everything approach lose arm.
LST-0118,PRP-1586,AGT-0058,2752500.0,2022-12-12,2023-02-01,Active,,Bad Congress development group wear.
LST-0119,PRP-1012,AGT-0080,802200.0,2021-01-09,2021-05-21,Active,124.0,Yard serve tell business voice. Serious create attack full worker.
LST-0120,PRP-1858,AGT-0286,1028400.0,2020-06-17,2020-08-08,Sold,258.0,Hot large bed strong say available hospital. From pull behavior just situation hit.
LST-0121,PRP-0105,AGT-0220,303100.0,2021-10-04,2021-11-10,Sold,,Shoulder its three lose.
LST-0122,PRP-2313,AGT-0282,2210200.0,2021-02-07,2021-06-23,Active,356.0,Voice treat civil why spring.
LST-0123,PRP-0216,AGT-0149,1387500.0,2020-12-14,2021-02-25,Pending,250.0,While some sometimes former watch nor relationship fish.
LST-0124,PRP-4364,AGT-0182,742200.0,2021-12-12,2022-03-17,Sold,134.0,Society these better product site. Talk agreement foot different save.
LST-0125,PRP-1893,AGT-0046,2320800.0,2022-07-18,2022-12-18,Sold,166.0,Event city sit then set huge blood party.
LST-0126,PRP-0316,AGT-0208,1488200.0,2022-02-25,2022-01-26,Sold,207.0,Past opportunity soldier international school receive difficult black.
LST-0127,PRP-4885,AGT-0234,2705500.0,2023-11-24,2024-03-23,Sold,175.0,With professional model. Scientist four traditional really us build summer.
LST-0128,PRP-4322,AGT-0087,2855900.0,2021-03-28,2021-09-15,Sold,142.0,Thing item any offer tonight involve.
LST-0129,PRP-1816,AGT-0282,2837000.0,2022-06-30,2022-09-12,Active,4.0,Form rule nearly age whole year stop. Pressure hand partner space.
LST-0130,PRP-1612,AGT-0171,486600.0,2020-04-03,2020-05-13,Active,174.0,Way eye record project vote human.
LST-0131,PRP-2451,AGT-0297,1277500.0,2021-03-05,2021-04-13,Sold,326.0,Future black network before herself situation suggest. Majority even write nice fly recently pass.
LST-0132,PRP-1060,AGT-0069,495500.0,2021-08-09,2021-10-16,Pending,229.0,Laugh leader beyond weight number fact. Court write wind set.
LST-0133,PRP-2423,AGT-0293,2444400.0,2022-06-13,2022-10-02,Sold,278.0,Rather nice party single.
LST-0134,PRP-3101,AGT-0077,1570600.0,2020-11-29,2021-03-26,Active,,Peace left whole spend play partner good against. Institution without girl personal.
LST-0135,PRP-0649,AGT-0213,651700.0,2021-01-23,2021-07-10,Expired,94.0,This walk company mind knowledge.
LST-0136,PRP-0673,AGT-0107,1111400.0,2020-03-21,2020-08-28,Active,288.0,Quality country data boy far let water anything. Off themselves theory.
LST-0137,PRP-0088,AGT-0180,932900.0,2022-01-17,2021-12-28,Sold,259.0,Toward which character sit. Six represent data international budget accept not.
LST-0138,PRP-4691,AGT-0208,304700.0,2022-07-07,2022-08-13,Active,253.0,Congress know keep career wife. However happy ever old address visit.
LST-0139,PRP-0346,AGT-0226,237800.0,2021-06-14,2021-08-01,Expired,151.0,White drive food drop simple. Work step together way should might.
LST-0140,PRP-1971,AGT-0178,197900.0,2024-06-30,2024-08-04,Active,263.0,Night catch employee but kind thought.
LST-0141,PRP-3722,AGT-0096,275100.0,2024-01-01,2023-12-17,Active,81.0,Ready maintain on career result share travel view.
LST-0142,PRP-0959,AGT-0299,2285300.0,2023-02-06,2023-07-24,Expired,180.0,Later past sister ahead especially. Certainly coach role visit news collection degree.
LST-0143,PRP-1097,AGT-0008,1619700.0,2023-06-25,2023-11-22,Sold,289.0,Try someone able no then live technology. Property throw feel common environment eat.
LST-0144,PRP-1272,AGT-0126,562300.0,2023-10-15,2023-12-26,Expired,307.0,Per describe central against.
LST-0145,PRP-1605,AGT-0262,2144000.0,2023-04-24,2023-08-09,Sold,275.0,Line table stage along continue role.
LST-0146,PRP-0826,AGT-0206,1533400.0,2023-08-22,2023-12-28,Active,280.0,Market soldier method blue.
LST-0147,PRP-2679,AGT-0124,2753100.0,2021-09-28,2022-02-17,Sold,111.0,Want art simply could. Bit statement site politics thing usually section.
LST-0148,PRP-4398,AGT-0044,785900.0,2020-01-28,2020-04-08,Sold,164.0,Agent tell near under PM rate.
LST-0149,PRP-1854,AGT-0125,838500.0,2022-08-08,2022-11-27,Pending,268.0,Speak however hard never organization manage media. Indicate keep national choose couple.
LST-0150,PRP-3864,AGT-0102,444200.0,2023-05-10,2023-06-09,Sold,323.0,Wife effect staff across imagine where. Use you scene site.
LST-0151,PRP-1076,AGT-0154,1044100.0,2020-08-22,2020-12-04,Active,,Hit spring name today.
LST-0152,PRP-0433,AGT-0274,2365700.0,2023-05-30,2023-11-01,Sold,244.0,Whose imagine soldier.
LST-0153,PRP-4394,AGT-0112,320900.0,2023-12-01,2024-04-22,Active,118.0,General bar item also beyond.
LST-0154,PRP-0441,AGT-0284,1704800.0,2022-12-16,2023-04-05,Withdrawn,,Street black real apply.
LST-0155,PRP-0232,AGT-0261,285300.0,2022-04-20,2022-06-07,Active,67.0,Science age visit hundred. Impact Congress heavy even.
LST-0156,PRP-4232,AGT-0189,2381400.0,2021-01-30,2021-05-26,Sold,249.0,Choose here attorney.
LST-0157,PRP-4639,AGT-0124,1555400.0,2023-10-02,2023-11-13,Active,,Source truth candidate either.
LST-0158,PRP-0455,AGT-0197,1066100.0,2023-06-06,2023-08-09,Active,24.0,Ground total father professor something teach reduce experience.
LST-0159,PRP-1137,AGT-0163,1123200.0,2020-03-16,2020-09-12,Sold,358.0,Seat remain man short social service. Sound push attention technology.
LST-0160,PRP-1241,AGT-0100,2120600.0,2020-09-16,2021-03-06,Active,278.0,Also trial final hope admit kitchen use. Little officer away job local example.
LST-0161,PRP-1389,AGT-0247,1266700.0,2022-10-08,2022-12-28,Sold,209.0,Available certain before everything less next back discuss.
LST-0162,PRP-4224,AGT-0135,828600.0,2020-04-17,2020-09-21,Sold,224.0,Start our stay act arm military. Support factor left sure detail.
LST-0163,PRP-4461,AGT-0135,1546600.0,2022-12-03,2023-05-09,Active,259.0,Fear arm property father.
LST-0164,PRP-0582,AGT-0118,199700.0,2020-10-31,2021-01-06,Sold,355.0,Campaign campaign receive sometimes. Inside third anyone agreement.
LST-0165,PRP-0085,AGT-0137,1310500.0,2021-09-08,2022-01-08,Sold,300.0,Growth clear bring develop exactly strategy reflect. Investment impact house page bag may.
LST-0166,PRP-3536,AGT-0247,673700.0,2023-07-25,2023-12-15,Expired,234.0,Rule and debate government.
LST-0167,PRP-0983,AGT-0029,1555600.0,2021-06-28,2021-11-21,Sold,178.0,Pm partner local event life thus. Green exactly process many however kid eight.
LST-0168,PRP-4878,AGT-0162,2224300.0,2022-07-06,2022-08-28,Sold,,Detail reflect billion true. Travel defense few center book.
LST-0169,PRP-2279,AGT-0260,1632200.0,2020-12-03,2021-03-24,Sold,133.0,Current career quickly return expert play.
LST-0170,PRP-0973,AGT-0090,1460500.0,2022-03-25,2022-05-12,Withdrawn,91.0,Human actually exist message firm.
LST-0171,PRP-3599,AGT-0111,1155200.0,2020-06-05,2020-11-10,Active,335.0,Student free maybe. What court hand shake hundred arm other beat.
LST-0172,PRP-3139,AGT-0120,1806400.0,2020-10-28,2021-01-30,Expired,61.0,Include daughter leader seem already learn much.
LST-0173,PRP-1849,AGT-0125,1612900.0,2021-01-19,2021-05-27,Withdrawn,286.0,Admit anyone group why.
LST-0174,PRP-3382,AGT-0181,2974300.0,2022-07-02,2022-10-04,Sold,55.0,Arrive value deep food total head. Treat with also rise parent.
LST-0175,PRP-3030,AGT-0080,1676300.0,2021-04-06,2021-09-09,Active,219.0,Why chance stand professor.
LST-0176,PRP-2814,AGT-0081,1399500.0,2023-07-18,2023-12-02,Sold,33.0,One able course social certain serious. Growth treat ground pass.
LST-0177,PRP-4131,AGT-0162,1077400.0,2022-02-27,2022-06-02,Withdrawn,295.0,Simple tree audience reason book hot follow. Here animal national body like.
LST-0178,PRP-0869,AGT-0164,2216500.0,2020-02-08,2020-04-19,Expired,164.0,Candidate analysis eat really cut.
LST-0179,PRP-0090,AGT-0254,1137600.0,2020-03-12,2020-06-14,Sold,,Audience expert wish receive performance like.
LST-0180,PRP-1799,AGT-0132,480300.0,2023-09-26,2024-02-13,Pending,56.0,Pressure full find teacher.
LST-0181,PRP-0230,AGT-0072,401800.0,2022-01-10,2022-06-11,Sold,279.0,Themselves between way family. Need wear here brother doctor address.
LST-0182,PRP-4082,AGT-0001,1464000.0,2021-04-19,2021-09-04,Pending,259.0,Decade strategy those glass ten guy.
LST-0183,PRP-0105,AGT-0156,428800.0,2021-10-18,2022-02-22,Sold,14.0,Out until difference current blue bring sound speak. Wife today continue cup.
LST-0184,PRP-4421,AGT-0272,1092200.0,2020-01-13,2020-06-30,Sold,128.0,Recent campaign painting whether two south. Back dinner every team.
LST-0185,PRP-1966,AGT-0201,1802700.0,2020-05-09,2020-06-29,Expired,179.0,Able style fact road receive act.
LST-0186,PRP-4205,AGT-0132,2055600.0,2020-10-02,2020-12-15,Sold,360.0,Other example value head people. Traditional agreement fast board dark rate.
LST-0187,PRP-1467,AGT-0096,494000.0,2023-05-02,2023-07-01,Sold,27.0,Decision really weight training every. Glass may purpose large glass happen.
LST-0188,PRP-0873,AGT-0045,1566200.0,2023-06-17,2023-12-11,Sold,,When end scene media next wife.
LST-0189,PRP-4003,AGT-0123,1376300.0,2022-02-24,2022-06-13,Active,143.0,Cell through quite should. Particular two above speech among scene artist.
LST-0190,PRP-1773,AGT-0113,909600.0,2024-06-23,2024-11-29,Sold,313.0,Economic radio more hit some hit identify.
LST-0191,PRP-2192,AGT-0262,209500.0,2020-05-29,2020-09-29,Active,265.0,Tree degree own identify.
LST-0192,PRP-4743,AGT-0248,763100.0,2023-12-20,2024-02-06,Sold,164.0,However daughter officer free majority brother bag.
LST-0193,PRP-0586,AGT-0065,540700.0,2023-08-22,2023-11-29,Sold,58.0,Culture represent part sometimes course.
LST-0194,PRP-0330,AGT-0218,840800.0,2022-07-31,2022-08-30,Sold,42.0,Now claim knowledge color step. Treat mouth memory shoulder.
LST-0195,PRP-2242,AGT-0019,1419600.0,2022-05-22,2022-10-12,Sold,188.0,Sea service high family compare price. Figure let affect exactly bad.
LST-0196,PRP-2649,AGT-0052,628300.0,2021-03-02,2021-07-22,Expired,312.0,Matter wish citizen suggest soldier environmental.
LST-0197,PRP-0792,AGT-0274,1733300.0,2023-03-10,2023-08-01,Active,206.0,Discussion foot and national.
LST-0198,PRP-2731,AGT-0205,1390300.0,2022-02-03,2022-07-30,Expired,137.0,Serious easy son project staff.
LST-0199,PRP-4090,AGT-0158,1160900.0,2022-02-25,2022-04-23,Sold,12.0,Ago record the cultural region discover. Outside one like recognize.
LST-0200,PRP-3311,AGT-0239,2524500.0,2022-11-06,2023-03-12,Expired,335.0,Everything so source information quite south team. Power stuff my mean.
LST-0201,PRP-3596,AGT-0041,2956900.0,2023-07-24,2023-10-06,Active,15.0,Old little step theory unit box. Computer political far wife expect strong throw leave.
LST-0202,PRP-0061,AGT-0158,2854300.0,2020-04-13,2020-09-25,Expired,315.0,Run girl ball plant perhaps onto book.
LST-0203,PRP-3113,AGT-0269,2324100.0,2020-04-03,2020-08-26,Sold,186.0,Father quickly likely official budget maybe.
LST-0204,PRP-4714,AGT-0171,2342600.0,2022-08-31,2022-11-21,Sold,,Analysis significant something language recent.
LST-0205,PRP-1633,AGT-0072,905400.0,2024-04-19,2024-10-13,Active,281.0,Whose because option help. Power good task card production election energy.
LST-0206,PRP-1078,AGT-0254,2426100.0,2021-05-30,2021-10-27,Sold,342.0,Win police medical ahead guess partner.
LST-0207,PRP-3761,AGT-0088,1344800.0,2022-02-19,2022-07-06,Sold,242.0,Unit term part head.
LST-0208,PRP-1551,AGT-0290,2262600.0,2020-11-28,2021-01-03,Active,63.0,Player purpose local figure.
LST-0209,PRP-0587,AGT-0228,1177600.0,2021-08-13,2021-11-28,Sold,162.0,Upon when seek season hot buy.
LST-0210,PRP-1131,AGT-0237,2570900.0,2022-08-22,2022-08-19,Sold,266.0,Situation light field among clearly. Shake pretty clear against skill continue run.
LST-0211,PRP-4398,AGT-0089,2340900.0,2023-01-08,2023-05-04,Withdrawn,234.0,Until despite tax.
LST-0212,PRP-0401,AGT-0089,324800.0,2024-06-21,2024-08-25,Expired,,Build drive side pay probably worry people. Bar soldier yet radio item consider.
LST-0213,PRP-2972,AGT-0260,318200.0,2023-12-28,2024-03-27,Sold,256.0,Change all gun not community star.
LST-0214,PRP-3790,AGT-0225,679200.0,2022-09-17,2022-12-31,Active,,As two write person sort whose simply group. Outside particularly lot almost.
LST-0215,PRP-1491,AGT-0296,1710400.0,2023-01-28,2023-06-04,Withdrawn,112.0,One necessary great speak tree success carry success. Family with rise laugh concern six.
LST-0216,PRP-1677,AGT-0025,2820300.0,2024-06-16,2024-06-02,Expired,263.0,Control mean read radio. Language eat hand tend dog agreement.
LST-0217,PRP-2173,AGT-0163,307400.0,2024-05-28,2024-08-31,Pending,73.0,Second certainly anything phone key part. Whom green stop some country other.
LST-0218,PRP-0718,AGT-0132,1612200.0,2022-12-30,2023-04-02,Sold,77.0,Hotel including audience girl. Play study establish newspaper heavy market.
LST-0219,PRP-1401,AGT-0040,2449300.0,2021-05-21,2021-06-27,Sold,161.0,Door administration including. What might property approach history.
LST-0220,PRP-1046,AGT-0291,2928300.0,2021-10-12,2022-02-08,Active,335.0,Still race four me traditional after difficult. Mother necessary forward for.
LST-0221,PRP-2157,AGT-0018,2333900.0,2023-07-08,2023-11-10,Sold,250.0,Method light safe land left though around.
LST-0222,PRP-3215,AGT-0209,2177600.0,2020-04-19,2020-09-03,Sold,11.0,Bed several tend walk news.
LST-0223,PRP-4338,AGT-0205,752500.0,2022-11-16,2022-12-27,Withdrawn,124.0,Agreement dog become beat open public realize. Election address who after live interview.
LST-0224,PRP-3450,AGT-0008,2255600.0,2020-07-13,2020-12-01,Expired,,Soon realize process.
LST-0225,PRP-0803,AGT-0096,2136800.0,2024-06-16,2024-11-01,Sold,235.0,Quite director explain individual.
LST-0226,PRP-4058,AGT-0052,2015100.0,2023-09-13,2024-01-22,Sold,316.0,Suffer forget free strong employee air.
LST-0227,PRP-0333,AGT-0049,1064100.0,2022-03-25,2022-06-05,Sold,36.0,Nice quickly continue box need boy.
LST-0228,PRP-4166,AGT-0216,1083600.0,2021-05-03,2021-10-15,Sold,,Window thus organization course avoid its per.
LST-0229,PRP-3697,AGT-0162,2601200.0,2023-11-12,2024-01-17,Active,,Sound chair sense term enjoy society.
LST-0230,PRP-3184,AGT-0016,2442200.0,2023-04-28,2023-06-06,Sold,161.0,North ahead something lose avoid score describe.
LST-0231,PRP-2919,AGT-0300,866900.0,2023-03-24,2023-07-22,Withdrawn,73.0,Space activity them themselves himself act. Upon response art.
LST-0232,PRP-4680,AGT-0104,718500.0,2022-11-12,2023-02-27,Sold,316.0,Agreement believe music concern role. Still seat process.
LST-0233,PRP-3772,AGT-0298,2342600.0,2023-04-16,2023-07-30,Sold,84.0,Lawyer after dark.
LST-0234,PRP-0895,AGT-0139,1176300.0,2020-11-26,2020-12-29,Expired,224.0,Thousand stage fly big couple chair fact. Go prove choose face.
LST-0235,PRP-4821,AGT-0171,1216300.0,2022-09-03,2023-01-31,Sold,308.0,Easy employee family need.
LST-0236,PRP-3361,AGT-0121,700700.0,2021-10-07,2022-03-15,Active,,Increase near card state.
LST-0237,PRP-4642,AGT-0075,135200.0,2020-01-25,2020-06-24,Active,195.0,Receive foreign player line Mr support risk. Improve may food agree unit wide year environmental.
LST-0238,PRP-2363,AGT-0179,402600.0,2020-12-07,2021-03-08,Active,189.0,Picture event appear parent Democrat ball hear. Program investment north Congress place organization education.
LST-0239,PRP-4215,AGT-0046,345000.0,2021-12-03,2022-01-31,Active,56.0,Effort design leg reason final lawyer store energy.
LST-0240,PRP-4413,AGT-0086,2011700.0,2020-06-21,2020-07-26,Sold,89.0,Same collection seek around. Boy you finally history form reach president.
LST-0241,PRP-0721,AGT-0099,1619500.0,2020-12-27,2021-03-18,Expired,124.0,Instead style your medical know strong yourself.
LST-0242,PRP-2195,AGT-0162,2397000.0,2023-10-15,2023-12-27,Active,96.0,Authority tonight national over best possible despite.
LST-0243,PRP-2283,AGT-0039,162900.0,2023-06-25,2023-12-01,Active,37.0,Both analysis learn meet. Everyone skin effort tax discover.
LST-0244,PRP-1466,AGT-0229,2846500.0,2022-05-28,2022-08-30,Sold,260.0,Image card wind travel ask quite.
LST-0245,PRP-2505,AGT-0270,2823300.0,2023-10-29,2024-04-17,Withdrawn,319.0,When beat nothing gun. I together moment very.
LST-0246,PRP-1702,AGT-0275,2409800.0,2023-01-21,2023-05-24,Expired,176.0,Game because south common there action.
LST-0247,PRP-0119,AGT-0262,1170500.0,2020-08-28,2020-11-03,Expired,264.0,Mouth mention security.
LST-0248,PRP-3166,AGT-0007,676500.0,2020-02-24,2020-07-03,Sold,,Fear skin final leader knowledge civil. Hard walk involve often right couple subject.
LST-0249,PRP-1823,AGT-0146,480400.0,2021-03-08,2021-04-29,Active,,Discuss explain next reveal return man central.
LST-0250,PRP-4401,AGT-0087,2461800.0,2021-11-20,2022-05-03,Expired,176.0,Opportunity wonder reveal door. Later because act color street real cover.
LST-0251,PRP-1306,AGT-0145,1262800.0,2021-01-27,2021-04-04,Sold,340.0,Teach oil decade vote finish reason. Project personal off always after enter.
LST-0252,PRP-4339,AGT-0092,1672300.0,2021-09-24,2021-10-30,Sold,256.0,Care onto significant speech view miss win. Modern measure benefit use.
LST-0253,PRP-4603,AGT-0096,681300.0,2020-07-22,2020-10-17,Sold,142.0,Help significant race food woman official.
LST-0254,PRP-2499,AGT-0241,465800.0,2020-06-23,2020-08-23,Sold,15.0,Movement plant range yes and century. Realize training image respond image.
LST-0255,PRP-2540,AGT-0048,1027700.0,2023-09-27,2023-11-03,Withdrawn,287.0,Style thousand onto him.
LST-0256,PRP-3200,AGT-0285,1697400.0,2021-12-10,2022-01-25,Expired,155.0,Compare plant Democrat. Stuff decide agreement lay wish break system.
LST-0257,PRP-1908,AGT-0155,2214000.0,2023-12-26,2024-06-15,Sold,164.0,Owner public history piece. Local enter model than.
LST-0258,PRP-0667,AGT-0259,1328400.0,2021-09-25,2022-02-15,Sold,309.0,However foot rather fact.
LST-0259,PRP-1817,AGT-0271,2385800.0,2024-05-03,2024-06-15,Sold,239.0,Pressure resource produce young money forward media painting.
LST-0260,PRP-2997,AGT-0225,2239300.0,2023-05-04,2023-10-07,Sold,,Audience baby still scientist.
LST-0261,PRP-1820,AGT-0220,334800.0,2024-01-28,2024-04-05,Sold,303.0,Tv father believe.
LST-0262,PRP-3015,AGT-0201,1843400.0,2021-09-04,2022-02-12,Sold,123.0,Yet federal reality single indicate thank. Exist increase election.
LST-0263,PRP-2038,AGT-0129,359600.0,2020-07-17,2020-09-23,Sold,356.0,Young benefit use begin right.
LST-0264,PRP-1729,AGT-0018,488300.0,2023-11-29,2024-01-23,Sold,,Successful main apply determine key. Either structure key.
LST-0265,PRP-1854,AGT-0111,1550200.0,2024-05-29,2024-11-25,Active,271.0,Car travel international them.
LST-0266,PRP-2939,AGT-0162,541400.0,2024-04-05,2024-08-18,Sold,194.0,Heart purpose may. Short industry understand sell right project benefit.
LST-0267,PRP-2795,AGT-0182,1511200.0,2021-02-16,2021-04-19,Active,133.0,May medical activity. Every week local dog.
LST-0268,PRP-3319,AGT-0073,1166600.0,2022-03-25,2022-06-29,Sold,218.0,That certainly here out simple true. Difficult people three miss whether job.
LST-0269,PRP-4018,AGT-0023,2464500.0,2023-11-23,2024-03-25,Sold,315.0,Say research and he.
LST-0270,PRP-4416,AGT-0283,1665200.0,2020-05-29,2020-08-08,Sold,165.0,Serve offer Republican ready glass join. Skin once where central assume owner system.
LST-0271,PRP-3721,AGT-0203,1938300.0,2024-03-04,2024-05-22,Expired,354.0,Behavior but industry art one measure.
LST-0272,PRP-4423,AGT-0152,1484100.0,2021-01-16,2021-04-07,Sold,,Think your sign effort. Wait leg east care for before.
LST-0273,PRP-0363,AGT-0045,404600.0,2022-12-30,2023-03-03,Sold,129.0,Decade never bed adult along quite. This these without politics hospital.
LST-0274,PRP-3524,AGT-0089,1486300.0,2023-05-01,2023-07-22,Sold,199.0,Early section road tell dream gas.
LST-0275,PRP-1970,AGT-0107,150200.0,2023-02-12,2023-06-03,Sold,67.0,Matter here truth about two help agree.
LST-0276,PRP-3935,AGT-0122,1918500.0,2024-06-02,2024-10-19,Expired,308.0,Itself rather visit.
LST-0277,PRP-2575,AGT-0149,2421300.0,2022-03-17,2022-07-13,Sold,325.0,Girl medical attention heart more dark chance.
LST-0278,PRP-1389,AGT-0087,715500.0,2022-09-30,2022-12-28,Active,150.0,Food young yard similar federal admit. Network no next themselves.
LST-0279,PRP-1157,AGT-0133,2712900.0,2023-03-01,2023-06-21,Sold,70.0,Feeling require his avoid fund expect serious.
LST-0280,PRP-0903,AGT-0175,2405100.0,2020-05-11,2020-07-29,Expired,191.0,Who turn white quality. Find foreign research at.
LST-0281,PRP-0876,AGT-0249,410100.0,2020-07-02,2020-08-22,Sold,,Person so defense lawyer admit raise although dog.
LST-0282,PRP-1712,AGT-0240,473100.0,2023-04-12,2023-07-09,Sold,70.0,Operation own who grow leave life wide.
LST-0283,PRP-1165,AGT-0278,1680000.0,2022-08-13,2023-01-18,Withdrawn,185.0,Wear season usually true poor against. Tax have all call significant participant evening according.
LST-0284,PRP-2850,AGT-0010,225700.0,2022-05-06,2022-07-22,Sold,126.0,Energy federal bag woman wait various. Ten window rule guess research career hear.
LST-0285,PRP-3687,AGT-0047,488400.0,2021-09-12,2021-10-16,Pending,335.0,Relationship speak college game term author before dog.
LST-0286,PRP-3109,AGT-0181,1538600.0,2022-09-25,2023-02-16,Withdrawn,189.0,Challenge thing month issue board. Same until degree girl between.
LST-0287,PRP-4833,AGT-0101,2087000.0,2024-04-22,2024-06-21,Sold,241.0,Blue buy prevent each cause. Recent than inside response per.
LST-0288,PRP-4569,AGT-0101,1304000.0,2022-07-12,2022-10-04,Sold,226.0,Score by deep than. Compare under baby bring billion one war near.
LST-0289,PRP-0988,AGT-0179,611900.0,2024-04-30,2024-10-13,Active,217.0,Lot now those deal over statement could.
LST-0290,PRP-3619,AGT-0268,634800.0,2020-09-17,2021-01-25,Active,122.0,Picture parent walk speech. Class teach state.
LST-0291,PRP-0953,AGT-0108,476700.0,2023-06-21,2023-07-27,Sold,,No imagine turn run. Nation entire daughter fish.
LST-0292,PRP-0072,AGT-0229,406300.0,2024-01-22,2024-03-26,Pending,6.0,Conference my third hard responsibility across. Modern similar magazine week or matter leader.
LST-0293,PRP-4629,AGT-0242,1083000.0,2020-05-26,2020-11-11,Pending,175.0,Notice condition exist end citizen current general. Morning world return even event real water.
LST-0294,PRP-3968,AGT-0060,577200.0,2021-01-31,2021-06-27,Pending,272.0,Rather line thing officer. Trade eight certain stock check to enjoy.
LST-0295,PRP-2460,AGT-0241,1394100.0,2020-01-09,2020-05-12,Active,21.0,Already feeling hit office simple spring station. Positive parent blue time hot.
LST-0296,PRP-1280,AGT-0250,745300.0,2024-02-03,2024-04-07,Sold,103.0,Indicate modern water event sister strong. Sure thought white food instead note this.
LST-0297,PRP-1208,AGT-0233,1793400.0,2022-08-29,2022-10-11,Sold,208.0,Trade couple end radio.
LST-0298,PRP-4718,AGT-0257,1201400.0,2022-09-08,2022-11-07,Sold,340.0,Prove author listen wonder third help source.
LST-0299,PRP-1914,AGT-0217,1373200.0,2024-01-04,2024-02-24,Sold,120.0,Process home mind environmental one.
LST-0300,PRP-0277,AGT-0231,2726100.0,2023-09-04,2024-01-21,Pending,114.0,Song Republican like any amount break either add. Coach degree policy thus.
LST-0301,PRP-2336,AGT-0046,1812900.0,2023-06-26,2023-11-12,Sold,166.0,Activity TV minute take community thousand. Sit without age public eye itself soon even.
LST-0302,PRP-4162,AGT-0286,2096500.0,2022-02-12,2022-05-22,Sold,291.0,Move reflect quickly result at. Many follow security kid.
LST-0303,PRP-3290,AGT-0007,1460300.0,2020-03-14,2020-07-23,Sold,32.0,It degree its recently. Play treat ok.
LST-0304,PRP-1592,AGT-0113,2070900.0,2021-08-29,2021-10-01,Sold,191.0,Possible another interest whom record. Let ever join.
LST-0305,PRP-3870,AGT-0213,2689400.0,2020-04-12,2020-09-05,Pending,296.0,Crime value note radio approach.
LST-0306,PRP-4938,AGT-0205,211100.0,2023-01-05,2023-05-10,Sold,44.0,Smile book window start deal spring. Ten yourself second word like.
LST-0307,PRP-1318,AGT-0107,1423900.0,2023-09-10,2024-01-17,Sold,218.0,Record performance institution difference may media doctor.
LST-0308,PRP-3949,AGT-0099,1742100.0,2024-04-08,2024-05-10,Sold,153.0,Shake hospital buy.
LST-0309,PRP-2434,AGT-0126,1002100.0,2022-05-16,2022-08-28,Active,,Forward minute floor thank.
LST-0310,PRP-1990,AGT-0241,2380700.0,2020-09-02,2021-02-09,Expired,89.0,Total debate base knowledge whatever. Summer phone from listen reach example cell.
LST-0311,PRP-2663,AGT-0255,1638700.0,2023-10-04,2024-01-17,Sold,39.0,Stuff care see because million hotel.
LST-0312,PRP-0017,AGT-0211,720000.0,2021-02-11,2021-04-29,Sold,362.0,Like human sea animal. Nation executive just respond reveal blue treat.
LST-0313,PRP-3291,AGT-0134,1533400.0,2024-03-23,2024-06-01,Pending,39.0,Leg position west social. Simple seek operation moment.
LST-0314,PRP-0376,AGT-0138,494200.0,2022-01-18,2022-02-28,Active,22.0,Share level recognize establish somebody enjoy do. Safe mother realize more PM service fish.
LST-0315,PRP-0062,AGT-0151,1617600.0,2024-03-21,2024-06-14,Pending,354.0,Whole study experience leave find realize society.
LST-0316,PRP-3452,AGT-0075,1684300.0,2023-09-08,2024-02-04,Withdrawn,345.0,Enough purpose lay type buy read standard.
LST-0317,PRP-2599,AGT-0271,1611800.0,2022-03-22,2022-09-04,Sold,37.0,Kind campaign couple. Mention raise right former establish something.
LST-0318,PRP-0432,AGT-0020,2238000.0,2020-12-01,2021-03-26,Active,108.0,Keep operation option later reduce.
LST-0319,PRP-1215,AGT-0143,1031500.0,2020-01-10,2020-06-17,Pending,75.0,Question economy red true music.
LST-0320,PRP-2756,AGT-0168,1179900.0,2020-09-04,2020-12-21,Expired,18.0,Describe establish character happy. Huge camera media.
LST-0321,PRP-4981,AGT-0088,1326000.0,2022-05-13,2022-06-29,Sold,186.0,Serious wall rest may also administration. Attack about week rate.
LST-0322,PRP-4462,AGT-0264,712600.0,2020-07-22,2020-09-23,Sold,64.0,Opportunity mind free imagine above quickly image. Trial will reach occur state not.
LST-0323,PRP-4671,AGT-0197,602300.0,2021-09-19,2022-02-06,Sold,,Type pull crime point allow sing system.
LST-0324,PRP-1236,AGT-0097,1575300.0,2023-11-11,2023-10-19,Sold,,Million among sure main quite move out consumer. Matter toward office.
LST-0325,PRP-4067,AGT-0070,958000.0,2022-08-21,2022-11-26,Active,,Minute they blue serious identify.
LST-0326,PRP-0809,AGT-0243,2945600.0,2021-07-16,2021-12-08,Active,212.0,Accept sea bank free quite.
LST-0327,PRP-4606,AGT-0020,1183400.0,2023-10-13,2024-01-18,Sold,282.0,Simple loss themselves unit in. Road style certain popular same.
LST-0328,PRP-3363,AGT-0210,143900.0,2022-12-25,2023-06-06,Sold,,Figure high say ten stop explain.
LST-0329,PRP-4225,AGT-0247,1883800.0,2020-08-10,2020-11-10,Sold,94.0,Sell thus official. Look Congress agreement mouth now.
LST-0330,PRP-1614,AGT-0247,995300.0,2022-11-21,2023-02-22,Sold,343.0,Field yet product tend behind.
LST-0331,PRP-0462,AGT-0188,2207900.0,2023-02-04,2023-03-20,Sold,86.0,Surface expect put process.
LST-0332,PRP-3796,AGT-0210,1986200.0,2020-02-20,2020-08-17,Expired,38.0,Early result tend concern.
LST-0333,PRP-1502,AGT-0144,2191900.0,2020-09-24,2021-02-17,Expired,,Church need fast all scene occur parent information.
LST-0334,PRP-2537,AGT-0166,2906100.0,2021-04-10,2021-05-13,Pending,56.0,More threat do let success. Compare character machine beat.
LST-0335,PRP-2040,AGT-0167,150200.0,2021-01-30,2021-04-21,Sold,313.0,Quickly plant answer his concern contain especially. Discuss political you.
LST-0336,PRP-3271,AGT-0292,633400.0,2022-06-18,2022-08-19,Sold,50.0,Site rock course move thousand.
LST-0337,PRP-3884,AGT-0100,861700.0,2022-05-29,2022-07-07,Sold,3.0,Mr act reach everyone your occur.
LST-0338,PRP-2795,AGT-0139,406900.0,2022-01-17,2022-04-20,Sold,323.0,Western gun hand keep only compare your.
LST-0339,PRP-2041,AGT-0059,2738000.0,2020-12-08,2021-04-07,Expired,326.0,Read room card.
LST-0340,PRP-2616,AGT-0008,1588700.0,2024-05-13,2024-06-16,Sold,264.0,Environment skill or detail physical.
LST-0341,PRP-2964,AGT-0253,284600.0,2022-06-04,2022-11-16,Active,56.0,Memory fish speak.
LST-0342,PRP-4364,AGT-0008,2390300.0,2021-01-30,2021-04-03,Sold,52.0,Building could effort special thing.
LST-0343,PRP-3646,AGT-0263,224400.0,2023-04-22,2023-07-14,Expired,206.0,Hear board thousand meeting.
LST-0344,PRP-0539,AGT-0205,1899500.0,2022-02-10,2022-06-12,Active,363.0,Explain difference Republican close.
LST-0345,PRP-0367,AGT-0163,2125900.0,2023-09-23,2023-11-19,Sold,137.0,Article agent each crime science return. Describe officer radio unit.
LST-0346,PRP-3640,AGT-0156,1366700.0,2021-02-12,2021-05-01,Expired,245.0,Unit study thus executive cost do. Common between environmental.
LST-0347,PRP-2498,AGT-0018,51000.0,2023-01-08,2023-06-30,Sold,217.0,Hotel behavior real base. Fund radio white a particular maybe father production.
LST-0348,PRP-0853,AGT-0237,662700.0,2020-08-06,2020-12-10,Withdrawn,87.0,Become fall president east food building present.
LST-0349,PRP-0367,AGT-0129,481200.0,2021-09-24,2022-03-14,Withdrawn,25.0,Person number want small.
LST-0350,PRP-0968,AGT-0191,1712600.0,2022-08-05,2022-10-01,Sold,33.0,Image again blood spring section stuff bill.
LST-0351,PRP-2148,AGT-0120,1332800.0,2020-01-10,2020-04-09,Sold,265.0,Soon decade box itself knowledge. Bad factor want.
LST-0352,PRP-1756,AGT-0183,122100.0,2023-02-11,2023-04-10,Active,,Purpose top nice case agree.
LST-0353,PRP-3506,AGT-0227,2557700.0,2024-03-27,2024-05-23,Expired,359.0,Herself certainly personal picture pattern could.
LST-0354,PRP-4348,AGT-0182,2041400.0,2021-12-07,2022-05-20,Sold,268.0,Couple short certain ready none daughter lay.
LST-0355,PRP-4039,AGT-0080,2406800.0,2021-05-08,2021-06-10,Pending,297.0,Anything your firm go. Peace behind seven know subject throw central.
LST-0356,PRP-3229,AGT-0002,2413600.0,2020-12-13,2021-05-05,Active,81.0,Sound relate best against with. Candidate something easy section finally picture lawyer.
LST-0357,PRP-4921,AGT-0110,1748500.0,2021-07-19,2021-06-20,Active,130.0,Property administration news term meeting who style.
LST-0358,PRP-3246,AGT-0266,462100.0,2024-02-22,2024-07-12,Withdrawn,279.0,Consumer use art public threat standard cell.
LST-0359,PRP-0180,AGT-0242,1471300.0,2021-03-25,2021-06-20,Active,178.0,And add idea begin tell. Prevent floor art floor it present coach.
LST-0360,PRP-4672,AGT-0210,1071500.0,2020-12-04,2021-04-06,Sold,4.0,Million performance adult actually forward. Myself relationship near executive listen along professional its.
LST-0361,PRP-4813,AGT-0092,2153100.0,2024-02-24,2024-08-02,Sold,326.0,Quality successful certainly buy hundred message finish. Development west grow court fear.
LST-0362,PRP-4080,AGT-0289,2018400.0,2020-11-17,2021-02-02,Expired,68.0,Particularly catch over.
LST-0363,PRP-2231,AGT-0126,2083700.0,2020-07-13,2020-11-13,Expired,103.0,Prepare decide anyone Republican travel wall me. Analysis guy else pass.
LST-0364,PRP-1956,AGT-0212,141700.0,2020-06-16,2020-12-13,Active,267.0,Election appear Mr group ground.
LST-0365,PRP-4284,AGT-0085,558900.0,2021-01-23,2021-06-11,Sold,327.0,Bad spring section recognize simply side. Economy then sell.
LST-0366,PRP-2460,AGT-0261,1504400.0,2020-09-14,2021-02-27,Withdrawn,166.0,Rule some sense admit head floor establish.
LST-0367,PRP-0752,AGT-0256,593300.0,2022-07-06,2022-11-13,Expired,308.0,Consumer money authority better. Threat now expect through family establish capital.
LST-0368,PRP-0249,AGT-0252,461400.0,2023-06-22,2023-08-04,Expired,249.0,Cell player friend may learn. Choice wear trade three stay.
LST-0369,PRP-1783,AGT-0120,401200.0,2020-11-09,2021-01-02,Active,266.0,About everything teach statement game. Whole thank win mother purpose report attack.
LST-0370,PRP-4506,AGT-0193,437400.0,2024-03-09,2024-06-10,Sold,225.0,National story media truth add. Rest nor claim bill bit that.
LST-0371,PRP-0644,AGT-0057,1089300.0,2022-10-06,2022-11-19,Sold,338.0,Road executive city work which its throw hard. Hope through international development answer quite.
LST-0372,PRP-0741,AGT-0272,1152000.0,2020-11-22,2021-04-13,Sold,335.0,Floor table American give state.
LST-0373,PRP-4990,AGT-0238,1240700.0,2021-12-24,2022-06-08,Sold,198.0,Program picture student series responsibility note support.
LST-0374,PRP-3057,AGT-0102,1514300.0,2022-08-06,2022-11-16,Active,42.0,Wish training young future western certainly.
LST-0375,PRP-3760,AGT-0290,257800.0,2021-04-15,2021-09-17,Pending,125.0,Return street him chance senior. Energy big hotel southern thought turn hair.
LST-0376,PRP-0254,AGT-0103,1515700.0,2022-04-18,2022-10-15,Sold,2.0,Top I add defense him future. Boy break argue now impact number.
LST-0377,PRP-2870,AGT-0087,2201500.0,2021-05-02,2021-06-01,Active,70.0,Past wide exactly once image. Dinner exist institution true.
LST-0378,PRP-1116,AGT-0031,1831800.0,2020-08-20,2020-09-25,Expired,144.0,Base indeed require deal market show. Language face matter democratic record increase.
LST-0379,PRP-3360,AGT-0177,1301300.0,2020-08-29,2020-12-07,Pending,116.0,Apply like Mrs interesting.
LST-0380,PRP-2448,AGT-0265,1426400.0,2020-04-18,2020-07-20,Sold,282.0,Happy executive your. Daughter us style.
LST-0381,PRP-0456,AGT-0097,2140700.0,2024-05-17,2024-08-13,Withdrawn,243.0,Public southern professional turn particularly though.
LST-0382,PRP-2629,AGT-0025,768800.0,2022-11-23,2023-03-12,Sold,97.0,Physical hotel memory find. Never table heavy whole protect.
LST-0383,PRP-3813,AGT-0098,2002500.0,2023-04-19,2023-09-28,Sold,160.0,Top fill sometimes agent system theory dark. Thing candidate sister if.
LST-0384,PRP-0881,AGT-0184,805400.0,2022-07-09,2022-08-18,Pending,120.0,Better perform physical beautiful difference hold way.
LST-0385,PRP-0807,AGT-0096,898300.0,2021-08-09,2021-12-18,Sold,152.0,Lead yourself argue tree simply analysis. Tough marriage manager clear skin crime health.
LST-0386,PRP-1823,AGT-0196,2338700.0,2021-01-26,2021-06-17,Sold,294.0,Avoid else recognize in realize sea. Pick indicate agreement choose house water process.
LST-0387,PRP-1527,AGT-0157,1234300.0,2021-11-20,2022-03-17,Expired,142.0,Effort trip relationship sport fund.
LST-0388,PRP-4333,AGT-0078,425100.0,2022-05-19,2022-07-25,Active,171.0,Entire energy world lay. Mrs training institution feeling moment.
LST-0389,PRP-3117,AGT-0104,677800.0,2024-05-22,2024-09-14,Active,52.0,Official toward future.
LST-0390,PRP-0126,AGT-0192,1371200.0,2021-03-30,2021-03-12,Pending,218.0,Southern white each mind set make actually. Dream break hour individual low future station positive.
LST-0391,PRP-4628,AGT-0211,1198800.0,2023-11-17,2023-12-31,Sold,219.0,Sit beautiful movie myself history however I.
LST-0392,PRP-2491,AGT-0258,1171000.0,2022-10-28,2023-03-20,Expired,282.0,Yes natural painting indicate occur.
LST-0393,PRP-2428,AGT-0107,488900.0,2022-10-18,2023-03-03,Expired,318.0,Successful add my.
LST-0394,PRP-3260,AGT-0030,1139300.0,2020-12-14,2021-04-16,Sold,87.0,Themselves month defense realize shake value. Southern show best home.
LST-0395,PRP-3948,AGT-0218,1670300.0,2024-02-27,2024-05-21,Sold,43.0,Player worry best son however foreign. Glass of information picture sell successful actually.
LST-0396,PRP-3476,AGT-0139,1772400.0,2020-02-12,2020-04-19,Sold,54.0,Middle truth fire. Thus yet quite mission represent growth remain.
LST-0397,PRP-4173,AGT-0170,2123500.0,2020-07-06,2020-09-24,Active,46.0,College shake during.
LST-0398,PRP-2276,AGT-0196,1374700.0,2023-12-18,2024-04-07,Sold,51.0,Step Mrs out central. Read full example tell enjoy environmental skin.
LST-0399,PRP-3938,AGT-0261,55100.0,2021-03-14,2021-07-25,Active,338.0,Age teacher join speech present which option over. How short record soldier.
LST-0400,PRP-3441,AGT-0045,880400.0,2020-12-26,2021-05-08,Active,291.0,Color far safe I direction Democrat grow. Might base crime just.
LST-0401,PRP-3947,AGT-0172,792800.0,2023-06-16,2023-09-12,Active,301.0,Direction become leave culture unit yes. Strong how picture house shake four always.
LST-0402,PRP-2045,AGT-0252,2489900.0,2022-10-08,2023-01-21,Sold,323.0,Soldier forget almost relationship. Daughter yet into participant cut.
LST-0403,PRP-4628,AGT-0219,1386500.0,2021-10-25,2021-12-24,Sold,189.0,Contain table energy create hard land. Admit world maintain pay.
LST-0404,PRP-2354,AGT-0106,2536400.0,2022-10-08,2023-01-01,Pending,213.0,Policy interesting here cost particularly.
LST-0405,PRP-3479,AGT-0191,1729300.0,2024-06-23,2024-08-14,Expired,119.0,Last center edge husband sometimes force shake.
LST-0406,PRP-4755,AGT-0264,703800.0,2023-02-16,2023-05-22,Sold,174.0,Like police reduce.
LST-0407,PRP-2983,AGT-0261,1106800.0,2020-05-04,2020-10-01,Pending,269.0,Address whether officer. Near job fill.
LST-0408,PRP-4638,AGT-0097,953900.0,2020-07-06,2020-10-06,Expired,136.0,Worker only difficult hair pretty manage.
LST-0409,PRP-0651,AGT-0021,350400.0,2020-12-28,2021-02-28,Expired,,Red both team these poor international.
LST-0410,PRP-1400,AGT-0085,1108500.0,2022-04-18,2022-08-05,Sold,261.0,Affect quickly ball seek pull such.
LST-0411,PRP-0273,AGT-0028,1916800.0,2020-08-11,2020-11-06,Sold,279.0,Attorney couple direction human city.
LST-0412,PRP-0508,AGT-0247,831900.0,2023-07-10,2023-10-22,Withdrawn,319.0,Kid your always beat organization. Culture agreement right.
LST-0413,PRP-4589,AGT-0099,1943400.0,2024-06-01,2024-10-30,Expired,296.0,Analysis certainly rest gas.
LST-0414,PRP-0175,AGT-0266,1428500.0,2021-01-21,2021-06-21,Pending,168.0,Ever factor want. Sport treat pick process moment next.
LST-0415,PRP-0014,AGT-0225,853800.0,2021-04-20,2021-07-04,Expired,,Civil spend theory smile plan many get later.
LST-0416,PRP-2245,AGT-0287,910300.0,2021-11-09,2022-02-03,Expired,231.0,Hit view will investment save.
LST-0417,PRP-4219,AGT-0094,1345000.0,2022-06-26,2022-10-28,Sold,312.0,Past approach ago major. Address too whatever some fact it wife.
LST-0418,PRP-4482,AGT-0075,1479000.0,2021-03-14,2021-08-06,Sold,110.0,Professional admit million cold public air enter.
LST-0419,PRP-2737,AGT-0185,740700.0,2023-01-14,2023-06-25,Sold,214.0,Effect newspaper happen mention wear pick. Best ok do name.
LST-0420,PRP-4708,AGT-0166,127000.0,2020-05-16,2020-07-14,Sold,24.0,Rather lay song possible enough. Operation discussion theory minute stop state travel.
LST-0421,PRP-1552,AGT-0051,477000.0,2022-03-05,2022-08-04,Sold,335.0,Happen resource detail of process risk need.
LST-0422,PRP-1771,AGT-0048,2010600.0,2024-05-25,2024-08-25,Withdrawn,53.0,Later several interest across ahead serious. Consider always method own in.
LST-0423,PRP-2264,AGT-0153,2160300.0,2020-12-16,2021-02-15,Active,253.0,Say talk there once unit. Culture seem site method yard trip happen upon.
LST-0424,PRP-3328,AGT-0191,2272700.0,2020-03-10,2020-08-02,Withdrawn,227.0,Edge so piece very read. Me election spring value know professor work.
LST-0425,PRP-0748,AGT-0298,1928100.0,2020-08-14,2021-01-16,Sold,190.0,Picture sort financial girl capital commercial.
LST-0426,PRP-4804,AGT-0059,2344400.0,2022-06-23,2022-11-22,Sold,275.0,Want oil expert according. Else occur benefit medical dark simple always.
LST-0427,PRP-2940,AGT-0170,870800.0,2021-05-13,2021-09-07,Active,,Home minute space role sort assume value. His run artist billion.
LST-0428,PRP-2278,AGT-0195,677100.0,2020-05-31,2020-10-08,Withdrawn,108.0,Put several who side response air husband. They in condition everybody design.
LST-0429,PRP-1336,AGT-0293,615400.0,2023-01-09,2023-06-27,Expired,309.0,Voice future send raise.
LST-0430,PRP-0637,AGT-0002,1197100.0,2020-12-16,2021-06-13,Active,325.0,Say front discussion lose himself hospital top. Stuff agreement TV tend book put.
LST-0431,PRP-2396,AGT-0292,317300.0,2024-04-28,2024-09-26,Expired,178.0,Focus involve group ever particularly.
LST-0432,PRP-2363,AGT-0031,1802100.0,2021-03-19,2021-05-09,Withdrawn,269.0,Together ready big question at. In data city score walk smile truth story.
LST-0433,PRP-1374,AGT-0215,457800.0,2023-07-04,2023-10-24,Active,181.0,Around century detail body health industry window culture. Meeting everybody remain early under skill contain evening.
LST-0434,PRP-3941,AGT-0067,72800.0,2021-12-11,2022-01-25,Sold,38.0,Whether sea responsibility bill care of. Style suffer land ask happy budget prove yeah.
LST-0435,PRP-4020,AGT-0209,1447500.0,2021-10-28,2022-03-23,Active,304.0,Strong himself break firm will model order. Central save let seem they born.
LST-0436,PRP-3975,AGT-0112,1852200.0,2021-11-28,2022-02-10,Withdrawn,141.0,Assume clearly discover resource significant wait range. Study its require.
LST-0437,PRP-0028,AGT-0185,1311600.0,2022-09-01,2022-12-20,Sold,80.0,Thought different product today my note example.
LST-0438,PRP-4643,AGT-0043,1925400.0,2020-09-13,2021-01-14,Active,19.0,Population article until significant some simple.
LST-0439,PRP-3639,AGT-0240,2343800.0,2020-01-23,2020-05-13,Sold,,City ability particularly gun economy. Condition manager unit prove item firm seek important.
LST-0440,PRP-4078,AGT-0046,2301200.0,2023-10-18,2024-02-03,Sold,246.0,Away wide yourself defense option candidate fill. World you customer thought.
LST-0441,PRP-4472,AGT-0117,1438700.0,2021-04-16,2021-07-31,Sold,57.0,Could community house field appear. Over federal expert number.
LST-0442,PRP-1512,AGT-0081,304800.0,2021-07-23,2021-07-03,Pending,283.0,Agency father someone do.
LST-0443,PRP-3736,AGT-0193,2481900.0,2021-08-22,2021-09-26,Sold,302.0,Board west behavior live property into unit relate. Still clear war bad cold smile finish.
LST-0444,PRP-2487,AGT-0007,1237500.0,2021-08-04,2021-10-17,Sold,183.0,Agree build answer citizen experience young head. Pick size the good.
LST-0445,PRP-4372,AGT-0230,2237400.0,2022-10-05,2023-03-29,Sold,209.0,Fact leave son stuff weight.
LST-0446,PRP-2302,AGT-0050,1484600.0,2022-12-05,2023-04-28,Expired,,Industry go happen increase poor PM.
LST-0447,PRP-0862,AGT-0081,674800.0,2020-08-28,2020-12-19,Expired,362.0,Two key answer. Attack anything town.
LST-0448,PRP-2979,AGT-0115,1567200.0,2020-11-12,2021-04-12,Sold,35.0,Low wife do medical more risk. Simple laugh effort day behavior bill.
LST-0449,PRP-1619,AGT-0105,1813000.0,2023-05-27,2023-10-16,Sold,268.0,Go usually politics pay read responsibility line.
LST-0450,PRP-0963,AGT-0134,2751000.0,2021-04-19,2021-09-09,Sold,212.0,May maintain forget someone. Grow operation build piece.
LST-0451,PRP-1615,AGT-0139,2902100.0,2022-12-26,2023-02-13,Expired,56.0,Door day million arm. Attack hair bad teach would there seven.
LST-0452,PRP-0282,AGT-0053,1377200.0,2024-03-24,2024-07-21,Expired,100.0,Stock election maintain.
LST-0453,PRP-2648,AGT-0128,959200.0,2020-03-10,2020-06-21,Sold,21.0,Sense and pretty time middle sound although.
LST-0454,PRP-0793,AGT-0040,433700.0,2024-06-06,2024-10-04,Expired,191.0,Top TV thousand value yes.
LST-0455,PRP-3629,AGT-0166,145000.0,2022-11-08,2023-04-03,Active,120.0,Institution day bank center team.
LST-0456,PRP-0285,AGT-0102,647800.0,2021-06-14,2021-07-23,Active,108.0,Describe someone media land.
LST-0457,PRP-2750,AGT-0273,2081800.0,2022-05-11,2022-11-01,Active,319.0,Top book test every. Yourself will hour.
LST-0458,PRP-4674,AGT-0178,1569400.0,2024-05-03,2024-06-26,Active,229.0,Third tough reduce word your can.
LST-0459,PRP-2751,AGT-0014,1346200.0,2023-03-24,2023-08-28,Active,243.0,Class doctor care world yeah discussion center big. Standard join all relate may yourself yes.
LST-0460,PRP-1554,AGT-0125,2026100.0,2024-01-14,2024-05-03,Sold,270.0,Necessary dark open reach.
LST-0461,PRP-0479,AGT-0297,1136000.0,2020-06-30,2020-08-23,Expired,,Court operation court glass mean purpose. Marriage though example modern model.
LST-0462,PRP-0500,AGT-0023,2329600.0,2020-05-17,2020-09-24,Withdrawn,162.0,Father rate throw part. Move rich degree build man culture candidate.
LST-0463,PRP-1806,AGT-0071,242900.0,2023-10-30,2023-12-06,Active,261.0,Poor different consumer record. Floor begin data morning anyone two experience.
LST-0464,PRP-3907,AGT-0183,1598400.0,2022-10-08,2022-10-07,Withdrawn,179.0,Something friend father.
LST-0465,PRP-1089,AGT-0137,1088700.0,2020-01-15,2020-07-07,Sold,141.0,Court far both cut worry people. Alone sure right federal pass bring purpose.
LST-0466,PRP-4923,AGT-0203,1043000.0,2021-03-15,2021-07-23,Sold,25.0,Ten line necessary method inside seem science.
LST-0467,PRP-1517,AGT-0106,304100.0,2024-02-15,2024-03-17,Active,213.0,A street weight. Game parent cause technology discover.
LST-0468,PRP-3124,AGT-0219,1829200.0,2022-06-22,2022-09-13,Sold,71.0,Debate total support read them cut chair.
LST-0469,PRP-3339,AGT-0067,1681000.0,2020-03-15,2020-08-28,Active,321.0,Notice live wear clear city.
LST-0470,PRP-0482,AGT-0086,1162100.0,2022-10-24,2023-02-02,Sold,332.0,Very face thought to indicate class. Art benefit century.
LST-0471,PRP-3111,AGT-0088,1621200.0,2023-03-22,2023-09-15,Expired,70.0,Health tell season anything own treat meet. Great medical six participant against itself employee.
LST-0472,PRP-0950,AGT-0055,123100.0,2021-12-02,2022-05-06,Sold,331.0,Wrong management never hot matter.
LST-0473,PRP-2469,AGT-0156,1213400.0,2023-10-20,2024-03-04,Sold,,Student toward herself call huge according.
LST-0474,PRP-1922,AGT-0048,1973500.0,2021-12-09,2022-05-28,Pending,180.0,Outside during nation age project since participant worry. Also science ready six four event.
LST-0475,PRP-4999,AGT-0156,1033700.0,2024-05-25,2024-11-08,Sold,184.0,Seven drug form plant you leave.
LST-0476,PRP-1866,AGT-0172,341100.0,2022-06-02,2022-09-22,Withdrawn,114.0,Away prevent always write out magazine.
LST-0477,PRP-0685,AGT-0187,2485600.0,2020-02-11,2020-07-17,Sold,209.0,Pick each chance though leave yet energy newspaper.
LST-0478,PRP-4972,AGT-0015,1226300.0,2020-01-19,2020-06-01,Active,258.0,Find officer guy defense situation rest guy. Follow would ask federal seat.
LST-0479,PRP-0622,AGT-0254,2349700.0,2020-01-29,2020-05-09,Sold,300.0,Candidate movement history smile left ability or. Summer sure need indeed size.
LST-0480,PRP-3942,AGT-0008,278500.0,2022-03-17,2022-05-22,Sold,243.0,Room majority benefit purpose my least cost. Appear keep really get list.
LST-0481,PRP-3450,AGT-0239,272300.0,2023-11-15,2023-11-06,Sold,298.0,Step behind first never beyond son. Already suggest daughter.
LST-0482,PRP-3400,AGT-0152,573500.0,2020-09-23,2020-12-25,Sold,229.0,Against factor concern information.
LST-0483,PRP-1596,AGT-0175,1123700.0,2024-02-05,2024-03-08,Sold,,Commercial win drive sister or figure bank. Consider me project.
LST-0484,PRP-0930,AGT-0031,514400.0,2021-06-03,2021-10-19,Expired,298.0,Idea return memory above itself serious the say.
LST-0485,PRP-4619,AGT-0207,406600.0,2021-12-01,2022-01-15,Sold,,Discuss get pick. College issue politics moment.
LST-0486,PRP-4461,AGT-0152,2702900.0,2023-06-30,2023-06-29,Sold,267.0,Company whatever position general most interest without. Blood development foot detail success catch any.
LST-0487,PRP-0947,AGT-0205,2201000.0,2022-08-19,2022-12-15,Active,334.0,Much blood continue top.
LST-0488,PRP-4869,AGT-0111,1859500.0,2023-08-17,2024-01-16,Sold,,Defense money station no article station picture.
LST-0489,PRP-3978,AGT-0254,2794500.0,2020-02-26,2020-07-11,Withdrawn,167.0,Carry personal second serious.
LST-0490,PRP-3235,AGT-0296,1135300.0,2024-04-14,2024-05-29,Sold,164.0,Want wear believe back kitchen police. Condition tell rise region alone truth.
LST-0491,PRP-1315,AGT-0208,254700.0,2021-01-06,2021-06-03,Sold,104.0,Part rich bring mean.
LST-0492,PRP-1562,AGT-0076,1290000.0,2022-06-02,2022-07-11,Expired,139.0,Physical bar really student system there. Professional field close.
LST-0493,PRP-3939,AGT-0020,1098600.0,2024-03-08,2024-04-13,Expired,197.0,Arrive away with town lay share.
LST-0494,PRP-4222,AGT-0182,2458800.0,2021-03-05,2021-08-19,Sold,81.0,Write consider level among. Area machine newspaper keep operation expect west.
LST-0495,PRP-0199,AGT-0100,2874300.0,2023-07-08,2023-12-08,Withdrawn,151.0,Outside all have field. High Mrs soldier building manager.
LST-0496,PRP-0450,AGT-0021,2320900.0,2020-07-13,2020-11-02,Sold,221.0,Among glass dinner wide. Reveal fund other staff life then whether.
LST-0497,PRP-1352,AGT-0166,1266600.0,2021-02-21,2021-07-12,Sold,159.0,Type list wonder sea government.
LST-0498,PRP-3133,AGT-0224,2013200.0,2020-03-21,2020-08-13,Expired,106.0,Walk produce film front source.
LST-0499,PRP-4711,AGT-0017,328300.0,2023-08-03,2024-01-03,Active,347.0,Throw nearly green instead. Us establish along piece place hard.
LST-0500,PRP-3440,AGT-0291,1557200.0,2024-04-25,2024-06-24,Expired,251.0,Need beyond he late be word kind. Guess international to travel worry left around.
LST-0501,PRP-1462,AGT-0267,200000.0,2021-04-09,2021-05-12,Sold,291.0,Watch expect sing almost. List TV safe.
LST-0502,PRP-0122,AGT-0286,2350500.0,2023-05-10,2023-10-08,Sold,7.0,Hospital century may focus stop level again.
LST-0503,PRP-4630,AGT-0300,275700.0,2022-08-25,2022-12-10,Active,217.0,Himself bring this painting artist minute early. Force article keep who between federal figure.
LST-0504,PRP-2619,AGT-0151,2382400.0,2020-03-24,2020-07-22,Expired,129.0,Exactly seat collection human increase. Others gas one recent blue.
LST-0505,PRP-1968,AGT-0052,1801600.0,2021-04-08,2021-09-06,Sold,217.0,They do evidence red past fight bag.
LST-0506,PRP-4147,AGT-0254,1383500.0,2020-11-29,2021-01-04,Sold,224.0,Off such pay left. Year law couple mouth painting still in.
LST-0507,PRP-3729,AGT-0281,1574700.0,2021-10-21,2022-01-30,Sold,,Around day bring. Manage know song must probably size program modern.
LST-0508,PRP-3440,AGT-0246,1120800.0,2021-07-26,2021-11-04,Expired,28.0,Occur drop off two. Weight cell floor federal staff appear political.
LST-0509,PRP-2136,AGT-0107,1579300.0,2021-10-09,2021-12-07,Active,284.0,Plant ago young evening. Project about this tend indicate note.
LST-0510,PRP-0857,AGT-0111,2414100.0,2022-08-05,2022-09-08,Active,18.0,Scientist safe technology minute seek lawyer.
LST-0511,PRP-4072,AGT-0166,2115800.0,2022-01-29,2022-04-25,Sold,316.0,Enjoy kind action third ok community environmental. Improve quickly way many.
LST-0512,PRP-1394,AGT-0296,1809900.0,2023-03-05,2023-05-30,Active,17.0,War now key director nothing.
LST-0513,PRP-0225,AGT-0140,329900.0,2020-10-03,2021-03-08,Withdrawn,222.0,Too special crime argue push civil.
LST-0514,PRP-2971,AGT-0196,1944800.0,2023-05-27,2023-10-27,Withdrawn,195.0,Work executive affect month scientist fish color.
LST-0515,PRP-1442,AGT-0156,173900.0,2023-11-22,2024-03-17,Sold,340.0,Sister wife senior role remember.
LST-0516,PRP-3023,AGT-0229,1803100.0,2021-08-05,2021-11-04,Pending,352.0,Talk tree group design. Between whom remain all machine never develop.
LST-0517,PRP-0614,AGT-0027,2177200.0,2020-05-20,2020-09-29,Sold,363.0,Job certain area central. Response small blue five.
LST-0518,PRP-1020,AGT-0038,1852300.0,2023-02-06,2023-05-30,Withdrawn,197.0,View community low two sing rate.
LST-0519,PRP-3503,AGT-0179,439400.0,2020-05-08,2020-07-04,Active,257.0,Republican manage quickly billion series item. Size large happen southern job other each garden.
LST-0520,PRP-0730,AGT-0172,236500.0,2020-03-13,2020-07-24,Withdrawn,302.0,Sort poor old operation challenge threat decision. Get body theory you newspaper southern mention bad.
LST-0521,PRP-2702,AGT-0268,2204700.0,2023-11-24,2024-01-19,Active,230.0,Suffer audience peace opportunity culture side.
LST-0522,PRP-4392,AGT-0229,1527500.0,2021-05-30,2021-10-05,Active,185.0,Low important medical medical. Site though star sound street within inside.
LST-0523,PRP-1243,AGT-0226,2003000.0,2021-11-23,2022-05-10,Sold,298.0,Car green read throughout. Must off participant sort long movie.
LST-0524,PRP-3768,AGT-0045,75700.0,2020-08-25,2021-02-12,Withdrawn,81.0,Wear six what especially product. Debate article though miss reach.
LST-0525,PRP-2232,AGT-0044,1796900.0,2024-06-18,2024-08-10,Sold,,Organization be memory laugh major stop help radio. Majority a crime scientist attention interest.
LST-0526,PRP-1441,AGT-0195,1291000.0,2022-07-16,2022-12-16,Active,92.0,Claim act which data safe. Forget face knowledge black car hour.
LST-0527,PRP-3839,AGT-0160,1974200.0,2023-10-19,2023-11-25,Sold,,Condition participant possible card occur knowledge bed particularly. Financial movement listen race analysis.
LST-0528,PRP-2666,AGT-0001,2142700.0,2023-10-14,2023-12-20,Sold,141.0,Against person two capital.
LST-0529,PRP-0384,AGT-0200,1407400.0,2022-02-23,2022-04-17,Active,,Bag but finish manage nation. Sign friend Congress lay.
LST-0530,PRP-0141,AGT-0222,2952000.0,2022-06-07,2022-12-03,Sold,31.0,Morning important success this ground individual.
LST-0531,PRP-3768,AGT-0235,2349700.0,2020-11-29,2021-05-16,Active,333.0,Allow contain research view base. Democrat kind on later.
LST-0532,PRP-1711,AGT-0216,2317000.0,2024-04-01,2024-06-12,Expired,,Guy many available statement reflect. Part rock knowledge policy feeling.
LST-0533,PRP-1349,AGT-0292,1688700.0,2023-11-07,2024-05-02,Expired,166.0,Listen term score protect building easy. Receive perform easy word.
LST-0534,PRP-4423,AGT-0284,637400.0,2020-10-16,2021-03-22,Withdrawn,317.0,Sort that though collection son. Officer item right condition.
LST-0535,PRP-4581,AGT-0179,863300.0,2023-03-12,2023-08-16,Active,360.0,Special base TV baby water agree politics.
LST-0536,PRP-3368,AGT-0090,1037300.0,2023-01-24,2023-03-17,Active,291.0,Imagine mind teach explain part.
LST-0537,PRP-1776,AGT-0021,1778000.0,2024-06-29,2024-12-13,Pending,157.0,Manager day little evidence. Could whatever forward boy up traditional weight.
LST-0538,PRP-1597,AGT-0214,443800.0,2022-10-29,2023-01-29,Active,276.0,Not voice music little yard. Amount attorney room tonight behavior matter.
LST-0539,PRP-3160,AGT-0098,2767900.0,2023-08-03,2023-10-29,Sold,354.0,History one win street. Finally position night old degree.
LST-0540,PRP-4084,AGT-0081,695700.0,2024-04-26,2024-05-31,Active,47.0,Manage total financial once price.
LST-0541,PRP-2203,AGT-0044,96600.0,2023-01-01,2023-05-21,Active,,Vote rich even within wear close. Kid woman because.
LST-0542,PRP-4545,AGT-0045,1733000.0,2020-03-13,2020-08-29,Expired,279.0,Mr herself night. Cell peace outside police hot.
LST-0543,PRP-3245,AGT-0277,1844000.0,2020-08-13,2020-12-18,Sold,310.0,Cup vote nothing movie officer necessary. Parent anything maybe feel bring seven.
LST-0544,PRP-2369,AGT-0189,2843800.0,2021-08-01,2021-09-18,Sold,150.0,Contain individual far trip side at more.
LST-0545,PRP-1162,AGT-0162,1151700.0,2020-02-13,2020-07-09,Active,315.0,Rise husband animal adult blood.
LST-0546,PRP-0033,AGT-0022,1738800.0,2022-01-02,2022-02-22,Sold,258.0,Democrat soldier make memory ahead real early support. Collection no already campaign hotel hundred.
LST-0547,PRP-4156,AGT-0109,2474300.0,2024-02-17,2024-06-24,Sold,7.0,Gas hope particularly.
LST-0548,PRP-4561,AGT-0158,1872800.0,2021-12-08,2021-11-23,Sold,204.0,After born girl color finally recognize account lawyer. Agency option draw last boy behavior.
LST-0549,PRP-3447,AGT-0171,2286600.0,2022-11-20,2023-01-10,Withdrawn,76.0,Agency style run dream where minute our. Product draw only order.
LST-0550,PRP-2527,AGT-0130,1968700.0,2024-01-24,2024-03-28,Sold,189.0,Maybe buy too pretty when.
LST-0551,PRP-3555,AGT-0086,278700.0,2023-06-11,2023-09-03,Active,73.0,Area many development.
LST-0552,PRP-1436,AGT-0228,1364700.0,2021-03-20,2021-04-26,Sold,132.0,Clearly top picture deep where produce.
LST-0553,PRP-2757,AGT-0275,2469200.0,2023-02-28,2023-04-16,Sold,188.0,Whatever piece defense. Listen catch evidence toward experience loss.
LST-0554,PRP-3908,AGT-0068,575200.0,2023-07-21,2023-10-04,Pending,179.0,Total expert long may.
LST-0555,PRP-1825,AGT-0261,393100.0,2020-01-11,2020-05-18,Sold,,Despite second citizen her significant.
LST-0556,PRP-0591,AGT-0079,1301500.0,2022-03-07,2022-05-12,Active,185.0,Carry probably form beyond.
LST-0557,PRP-0644,AGT-0149,2793400.0,2023-03-22,2023-06-27,Active,228.0,Degree radio provide author lead agent spend. Soon receive room middle bar season report.
LST-0558,PRP-2845,AGT-0065,2038300.0,2021-09-12,2021-12-09,Sold,,Rule tell central body support.
LST-0559,PRP-2027,AGT-0124,1742800.0,2023-03-29,2023-08-02,Pending,337.0,Wonder green owner have case receive. Chance set detail majority energy.
LST-0560,PRP-2069,AGT-0031,252000.0,2021-01-02,2021-06-04,Sold,255.0,Stage start paper. Discover kind move store every glass especially same.
LST-0561,PRP-3341,AGT-0129,1935600.0,2020-08-06,2021-01-22,Sold,113.0,Event fill size over position.
LST-0562,PRP-1123,AGT-0212,2051900.0,2022-11-19,2023-05-10,Withdrawn,164.0,Chair no clear discuss window effect degree.
LST-0563,PRP-0377,AGT-0187,1451200.0,2022-11-01,2023-02-24,Expired,122.0,Head ready point support tend manage. Begin wide cultural top blue training.
LST-0564,PRP-3643,AGT-0183,1459600.0,2022-05-06,2022-08-21,Sold,,Democratic certain true edge visit reason. Her travel stuff alone local start long gun.
LST-0565,PRP-0019,AGT-0156,2143100.0,2020-09-11,2021-01-11,Withdrawn,82.0,Development discover total discussion house significant president.
LST-0566,PRP-3383,AGT-0030,1217000.0,2020-07-02,2020-10-21,Sold,175.0,Admit day several figure set area. Rock bar time kid start.
LST-0567,PRP-4588,AGT-0190,1447000.0,2023-06-24,2023-08-17,Sold,85.0,Various play campaign.
LST-0568,PRP-1461,AGT-0292,750600.0,2020-02-18,2020-06-27,Expired,76.0,Wish lawyer white music.
LST-0569,PRP-1407,AGT-0220,2603100.0,2022-03-16,2022-09-01,Withdrawn,108.0,Piece simple always son.
LST-0570,PRP-2076,AGT-0147,1991400.0,2022-04-16,2022-08-17,Sold,138.0,Picture that news seat including discover. Admit performance including exist which imagine direction.
LST-0571,PRP-0139,AGT-0227,840900.0,2023-09-08,2024-02-23,Active,154.0,Meeting laugh west night better college notice forward. Beat adult peace moment.
LST-0572,PRP-1598,AGT-0095,283500.0,2020-07-29,2020-10-22,Active,87.0,Moment couple add notice chair. Hard campaign rest parent summer season.
LST-0573,PRP-4191,AGT-0274,401600.0,2020-05-03,2020-06-16,Sold,161.0,Area unit such rise.
LST-0574,PRP-3884,AGT-0224,1291200.0,2020-05-18,2020-09-17,Withdrawn,313.0,Student sister cut down reality hot.
LST-0575,PRP-3803,AGT-0251,2589400.0,2024-02-05,2024-03-20,Expired,42.0,Stay product help finally. Wonder fund yes history.
LST-0576,PRP-2832,AGT-0190,2466500.0,2022-06-04,2022-10-08,Sold,87.0,Someone painting chair perform since until.
LST-0577,PRP-2201,AGT-0056,704100.0,2024-03-08,2024-04-28,Sold,339.0,No it affect money about lay current. Indicate sea still mean.
LST-0578,PRP-0139,AGT-0206,2245600.0,2023-12-27,2024-05-21,Sold,225.0,Teach process tree ball reason. People early thing step whom.
LST-0579,PRP-1763,AGT-0276,315500.0,2022-05-11,2022-07-11,Pending,284.0,Military population over beyond claim region find.
LST-0580,PRP-1337,AGT-0277,1570600.0,2020-06-14,2020-09-29,Sold,45.0,Me strategy certain scene.
LST-0581,PRP-1365,AGT-0284,265400.0,2024-04-02,2024-07-05,Expired,46.0,Almost be professional perform man second.
LST-0582,PRP-3658,AGT-0048,1742600.0,2020-08-28,2020-10-14,Sold,240.0,Piece deal mother attention suffer stage behind best. Serious accept increase another second majority.
LST-0583,PRP-3142,AGT-0233,1666700.0,2021-10-31,2022-02-04,Active,79.0,Nor put example purpose child. Ok pull week.
LST-0584,PRP-3460,AGT-0111,2437000.0,2023-09-01,2024-01-30,Expired,95.0,Provide drop will anyone western free. Others teach town place.
LST-0585,PRP-3855,AGT-0144,885900.0,2023-11-03,2024-03-18,Expired,212.0,Trip himself sea draw.
LST-0586,PRP-1329,AGT-0189,1801300.0,2020-09-04,2020-11-12,Sold,121.0,Else television simply condition. Actually want specific cultural standard wish.
LST-0587,PRP-2667,AGT-0184,450500.0,2022-11-15,2023-04-12,Sold,228.0,Always product traditional stand turn method. Many two soldier program.
LST-0588,PRP-3601,AGT-0237,2134500.0,2023-03-31,2023-07-09,Sold,209.0,Theory degree indeed sometimes available bank resource listen.
LST-0589,PRP-0036,AGT-0244,2421600.0,2020-03-23,2020-09-12,Expired,284.0,Save unit customer class subject. Loss nation most idea outside know.
LST-0590,PRP-0139,AGT-0197,786600.0,2022-08-25,2022-11-03,Sold,,State skin pass nation.
LST-0591,PRP-1757,AGT-0129,1403000.0,2022-01-31,2022-07-08,Sold,148.0,Notice statement new call.
LST-0592,PRP-2137,AGT-0091,813300.0,2020-09-16,2020-12-17,Sold,76.0,Quality take talk wrong morning.
LST-0593,PRP-1363,AGT-0280,2679200.0,2023-01-03,2023-06-04,Active,,Event tell prevent direction factor.
LST-0594,PRP-0817,AGT-0024,2557200.0,2022-12-08,2023-02-09,Sold,62.0,Individual away business player.
LST-0595,PRP-3787,AGT-0027,2261600.0,2024-06-02,2024-10-21,Withdrawn,352.0,Thus guy state six sense.
LST-0596,PRP-1183,AGT-0233,2597700.0,2023-07-25,2023-10-20,Sold,359.0,Actually share blue point ground buy. Draw common agreement find yet.
LST-0597,PRP-1219,AGT-0175,324100.0,2023-09-09,2023-12-25,Expired,177.0,Use third recently note eat beyond painting. Hope water action weight stay.
LST-0598,PRP-0153,AGT-0004,2537000.0,2021-01-11,2021-03-25,Active,88.0,Little sea generation picture bill step interest. Boy exactly what something heart politics.
LST-0599,PRP-4866,AGT-0180,2729100.0,2021-01-30,2021-06-06,Sold,252.0,Size one her few into citizen. Happen quality police always nearly civil.
LST-0600,PRP-3917,AGT-0209,1069000.0,2020-07-01,2020-09-30,Sold,109.0,Improve window everyone resource consumer. Sound life during far laugh.
LST-0601,PRP-1437,AGT-0100,1160600.0,2023-04-23,2023-06-17,Sold,247.0,American board make hit. Gun tonight city role purpose.
LST-0602,PRP-1020,AGT-0144,508400.0,2023-01-01,2023-05-02,Sold,16.0,Machine push common send we.
LST-0603,PRP-0634,AGT-0122,1017000.0,2020-05-13,2020-06-20,Sold,347.0,Dinner then citizen pretty player wonder. Care somebody lawyer nearly thought southern answer.
LST-0604,PRP-1211,AGT-0289,2368300.0,2022-08-24,2022-10-12,Sold,354.0,Although course any so less.
LST-0605,PRP-0021,AGT-0239,1997100.0,2023-01-18,2023-03-25,Sold,100.0,Pm candidate become.
LST-0606,PRP-3692,AGT-0240,2059300.0,2020-01-26,2020-02-25,Expired,241.0,Congress me final task partner. Full up investment claim but but.
LST-0607,PRP-1198,AGT-0262,703200.0,2020-11-23,2021-01-23,Sold,,Audience move expect second approach. Last room even whose cell partner.
LST-0608,PRP-1859,AGT-0050,1752700.0,2022-01-05,2022-06-07,Pending,145.0,Follow human be yet five than.
LST-0609,PRP-4089,AGT-0262,607400.0,2024-01-11,2023-12-24,Withdrawn,54.0,Lot evening size ask field. Certain never just soon more something.
LST-0610,PRP-1834,AGT-0071,1449300.0,2020-11-03,2021-01-29,Active,198.0,Nothing game treatment.
LST-0611,PRP-2971,AGT-0244,1144800.0,2022-06-23,2022-12-08,Expired,85.0,Pm day future little drive deal.
LST-0612,PRP-2019,AGT-0300,299600.0,2023-01-21,2023-06-20,Expired,308.0,Create food father population.
LST-0613,PRP-2276,AGT-0289,1021700.0,2020-01-18,2020-05-22,Expired,209.0,Involve white choice deal with.
LST-0614,PRP-3296,AGT-0040,2145900.0,2021-03-07,2021-06-28,Sold,326.0,Point although marriage knowledge.
LST-0615,PRP-3596,AGT-0121,447700.0,2023-06-05,2023-10-27,Sold,339.0,Too information Mr drop its. Poor itself large paper environmental his it and.
LST-0616,PRP-4916,AGT-0272,214900.0,2020-05-15,2020-09-29,Active,314.0,Serve school on everything woman without environmental report. President home hair analysis.
LST-0617,PRP-4647,AGT-0293,1401700.0,2022-12-20,2023-05-04,Sold,150.0,Participant no charge pretty cause foot. Knowledge fight sing people end general.
LST-0618,PRP-3824,AGT-0296,171900.0,2021-11-29,2022-05-13,Active,236.0,Plant partner its agent indeed enter old.
LST-0619,PRP-3386,AGT-0285,2872900.0,2020-02-15,2020-04-22,Withdrawn,157.0,Theory back indeed design early today.
LST-0620,PRP-2631,AGT-0227,2499300.0,2021-07-09,2021-09-09,Expired,310.0,Help factor soldier common all.
LST-0621,PRP-3353,AGT-0165,1887200.0,2020-01-01,2020-02-26,Pending,57.0,Concern service election environment hear.
LST-0622,PRP-4147,AGT-0044,1214800.0,2023-12-10,2024-03-16,Expired,123.0,If one event treat. Then player improve box with partner.
LST-0623,PRP-3138,AGT-0205,886000.0,2022-06-04,2022-08-23,Sold,177.0,Letter prepare adult main still edge. Keep reason particular real.
LST-0624,PRP-0114,AGT-0253,2371700.0,2020-06-06,2020-11-11,Sold,77.0,Protect yeah within. Cause keep artist air.
LST-0625,PRP-3601,AGT-0150,1252300.0,2022-06-11,2022-10-22,Sold,64.0,Return week enter nearly throughout just fine. Yard major participant.
LST-0626,PRP-2843,AGT-0198,1928300.0,2023-09-10,2024-02-20,Pending,363.0,Woman south simple. Consumer both notice.
LST-0627,PRP-1377,AGT-0252,2124300.0,2022-03-25,2022-08-12,Withdrawn,34.0,Knowledge sign really field population according financial news. Bank game attorney.
LST-0628,PRP-3601,AGT-0244,2109800.0,2022-04-30,2022-08-05,Sold,59.0,In forward young get cell he.
LST-0629,PRP-4391,AGT-0044,1106800.0,2022-08-20,2023-01-10,Withdrawn,227.0,Maybe picture company trade. Condition charge moment which factor.
LST-0630,PRP-4804,AGT-0250,1611000.0,2021-09-11,2021-11-02,Active,361.0,Only miss though decision whether available.
LST-0631,PRP-3975,AGT-0076,1910600.0,2020-11-05,2021-02-28,Expired,29.0,Against ever safe discussion from nearly although.
LST-0632,PRP-0932,AGT-0022,1885200.0,2021-06-12,2021-11-14,Sold,264.0,Usually late spend particular.
LST-0633,PRP-4686,AGT-0196,2390700.0,2024-03-12,2024-08-07,Sold,143.0,Entire black body Congress. Within get maybe.
LST-0634,PRP-0371,AGT-0152,1134000.0,2024-05-08,2024-06-07,Pending,359.0,Attack your what plan return. Heart talk recent before.
LST-0635,PRP-4740,AGT-0073,427200.0,2021-03-15,2021-06-22,Sold,229.0,One interest letter attention memory.
LST-0636,PRP-1804,AGT-0044,2596300.0,2022-07-10,2022-10-02,Sold,100.0,Want upon board operation door western. Care under design week.
LST-0637,PRP-0375,AGT-0067,707100.0,2022-03-21,2022-05-06,Sold,197.0,Summer bag gun work.
LST-0638,PRP-2718,AGT-0064,141500.0,2023-04-10,2023-07-04,Expired,95.0,Reality picture that across the rule rather should. Wait yeah back technology usually admit produce.
LST-0639,PRP-2700,AGT-0026,1119800.0,2022-06-21,2022-09-08,Active,137.0,Old the finally serious cold. Everybody success baby candidate our serve decade.
LST-0640,PRP-2307,AGT-0219,1966800.0,2023-05-18,2023-05-01,Sold,196.0,Tv establish baby just occur bag white. Later strategy condition describe theory once appear.
LST-0641,PRP-0220,AGT-0006,334900.0,2024-02-02,2024-03-30,Sold,52.0,No magazine think industry structure second name.
LST-0642,PRP-0485,AGT-0072,2193600.0,2023-10-07,2023-11-12,Sold,31.0,Challenge even bag help successful us because.
LST-0643,PRP-4607,AGT-0137,2662200.0,2023-05-17,2023-10-21,Expired,296.0,Some view less while trip bit off. Personal political allow make avoid very.
LST-0644,PRP-4777,AGT-0185,570300.0,2022-02-15,2022-03-23,Sold,134.0,Write issue trade go argue free gun have. Wish until anyone change radio.
LST-0645,PRP-1305,AGT-0220,2354400.0,2024-04-26,2024-10-15,Sold,181.0,Include lawyer song knowledge. Push talk upon else decide.
LST-0646,PRP-0788,AGT-0074,2030300.0,2023-04-20,2023-05-24,Active,175.0,Picture into student music opportunity book everything research.
LST-0647,PRP-2727,AGT-0072,2774600.0,2022-02-15,2022-03-26,Sold,352.0,Medical office note drop.
LST-0648,PRP-1290,AGT-0088,1060800.0,2021-05-05,2021-06-04,Sold,135.0,Put ever certain toward entire.
LST-0649,PRP-2605,AGT-0127,2292800.0,2021-07-27,2021-10-04,Active,274.0,Life pick imagine in by movement leg second. Store suggest church us.
LST-0650,PRP-0632,AGT-0280,1377300.0,2020-11-01,2021-03-23,Sold,289.0,Kitchen trial join focus protect. Through part world former close amount enter.
LST-0651,PRP-0484,AGT-0042,1035100.0,2023-08-20,2023-12-22,Sold,26.0,Industry finish less window with training process.
LST-0652,PRP-3758,AGT-0263,1229700.0,2020-08-04,2020-10-26,Expired,334.0,Chance machine general operation research huge course.
LST-0653,PRP-3443,AGT-0139,985400.0,2024-02-27,2024-08-14,Sold,336.0,Building sign recently avoid upon. Paper will board.
LST-0654,PRP-1086,AGT-0132,1599400.0,2023-03-18,2023-08-18,Sold,229.0,Money worker spring mission west behind range best. Third traditional ago let reach.
LST-0655,PRP-3593,AGT-0061,1122400.0,2024-03-06,2024-06-01,Sold,293.0,Begin around rate responsibility subject oil memory part.
LST-0656,PRP-0956,AGT-0089,1875200.0,2021-09-09,2021-10-28,Active,347.0,Difficult price focus for every hospital. People his still through.
LST-0657,PRP-0623,AGT-0157,1089800.0,2023-12-06,2024-03-25,Sold,220.0,Couple kitchen hospital.
LST-0658,PRP-3654,AGT-0086,1670500.0,2021-09-03,2022-02-07,Sold,54.0,Long sell along attorney as Mrs. Wait small manager.
LST-0659,PRP-4382,AGT-0291,704300.0,2021-11-04,2022-02-21,Expired,299.0,Democrat interview continue as realize. However top strong while large.
LST-0660,PRP-2219,AGT-0257,456100.0,2020-03-26,2020-09-06,Sold,254.0,Article analysis career improve.
LST-0661,PRP-1225,AGT-0072,2040500.0,2020-11-12,2021-01-17,Sold,272.0,Participant kitchen summer consumer five various event. While compare health capital best if dark participant.
LST-0662,PRP-4920,AGT-0031,467200.0,2023-02-05,2023-05-01,Active,359.0,Economic later act project result free position. Money task understand staff know civil.
LST-0663,PRP-4778,AGT-0098,1385400.0,2020-08-26,2020-12-21,Sold,118.0,Summer college morning style rich sport.
LST-0664,PRP-2257,AGT-0242,1753700.0,2024-05-27,2024-09-13,Sold,,Spend catch allow.
LST-0665,PRP-0623,AGT-0106,2636300.0,2021-11-02,2022-04-04,Expired,173.0,Toward return carry thing second example past black. Work blood chance though east fear.
LST-0666,PRP-0151,AGT-0149,1497500.0,2020-05-16,2020-07-02,Sold,157.0,Pull operation article nothing.
LST-0667,PRP-3841,AGT-0053,2495800.0,2023-12-09,2024-02-07,Active,323.0,Kind lot road perhaps.
LST-0668,PRP-0648,AGT-0065,1143100.0,2022-02-21,2022-01-30,Expired,12.0,Company meeting cell not stand born opportunity.
LST-0669,PRP-3445,AGT-0034,482900.0,2021-05-27,2021-05-25,Sold,165.0,Air sort thought performance available increase television. Some return poor should leg.
LST-0670,PRP-2684,AGT-0173,1802900.0,2020-12-08,2021-05-07,Active,53.0,What event trip kid decade ability three chair.
LST-0671,PRP-4860,AGT-0101,1911200.0,2021-09-22,2022-03-13,Expired,293.0,Compare possible red wall low size research. Identify message education summer.
LST-0672,PRP-0223,AGT-0143,1919700.0,2020-12-30,2021-04-07,Withdrawn,162.0,Mouth wear feeling product.
LST-0673,PRP-2594,AGT-0200,1700300.0,2022-04-19,2022-08-01,Sold,345.0,Put half system learn best. That hand rock Congress.
LST-0674,PRP-1114,AGT-0273,1335200.0,2022-05-03,2022-06-29,Sold,266.0,Like floor soldier true fine difference. Clearly movie their health hit.
LST-0675,PRP-3227,AGT-0024,1162900.0,2022-12-06,2023-02-09,Sold,107.0,Matter despite dog product certainly represent.
LST-0676,PRP-4045,AGT-0196,1111600.0,2024-06-07,2024-10-05,Expired,74.0,About military fall raise provide window.
LST-0677,PRP-2589,AGT-0007,2204400.0,2022-09-10,2022-10-12,Sold,36.0,Card spend more term animal respond message.
LST-0678,PRP-2783,AGT-0028,1663200.0,2022-10-20,2023-01-18,Active,158.0,Painting bill usually up try must effect ball. Make recent authority same.
LST-0679,PRP-0393,AGT-0093,2064100.0,2021-08-08,2021-12-08,Expired,263.0,Focus add plant when why international surface.
LST-0680,PRP-2901,AGT-0235,434500.0,2023-04-25,2023-05-31,Sold,273.0,Along arm that huge.
LST-0681,PRP-2004,AGT-0169,408500.0,2022-02-04,2022-07-27,Sold,3.0,Style create commercial media.
LST-0682,PRP-2192,AGT-0172,1539500.0,2024-04-25,2024-07-10,Sold,246.0,Southern lead performance term son smile deep little.
LST-0683,PRP-0961,AGT-0274,1293100.0,2022-09-28,2022-11-03,Expired,20.0,Bed send outside if today official. What it will just attack community here behind.
LST-0684,PRP-4105,AGT-0295,1756400.0,2020-11-25,2021-05-15,Withdrawn,210.0,Item nation imagine ready.
LST-0685,PRP-0305,AGT-0003,1279100.0,2023-06-28,2023-10-31,Sold,108.0,American knowledge use writer treat your catch. Property two be great.
LST-0686,PRP-3391,AGT-0063,1607300.0,2023-03-23,2023-09-10,Sold,263.0,Threat when parent idea child despite. Little story white perform never else.
LST-0687,PRP-1787,AGT-0128,159300.0,2020-05-01,2020-07-09,Sold,16.0,Mind same station matter evidence food my. Campaign imagine call help.
LST-0688,PRP-0749,AGT-0126,284400.0,2024-04-27,2024-07-17,Sold,103.0,Like blood entire quality wind. Lead big red happen possible whether seat.
LST-0689,PRP-1227,AGT-0238,2342400.0,2022-09-07,2022-10-27,Withdrawn,3.0,Never better role reach other do responsibility.
LST-0690,PRP-4618,AGT-0009,225200.0,2022-10-30,2023-03-13,Sold,131.0,Baby man right official information inside standard. Brother attack travel card.
LST-0691,PRP-1909,AGT-0146,468800.0,2024-05-16,2024-09-23,Sold,71.0,Yes onto at career. Look firm probably goal.
LST-0692,PRP-1201,AGT-0127,691500.0,2020-11-23,2021-04-22,Sold,74.0,Something reflect with into phone level visit. Instead suffer film without.
LST-0693,PRP-3040,AGT-0152,743200.0,2024-06-30,2024-08-31,Withdrawn,131.0,Side kind agree energy card dark. Magazine party environment executive.
LST-0694,PRP-3801,AGT-0091,2697200.0,2024-06-07,2024-10-04,Active,361.0,Record tonight image should. Husband else more technology film its political.
LST-0695,PRP-2391,AGT-0300,2499300.0,2020-07-13,2020-08-27,Sold,167.0,Writer brother bag age I. Right party team.
LST-0696,PRP-1525,AGT-0092,684100.0,2024-06-17,2024-05-27,Sold,,Field brother word great improve over appear price.
LST-0697,PRP-2163,AGT-0296,2208900.0,2023-11-19,2023-12-31,Expired,305.0,I author this. Full order seat rather which political study radio.
LST-0698,PRP-4663,AGT-0122,1296100.0,2023-06-11,2023-07-21,Active,5.0,Commercial dinner follow friend scene place.
LST-0699,PRP-2677,AGT-0263,581800.0,2021-09-24,2022-01-07,Sold,343.0,Western result act citizen.
LST-0700,PRP-4240,AGT-0055,539100.0,2020-08-02,2020-10-01,Sold,80.0,Today want two exist argue. Daughter later from see else ground low.
LST-0701,PRP-1594,AGT-0147,385900.0,2021-11-18,2022-04-11,Expired,207.0,Degree adult point assume.
LST-0702,PRP-3168,AGT-0122,239700.0,2020-12-21,2021-06-04,Sold,96.0,Figure scientist include walk black modern. Particular pull expert against Mr reduce student.
LST-0703,PRP-3517,AGT-0294,946200.0,2023-04-05,2023-09-25,Sold,234.0,Writer admit forward will else official. Easy simply consumer fight something now financial summer.
LST-0704,PRP-2359,AGT-0021,1177500.0,2022-04-04,2022-06-29,Pending,99.0,Short hundred fact follow opportunity.
LST-0705,PRP-4320,AGT-0061,1033000.0,2022-02-18,2022-06-27,Withdrawn,145.0,Anyone policy remain charge race win.
LST-0706,PRP-0288,AGT-0285,2494200.0,2022-10-14,2023-01-12,Active,85.0,Theory peace information care director everyone response. Three skin wrong assume.
LST-0707,PRP-0408,AGT-0075,2108100.0,2022-09-10,2023-01-11,Sold,49.0,Quality amount particular water guess rock until.
LST-0708,PRP-2998,AGT-0010,2341800.0,2023-11-19,2024-01-04,Active,243.0,Federal party prevent whom. Reality summer develop quite.
LST-0709,PRP-4758,AGT-0191,1955800.0,2023-07-13,2023-10-26,Sold,9.0,Seek look worry color community meet investment. Question environment until.
LST-0710,PRP-2917,AGT-0226,398700.0,2023-05-23,2023-10-08,Sold,312.0,Hit fast as time appear already appear.
LST-0711,PRP-2196,AGT-0274,593300.0,2021-12-10,2022-03-28,Withdrawn,148.0,Require minute sort discuss. Plant big contain all design base.
LST-0712,PRP-2261,AGT-0160,1755600.0,2021-04-25,2021-08-16,Sold,,Upon ask friend pretty.
LST-0713,PRP-3109,AGT-0215,2595200.0,2021-09-21,2022-03-07,Sold,308.0,Wear Democrat care word budget. Increase recent what and no force.
LST-0714,PRP-3598,AGT-0261,321400.0,2023-12-06,2024-03-15,Active,335.0,Successful sell about. Middle former field attorney.
LST-0715,PRP-4792,AGT-0107,519100.0,2024-06-29,2024-12-03,Sold,154.0,Player agreement grow choice.
LST-0716,PRP-0577,AGT-0161,1420400.0,2022-07-15,2022-08-30,Sold,,Technology friend their effect. Less until land thousand.
LST-0717,PRP-2484,AGT-0197,2162700.0,2023-10-03,2024-01-22,Withdrawn,,Throw find group them.
LST-0718,PRP-1113,AGT-0130,385000.0,2024-03-28,2024-09-17,Active,,Image room medical memory south television agent. Up really choose agree region.
LST-0719,PRP-4312,AGT-0208,2333800.0,2023-01-29,2023-03-27,Expired,244.0,When story safe his year term main.
LST-0720,PRP-3000,AGT-0181,2836900.0,2021-12-23,2022-04-13,Active,206.0,Black cold back energy. Image director institution almost part happen TV.
LST-0721,PRP-2878,AGT-0180,919100.0,2024-02-29,2024-04-19,Expired,50.0,Region sea shoulder under language start various. Get south major statement get cause.
LST-0722,PRP-2149,AGT-0010,1363400.0,2023-09-25,2024-02-16,Sold,178.0,Television cover sit certainly political.
LST-0723,PRP-0521,AGT-0137,1793800.0,2021-11-12,2022-04-19,Expired,286.0,Relationship international require other. Concern rate north force situation security.
LST-0724,PRP-0305,AGT-0249,2160900.0,2020-12-07,2021-01-17,Withdrawn,285.0,Crime behavior society across. Data election play.
LST-0725,PRP-2488,AGT-0175,2045100.0,2022-08-06,2022-10-08,Sold,356.0,Buy change across information. Understand single already really many such foreign understand.
LST-0726,PRP-0739,AGT-0136,966900.0,2023-04-01,2023-09-16,Sold,35.0,Skill form catch real offer exist. Final impact yourself pattern say strong.
LST-0727,PRP-1613,AGT-0011,136900.0,2023-08-24,2024-01-02,Active,62.0,Somebody people recognize yes rule often build. Type ahead fine people writer group adult.
LST-0728,PRP-2123,AGT-0030,1048900.0,2022-12-01,2023-02-25,Withdrawn,38.0,Hope tend image station.
LST-0729,PRP-0456,AGT-0152,320200.0,2023-10-13,2024-02-22,Sold,191.0,Area best table agent. Speech draw a we everybody machine lose.
LST-0730,PRP-0715,AGT-0252,146700.0,2020-02-16,2020-06-11,Sold,305.0,Network never tax rule interesting family. Meet worker performance way.
LST-0731,PRP-0692,AGT-0297,1308100.0,2020-11-24,2021-04-17,Sold,284.0,Pretty to pass its commercial exist writer.
LST-0732,PRP-4718,AGT-0049,337400.0,2020-11-14,2021-03-11,Sold,283.0,Break such large voice election write. Behavior southern baby anyone do phone garden.
LST-0733,PRP-1492,AGT-0229,796200.0,2021-02-21,2021-04-23,Sold,365.0,American think dinner despite usually somebody study with. Personal expect heart involve I.
LST-0734,PRP-4960,AGT-0210,1609900.0,2022-12-12,2023-04-14,Active,31.0,Decade perhaps total voice medical return. Various present trouble discussion work bag.
LST-0735,PRP-2112,AGT-0236,1301100.0,2023-07-06,2023-10-01,Sold,240.0,Carry industry so practice government any.
LST-0736,PRP-3678,AGT-0215,1161700.0,2023-10-19,2024-02-03,Withdrawn,208.0,Relationship story ago far seem.
LST-0737,PRP-0135,AGT-0087,1351700.0,2022-05-28,2022-10-27,Active,70.0,International beyond memory history the computer center. Several would east person already ok.
LST-0738,PRP-1373,AGT-0216,995900.0,2022-07-05,2022-12-07,Withdrawn,50.0,Everything similar before list.
LST-0739,PRP-2623,AGT-0194,1665800.0,2021-01-12,2021-03-21,Sold,,Region investment make both low fact. Size bit car she.
LST-0740,PRP-2821,AGT-0252,177800.0,2022-08-25,2022-12-10,Sold,117.0,City item own down according onto always couple. Per hair discussion age drive support Mrs show.
LST-0741,PRP-0598,AGT-0037,1536500.0,2022-05-15,2022-11-01,Active,296.0,Create organization beyond different provide line. Her last fine letter return already.
LST-0742,PRP-3454,AGT-0068,361600.0,2020-03-12,2020-05-16,Sold,286.0,Yet carry including meet hair. Agreement cup child simply your feel.
LST-0743,PRP-1807,AGT-0166,2180200.0,2023-05-20,2023-11-16,Sold,340.0,Must bad former every each.
LST-0744,PRP-2859,AGT-0085,2311100.0,2022-05-13,2022-07-16,Sold,,Bill effort economy choice have. The material too consumer.
LST-0745,PRP-3909,AGT-0131,2163800.0,2020-08-12,2020-09-21,Sold,203.0,Like ever provide. Purpose his part prove main.
LST-0746,PRP-2963,AGT-0245,1542200.0,2021-11-16,2022-05-04,Expired,143.0,Point though follow minute.
LST-0747,PRP-1209,AGT-0150,1894200.0,2020-12-31,2021-03-17,Sold,2.0,School town its southern teach recent today.
LST-0748,PRP-1332,AGT-0152,229600.0,2020-08-19,2020-09-23,Pending,168.0,Newspaper traditional same my last at certain week.
LST-0749,PRP-3834,AGT-0064,1680500.0,2021-09-18,2022-02-25,Active,118.0,Technology position though you while executive somebody.
LST-0750,PRP-2441,AGT-0238,472900.0,2020-01-01,2020-05-01,Expired,239.0,Fish reach economic bed.
LST-0751,PRP-3818,AGT-0008,1128400.0,2022-02-04,2022-04-05,Withdrawn,50.0,Clear step federal why.
LST-0752,PRP-2299,AGT-0181,1196000.0,2021-01-09,2021-03-02,Sold,102.0,Kind father final rather.
LST-0753,PRP-3231,AGT-0107,915400.0,2024-06-22,2024-10-11,Expired,112.0,These develop official. Fight interesting evidence perform fly.
LST-0754,PRP-3368,AGT-0105,1251000.0,2021-01-26,2021-05-01,Sold,,Summer current list population.
LST-0755,PRP-0163,AGT-0140,315500.0,2021-09-25,2022-03-22,Sold,275.0,Policy serve as explain.
LST-0756,PRP-4728,AGT-0124,64800.0,2020-02-21,2020-07-14,Pending,323.0,Service business grow expert pull.
LST-0757,PRP-2017,AGT-0058,689800.0,2022-05-01,2022-10-23,Sold,53.0,Always garden me guy great must.
LST-0758,PRP-1363,AGT-0175,1549400.0,2022-04-03,2022-05-20,Sold,199.0,Operation safe suddenly morning serve artist use. Learn usually event pattern glass tend never.
LST-0759,PRP-1939,AGT-0145,1005200.0,2024-02-26,2024-03-31,Sold,105.0,Serve spring buy tell student development area mouth.
LST-0760,PRP-2581,AGT-0070,611500.0,2022-04-13,2022-07-17,Withdrawn,349.0,Say try tonight bit.
LST-0761,PRP-1235,AGT-0012,2882700.0,2022-03-13,2022-08-17,Expired,5.0,Throughout town six possible. Information ground before so lay style beyond.
LST-0762,PRP-4772,AGT-0006,889600.0,2022-06-03,2022-05-31,Active,79.0,Soldier production military spring.
LST-0763,PRP-1462,AGT-0048,243200.0,2021-04-14,2021-09-17,Withdrawn,286.0,Century for southern president.
LST-0764,PRP-1155,AGT-0179,2582800.0,2021-12-15,2022-02-09,Active,189.0,Yeah total exist.
LST-0765,PRP-2639,AGT-0175,1826200.0,2021-05-02,2021-08-14,Sold,145.0,Nature president look tonight green mission also. Their speak these arm usually.
LST-0766,PRP-4059,AGT-0224,518100.0,2023-04-06,2023-05-12,Sold,,Former western back summer performance weight. Choose then drop drive pass decision.
LST-0767,PRP-4813,AGT-0060,2342900.0,2023-07-30,2023-11-07,Sold,178.0,Of environment quite issue growth use.
LST-0768,PRP-1169,AGT-0223,711500.0,2020-01-28,2020-04-16,Sold,199.0,Address feel newspaper gun. Top change leg because continue poor radio.
LST-0769,PRP-0934,AGT-0238,2038200.0,2022-04-18,2022-08-23,Sold,62.0,Close paper hair decide can own practice. Chair worker thought future almost action.
LST-0770,PRP-3120,AGT-0125,449600.0,2023-09-13,2023-11-15,Expired,349.0,Actually near animal.
LST-0771,PRP-3557,AGT-0026,276000.0,2020-08-24,2020-10-21,Sold,71.0,Memory candidate look quickly mention or difference. Manager there measure measure.
LST-0772,PRP-1791,AGT-0250,2887200.0,2021-01-19,2021-01-12,Pending,338.0,Event your do how look. Keep traditional put themselves threat stand.
LST-0773,PRP-1462,AGT-0101,828700.0,2020-10-14,2020-11-26,Sold,303.0,Stage view state new always impact thing. Understand office range scientist stay because cover.
LST-0774,PRP-0124,AGT-0047,141800.0,2024-01-13,2024-03-08,Sold,282.0,Money whatever culture pattern wind partner leave. Under detail any.
LST-0775,PRP-0922,AGT-0115,1115100.0,2020-10-14,2020-12-31,Sold,50.0,Cell happy discuss fine available much.
LST-0776,PRP-1084,AGT-0277,210200.0,2022-09-04,2022-12-02,Active,246.0,Key plant full run every may dinner. Serious accept oil moment without trial security.
LST-0777,PRP-1378,AGT-0030,1861900.0,2024-02-10,2024-04-24,Sold,295.0,Coach keep hope factor money. Live green step whether.
LST-0778,PRP-0629,AGT-0251,890600.0,2022-12-27,2023-06-09,Sold,231.0,Over at consumer who goal. Trouble agreement agree test.
LST-0779,PRP-1973,AGT-0173,1651800.0,2024-01-09,2024-05-31,Withdrawn,156.0,Office somebody two whose little important product.
LST-0780,PRP-4218,AGT-0024,2329200.0,2023-02-21,2023-08-12,Withdrawn,325.0,Listen west which economic third box popular. Significant picture decade culture term by station.
LST-0781,PRP-1223,AGT-0020,168000.0,2021-01-07,2021-06-02,Withdrawn,278.0,Let even where his factor rate. Minute drop case nature power usually keep.
LST-0782,PRP-4671,AGT-0300,1447100.0,2023-11-18,2024-03-10,Sold,89.0,Item talk reach. Research let week move memory.
LST-0783,PRP-4338,AGT-0096,1127300.0,2021-08-25,2021-11-21,Withdrawn,171.0,Pull politics generation suffer discussion one.
LST-0784,PRP-2093,AGT-0226,763700.0,2021-03-03,2021-07-26,Active,47.0,North large customer administration.
LST-0785,PRP-0582,AGT-0215,258700.0,2022-07-08,2022-12-19,Expired,164.0,Song nature home daughter window fast.
LST-0786,PRP-4581,AGT-0026,2941600.0,2024-03-23,2024-08-10,Withdrawn,119.0,Together seat nature serious.
LST-0787,PRP-4603,AGT-0035,1121500.0,2022-07-17,2023-01-03,Sold,,Lead over people likely foot test west.
LST-0788,PRP-4180,AGT-0003,958300.0,2022-09-17,2023-02-24,Sold,135.0,Meeting detail outside important certain alone person. Western budget various sound indicate.
LST-0789,PRP-3437,AGT-0184,1457300.0,2023-06-25,2023-09-01,Expired,186.0,Down deal success purpose body.
LST-0790,PRP-0024,AGT-0078,1649500.0,2021-08-03,2021-10-08,Withdrawn,92.0,Ok alone laugh TV. Politics test school once effect.
LST-0791,PRP-3277,AGT-0185,1490600.0,2020-07-14,2021-01-02,Sold,15.0,Wind crime major force chair outside. Cup pass college.
LST-0792,PRP-3787,AGT-0197,501300.0,2023-11-19,2024-04-19,Sold,155.0,Training position their table cultural radio.
LST-0793,PRP-4485,AGT-0122,1213500.0,2022-06-13,2022-11-17,Active,179.0,Drug risk vote day market talk.
LST-0794,PRP-0056,AGT-0271,2170300.0,2021-12-06,2022-05-17,Sold,127.0,Market subject important employee road every room big.
LST-0795,PRP-3158,AGT-0037,2501600.0,2022-04-20,2022-08-02,Sold,130.0,Position major there professional but reason. Couple step range without step.
LST-0796,PRP-2425,AGT-0223,2458800.0,2022-11-24,2023-03-16,Sold,171.0,Require over quickly purpose idea throw bag.
LST-0797,PRP-1948,AGT-0238,1410800.0,2023-04-17,2023-06-10,Active,83.0,Toward teach risk glass year.
LST-0798,PRP-2631,AGT-0185,239800.0,2021-11-07,2022-02-10,Expired,210.0,Space area learn. Authority throughout national big step view.
LST-0799,PRP-2609,AGT-0284,633000.0,2023-08-14,2024-01-16,Withdrawn,65.0,Early despite visit either product. Protect be local material body.
LST-0800,PRP-2954,AGT-0083,2214000.0,2022-10-05,2023-03-29,Sold,,Son rock well little. Prepare full story local character ready.
LST-0801,PRP-2604,AGT-0292,2331300.0,2020-10-21,2020-12-31,Sold,240.0,Despite fine question ask cost trade.
LST-0802,PRP-1306,AGT-0168,1743500.0,2022-10-22,2023-01-30,Sold,142.0,Business enjoy attorney another. When focus wear control agent of.
LST-0803,PRP-1721,AGT-0292,1270300.0,2020-10-01,2020-11-29,Expired,34.0,Skill effect buy best.
LST-0804,PRP-2431,AGT-0122,2408500.0,2024-04-09,2024-07-16,Sold,77.0,Sport forward situation able charge. Protect part million doctor we personal college.
LST-0805,PRP-4216,AGT-0252,1231400.0,2022-04-17,2022-06-10,Active,341.0,Window keep agency necessary star data.
LST-0806,PRP-0857,AGT-0213,988400.0,2021-03-29,2021-09-14,Sold,196.0,Government similar many business.
LST-0807,PRP-2950,AGT-0226,2299100.0,2023-01-15,2023-06-14,Expired,250.0,Move before church health two understand you. Next peace technology themselves measure.
LST-0808,PRP-2004,AGT-0255,826700.0,2024-01-23,2024-04-22,Active,349.0,Actually bill begin new whatever.
LST-0809,PRP-1398,AGT-0033,1350700.0,2022-10-13,2023-01-23,Sold,307.0,Billion your thought assume.
LST-0810,PRP-3867,AGT-0090,1105800.0,2020-02-27,2020-04-18,Sold,107.0,But opportunity recognize above ready any.
LST-0811,PRP-2667,AGT-0178,2799600.0,2023-01-04,2023-05-07,Sold,95.0,Since hope environment industry relate like memory.
LST-0812,PRP-0272,AGT-0247,1307200.0,2023-02-13,2023-07-09,Sold,120.0,Number create job do order.
LST-0813,PRP-3786,AGT-0176,888100.0,2022-04-02,2022-05-12,Sold,328.0,Name hand kid office my.
LST-0814,PRP-0329,AGT-0199,2017400.0,2020-02-25,2020-05-01,Active,356.0,Worry maintain make blue free. Miss real education check require.
LST-0815,PRP-0624,AGT-0084,1513200.0,2023-04-11,2023-05-19,Sold,351.0,Hit blood move plant foot mouth party ability. Culture wind piece hold edge appear change church.
LST-0816,PRP-0313,AGT-0086,1299400.0,2023-01-30,2023-06-01,Sold,354.0,Career after south girl audience short music.
LST-0817,PRP-3143,AGT-0065,1406500.0,2021-01-11,2021-05-30,Sold,59.0,Probably star wish draw.
LST-0818,PRP-2732,AGT-0020,1400800.0,2023-11-17,2024-02-25,Sold,,Consumer smile better process game we write one.
LST-0819,PRP-3958,AGT-0103,621800.0,2020-09-30,2021-01-10,Sold,288.0,Short they doctor art billion hold. Sing stuff bill much simply hard ten.
LST-0820,PRP-2534,AGT-0026,947300.0,2021-06-30,2021-11-02,Sold,,Lead society eye.
LST-0821,PRP-0729,AGT-0089,2757200.0,2022-05-18,2022-08-06,Expired,50.0,After use race great large defense house.
LST-0822,PRP-1956,AGT-0218,655500.0,2021-10-18,2022-02-15,Active,199.0,Remain fund near organization article worker. Under threat card product manage.
LST-0823,PRP-0199,AGT-0251,1403000.0,2022-04-17,2022-10-02,Active,210.0,Hear lay prepare speech alone tax. Result reason increase.
LST-0824,PRP-4555,AGT-0281,814700.0,2023-01-21,2023-05-06,Sold,160.0,Result other network it determine tree sell. Success computer bill light including.
LST-0825,PRP-0006,AGT-0184,2226900.0,2020-06-02,2020-10-05,Sold,350.0,Themselves occur under woman.
LST-0826,PRP-3836,AGT-0201,1738300.0,2022-12-07,2023-04-12,Sold,340.0,Have place whose blue.
LST-0827,PRP-2896,AGT-0050,621400.0,2023-06-03,2023-11-06,Sold,306.0,Source cover history condition. Population should character by whatever everything.
LST-0828,PRP-1345,AGT-0287,2239500.0,2020-04-08,2020-03-22,Active,307.0,Ok shake investment employee add ask certain.
LST-0829,PRP-1653,AGT-0177,1655200.0,2022-07-27,2022-08-28,Sold,363.0,Thus ground itself girl. Forward plan watch usually imagine professor.
LST-0830,PRP-4439,AGT-0079,1825900.0,2020-07-27,2020-10-26,Sold,249.0,Class system account thank.
LST-0831,PRP-1039,AGT-0111,2472000.0,2022-06-16,2022-12-09,Expired,251.0,Rather generation during see edge lot. Current though daughter learn though.
LST-0832,PRP-3120,AGT-0289,1620200.0,2022-11-22,2023-01-26,Active,251.0,Little tough paper. Dinner people spend experience crime.
LST-0833,PRP-2200,AGT-0140,566700.0,2024-05-18,2024-09-02,Withdrawn,169.0,Never would east character operation.
LST-0834,PRP-0473,AGT-0255,1696700.0,2021-02-22,2021-04-08,Sold,345.0,Artist however main wait ready well nation.
LST-0835,PRP-2024,AGT-0090,778600.0,2021-09-14,2022-02-21,Withdrawn,317.0,Special myself once region upon gas employee everyone. Wait material real card next area.
LST-0836,PRP-1658,AGT-0186,1938000.0,2022-10-18,2023-01-08,Sold,80.0,Enjoy artist happy there less according than.
LST-0837,PRP-2961,AGT-0035,893200.0,2022-02-07,2022-05-28,Sold,293.0,Cup box prepare despite do court big.
LST-0838,PRP-1808,AGT-0067,978100.0,2023-03-09,2023-05-12,Sold,54.0,Past white country. Fight ago hair teacher rock.
LST-0839,PRP-4233,AGT-0146,834600.0,2023-02-06,2023-06-04,Expired,358.0,Rule name during cultural knowledge miss daughter.
LST-0840,PRP-0796,AGT-0083,2457700.0,2023-08-11,2023-10-05,Withdrawn,31.0,Seat arrive strategy near partner story.
LST-0841,PRP-1786,AGT-0260,2388800.0,2022-07-17,2022-11-17,Withdrawn,13.0,Own fund security attack west movie food. Free glass improve ever feeling suffer these leg.
LST-0842,PRP-2149,AGT-0154,255000.0,2022-10-10,2023-01-27,Sold,24.0,Indeed hot leg.
LST-0843,PRP-0759,AGT-0173,597900.0,2020-01-23,2020-04-28,Sold,329.0,Long family cell tree and even property.
LST-0844,PRP-1495,AGT-0061,288300.0,2020-04-26,2020-07-12,Sold,149.0,Page per tough establish. Democrat player lay sign occur dream.
LST-0845,PRP-2182,AGT-0167,311700.0,2021-05-27,2021-10-21,Expired,212.0,Sister six box style current.
LST-0846,PRP-3837,AGT-0105,2453100.0,2022-07-17,2022-08-25,Sold,340.0,Team trouble option only better manage. Life skill lay time purpose describe after.
LST-0847,PRP-2478,AGT-0090,2149500.0,2022-05-19,2022-09-19,Active,119.0,Maintain attorney direction instead.
LST-0848,PRP-1036,AGT-0264,1851300.0,2024-03-21,2024-07-26,Sold,182.0,Happen minute author nor eat campaign.
LST-0849,PRP-4137,AGT-0170,357600.0,2020-01-09,2020-03-15,Expired,356.0,Determine recently meet pattern.
LST-0850,PRP-2530,AGT-0149,1383200.0,2022-02-18,2022-06-24,Active,304.0,If tend thing address some bag send.
LST-0851,PRP-2030,AGT-0196,1871900.0,2021-08-09,2021-10-20,Expired,189.0,City education under newspaper score western PM. Recently decade hope whole within available.
LST-0852,PRP-2712,AGT-0045,1000800.0,2023-11-25,2024-04-18,Sold,270.0,Current their act develop market experience.
LST-0853,PRP-1327,AGT-0004,1095700.0,2021-11-28,2022-03-18,Expired,190.0,Among music shoulder likely performance.
LST-0854,PRP-4258,AGT-0279,1313300.0,2023-09-28,2023-11-06,Sold,268.0,Government group than operation ago.
LST-0855,PRP-4144,AGT-0003,2892000.0,2022-05-14,2022-10-16,Active,23.0,Hold store table stuff. Rule past car road order.
LST-0856,PRP-0284,AGT-0259,1826100.0,2022-12-02,2023-02-13,Sold,146.0,That successful president too lose fish.
LST-0857,PRP-2451,AGT-0151,1067700.0,2024-01-04,2024-06-17,Pending,91.0,Doctor talk red room treat current seven.
LST-0858,PRP-3684,AGT-0198,2828300.0,2021-05-11,2021-08-11,Active,98.0,Born yourself book no cover worker. Fund billion man behind sing.
LST-0859,PRP-2257,AGT-0177,377400.0,2020-05-14,2020-10-10,Sold,280.0,Popular fly could law poor.
LST-0860,PRP-2575,AGT-0248,1752900.0,2023-07-11,2023-11-01,Active,153.0,Financial author bring relate customer whether.
LST-0861,PRP-2827,AGT-0241,2164600.0,2024-02-02,2024-06-12,Expired,42.0,List society before which father art. Once maintain nature determine think commercial magazine.
LST-0862,PRP-1959,AGT-0273,2781400.0,2023-06-16,2023-10-23,Expired,,Book question figure go. Image shake door.
LST-0863,PRP-2519,AGT-0189,1090700.0,2020-05-01,2020-07-29,Sold,90.0,Agent Mr if.
LST-0864,PRP-2295,AGT-0153,681200.0,2023-04-09,2023-06-22,Sold,119.0,Country anyone career against. Civil those let stay energy.
LST-0865,PRP-1299,AGT-0195,2104400.0,2022-02-17,2022-04-04,Sold,345.0,May first yeah cut lot. From night down reveal suffer.
LST-0866,PRP-2753,AGT-0029,2543800.0,2022-09-12,2022-10-19,Expired,191.0,Thus ready quite thought follow assume. Difficult himself father product fill between call.
LST-0867,PRP-0091,AGT-0148,2064800.0,2023-09-21,2023-11-19,Active,,Agree majority present truth.
LST-0868,PRP-3939,AGT-0096,1047300.0,2023-03-10,2023-04-24,Sold,,Grow box reduce who like minute interest actually.
LST-0869,PRP-2199,AGT-0115,128900.0,2023-10-16,2024-04-13,Sold,172.0,Lead officer pattern economy. Company edge admit enter I.
LST-0870,PRP-3841,AGT-0232,1232700.0,2022-10-29,2022-10-13,Sold,316.0,Budget goal believe. Give later girl determine away industry plan.
LST-0871,PRP-2201,AGT-0118,1717400.0,2021-06-05,2021-08-25,Expired,320.0,Group course into risk. Scene nice break ago decision again tell practice.
LST-0872,PRP-2661,AGT-0205,55900.0,2022-07-26,2022-11-16,Withdrawn,191.0,Leave arm film image which forward them eye.
LST-0873,PRP-0775,AGT-0095,1267700.0,2024-04-30,2024-09-25,Withdrawn,151.0,Music may this culture make attack sometimes.
LST-0874,PRP-1185,AGT-0050,1938300.0,2022-01-28,2022-04-21,Withdrawn,27.0,Film begin small.
LST-0875,PRP-1668,AGT-0053,898300.0,2021-01-16,2021-06-13,Expired,131.0,Newspaper only imagine require expect. Argue sit material system.
LST-0876,PRP-2424,AGT-0015,1398600.0,2020-02-03,2020-03-16,Sold,169.0,Catch between share discover window.
LST-0877,PRP-1735,AGT-0105,1615200.0,2023-06-14,2023-08-25,Sold,44.0,Thing main sure central go state medical garden.
LST-0878,PRP-0549,AGT-0246,2422300.0,2020-11-13,2021-02-15,Sold,268.0,Film decide commercial popular outside when space.
LST-0879,PRP-3872,AGT-0227,1052300.0,2020-03-28,2020-05-03,Sold,24.0,Down success director all travel reason. Author society spring young likely.
LST-0880,PRP-3108,AGT-0218,288500.0,2021-06-25,2021-11-09,Sold,360.0,Eat number notice real able.
LST-0881,PRP-1724,AGT-0004,230600.0,2020-10-13,2021-02-06,Active,262.0,But certain question laugh.
LST-0882,PRP-0682,AGT-0248,2250100.0,2024-03-14,2024-08-14,Withdrawn,94.0,Choose spring really moment wind.
LST-0883,PRP-0301,AGT-0035,376300.0,2022-03-27,2022-05-15,Sold,67.0,Somebody question yet say air play catch. Suggest boy senior modern body agency.
LST-0884,PRP-1744,AGT-0292,2228200.0,2020-08-25,2021-01-03,Withdrawn,,Travel reality listen poor front throw drug hotel. Like under room certainly kind free writer.
LST-0885,PRP-0976,AGT-0225,369200.0,2021-10-11,2022-02-10,Sold,23.0,Teach method professor affect. Region development own keep scientist.
LST-0886,PRP-3180,AGT-0062,1860700.0,2021-06-14,2021-11-19,Sold,,Never apply well movement owner.
LST-0887,PRP-0557,AGT-0021,2095700.0,2022-12-08,2023-06-01,Sold,44.0,Writer mission of much travel federal forget capital.
LST-0888,PRP-2973,AGT-0113,1635600.0,2024-06-26,2024-11-08,Expired,38.0,Point many act agency upon true. Same despite hit civil.
LST-0889,PRP-1587,AGT-0219,983900.0,2022-02-05,2022-05-27,Expired,222.0,Voice attention thing call likely. During necessary do.
LST-0890,PRP-2114,AGT-0117,1112200.0,2020-06-20,2020-09-17,Sold,,Week produce whose pretty old.
LST-0891,PRP-2978,AGT-0151,2922700.0,2023-05-14,2023-07-04,Sold,335.0,Republican late interest mind majority operation.
LST-0892,PRP-2336,AGT-0061,1100800.0,2020-05-28,2020-10-02,Expired,,Over away trial my.
LST-0893,PRP-1404,AGT-0182,2635300.0,2024-04-26,2024-06-04,Expired,153.0,Action serious send expert magazine. Thing time beat.
LST-0894,PRP-3253,AGT-0034,1715300.0,2023-03-30,2023-09-18,Sold,167.0,Low environment fact third. Someone show partner.
LST-0895,PRP-0585,AGT-0101,1042800.0,2021-07-25,2022-01-08,Sold,311.0,Moment dark three eat.
LST-0896,PRP-2804,AGT-0123,153800.0,2022-11-17,2023-03-09,Sold,266.0,Agency former know character understand.
LST-0897,PRP-0848,AGT-0241,2409100.0,2020-03-09,2020-07-20,Active,315.0,Coach trip stand owner business mouth half.
LST-0898,PRP-2730,AGT-0125,1553900.0,2022-05-22,2022-09-17,Pending,317.0,Community reflect big minute center develop. Up degree enough quickly man control.
LST-0899,PRP-4474,AGT-0274,1661800.0,2020-02-20,2020-05-16,Withdrawn,318.0,Rock one operation wear cut.
LST-0900,PRP-0945,AGT-0176,1526200.0,2020-03-15,2020-04-23,Active,249.0,History should simple important.
LST-0901,PRP-0990,AGT-0021,1218700.0,2020-04-06,2020-06-25,Sold,363.0,Federal decision economy trade suggest.
LST-0902,PRP-3302,AGT-0037,1478800.0,2022-03-09,2022-04-12,Withdrawn,238.0,Pretty western morning hope audience different.
LST-0903,PRP-1410,AGT-0096,1110900.0,2024-03-31,2024-08-24,Active,12.0,Six college hope material politics its science. Smile crime full.
LST-0904,PRP-2109,AGT-0140,1903800.0,2021-05-19,2021-09-03,Withdrawn,84.0,Age bit mention impact. Food also into live card baby.
LST-0905,PRP-3416,AGT-0153,1762600.0,2023-01-23,2023-04-22,Pending,33.0,So animal actually land group. Of whatever sense give ball deal direction.
LST-0906,PRP-4715,AGT-0091,1144600.0,2022-01-14,2022-06-16,Active,335.0,Less tax strong herself collection.
LST-0907,PRP-3284,AGT-0059,1841500.0,2021-10-09,2022-01-02,Active,158.0,His pull land top into consider west. When world management similar loss.
LST-0908,PRP-0665,AGT-0102,2789800.0,2021-09-02,2021-11-18,Active,362.0,Education give southern how.
LST-0909,PRP-3704,AGT-0241,1242300.0,2020-08-15,2020-09-22,Active,30.0,Give be walk visit. Beautiful produce investment wife.
LST-0910,PRP-0833,AGT-0027,1609300.0,2021-10-04,2022-02-03,Active,317.0,Team lawyer new picture if election nature sign.
LST-0911,PRP-2738,AGT-0055,1547800.0,2021-12-19,2022-02-14,Active,149.0,Loss try despite current door fund.
LST-0912,PRP-3389,AGT-0213,2027000.0,2022-10-09,2022-09-10,Active,256.0,Personal less hit product.
LST-0913,PRP-3398,AGT-0294,1050700.0,2020-05-17,2020-11-05,Sold,249.0,Cut put board trial direction sea.
LST-0914,PRP-4672,AGT-0255,2052400.0,2020-11-12,2020-12-19,Expired,20.0,Ready paper model suggest bank.
LST-0915,PRP-1049,AGT-0232,2402800.0,2021-10-09,2022-01-05,Sold,179.0,Administration too available ok.
LST-0916,PRP-4869,AGT-0203,2479200.0,2022-03-25,2022-07-13,Active,,We discover individual floor quality lawyer shoulder. Until less business free mother.
LST-0917,PRP-4559,AGT-0061,2157700.0,2022-11-12,2023-02-09,Expired,275.0,What set should medical field about book stock.
LST-0918,PRP-2820,AGT-0116,577400.0,2021-01-17,2021-06-19,Sold,,Before enough project long. Loss her skin pass home young.
LST-0919,PRP-3471,AGT-0209,191400.0,2020-11-08,2021-03-25,Active,201.0,Cut might lay daughter animal keep.
LST-0920,PRP-1137,AGT-0021,1060300.0,2021-12-08,2022-04-19,Active,,Just agent cover always kitchen. Population east official enough establish.
LST-0921,PRP-0907,AGT-0240,734300.0,2020-11-29,2021-01-12,Withdrawn,350.0,Clearly so hard staff.
LST-0922,PRP-2972,AGT-0042,606800.0,2023-09-20,2024-03-14,Sold,67.0,Need compare send arm participant range former. Author a peace law store future.
LST-0923,PRP-0605,AGT-0294,316500.0,2023-12-09,2024-01-22,Sold,314.0,Thank argue experience government natural analysis why. Skin million worker learn.
LST-0924,PRP-4775,AGT-0277,908500.0,2022-08-08,2022-09-14,Expired,,Between yes build cultural industry.
LST-0925,PRP-4074,AGT-0069,2140200.0,2020-12-25,2021-03-08,Sold,301.0,Across customer billion create.
LST-0926,PRP-3192,AGT-0273,370900.0,2023-05-03,2023-08-09,Sold,176.0,Window against southern force throw meeting impact.
LST-0927,PRP-0718,AGT-0279,420500.0,2024-02-24,2024-04-13,Sold,254.0,Beat where cell name specific. End just home ahead growth often eat production.
LST-0928,PRP-4295,AGT-0253,1239900.0,2023-02-13,2023-04-30,Expired,352.0,Cup follow indeed much through cultural paper.
LST-0929,PRP-0774,AGT-0220,1813900.0,2020-11-03,2021-03-17,Sold,5.0,Heart recognize both get letter share.
LST-0930,PRP-4686,AGT-0215,1566100.0,2023-06-27,2023-08-16,Active,324.0,Between practice type leg here. Population include light teach his really reduce.
LST-0931,PRP-4490,AGT-0288,1843200.0,2021-02-20,2021-07-20,Sold,244.0,Rock party him minute allow wall follow read. Job central visit take design read.
LST-0932,PRP-2086,AGT-0057,358700.0,2020-11-10,2020-12-10,Expired,224.0,Moment need stand see yourself. Agency anything until power measure son catch.
LST-0933,PRP-4988,AGT-0157,165000.0,2020-10-11,2021-02-21,Sold,362.0,Buy above chair this hand. Focus stuff follow live need.
LST-0934,PRP-1104,AGT-0035,2072900.0,2024-04-28,2024-06-01,Sold,310.0,Development care task risk language well professor.
LST-0935,PRP-3270,AGT-0105,2488200.0,2024-06-22,2024-11-25,Active,281.0,Kind will administration report. Along certainly young us ball prove role.
LST-0936,PRP-1168,AGT-0005,1397600.0,2020-10-14,2021-02-25,Expired,282.0,The will behind weight. Remain article someone treatment reflect skin possible.
LST-0937,PRP-1996,AGT-0089,1556300.0,2021-06-27,2021-11-02,Active,340.0,Right each save issue really. Hundred future eight weight answer.
LST-0938,PRP-3635,AGT-0298,631700.0,2023-05-13,2023-07-14,Active,331.0,Degree attorney show against rule the college. Hour west major protect.
LST-0939,PRP-2903,AGT-0206,1409400.0,2023-09-15,2024-01-31,Sold,165.0,Peace surface your notice. Drug worry trade administration Republican much each.
LST-0940,PRP-0288,AGT-0253,2337000.0,2023-06-16,2023-07-19,Sold,16.0,One economic cause sit them cause.
LST-0941,PRP-1471,AGT-0263,2932800.0,2024-03-07,2024-05-29,Sold,269.0,Road wrong score within will standard opportunity than.
LST-0942,PRP-3763,AGT-0102,342200.0,2024-03-23,2024-07-23,Expired,311.0,Capital history data maybe physical. Company month your act.
LST-0943,PRP-2896,AGT-0069,1473100.0,2020-07-19,2021-01-01,Sold,321.0,Area simple send role improve person within.
LST-0944,PRP-3401,AGT-0282,1892600.0,2020-10-11,2021-02-09,Expired,298.0,Experience leader early tell.
LST-0945,PRP-1958,AGT-0148,1645500.0,2023-09-14,2024-02-08,Active,99.0,Civil open cut before. Either young evidence president on kid star read.
LST-0946,PRP-0030,AGT-0201,1567300.0,2021-07-24,2021-12-25,Sold,324.0,Drop morning game offer. Girl which significant him.
LST-0947,PRP-2836,AGT-0201,498500.0,2022-01-01,2022-06-05,Expired,80.0,Center term service late unit.
LST-0948,PRP-4270,AGT-0168,894500.0,2022-07-11,2022-11-07,Active,66.0,Administration draw dream up fine trial page reflect.
LST-0949,PRP-4361,AGT-0007,132000.0,2024-02-07,2024-07-11,Active,104.0,Develop throw night stuff various. Spend interest always party.
LST-0950,PRP-0294,AGT-0068,610800.0,2022-02-05,2022-05-01,Expired,,Yourself audience final skill.
LST-0951,PRP-1316,AGT-0031,931800.0,2021-10-25,2021-12-13,Expired,160.0,Player federal over space east. Share hold up.
LST-0952,PRP-1639,AGT-0183,985700.0,2020-06-24,2020-09-05,Active,226.0,Attack theory data impact scene high son himself. Ask born treat success line young.
LST-0953,PRP-0464,AGT-0118,2384700.0,2020-03-27,2020-08-28,Sold,294.0,Deep support word much. Many loss then TV policy nature.
LST-0954,PRP-4201,AGT-0240,2803000.0,2022-10-20,2023-03-30,Expired,365.0,Organization main area know stay federal you. Mr yet road member.
LST-0955,PRP-0574,AGT-0246,2263400.0,2024-03-28,2024-09-02,Sold,76.0,However turn measure this.
LST-0956,PRP-2152,AGT-0066,756900.0,2022-05-22,2022-10-03,Withdrawn,254.0,Office sign sea each research card play.
LST-0957,PRP-3758,AGT-0098,2816400.0,2020-12-04,2020-11-25,Sold,81.0,Improve maybe while difference grow step.
LST-0958,PRP-4435,AGT-0189,1362500.0,2023-08-09,2023-10-27,Sold,183.0,First home thing perform walk series reflect. Hear practice up.
LST-0959,PRP-2200,AGT-0051,1478000.0,2021-09-02,2021-12-08,Pending,325.0,Budget spend throughout phone voice use.
LST-0960,PRP-1553,AGT-0159,552500.0,2024-03-24,2024-05-13,Sold,220.0,Able age together responsibility. About person someone second college even.
LST-0961,PRP-2901,AGT-0052,2397100.0,2023-10-19,2024-03-19,Sold,169.0,Last individual lay song. Guess each several.
LST-0962,PRP-0419,AGT-0030,1550200.0,2020-10-28,2020-12-11,Sold,159.0,Bad successful room dog many. Edge leg executive practice.
LST-0963,PRP-1388,AGT-0074,454700.0,2022-01-16,2022-02-26,Sold,17.0,Benefit tax remain pass think senior investment for. Mouth interest statement her treatment body how.
LST-0964,PRP-1369,AGT-0013,612700.0,2024-03-11,2024-06-29,Pending,248.0,Poor product memory too.
LST-0965,PRP-2030,AGT-0215,2470600.0,2022-08-27,2022-11-05,Sold,128.0,Low stock particularly black their management issue. Reality green mind case training.
LST-0966,PRP-3058,AGT-0015,774300.0,2020-05-21,2020-07-31,Sold,64.0,Civil Democrat find yeah their also whole.
LST-0967,PRP-3261,AGT-0015,1433900.0,2020-09-17,2020-11-13,Sold,172.0,Always president simple offer. Perhaps face prove off natural my myself.
LST-0968,PRP-3097,AGT-0215,314900.0,2023-10-05,2023-11-21,Withdrawn,247.0,End manager a one kitchen. Security practice senior audience attack brother character.
LST-0969,PRP-0251,AGT-0221,2066100.0,2021-08-02,2021-11-02,Sold,278.0,Understand move reveal movement minute responsibility beat.
LST-0970,PRP-1253,AGT-0032,2209800.0,2020-08-12,2021-01-01,Withdrawn,,Institution I meet environmental thought civil.
LST-0971,PRP-1261,AGT-0091,1199200.0,2022-04-17,2022-09-18,Active,33.0,Turn morning special expert win.
LST-0972,PRP-3104,AGT-0101,1145200.0,2021-02-06,2021-03-11,Active,,Before nothing serve first. Risk type learn attack which bar sister far.
LST-0973,PRP-4501,AGT-0230,1930600.0,2024-04-22,2024-07-28,Pending,168.0,Practice author usually history business.
LST-0974,PRP-2349,AGT-0032,197100.0,2020-11-07,2020-12-07,Withdrawn,156.0,Reach politics trial must. Available stock character study money.
LST-0975,PRP-4448,AGT-0021,421400.0,2022-07-23,2022-12-03,Sold,80.0,Space feeling on trip hotel board writer. Campaign artist vote mention theory audience theory.
LST-0976,PRP-4033,AGT-0165,1068500.0,2023-09-23,2023-11-08,Sold,130.0,Political interesting almost there.
LST-0977,PRP-3929,AGT-0262,1772900.0,2021-10-07,2022-03-18,Sold,303.0,Share season research what get rich care. Year sit cell end.
LST-0978,PRP-0166,AGT-0125,1566900.0,2020-11-09,2020-12-21,Sold,28.0,Perform away suddenly wait it several specific.
LST-0979,PRP-0887,AGT-0161,639900.0,2022-02-09,2022-07-07,Active,194.0,Class especially section somebody firm over manager. Hand board who despite trip goal official.
LST-0980,PRP-4643,AGT-0145,987100.0,2020-10-06,2021-01-07,Sold,266.0,Eight skin cost win nature.
LST-0981,PRP-0070,AGT-0126,2341200.0,2023-02-20,2023-06-07,Active,132.0,Major however education seat she it though.
LST-0982,PRP-0739,AGT-0073,1301700.0,2021-05-14,2021-08-11,Expired,199.0,Seek pick consider position. Image allow carry light number ground plan.
LST-0983,PRP-1955,AGT-0174,2094900.0,2024-04-22,2024-08-22,Expired,110.0,Food everything could material.
LST-0984,PRP-2766,AGT-0102,1997200.0,2020-08-03,2021-01-07,Withdrawn,151.0,Billion rate staff item. Expect religious every entire physical consumer material find.
LST-0985,PRP-3626,AGT-0256,2138500.0,2020-03-05,2020-06-08,Active,317.0,Hope onto move treat fine bit expect. Teacher purpose response however thousand decide not technology.
LST-0986,PRP-4840,AGT-0277,602100.0,2022-01-05,2022-02-13,Active,192.0,Find even box well.
LST-0987,PRP-0271,AGT-0158,1257100.0,2022-06-18,2022-09-08,Pending,,Rather many step offer until event performance. Hotel enjoy theory throw lawyer stand base meet.
LST-0988,PRP-0927,AGT-0187,481900.0,2021-06-26,2021-08-28,Sold,329.0,Try edge ahead support.
LST-0989,PRP-4041,AGT-0072,2770200.0,2023-01-25,2023-07-20,Expired,315.0,Career our successful care leg only.
LST-0990,PRP-0719,AGT-0233,326800.0,2023-07-08,2023-06-15,Sold,27.0,Receive arrive size Congress member. Front well quickly can itself.
LST-0991,PRP-3040,AGT-0178,2524000.0,2022-01-07,2022-03-18,Expired,5.0,Baby wonder election north police particular generation clear. Remember order beyond song government skill teach.
LST-0992,PRP-1086,AGT-0270,937900.0,2020-08-25,2020-07-30,Expired,323.0,Remain indeed word sense.
LST-0993,PRP-0388,AGT-0212,546400.0,2020-09-16,2021-01-16,Sold,360.0,While sort above cell none present agent. Say positive discussion hospital else sign.
LST-0994,PRP-1484,AGT-0264,2474300.0,2023-07-20,2023-12-17,Active,193.0,Chair myself claim be produce second. Near understand still improve but rule image.
LST-0995,PRP-1959,AGT-0295,565600.0,2022-07-14,2022-09-02,Sold,292.0,Traditional hear yes another manage same much. Reveal suddenly which through indeed medical use.
LST-0996,PRP-3893,AGT-0259,1115200.0,2022-08-03,2023-01-28,Withdrawn,171.0,Clear million career left design.
LST-0997,PRP-1643,AGT-0107,1284300.0,2020-08-26,2020-12-28,Withdrawn,336.0,Fast theory space collection loss page political. Country name next civil catch.
LST-0998,PRP-3830,AGT-0103,1470000.0,2023-04-29,2023-06-30,Sold,,Sit evening really foreign arm former account. Point Democrat into fear answer particularly plan.
LST-0999,PRP-3338,AGT-0209,1722600.0,2020-03-10,2020-05-03,Sold,86.0,Technology letter course establish lot place voice. Mr fast heavy myself.
LST-1000,PRP-3068,AGT-0271,1082900.0,2022-08-03,2022-10-25,Sold,286.0,Century successful modern PM look. Nature central stop.
LST-1001,PRP-4295,AGT-0165,2302000.0,2020-01-10,2020-03-26,Sold,131.0,Not argue data notice. Leader worry place society easy himself single.
LST-1002,PRP-1565,AGT-0012,1997500.0,2020-08-02,2020-11-04,Withdrawn,98.0,Method sure game ok pull improve.
LST-1003,PRP-3974,AGT-0122,1566300.0,2020-03-15,2020-05-07,Sold,169.0,Decide put through seek. Test road partner speak.
LST-1004,PRP-4412,AGT-0121,1632800.0,2021-04-19,2021-09-13,Expired,88.0,Public later project scientist year thousand. Help east middle tonight share town.
LST-1005,PRP-4336,AGT-0136,2376800.0,2023-01-29,2023-07-27,Sold,45.0,Land yes usually this.
LST-1006,PRP-2024,AGT-0274,750200.0,2023-08-10,2023-07-28,Withdrawn,259.0,Material magazine almost sport within often media. Late just player defense.
LST-1007,PRP-3366,AGT-0087,2323300.0,2021-01-05,2021-05-25,Sold,198.0,Public result else institution. Hit each season because very.
LST-1008,PRP-0920,AGT-0131,1332800.0,2021-11-30,2022-05-10,Sold,135.0,Author authority rule suggest technology safe.
LST-1009,PRP-4811,AGT-0182,336700.0,2022-12-28,2023-03-29,Active,360.0,Young play quality country professional employee building.
LST-1010,PRP-1860,AGT-0103,1368400.0,2021-05-10,2021-07-02,Withdrawn,161.0,Sport when popular TV pull. Brother former wait mean.
LST-1011,PRP-0545,AGT-0200,54800.0,2022-10-05,2022-12-29,Sold,243.0,Congress defense food.
LST-1012,PRP-4919,AGT-0151,759900.0,2022-09-16,2023-01-11,Sold,251.0,Project score national notice.
LST-1013,PRP-2794,AGT-0296,2166800.0,2021-10-24,2022-01-18,Sold,362.0,Choose under child well. Result time sea foot rest listen different.
LST-1014,PRP-3450,AGT-0072,2488600.0,2024-04-25,2024-07-27,Active,304.0,Approach floor certainly thing mind billion recently. Fill guess create raise street explain according.
LST-1015,PRP-4405,AGT-0122,305300.0,2023-03-19,2023-05-19,Sold,,It hundred instead beyond fly. Across over wife hair citizen late line plan.
LST-1016,PRP-4402,AGT-0262,1841600.0,2022-10-05,2022-12-08,Sold,,Candidate chance control reveal executive small. Blue feeling indicate price couple laugh during.
LST-1017,PRP-0988,AGT-0033,1496500.0,2020-07-09,2020-09-30,Withdrawn,,Rise picture relate land president piece. Between mind very.
LST-1018,PRP-0026,AGT-0206,885600.0,2021-06-17,2021-07-20,Sold,197.0,Son their interview history our second course.
LST-1019,PRP-0097,AGT-0160,727500.0,2022-03-19,2022-04-25,Withdrawn,306.0,Age whether certainly total treat apply. Provide him red these short.
LST-1020,PRP-3956,AGT-0224,1812700.0,2023-01-18,2023-07-03,Sold,120.0,Company rather seven by arrive wife. Month audience pick fact subject lead art.
LST-1021,PRP-1705,AGT-0282,320800.0,2022-09-11,2023-02-10,Sold,3.0,Poor cost art I along watch.
LST-1022,PRP-0108,AGT-0223,93600.0,2021-12-20,2022-03-06,Sold,186.0,Area reality official from thank certain. Lay across important know.
LST-1023,PRP-2174,AGT-0163,1219800.0,2021-12-17,2022-03-12,Sold,267.0,Audience official customer religious attack dark protect.
LST-1024,PRP-1489,AGT-0177,568200.0,2020-08-30,2021-01-18,Active,235.0,West even thank truth these yeah until. Bank task behind draw future other.
LST-1025,PRP-0557,AGT-0283,1239700.0,2023-05-17,2023-06-27,Active,288.0,Leader let nearly stock both right. Purpose rich talk herself southern.
LST-1026,PRP-1803,AGT-0033,1990200.0,2021-12-25,2022-04-30,Active,172.0,Already hotel several around sure face attorney.
LST-1027,PRP-2296,AGT-0258,1605500.0,2023-02-14,2023-06-16,Expired,337.0,Question because sea thing everything million enjoy. Appear this pull official character produce.
LST-1028,PRP-2162,AGT-0161,2719700.0,2020-10-19,2021-01-30,Sold,341.0,Time show chair ahead say cold.
LST-1029,PRP-3779,AGT-0132,1890800.0,2022-01-21,2022-06-21,Sold,350.0,South above walk authority several magazine section amount. Its traditional Mrs type hold general perhaps.
LST-1030,PRP-0538,AGT-0038,457200.0,2023-10-23,2023-12-12,Pending,310.0,Kitchen hold leader agent their. Loss per other father.
LST-1031,PRP-4539,AGT-0006,2176400.0,2024-05-01,2024-10-28,Sold,295.0,Pay kind five a threat. Nearly person defense.
LST-1032,PRP-0696,AGT-0095,1562100.0,2022-05-06,2022-07-04,Sold,2.0,Toward fall work. Truth go bar player quality might throw.
LST-1033,PRP-1796,AGT-0235,1644200.0,2022-12-03,2023-03-25,Active,353.0,Appear city strategy father media ask heavy.
LST-1034,PRP-1766,AGT-0186,1852400.0,2020-02-15,2020-08-13,Sold,202.0,Last general last house since.
LST-1035,PRP-2928,AGT-0199,855200.0,2022-11-17,2023-02-18,Withdrawn,321.0,Teacher adult be who market would skill.
LST-1036,PRP-4954,AGT-0082,2108600.0,2023-12-29,2024-04-16,Sold,152.0,Trouble major hard field stop page support.
LST-1037,PRP-0191,AGT-0108,278400.0,2020-12-29,2021-03-20,Active,60.0,Bar opportunity effort. Leg partner machine pattern him early.
LST-1038,PRP-2068,AGT-0107,1460000.0,2023-11-19,2024-04-17,Sold,273.0,Over five test air.
LST-1039,PRP-0644,AGT-0256,710200.0,2020-10-14,2020-12-14,Active,97.0,Travel indicate apply south body anyone soon. House describe clear check whose into.
LST-1040,PRP-4365,AGT-0245,1703100.0,2022-12-22,2023-04-24,Expired,188.0,Drive reduce name fire father player.
LST-1041,PRP-3807,AGT-0127,1678300.0,2020-04-28,2020-06-28,Sold,71.0,Everything policy just service. Student never picture old sea produce bed thousand.
LST-1042,PRP-3239,AGT-0176,791300.0,2022-06-13,2022-10-08,Sold,341.0,You partner current low. Happen of then over.
LST-1043,PRP-2742,AGT-0141,1412000.0,2022-09-01,2023-02-19,Active,29.0,Will focus here agent talk beat. From various human behind get trial.
LST-1044,PRP-4994,AGT-0002,1422900.0,2021-03-14,2021-02-25,Withdrawn,,Hair need soon name argue when.
LST-1045,PRP-2564,AGT-0038,658500.0,2023-10-02,2023-11-30,Sold,,Hundred ahead interest range seven lose.
LST-1046,PRP-3969,AGT-0086,1791500.0,2024-02-23,2024-05-06,Sold,342.0,Could job always some.
LST-1047,PRP-0262,AGT-0296,408700.0,2021-07-12,2022-01-06,Active,38.0,Alone agency safe wish result owner doctor.
LST-1048,PRP-0041,AGT-0224,2012300.0,2020-08-08,2020-10-23,Pending,139.0,Sing take instead reduce. Add quickly rise matter.
LST-1049,PRP-0947,AGT-0136,2401400.0,2022-03-15,2022-05-09,Sold,89.0,Collection then office specific cup according produce. Those it before myself all stay contain force.
LST-1050,PRP-1783,AGT-0188,2724200.0,2023-11-09,2024-03-05,Sold,260.0,Threat all party form last ball town. Act produce goal foreign.
LST-1051,PRP-1512,AGT-0133,2528300.0,2021-07-20,2021-11-21,Sold,112.0,Present board myself. Often traditional arm foot cost paper enjoy.
LST-1052,PRP-4220,AGT-0048,2270400.0,2022-09-21,2023-01-25,Sold,172.0,Great professional they dark.
LST-1053,PRP-3167,AGT-0122,2377900.0,2022-07-21,2023-01-07,Sold,256.0,Participant rather decision population base.
LST-1054,PRP-0639,AGT-0100,634600.0,2020-11-02,2021-04-15,Expired,16.0,Current account former price tree.
LST-1055,PRP-3037,AGT-0225,2188100.0,2023-08-02,2023-12-19,Sold,,Design pick draw.
LST-1056,PRP-4603,AGT-0174,1080200.0,2020-02-13,2020-04-15,Active,180.0,Throw safe address effort power recently way.
LST-1057,PRP-4297,AGT-0003,906200.0,2021-03-15,2021-08-30,Expired,350.0,Market pressure discover painting return.
LST-1058,PRP-0818,AGT-0174,625500.0,2024-02-28,2024-07-20,Sold,38.0,Stuff style know policy.
LST-1059,PRP-0324,AGT-0278,2222800.0,2022-07-30,2022-09-21,Expired,108.0,Southern structure maintain. Lose figure deal until face practice.
LST-1060,PRP-4077,AGT-0046,1852100.0,2021-03-05,2021-05-09,Active,258.0,Question least father lay sit quickly.
LST-1061,PRP-0211,AGT-0284,486600.0,2024-04-04,2024-08-03,Sold,197.0,Current score human. Daughter defense relationship for.
LST-1062,PRP-4976,AGT-0161,1206600.0,2023-03-17,2023-08-21,Sold,93.0,Fine determine whatever. Best walk someone house son road.
LST-1063,PRP-2715,AGT-0042,2267500.0,2022-09-02,2022-12-06,Expired,8.0,Senior style wonder government try personal dog. Goal such actually environment.
LST-1064,PRP-0069,AGT-0028,2287300.0,2021-09-17,2022-01-27,Sold,,Six about key door under husband.
LST-1065,PRP-2703,AGT-0127,2821200.0,2024-06-02,2024-06-01,Sold,33.0,Candidate then career military ago continue few add. Respond form suggest attorney single notice painting summer.
LST-1066,PRP-0768,AGT-0021,2833400.0,2020-07-26,2020-11-09,Expired,134.0,Offer so include.
LST-1067,PRP-0814,AGT-0223,2391200.0,2021-03-18,2021-09-08,Active,311.0,Take newspaper try place ever science paper. Process serve kid decision threat develop throughout.
LST-1068,PRP-3900,AGT-0208,2357800.0,2023-11-25,2024-05-18,Expired,178.0,Factor community coach deep factor data campaign.
LST-1069,PRP-1759,AGT-0071,2656500.0,2020-02-21,2020-05-07,Withdrawn,17.0,Share this position eye try.
LST-1070,PRP-2010,AGT-0289,653500.0,2021-08-26,2022-01-26,Sold,107.0,Heart couple sell other radio ok. Make consumer college show green anyone stuff.
LST-1071,PRP-3653,AGT-0239,1906800.0,2021-04-21,2021-06-16,Active,111.0,Ground order base would according relationship.
LST-1072,PRP-3273,AGT-0003,2929400.0,2024-02-23,2024-08-10,Active,175.0,Enter money example discuss.
LST-1073,PRP-0689,AGT-0075,1317100.0,2021-10-09,2021-12-02,Sold,,Go window past.
LST-1074,PRP-1342,AGT-0289,2300700.0,2023-05-12,2023-07-30,Withdrawn,250.0,Including add save write majority share us.
LST-1075,PRP-4102,AGT-0058,643900.0,2020-05-28,2020-10-27,Active,318.0,Case prevent parent tough magazine side.
LST-1076,PRP-3965,AGT-0217,1353600.0,2024-01-03,2024-04-23,Expired,303.0,Become we behind chair account will gun. Pattern financial somebody eat structure ahead.
LST-1077,PRP-2016,AGT-0105,1899600.0,2022-03-23,2022-09-05,Expired,2.0,Month likely night class partner drive sit result.
LST-1078,PRP-0829,AGT-0207,1220500.0,2022-08-19,2022-10-14,Sold,,Method only thought send. Though activity Mr physical shake tax media.
LST-1079,PRP-3508,AGT-0164,2212200.0,2023-02-04,2023-07-02,Sold,330.0,Maybe consumer nation friend attorney. Any expert before.
LST-1080,PRP-4210,AGT-0275,2828100.0,2023-11-22,2024-01-23,Sold,65.0,Threat record remember technology happy note if.
LST-1081,PRP-2450,AGT-0040,563900.0,2020-06-10,2020-10-10,Sold,128.0,Still could structure use military address party. Risk nature test.
LST-1082,PRP-3272,AGT-0032,1586500.0,2023-08-19,2024-01-10,Expired,267.0,Evidence smile property guy enter career song. Offer reason town necessary dinner physical.
LST-1083,PRP-0228,AGT-0228,1226900.0,2023-07-03,2023-10-23,Sold,107.0,Team central rate item contain investment.
LST-1084,PRP-4555,AGT-0005,2422900.0,2021-10-04,2022-04-02,Expired,169.0,Business program prevent campaign specific director. Surface wish car exactly read fast.
LST-1085,PRP-0988,AGT-0131,1840900.0,2023-06-09,2023-07-28,Sold,65.0,Level thousand often enter. Help last firm husband industry.
LST-1086,PRP-2024,AGT-0177,1830100.0,2021-07-24,2021-11-25,Active,265.0,Want marriage race instead receive. Above science raise history child.
LST-1087,PRP-3179,AGT-0073,2171500.0,2022-09-25,2022-12-21,Sold,62.0,True area rise treatment series blue investment. Meet through certain create water.
LST-1088,PRP-3055,AGT-0270,1536500.0,2023-02-14,2023-05-25,Expired,173.0,None southern total view artist my. Expect feeling player financial.
LST-1089,PRP-1102,AGT-0241,2866400.0,2020-09-15,2020-12-01,Sold,188.0,Available attention everyone respond white. In well interesting per economic news six build.
LST-1090,PRP-0725,AGT-0172,1392600.0,2022-05-29,2022-10-24,Active,364.0,Fine certain back in kitchen sure deep throw.
LST-1091,PRP-4559,AGT-0173,2128900.0,2024-01-22,2024-02-29,Pending,359.0,Lot involve law remain once range. However last line political morning free rich.
LST-1092,PRP-2917,AGT-0253,2177500.0,2023-05-19,2023-08-03,Sold,194.0,Show per loss capital.
LST-1093,PRP-1141,AGT-0086,372900.0,2023-08-31,2023-12-25,Sold,323.0,Morning kitchen up current. Picture stuff energy know remain should kind.
LST-1094,PRP-3558,AGT-0213,888200.0,2024-02-07,2024-04-23,Active,128.0,Strong section body indicate.
LST-1095,PRP-0394,AGT-0197,1583500.0,2022-02-11,2022-03-22,Expired,297.0,Develop final low hot animal window station way. Choice still ahead film yet write focus.
LST-1096,PRP-0631,AGT-0007,1682400.0,2022-10-22,2022-12-03,Expired,,Consider such become early sit evidence. Tv board can quality authority produce base college.
LST-1097,PRP-0607,AGT-0103,1638800.0,2022-05-05,2022-09-20,Sold,20.0,Challenge sure effort since save rate bring. Fill my challenge article money.
LST-1098,PRP-0334,AGT-0168,572100.0,2023-11-17,2024-02-16,Active,276.0,Tonight onto within give art economy simply growth. Sell perform small seven responsibility.
LST-1099,PRP-0991,AGT-0191,2452600.0,2024-06-29,2024-12-14,Active,,Executive exist military good technology. Kind information land positive.
LST-1100,PRP-3945,AGT-0170,2103200.0,2020-02-24,2020-08-04,Withdrawn,143.0,Over long factor discuss your.
LST-1101,PRP-3375,AGT-0199,860600.0,2024-03-18,2024-09-08,Sold,343.0,This poor doctor that fine consider executive.
LST-1102,PRP-3606,AGT-0139,1616700.0,2021-10-03,2022-02-13,Sold,,Onto research side several section when black. Along class fire perform.
LST-1103,PRP-4493,AGT-0240,730500.0,2022-08-23,2022-11-20,Expired,148.0,Agency city line building color also public eye.
LST-1104,PRP-4525,AGT-0235,1677000.0,2022-07-22,2022-10-04,Expired,145.0,Know alone tonight even.
LST-1105,PRP-2295,AGT-0018,1684100.0,2022-12-10,2023-01-14,Active,148.0,Color begin soldier spring peace majority.
LST-1106,PRP-2374,AGT-0238,2318200.0,2020-04-26,2020-09-20,Sold,159.0,Sport return generation present I suffer happy. Institution myself human write history.
LST-1107,PRP-4256,AGT-0170,875900.0,2024-05-31,2024-10-02,Active,15.0,Expect food offer. She increase week.
LST-1108,PRP-4141,AGT-0141,2310800.0,2022-09-04,2023-01-11,Active,280.0,Direction yes series process maintain finally. Next sound more when.
LST-1109,PRP-1205,AGT-0253,1247700.0,2020-07-29,2020-12-19,Sold,68.0,Special available receive trip. Do show course bring during brother.
LST-1110,PRP-0328,AGT-0261,2338500.0,2022-07-11,2022-10-10,Active,233.0,Seat join so floor lose they smile.
LST-1111,PRP-2078,AGT-0152,1153600.0,2022-01-05,2022-02-15,Pending,135.0,Seat note affect summer listen require adult.
LST-1112,PRP-1693,AGT-0250,460300.0,2020-10-12,2021-01-14,Sold,289.0,Difficult listen participant identify win.
LST-1113,PRP-4354,AGT-0050,2467900.0,2020-01-09,2020-04-17,Active,228.0,Claim leg keep. Either suggest our service reduce floor.
LST-1114,PRP-1074,AGT-0002,198400.0,2023-11-13,2024-02-02,Withdrawn,255.0,Such possible fact activity one child. Analysis exist newspaper.
LST-1115,PRP-0217,AGT-0041,345400.0,2023-06-28,2023-09-29,Pending,128.0,Writer exactly stage me produce blood.
LST-1116,PRP-4644,AGT-0080,1985700.0,2020-02-16,2020-04-24,Sold,,Father which during seven us.
LST-1117,PRP-0479,AGT-0139,1585000.0,2022-01-15,2022-03-06,Sold,346.0,Must Congress early produce gas hotel.
LST-1118,PRP-1757,AGT-0044,312600.0,2023-01-18,2023-06-04,Sold,54.0,Early she wrong himself beyond. Pay mention and surface decade really tree.
LST-1119,PRP-1220,AGT-0052,932600.0,2020-10-21,2021-03-24,Active,187.0,Democratic able wall place spring goal.
LST-1120,PRP-3038,AGT-0243,770300.0,2023-08-03,2023-12-03,Sold,363.0,Buy above enjoy investment level technology. Other loss six yes different certainly.
LST-1121,PRP-2099,AGT-0022,2095300.0,2024-06-10,2024-09-11,Active,160.0,Outside apply perform bring.
LST-1122,PRP-4631,AGT-0085,935900.0,2023-07-26,2023-09-19,Sold,10.0,Own bring high give age why while. Style evidence performance pass student detail his.
LST-1123,PRP-3254,AGT-0131,425900.0,2021-05-01,2021-04-05,Active,193.0,Own pick instead both party along.
LST-1124,PRP-2730,AGT-0004,2259000.0,2023-09-24,2024-02-19,Sold,,Risk turn seven raise decide piece coach.
LST-1125,PRP-1305,AGT-0032,238500.0,2021-09-11,2022-01-07,Sold,341.0,Deep first quickly word let also.
LST-1126,PRP-0208,AGT-0143,553500.0,2024-03-13,2024-06-11,Active,351.0,Senior first practice we. Study know animal pattern growth side social many.
LST-1127,PRP-3428,AGT-0256,1988600.0,2023-01-29,2023-07-05,Active,196.0,National sit likely couple act phone stage. Decision market ability always reflect defense pay.
LST-1128,PRP-2156,AGT-0240,204600.0,2021-10-06,2021-12-19,Sold,183.0,Nor yet government financial walk only sit. Husband talk police it assume.
LST-1129,PRP-4609,AGT-0039,1499700.0,2021-06-03,2021-05-19,Sold,,Account design baby result federal argue. Themselves must because sure audience.
LST-1130,PRP-4828,AGT-0038,417000.0,2021-06-22,2021-11-20,Pending,352.0,Sell really decide.
LST-1131,PRP-2175,AGT-0234,1935600.0,2024-01-28,2024-04-27,Withdrawn,251.0,Reach fly throughout fall contain.
LST-1132,PRP-4150,AGT-0172,925500.0,2024-01-24,2024-03-21,Withdrawn,2.0,Attention trip tree young kid minute. Third tell later agreement similar.
LST-1133,PRP-1782,AGT-0210,1902700.0,2023-05-20,2023-07-01,Withdrawn,226.0,Single local number wide.
LST-1134,PRP-3185,AGT-0001,1940400.0,2023-03-23,2023-08-26,Withdrawn,273.0,Great project discuss staff change purpose imagine step. Series into employee respond foreign.
LST-1135,PRP-0140,AGT-0148,1211700.0,2023-10-25,2024-03-28,Active,66.0,Election sort push. Attention us TV.
LST-1136,PRP-3233,AGT-0081,1237600.0,2022-07-11,2022-12-06,Active,237.0,Off bag second road door cost spring. Threat gun Republican step find.
LST-1137,PRP-4952,AGT-0271,1773400.0,2021-01-18,2021-05-04,Sold,122.0,Opportunity piece citizen choose idea old.
LST-1138,PRP-1213,AGT-0195,1504200.0,2023-01-22,2023-05-16,Sold,297.0,Shake develop scene to picture civil wind itself.
LST-1139,PRP-1878,AGT-0266,2469700.0,2021-06-13,2021-08-25,Sold,69.0,Need get better amount region difference. Allow dark run police support left position fight.
LST-1140,PRP-2762,AGT-0133,2393000.0,2023-10-25,2024-04-22,Expired,293.0,Meeting chance sense somebody adult.
LST-1141,PRP-4546,AGT-0146,1699600.0,2021-11-13,2022-01-12,Sold,263.0,Food mission hair trip for kitchen order detail. Environment policy human myself great career professional.
LST-1142,PRP-3473,AGT-0251,345200.0,2020-05-24,2020-06-24,Sold,238.0,Society only body service which store.
LST-1143,PRP-2344,AGT-0178,734700.0,2021-07-21,2021-11-19,Sold,70.0,Smile stand water sort imagine. Let claim address article.
LST-1144,PRP-2473,AGT-0252,2055700.0,2022-03-17,2022-05-22,Active,125.0,Peace start mean site listen home together. Benefit thus consumer.
LST-1145,PRP-0765,AGT-0261,1027900.0,2020-06-25,2020-10-15,Sold,166.0,Life response society behavior mother. National move system group off.
LST-1146,PRP-0311,AGT-0031,1627800.0,2020-01-08,2020-06-10,Sold,336.0,Face notice article while garden. Up lead check term current body.
LST-1147,PRP-2148,AGT-0072,418000.0,2020-02-09,2020-04-14,Sold,210.0,Conference tend all.
LST-1148,PRP-3436,AGT-0147,1833300.0,2022-09-29,2023-03-08,Sold,165.0,Service early picture feeling tax half do.
LST-1149,PRP-2606,AGT-0216,2335900.0,2021-11-26,2021-11-15,Expired,189.0,Sort benefit everyone.
LST-1150,PRP-4901,AGT-0184,1602100.0,2020-02-23,2020-02-10,Sold,195.0,Safe professor star indicate all throw director. Attorney movie good TV audience candidate third.
LST-1151,PRP-0697,AGT-0212,594300.0,2022-06-28,2022-12-03,Active,304.0,Husband employee throw nor she.
LST-1152,PRP-1415,AGT-0050,466800.0,2023-11-23,2024-05-08,Sold,264.0,Whom coach trip so.
LST-1153,PRP-1847,AGT-0230,2914800.0,2021-05-30,2021-07-29,Withdrawn,274.0,Good range teacher bag. Join own member kind.
LST-1154,PRP-1736,AGT-0049,508800.0,2022-06-10,2022-09-03,Expired,163.0,Suggest federal policy. Activity yeah contain.
LST-1155,PRP-0560,AGT-0005,2021800.0,2022-09-21,2022-11-29,Active,38.0,Away later management. Back rate sort population also outside concern suggest.
LST-1156,PRP-2015,AGT-0130,1566100.0,2022-07-09,2022-11-30,Active,,Thing red political machine less risk.
LST-1157,PRP-1517,AGT-0103,1726900.0,2023-10-26,2023-12-31,Expired,31.0,Information anything grow. Herself fly line officer smile teacher newspaper why.
LST-1158,PRP-3537,AGT-0006,440700.0,2022-10-27,2023-01-04,Sold,288.0,Rule foot me city.
LST-1159,PRP-1634,AGT-0246,2742000.0,2023-09-28,2023-11-10,Withdrawn,192.0,Relationship movie so body well raise range.
LST-1160,PRP-0036,AGT-0164,1480500.0,2023-07-16,2023-11-02,Sold,118.0,Audience part in Democrat address energy.
LST-1161,PRP-4383,AGT-0051,342500.0,2024-05-21,2024-10-06,Sold,8.0,Paper minute different fish and. Window personal player drug.
LST-1162,PRP-0529,AGT-0210,2092000.0,2023-09-23,2024-01-04,Pending,,Research break none raise herself everyone option truth.
LST-1163,PRP-3831,AGT-0108,472300.0,2024-03-11,2024-08-07,Sold,97.0,Care official first capital send party.
LST-1164,PRP-0896,AGT-0096,1969200.0,2022-06-09,2022-11-10,Sold,166.0,Arrive church art team organization couple. Small again anyone individual natural.
LST-1165,PRP-3711,AGT-0128,1394100.0,2024-05-03,2024-07-05,Sold,189.0,Fly size with.
LST-1166,PRP-1658,AGT-0204,1071100.0,2023-09-21,2023-12-25,Sold,49.0,Smile new deal of method statement.
LST-1167,PRP-3259,AGT-0194,2270300.0,2022-09-13,2022-08-27,Withdrawn,196.0,Tend style trade certain heavy with. Nearly both modern community share.
LST-1168,PRP-0407,AGT-0049,1442200.0,2022-02-28,2022-04-08,Withdrawn,303.0,Head task assume another.
LST-1169,PRP-1791,AGT-0069,1393500.0,2021-06-08,2021-05-16,Expired,24.0,Only hot common father situation program imagine poor. Shake admit after factor help authority grow.
LST-1170,PRP-2297,AGT-0264,837100.0,2020-03-25,2020-06-11,Withdrawn,319.0,To check table human type once ground.
LST-1171,PRP-1063,AGT-0298,1523100.0,2020-10-09,2021-01-12,Sold,67.0,Stage size fight production role economy. Suddenly any focus responsibility market.
LST-1172,PRP-2215,AGT-0108,848300.0,2022-08-01,2023-01-05,Pending,185.0,Chair argue past mission son idea until process.
LST-1173,PRP-0238,AGT-0067,2632500.0,2023-05-24,2023-04-30,Sold,49.0,Their suddenly just party seven parent. Add before always.
LST-1174,PRP-2297,AGT-0178,2176000.0,2023-06-05,2023-11-01,Expired,1.0,Boy hard too left son.
LST-1175,PRP-3977,AGT-0009,2894600.0,2021-12-29,2022-02-18,Expired,352.0,Worker improve happen son.
LST-1176,PRP-1391,AGT-0269,2071500.0,2023-06-17,2023-09-19,Expired,102.0,Either exactly wide green way late work fill.
LST-1177,PRP-2046,AGT-0271,2151500.0,2021-08-19,2022-02-07,Withdrawn,333.0,Officer something soldier perhaps performance once make. Wall race project television card until.
LST-1178,PRP-2920,AGT-0088,2856300.0,2023-01-04,2023-04-15,Expired,147.0,Market fast city. Ability court yes light.
LST-1179,PRP-4592,AGT-0278,1518400.0,2021-12-05,2021-11-24,Expired,91.0,Activity blood focus usually computer capital.
LST-1180,PRP-3415,AGT-0054,866400.0,2020-08-05,2020-10-17,Expired,121.0,Serve card town enough. Maintain defense of detail.
LST-1181,PRP-2678,AGT-0289,1544600.0,2020-06-01,2020-11-25,Withdrawn,294.0,Address low ready field issue.
LST-1182,PRP-2372,AGT-0179,1247300.0,2020-09-10,2020-08-24,Sold,17.0,During form power. Anything decade type woman east crime high along.
LST-1183,PRP-0226,AGT-0158,1409200.0,2024-02-05,2024-07-12,Sold,199.0,Challenge set quickly cut author study seven. Majority whose raise value me into.
LST-1184,PRP-0286,AGT-0153,699600.0,2021-03-14,2021-04-24,Sold,296.0,If water small remain. Mean country within provide.
LST-1185,PRP-4583,AGT-0203,1272800.0,2023-12-17,2024-06-07,Sold,246.0,Specific seven ever huge push executive. Far manage head forward serious I.
LST-1186,PRP-1061,AGT-0123,1398600.0,2024-06-07,2024-07-19,Sold,147.0,Your church participant official reduce. Throughout clear then according wide speak nor.
LST-1187,PRP-3499,AGT-0261,609600.0,2023-08-28,2024-01-29,Sold,130.0,Like agreement offer reach cost maintain position.
LST-1188,PRP-2273,AGT-0084,889500.0,2024-05-15,2024-07-23,Expired,69.0,Opportunity identify million west night stage join.
LST-1189,PRP-0979,AGT-0165,1756800.0,2023-07-26,2023-11-01,Sold,,Represent majority save executive.
LST-1190,PRP-4927,AGT-0252,803300.0,2023-06-13,2023-09-30,Sold,157.0,Board study growth experience way.
LST-1191,PRP-2261,AGT-0039,2106900.0,2024-04-22,2024-09-03,Sold,,Yes that month fall mouth democratic. Small bring white situation whether pattern hand.
LST-1192,PRP-3375,AGT-0218,1477000.0,2021-02-18,2021-05-24,Active,88.0,Property first up foot hospital. Sort blue rest.
LST-1193,PRP-0469,AGT-0221,2556900.0,2022-01-02,2022-05-16,Sold,55.0,Up base blue enter two he marriage area.
LST-1194,PRP-2632,AGT-0026,804100.0,2020-12-17,2021-05-28,Expired,315.0,It fly some attack concern argue.
LST-1195,PRP-1592,AGT-0101,2015600.0,2021-07-15,2021-10-06,Active,66.0,Institution between series effort. Of capital side crime.
LST-1196,PRP-3956,AGT-0191,589900.0,2021-10-08,2021-12-12,Sold,,Out building design.
LST-1197,PRP-1952,AGT-0064,1314600.0,2021-03-29,2021-07-28,Sold,,Quickly continue certainly key. Better need single girl base travel.
LST-1198,PRP-4706,AGT-0191,1069600.0,2023-10-26,2023-11-27,Expired,193.0,Realize upon church build foreign democratic beautiful. Commercial lot make customer TV.
LST-1199,PRP-0136,AGT-0079,1993800.0,2022-06-27,2022-11-08,Sold,,Kind bring west movement environment movement final we.
LST-1200,PRP-1264,AGT-0300,154100.0,2021-12-23,2021-12-10,Sold,147.0,What entire such role night couple.
LST-1201,PRP-1590,AGT-0042,1974700.0,2021-05-17,2021-08-02,Sold,,Themselves fire or it class under education. Near buy check assume real program.
LST-1202,PRP-0631,AGT-0021,669500.0,2020-01-14,2020-06-29,Sold,164.0,Spend human outside late represent claim partner. Difference sure hot.
LST-1203,PRP-0610,AGT-0068,1017600.0,2024-05-27,2024-11-15,Sold,65.0,Mention board blood big.
LST-1204,PRP-2221,AGT-0297,2059100.0,2023-08-04,2023-09-15,Sold,11.0,After represent market pretty year.
LST-1205,PRP-3692,AGT-0137,1468100.0,2023-03-15,2023-06-28,Active,254.0,Live member health brother reach. Campaign matter drop.
LST-1206,PRP-0984,AGT-0209,328400.0,2022-07-30,2023-01-01,Withdrawn,116.0,Pick indicate dinner by. Often method assume appear.
LST-1207,PRP-2893,AGT-0179,2355800.0,2022-11-01,2022-12-19,Sold,290.0,Born how true its than way at. His stock if nature them woman.
LST-1208,PRP-3531,AGT-0179,389700.0,2022-03-02,2022-06-18,Sold,277.0,President skill song entire carry game top. Section memory fact government maybe next writer fall.
LST-1209,PRP-4444,AGT-0194,475200.0,2021-05-09,2021-10-04,Active,165.0,Indicate this management indeed.
LST-1210,PRP-3077,AGT-0180,2681600.0,2021-02-05,2021-07-29,Sold,349.0,Way gas commercial study begin. Stop yeah travel become character weight weight.
LST-1211,PRP-4649,AGT-0208,1320500.0,2022-12-01,2023-04-12,Pending,152.0,Military agency yeah Democrat for whether. Indicate read man machine ability happen.
LST-1212,PRP-4312,AGT-0055,1472200.0,2024-05-01,2024-08-24,Sold,171.0,Worry see never its recognize few stage. Deal pattern most mind.
LST-1213,PRP-1961,AGT-0283,1151600.0,2021-11-04,2021-12-23,Expired,155.0,Treat forward glass. Hour live while compare move.
LST-1214,PRP-1834,AGT-0149,1164600.0,2022-01-30,2022-01-08,Sold,203.0,Medical better phone action. Event want may else include get situation.
LST-1215,PRP-3210,AGT-0099,421000.0,2020-09-04,2021-02-06,Sold,204.0,Soon attention role voice. Hear piece drop remember with agency believe.
LST-1216,PRP-3401,AGT-0064,2757000.0,2020-04-02,2020-06-16,Sold,202.0,Itself particular various party property. Sing wonder single act ten create play.
LST-1217,PRP-4561,AGT-0111,2636100.0,2023-03-26,2023-06-28,Active,242.0,Dream ten picture race. Item soon Democrat program might hospital late on.
LST-1218,PRP-4179,AGT-0066,2181400.0,2020-11-03,2021-01-17,Sold,363.0,Section particularly sure first follow big.
LST-1219,PRP-2658,AGT-0275,582900.0,2022-05-19,2022-08-17,Sold,212.0,Sell anything provide line follow share. Face environmental case.
LST-1220,PRP-0721,AGT-0265,1487500.0,2023-04-20,2023-10-01,Expired,297.0,Hotel military or decide each. Local language item situation growth meet.
LST-1221,PRP-4172,AGT-0138,399900.0,2023-12-23,2023-12-22,Withdrawn,172.0,Past establish model television scientist let challenge pass.
LST-1222,PRP-1525,AGT-0122,1210400.0,2023-12-05,2024-05-15,Sold,211.0,Memory per catch with. Father yard way raise.
LST-1223,PRP-3254,AGT-0040,202200.0,2022-03-23,2022-09-16,Active,284.0,Apply market my west door. Meeting window front security.
LST-1224,PRP-3121,AGT-0118,2327500.0,2024-05-26,2024-11-08,Sold,150.0,Though claim boy factor close.
LST-1225,PRP-4300,AGT-0135,1923500.0,2023-12-16,2024-02-20,Expired,266.0,Book military moment similar.
LST-1226,PRP-1669,AGT-0228,2794100.0,2022-08-28,2023-01-06,Active,340.0,Edge no power card rule trip. Both south half thought.
LST-1227,PRP-1990,AGT-0126,1238900.0,2024-05-08,2024-08-21,Expired,260.0,Could no seek seat why. Education just information or and level ago.
LST-1228,PRP-0073,AGT-0044,1968300.0,2024-04-21,2024-07-21,Expired,179.0,Poor real form director cultural article but plant. Dinner short particular south reality same.
LST-1229,PRP-0924,AGT-0272,779600.0,2020-02-12,2020-03-27,Sold,136.0,Policy total describe economy contain.
LST-1230,PRP-2388,AGT-0026,772500.0,2023-02-28,2023-04-18,Active,285.0,Area find future avoid American old how. Cost five situation throughout.
LST-1231,PRP-4697,AGT-0224,2061300.0,2022-05-10,2022-07-19,Active,170.0,Son increase around will easy.
LST-1232,PRP-4892,AGT-0263,1980900.0,2020-09-06,2021-02-08,Active,332.0,East total inside address maintain least.
LST-1233,PRP-3708,AGT-0273,379600.0,2021-07-10,2021-12-31,Active,11.0,Plant truth small join.
LST-1234,PRP-0260,AGT-0149,1528400.0,2023-07-15,2023-07-02,Sold,357.0,Especially student organization charge some whose. East mother mean nothing final.
LST-1235,PRP-3877,AGT-0226,1486700.0,2020-05-01,2020-06-04,Sold,18.0,Above computer address partner. Ever guy attention risk together health.
LST-1236,PRP-3741,AGT-0250,2010800.0,2022-12-15,2023-04-18,Sold,199.0,Not card provide list camera democratic. Walk business successful nation drive.
LST-1237,PRP-4307,AGT-0113,1984800.0,2023-11-15,2023-12-23,Sold,316.0,Age leave cost test special mention local.
LST-1238,PRP-4943,AGT-0226,2491400.0,2023-09-20,2024-02-03,Expired,338.0,Ask poor billion perform here site discover camera.
LST-1239,PRP-0078,AGT-0104,729900.0,2021-05-22,2021-06-25,Sold,276.0,Various because where performance exactly bit. Learn significant chance brother.
LST-1240,PRP-2146,AGT-0232,663300.0,2021-05-14,2021-09-01,Sold,232.0,Figure brother glass decade film plant PM. Painting blue modern money go.
LST-1241,PRP-4930,AGT-0129,2787800.0,2021-07-15,2021-12-03,Expired,30.0,Similar able phone.
LST-1242,PRP-0303,AGT-0110,452100.0,2021-09-23,2022-02-05,Sold,264.0,Son television apply relate natural season office set.
LST-1243,PRP-2635,AGT-0220,602300.0,2021-01-29,2021-05-04,Sold,81.0,Husband those laugh. To card lay authority dream.
LST-1244,PRP-1914,AGT-0199,523600.0,2023-09-20,2024-02-16,Expired,266.0,Fund late industry wide both during. Case else between develop.
LST-1245,PRP-0583,AGT-0186,2207900.0,2023-11-29,2024-02-21,Pending,134.0,Bar party themselves trial serious final voice.
LST-1246,PRP-2776,AGT-0203,2901300.0,2020-04-20,2020-06-01,Withdrawn,16.0,Plant major act above peace.
LST-1247,PRP-0560,AGT-0080,950300.0,2023-10-26,2023-12-26,Active,,Each nature test audience on.
LST-1248,PRP-3813,AGT-0128,167800.0,2022-02-24,2022-05-02,Sold,342.0,Responsibility style information anyone want recently word. Always within top bag dark.
LST-1249,PRP-2945,AGT-0165,1607700.0,2022-11-25,2023-02-04,Active,,Leg do health cost wish box.
LST-1250,PRP-4492,AGT-0146,2092700.0,2020-10-24,2021-04-14,Sold,324.0,Determine but main industry case.
LST-1251,PRP-3576,AGT-0012,703700.0,2020-04-17,2020-07-28,Sold,,Wish same recent assume life four. Will expert stage power east general tonight.
LST-1252,PRP-1964,AGT-0020,625800.0,2021-05-18,2021-10-05,Sold,7.0,Firm any describe plant.
LST-1253,PRP-2963,AGT-0196,1998800.0,2021-11-30,2022-05-11,Active,108.0,Third until strong situation fill.
LST-1254,PRP-0990,AGT-0263,2830800.0,2020-02-03,2020-04-22,Sold,294.0,Want lose nothing well beat glass say. Level decade goal southern ok.
LST-1255,PRP-1785,AGT-0238,555000.0,2023-03-02,2023-08-18,Sold,118.0,Test my run administration management plant face. Mention individual throw pay site past thus.
LST-1256,PRP-1839,AGT-0240,2104300.0,2022-09-10,2022-11-07,Withdrawn,39.0,Detail feeling see organization professional special continue capital. Thus clear artist music tree.
LST-1257,PRP-4334,AGT-0141,574500.0,2020-09-15,2020-11-04,Pending,128.0,Use more become this summer.
LST-1258,PRP-0233,AGT-0277,763500.0,2024-05-15,2024-10-21,Withdrawn,320.0,During deep issue rate process. Offer Democrat food purpose short.
LST-1259,PRP-1224,AGT-0186,2825200.0,2021-06-20,2021-09-03,Sold,268.0,Culture security born travel between huge south new.
LST-1260,PRP-2049,AGT-0157,2308600.0,2020-02-10,2020-01-27,Pending,264.0,Them economic according size. In stuff school agent.
LST-1261,PRP-3953,AGT-0128,685700.0,2021-05-09,2021-09-19,Active,341.0,Send price can book training after party. Each trip open blue position.
LST-1262,PRP-4122,AGT-0045,1923300.0,2021-02-06,2021-05-03,Active,256.0,Part office born a.
LST-1263,PRP-1734,AGT-0091,2361100.0,2022-09-19,2023-01-05,Active,219.0,Use as firm again property.
LST-1264,PRP-2208,AGT-0088,1520000.0,2021-01-31,2021-04-22,Sold,105.0,Rule with bad start adult partner. Score travel history step available director develop.
LST-1265,PRP-4331,AGT-0196,2128700.0,2021-04-01,2021-08-12,Sold,184.0,Street over such else discussion. Thus military choice choose.
LST-1266,PRP-2423,AGT-0090,945700.0,2023-04-15,2023-08-16,Sold,318.0,Sure drug through long while significant investment room. Bit order seat occur inside throughout.
LST-1267,PRP-1009,AGT-0041,1705200.0,2024-01-19,2024-05-25,Sold,78.0,Purpose traditional kind section current name.
LST-1268,PRP-4160,AGT-0275,958300.0,2020-01-03,2020-03-28,Active,1.0,There do expert seem American.
LST-1269,PRP-3431,AGT-0125,517300.0,2021-01-08,2021-02-17,Sold,354.0,Statement product across remember top sea.
LST-1270,PRP-4333,AGT-0055,353300.0,2020-06-24,2020-08-29,Sold,79.0,Protect law hand ask certainly sea. Sense church both capital player foot.
LST-1271,PRP-0094,AGT-0240,2316600.0,2020-03-10,2020-08-17,Sold,3.0,Fall board only above authority start. Ability up consumer we draw once catch pull.
LST-1272,PRP-0744,AGT-0083,2959100.0,2022-12-22,2023-03-06,Sold,61.0,Cut even feel himself customer.
LST-1273,PRP-1059,AGT-0267,444200.0,2020-01-18,2020-03-26,Withdrawn,107.0,Her number near. Significant establish type while stuff.
LST-1274,PRP-1064,AGT-0132,183900.0,2020-08-02,2020-10-21,Active,229.0,Impact hard former behind production.
LST-1275,PRP-0839,AGT-0088,372600.0,2022-07-20,2022-10-08,Sold,221.0,Work actually case me vote.
LST-1276,PRP-3378,AGT-0098,1521500.0,2024-05-09,2024-09-23,Sold,343.0,Worry call movie south forward sense then.
LST-1277,PRP-1144,AGT-0130,276800.0,2021-05-17,2021-10-13,Withdrawn,102.0,Subject sport stand question center. After Republican whose range environmental yard act.
LST-1278,PRP-4247,AGT-0154,784200.0,2023-05-03,2023-07-03,Sold,251.0,Item yeah officer low others difference.
LST-1279,PRP-1679,AGT-0285,1616000.0,2023-03-06,2023-08-02,Sold,87.0,Tough participant fight care prove. Statement old store model.
LST-1280,PRP-4041,AGT-0267,1943900.0,2023-10-01,2024-03-04,Pending,25.0,It main special whether oil subject matter.
LST-1281,PRP-2542,AGT-0040,1037800.0,2021-05-23,2021-07-02,Sold,276.0,It thought table list campaign through current be. Similar public almost read.
LST-1282,PRP-4556,AGT-0262,1487200.0,2022-06-02,2022-10-13,Active,,Experience attention lead morning yet along section fill. Growth conference world make live now must.
LST-1283,PRP-3204,AGT-0079,302800.0,2024-05-13,2024-08-11,Sold,48.0,Region chair above. Collection wish management poor appear.
LST-1284,PRP-2479,AGT-0105,1494200.0,2021-10-30,2021-12-10,Sold,38.0,Tax research long right set something production. Health around relate skill.
LST-1285,PRP-3078,AGT-0252,1963500.0,2022-06-23,2022-05-27,Sold,68.0,Director concern certainly drug career this bed. Experience hotel where remember minute western.
LST-1286,PRP-1186,AGT-0066,453900.0,2023-11-16,2024-04-30,Active,23.0,Trial pass stay bag.
LST-1287,PRP-1730,AGT-0035,600800.0,2023-06-28,2023-11-07,Active,240.0,Decade need pressure possible.
LST-1288,PRP-3240,AGT-0163,2442600.0,2023-12-09,2024-03-22,Expired,301.0,Bad might show if reflect century.
LST-1289,PRP-0406,AGT-0286,1322600.0,2021-01-17,2021-06-16,Sold,332.0,Look age religious resource product option. Newspaper lose kind environmental likely.
LST-1290,PRP-4265,AGT-0040,678900.0,2020-03-05,2020-08-08,Sold,132.0,Risk any child drug kind both defense choose.
LST-1291,PRP-4294,AGT-0176,2128100.0,2022-03-29,2022-06-21,Sold,348.0,Travel sort window.
LST-1292,PRP-3860,AGT-0096,2316100.0,2021-12-09,2022-02-03,Active,291.0,Eye tell local environmental employee Mrs book seven. Than land investment push together summer.
LST-1293,PRP-1302,AGT-0277,1174900.0,2024-06-14,2024-09-01,Active,74.0,Total central memory watch under part.
LST-1294,PRP-4419,AGT-0195,1666500.0,2024-06-29,2024-08-15,Sold,265.0,Offer bring base impact.
LST-1295,PRP-2725,AGT-0295,573000.0,2022-12-04,2023-02-25,Withdrawn,112.0,Impact necessary particular nature feeling account somebody.
LST-1296,PRP-1906,AGT-0101,641900.0,2020-09-23,2021-03-19,Pending,148.0,Century grow have form page.
LST-1297,PRP-3483,AGT-0195,123400.0,2023-09-02,2024-01-28,Sold,274.0,Our Congress shoulder work seek. Staff administration player remember whether sure.
LST-1298,PRP-2290,AGT-0028,117900.0,2020-03-21,2020-07-02,Sold,204.0,Community central gun man east spring less another.
LST-1299,PRP-1962,AGT-0282,2101600.0,2021-06-07,2021-08-31,Active,,Home southern view.
LST-1300,PRP-0500,AGT-0177,2242100.0,2021-07-17,2022-01-05,Withdrawn,198.0,Piece above career decision program.
LST-1301,PRP-2998,AGT-0061,1490800.0,2022-04-09,2022-09-08,Sold,104.0,Report difference read result else debate.
LST-1302,PRP-4604,AGT-0112,2319100.0,2023-10-27,2023-12-30,Sold,3.0,Human so hope relate think take. Support determine meet economy.
LST-1303,PRP-3779,AGT-0158,2543600.0,2020-05-31,2020-10-10,Sold,,Turn cold where treatment player central. Stage design into say rest others open.
LST-1304,PRP-2415,AGT-0178,2177700.0,2022-11-15,2023-01-08,Sold,108.0,Old oil bag glass believe picture scientist.
LST-1305,PRP-2362,AGT-0113,510500.0,2022-02-28,2022-06-15,Active,,Tell view most back serious statement customer teacher.
LST-1306,PRP-0995,AGT-0063,1978800.0,2022-09-05,2022-12-10,Sold,29.0,Gun produce similar poor cut system artist. Color direction head evening practice police former region.
LST-1307,PRP-2999,AGT-0245,930400.0,2024-06-27,2024-09-25,Sold,206.0,Respond radio which apply. Enjoy money important week finish price.
LST-1308,PRP-4186,AGT-0251,640800.0,2023-09-17,2024-03-06,Sold,299.0,Deep take continue idea perform hundred entire television. Turn item should peace none in action.
LST-1309,PRP-3824,AGT-0005,1109900.0,2022-05-19,2022-08-24,Sold,,Help return cover approach floor land.
LST-1310,PRP-3608,AGT-0187,296400.0,2021-01-05,2021-06-02,Sold,187.0,School peace film score.
LST-1311,PRP-1848,AGT-0215,1371300.0,2021-09-27,2021-12-11,Expired,186.0,Bed method court front bank citizen house.
LST-1312,PRP-1492,AGT-0045,1060400.0,2024-02-15,2024-07-10,Sold,301.0,Machine Mr success church. Television both its real news into collection.
LST-1313,PRP-0928,AGT-0224,936600.0,2021-03-06,2021-04-24,Sold,23.0,I available green answer Republican every arrive woman.
LST-1314,PRP-4526,AGT-0200,2767900.0,2020-08-09,2020-10-14,Sold,5.0,Fine together thought individual professor.
LST-1315,PRP-0615,AGT-0088,2029800.0,2020-04-24,2020-07-27,Sold,199.0,Box true local successful describe her against. Start even understand analysis myself support soon.
LST-1316,PRP-4496,AGT-0040,2869300.0,2022-12-17,2023-03-07,Sold,166.0,Sea industry hair order environmental add recent.
LST-1317,PRP-1622,AGT-0017,1685700.0,2020-09-18,2020-12-22,Sold,5.0,Hold feeling food price.
LST-1318,PRP-2911,AGT-0002,885400.0,2022-01-31,2022-03-10,Expired,359.0,Business likely unit position positive.
LST-1319,PRP-2675,AGT-0287,1458300.0,2023-08-10,2024-01-25,Sold,306.0,Near class chair senior ten rich training tend.
LST-1320,PRP-3749,AGT-0261,2406600.0,2022-01-09,2022-04-28,Sold,38.0,Ever relationship though this.
LST-1321,PRP-3410,AGT-0202,1389300.0,2023-07-04,2023-08-06,Sold,331.0,Threat marriage off.
LST-1322,PRP-3171,AGT-0267,250000.0,2022-04-30,2022-09-18,Sold,,Enter bag cause drug serious. Position car matter final threat cell.
LST-1323,PRP-4654,AGT-0099,1252000.0,2021-02-04,2021-07-26,Expired,206.0,Decision charge institution after deal.
LST-1324,PRP-0804,AGT-0146,1485800.0,2023-02-03,2023-07-18,Sold,,None would unit son.
LST-1325,PRP-1053,AGT-0124,1904400.0,2024-06-11,2024-08-19,Sold,140.0,Home voice town. He forward as party medical idea door.
LST-1326,PRP-4086,AGT-0161,925900.0,2023-08-17,2023-09-29,Active,320.0,Radio follow with soon across later once.
LST-1327,PRP-0226,AGT-0246,2300700.0,2022-09-30,2023-03-12,Sold,77.0,Customer firm marriage discussion see natural.
LST-1328,PRP-2690,AGT-0213,1369200.0,2023-06-02,2023-09-18,Sold,58.0,Thousand door life gun design organization. Pm now wall fire trip.
LST-1329,PRP-4103,AGT-0148,1097700.0,2023-03-10,2023-05-12,Active,227.0,Travel population quickly school world.
LST-1330,PRP-1171,AGT-0294,2855600.0,2022-11-25,2023-04-03,Active,5.0,Their hotel seem significant tell during.
LST-1331,PRP-4808,AGT-0122,1061800.0,2023-11-27,2023-12-27,Expired,65.0,After food entire security professional compare window above. Help send necessary wrong why specific.
LST-1332,PRP-4062,AGT-0280,1634500.0,2023-09-29,2023-11-18,Sold,282.0,Middle color see matter resource body. Short apply believe month data argue write.
LST-1333,PRP-0683,AGT-0129,854800.0,2020-11-10,2021-02-02,Active,122.0,Activity recognize understand fly film important front.
LST-1334,PRP-0604,AGT-0030,1823900.0,2023-10-22,2024-03-01,Sold,272.0,Person student compare determine whom. Away fill again figure different present.
LST-1335,PRP-1342,AGT-0219,1331600.0,2023-09-29,2024-03-01,Sold,147.0,Song sign ask represent.
LST-1336,PRP-4571,AGT-0121,1231900.0,2024-02-04,2024-03-08,Expired,356.0,Window provide officer.
LST-1337,PRP-3007,AGT-0196,1918700.0,2024-02-13,2024-07-02,Sold,98.0,Professional road run. Big figure fish read wish possible month.
LST-1338,PRP-1084,AGT-0124,450200.0,2021-02-27,2021-06-30,Active,196.0,Record training ground often site human.
LST-1339,PRP-2403,AGT-0196,1789700.0,2023-11-12,2024-03-03,Expired,357.0,Ground indicate stuff city management.
LST-1340,PRP-2775,AGT-0138,834300.0,2024-02-04,2024-03-08,Active,38.0,Real successful various task. Operation card answer analysis reach himself.
LST-1341,PRP-3762,AGT-0242,985100.0,2022-02-04,2022-04-05,Withdrawn,,Into few once little.
LST-1342,PRP-2547,AGT-0253,464600.0,2022-11-22,2023-01-16,Withdrawn,252.0,Scientist once answer often letter easy. Game strategy professional kind talk rich billion.
LST-1343,PRP-3053,AGT-0292,1902300.0,2021-10-28,2022-01-09,Sold,264.0,Surface woman know begin hundred. Dark condition word start win next.
LST-1344,PRP-0435,AGT-0246,2419500.0,2023-09-24,2024-02-04,Sold,90.0,Practice movie point cut probably political state.
LST-1345,PRP-1148,AGT-0067,1993200.0,2020-11-13,2021-04-10,Sold,232.0,Sign worry law capital great better back test. Minute here television line window take.
LST-1346,PRP-4156,AGT-0152,1505800.0,2021-12-10,2022-04-22,Sold,97.0,Live letter prove from PM. Know employee generation.
LST-1347,PRP-0104,AGT-0036,1690400.0,2020-09-25,2021-03-07,Pending,32.0,Event billion wear they feel. Really positive myself any of lead.
LST-1348,PRP-1469,AGT-0001,263900.0,2020-10-25,2021-02-16,Active,193.0,However service entire.
LST-1349,PRP-0967,AGT-0050,211400.0,2022-03-16,2022-08-18,Pending,333.0,Republican have administration.
LST-1350,PRP-0167,AGT-0213,1866600.0,2024-01-21,2024-04-11,Sold,,Actually together save a hair second. Surface meet knowledge as top.
LST-1351,PRP-2871,AGT-0072,1665500.0,2024-04-05,2024-10-01,Withdrawn,,Role computer light down major strategy million.
LST-1352,PRP-3655,AGT-0106,2390600.0,2022-04-29,2022-07-18,Sold,,Charge including deep skill talk. Article fine likely market just effect role institution.
LST-1353,PRP-2768,AGT-0229,1190900.0,2022-07-09,2022-08-14,Expired,219.0,Executive everyone north house ready usually suffer. Add news effort way hair movie.
LST-1354,PRP-4941,AGT-0103,2291600.0,2022-07-01,2022-12-07,Active,68.0,Ability indicate style almost. Physical agency tough rather serve hand affect.
LST-1355,PRP-3284,AGT-0072,1675400.0,2023-05-26,2023-05-03,Expired,,Exactly growth look series child. Writer Mr early whatever.
LST-1356,PRP-2569,AGT-0048,717800.0,2022-12-04,2023-04-10,Withdrawn,112.0,Drop visit area senior tend. Wonder them goal country win blood wife.
LST-1357,PRP-4796,AGT-0103,2760800.0,2021-03-30,2021-03-03,Active,,Agency claim two. Them keep garden sell history statement now process.
LST-1358,PRP-3240,AGT-0164,278800.0,2023-01-29,2023-06-16,Active,186.0,Series him tell family.
LST-1359,PRP-1808,AGT-0168,364000.0,2022-11-19,2023-04-04,Withdrawn,,Maybe thought until stuff seek century wish. Girl fish choice finish special expert.
LST-1360,PRP-3705,AGT-0028,1341900.0,2020-12-31,2020-12-29,Sold,354.0,Do company good general. Hot then artist fund.
LST-1361,PRP-2952,AGT-0015,514700.0,2022-08-22,2022-10-11,Active,37.0,Lead couple address prevent eye fight.
LST-1362,PRP-0982,AGT-0228,1591900.0,2021-10-09,2022-02-07,Withdrawn,364.0,Reach know stock back me current. At job guess young hundred movie.
LST-1363,PRP-3709,AGT-0129,428500.0,2021-01-15,2021-04-18,Sold,152.0,Site follow federal remain leader condition international. Stay religious turn sister theory various deep.
LST-1364,PRP-3349,AGT-0094,721400.0,2021-07-20,2021-09-18,Sold,61.0,Board others hot building.
LST-1365,PRP-2053,AGT-0203,1825400.0,2020-08-20,2020-10-25,Sold,62.0,Catch inside result base civil.
LST-1366,PRP-4397,AGT-0117,571800.0,2023-06-18,2023-12-07,Active,99.0,Gun fall network TV foreign buy.
LST-1367,PRP-3827,AGT-0272,791500.0,2020-04-20,2020-07-13,Expired,352.0,One year particularly act board color early whether.
LST-1368,PRP-4573,AGT-0011,2061900.0,2022-11-02,2023-01-01,Sold,228.0,Project teach own.
LST-1369,PRP-1111,AGT-0160,1409100.0,2022-04-13,2022-10-05,Sold,39.0,Rest note evening series east a defense.
LST-1370,PRP-2279,AGT-0117,2323500.0,2022-10-23,2023-01-20,Sold,338.0,Quality laugh little that assume mouth.
LST-1371,PRP-4591,AGT-0126,2485400.0,2021-06-20,2021-09-23,Active,248.0,Specific organization answer employee. Put nation such picture.
LST-1372,PRP-4859,AGT-0283,1310300.0,2021-04-13,2021-06-14,Sold,335.0,Commercial edge hundred.
LST-1373,PRP-2137,AGT-0021,2112100.0,2022-06-13,2022-10-07,Withdrawn,10.0,Physical state party service service. Congress food man yard member.
LST-1374,PRP-1306,AGT-0218,2353600.0,2021-04-24,2021-05-28,Sold,42.0,Task capital ever daughter civil.
LST-1375,PRP-2786,AGT-0130,2020600.0,2022-12-04,2023-02-07,Sold,285.0,Collection democratic this attention order.
LST-1376,PRP-1272,AGT-0005,969900.0,2022-03-24,2022-07-03,Expired,88.0,Through PM simple carry letter community. Information ask them court better make.
LST-1377,PRP-0438,AGT-0052,1017200.0,2022-08-21,2022-11-11,Withdrawn,283.0,Case language myself easy fund wide. Understand various political plant.
LST-1378,PRP-3521,AGT-0092,927900.0,2022-05-20,2022-09-15,Sold,7.0,Relationship hope amount method cut.
LST-1379,PRP-1955,AGT-0107,2100300.0,2024-04-28,2024-07-02,Pending,102.0,Way major spend issue popular. Blood stock leader around.
LST-1380,PRP-1048,AGT-0259,2101200.0,2020-04-09,2020-09-23,Sold,,Wrong hotel employee how unit appear. Have rich sister federal almost.
LST-1381,PRP-3381,AGT-0152,1549900.0,2023-02-25,2023-07-29,Sold,,Style task ball yard. Film former society beat kind medical.
LST-1382,PRP-4666,AGT-0113,306700.0,2022-01-19,2022-07-16,Sold,,Picture record of skin particularly around threat their.
LST-1383,PRP-2036,AGT-0125,923400.0,2022-05-24,2022-07-07,Withdrawn,203.0,My he provide way yourself participant which. Beat pattern method push chance sit left young.
LST-1384,PRP-2073,AGT-0100,1817500.0,2021-08-27,2021-11-03,Active,284.0,Something visit dinner most dog make. Involve important instead base how forward positive.
LST-1385,PRP-2531,AGT-0258,1411400.0,2023-11-10,2024-03-09,Active,,In front down wonder this then series.
LST-1386,PRP-2209,AGT-0135,2950300.0,2024-02-02,2024-06-13,Withdrawn,281.0,Move image weight benefit whether effort rate.
LST-1387,PRP-0220,AGT-0230,2323800.0,2021-12-25,2022-04-06,Active,150.0,After feeling prevent after media house course. Public so heart career wife.
LST-1388,PRP-2286,AGT-0068,1973500.0,2023-06-30,2023-12-12,Active,328.0,Employee itself behavior natural off drug school.
LST-1389,PRP-2948,AGT-0192,277000.0,2020-05-21,2020-07-04,Sold,240.0,Now add hotel situation north article.
LST-1390,PRP-4009,AGT-0048,2965800.0,2023-07-23,2023-12-04,Pending,283.0,Only gun force billion back fast realize them.
LST-1391,PRP-3986,AGT-0131,448600.0,2023-01-25,2023-03-08,Active,296.0,Mr lead suggest identify.
LST-1392,PRP-4238,AGT-0127,697900.0,2022-12-06,2023-02-19,Withdrawn,11.0,Room she by his.
LST-1393,PRP-4573,AGT-0037,1868800.0,2020-02-22,2020-07-22,Sold,45.0,Key begin car increase.
LST-1394,PRP-4444,AGT-0105,212000.0,2022-09-17,2023-01-18,Sold,304.0,Already people trouble price husband. Above operation dark nice.
LST-1395,PRP-3840,AGT-0256,2221500.0,2023-06-07,2023-07-30,Withdrawn,120.0,Drug fine future shoulder.
LST-1396,PRP-4327,AGT-0195,1739000.0,2022-03-07,2022-05-26,Active,180.0,Play finally can behavior.
LST-1397,PRP-1273,AGT-0059,496100.0,2022-01-22,2022-07-09,Sold,344.0,May be save single simply sense sense voice. Street kitchen without president game still.
LST-1398,PRP-1234,AGT-0129,2490100.0,2021-04-21,2021-07-08,Expired,16.0,Certainly must hope drive top prove card miss. Specific PM week party billion attack quite.
LST-1399,PRP-1907,AGT-0092,290700.0,2023-02-27,2023-06-18,Sold,,Foreign much sometimes everything. Behavior safe win behind.
LST-1400,PRP-2182,AGT-0066,1624700.0,2022-04-07,2022-05-30,Active,227.0,Mrs security collection behind. Financial stock analysis produce TV executive.
LST-1401,PRP-1568,AGT-0012,808200.0,2021-02-02,2021-07-29,Active,355.0,Concern child operation grow specific.
LST-1402,PRP-2665,AGT-0112,936600.0,2023-09-30,2024-02-21,Sold,274.0,Cell receive factor democratic particular.
LST-1403,PRP-3134,AGT-0141,383200.0,2022-12-22,2023-04-20,Sold,307.0,Writer method prepare body.
LST-1404,PRP-3832,AGT-0090,767600.0,2022-05-17,2022-09-11,Sold,261.0,Rich ahead nature newspaper product report.
LST-1405,PRP-3735,AGT-0158,2251600.0,2024-05-19,2024-07-12,Expired,320.0,Reach bar physical leave during she degree.
LST-1406,PRP-2884,AGT-0141,1320000.0,2021-06-06,2021-10-25,Withdrawn,62.0,Head scene analysis describe hear. Special design pick guess local skill.
LST-1407,PRP-1715,AGT-0132,522300.0,2023-09-30,2024-01-31,Pending,338.0,General throw accept past.
LST-1408,PRP-1016,AGT-0189,1684600.0,2021-06-04,2021-11-24,Sold,84.0,Know happen improve soldier. Several build machine best for dinner that.
LST-1409,PRP-3061,AGT-0282,373100.0,2020-02-26,2020-06-21,Sold,332.0,Country along industry your company population.
LST-1410,PRP-0728,AGT-0191,1439100.0,2024-03-16,2024-06-16,Sold,332.0,Clearly sort raise so shake hold myself. Hand order kind wall.
LST-1411,PRP-3806,AGT-0139,2348400.0,2023-03-31,2023-09-22,Sold,176.0,Level resource first laugh nor.
LST-1412,PRP-1569,AGT-0214,2335100.0,2024-01-24,2024-07-05,Active,9.0,Leave give culture site sit.
LST-1413,PRP-2927,AGT-0260,1193000.0,2024-05-05,2024-07-17,Active,20.0,Place after condition cold accept anything.
LST-1414,PRP-0584,AGT-0050,1412100.0,2021-04-11,2021-08-08,Expired,103.0,Relate southern pass exactly.
LST-1415,PRP-1479,AGT-0267,188700.0,2020-04-12,2020-07-17,Active,230.0,Rate travel we cause tend ten. Away analysis music stage red my.
LST-1416,PRP-0918,AGT-0073,1778800.0,2021-09-23,2022-01-09,Sold,235.0,Hold soon over. Garden strategy represent term agency.
LST-1417,PRP-3030,AGT-0090,2389200.0,2023-09-23,2024-02-10,Expired,194.0,Push can politics woman necessary.
LST-1418,PRP-2241,AGT-0154,583700.0,2021-09-20,2022-02-10,Active,238.0,Movie choose because school energy rich.
LST-1419,PRP-0680,AGT-0260,2784200.0,2022-12-09,2023-05-06,Expired,260.0,Outside risk common father usually. Produce positive often human director.
LST-1420,PRP-1970,AGT-0252,835000.0,2021-02-24,2021-06-10,Active,352.0,Ahead large notice bar individual quickly.
LST-1421,PRP-1795,AGT-0008,2842800.0,2021-10-09,2021-12-05,Sold,86.0,Security authority call. Girl serious individual serious from body win walk.
LST-1422,PRP-3638,AGT-0063,492600.0,2022-09-14,2022-11-16,Active,2.0,Moment piece development everybody finish let. Popular message trouble race as wait.
LST-1423,PRP-1599,AGT-0047,1071800.0,2022-11-16,2023-05-14,Withdrawn,237.0,Subject policy serious decide current. Where upon woman.
LST-1424,PRP-1292,AGT-0244,621500.0,2024-04-02,2024-09-20,Expired,159.0,Camera let town type.
LST-1425,PRP-2010,AGT-0162,638900.0,2022-11-17,2023-05-08,Expired,226.0,Central seat person happy tree agency.
LST-1426,PRP-3151,AGT-0198,1980100.0,2022-12-29,2023-05-15,Active,309.0,According really nor rule cover there. Office should husband with.
LST-1427,PRP-2456,AGT-0118,1960200.0,2023-09-10,2024-01-31,Sold,310.0,Most head out church moment point begin recognize.
LST-1428,PRP-3360,AGT-0119,2288800.0,2023-12-13,2024-02-21,Sold,28.0,Society behavior media yourself the bring. Positive name respond allow.
LST-1429,PRP-2364,AGT-0285,2304300.0,2022-01-18,2022-03-03,Pending,305.0,Old study four right amount property yourself eat. Again firm news tax city model tend contain.
LST-1430,PRP-4256,AGT-0121,410300.0,2022-12-21,2023-03-10,Expired,21.0,Green south law fall mission hope. Government image discussion stop.
LST-1431,PRP-2427,AGT-0271,864500.0,2022-11-30,2023-04-03,Active,154.0,Story produce hold open.
LST-1432,PRP-1455,AGT-0127,1940300.0,2020-02-28,2020-05-01,Sold,136.0,Chance kid commercial matter head simple. Operation little new effort task mission close.
LST-1433,PRP-0126,AGT-0112,2567400.0,2023-04-11,2023-06-12,Expired,331.0,Indicate wife month keep impact still according.
LST-1434,PRP-1595,AGT-0014,1170400.0,2021-08-08,2021-10-19,Pending,77.0,Its city relationship trade she like model. Bit you safe type person.
LST-1435,PRP-3138,AGT-0170,320200.0,2020-07-13,2020-11-27,Expired,119.0,Media amount collection much memory other. Sound modern thousand reality really business.
LST-1436,PRP-2361,AGT-0289,1476000.0,2020-07-27,2020-12-12,Sold,152.0,Eye buy hair attorney job identify. Leg compare move not growth into.
LST-1437,PRP-1753,AGT-0262,2075000.0,2024-03-17,2024-08-06,Sold,39.0,Take town enjoy treatment parent measure. Environmental writer organization organization.
LST-1438,PRP-2022,AGT-0063,2423900.0,2020-12-01,2021-04-30,Withdrawn,230.0,Citizen must them down the. Your eat force memory unit she.
LST-1439,PRP-3374,AGT-0258,289200.0,2023-07-12,2023-08-18,Sold,302.0,Name spend protect no interesting. Page manage community war.
LST-1440,PRP-3871,AGT-0080,2616600.0,2020-09-24,2021-03-15,Expired,209.0,Perhaps seat project her trial listen. Pretty term by talk pull party record.
LST-1441,PRP-4770,AGT-0234,2082000.0,2024-02-22,2024-03-24,Sold,3.0,Blue some pressure sit trial discover. Employee professor hair three write father tell.
LST-1442,PRP-0129,AGT-0295,1755800.0,2021-07-27,2022-01-17,Withdrawn,,Place act series already account material. Mind draw heavy style moment bar result floor.
LST-1443,PRP-2161,AGT-0089,1877300.0,2022-03-11,2022-08-07,Withdrawn,50.0,Own specific factor all pick network painting. Myself enough customer yet administration.
LST-1444,PRP-1822,AGT-0269,2284700.0,2023-01-02,2023-05-19,Withdrawn,329.0,Agreement ten couple appear staff evidence born. Treat place issue analysis.
LST-1445,PRP-0321,AGT-0091,1368100.0,2022-07-31,2022-09-15,Sold,176.0,Cold Republican ball people today event view. Matter similar garden market fear collection.
LST-1446,PRP-1001,AGT-0005,1968700.0,2021-01-06,2020-12-10,Active,,Positive mouth think. Artist president industry.
LST-1447,PRP-2675,AGT-0152,1811400.0,2024-05-01,2024-10-16,Withdrawn,96.0,Continue well business owner social strategy.
LST-1448,PRP-3157,AGT-0156,1282100.0,2024-02-13,2024-05-06,Expired,132.0,Third seek parent old someone clear change. Save suddenly development exactly husband fund.
LST-1449,PRP-0084,AGT-0189,2669100.0,2022-03-27,2022-08-04,Withdrawn,15.0,Similar region option family challenge. Suggest center address artist direction poor.
LST-1450,PRP-4033,AGT-0248,1259100.0,2023-12-30,2024-03-06,Active,242.0,Ago star top weight. Gas democratic half up type.
LST-1451,PRP-2301,AGT-0020,521200.0,2021-02-24,2021-07-11,Sold,357.0,Read like buy garden success. Fill be instead those charge expert for.
LST-1452,PRP-1998,AGT-0169,853200.0,2022-04-17,2022-05-22,Sold,,Fill pretty star phone today look bad. Realize instead rock management focus network color.
LST-1453,PRP-4729,AGT-0291,941200.0,2024-02-13,2024-07-03,Expired,,Suffer ask should protect wait foreign ahead. Play friend lay activity.
LST-1454,PRP-2163,AGT-0081,1864600.0,2021-12-16,2022-02-19,Expired,133.0,Magazine couple dinner free.
LST-1455,PRP-4346,AGT-0165,363900.0,2022-09-20,2022-10-30,Sold,34.0,Pm money inside back.
LST-1456,PRP-2465,AGT-0045,1598900.0,2023-12-30,2024-06-22,Sold,287.0,Middle particularly forget along information best beat.
LST-1457,PRP-0011,AGT-0113,2259500.0,2023-05-06,2023-09-21,Sold,264.0,Seat rich state father college really foot case. Down add feel agreement remain group.
LST-1458,PRP-1660,AGT-0239,911400.0,2022-03-16,2022-08-25,Sold,109.0,Too prepare exactly ever near activity one first. Choose production cell boy free fill specific significant.
LST-1459,PRP-3086,AGT-0174,311000.0,2022-02-27,2022-07-23,Expired,42.0,Wrong measure part reason your. Price fund yourself treat.
LST-1460,PRP-1695,AGT-0080,410200.0,2020-01-28,2020-02-29,Active,340.0,Night place friend few only.
LST-1461,PRP-3593,AGT-0091,719600.0,2021-05-04,2021-07-08,Sold,181.0,Condition home our.
LST-1462,PRP-3390,AGT-0126,1656700.0,2020-12-07,2021-03-23,Active,210.0,Or happy election people magazine. Fund five guess mouth television choose positive.
LST-1463,PRP-1642,AGT-0263,1203600.0,2021-03-02,2021-05-29,Sold,,North knowledge simple.
LST-1464,PRP-0123,AGT-0075,1661300.0,2023-03-27,2023-07-13,Pending,119.0,Total magazine tax top write certain. More nice kid oil mind laugh modern.
LST-1465,PRP-2456,AGT-0165,1071900.0,2022-04-16,2022-08-01,Sold,55.0,Offer several animal green realize board join.
LST-1466,PRP-3595,AGT-0204,1261700.0,2023-02-11,2023-07-12,Sold,145.0,Store despite within may sea describe group magazine.
LST-1467,PRP-4374,AGT-0151,2282800.0,2023-12-04,2024-01-21,Pending,247.0,Skin president change former religious explain.
LST-1468,PRP-1412,AGT-0079,1862300.0,2023-11-16,2023-12-22,Sold,360.0,Available start election head guess rest development. This voice moment happen realize feeling benefit.
LST-1469,PRP-2082,AGT-0003,2834500.0,2022-12-16,2023-06-12,Sold,24.0,Fall staff will scientist. Special affect although serve.
LST-1470,PRP-0900,AGT-0002,656000.0,2023-10-28,2024-02-08,Sold,73.0,Early process tax.
LST-1471,PRP-4059,AGT-0092,1083400.0,2022-05-02,2022-07-20,Sold,223.0,Wife less common hotel can person. Manage single mean within dream tree worry.
LST-1472,PRP-0652,AGT-0292,452300.0,2020-05-30,2020-08-21,Sold,318.0,Part field popular hard.
LST-1473,PRP-3327,AGT-0203,1758100.0,2022-01-01,2022-06-03,Sold,240.0,Contain mean fast identify beyond them save. All new bring method manager yourself box.
LST-1474,PRP-0252,AGT-0239,290200.0,2022-06-22,2022-09-27,Active,,Early ability parent institution much measure short.
LST-1475,PRP-4930,AGT-0140,2654800.0,2020-12-04,2021-04-19,Withdrawn,132.0,Manage explain drug later culture card ahead.
LST-1476,PRP-3017,AGT-0262,725400.0,2024-05-04,2024-08-31,Active,94.0,Woman network less civil lead.
LST-1477,PRP-3779,AGT-0143,1753800.0,2022-10-15,2023-01-15,Sold,117.0,Study quickly his deep somebody camera.
LST-1478,PRP-2921,AGT-0240,983600.0,2022-12-11,2023-02-03,Withdrawn,,Western early within face that. Whole former clear.
LST-1479,PRP-4631,AGT-0081,149500.0,2022-02-28,2022-07-06,Sold,249.0,Story good nice decision table record girl cultural.
LST-1480,PRP-3651,AGT-0021,1829500.0,2023-06-14,2023-11-17,Sold,113.0,Health part this present treat. Common recently reach system class attack he.
LST-1481,PRP-3477,AGT-0084,104600.0,2021-03-04,2021-05-11,Pending,66.0,Beautiful until practice those concern. Later area attack design seek because owner.
LST-1482,PRP-3527,AGT-0221,152300.0,2023-06-02,2023-11-05,Sold,197.0,Decade use only measure. Store exactly wide popular foreign upon.
LST-1483,PRP-2675,AGT-0190,915900.0,2023-06-22,2023-12-18,Sold,351.0,Level prepare process who.
LST-1484,PRP-1707,AGT-0030,252500.0,2020-01-20,2020-04-15,Sold,,Industry account language recently fact possible camera. Tree also major.
LST-1485,PRP-4125,AGT-0241,2038500.0,2022-11-17,2023-04-15,Active,78.0,Push partner result training because natural.
LST-1486,PRP-4389,AGT-0110,2015000.0,2024-01-24,2024-06-07,Sold,260.0,First become science same will able especially. You there pressure help cell.
LST-1487,PRP-1784,AGT-0271,1777300.0,2020-05-27,2020-09-26,Sold,280.0,Whom wide through exactly I. Figure respond garden guy finish as environment.
LST-1488,PRP-2136,AGT-0011,1700900.0,2023-07-24,2023-10-29,Expired,168.0,From may plant program.
LST-1489,PRP-3837,AGT-0125,467500.0,2021-07-11,2021-08-14,Active,198.0,Score your bag fill number enter. Team to rather institution what he.
LST-1490,PRP-2675,AGT-0031,2010100.0,2021-12-12,2022-02-11,Withdrawn,,Game pressure work set.
LST-1491,PRP-4083,AGT-0081,1365500.0,2021-12-07,2022-03-23,Sold,361.0,Pressure relationship instead. Now positive reduce what.
LST-1492,PRP-1926,AGT-0010,2020700.0,2023-11-07,2024-04-13,Sold,131.0,Agency follow order reality the never protect.
LST-1493,PRP-0480,AGT-0121,2411400.0,2024-01-07,2024-03-23,Withdrawn,149.0,Serve clear between nearly lawyer.
LST-1494,PRP-4904,AGT-0011,2317700.0,2020-10-08,2020-11-20,Sold,31.0,Appear think land item.
LST-1495,PRP-4842,AGT-0188,711100.0,2022-03-13,2022-07-21,Sold,35.0,Clear million war.
LST-1496,PRP-1406,AGT-0038,316200.0,2021-10-26,2022-03-05,Withdrawn,227.0,During yeah probably baby story often. Government suggest let to price citizen enter.
LST-1497,PRP-1459,AGT-0056,2196700.0,2023-07-09,2023-12-04,Sold,259.0,Movie player news social general prove big. Each education institution door media must according myself.
LST-1498,PRP-1351,AGT-0299,639900.0,2023-05-03,2023-08-19,Expired,,Begin room sign campaign manage everyone add.
LST-1499,PRP-4849,AGT-0207,2754300.0,2020-06-17,2020-07-21,Expired,53.0,Become itself trip indeed.
LST-1500,PRP-0713,AGT-0059,2566400.0,2022-08-21,2023-02-02,Active,308.0,Window something ago trade. Environment have lead parent thing technology rate.
LST-1501,PRP-0992,AGT-0221,2732800.0,2021-05-07,2021-08-12,Withdrawn,192.0,Big chance affect someone make history wonder.
LST-1502,PRP-3059,AGT-0115,152900.0,2022-12-11,2023-04-14,Active,148.0,Enough beautiful forward blood box floor try.
LST-1503,PRP-2001,AGT-0038,129700.0,2022-02-10,2022-04-24,Expired,215.0,Lay dark account could. Upon there couple talk.
LST-1504,PRP-3040,AGT-0181,1243200.0,2020-08-08,2020-12-09,Sold,115.0,Traditional course PM. Research time wrong difficult reduce professor.
LST-1505,PRP-0714,AGT-0253,1723900.0,2020-11-03,2021-04-27,Sold,160.0,Majority thing local choose box him eye throughout. Southern will fly garden.
LST-1506,PRP-0684,AGT-0102,2459200.0,2022-04-02,2022-05-14,Sold,119.0,Especially partner list move section all.
LST-1507,PRP-2914,AGT-0065,684300.0,2021-04-10,2021-09-24,Sold,47.0,Manager fly girl staff blood. Out still cut many firm black network.
LST-1508,PRP-1343,AGT-0205,196800.0,2020-06-28,2020-09-25,Sold,352.0,Tree college agree.
LST-1509,PRP-0972,AGT-0057,1623800.0,2020-10-04,2021-02-06,Active,26.0,Them resource good reduce huge score.
LST-1510,PRP-0121,AGT-0082,1419200.0,2023-03-01,2023-04-23,Expired,235.0,With sport community raise material general.
LST-1511,PRP-4842,AGT-0086,300800.0,2020-07-18,2020-09-18,Sold,,Fill lot what argue five issue.
LST-1512,PRP-2593,AGT-0031,1490600.0,2021-11-05,2022-04-15,Sold,339.0,Father his research democratic method miss now.
LST-1513,PRP-3886,AGT-0151,1218400.0,2020-03-02,2020-05-28,Sold,321.0,Language born wait range tonight. Number ball feeling good task difficult.
LST-1514,PRP-4359,AGT-0130,488000.0,2020-10-10,2021-02-26,Withdrawn,151.0,Chance play yourself three.
LST-1515,PRP-3050,AGT-0103,278500.0,2023-01-09,2023-06-09,Withdrawn,355.0,Several statement major campaign. Measure bill size here feel three.
LST-1516,PRP-1317,AGT-0061,586800.0,2022-10-28,2023-02-17,Sold,263.0,Sound want learn continue. Boy medical only participant environment.
LST-1517,PRP-3735,AGT-0122,2399500.0,2022-11-16,2023-05-11,Sold,283.0,Model floor adult modern.
LST-1518,PRP-2341,AGT-0027,518100.0,2022-03-22,2022-06-02,Active,93.0,Hold house actually.
LST-1519,PRP-4743,AGT-0103,2094600.0,2022-09-28,2022-11-13,Active,93.0,Would without environmental meet camera Democrat stock. Until all official light discuss focus next over.
LST-1520,PRP-4693,AGT-0264,543100.0,2022-01-01,2022-04-13,Sold,145.0,Management stay require hundred many at.
LST-1521,PRP-4174,AGT-0054,1212800.0,2020-11-14,2021-03-25,Sold,102.0,Majority success song laugh discussion but.
LST-1522,PRP-3678,AGT-0176,1256300.0,2023-04-29,2023-06-19,Active,196.0,Drive image participant much him organization. Hotel speech money exactly party.
LST-1523,PRP-2507,AGT-0237,545300.0,2021-09-27,2022-02-12,Withdrawn,196.0,Coach sound middle could debate on only. Blue natural work act realize agreement.
LST-1524,PRP-3657,AGT-0225,1151300.0,2022-09-23,2023-01-23,Sold,,Final bank network identify often rather. Miss prevent national fish popular.
LST-1525,PRP-0444,AGT-0076,404100.0,2022-04-05,2022-06-10,Sold,,You best national store during.
LST-1526,PRP-0531,AGT-0092,422900.0,2020-06-27,2020-10-15,Withdrawn,8.0,Second can support. Relationship dream PM choice yourself move.
LST-1527,PRP-3629,AGT-0223,1488400.0,2022-05-26,2022-10-10,Expired,318.0,True take help continue me operation.
LST-1528,PRP-0933,AGT-0145,545600.0,2020-03-08,2020-08-13,Active,,With win teacher order station. Thank minute born believe.
LST-1529,PRP-3799,AGT-0266,1147500.0,2023-04-01,2023-06-02,Sold,275.0,Investment common near spring still.
LST-1530,PRP-0817,AGT-0276,2001100.0,2022-05-27,2022-09-07,Sold,203.0,Billion myself think wrong. Line notice give popular president system.
LST-1531,PRP-1953,AGT-0271,469700.0,2024-02-24,2024-04-17,Active,355.0,Provide image young pass.
LST-1532,PRP-0845,AGT-0192,558500.0,2023-01-20,2023-05-04,Sold,211.0,Catch push result thus none.
LST-1533,PRP-3148,AGT-0215,1763200.0,2023-08-07,2023-12-17,Withdrawn,,Its concern again attention lead example. Nation decade only raise.
LST-1534,PRP-3224,AGT-0223,2468500.0,2023-08-14,2024-01-04,Expired,363.0,Property her degree whom animal mouth. Really act resource management.
LST-1535,PRP-4637,AGT-0098,1230500.0,2020-06-21,2020-10-09,Sold,263.0,Believe candidate office.
LST-1536,PRP-2109,AGT-0180,1193800.0,2024-05-28,2024-08-20,Sold,42.0,Evidence member most everything than without political.
LST-1537,PRP-2805,AGT-0131,661000.0,2021-07-04,2021-11-08,Sold,259.0,Information chair listen tell as population.
LST-1538,PRP-4413,AGT-0257,130600.0,2020-10-01,2020-11-21,Pending,250.0,Establish low run score.
LST-1539,PRP-1349,AGT-0146,2747400.0,2022-04-11,2022-10-05,Sold,78.0,Common these anyone now happy rather past.
LST-1540,PRP-2688,AGT-0193,1320500.0,2020-05-23,2020-11-09,Sold,364.0,Some avoid subject production when order.
LST-1541,PRP-4774,AGT-0215,368000.0,2022-08-21,2022-12-07,Sold,359.0,Camera yet movie information. Improve ever phone others as.
LST-1542,PRP-1731,AGT-0129,1339700.0,2020-03-26,2020-05-24,Expired,85.0,Eat open she consumer. Them writer occur among.
LST-1543,PRP-4304,AGT-0186,1027300.0,2021-02-12,2021-04-16,Active,329.0,Happy black attorney enjoy kid yard. Drug example worry involve.
LST-1544,PRP-0549,AGT-0138,1844400.0,2023-06-26,2023-12-08,Active,,Executive perform price price plan training. Design group entire.
LST-1545,PRP-1541,AGT-0201,1072300.0,2023-02-23,2023-04-07,Withdrawn,154.0,Reflect structure fly. Large which glass person.
LST-1546,PRP-1269,AGT-0158,553500.0,2024-04-16,2024-09-16,Sold,137.0,East lawyer strong. Gas part site dark true recent political.
LST-1547,PRP-1432,AGT-0131,1762500.0,2020-07-27,2020-12-22,Withdrawn,113.0,Stage community person but.
LST-1548,PRP-3581,AGT-0225,1200300.0,2020-12-28,2021-03-22,Sold,117.0,Reality too dog why despite easy.
LST-1549,PRP-2664,AGT-0065,2167200.0,2024-04-09,2024-07-15,Sold,275.0,Attorney each determine also brother difference sport. Population article budget measure live movement answer.
LST-1550,PRP-4212,AGT-0085,2381800.0,2023-08-11,2024-01-23,Sold,97.0,Letter push in his one now customer.
LST-1551,PRP-1706,AGT-0178,1619800.0,2022-05-23,2022-09-06,Sold,27.0,Form true high share.
LST-1552,PRP-0519,AGT-0072,2515200.0,2022-04-16,2022-07-30,Active,235.0,Campaign late event alone policy.
LST-1553,PRP-2630,AGT-0297,199500.0,2022-05-13,2022-08-13,Sold,286.0,Top condition left seven use as keep. Thing hundred figure win stay second.
LST-1554,PRP-4667,AGT-0184,2660900.0,2022-07-20,2022-12-04,Active,283.0,Still include usually off discuss.
LST-1555,PRP-4545,AGT-0253,1725400.0,2022-05-16,2022-04-19,Sold,211.0,Word fire two walk. Message wind ready whom arrive choose blue.
LST-1556,PRP-3896,AGT-0104,1480600.0,2023-10-12,2024-01-10,Sold,295.0,Upon newspaper tend house cold for economic. Fact surface window boy ability.
LST-1557,PRP-4969,AGT-0145,1197300.0,2020-12-04,2021-01-06,Sold,275.0,Available none author.
LST-1558,PRP-0750,AGT-0280,1470800.0,2021-12-24,2022-02-05,Sold,337.0,Thing us chance month well usually learn scientist.
LST-1559,PRP-3360,AGT-0086,2181700.0,2023-05-07,2023-10-09,Withdrawn,,The unit use each chance cultural win professor. Top activity special.
LST-1560,PRP-0815,AGT-0270,1531900.0,2023-06-05,2023-06-02,Active,141.0,Receive clear center across home case establish.
LST-1561,PRP-2237,AGT-0079,1680800.0,2023-06-29,2023-10-04,Sold,3.0,Score if against especially talk. Mean citizen law its agent tell college.
LST-1562,PRP-0246,AGT-0273,1433900.0,2021-07-21,2021-10-14,Sold,176.0,Less one parent against.
LST-1563,PRP-2568,AGT-0024,1740600.0,2020-09-18,2020-11-28,Sold,15.0,Another wide cost student treatment similar.
LST-1564,PRP-3067,AGT-0120,2072600.0,2024-06-18,2024-08-07,Sold,15.0,Car necessary star peace claim same former office. Recently majority first kitchen appear.
LST-1565,PRP-3750,AGT-0131,2171900.0,2021-01-22,2021-06-07,Sold,1.0,My send already upon travel general.
LST-1566,PRP-4041,AGT-0009,1372400.0,2021-07-11,2021-09-24,Active,90.0,Central act smile forward performance.
LST-1567,PRP-0294,AGT-0089,2053900.0,2023-12-20,2024-03-22,Sold,83.0,Certainly enough draw should.
LST-1568,PRP-0641,AGT-0061,1108200.0,2020-05-22,2020-09-03,Sold,293.0,Participant hospital vote will subject fight later.
LST-1569,PRP-1407,AGT-0032,2394100.0,2021-10-28,2021-12-10,Sold,113.0,Score evening describe think do high trial.
LST-1570,PRP-3786,AGT-0292,1864800.0,2022-11-09,2023-04-28,Expired,330.0,Structure consider allow product. Attack protect design security wind player past.
LST-1571,PRP-0167,AGT-0017,1201700.0,2021-03-17,2021-05-31,Sold,237.0,Sign edge sing exactly. Government including man million.
LST-1572,PRP-0448,AGT-0129,233600.0,2020-07-22,2020-11-12,Expired,325.0,Water population should right eat place nature little. Direction social spend full response agency.
LST-1573,PRP-0230,AGT-0091,120600.0,2022-05-06,2022-07-31,Expired,72.0,Across city remember its.
LST-1574,PRP-3668,AGT-0124,318800.0,2022-10-08,2023-02-07,Withdrawn,299.0,Worry somebody one bill local what ability. Major represent lot plan side writer.
LST-1575,PRP-4367,AGT-0260,1627300.0,2021-07-26,2021-09-21,Withdrawn,,Worker around across also. Activity become article any note community next collection.
LST-1576,PRP-1109,AGT-0119,2532700.0,2023-04-27,2023-04-06,Sold,318.0,System name TV loss black.
LST-1577,PRP-1391,AGT-0233,2007700.0,2021-01-22,2021-07-07,Sold,345.0,Black mean successful international experience.
LST-1578,PRP-1233,AGT-0201,673900.0,2022-04-11,2022-06-01,Active,274.0,Their toward computer example.
LST-1579,PRP-3748,AGT-0076,792100.0,2021-04-02,2021-09-22,Sold,318.0,Great put hand trouble member any long ok.
LST-1580,PRP-1680,AGT-0098,602100.0,2024-06-16,2024-08-12,Withdrawn,151.0,City war turn season anything. Product watch remember dinner artist hear morning.
LST-1581,PRP-0976,AGT-0031,1271200.0,2021-08-15,2021-08-06,Active,342.0,Find so if consider such young. If fine consider eight environment contain.
LST-1582,PRP-4016,AGT-0113,1856300.0,2022-12-08,2023-04-25,Withdrawn,92.0,Age blood factor site better always attack political.
LST-1583,PRP-3118,AGT-0182,2445900.0,2021-09-10,2021-08-25,Pending,357.0,Road scene learn and rest action. Body where turn democratic give.
LST-1584,PRP-0227,AGT-0191,392100.0,2024-04-20,2024-07-04,Withdrawn,178.0,He subject daughter. Matter avoid building nearly special thousand.
LST-1585,PRP-2684,AGT-0248,774600.0,2020-05-10,2020-05-08,Expired,218.0,Well rate police both base.
LST-1586,PRP-2733,AGT-0190,2303600.0,2021-08-20,2021-11-30,Expired,350.0,Safe drop save offer for less.
LST-1587,PRP-1191,AGT-0155,1526500.0,2021-06-06,2021-09-27,Sold,299.0,Black generation time station change respond hit. Possible between series interest right.
LST-1588,PRP-1995,AGT-0226,1932700.0,2023-11-24,2024-02-26,Sold,138.0,Boy relate talk central doctor factor.
LST-1589,PRP-0364,AGT-0107,1175500.0,2020-05-06,2020-09-22,Pending,69.0,Be yourself provide current share floor director.
LST-1590,PRP-3907,AGT-0099,973500.0,2022-06-08,2022-09-30,Active,208.0,Theory entire under agreement rock environmental. History rather beautiful consider again team technology hospital.
LST-1591,PRP-4843,AGT-0232,2060900.0,2024-01-26,2024-04-09,Expired,10.0,Network instead stuff next single federal.
LST-1592,PRP-0592,AGT-0110,1869600.0,2021-12-06,2022-05-08,Sold,95.0,Whole policy wide over study wife. History ten minute marriage factor discuss still.
LST-1593,PRP-3206,AGT-0267,2761700.0,2021-06-26,2021-08-06,Active,252.0,Score tonight minute garden situation choice serve. Memory fill pretty reality green great rich.
LST-1594,PRP-1630,AGT-0251,1634300.0,2021-03-06,2021-06-17,Expired,341.0,Their region six. Page friend democratic without create.
LST-1595,PRP-1765,AGT-0178,2397000.0,2024-03-31,2024-09-13,Expired,214.0,Suggest at rich free low full.
LST-1596,PRP-3439,AGT-0189,2097100.0,2022-11-23,2022-10-27,Expired,354.0,Doctor specific as station upon. Improve bad onto language reach east fear later.
LST-1597,PRP-1671,AGT-0080,112700.0,2020-11-11,2021-01-15,Active,13.0,Feeling food method interest hotel standard. Rather worker role wife today bill interest.
LST-1598,PRP-2965,AGT-0119,281800.0,2023-02-22,2023-04-27,Sold,305.0,Spring machine project trade. Fight subject visit identify population support.
LST-1599,PRP-3258,AGT-0133,2131800.0,2020-12-08,2021-03-04,Pending,333.0,Unit guess book. Technology seem Mrs.
LST-1600,PRP-0207,AGT-0226,2261700.0,2021-06-16,2021-11-24,Withdrawn,22.0,Address rather get long art.
LST-1601,PRP-2985,AGT-0100,2288200.0,2023-07-11,2023-09-01,Sold,62.0,Mr while art phone bit send because. Final card worker realize baby article industry history.
LST-1602,PRP-0852,AGT-0071,312900.0,2023-02-21,2023-07-14,Sold,,Its charge reflect. People newspaper seven once Republican provide investment.
LST-1603,PRP-0160,AGT-0245,2613600.0,2021-12-21,2022-06-19,Active,175.0,Occur tend well power response nothing.
LST-1604,PRP-2947,AGT-0251,148600.0,2021-07-22,2022-01-15,Active,45.0,Concern this Congress reality program part.
LST-1605,PRP-3649,AGT-0272,623000.0,2021-09-04,2022-02-10,Withdrawn,329.0,Source bit culture personal third hospital.
LST-1606,PRP-0958,AGT-0254,2166800.0,2023-01-26,2023-01-15,Active,82.0,Shake high determine worry stuff.
LST-1607,PRP-1076,AGT-0013,1112500.0,2021-09-13,2022-02-23,Expired,169.0,Final go power.
LST-1608,PRP-1449,AGT-0221,1605600.0,2023-05-11,2023-08-12,Active,,Send dark about store her movement security.
LST-1609,PRP-1564,AGT-0171,2069600.0,2024-05-27,2024-09-07,Sold,302.0,At face image ready in. My treatment enter assume simple character.
LST-1610,PRP-3581,AGT-0065,2509300.0,2020-02-08,2020-04-15,Pending,207.0,Lot anything challenge century. Matter wind final toward.
LST-1611,PRP-3977,AGT-0177,145500.0,2023-02-15,2023-03-21,Sold,202.0,Cultural address senior. Production again perhaps box finally.
LST-1612,PRP-0371,AGT-0177,363100.0,2020-08-31,2020-12-26,Pending,291.0,Find check easy one newspaper body boy friend. Them too beat range push thus reflect.
LST-1613,PRP-0097,AGT-0157,670000.0,2024-04-21,2024-09-18,Sold,,Account central indeed dog to recently.
LST-1614,PRP-3280,AGT-0235,1321800.0,2023-09-28,2024-03-03,Active,181.0,Later clearly role appear. Year where still this ability crime director heavy.
LST-1615,PRP-1212,AGT-0034,1965200.0,2021-01-27,2021-02-26,Expired,245.0,Yeah of evidence area agree some head. Reach current road right part easy.
LST-1616,PRP-4368,AGT-0016,157500.0,2024-04-29,2024-10-07,Active,31.0,Political indeed thing last those doctor. News discuss why suffer.
LST-1617,PRP-3946,AGT-0128,1962600.0,2023-04-23,2023-04-19,Sold,229.0,Start reason listen final magazine.
LST-1618,PRP-1116,AGT-0299,977600.0,2021-12-24,2022-03-11,Sold,204.0,Ball star owner ground somebody fact.
LST-1619,PRP-3009,AGT-0050,978100.0,2023-06-12,2023-06-09,Sold,,You popular become change effort five.
LST-1620,PRP-0281,AGT-0118,538700.0,2022-08-06,2023-02-01,Withdrawn,13.0,White house community drop. Play season industry happen.
LST-1621,PRP-2282,AGT-0126,2366100.0,2020-02-24,2020-01-26,Sold,355.0,Local listen yeah over great group action.
LST-1622,PRP-3131,AGT-0238,150900.0,2020-02-07,2020-07-23,Sold,3.0,Process deal address task finally. Entire arm late view voice maybe present community.
LST-1623,PRP-2556,AGT-0135,430700.0,2021-05-19,2021-09-18,Active,347.0,Similar position maybe yes light may represent. Throughout attack conference.
LST-1624,PRP-0364,AGT-0293,941400.0,2020-10-10,2021-02-25,Withdrawn,98.0,Not because there anything stay college serious few. Have to standard.
LST-1625,PRP-0900,AGT-0277,2478100.0,2022-10-21,2023-02-07,Sold,15.0,Save thing threat bill certain material.
LST-1626,PRP-4335,AGT-0202,2147200.0,2023-01-18,2023-06-30,Withdrawn,330.0,Word theory media practice similar.
LST-1627,PRP-2028,AGT-0236,1179900.0,2024-04-07,2024-09-11,Active,280.0,Cultural join argue tree.
LST-1628,PRP-2872,AGT-0162,2750500.0,2021-07-15,2022-01-06,Withdrawn,248.0,Many resource team should build. From school stand movie.
LST-1629,PRP-0361,AGT-0025,2127600.0,2021-03-05,2021-06-10,Active,287.0,Nice onto air floor. On college international green no than.
LST-1630,PRP-3125,AGT-0278,1965300.0,2020-12-23,2021-03-01,Withdrawn,247.0,Loss choose like. Spend value push onto or person.
LST-1631,PRP-3734,AGT-0103,1595600.0,2024-01-07,2024-03-01,Sold,356.0,Animal environmental develop study poor. Life suddenly hotel vote some such growth woman.
LST-1632,PRP-1455,AGT-0057,1315600.0,2022-08-06,2023-01-18,Sold,285.0,There person usually. Level each notice maintain.
LST-1633,PRP-1141,AGT-0087,327400.0,2022-10-13,2023-04-02,Active,152.0,Since single account success. Professor write minute realize successful.
LST-1634,PRP-1499,AGT-0255,1861100.0,2024-01-05,2024-02-18,Sold,145.0,Rate offer term reality peace tend heavy. Discuss attack natural anyone old may.
LST-1635,PRP-1146,AGT-0257,1847500.0,2022-03-31,2022-09-13,Sold,30.0,Doctor civil behind option significant great evening.
LST-1636,PRP-2052,AGT-0141,2022500.0,2020-04-13,2020-07-03,Expired,20.0,Majority daughter together moment allow raise because sense.
LST-1637,PRP-2600,AGT-0107,544100.0,2020-11-19,2021-01-21,Sold,265.0,Face similar adult PM very use. Me interview ago sing many recently.
LST-1638,PRP-3586,AGT-0112,484100.0,2021-07-07,2021-08-26,Expired,71.0,Sit arm specific. Couple so mouth office public leave author though.
LST-1639,PRP-0880,AGT-0107,1976100.0,2021-06-21,2021-08-14,Sold,204.0,Performance ask win area foot.
LST-1640,PRP-1860,AGT-0091,443900.0,2020-02-17,2020-07-31,Withdrawn,4.0,Heavy hope wind else public often.
LST-1641,PRP-3994,AGT-0214,1853200.0,2021-07-23,2021-07-17,Withdrawn,143.0,Cup member catch other modern difficult easy. West operation great teach everything arm.
LST-1642,PRP-0744,AGT-0256,2782000.0,2023-04-07,2023-09-23,Sold,56.0,Second form agree care board result.
LST-1643,PRP-1170,AGT-0199,408900.0,2022-01-07,2022-06-10,Sold,131.0,Read industry important boy.
LST-1644,PRP-4860,AGT-0226,358400.0,2021-03-13,2021-05-20,Sold,158.0,Significant type effort cup product station role and. Must bed media travel step police defense here.
LST-1645,PRP-4291,AGT-0051,295000.0,2021-04-27,2021-09-01,Sold,310.0,Age provide music.
LST-1646,PRP-2747,AGT-0122,2109500.0,2023-05-05,2023-07-05,Expired,114.0,Entire can build forward beyond professor bit more. Impact center tree agreement ball.
LST-1647,PRP-0162,AGT-0139,1104700.0,2021-05-02,2021-08-08,Sold,276.0,Report admit walk involve. Everybody would final away.
LST-1648,PRP-0385,AGT-0119,952500.0,2022-08-23,2022-10-13,Sold,306.0,Reach suffer possible art likely low though. Performance notice number party teach picture someone.
LST-1649,PRP-4105,AGT-0086,1409100.0,2022-06-30,2022-12-07,Sold,339.0,Peace miss system his consider trip young.
LST-1650,PRP-1885,AGT-0168,2341300.0,2024-02-18,2024-04-21,Sold,48.0,Sense relate position last argue. Happy year although some test condition.
LST-1651,PRP-3382,AGT-0140,764900.0,2023-06-10,2023-09-25,Sold,113.0,Agent fear thus court section deep brother. Arrive out ready man little participant.
LST-1652,PRP-0105,AGT-0186,580400.0,2022-12-20,2023-02-01,Withdrawn,297.0,Short buy outside cost one morning heavy. View man life bit system.
LST-1653,PRP-2552,AGT-0279,591500.0,2020-06-17,2020-08-10,Sold,,Personal design quite value but. Because network yard.
LST-1654,PRP-2934,AGT-0295,652100.0,2021-06-11,2021-08-22,Expired,218.0,Field stock election yet. Time else arm.
LST-1655,PRP-0692,AGT-0149,2054900.0,2022-07-17,2022-07-10,Sold,247.0,Own coach girl fire color thing. Catch information nature less without pressure number hit.
LST-1656,PRP-0528,AGT-0103,1533500.0,2022-06-29,2022-08-14,Expired,77.0,Door deal minute weight walk across none.
LST-1657,PRP-0584,AGT-0142,1584500.0,2022-12-09,2023-01-26,Sold,203.0,Simple cup campaign medical meet. Point per bag whose kind culture would full.
LST-1658,PRP-4762,AGT-0025,2560000.0,2021-09-16,2022-02-22,Sold,258.0,Sea black throughout benefit item simply college.
LST-1659,PRP-1866,AGT-0162,1081500.0,2022-11-08,2023-05-06,Active,,Window agent conference suddenly. Site task strong especially at factor six reason.
LST-1660,PRP-1712,AGT-0215,1383000.0,2021-07-31,2021-11-18,Sold,101.0,Day mention standard senior condition particular.
LST-1661,PRP-2543,AGT-0243,851700.0,2021-10-05,2022-03-10,Sold,34.0,Quickly reveal American less enter pass. Break series add next.
LST-1662,PRP-4401,AGT-0043,1893100.0,2023-10-07,2024-03-02,Sold,273.0,Stand themselves right nation nearly then. Word respond choice born who better down quality.
LST-1663,PRP-1687,AGT-0039,1811100.0,2024-02-12,2024-06-22,Active,272.0,Six bed staff exist.
LST-1664,PRP-1053,AGT-0088,1591900.0,2022-02-15,2022-06-21,Sold,178.0,Value partner interesting on art.
LST-1665,PRP-1516,AGT-0114,1192700.0,2021-02-17,2021-05-17,Sold,198.0,Foreign data per. Room land bar information.
LST-1666,PRP-4796,AGT-0188,2041300.0,2021-07-06,2021-08-31,Active,295.0,Movie current book manager computer apply. Safe certainly respond look film.
LST-1667,PRP-1780,AGT-0272,2443700.0,2021-01-31,2021-07-28,Pending,,Outside senior husband still nearly how understand.
LST-1668,PRP-0513,AGT-0100,1180500.0,2023-02-06,2023-07-18,Active,166.0,Page night sign film last pick.
LST-1669,PRP-3596,AGT-0075,2382200.0,2020-10-27,2020-11-29,Sold,258.0,Pull tree among different anything what know. Although conference mind finish art new.
LST-1670,PRP-2156,AGT-0141,2026000.0,2024-02-19,2024-05-16,Sold,167.0,Sing ball wish might stock per.
LST-1671,PRP-3040,AGT-0186,1855300.0,2022-01-16,2022-03-03,Sold,42.0,Since wait easy language voice. Eat bad upon build.
LST-1672,PRP-1374,AGT-0250,1216000.0,2022-02-21,2022-04-20,Sold,268.0,Eye government wait let production economic board act.
LST-1673,PRP-3249,AGT-0260,2441100.0,2023-09-25,2024-01-18,Sold,325.0,Against name heart why may. Again fund care leg.
LST-1674,PRP-1585,AGT-0280,2382600.0,2024-02-22,2024-08-15,Sold,328.0,Positive somebody lead single item task.
LST-1675,PRP-1460,AGT-0275,937200.0,2022-08-30,2022-11-03,Active,30.0,Represent single tough both class many total. Group name chair crime moment check modern.
LST-1676,PRP-2891,AGT-0222,310100.0,2020-01-28,2020-05-10,Sold,,Forward herself view product deep color office.
LST-1677,PRP-1459,AGT-0036,1167700.0,2022-09-11,2023-01-13,Sold,174.0,Site yourself fund ability. Mouth production want special wall.
LST-1678,PRP-2281,AGT-0235,772400.0,2023-04-30,2023-08-31,Sold,169.0,From hospital watch vote. Appear movie hot stock glass stuff look central.
LST-1679,PRP-3137,AGT-0069,1922000.0,2020-01-04,2020-06-23,Expired,18.0,Start our chair some figure dream use. Year concern benefit just.
LST-1680,PRP-0644,AGT-0230,2797900.0,2023-01-22,2023-06-22,Sold,228.0,Discussion physical per understand poor. Art improve enter set.
LST-1681,PRP-0370,AGT-0245,2923700.0,2021-02-18,2021-06-07,Sold,25.0,Alone clearly approach task truth collection.
LST-1682,PRP-0561,AGT-0174,2246700.0,2021-02-21,2021-08-19,Sold,333.0,Great work situation skill.
LST-1683,PRP-3663,AGT-0048,1439600.0,2020-03-14,2020-07-23,Expired,178.0,Door leave find tell. Media too though seven impact.
LST-1684,PRP-3036,AGT-0198,401100.0,2022-12-17,2023-04-01,Expired,206.0,Reflect cold without. Black health turn level process sister democratic.
LST-1685,PRP-1836,AGT-0011,2273800.0,2021-07-24,2021-11-03,Sold,194.0,Southern black skin first.
LST-1686,PRP-0889,AGT-0236,597600.0,2022-07-18,2022-07-12,Sold,,Nothing hear television. Series idea above perform.
LST-1687,PRP-4206,AGT-0284,446500.0,2023-11-17,2024-04-25,Sold,,Clearly budget agency fear fact turn season. Protect specific board spend occur enter.
LST-1688,PRP-3880,AGT-0248,2325900.0,2023-06-13,2023-11-22,Sold,64.0,Girl bad spring.
LST-1689,PRP-3123,AGT-0053,1909200.0,2023-08-20,2024-02-05,Expired,217.0,Big owner task should product lawyer fire. Reflect gun detail have mention.
LST-1690,PRP-2470,AGT-0300,1761000.0,2022-05-05,2022-10-30,Expired,344.0,Old firm able standard. Exactly between mind poor.
LST-1691,PRP-0517,AGT-0100,1715300.0,2021-08-24,2021-11-15,Sold,127.0,Figure skin partner college pay rate.
LST-1692,PRP-1947,AGT-0140,158500.0,2022-04-12,2022-08-24,Sold,148.0,Important collection late hand way.
LST-1693,PRP-1107,AGT-0038,2498900.0,2023-06-20,2023-11-27,Sold,,Good some respond or lawyer. Debate mind hear toward from account.
LST-1694,PRP-3305,AGT-0289,2078000.0,2022-09-27,2023-02-04,Active,95.0,Range air rise left citizen.
LST-1695,PRP-1040,AGT-0125,2421800.0,2023-02-24,2023-05-22,Active,30.0,Simple theory my her of carry mention. Agent among campaign notice fill television sometimes boy.
LST-1696,PRP-4901,AGT-0206,485400.0,2023-04-19,2023-07-03,Withdrawn,131.0,Responsibility share admit situation cultural.
LST-1697,PRP-1970,AGT-0276,1611400.0,2022-07-06,2022-11-20,Sold,170.0,Each home drop our.
LST-1698,PRP-2099,AGT-0203,2353800.0,2021-03-26,2021-05-14,Active,264.0,Method option international most lot whom. Same by green dream occur.
LST-1699,PRP-3453,AGT-0094,2578500.0,2023-07-04,2023-11-04,Withdrawn,,Collection try outside effect.
LST-1700,PRP-0602,AGT-0182,2688800.0,2024-02-18,2024-07-30,Expired,341.0,Treat information area. Including throw field run either.
LST-1701,PRP-0154,AGT-0268,866200.0,2023-03-26,2023-06-24,Active,328.0,Employee case at away improve add particular and. Decade tell director important thousand phone.
LST-1702,PRP-3510,AGT-0089,344100.0,2023-06-23,2023-08-09,Withdrawn,266.0,Place new bill either. Everybody into service without sound.
LST-1703,PRP-3554,AGT-0097,2077000.0,2021-12-08,2022-05-16,Sold,291.0,Officer often cell final you wear rock.
LST-1704,PRP-1831,AGT-0221,503100.0,2021-03-21,2021-07-19,Active,204.0,Teach magazine animal position probably plant what despite. Artist we whatever body during memory respond.
LST-1705,PRP-1312,AGT-0039,1958100.0,2020-07-13,2020-07-02,Sold,249.0,Although ability probably not world which. Friend particular agent treat.
LST-1706,PRP-0696,AGT-0299,2132200.0,2024-02-06,2024-04-19,Sold,225.0,Religious who low. Should unit physical shake similar.
LST-1707,PRP-4501,AGT-0215,837500.0,2023-07-13,2023-12-31,Active,183.0,Stuff Mr nothing cut place usually these think. Lot sing program same black.
LST-1708,PRP-3473,AGT-0107,2648300.0,2021-12-20,2022-05-21,Sold,22.0,Real style bed.
LST-1709,PRP-0081,AGT-0091,2715900.0,2022-05-09,2022-08-27,Sold,361.0,One expect open theory attorney assume effort article.
LST-1710,PRP-1584,AGT-0276,2348000.0,2022-12-16,2022-11-17,Expired,269.0,Job together note. Shake think four indeed baby increase agreement.
LST-1711,PRP-3370,AGT-0049,1122600.0,2023-10-22,2024-01-17,Expired,305.0,Help wonder continue religious perform suggest little bit. Drug situation huge pressure require there management.
LST-1712,PRP-1084,AGT-0138,215800.0,2022-09-10,2022-08-27,Sold,104.0,Skill save maybe face.
LST-1713,PRP-3708,AGT-0080,2354400.0,2022-08-24,2022-12-21,Withdrawn,277.0,Soon something available matter worker he production. Leader region music particular wall fly.
LST-1714,PRP-0932,AGT-0135,761100.0,2020-01-10,2020-02-20,Withdrawn,,Travel interest see herself.
LST-1715,PRP-0796,AGT-0135,897000.0,2021-08-13,2021-11-07,Pending,140.0,Treat debate again point.
LST-1716,PRP-3080,AGT-0296,1630200.0,2022-02-09,2022-06-14,Active,140.0,Should catch which woman. In want small now together in interview skill.
LST-1717,PRP-1957,AGT-0266,257300.0,2020-06-19,2020-09-08,Sold,331.0,Worry newspaper me.
LST-1718,PRP-2314,AGT-0153,2274900.0,2021-07-07,2021-11-24,Sold,228.0,Start activity boy during opportunity remember.
LST-1719,PRP-0280,AGT-0006,1291500.0,2024-06-26,2024-11-05,Sold,165.0,Prove face not themselves loss. Necessary figure able audience beyond.
LST-1720,PRP-4281,AGT-0158,1815300.0,2023-05-27,2023-10-28,Sold,183.0,Machine point loss attorney develop us. Meet partner after Congress economy get add.
LST-1721,PRP-1314,AGT-0065,377300.0,2022-04-23,2022-08-22,Sold,268.0,Turn TV agency wait woman. Smile some campaign now.
LST-1722,PRP-1014,AGT-0177,821000.0,2021-08-11,2022-02-02,Sold,80.0,Even east late do cup nice.
LST-1723,PRP-3763,AGT-0178,112900.0,2024-02-27,2024-08-11,Active,217.0,Civil level available someone other travel Republican.
LST-1724,PRP-1790,AGT-0136,2598800.0,2023-03-21,2023-05-10,Active,148.0,Discussion have be prevent explain note answer. Item language yard improve machine chair.
LST-1725,PRP-3012,AGT-0274,367800.0,2023-08-06,2024-01-20,Expired,63.0,Room if standard no energy.
LST-1726,PRP-2735,AGT-0129,1410600.0,2020-02-27,2020-08-12,Active,347.0,Or game rather student other. Agent success discussion.
LST-1727,PRP-2880,AGT-0054,1834600.0,2023-05-07,2023-08-07,Expired,,Likely draw apply what discussion scientist arrive keep. Mind choice response see past perhaps material whom.
LST-1728,PRP-3824,AGT-0111,295500.0,2023-01-03,2023-07-01,Withdrawn,316.0,Move person record station.
LST-1729,PRP-2954,AGT-0263,2311800.0,2022-11-23,2023-03-15,Sold,96.0,Five away suddenly baby argue.
LST-1730,PRP-0839,AGT-0140,1744600.0,2022-06-26,2022-11-23,Sold,27.0,Before pressure describe change share close. Pass culture shake memory.
LST-1731,PRP-4335,AGT-0075,1749300.0,2023-03-07,2023-05-01,Expired,331.0,Rest past past suffer former.
LST-1732,PRP-0826,AGT-0024,786900.0,2023-05-03,2023-06-10,Sold,,National center first herself question.
LST-1733,PRP-3579,AGT-0215,2119700.0,2022-09-24,2022-12-16,Sold,228.0,Say soon may before. Husband expect also fear method trouble this.
LST-1734,PRP-3631,AGT-0274,287300.0,2021-05-29,2021-09-10,Withdrawn,301.0,Son organization ball level accept short three. Between gun group million account price.
LST-1735,PRP-3096,AGT-0236,1287000.0,2022-08-29,2022-12-25,Sold,24.0,Black minute apply work woman including. Challenge across inside guess.
LST-1736,PRP-4011,AGT-0102,414000.0,2022-05-12,2022-06-13,Sold,64.0,Black if population consumer range forward natural green. Establish specific responsibility candidate too own first.
LST-1737,PRP-4031,AGT-0232,1737000.0,2022-08-17,2022-12-31,Active,248.0,Stand end already point soon. Condition this leave discussion cover.
LST-1738,PRP-0059,AGT-0077,852800.0,2021-09-15,2021-10-28,Sold,262.0,Together sort great before wait enjoy.
LST-1739,PRP-4371,AGT-0120,1753900.0,2022-08-14,2022-09-24,Sold,56.0,My fact develop.
LST-1740,PRP-1966,AGT-0019,2823300.0,2023-03-24,2023-09-16,Active,102.0,Color particular far.
LST-1741,PRP-1721,AGT-0282,2136800.0,2021-03-19,2021-05-18,Expired,277.0,Red lose others letter well. North attack what wide without station.
LST-1742,PRP-1814,AGT-0276,704000.0,2021-08-27,2022-02-19,Sold,321.0,Change feeling statement century born whatever charge.
LST-1743,PRP-3240,AGT-0105,1912000.0,2022-01-29,2022-06-04,Expired,270.0,Beat stay reflect Mrs cut.
LST-1744,PRP-2529,AGT-0181,2153300.0,2021-06-30,2021-11-15,Active,125.0,Deep interest generation prevent two.
LST-1745,PRP-0261,AGT-0206,1077000.0,2022-09-23,2023-02-16,Sold,180.0,Attorney green capital catch recently child. Turn kitchen its probably.
LST-1746,PRP-3621,AGT-0115,1556900.0,2023-03-25,2023-08-21,Active,126.0,Almost spend move. General rise table real laugh practice even.
LST-1747,PRP-2939,AGT-0138,310200.0,2020-08-29,2021-02-10,Sold,359.0,Nearly develop receive begin member item early few. Catch food however effect score hit.
LST-1748,PRP-4573,AGT-0270,479400.0,2022-12-18,2023-03-10,Active,246.0,How top treat there action member. Front act offer free range material for she.
LST-1749,PRP-4652,AGT-0194,1414400.0,2020-05-25,2020-09-27,Sold,,Town including check Mr computer. Forget generation meeting floor.
LST-1750,PRP-3038,AGT-0291,1880300.0,2021-03-19,2021-06-16,Sold,290.0,Can firm entire realize.
LST-1751,PRP-0540,AGT-0033,2616000.0,2024-02-02,2024-05-30,Sold,122.0,Occur behavior evening everybody.
LST-1752,PRP-0164,AGT-0300,1158400.0,2024-04-08,2024-06-27,Sold,39.0,Without analysis tax cost. Young matter then life language should.
LST-1753,PRP-1755,AGT-0011,2409800.0,2024-06-23,2024-12-04,Sold,228.0,Way stay because poor almost yet similar similar.
LST-1754,PRP-2004,AGT-0113,1772200.0,2022-02-10,2022-05-13,Sold,179.0,Develop technology already ever more gas with learn.
LST-1755,PRP-0955,AGT-0200,1165300.0,2023-10-17,2023-11-22,Active,205.0,And two yes probably free wind water fish.
LST-1756,PRP-0517,AGT-0058,2162300.0,2024-04-09,2024-07-24,Expired,262.0,Policy whose down couple heavy any. Social life room themselves.
LST-1757,PRP-0038,AGT-0271,2367200.0,2024-06-14,2024-10-29,Active,265.0,Picture while save within dog fact. Happy live trouble.
LST-1758,PRP-4395,AGT-0203,2494900.0,2020-06-09,2020-09-19,Active,42.0,Admit carry bed our former rest.
LST-1759,PRP-3825,AGT-0070,235600.0,2020-03-03,2020-07-29,Expired,214.0,Still product shoulder how miss collection show. Show point evidence practice star government right.
LST-1760,PRP-1144,AGT-0111,434100.0,2021-07-08,2021-08-18,Sold,346.0,Heart law eight nothing. Which yeah couple serious year.
LST-1761,PRP-1700,AGT-0240,735600.0,2023-11-01,2023-12-03,Pending,,Knowledge color avoid cultural continue. Decide by air field eye politics activity.
LST-1762,PRP-1981,AGT-0291,525500.0,2021-08-04,2021-12-07,Active,12.0,Feel ever spend continue college. Such matter management machine everybody drug energy large.
LST-1763,PRP-2795,AGT-0241,930700.0,2021-08-16,2021-09-16,Expired,191.0,Tell mother relate expert well.
LST-1764,PRP-1377,AGT-0277,1628100.0,2020-11-15,2021-01-28,Active,50.0,Travel certainly need character question number. Something explain clear smile many.
LST-1765,PRP-1590,AGT-0169,2083000.0,2024-06-05,2024-10-02,Sold,83.0,Hair other manage similar to section. Economy blood down agency media share some.
LST-1766,PRP-1983,AGT-0198,629000.0,2021-05-02,2021-06-24,Expired,206.0,Apply chair from part. Hour defense blue contain.
LST-1767,PRP-4893,AGT-0145,1978800.0,2023-07-28,2023-12-24,Withdrawn,193.0,Structure then purpose oil such.
LST-1768,PRP-3700,AGT-0231,774500.0,2024-04-22,2024-08-02,Sold,43.0,Public who I increase contain agreement. Positive evidence safe bag total room.
LST-1769,PRP-1537,AGT-0106,257200.0,2024-04-21,2024-06-10,Pending,121.0,Born send least difficult religious structure. Source should finally person avoid news read.
LST-1770,PRP-0882,AGT-0219,1238000.0,2021-09-16,2021-12-04,Sold,344.0,Fly everyone PM development various happy.
LST-1771,PRP-4108,AGT-0170,1773800.0,2024-02-20,2024-03-28,Sold,269.0,Peace bank mention film others. Program community church others attack name.
LST-1772,PRP-1416,AGT-0193,1716100.0,2020-09-06,2021-02-10,Sold,19.0,Our visit method avoid reflect goal stop. Parent financial article modern instead nor specific.
LST-1773,PRP-0331,AGT-0227,314600.0,2021-01-03,2021-02-24,Expired,205.0,Never walk art room public. Visit who analysis professional ten choice.
LST-1774,PRP-1351,AGT-0137,254900.0,2022-06-19,2022-12-01,Sold,,Century effort administration somebody since down capital. Especially own within fast fly clearly smile.
LST-1775,PRP-2761,AGT-0105,1877200.0,2021-06-26,2021-09-09,Sold,79.0,Back image strong fear pattern science. Or firm travel usually.
LST-1776,PRP-0241,AGT-0108,1031400.0,2020-01-06,2020-03-12,Sold,124.0,Evening alone if.
LST-1777,PRP-2423,AGT-0257,2742100.0,2021-06-05,2021-10-30,Sold,213.0,Strategy tax security management.
LST-1778,PRP-0460,AGT-0098,2416200.0,2024-04-19,2024-06-18,Pending,184.0,Policy say real consumer occur media hospital mind. Meet water leader while he probably.
LST-1779,PRP-1914,AGT-0128,1513300.0,2020-05-22,2020-08-25,Expired,268.0,Guy seven offer growth culture per clear. Push bar more personal prepare blood effect.
LST-1780,PRP-0018,AGT-0149,1835600.0,2021-10-15,2021-09-21,Sold,,May success including group common. Reflect move wrong guess.
LST-1781,PRP-4728,AGT-0120,1630400.0,2022-03-01,2022-07-25,Active,85.0,National culture kitchen sport carry star.
LST-1782,PRP-0277,AGT-0264,1772200.0,2020-06-09,2020-05-26,Sold,264.0,Television huge center everything call. Behavior response seek me.
LST-1783,PRP-3126,AGT-0070,178900.0,2020-01-19,2020-02-26,Expired,147.0,Child late economic song in war. Must alone against dream red.
LST-1784,PRP-4026,AGT-0172,867000.0,2024-04-07,2024-08-06,Active,326.0,Direction rise second everybody.
LST-1785,PRP-0628,AGT-0034,1634400.0,2023-06-09,2023-08-12,Expired,118.0,Matter remember where station produce issue.
LST-1786,PRP-3185,AGT-0068,1797500.0,2021-06-20,2021-08-26,Active,240.0,Third allow able power through either century.
LST-1787,PRP-0141,AGT-0069,591800.0,2022-05-02,2022-09-03,Sold,,Wall media in analysis our hotel carry. Finish perform wear all.
LST-1788,PRP-0409,AGT-0012,314700.0,2023-04-06,2023-06-27,Sold,259.0,My foot clear be cause since career American.
LST-1789,PRP-3622,AGT-0141,1249500.0,2021-12-26,2022-03-12,Expired,305.0,Can nor should oil. Upon edge consumer body tend tough.
LST-1790,PRP-1728,AGT-0280,321700.0,2023-12-25,2024-05-07,Sold,66.0,Action middle wear woman.
LST-1791,PRP-2677,AGT-0239,587800.0,2023-08-20,2023-10-02,Sold,240.0,Garden end tell second. Hair throughout west born professional.
LST-1792,PRP-3830,AGT-0096,1150000.0,2022-11-02,2022-12-27,Sold,56.0,Poor these deep section manage week exist. Kind product truth per hit.
LST-1793,PRP-4864,AGT-0206,943900.0,2024-01-21,2024-04-03,Expired,31.0,Audience if since rule improve project home hotel. Describe itself development religious ball myself others key.
LST-1794,PRP-0196,AGT-0190,211100.0,2024-03-13,2024-08-02,Expired,307.0,Myself step fall mind field such. Hour thousand view international.
LST-1795,PRP-1024,AGT-0178,1737300.0,2023-07-04,2023-09-09,Active,56.0,Situation fast member fall common air. Write size including movement significant build.
LST-1796,PRP-0903,AGT-0180,1440700.0,2021-02-11,2021-05-07,Sold,103.0,Box responsibility final condition.
LST-1797,PRP-2333,AGT-0027,1829900.0,2021-09-09,2022-02-09,Active,220.0,Allow couple late until forward everything college.
LST-1798,PRP-3866,AGT-0194,2537400.0,2023-05-28,2023-08-04,Sold,255.0,Town share economic choose.
LST-1799,PRP-0592,AGT-0205,1597300.0,2021-03-02,2021-06-20,Withdrawn,88.0,More piece ahead section participant address.
LST-1800,PRP-1709,AGT-0106,2773000.0,2021-02-25,2021-06-28,Active,9.0,His state put benefit.
LST-1801,PRP-0933,AGT-0088,2192800.0,2022-10-02,2023-01-31,Active,,Power indeed create personal miss car.
LST-1802,PRP-2461,AGT-0242,1175700.0,2021-07-04,2021-06-07,Active,358.0,Range chair writer than according recent. Upon agent dinner treat.
LST-1803,PRP-4592,AGT-0152,1209300.0,2023-03-26,2023-08-10,Sold,288.0,Huge full side speech focus church science live. Them necessary admit cold both area wind.
LST-1804,PRP-4581,AGT-0164,2325400.0,2021-10-12,2021-12-14,Expired,,Again early help soon but material source close.
LST-1805,PRP-1049,AGT-0080,2321500.0,2020-03-07,2020-06-21,Expired,,Not source phone per someone.
LST-1806,PRP-0527,AGT-0116,1040300.0,2020-03-21,2020-09-10,Withdrawn,100.0,Every beyond left prove go. Candidate speak one.
LST-1807,PRP-1956,AGT-0176,649200.0,2020-01-06,2019-12-26,Active,198.0,Describe plant read tell evening meet challenge per. Hear course option stay work.
LST-1808,PRP-2009,AGT-0146,1569700.0,2021-03-31,2021-05-23,Sold,166.0,Message vote low life.
LST-1809,PRP-1027,AGT-0160,2274200.0,2020-10-15,2021-04-11,Sold,130.0,Create someone let it audience it cup break.
LST-1810,PRP-2957,AGT-0071,2605400.0,2024-06-16,2024-11-16,Sold,186.0,Trouble positive son phone tonight town raise same. Nearly we never treat management door buy.
LST-1811,PRP-1305,AGT-0067,2291000.0,2020-10-30,2021-04-23,Sold,129.0,Health book interview agreement. Recently late off whether.
LST-1812,PRP-3177,AGT-0027,934700.0,2021-12-26,2022-03-21,Sold,66.0,Happy TV leg today best.
LST-1813,PRP-3588,AGT-0072,202000.0,2023-06-29,2023-07-29,Sold,358.0,Voice new again produce eat lose not agreement.
LST-1814,PRP-2090,AGT-0094,564100.0,2022-09-06,2022-11-21,Sold,83.0,Choose situation want live age. Management toward work better.
LST-1815,PRP-2824,AGT-0144,2051100.0,2021-05-19,2021-07-28,Withdrawn,94.0,Project none too man child sing meet. Short future answer personal.
LST-1816,PRP-2642,AGT-0162,1818000.0,2023-02-26,2023-02-10,Active,87.0,Usually health exist worry.
LST-1817,PRP-2768,AGT-0160,1512500.0,2022-03-16,2022-07-02,Sold,,Instead five pay make near decision.
LST-1818,PRP-1961,AGT-0161,810000.0,2020-09-08,2021-02-28,Active,10.0,Open culture challenge game notice.
LST-1819,PRP-2161,AGT-0192,937800.0,2020-01-06,2020-02-16,Sold,320.0,Degree with or physical.
LST-1820,PRP-2811,AGT-0170,1547400.0,2023-02-02,2023-01-29,Sold,279.0,Full religious production bag.
LST-1821,PRP-2183,AGT-0137,748000.0,2021-03-14,2021-04-30,Pending,327.0,Recent name wonder among machine situation.
LST-1822,PRP-3989,AGT-0088,386300.0,2022-09-11,2023-02-10,Active,169.0,Clearly wall anyone newspaper. Newspaper measure across military.
LST-1823,PRP-2686,AGT-0013,1954200.0,2020-08-26,2020-10-23,Sold,309.0,Any true determine natural piece beyond. Campaign all human none ahead.
LST-1824,PRP-1824,AGT-0218,1933500.0,2024-01-14,2024-03-25,Withdrawn,229.0,Every whatever technology wrong I statement late.
LST-1825,PRP-3565,AGT-0179,1298500.0,2023-06-26,2023-11-26,Expired,317.0,Understand page reason study. Paper parent police both choose bag.
LST-1826,PRP-4728,AGT-0267,1656300.0,2023-07-05,2023-09-20,Sold,257.0,Ok store security push type artist.
LST-1827,PRP-2668,AGT-0294,2369500.0,2021-07-22,2021-06-29,Sold,80.0,Able management offer ball painting education.
LST-1828,PRP-0483,AGT-0101,1582500.0,2023-11-02,2024-03-17,Sold,42.0,Form realize produce art magazine.
LST-1829,PRP-3410,AGT-0155,2059400.0,2022-09-02,2022-10-08,Sold,,So table officer.
LST-1830,PRP-4241,AGT-0017,1186100.0,2020-01-05,2020-04-12,Pending,344.0,Morning alone follow another father tough despite. Bit attack there main.
LST-1831,PRP-2088,AGT-0021,2244400.0,2022-09-05,2022-10-06,Sold,51.0,Case available listen early. Culture set whether radio cold early.
LST-1832,PRP-1068,AGT-0183,1980300.0,2024-02-11,2024-06-18,Withdrawn,,Up look head enter benefit. Conference society financial figure bank sit free.
LST-1833,PRP-3866,AGT-0084,2065500.0,2023-08-31,2023-12-16,Sold,121.0,Boy past story follow smile full. Wonder start wife visit drug address.
LST-1834,PRP-3712,AGT-0111,848700.0,2021-12-18,2022-02-20,Sold,,Wife west usually central. Her tree surface at.
LST-1835,PRP-2886,AGT-0041,1916700.0,2023-10-04,2024-03-24,Withdrawn,,Last information note. Where certain set thus.
LST-1836,PRP-3143,AGT-0099,695800.0,2024-03-13,2024-09-05,Sold,28.0,Everything unit within decide.
LST-1837,PRP-1882,AGT-0213,106400.0,2023-12-16,2024-05-15,Withdrawn,34.0,Watch sing arm great.
LST-1838,PRP-0038,AGT-0140,565000.0,2023-01-27,2023-05-15,Withdrawn,296.0,Every statement tend certainly.
LST-1839,PRP-0862,AGT-0211,447100.0,2023-05-29,2023-07-09,Active,263.0,Laugh per TV by memory ever. Account who center mother campaign.
LST-1840,PRP-2130,AGT-0091,1510100.0,2020-11-25,2021-01-23,Sold,251.0,Among former bank.
LST-1841,PRP-1736,AGT-0054,652300.0,2020-08-11,2020-11-28,Sold,213.0,Call world life reality listen. Cause eat director decide but.
LST-1842,PRP-4933,AGT-0171,2986300.0,2023-06-15,2023-08-30,Expired,97.0,Indeed consider thing place ever thus.
LST-1843,PRP-1687,AGT-0071,1478500.0,2022-09-19,2022-10-25,Sold,59.0,Report hard its.
LST-1844,PRP-0393,AGT-0162,2051600.0,2021-02-19,2021-04-25,Sold,18.0,Life trial charge attention buy several several open.
LST-1845,PRP-0806,AGT-0005,1148000.0,2020-07-02,2020-10-03,Expired,189.0,Stock beautiful there how natural personal style.
LST-1846,PRP-2609,AGT-0048,2056600.0,2021-05-25,2021-07-27,Withdrawn,228.0,Line process task road.
LST-1847,PRP-1257,AGT-0111,2681000.0,2023-12-12,2024-01-22,Sold,27.0,Material line entire pick.
LST-1848,PRP-0893,AGT-0159,2190000.0,2022-06-02,2022-07-06,Sold,46.0,Mother dark those prove left. Decision art main couple born win.
LST-1849,PRP-0044,AGT-0012,1599900.0,2024-02-19,2024-04-22,Sold,210.0,Bit response impact education billion technology certainly.
LST-1850,PRP-0049,AGT-0199,2776400.0,2021-01-03,2021-05-25,Active,305.0,Least glass sure lawyer. Professor fish course bit something.
LST-1851,PRP-4817,AGT-0006,1149400.0,2023-03-08,2023-05-30,Sold,240.0,Wind interesting writer leave.
LST-1852,PRP-0827,AGT-0067,2024600.0,2021-04-19,2021-08-20,Sold,18.0,Age white unit form rock happen. Health pass build end.
LST-1853,PRP-1557,AGT-0003,670000.0,2022-08-08,2022-12-30,Sold,14.0,Very discuss case natural art just me.
LST-1854,PRP-3884,AGT-0010,555300.0,2020-05-11,2020-08-21,Expired,302.0,Eat for discover everyone.
LST-1855,PRP-3297,AGT-0063,1289100.0,2020-04-14,2020-09-17,Expired,276.0,Budget top choose news.
LST-1856,PRP-4033,AGT-0284,2674100.0,2022-08-19,2022-11-13,Active,326.0,Really process marriage clearly nothing night open. Appear officer remain drug since example.
LST-1857,PRP-0780,AGT-0038,2353100.0,2023-04-14,2023-09-08,Active,6.0,Health medical paper few draw say analysis. Other purpose peace half.
LST-1858,PRP-0793,AGT-0147,1038200.0,2021-10-26,2022-03-18,Sold,219.0,Option recognize majority girl executive maybe energy. Approach economic upon history type issue.
LST-1859,PRP-4202,AGT-0062,1022400.0,2021-12-10,2022-05-10,Active,101.0,Staff new test direction exist reflect.
LST-1860,PRP-1556,AGT-0258,1115400.0,2022-07-13,2022-11-03,Withdrawn,195.0,Subject teach now economy half case you. Tend they eye particularly herself hotel.
LST-1861,PRP-3439,AGT-0289,713200.0,2024-06-21,2024-10-08,Pending,,Example our member wrong one rather.
LST-1862,PRP-0640,AGT-0293,2180400.0,2021-12-24,2022-01-27,Pending,352.0,Same understand the.
LST-1863,PRP-0399,AGT-0252,2932000.0,2023-11-27,2024-04-05,Expired,361.0,Important arrive teacher traditional spring gun.
LST-1864,PRP-1103,AGT-0274,2287400.0,2022-11-21,2023-01-26,Sold,191.0,Record improve big upon.
LST-1865,PRP-2350,AGT-0001,1655900.0,2021-08-23,2021-10-21,Sold,97.0,Magazine crime thing form about.
LST-1866,PRP-3771,AGT-0211,1166900.0,2023-06-03,2023-07-30,Sold,363.0,West without worry.
LST-1867,PRP-2250,AGT-0260,1900400.0,2020-06-28,2020-11-26,Sold,45.0,Rise stay school thousand. It director father member blood pressure.
LST-1868,PRP-3302,AGT-0239,383000.0,2022-09-14,2022-11-20,Pending,287.0,Support enter agreement operation.
LST-1869,PRP-4159,AGT-0047,781600.0,2022-08-24,2022-12-23,Pending,289.0,Soldier billion majority create democratic over. Top ability world party military floor sure down.
LST-1870,PRP-1974,AGT-0075,2179100.0,2020-01-16,2020-04-15,Pending,125.0,Another if something once change media spring. Game case life test name likely use.
LST-1871,PRP-3772,AGT-0084,2878500.0,2022-01-30,2022-03-13,Withdrawn,200.0,Entire join other market report speech.
LST-1872,PRP-1076,AGT-0026,1416800.0,2022-03-24,2022-09-03,Expired,203.0,Case fight beyond leave share page. Indeed environment painting recently.
LST-1873,PRP-4567,AGT-0217,551400.0,2023-10-03,2024-02-29,Sold,232.0,Two take her turn sing realize family. Staff wear amount recent term half.
LST-1874,PRP-3134,AGT-0198,1140100.0,2020-10-19,2021-03-03,Sold,172.0,Part every place region several report both.
LST-1875,PRP-1003,AGT-0203,478800.0,2022-04-01,2022-07-02,Withdrawn,291.0,According past move less.
LST-1876,PRP-4773,AGT-0253,594500.0,2021-11-01,2022-04-15,Sold,191.0,Number admit three size last customer.
LST-1877,PRP-1682,AGT-0224,1575500.0,2020-12-13,2021-03-25,Sold,359.0,Camera heavy reality international open short rate rest.
LST-1878,PRP-0120,AGT-0005,1454700.0,2024-05-22,2024-10-30,Active,99.0,Power customer line above. Environmental scene relationship simple continue smile forget evidence.
LST-1879,PRP-2945,AGT-0255,342700.0,2023-04-25,2023-08-19,Sold,213.0,Many believe north. Information finally arm check if economic believe.
LST-1880,PRP-0319,AGT-0019,526800.0,2020-09-04,2021-02-14,Withdrawn,5.0,Dream bed type mission and especially up.
LST-1881,PRP-4352,AGT-0141,191400.0,2024-02-13,2024-03-14,Active,95.0,Cell full history inside continue music various. Any minute never prove rule.
LST-1882,PRP-3129,AGT-0006,1419700.0,2020-03-20,2020-08-30,Active,345.0,Police face while help material spring.
LST-1883,PRP-2282,AGT-0086,988200.0,2024-06-25,2024-11-18,Sold,,Knowledge effort fact bank imagine age reduce. Special look trial.
LST-1884,PRP-3562,AGT-0031,724700.0,2021-02-21,2021-08-16,Sold,355.0,Onto threat these central action another while. Social environment design from into ability those front.
LST-1885,PRP-4555,AGT-0267,1672600.0,2023-04-23,2023-06-09,Sold,248.0,Research cost deep team across. Economy simply kitchen once interview reach despite us.
LST-1886,PRP-2815,AGT-0212,1525800.0,2023-03-03,2023-07-16,Sold,69.0,Off official of how. Phone walk model sport myself represent nice.
LST-1887,PRP-1387,AGT-0012,2539000.0,2023-09-24,2023-12-06,Sold,237.0,Entire son rule speak type operation.
LST-1888,PRP-1578,AGT-0198,2626300.0,2021-08-31,2022-01-06,Sold,14.0,He film catch interesting.
LST-1889,PRP-2659,AGT-0214,894000.0,2021-09-06,2021-10-09,Sold,218.0,Service few Mrs.
LST-1890,PRP-1244,AGT-0090,2233200.0,2023-09-02,2023-11-29,Withdrawn,221.0,Only scene every.
LST-1891,PRP-4405,AGT-0225,1901500.0,2020-04-08,2020-10-02,Pending,16.0,Now father policy itself in report manage.
LST-1892,PRP-1868,AGT-0112,1186000.0,2022-07-14,2022-09-12,Withdrawn,59.0,Finally list soldier often human different.
LST-1893,PRP-3315,AGT-0088,2469700.0,2022-10-17,2023-01-08,Active,89.0,Other lose anything buy affect me.
LST-1894,PRP-1269,AGT-0130,1389600.0,2022-02-23,2022-04-27,Sold,156.0,Long floor manage card environment when style.
LST-1895,PRP-4955,AGT-0058,895000.0,2022-06-24,2022-08-31,Active,179.0,Court he report marriage let term. Meeting central various who build certainly heart.
LST-1896,PRP-4884,AGT-0093,1491400.0,2022-05-22,2022-09-03,Sold,102.0,Call still similar name strategy.
LST-1897,PRP-2880,AGT-0244,815200.0,2020-06-13,2020-10-26,Sold,271.0,Shake outside part.
LST-1898,PRP-1128,AGT-0269,2341600.0,2023-11-15,2024-02-19,Expired,60.0,Miss reality listen.
LST-1899,PRP-1729,AGT-0099,606700.0,2021-01-16,2021-06-23,Sold,,Air data include ahead learn large. Prove both executive water consumer page.
LST-1900,PRP-2383,AGT-0129,1925300.0,2020-11-16,2021-03-03,Sold,291.0,Season person yourself structure. Bag role argue moment chance design.
LST-1901,PRP-0751,AGT-0036,319500.0,2023-07-31,2023-07-14,Expired,206.0,Shake cover light by billion memory place. Never really three reflect.
LST-1902,PRP-1927,AGT-0057,1231800.0,2023-09-11,2024-02-09,Sold,70.0,Almost whole politics close yeah. Else religious if.
LST-1903,PRP-0328,AGT-0099,1677300.0,2020-04-19,2020-07-16,Withdrawn,118.0,Natural apply exactly audience. Save catch American indeed three new sure concern.
LST-1904,PRP-4602,AGT-0039,548200.0,2021-05-22,2021-07-26,Sold,332.0,Half produce information student piece.
LST-1905,PRP-4697,AGT-0027,517300.0,2022-06-16,2022-12-12,Expired,165.0,Bar important never maintain short. Score whose space guy industry.
LST-1906,PRP-4188,AGT-0135,488900.0,2024-06-06,2024-09-14,Active,125.0,Full current career beat better real quickly whom. Economy mission process another you thank.
LST-1907,PRP-0361,AGT-0130,2009000.0,2023-06-18,2023-08-03,Active,64.0,Anyone apply less doctor officer very peace up. Conference certainly play whose.
LST-1908,PRP-2003,AGT-0154,619300.0,2024-04-07,2024-09-29,Sold,343.0,Technology go change especially.
LST-1909,PRP-4224,AGT-0263,2935000.0,2024-06-01,2024-10-31,Active,89.0,Then leader region board door. Former you keep outside.
LST-1910,PRP-2099,AGT-0084,1465900.0,2022-07-15,2022-09-30,Active,163.0,Amount fill order lawyer marriage candidate. House those top bring fact.
LST-1911,PRP-0935,AGT-0094,867500.0,2022-02-11,2022-06-12,Sold,322.0,Also data yard voice responsibility since health. Professor when its Democrat security build.
LST-1912,PRP-3650,AGT-0173,1134300.0,2022-11-07,2022-12-11,Sold,,Republican wall pay smile.
LST-1913,PRP-2047,AGT-0027,1520900.0,2021-01-04,2021-02-03,Active,63.0,Rule one see single.
LST-1914,PRP-3570,AGT-0033,1407800.0,2021-10-19,2022-04-04,Active,56.0,Statement American good. Join guess heart identify his recent.
LST-1915,PRP-4803,AGT-0221,725400.0,2022-12-26,2023-03-19,Sold,112.0,Moment article as often table paper understand. Simply enjoy push people within growth those.
LST-1916,PRP-1627,AGT-0095,157000.0,2022-03-07,2022-05-26,Sold,216.0,Camera important how around indeed. See kind can usually local oil.
LST-1917,PRP-1281,AGT-0271,883700.0,2020-05-22,2020-07-19,Expired,71.0,Financial professional Mr economy from.
LST-1918,PRP-2583,AGT-0029,905500.0,2023-05-06,2023-09-27,Sold,121.0,Behavior range investment eye hold. Person could across.
LST-1919,PRP-4086,AGT-0205,1062500.0,2022-04-16,2022-09-27,Sold,350.0,Commercial hospital case chair lead area fast. Someone relate young chair top.
LST-1920,PRP-4360,AGT-0220,2269100.0,2024-04-27,2024-10-18,Active,142.0,Stay few my space. Try cause force identify old network mention.
LST-1921,PRP-2446,AGT-0072,149800.0,2020-12-05,2021-04-03,Sold,55.0,Whom choice bill ahead our join beat college.
LST-1922,PRP-1872,AGT-0280,1811000.0,2022-08-20,2022-09-25,Sold,96.0,Rate toward use wear happen force. Statement exactly data get debate these scientist college.
LST-1923,PRP-0518,AGT-0076,1240300.0,2020-11-03,2021-04-25,Sold,23.0,Thank baby resource around return get.
LST-1924,PRP-3829,AGT-0257,497800.0,2021-10-10,2022-02-01,Active,171.0,Seat example commercial wear east every early. Claim reality clearly pass Mrs.
LST-1925,PRP-0105,AGT-0020,148000.0,2023-02-07,2023-04-04,Sold,130.0,Fish past include response ground sense.
LST-1926,PRP-4621,AGT-0002,207900.0,2022-10-05,2022-12-05,Sold,288.0,Glass high perform cover role.
LST-1927,PRP-0411,AGT-0096,2292300.0,2020-12-29,2021-03-24,Withdrawn,,Ask view sell prevent run. Level about last wish enter benefit.
LST-1928,PRP-2776,AGT-0068,2075800.0,2023-09-15,2024-02-07,Sold,266.0,Couple happy mention.
LST-1929,PRP-2909,AGT-0048,1655300.0,2023-07-10,2023-06-30,Sold,,Create all bag shoulder responsibility live. Assume toward write relate individual leg unit.
LST-1930,PRP-3331,AGT-0169,270000.0,2024-06-06,2024-07-25,Sold,260.0,Network Democrat likely make degree. Situation something plan.
LST-1931,PRP-4236,AGT-0211,1599500.0,2023-07-14,2023-09-29,Pending,337.0,Program because themselves training. It always myself two.
LST-1932,PRP-4869,AGT-0242,2143100.0,2023-08-15,2023-10-01,Sold,358.0,Early heart condition shoulder claim music.
LST-1933,PRP-3409,AGT-0177,1128000.0,2022-08-27,2022-08-26,Expired,125.0,Also big book. Radio station back poor.
LST-1934,PRP-1277,AGT-0160,1215400.0,2024-02-21,2024-04-05,Sold,341.0,Peace impact minute church nation drive culture.
LST-1935,PRP-0199,AGT-0133,1241100.0,2023-12-08,2024-03-19,Sold,,Wish employee much feeling measure return both.
LST-1936,PRP-1127,AGT-0088,2061700.0,2023-01-06,2023-02-17,Sold,340.0,Single benefit federal.
LST-1937,PRP-2956,AGT-0135,914700.0,2023-11-04,2024-02-17,Active,69.0,Question will mission some be. Fight early draw house interesting expect both.
LST-1938,PRP-2932,AGT-0078,2500000.0,2020-05-12,2020-08-25,Sold,247.0,Exactly partner good theory less.
LST-1939,PRP-1475,AGT-0061,2357200.0,2020-08-25,2020-12-01,Sold,28.0,East stage interesting range sort range. Hospital support would senior country military.
LST-1940,PRP-1580,AGT-0050,2409000.0,2021-11-11,2022-02-01,Sold,53.0,Floor information several but. Region sport agent my when.
LST-1941,PRP-3495,AGT-0127,2034700.0,2023-07-06,2023-10-07,Sold,150.0,Consumer cell modern alone eight beat thus past.
LST-1942,PRP-0246,AGT-0136,2401200.0,2022-05-17,2022-08-14,Sold,193.0,Technology let ground. Citizen half stuff report near his.
LST-1943,PRP-4836,AGT-0041,2420200.0,2023-06-15,2023-09-12,Sold,174.0,Tree wait address light side attack scene.
LST-1944,PRP-1473,AGT-0031,2225000.0,2020-05-16,2020-04-24,Expired,149.0,Tonight behind body both movement really white social. Name fight happen which cause doctor set own.
LST-1945,PRP-4403,AGT-0095,535000.0,2022-04-28,2022-06-18,Sold,316.0,Great perform on move safe run. Public natural modern Congress.
LST-1946,PRP-2472,AGT-0005,1468100.0,2023-08-08,2023-09-07,Sold,,Traditional address could behind soldier still. Water strategy debate order onto food TV.
LST-1947,PRP-2443,AGT-0051,1117200.0,2020-04-04,2020-06-28,Expired,186.0,Car thousand same result. Station manager politics they finally central.
LST-1948,PRP-3033,AGT-0190,1746200.0,2022-02-13,2022-07-28,Active,47.0,Public teach style recent. Administration language strategy although.
LST-1949,PRP-4319,AGT-0178,300000.0,2022-07-13,2022-12-09,Sold,326.0,Industry develop better scientist place line. Marriage high everyone per production certainly office cultural.
LST-1950,PRP-3503,AGT-0265,217500.0,2020-12-27,2021-02-15,Sold,24.0,Stay class course near each significant always.
LST-1951,PRP-1387,AGT-0247,552900.0,2024-06-19,2024-11-15,Expired,333.0,Must information fear already whether there catch. It several your Republican scene.
LST-1952,PRP-0660,AGT-0132,2417400.0,2022-04-18,2022-08-14,Pending,105.0,Same class even item. Class speech outside believe over bad thought.
LST-1953,PRP-0784,AGT-0160,555800.0,2020-01-11,2020-02-14,Sold,,Spring drug allow board put. Possible air bag understand.
LST-1954,PRP-1188,AGT-0244,1987600.0,2023-10-04,2024-02-21,Active,323.0,Pick role science blue something source smile. Series policy when economy production.
LST-1955,PRP-1609,AGT-0191,596300.0,2023-12-01,2024-04-20,Sold,299.0,Say but throw television station heavy.
LST-1956,PRP-3879,AGT-0074,174800.0,2020-05-30,2020-07-05,Pending,96.0,Kid sport least. Finish industry street tend authority behavior.
LST-1957,PRP-3326,AGT-0110,1784300.0,2020-05-12,2020-10-26,Sold,,Far piece officer fast among century case ten.
LST-1958,PRP-0077,AGT-0248,1454800.0,2022-02-17,2022-04-15,Expired,365.0,Where test subject good charge news purpose cup.
LST-1959,PRP-3732,AGT-0217,2305700.0,2023-11-01,2023-10-24,Expired,252.0,Know glass pattern year. Including western ground listen late less.
LST-1960,PRP-1567,AGT-0280,2247800.0,2024-01-28,2024-04-10,Sold,18.0,Authority save money hit.
LST-1961,PRP-1001,AGT-0237,798900.0,2020-02-14,2020-07-07,Sold,75.0,Relationship chance firm it money.
LST-1962,PRP-2558,AGT-0207,1371700.0,2024-03-08,2024-06-02,Sold,116.0,Tell article fire sound. Ground while ask attorney water must.
LST-1963,PRP-0464,AGT-0014,718000.0,2020-08-22,2020-11-18,Active,275.0,Discussion real value training apply box.
LST-1964,PRP-4277,AGT-0130,72400.0,2024-05-22,2024-10-26,Sold,332.0,Machine beautiful organization treat.
LST-1965,PRP-3733,AGT-0184,1315400.0,2023-09-24,2024-03-03,Sold,277.0,Detail structure carry eight. Center yard either source performance arm keep.
LST-1966,PRP-0043,AGT-0249,1291100.0,2022-11-11,2023-04-14,Sold,46.0,Weight draw church full.
LST-1967,PRP-2913,AGT-0098,209400.0,2023-10-04,2023-12-18,Expired,247.0,Soon light charge.
LST-1968,PRP-0553,AGT-0012,2271500.0,2022-07-11,2023-01-04,Sold,212.0,Table policy event third everything.
LST-1969,PRP-4991,AGT-0292,1097800.0,2021-06-27,2021-09-24,Withdrawn,330.0,Cup story thank plan. Large group effort trial activity group score.
LST-1970,PRP-4472,AGT-0167,2155400.0,2023-10-18,2023-12-30,Active,292.0,Stage power effect past. Wear reduce million.
LST-1971,PRP-4932,AGT-0102,2085500.0,2020-10-27,2021-01-08,Sold,297.0,Culture will room three glass.
LST-1972,PRP-2195,AGT-0043,2314900.0,2022-05-24,2022-09-09,Sold,246.0,That consumer situation during site base indeed.
LST-1973,PRP-4997,AGT-0062,706600.0,2021-07-11,2021-10-07,Active,339.0,Commercial police go hit only amount.
LST-1974,PRP-2714,AGT-0129,2907700.0,2022-12-07,2023-04-29,Sold,,Camera because ask pretty simply wide. Play article approach start cold energy people.
LST-1975,PRP-1341,AGT-0279,1378300.0,2023-04-21,2023-07-28,Sold,304.0,Strong read message.
LST-1976,PRP-1155,AGT-0189,2283500.0,2021-02-12,2021-06-19,Sold,173.0,Whatever yard they this difficult practice bag well.
LST-1977,PRP-1232,AGT-0096,2601900.0,2020-03-25,2020-03-15,Sold,,Lay analysis development research fund. Campaign win about daughter country heavy.
LST-1978,PRP-4709,AGT-0013,1366000.0,2021-04-22,2021-08-21,Expired,331.0,Create officer physical painting six just.
LST-1979,PRP-4501,AGT-0195,902000.0,2023-11-28,2024-04-28,Active,337.0,Determine big leader former.
LST-1980,PRP-2356,AGT-0181,367200.0,2023-01-13,2023-04-01,Sold,319.0,Administration each career billion. Campaign office group year.
LST-1981,PRP-2287,AGT-0021,801200.0,2020-05-04,2020-07-12,Sold,14.0,Well month individual same.
LST-1982,PRP-4587,AGT-0048,1736100.0,2020-03-17,2020-03-03,Sold,144.0,Cover direction be board. Between skill heavy must I anything her foot.
LST-1983,PRP-0626,AGT-0199,1991200.0,2022-06-27,2022-08-25,Sold,87.0,Someone author deal mind very million.
LST-1984,PRP-1695,AGT-0281,1625600.0,2022-08-20,2023-01-31,Sold,239.0,Moment stock material like available air ok. Quite drug cup.
LST-1985,PRP-4706,AGT-0180,422900.0,2020-09-03,2020-10-04,Active,276.0,Watch laugh huge.
LST-1986,PRP-4955,AGT-0139,2685300.0,2023-10-11,2024-02-14,Sold,166.0,Sure defense history have various character.
LST-1987,PRP-0591,AGT-0286,1253000.0,2020-12-11,2021-06-07,Sold,56.0,Produce base image party grow pressure smile. Begin total dog watch it some we American.
LST-1988,PRP-0543,AGT-0151,559800.0,2022-08-06,2022-11-13,Sold,3.0,Usually discover majority other. Sing various together sign daughter region thought.
LST-1989,PRP-3437,AGT-0001,2596000.0,2020-11-11,2020-12-12,Withdrawn,,Image line politics from identify. Must likely direction continue live theory.
LST-1990,PRP-1559,AGT-0088,654200.0,2022-03-25,2022-03-10,Active,,Mr life than where couple.
LST-1991,PRP-4410,AGT-0229,1899200.0,2022-09-26,2023-03-22,Pending,55.0,Chair democratic woman party unit.
LST-1992,PRP-1596,AGT-0238,2063000.0,2022-03-22,2022-05-28,Expired,193.0,Occur instead sister teacher.
LST-1993,PRP-3246,AGT-0071,246800.0,2023-07-08,2023-08-28,Sold,259.0,Cost both technology draw hair investment. Music see almost many there process current.
LST-1994,PRP-3676,AGT-0064,2098900.0,2024-01-28,2024-04-01,Sold,49.0,Mention ball community when.
LST-1995,PRP-3838,AGT-0136,1301800.0,2021-03-02,2021-08-10,Sold,230.0,Pull ok affect avoid score today. Traditional tonight beyond believe sometimes.
LST-1996,PRP-1404,AGT-0100,786100.0,2020-03-31,2020-06-08,Sold,327.0,Place face security current college.
LST-1997,PRP-4380,AGT-0144,2492400.0,2023-05-13,2023-06-28,Sold,182.0,Store some future office reduce. See another cut son city authority charge.
LST-1998,PRP-2076,AGT-0089,2029700.0,2021-02-12,2021-07-31,Sold,,Test threat she improve season surface end always.
LST-1999,PRP-0726,AGT-0222,903800.0,2021-03-05,2021-07-18,Withdrawn,75.0,Before his number hand stage with.
LST-2000,PRP-1246,AGT-0160,61000.0,2023-03-26,2023-07-29,Expired,140.0,Owner still catch amount word country show president.
LST-2001,PRP-3584,AGT-0224,971200.0,2020-04-25,2020-08-15,Pending,172.0,Change myself offer reduce behind.
LST-2002,PRP-4969,AGT-0243,2406100.0,2021-10-19,2022-02-03,Expired,354.0,Different have thank his address.
LST-2003,PRP-4019,AGT-0103,2125900.0,2023-05-11,2023-10-01,Expired,90.0,Reflect family record family there. Guess or research degree crime surface.
LST-2004,PRP-3681,AGT-0240,2027100.0,2021-02-25,2021-05-07,Withdrawn,195.0,Early PM long early life look.
LST-2005,PRP-0266,AGT-0133,177800.0,2022-03-18,2022-08-20,Withdrawn,350.0,Player choice data child on. Where area teach common positive brother bed build.
LST-2006,PRP-3109,AGT-0154,211700.0,2024-06-11,2024-11-17,Sold,65.0,Establish degree off. Agent view example country left capital.
LST-2007,PRP-4459,AGT-0065,126800.0,2022-11-13,2022-11-08,Withdrawn,18.0,Film analysis strong kid class in name.
LST-2008,PRP-1326,AGT-0089,269600.0,2020-03-26,2020-07-02,Sold,125.0,Prevent expert approach rich. Education difficult life race provide space little.
LST-2009,PRP-2549,AGT-0051,1190700.0,2024-04-18,2024-06-13,Active,321.0,Way car brother record become. Practice national next baby number there.
LST-2010,PRP-2397,AGT-0126,444600.0,2022-01-08,2022-06-13,Withdrawn,134.0,Professor teacher law structure third. Challenge very level lose issue here.
LST-2011,PRP-0248,AGT-0289,1007500.0,2020-10-03,2021-01-20,Pending,,Other hard base size arrive social character people. Change law drive image improve image.
LST-2012,PRP-1649,AGT-0265,2859700.0,2022-01-24,2022-06-05,Withdrawn,36.0,News perform important realize.
LST-2013,PRP-4737,AGT-0192,2410300.0,2024-03-03,2024-02-17,Sold,80.0,Evening talk television space main gas. Happy describe occur trade charge wide key or.
LST-2014,PRP-4253,AGT-0268,413100.0,2023-10-31,2024-03-18,Sold,237.0,Fill too relate great idea contain. Media focus position.
LST-2015,PRP-1198,AGT-0277,930200.0,2024-03-01,2024-07-28,Active,,Safe similar feel exactly difficult.
LST-2016,PRP-3229,AGT-0152,2381400.0,2021-08-04,2021-09-15,Expired,92.0,Official really measure listen traditional together Republican.
LST-2017,PRP-0940,AGT-0152,1659900.0,2023-04-17,2023-07-05,Sold,294.0,Sister message which walk yet style better. Magazine sea join support seat strong through yes.
LST-2018,PRP-3337,AGT-0272,969800.0,2020-02-24,2020-03-28,Active,207.0,Ahead series response from write rather sort.
LST-2019,PRP-2636,AGT-0184,1912300.0,2022-02-14,2022-06-30,Expired,257.0,Center identify else source sport vote. Off day story.
LST-2020,PRP-2500,AGT-0078,1468700.0,2024-04-11,2024-08-29,Sold,297.0,Him bit lead art PM coach real. Pay page claim against.
LST-2021,PRP-4358,AGT-0091,1473300.0,2021-11-22,2022-05-16,Sold,19.0,First back set career true.
LST-2022,PRP-2071,AGT-0278,2134900.0,2023-11-03,2024-02-04,Sold,256.0,Worry agree all.
LST-2023,PRP-1479,AGT-0216,1965400.0,2022-10-26,2023-04-08,Sold,144.0,Theory field claim change. Difference goal through individual rate.
LST-2024,PRP-3994,AGT-0126,1449100.0,2022-10-09,2023-03-04,Expired,207.0,Population artist central cut around huge.
LST-2025,PRP-1834,AGT-0291,1142800.0,2020-09-29,2020-10-29,Sold,363.0,Common me hotel often form from him stay. Hospital want protect boy.
LST-2026,PRP-4387,AGT-0146,1614800.0,2022-03-13,2022-06-21,Active,236.0,Word left about bring price begin. About among television exactly leader run federal.
LST-2027,PRP-1699,AGT-0253,2065600.0,2023-12-20,2023-12-08,Sold,305.0,Beautiful head executive trade medical throughout.
LST-2028,PRP-2529,AGT-0092,682900.0,2023-12-22,2024-06-13,Sold,83.0,Thousand should arm prepare. Weight clear southern medical.
LST-2029,PRP-1535,AGT-0038,2054700.0,2023-10-15,2023-12-03,Expired,176.0,Everybody involve not also.
LST-2030,PRP-0004,AGT-0079,994100.0,2022-10-23,2023-03-07,Sold,,Time world that director Mrs because. Catch let personal minute in life.
LST-2031,PRP-2077,AGT-0101,693500.0,2022-10-21,2022-12-26,Active,151.0,Community window suggest. Night need recognize morning site natural.
LST-2032,PRP-3286,AGT-0162,554900.0,2020-10-02,2020-11-09,Sold,170.0,Agent PM finally church approach total car. Run less political much.
LST-2033,PRP-0495,AGT-0061,1509800.0,2023-06-12,2023-09-18,Sold,260.0,Century lead huge social point edge reveal buy.
LST-2034,PRP-0377,AGT-0242,1347100.0,2024-05-31,2024-08-02,Sold,24.0,Plan particularly response structure myself.
LST-2035,PRP-2497,AGT-0299,368900.0,2023-11-19,2024-01-31,Sold,309.0,Present early indeed. Nor management exist black happy for economy direction.
LST-2036,PRP-4047,AGT-0127,1874700.0,2023-12-14,2024-04-01,Sold,291.0,Computer sign pattern job shoulder. Radio bad act property student floor.
LST-2037,PRP-0884,AGT-0038,2669400.0,2020-04-22,2020-05-23,Expired,296.0,Hour knowledge situation indicate door my be. Along lose short pull one.
LST-2038,PRP-3466,AGT-0163,927100.0,2022-06-11,2022-08-09,Sold,279.0,Necessary real sense why especially down.
LST-2039,PRP-0390,AGT-0045,2415700.0,2020-08-21,2020-10-30,Sold,289.0,Huge house assume poor. Animal will defense view bank.
LST-2040,PRP-3949,AGT-0178,2592800.0,2021-05-11,2021-06-21,Active,280.0,Develop a list in yard car minute. Must tonight be thought have.
LST-2041,PRP-4282,AGT-0138,1725400.0,2020-09-21,2020-12-31,Sold,250.0,Firm defense relate technology organization. Imagine year war actually different which.
LST-2042,PRP-0995,AGT-0094,2484200.0,2021-12-25,2022-05-07,Pending,23.0,Strategy nice item tell enjoy month thus minute. Reduce save grow.
LST-2043,PRP-2286,AGT-0220,1175600.0,2023-02-18,2023-03-27,Sold,357.0,Name close method fall.
LST-2044,PRP-4747,AGT-0210,694400.0,2023-11-14,2024-05-12,Sold,44.0,Difference them wall perhaps.
LST-2045,PRP-1007,AGT-0155,1184600.0,2020-02-09,2020-04-28,Active,89.0,Other former forget benefit seven religious.
LST-2046,PRP-0172,AGT-0034,379700.0,2022-01-21,2022-02-23,Sold,19.0,Mission want themselves sell apply service.
LST-2047,PRP-1232,AGT-0123,567700.0,2022-07-15,2022-12-13,Sold,339.0,Listen expect recently store of audience.
LST-2048,PRP-1759,AGT-0193,2122400.0,2020-10-16,2021-03-05,Sold,13.0,Step work at.
LST-2049,PRP-2150,AGT-0276,136500.0,2023-01-03,2023-03-23,Withdrawn,,Rather sea chair mission that another.
LST-2050,PRP-3951,AGT-0132,1814200.0,2020-08-24,2020-09-29,Expired,311.0,School exactly themselves remain prevent prepare. Old pretty way quality act.
LST-2051,PRP-4391,AGT-0001,323000.0,2020-07-17,2020-12-29,Active,278.0,Seat speak also federal center behind table. Include prevent beyond provide none lose.
LST-2052,PRP-2043,AGT-0187,106400.0,2022-06-16,2022-11-01,Active,300.0,Guy economy public key. Decision perform try son face lawyer program.
LST-2053,PRP-2667,AGT-0223,1045300.0,2021-05-22,2021-09-06,Expired,129.0,Recently building car nearly.
LST-2054,PRP-1035,AGT-0137,2283300.0,2021-09-07,2022-01-25,Pending,231.0,Skill record fly old add although pattern deep. Pick my knowledge hundred those election.
LST-2055,PRP-1485,AGT-0112,2068000.0,2023-02-03,2023-07-09,Sold,233.0,Suddenly week song special. Return film almost international.
LST-2056,PRP-4506,AGT-0174,1285700.0,2023-03-24,2023-06-14,Sold,264.0,When like such consider.
LST-2057,PRP-0862,AGT-0120,2650400.0,2022-06-18,2022-10-05,Pending,248.0,Usually make and true range economy capital idea.
LST-2058,PRP-2365,AGT-0088,2470200.0,2022-07-22,2022-08-24,Withdrawn,,Near myself opportunity smile game off. Almost standard carry our.
LST-2059,PRP-1605,AGT-0039,2965400.0,2022-01-31,2022-05-27,Withdrawn,63.0,Outside involve time mother center discover.
LST-2060,PRP-1407,AGT-0160,1395800.0,2020-10-22,2021-03-02,Active,193.0,Week successful according cover fast similar another. Another large expert activity team night heart.
LST-2061,PRP-0766,AGT-0081,1586700.0,2020-04-10,2020-05-15,Expired,,Court important teacher. End difference last final now.
LST-2062,PRP-4273,AGT-0130,779900.0,2022-08-05,2022-10-13,Sold,337.0,Media song it media loss difficult. Lot kitchen tax example consumer.
LST-2063,PRP-0292,AGT-0141,620100.0,2023-12-13,2024-05-13,Active,225.0,Own man military interview skin capital arrive study. All low member discuss account door.
LST-2064,PRP-3007,AGT-0258,1710800.0,2023-09-27,2024-01-23,Expired,23.0,Couple decision bank year. Worry individual treatment prepare wall religious sister.
LST-2065,PRP-2814,AGT-0028,187700.0,2024-04-17,2024-09-06,Sold,137.0,New effort trial nature.
LST-2066,PRP-3760,AGT-0007,1891600.0,2024-03-29,2024-08-05,Sold,,Much control show smile. Would soon traditional then.
LST-2067,PRP-1470,AGT-0044,1366200.0,2023-03-23,2023-05-12,Active,101.0,Case artist picture resource. Culture black though federal help.
LST-2068,PRP-3719,AGT-0266,1103400.0,2023-08-13,2023-11-24,Active,245.0,My pick make score expect think.
LST-2069,PRP-3798,AGT-0152,120300.0,2023-03-28,2023-07-27,Active,197.0,Process woman particular before sure.
LST-2070,PRP-3054,AGT-0133,932800.0,2023-12-10,2024-05-28,Sold,259.0,Power majority entire above. Officer lead certainly cover as.
LST-2071,PRP-2413,AGT-0060,388200.0,2020-04-05,2020-07-21,Expired,62.0,Heart exist democratic poor involve.
LST-2072,PRP-3054,AGT-0119,1485200.0,2020-04-25,2020-07-08,Active,331.0,Say him baby where future opportunity respond.
LST-2073,PRP-3498,AGT-0035,2204500.0,2020-05-03,2020-10-17,Withdrawn,363.0,Whole decade time.
LST-2074,PRP-2910,AGT-0122,1723300.0,2020-05-16,2020-09-23,Sold,260.0,Activity tax hit on piece almost.
LST-2075,PRP-1506,AGT-0011,1423700.0,2024-02-25,2024-06-03,Withdrawn,333.0,Baby everyone live. Politics role color doctor end since.
LST-2076,PRP-0147,AGT-0207,820500.0,2020-04-20,2020-04-02,Sold,362.0,Something bank score set eat eat yard. Difficult music price event wear form beautiful old.
LST-2077,PRP-4500,AGT-0186,2291400.0,2024-04-14,2024-09-30,Sold,65.0,Own stop only car arm image yes. Long democratic man both.
LST-2078,PRP-0482,AGT-0179,2966500.0,2021-01-06,2021-05-26,Active,93.0,Blue name home white address none anyone.
LST-2079,PRP-4832,AGT-0129,2875900.0,2022-07-25,2023-01-10,Sold,82.0,Crime Congress sound ten. Social leader effort PM summer down bill.
LST-2080,PRP-2343,AGT-0060,2096100.0,2021-01-03,2021-06-17,Sold,101.0,Card senior couple sport. Require back carry daughter order court.
LST-2081,PRP-3393,AGT-0116,1435500.0,2020-10-25,2021-03-01,Sold,128.0,Woman tough girl. Position charge director small according song history.
LST-2082,PRP-4168,AGT-0255,1750500.0,2020-03-13,2020-07-20,Sold,339.0,Bank indicate old fish possible instead the.
LST-2083,PRP-4330,AGT-0115,209900.0,2021-07-03,2021-12-29,Sold,208.0,Rate plan entire several among near our. As success cut physical.
LST-2084,PRP-2223,AGT-0189,2426800.0,2023-07-18,2023-08-17,Active,156.0,Rate design wife stage. Prevent high including player idea.
LST-2085,PRP-1064,AGT-0141,680100.0,2020-09-24,2021-01-01,Expired,103.0,Sign conference or up never wonder. Last thousand account popular.
LST-2086,PRP-2265,AGT-0278,1526700.0,2021-05-21,2021-06-30,Sold,243.0,Whole somebody three last born individual.
LST-2087,PRP-1388,AGT-0159,2322600.0,2023-11-16,2024-02-12,Sold,354.0,Suddenly total person necessary remember Republican ground nation.
LST-2088,PRP-1262,AGT-0067,2931000.0,2022-11-08,2023-03-18,Expired,17.0,If somebody model will. Option thought face high successful.
LST-2089,PRP-1063,AGT-0279,2175100.0,2020-10-29,2021-03-29,Active,123.0,Get great kid. Painting scene we full democratic.
LST-2090,PRP-2017,AGT-0205,401100.0,2022-11-10,2023-03-20,Expired,323.0,Mean center especially remember school. Across story usually term.
LST-2091,PRP-1590,AGT-0281,441700.0,2021-03-09,2021-06-25,Sold,68.0,Clear whole sound culture.
LST-2092,PRP-4603,AGT-0271,497300.0,2024-02-24,2024-08-09,Sold,61.0,Pull west likely this maybe.
LST-2093,PRP-4366,AGT-0085,2303300.0,2020-12-15,2021-04-13,Active,299.0,Could society task according area protect.
LST-2094,PRP-2306,AGT-0208,326400.0,2023-12-01,2024-05-18,Sold,234.0,Notice strong chair poor town. Receive heart leader clear speak.
LST-2095,PRP-2462,AGT-0002,1734000.0,2022-12-25,2023-03-22,Active,335.0,Important far stand painting economic ground.
LST-2096,PRP-3868,AGT-0087,2452400.0,2021-01-31,2021-07-11,Withdrawn,165.0,Something party memory either management. Throughout record pattern.
LST-2097,PRP-2774,AGT-0194,2933500.0,2023-10-20,2024-03-08,Expired,16.0,That sport matter structure forward.
LST-2098,PRP-2424,AGT-0110,1169400.0,2023-07-12,2023-08-14,Active,239.0,Throw any husband important floor enter no. Within allow exist necessary into read.
LST-2099,PRP-2998,AGT-0171,845700.0,2022-05-25,2022-07-17,Pending,180.0,Education threat try.
LST-2100,PRP-3407,AGT-0159,2729100.0,2020-03-16,2020-05-10,Expired,54.0,Person deep girl.
LST-2101,PRP-3768,AGT-0053,220000.0,2023-07-13,2023-09-21,Expired,28.0,Current cost soldier including significant man author. Shoulder wide must even.
LST-2102,PRP-2447,AGT-0019,1235400.0,2022-11-26,2023-04-04,Sold,270.0,Happy power information treat.
LST-2103,PRP-4077,AGT-0056,592600.0,2020-11-28,2021-04-02,Active,108.0,Own responsibility memory lose wife understand. Mother maintain voice order establish southern in.
LST-2104,PRP-3563,AGT-0147,2897200.0,2022-11-11,2023-02-03,Sold,57.0,Company property until go final.
LST-2105,PRP-4607,AGT-0201,1446100.0,2022-11-27,2023-02-06,Sold,101.0,Voice why throw game. Difficult research power food choice north animal.
LST-2106,PRP-1556,AGT-0286,1469200.0,2022-10-25,2022-12-24,Active,297.0,Throughout remain ok speech.
LST-2107,PRP-2422,AGT-0130,1349500.0,2024-06-22,2024-11-04,Expired,216.0,Picture remember buy important picture three. Threat half catch something two learn.
LST-2108,PRP-4190,AGT-0048,112100.0,2020-08-08,2020-11-08,Sold,7.0,Suffer any almost sort together speech. Large side thing dream.
LST-2109,PRP-2525,AGT-0293,621100.0,2022-03-31,2022-07-10,Expired,148.0,Send would with why fine future.
LST-2110,PRP-2581,AGT-0150,2648500.0,2020-11-05,2021-02-23,Active,33.0,Cause health candidate enough pick consider real building. Up art experience this interview smile keep scientist.
LST-2111,PRP-2565,AGT-0004,1753200.0,2021-06-06,2021-08-31,Sold,97.0,Successful process letter sport class.
LST-2112,PRP-2673,AGT-0057,1107700.0,2022-04-20,2022-10-08,Sold,195.0,Although bill service lot door often.
LST-2113,PRP-4965,AGT-0270,1860300.0,2022-09-05,2023-01-08,Sold,127.0,Part big investment serve.
LST-2114,PRP-1715,AGT-0114,1968000.0,2022-04-26,2022-07-12,Expired,361.0,Small modern house office. Large easy necessary science camera.
LST-2115,PRP-2265,AGT-0059,1600100.0,2023-08-20,2023-12-06,Sold,276.0,Cell less street bill like ok green compare.
LST-2116,PRP-0879,AGT-0293,379600.0,2021-10-21,2022-01-30,Active,343.0,Together offer point air agent generation. Only trip south push.
LST-2117,PRP-1288,AGT-0142,2566100.0,2023-06-12,2023-09-27,Sold,176.0,Scene learn home east view although.
LST-2118,PRP-3610,AGT-0096,1009900.0,2020-11-03,2021-04-25,Pending,104.0,Best relationship cut goal. Successful method happen build.
LST-2119,PRP-0426,AGT-0140,659600.0,2022-05-20,2022-08-04,Active,356.0,Able through reflect provide. Data serve quality land public nation teacher.
LST-2120,PRP-1560,AGT-0041,1903500.0,2023-10-16,2023-12-24,Withdrawn,96.0,Get senior live kitchen.
LST-2121,PRP-2095,AGT-0277,2424900.0,2023-04-16,2023-07-04,Sold,49.0,Media nature letter. Fund room off last.
LST-2122,PRP-4978,AGT-0263,2103000.0,2020-07-20,2020-10-19,Sold,,Fill hit practice realize memory.
LST-2123,PRP-2965,AGT-0093,2145700.0,2021-01-17,2021-05-29,Sold,313.0,Live argue quickly church deal move election.
LST-2124,PRP-0591,AGT-0020,2735600.0,2022-05-07,2022-06-19,Sold,102.0,Past far establish back nor current morning.
LST-2125,PRP-3877,AGT-0099,1932100.0,2024-02-05,2024-04-11,Withdrawn,82.0,Move white include easy claim. Others knowledge picture move she at.
LST-2126,PRP-2761,AGT-0227,2213600.0,2021-09-20,2022-02-15,Sold,163.0,Clear plan light bag.
LST-2127,PRP-0457,AGT-0133,1183600.0,2022-02-02,2022-03-23,Sold,206.0,Beat parent a student year policy science.
LST-2128,PRP-1149,AGT-0050,862100.0,2020-06-14,2020-09-21,Sold,203.0,Stop bit for brother hit page today expert.
LST-2129,PRP-4227,AGT-0091,1152000.0,2020-10-24,2020-12-08,Sold,24.0,Son full military you.
LST-2130,PRP-1295,AGT-0037,1638600.0,2020-01-25,2020-03-17,Sold,321.0,Maybe thus out.
LST-2131,PRP-2234,AGT-0266,260100.0,2024-02-18,2024-01-20,Expired,306.0,Perform stock beyond budget trouble for professor.
LST-2132,PRP-1059,AGT-0107,1883800.0,2020-03-11,2020-08-30,Sold,92.0,Space while score eye. Such pick like.
LST-2133,PRP-3217,AGT-0083,2490000.0,2022-09-28,2023-02-15,Sold,,House major call order.
LST-2134,PRP-1598,AGT-0108,2444300.0,2024-05-27,2024-06-30,Sold,194.0,Bill Democrat tree phone option partner most loss. Paper site skin cultural manage finally police realize.
LST-2135,PRP-4586,AGT-0177,2420400.0,2022-01-06,2021-12-15,Active,235.0,Score trip camera rule happen song.
LST-2136,PRP-4174,AGT-0272,447900.0,2021-12-28,2022-03-02,Active,206.0,Beyond professional reach memory nor value course.
LST-2137,PRP-2441,AGT-0138,1623000.0,2024-01-03,2024-05-23,Active,,Wear site player professor mother cell. Baby hear director why and seat this.
LST-2138,PRP-3236,AGT-0026,1183500.0,2022-06-03,2022-10-19,Sold,4.0,Side state budget level help cultural finish. Stand step enter discover note region likely.
LST-2139,PRP-0174,AGT-0252,703000.0,2020-03-04,2020-08-18,Sold,284.0,Hair business require country treat.
LST-2140,PRP-2513,AGT-0294,1537600.0,2021-09-27,2022-02-15,Sold,54.0,Cold top nor themselves street difficult sister today. Exactly majority budget art.
LST-2141,PRP-2524,AGT-0015,277000.0,2020-07-11,2020-11-09,Active,131.0,Which meeting positive.
LST-2142,PRP-4241,AGT-0176,2063500.0,2020-05-06,2020-10-16,Active,97.0,Base church wide toward life.
LST-2143,PRP-1269,AGT-0285,2234800.0,2024-02-10,2024-06-07,Sold,238.0,Fund magazine window while project.
LST-2144,PRP-3720,AGT-0286,1231300.0,2022-11-12,2023-01-31,Withdrawn,,Rate pressure field meet dark itself. Large my eat development stand.
LST-2145,PRP-2175,AGT-0149,2412300.0,2023-03-26,2023-08-24,Sold,209.0,Low center data maintain improve nor. Customer course response score single.
LST-2146,PRP-4605,AGT-0019,1219000.0,2022-04-21,2022-08-14,Sold,28.0,Product reduce myself kitchen place gun.
LST-2147,PRP-0372,AGT-0030,1538700.0,2023-01-06,2023-02-22,Sold,92.0,Increase behind none total. Agree science single they.
LST-2148,PRP-4419,AGT-0133,578000.0,2021-07-29,2021-12-26,Active,258.0,Item wait challenge camera possible girl art environmental.
LST-2149,PRP-4004,AGT-0182,1036300.0,2023-03-02,2023-05-20,Expired,209.0,Threat system response heavy.
LST-2150,PRP-2670,AGT-0156,910600.0,2022-03-20,2022-04-21,Withdrawn,184.0,Challenge term require may hand west.
LST-2151,PRP-3844,AGT-0095,2294900.0,2021-07-26,2021-12-23,Sold,8.0,Traditional price arrive strong.
LST-2152,PRP-4830,AGT-0039,2499800.0,2024-04-14,2024-05-29,Pending,98.0,Economic size song total. Tax another movement dog dinner blue sit prove.
LST-2153,PRP-2618,AGT-0122,923700.0,2023-11-18,2024-04-06,Sold,315.0,Simply reflect about his pretty effect. Door yard office factor physical protect throughout able.
LST-2154,PRP-3021,AGT-0029,1902100.0,2021-12-07,2022-02-14,Sold,119.0,Line story deep south. Represent let rich front speak defense successful.
LST-2155,PRP-3495,AGT-0135,911900.0,2022-05-03,2022-10-29,Sold,120.0,Economy catch idea produce.
LST-2156,PRP-4286,AGT-0068,2948700.0,2021-09-27,2021-10-29,Expired,295.0,Threat ball ball close agree answer road.
LST-2157,PRP-2978,AGT-0067,482000.0,2024-01-21,2024-05-09,Sold,279.0,Knowledge indicate trip.
LST-2158,PRP-4146,AGT-0142,1968400.0,2021-02-14,2021-08-09,Sold,320.0,Parent worker about believe whom over. Cultural safe son bit relationship card girl Congress.
LST-2159,PRP-4361,AGT-0053,2450500.0,2022-09-14,2022-11-26,Sold,223.0,Sit vote available describe.
LST-2160,PRP-4586,AGT-0052,1325600.0,2022-07-14,2023-01-03,Sold,237.0,Prepare early most my front push site.
LST-2161,PRP-4682,AGT-0222,1327500.0,2021-08-11,2022-01-23,Sold,235.0,Sport local hold customer approach voice strong. Officer trouble question however arm accept.
LST-2162,PRP-2991,AGT-0147,2340000.0,2020-11-24,2021-05-01,Sold,310.0,Value dark wide report test believe.
LST-2163,PRP-0858,AGT-0159,155500.0,2024-06-15,2024-11-09,Sold,224.0,Lead grow recently science. Scientist first animal born bill.
LST-2164,PRP-2586,AGT-0131,1883400.0,2020-03-31,2020-07-15,Sold,36.0,Nor out these. Identify receive value.
LST-2165,PRP-1703,AGT-0119,1897000.0,2021-11-19,2021-12-30,Sold,354.0,Card yet allow pretty recent everybody.
LST-2166,PRP-4390,AGT-0220,2316600.0,2020-07-28,2020-12-28,Active,7.0,Various unit interesting side.
LST-2167,PRP-1368,AGT-0274,906800.0,2023-07-05,2023-08-09,Sold,356.0,Care out scene feel man. Be character student step law shoulder character.
LST-2168,PRP-3968,AGT-0049,928800.0,2020-02-19,2020-04-20,Sold,132.0,Rate get miss agent material.
LST-2169,PRP-3249,AGT-0027,481200.0,2022-07-23,2022-09-15,Sold,341.0,Only candidate long involve.
LST-2170,PRP-2828,AGT-0211,1583700.0,2023-02-10,2023-03-17,Active,86.0,Population upon black shake base. Democratic left town out.
LST-2171,PRP-3427,AGT-0021,1796000.0,2023-08-02,2023-11-11,Sold,120.0,Enter strong answer clearly. Mention return from mention enough father environmental pretty.
LST-2172,PRP-3523,AGT-0009,1310600.0,2024-01-22,2024-06-20,Sold,338.0,Evidence mother cost.
LST-2173,PRP-3597,AGT-0245,2556700.0,2021-07-29,2021-09-20,Active,254.0,Doctor stop second program back good pretty. Little across effort there.
LST-2174,PRP-4756,AGT-0194,311000.0,2021-01-08,2021-05-19,Sold,294.0,Miss nor company eye. Soon remain degree before avoid seven.
LST-2175,PRP-0804,AGT-0288,589300.0,2023-05-20,2023-10-09,Active,171.0,Attack sure manager. Price down notice development.
LST-2176,PRP-0630,AGT-0262,424100.0,2021-09-03,2021-10-06,Expired,59.0,Prepare town property reason reason among plan check.
LST-2177,PRP-2287,AGT-0215,1443900.0,2021-07-10,2021-11-16,Withdrawn,251.0,Hear international body describe thank animal job. Various write yet check billion.
LST-2178,PRP-4158,AGT-0222,1704900.0,2020-01-15,2020-03-06,Expired,341.0,Strategy identify color.
LST-2179,PRP-0802,AGT-0242,639400.0,2022-01-13,2022-07-12,Sold,12.0,Town onto western wife performance message until. Receive father whom establish by instead agreement.
LST-2180,PRP-1902,AGT-0240,1424900.0,2020-11-08,2020-12-27,Sold,272.0,Media detail student close charge detail. Line ten it far opportunity various within.
LST-2181,PRP-3143,AGT-0259,833300.0,2020-03-22,2020-06-28,Sold,55.0,Reflect employee nearly list return stay.
LST-2182,PRP-4568,AGT-0209,2101800.0,2020-02-28,2020-06-10,Sold,297.0,Upon floor material natural high media help. Organization hope way.
LST-2183,PRP-0417,AGT-0033,249200.0,2023-07-22,2023-09-21,Expired,112.0,Low home third. Movement rise difficult move especially.
LST-2184,PRP-2480,AGT-0158,2274300.0,2022-02-25,2022-04-18,Pending,320.0,You number girl strategy.
LST-2185,PRP-0804,AGT-0195,2660100.0,2022-06-08,2022-08-07,Sold,89.0,Thus have project apply firm reduce threat quickly.
LST-2186,PRP-4112,AGT-0189,321900.0,2024-01-29,2024-07-10,Withdrawn,288.0,Fund follow lose necessary.
LST-2187,PRP-3515,AGT-0008,1231300.0,2021-05-25,2021-10-10,Sold,298.0,Experience identify character particular bring evidence improve finally. Present within letter we.
LST-2188,PRP-4720,AGT-0268,772900.0,2020-02-21,2020-04-11,Expired,83.0,Per American economy everyone. Call world fight test international require.
LST-2189,PRP-1742,AGT-0057,2347500.0,2020-01-19,2020-04-18,Sold,,Office every somebody per sit. Discover his skin they dark series worry.
LST-2190,PRP-4407,AGT-0138,926800.0,2023-07-24,2023-10-07,Pending,289.0,Trade state subject national. Fear top all interest.
LST-2191,PRP-2221,AGT-0272,1501100.0,2024-03-09,2024-08-31,Sold,89.0,Often international effect though strategy age. Same start modern.
LST-2192,PRP-4472,AGT-0208,306100.0,2022-12-29,2023-03-21,Pending,175.0,Like opportunity sound president clearly.
LST-2193,PRP-4989,AGT-0217,59800.0,2022-05-19,2022-07-18,Sold,235.0,Son significant phone truth often pay land. Compare consider partner total dark serious young.
LST-2194,PRP-4837,AGT-0288,464400.0,2020-08-20,2020-12-09,Sold,308.0,Other Republican use artist thousand goal seem. Class market letter allow head.
LST-2195,PRP-3697,AGT-0208,489800.0,2020-02-08,2020-07-24,Expired,73.0,Try before movement simple picture.
LST-2196,PRP-4924,AGT-0208,1180200.0,2021-05-25,2021-07-04,Sold,330.0,Central to list impact firm operation. That surface environment other lose use.
LST-2197,PRP-1053,AGT-0131,1916500.0,2021-10-27,2022-02-11,Expired,213.0,Force area piece ground newspaper.
LST-2198,PRP-3109,AGT-0238,1778700.0,2022-12-06,2023-01-13,Active,331.0,Give free success carry compare attorney. Better reality put would billion mind his.
LST-2199,PRP-1476,AGT-0291,2008100.0,2024-04-05,2024-07-15,Expired,168.0,Return avoid away address certain with.
LST-2200,PRP-3613,AGT-0086,632000.0,2024-01-28,2024-05-24,Pending,83.0,Under area writer card election throw race.
LST-2201,PRP-1068,AGT-0028,534700.0,2021-03-12,2021-08-12,Active,159.0,See common because central final deep pay. Say guy manager democratic.
LST-2202,PRP-3252,AGT-0036,922200.0,2021-07-29,2021-08-30,Sold,231.0,Hour radio yard include onto every himself understand. Begin second line eat care discussion.
LST-2203,PRP-1602,AGT-0157,535800.0,2021-05-03,2021-08-31,Sold,92.0,Dark partner four game. It start response teach lot.
LST-2204,PRP-4118,AGT-0067,2231600.0,2020-10-19,2021-03-12,Sold,331.0,Small month event what position policy fire. Evidence lose early have PM well mother glass.
LST-2205,PRP-3515,AGT-0163,1965300.0,2022-03-23,2022-07-22,Active,99.0,Theory show open. Themselves make pick physical low myself candidate nearly.
LST-2206,PRP-0506,AGT-0063,390000.0,2020-03-30,2020-05-19,Sold,310.0,Floor system challenge born yes. Would dinner management professor police talk image.
LST-2207,PRP-1583,AGT-0284,2027900.0,2023-09-29,2024-01-03,Active,281.0,Data statement when seat he.
LST-2208,PRP-3533,AGT-0075,2293300.0,2023-09-06,2023-10-27,Active,167.0,Mention their rate fact particular range. Style enter small would teacher old score wonder.
LST-2209,PRP-1001,AGT-0187,1948500.0,2021-05-11,2021-07-03,Active,89.0,Either nearly state part court.
LST-2210,PRP-4549,AGT-0242,1232000.0,2022-07-27,2022-12-15,Sold,314.0,Song hundred final street watch close sense state.
LST-2211,PRP-1444,AGT-0069,1967400.0,2023-01-05,2023-05-02,Withdrawn,108.0,They lawyer sit people. Particularly meet staff lot sure by.
LST-2212,PRP-2655,AGT-0183,2264400.0,2022-03-10,2022-05-17,Sold,354.0,Cause of attack letter.
LST-2213,PRP-3270,AGT-0244,2740000.0,2024-01-25,2024-03-20,Sold,226.0,Authority case continue body.
LST-2214,PRP-4580,AGT-0168,1860900.0,2021-12-07,2022-01-09,Sold,39.0,Which peace address situation.
LST-2215,PRP-0010,AGT-0189,136200.0,2020-06-30,2020-12-27,Withdrawn,22.0,Security general while hand yes series.
LST-2216,PRP-2538,AGT-0184,2446000.0,2024-03-07,2024-05-28,Active,354.0,Step report usually by manage exactly.
LST-2217,PRP-3515,AGT-0096,1144900.0,2023-05-13,2023-07-06,Sold,60.0,Manager sound partner serve into fill.
LST-2218,PRP-1259,AGT-0198,417000.0,2021-04-20,2021-07-26,Pending,143.0,Material it west young share body.
LST-2219,PRP-4503,AGT-0003,1612100.0,2021-11-07,2022-03-11,Sold,199.0,Sing herself rock her decision ball ahead.
LST-2220,PRP-4000,AGT-0103,715700.0,2021-03-12,2021-06-28,Expired,364.0,Reality year cultural physical talk thank course front. Design important feel couple research shoulder a.
LST-2221,PRP-1572,AGT-0103,1142600.0,2024-06-29,2024-09-25,Sold,202.0,Education every stay step couple direction kind.
LST-2222,PRP-4041,AGT-0076,131600.0,2024-03-14,2024-09-09,Sold,3.0,Able road add majority upon decide reason similar.
LST-2223,PRP-0152,AGT-0063,705300.0,2024-02-15,2024-07-02,Active,261.0,Physical where argue it. Daughter situation employee within thank relationship evidence.
LST-2224,PRP-0628,AGT-0209,377300.0,2021-04-13,2021-07-22,Active,,Line possible religious.
LST-2225,PRP-3027,AGT-0025,2095000.0,2021-09-14,2022-01-21,Active,52.0,Those grow friend budget law.
LST-2226,PRP-2847,AGT-0147,777300.0,2022-04-12,2022-07-22,Active,159.0,Pressure he suggest cold question. Contain produce certain both lay candidate military product.
LST-2227,PRP-0620,AGT-0016,2883100.0,2022-08-22,2023-02-12,Withdrawn,344.0,Cost exactly newspaper cup between soon your represent. Explain interview budget give under individual top.
LST-2228,PRP-1503,AGT-0161,1647600.0,2020-05-10,2020-10-01,Withdrawn,78.0,Describe place simple language truth movement seven top. Myself president report national military onto himself.
LST-2229,PRP-2087,AGT-0188,1758700.0,2020-10-23,2021-02-01,Sold,,Born wait for agent traditional me.
LST-2230,PRP-1719,AGT-0138,1017600.0,2022-06-06,2022-08-19,Sold,220.0,Interest two senior much natural.
LST-2231,PRP-3426,AGT-0179,988800.0,2020-01-04,2020-04-24,Active,13.0,Pm option itself draw option conference.
LST-2232,PRP-3800,AGT-0120,1453800.0,2021-01-20,2021-05-19,Expired,194.0,Partner begin month commercial. Mother recently shoulder behavior measure.
LST-2233,PRP-2115,AGT-0299,239000.0,2020-02-27,2020-05-17,Sold,88.0,Production friend data along player trial identify.
LST-2234,PRP-3362,AGT-0021,1439200.0,2022-01-31,2022-07-26,Active,25.0,Son fund never else speak cut. Fill age I throughout.
LST-2235,PRP-2311,AGT-0225,581400.0,2021-09-23,2022-03-22,Sold,150.0,Candidate myself tell above.
LST-2236,PRP-3027,AGT-0090,620300.0,2022-08-11,2023-01-29,Expired,188.0,Debate live manage phone.
LST-2237,PRP-2367,AGT-0015,650300.0,2024-03-16,2024-06-04,Withdrawn,278.0,Why war southern too story operation.
LST-2238,PRP-2692,AGT-0294,55000.0,2021-11-26,2021-12-31,Sold,189.0,Capital picture sea of.
LST-2239,PRP-3719,AGT-0057,765900.0,2020-02-03,2020-04-14,Pending,345.0,Try practice civil activity rate general north. Skill like sometimes this.
LST-2240,PRP-4841,AGT-0103,1100200.0,2022-03-25,2022-09-01,Sold,124.0,Accept or drop machine discover.
LST-2241,PRP-1683,AGT-0157,2216000.0,2021-06-10,2021-07-25,Expired,306.0,Society coach space Republican federal since property. Success all building sound see simple.
LST-2242,PRP-4579,AGT-0229,1701000.0,2021-09-20,2022-01-16,Withdrawn,156.0,Similar third practice investment why woman. Executive speech lot break show stop.
LST-2243,PRP-2325,AGT-0077,2356600.0,2021-12-28,2022-02-01,Pending,222.0,Like body single whatever start television.
LST-2244,PRP-2304,AGT-0194,2574400.0,2021-11-29,2022-03-15,Sold,293.0,Five interest in piece leave.
LST-2245,PRP-0738,AGT-0255,1004200.0,2023-10-16,2023-10-09,Expired,195.0,Scene service same month.
LST-2246,PRP-2446,AGT-0074,1601500.0,2020-06-26,2020-11-29,Sold,242.0,Soon hot foot appear better current.
LST-2247,PRP-3760,AGT-0245,2427300.0,2021-01-12,2021-05-06,Expired,182.0,Majority sort data life unit start.
LST-2248,PRP-2509,AGT-0267,2373800.0,2021-06-20,2021-10-21,Sold,203.0,Community allow man.
LST-2249,PRP-2126,AGT-0037,315600.0,2024-04-18,2024-10-11,Withdrawn,36.0,Street likely would perform arm into practice.
LST-2250,PRP-4971,AGT-0019,810600.0,2021-05-19,2021-09-09,Withdrawn,227.0,Center wish price catch still push particularly.
LST-2251,PRP-4007,AGT-0180,2295600.0,2024-01-27,2024-03-16,Sold,176.0,Toward good star from. Common economic see condition issue draw.
LST-2252,PRP-1809,AGT-0171,502200.0,2020-07-28,2020-09-09,Withdrawn,7.0,Clearly compare couple. Necessary voice sort.
LST-2253,PRP-3651,AGT-0292,563000.0,2022-12-27,2023-04-23,Sold,235.0,Ball ahead middle million.
LST-2254,PRP-0922,AGT-0001,924000.0,2020-10-28,2020-12-14,Expired,287.0,Its participant short affect.
LST-2255,PRP-3823,AGT-0006,1213300.0,2023-02-20,2023-06-04,Sold,257.0,Subject audience ready cost compare fight.
LST-2256,PRP-2019,AGT-0244,2741600.0,2022-11-15,2023-03-13,Expired,202.0,Wife matter conference need west. Go reality tell four.
LST-2257,PRP-1345,AGT-0163,1544200.0,2021-09-18,2022-01-29,Sold,,Oil card action consider. Suddenly system box ask prepare expert treatment.
LST-2258,PRP-4434,AGT-0127,1369000.0,2021-08-14,2021-12-17,Withdrawn,,Help movement agree reduce couple finish draw nor.
LST-2259,PRP-3683,AGT-0180,1348100.0,2022-10-14,2022-12-12,Pending,365.0,Rest include over better suffer prevent water.
LST-2260,PRP-0820,AGT-0198,1453200.0,2022-01-16,2022-04-03,Active,164.0,Wait add model degree.
LST-2261,PRP-2759,AGT-0295,1622800.0,2023-04-06,2023-06-01,Expired,191.0,Social though hair anyone model. Leave police challenge crime course official none strong.
LST-2262,PRP-0912,AGT-0042,816700.0,2020-09-19,2020-11-28,Active,244.0,Rich condition action such people.
LST-2263,PRP-0393,AGT-0148,2424300.0,2020-05-26,2020-10-09,Sold,256.0,Lay market movement budget form least.
LST-2264,PRP-1230,AGT-0044,2386200.0,2020-03-01,2020-06-01,Active,143.0,Way yeah allow his by.
LST-2265,PRP-3946,AGT-0103,194500.0,2024-02-11,2024-07-28,Active,5.0,Adult section head data create during huge. Cause interest bank drug.
LST-2266,PRP-1908,AGT-0065,504600.0,2021-11-03,2021-12-08,Withdrawn,284.0,Friend size value even far effort.
LST-2267,PRP-4215,AGT-0034,383900.0,2021-04-20,2021-06-22,Sold,302.0,Lose attack process skin. Not morning world raise training next enjoy.
LST-2268,PRP-1302,AGT-0149,710100.0,2020-02-21,2020-07-23,Sold,114.0,Improve into cut wish suddenly successful feel.
LST-2269,PRP-1603,AGT-0166,200200.0,2021-06-25,2021-09-29,Sold,128.0,Argue agency brother cause rock partner west. There design think us thing Republican.
LST-2270,PRP-0731,AGT-0267,126300.0,2022-06-24,2022-10-29,Sold,99.0,Crime indeed some a require when. Report be style total or father.
LST-2271,PRP-2262,AGT-0215,2360900.0,2023-12-30,2024-05-14,Sold,145.0,Capital they security back director drive.
LST-2272,PRP-2256,AGT-0205,1317500.0,2020-08-05,2020-10-11,Sold,197.0,Action without allow community by keep. Customer sort reality foot million lot.
LST-2273,PRP-3731,AGT-0217,853800.0,2020-12-29,2021-04-23,Sold,170.0,Term resource tax final describe white church. South relationship difference real.
LST-2274,PRP-1009,AGT-0034,891300.0,2020-12-24,2021-05-22,Withdrawn,167.0,Laugh mention Republican matter prevent school.
LST-2275,PRP-0310,AGT-0079,1436800.0,2024-04-06,2024-10-03,Withdrawn,208.0,Spend happy ball bag.
LST-2276,PRP-3210,AGT-0037,1484800.0,2021-02-25,2021-04-05,Active,295.0,Machine state security read worry letter film.
LST-2277,PRP-0639,AGT-0095,1187700.0,2020-10-14,2021-04-07,Expired,6.0,Oil own that finally her computer. Local success pull both.
LST-2278,PRP-0332,AGT-0159,680400.0,2024-03-28,2024-08-08,Expired,57.0,East sea next news.
LST-2279,PRP-0700,AGT-0145,1839100.0,2021-12-11,2022-02-01,Withdrawn,17.0,Suddenly together short art. Return hundred cultural sit term.
LST-2280,PRP-4657,AGT-0107,1413900.0,2022-08-11,2022-11-22,Active,157.0,Middle able easy successful drug option trouble.
LST-2281,PRP-0091,AGT-0191,2223200.0,2020-06-13,2020-11-19,Active,86.0,Often into business kid last already.
LST-2282,PRP-1823,AGT-0028,2028500.0,2021-09-06,2022-02-03,Sold,180.0,Room four Mrs most car true perform.
LST-2283,PRP-3181,AGT-0181,1873700.0,2024-04-10,2024-03-20,Sold,207.0,Child write during.
LST-2284,PRP-4401,AGT-0042,547100.0,2024-04-18,2024-08-08,Withdrawn,254.0,Easy determine week of back. Message whom city buy.
LST-2285,PRP-0966,AGT-0126,2508600.0,2021-10-05,2022-02-06,Expired,160.0,Art consider through never close reason.
LST-2286,PRP-0853,AGT-0291,1408200.0,2022-03-25,2022-09-06,Active,183.0,Indicate now specific own structure.
LST-2287,PRP-0133,AGT-0247,831500.0,2021-08-09,2021-11-01,Withdrawn,302.0,East however probably from though follow single sing. Raise stage natural this thousand fund start.
LST-2288,PRP-3315,AGT-0242,273700.0,2020-12-03,2021-03-08,Withdrawn,193.0,Door my as develop order yourself. Hotel agent mother.
LST-2289,PRP-0407,AGT-0217,2203000.0,2022-07-27,2022-09-02,Withdrawn,156.0,Window once find.
LST-2290,PRP-2954,AGT-0115,1920000.0,2020-07-15,2020-12-23,Sold,309.0,Thus teach local because. Remain movie community than choice lot degree.
LST-2291,PRP-3104,AGT-0234,2229400.0,2020-01-01,2020-02-09,Active,212.0,Team call environmental use return soldier mention.
LST-2292,PRP-2435,AGT-0161,2797000.0,2022-03-29,2022-09-24,Sold,181.0,Go outside however meeting bank half college.
LST-2293,PRP-3276,AGT-0154,725600.0,2023-12-06,2024-01-26,Sold,233.0,Pm evidence development trade capital sister last cultural.
LST-2294,PRP-4255,AGT-0133,950400.0,2021-10-08,2022-04-04,Sold,338.0,Nearly guy research attention onto. Music hit place.
LST-2295,PRP-4640,AGT-0064,2185100.0,2021-02-01,2021-03-14,Expired,221.0,Nature support light class conference politics.
LST-2296,PRP-2505,AGT-0081,2656900.0,2020-12-29,2021-05-18,Sold,41.0,Choice note under maybe various mention. Nearly thus follow wear.
LST-2297,PRP-4972,AGT-0028,1392000.0,2023-01-03,2023-03-10,Withdrawn,83.0,Resource television know exactly child. Participant when Republican out.
LST-2298,PRP-1127,AGT-0176,2204200.0,2021-05-02,2021-10-17,Sold,195.0,Popular parent choose accept week lot production leader. Model future firm remain report challenge least.
LST-2299,PRP-0533,AGT-0200,489600.0,2022-04-10,2022-07-29,Sold,320.0,Huge whose group behavior former finally.
LST-2300,PRP-1993,AGT-0146,1464100.0,2020-04-29,2020-10-09,Sold,,Rule image various partner product director parent place.
LST-2301,PRP-0970,AGT-0289,2208100.0,2022-06-25,2022-10-31,Sold,,Shake system character memory.
LST-2302,PRP-3304,AGT-0039,1649600.0,2020-06-30,2020-11-21,Sold,5.0,Body small speech.
LST-2303,PRP-4396,AGT-0090,1947100.0,2023-10-17,2023-09-20,Sold,26.0,Political American politics administration create many process.
LST-2304,PRP-1560,AGT-0140,2596900.0,2021-06-14,2021-08-27,Sold,304.0,Family all talk worker none.
LST-2305,PRP-3381,AGT-0037,535200.0,2023-09-04,2024-01-24,Withdrawn,283.0,Late sit computer lead.
LST-2306,PRP-2021,AGT-0155,1378000.0,2020-02-11,2020-05-23,Active,263.0,Candidate pretty whether listen pretty easy assume.
LST-2307,PRP-1701,AGT-0109,1163100.0,2020-04-24,2020-08-04,Active,232.0,Coach discuss see knowledge. Often move relate care.
LST-2308,PRP-2353,AGT-0082,1856100.0,2021-05-08,2021-10-09,Active,265.0,Account threat more our parent money marriage. Character walk sometimes bit sure item oil.
LST-2309,PRP-4441,AGT-0172,2280100.0,2024-02-22,2024-05-19,Sold,202.0,Result more knowledge many. Enter site type budget middle security.
LST-2310,PRP-2865,AGT-0250,2070600.0,2023-09-04,2023-10-21,Sold,213.0,Cold kind else study person season. Image bring son sign.
LST-2311,PRP-1675,AGT-0199,679600.0,2020-09-09,2020-10-18,Withdrawn,301.0,Record just why wait.
LST-2312,PRP-3991,AGT-0117,460700.0,2021-05-06,2021-08-31,Sold,281.0,Operation anyone several.
LST-2313,PRP-4611,AGT-0198,1241100.0,2020-10-10,2020-09-12,Sold,310.0,Maintain room far challenge traditional open. Eight decide main stage teach.
LST-2314,PRP-2137,AGT-0270,2320800.0,2021-03-15,2021-06-19,Sold,91.0,Suggest stop here usually feel article.
LST-2315,PRP-1591,AGT-0083,1056000.0,2023-10-26,2024-04-21,Sold,51.0,Human hot expect where art already cultural. Word fill return clear ago public open.
LST-2316,PRP-2149,AGT-0224,882800.0,2020-10-28,2021-04-09,Expired,275.0,Bed list spend fill herself become different cup.
LST-2317,PRP-3928,AGT-0030,1449400.0,2023-09-18,2023-11-04,Withdrawn,84.0,Senior fast issue game wind official decade. Room radio free simple speak effect contain.
LST-2318,PRP-0652,AGT-0113,2408400.0,2023-05-19,2023-07-19,Expired,167.0,Yourself American attack loss skill around.
LST-2319,PRP-1963,AGT-0227,710100.0,2021-05-29,2021-09-02,Active,23.0,Nation skin dream interview threat. Marriage later between wife our value product where.
LST-2320,PRP-3979,AGT-0118,2418300.0,2020-09-13,2020-12-02,Sold,297.0,No hour hair.
LST-2321,PRP-3716,AGT-0117,957100.0,2020-08-29,2020-12-21,Sold,,Hair line example bit have worker small college.
LST-2322,PRP-3577,AGT-0018,2497400.0,2022-09-27,2023-03-11,Sold,51.0,Indicate four rise traditional between.
LST-2323,PRP-3321,AGT-0008,2459900.0,2024-03-14,2024-07-07,Sold,112.0,Catch rich board make keep drop. Either street should chance.
LST-2324,PRP-1630,AGT-0088,2649200.0,2020-11-16,2021-01-23,Sold,285.0,Require move natural tree rate. Court budget spring social page.
LST-2325,PRP-0079,AGT-0072,1690500.0,2022-09-10,2023-01-15,Expired,11.0,Really relationship around will term long month.
LST-2326,PRP-3095,AGT-0207,1029000.0,2024-05-05,2024-09-28,Sold,142.0,Hair prevent accept east best ahead meet financial.
LST-2327,PRP-4123,AGT-0175,205600.0,2023-09-15,2023-10-24,Active,83.0,Yeah real want country science.
LST-2328,PRP-4853,AGT-0111,209900.0,2021-02-27,2021-08-25,Sold,254.0,Article institution reduce because movie capital. Evening main if economic true all occur.
LST-2329,PRP-4158,AGT-0270,1979100.0,2020-03-12,2020-06-13,Expired,13.0,Natural type figure create whose by I.
LST-2330,PRP-2128,AGT-0240,1288100.0,2023-05-28,2023-11-05,Active,5.0,Artist way guess spend trouble. So use change expect history share.
LST-2331,PRP-1653,AGT-0268,2788300.0,2020-02-11,2020-06-23,Sold,97.0,Piece still risk who at majority type.
LST-2332,PRP-3406,AGT-0113,330400.0,2022-03-30,2022-08-31,Pending,,Moment kid leave mission will. Late improve exist discuss reflect finish major heart.
LST-2333,PRP-2885,AGT-0242,1834700.0,2021-09-01,2021-10-08,Sold,98.0,Age law difference like college exist film.
LST-2334,PRP-4978,AGT-0215,686200.0,2020-07-04,2020-10-27,Active,157.0,Peace responsibility rule simple. Fire management movement fly.
LST-2335,PRP-0138,AGT-0226,340400.0,2022-08-28,2023-01-08,Sold,,Require since draw above source. Should it reveal quite.
LST-2336,PRP-0196,AGT-0180,2931500.0,2024-02-17,2024-04-07,Sold,226.0,Sit truth more effort others similar help.
LST-2337,PRP-0665,AGT-0249,1114800.0,2020-07-31,2021-01-22,Sold,42.0,Nothing each however with national.
LST-2338,PRP-2653,AGT-0103,1955900.0,2020-11-11,2020-11-04,Sold,256.0,Ready popular medical popular relationship simply cultural. Such note heart yard.
LST-2339,PRP-3115,AGT-0070,1185000.0,2020-03-07,2020-06-13,Active,214.0,Until alone sport event believe camera. Impact who clear over high.
LST-2340,PRP-1154,AGT-0012,1642600.0,2021-09-10,2021-12-06,Expired,36.0,Its few act main. Only try record boy despite radio very.
LST-2341,PRP-0098,AGT-0129,2526000.0,2021-03-20,2021-05-26,Sold,129.0,Too TV claim article international student who. Region beautiful interview shake look suffer.
LST-2342,PRP-1453,AGT-0028,2035400.0,2023-09-29,2023-11-07,Active,274.0,Car improve others be.
LST-2343,PRP-0629,AGT-0191,1517500.0,2020-10-08,2020-12-31,Sold,162.0,Business up safe system.
LST-2344,PRP-3662,AGT-0082,2979200.0,2023-05-23,2023-07-16,Sold,5.0,Really few difficult Mr. Suddenly continue this traditional when.
LST-2345,PRP-0364,AGT-0156,1831900.0,2022-02-12,2022-04-12,Active,160.0,Prove whether answer way. Room account lot nor they even city.
LST-2346,PRP-4216,AGT-0295,1105000.0,2023-03-01,2023-07-23,Sold,145.0,Campaign tend keep later happen. Century simple side his let.
LST-2347,PRP-1031,AGT-0103,1586400.0,2023-09-13,2024-03-05,Sold,205.0,Increase until hit black.
LST-2348,PRP-3191,AGT-0060,1793800.0,2023-04-30,2023-06-23,Sold,188.0,Life here case collection employee.
LST-2349,PRP-2525,AGT-0270,2831500.0,2021-07-20,2021-12-08,Sold,40.0,Billion thus group important. Girl cut hotel key laugh despite.
LST-2350,PRP-4241,AGT-0288,1434700.0,2024-06-29,2024-12-19,Expired,52.0,Either seat great institution public. Surface employee life strong than buy.
LST-2351,PRP-0780,AGT-0079,454000.0,2020-11-23,2021-04-19,Withdrawn,195.0,Prepare back mouth level main administration. Event exactly involve voice yeah realize difference.
LST-2352,PRP-3534,AGT-0275,2235900.0,2020-08-15,2020-10-29,Sold,319.0,Scene break generation expect argue Mrs. Financial class Congress very year.
LST-2353,PRP-4302,AGT-0245,593900.0,2022-07-05,2022-08-17,Sold,265.0,With morning who shoulder. Edge dinner people simple.
LST-2354,PRP-4781,AGT-0008,2565100.0,2023-08-12,2023-10-24,Sold,57.0,Anyone husband baby describe.
LST-2355,PRP-0808,AGT-0189,389400.0,2024-03-08,2024-04-08,Active,63.0,Can million push soldier. Shake Democrat myself majority child.
LST-2356,PRP-4646,AGT-0110,1412800.0,2023-11-11,2024-04-10,Sold,137.0,Series skill small. With choice accept gas read.
LST-2357,PRP-3635,AGT-0256,209800.0,2021-01-14,2021-04-06,Active,325.0,Beat economic mother seek my author new.
LST-2358,PRP-4911,AGT-0247,318400.0,2021-07-21,2021-12-26,Sold,14.0,What with radio politics change exactly staff.
LST-2359,PRP-3638,AGT-0208,535800.0,2023-09-11,2023-11-09,Withdrawn,295.0,Effort vote professional increase third first nice.
LST-2360,PRP-0606,AGT-0282,422100.0,2023-03-02,2023-08-14,Pending,156.0,Surface blood think as. Some protect especially American.
LST-2361,PRP-0969,AGT-0027,2213700.0,2020-12-05,2021-03-28,Expired,98.0,Enough conference pull way. Commercial man note three enough.
LST-2362,PRP-4272,AGT-0234,2675800.0,2021-04-19,2021-06-18,Withdrawn,192.0,Half dream for gas peace many. Place role once during time miss join.
LST-2363,PRP-4378,AGT-0295,923400.0,2022-12-02,2023-03-12,Sold,24.0,Number lead there picture.
LST-2364,PRP-0326,AGT-0273,2254800.0,2020-01-13,2020-03-15,Active,352.0,Financial ten return win debate.
LST-2365,PRP-0521,AGT-0162,2348900.0,2023-06-02,2023-09-03,Expired,,Table letter detail well catch budget. Center trial direction.
LST-2366,PRP-4483,AGT-0096,626200.0,2020-01-07,2020-04-24,Active,299.0,Save art south or change machine hard. Suffer physical accept record them low continue.
LST-2367,PRP-2182,AGT-0118,509400.0,2022-06-13,2022-11-21,Sold,,Loss sport sense sure successful.
LST-2368,PRP-0301,AGT-0115,1389000.0,2020-02-03,2020-05-08,Withdrawn,26.0,Score play cell song prevent.
LST-2369,PRP-1187,AGT-0185,2267400.0,2023-12-21,2024-04-24,Sold,215.0,Difference move wide program kid executive beautiful. Water manager new writer.
LST-2370,PRP-1119,AGT-0212,1992000.0,2020-12-11,2021-05-29,Sold,265.0,Thing quite occur mind without second. Pattern seem call might drop anything commercial.
LST-2371,PRP-2935,AGT-0222,1873500.0,2022-04-17,2022-06-17,Sold,98.0,Society along go determine help state know turn.
LST-2372,PRP-2485,AGT-0121,750700.0,2021-01-19,2021-05-16,Active,102.0,Enough none coach.
LST-2373,PRP-3017,AGT-0082,2999100.0,2021-12-24,2022-01-23,Expired,240.0,Answer trip somebody thing suddenly.
LST-2374,PRP-1732,AGT-0169,2316600.0,2022-07-09,2022-08-29,Active,344.0,After themselves your if and heavy. Civil money suddenly report imagine middle.
LST-2375,PRP-0125,AGT-0300,1957700.0,2022-01-24,2022-05-06,Expired,110.0,Cultural cover side likely most.
LST-2376,PRP-1747,AGT-0169,2262200.0,2024-01-17,2024-02-19,Expired,18.0,Answer laugh know professor music with daughter. Certain major gun from.
LST-2377,PRP-3405,AGT-0051,1620700.0,2024-01-25,2024-05-15,Sold,279.0,Year modern pattern describe near somebody. Their writer themselves box daughter group even expert.
LST-2378,PRP-0902,AGT-0218,104900.0,2020-08-11,2021-02-04,Expired,47.0,Think pull I year continue. Report argue spend television author serious.
LST-2379,PRP-3914,AGT-0107,1980100.0,2023-08-27,2023-10-04,Sold,285.0,Others local push sense mouth watch. It hair sign ability customer.
LST-2380,PRP-1974,AGT-0152,366800.0,2024-03-21,2024-03-18,Active,321.0,No dog write you foreign follow.
LST-2381,PRP-2186,AGT-0150,2609000.0,2021-12-30,2022-06-04,Sold,297.0,Ago statement note.
LST-2382,PRP-4878,AGT-0131,2054300.0,2021-01-04,2021-05-10,Active,43.0,Moment sit all mother.
LST-2383,PRP-4776,AGT-0181,1486300.0,2023-03-05,2023-05-19,Sold,175.0,Culture back if something get. Window design through anyone allow.
LST-2384,PRP-2974,AGT-0122,2291100.0,2020-05-23,2020-09-15,Sold,330.0,Among human real friend set listen account.
LST-2385,PRP-1083,AGT-0047,2374400.0,2023-04-29,2023-10-05,Sold,238.0,Stay process the who. Pay draw mouth charge yourself left give.
LST-2386,PRP-3216,AGT-0134,2767600.0,2024-03-13,2024-07-15,Expired,261.0,Five front plan with. Exist several wonder pay key behavior.
LST-2387,PRP-4966,AGT-0284,751100.0,2021-12-05,2022-01-04,Sold,,Plant participant song call wonder mission. How traditional plant population wide right receive.
LST-2388,PRP-0021,AGT-0021,1127800.0,2020-04-14,2020-10-04,Sold,258.0,Fill perhaps sister certainly make put certain.
LST-2389,PRP-0885,AGT-0104,2375600.0,2020-08-02,2020-12-10,Sold,111.0,Citizen admit story marriage him.
LST-2390,PRP-4834,AGT-0054,1557700.0,2021-07-12,2021-08-13,Active,,Business state father deal listen agency anyone. Allow community outside rise bar rule participant else.
LST-2391,PRP-1183,AGT-0002,952000.0,2021-03-07,2021-04-08,Sold,50.0,Tough tree hospital describe exactly.
LST-2392,PRP-0892,AGT-0254,662000.0,2021-01-25,2021-04-06,Sold,309.0,Dark any partner image view avoid pattern. Finish really deep although.
LST-2393,PRP-0532,AGT-0072,1398600.0,2024-02-22,2024-06-06,Sold,139.0,Their spring economy during sound say. Gas choice position current into.
LST-2394,PRP-0049,AGT-0007,806500.0,2023-09-19,2024-03-08,Sold,20.0,Across walk avoid home friend difference fast build.
LST-2395,PRP-3839,AGT-0155,2234600.0,2022-11-12,2023-02-24,Pending,324.0,Different popular positive consider long wide.
LST-2396,PRP-1371,AGT-0144,743600.0,2022-08-31,2023-01-01,Expired,,Especially will hope clear us. Thus surface remember themselves debate.
LST-2397,PRP-2614,AGT-0013,448300.0,2024-01-13,2023-12-27,Sold,125.0,Lead leader their teach.
LST-2398,PRP-2927,AGT-0183,1523400.0,2020-12-21,2021-03-12,Active,65.0,How trade site another those think. Yeah then great rule turn of.
LST-2399,PRP-2897,AGT-0286,597500.0,2021-11-15,2022-01-13,Active,217.0,Entire office scene attorney yourself father. Seem drive lose network most.
LST-2400,PRP-4700,AGT-0147,994600.0,2024-01-18,2024-04-04,Withdrawn,220.0,Information according argue true performance student street. Us shake others although network present where.
LST-2401,PRP-3701,AGT-0122,694800.0,2021-03-18,2021-07-14,Sold,130.0,Left trade member mention area start a citizen.
LST-2402,PRP-4943,AGT-0157,157700.0,2021-06-23,2021-12-18,Sold,44.0,Hit age serve can too. Cultural military machine improve right get senior account.
LST-2403,PRP-4457,AGT-0011,1853700.0,2024-05-12,2024-08-23,Sold,,Democrat particular toward try quite bar within involve.
LST-2404,PRP-4711,AGT-0281,1456300.0,2024-03-09,2024-08-17,Pending,353.0,Like star fear instead establish reach. Management consider another.
LST-2405,PRP-2279,AGT-0028,1024400.0,2021-07-11,2021-12-22,Sold,281.0,Answer seven nation church least different mouth. Sing tough movement while memory prove official different.
LST-2406,PRP-1225,AGT-0067,775100.0,2023-04-30,2023-10-07,Active,242.0,Land trouble perhaps agent three. Standard already gun think describe nearly.
LST-2407,PRP-0108,AGT-0040,1812700.0,2023-10-23,2024-01-03,Sold,98.0,We mention American way themselves federal growth most.
LST-2408,PRP-1144,AGT-0231,1693100.0,2023-07-05,2023-09-25,Sold,115.0,Particularly south glass adult likely music dinner. Yard hard several against save west think.
LST-2409,PRP-4112,AGT-0076,1899400.0,2024-05-12,2024-09-07,Active,,Bag party research toward throw degree wide.
LST-2410,PRP-3456,AGT-0183,393400.0,2020-02-26,2020-05-09,Active,350.0,Shoulder child morning long training along.
LST-2411,PRP-0713,AGT-0001,2427300.0,2022-12-17,2023-03-27,Expired,180.0,Large above protect recent see maintain nice answer. Blood American keep who establish after cut.
LST-2412,PRP-3606,AGT-0003,2514400.0,2023-10-13,2024-01-12,Expired,98.0,Paper hope choose under soon daughter compare mother. I be will place.
LST-2413,PRP-2816,AGT-0214,727000.0,2020-12-05,2021-03-18,Sold,308.0,Painting whether walk PM.
LST-2414,PRP-2319,AGT-0247,1513500.0,2022-07-27,2022-12-02,Sold,130.0,Real fill across fall day nation wrong.
LST-2415,PRP-1830,AGT-0012,1467200.0,2023-01-02,2023-06-10,Sold,250.0,Last while seven trouble set.
LST-2416,PRP-0376,AGT-0211,1701700.0,2023-09-06,2024-02-21,Expired,357.0,Less four knowledge movie suddenly travel travel he.
LST-2417,PRP-1358,AGT-0113,2494600.0,2021-08-06,2021-11-06,Sold,337.0,Dark small some weight.
LST-2418,PRP-2684,AGT-0062,1901700.0,2021-12-09,2022-04-02,Expired,14.0,Citizen within form space. Truth must parent among know sing history.
LST-2419,PRP-2894,AGT-0128,693000.0,2024-04-14,2024-05-27,Expired,170.0,Suddenly act here yeah.
LST-2420,PRP-0569,AGT-0176,2006300.0,2023-06-18,2023-08-31,Sold,356.0,Successful here place style write agent.
LST-2421,PRP-3784,AGT-0101,1767400.0,2021-07-16,2021-11-24,Withdrawn,100.0,Consumer them body thing address.
LST-2422,PRP-1870,AGT-0083,1348500.0,2023-09-14,2023-12-16,Active,,Quite thank information bed better.
LST-2423,PRP-4940,AGT-0018,2479700.0,2022-09-12,2022-12-20,Expired,,Design friend state show task general.
LST-2424,PRP-2727,AGT-0070,1993500.0,2024-04-06,2024-09-17,Active,309.0,Even beautiful girl some tax work expert. Gas night lead popular floor.
LST-2425,PRP-0138,AGT-0019,2154700.0,2024-05-29,2024-07-31,Sold,359.0,Shoulder hit soon store field subject matter. Network dog bar series off think wide.
LST-2426,PRP-1083,AGT-0125,2337700.0,2022-11-08,2023-03-06,Sold,94.0,Artist power fall foot level. Student establish teacher.
LST-2427,PRP-0781,AGT-0229,1945700.0,2022-11-05,2023-02-04,Active,126.0,Defense effect strong describe. In character improve note campaign true college quite.
LST-2428,PRP-0063,AGT-0130,1057800.0,2020-05-26,2020-09-02,Sold,98.0,Think yard also project and kid letter art. Police figure source but system manager throw.
LST-2429,PRP-4614,AGT-0211,1959100.0,2020-08-12,2020-09-27,Expired,92.0,Pull position rule better.
LST-2430,PRP-1077,AGT-0059,727100.0,2022-04-04,2022-08-26,Withdrawn,208.0,Ground partner easy technology he total really other. Floor beautiful entire smile language for.
LST-2431,PRP-4767,AGT-0105,1241000.0,2021-05-15,2021-10-18,Sold,4.0,Field effect cultural left style choose bar. Method such skin.
LST-2432,PRP-2564,AGT-0191,2004700.0,2021-01-06,2021-05-15,Active,286.0,Network should yes white financial. Analysis right style without.
LST-2433,PRP-4957,AGT-0192,2454700.0,2020-09-21,2020-11-15,Active,272.0,Doctor soon red pressure. Board paper example know memory recognize.
LST-2434,PRP-3237,AGT-0215,941500.0,2022-03-30,2022-09-08,Active,278.0,Miss seat physical.
LST-2435,PRP-0133,AGT-0046,301600.0,2020-10-20,2021-03-27,Sold,283.0,Condition pattern conference beat green drop.
LST-2436,PRP-3050,AGT-0143,1158700.0,2022-10-16,2023-03-13,Sold,3.0,Bar ever project.
LST-2437,PRP-4958,AGT-0113,2087300.0,2021-11-22,2022-01-10,Expired,30.0,Daughter red else campaign. Brother operation game mission both.
LST-2438,PRP-4805,AGT-0009,1433700.0,2020-06-20,2020-11-23,Sold,139.0,Need reality list think live. Situation fire late decade nice great them.
LST-2439,PRP-4521,AGT-0271,2498100.0,2022-01-06,2022-06-07,Sold,271.0,Century least fall laugh within exactly.
LST-2440,PRP-0637,AGT-0251,560400.0,2020-02-29,2020-08-08,Active,,Later PM different sure PM wear. Growth law movement kind.
LST-2441,PRP-0020,AGT-0151,2258400.0,2022-05-10,2022-07-22,Withdrawn,126.0,Able above special someone number. Sister party admit theory measure often debate.
LST-2442,PRP-4123,AGT-0024,1033300.0,2021-06-07,2021-11-12,Sold,261.0,Series thing color writer four machine. Trade under address sea card cell plant.
LST-2443,PRP-2561,AGT-0231,322700.0,2020-10-27,2021-01-28,Expired,90.0,Sort summer simple turn bill.
LST-2444,PRP-1931,AGT-0048,146500.0,2023-02-04,2023-07-14,Sold,363.0,Price high pretty environmental. Find debate risk live become on structure.
LST-2445,PRP-2392,AGT-0137,1743700.0,2023-03-12,2023-05-09,Sold,78.0,Employee seven certainly member likely decision.
LST-2446,PRP-1628,AGT-0062,167900.0,2021-01-16,2021-02-27,Active,309.0,Husband child interesting author tonight project budget.
LST-2447,PRP-2375,AGT-0006,635400.0,2020-09-02,2021-01-29,Sold,,Hospital treatment create military camera itself role remain.
LST-2448,PRP-0235,AGT-0111,1473900.0,2020-03-19,2020-06-12,Active,241.0,Authority trouble he trade cup.
LST-2449,PRP-1454,AGT-0292,609400.0,2024-01-18,2024-05-06,Active,362.0,Network activity job account herself by. Industry interview wrong deal since despite.
LST-2450,PRP-4370,AGT-0208,700100.0,2020-07-27,2020-09-15,Expired,,Challenge take rock woman.
LST-2451,PRP-1684,AGT-0148,2014300.0,2023-03-01,2023-08-08,Sold,73.0,Rule create just ten network option skin. Fight population message everything health happy participant.
LST-2452,PRP-1018,AGT-0222,1896500.0,2023-02-18,2023-08-16,Active,310.0,To decision capital property collection notice event. On agency check degree.
LST-2453,PRP-0301,AGT-0106,640400.0,2023-11-11,2024-04-27,Sold,122.0,Everything success protect general toward.
LST-2454,PRP-1803,AGT-0267,1601500.0,2023-12-28,2024-05-27,Sold,324.0,Form protect consider loss situation third set article. Table important industry argue teacher.
LST-2455,PRP-4363,AGT-0265,1769600.0,2023-01-24,2023-06-08,Sold,348.0,Company morning director include movie nature hot.
LST-2456,PRP-4099,AGT-0133,1499100.0,2023-01-21,2023-04-16,Active,221.0,City main state kind law item.
LST-2457,PRP-4169,AGT-0097,793700.0,2021-05-19,2021-10-28,Active,75.0,Speak sense although court. Ready article enough these partner myself.
LST-2458,PRP-2840,AGT-0214,1221100.0,2020-05-02,2020-07-29,Sold,258.0,Any eight system live including charge. Half month way main.
LST-2459,PRP-1786,AGT-0011,2176700.0,2020-03-02,2020-07-09,Withdrawn,296.0,Population chair if partner thousand seat.
LST-2460,PRP-3884,AGT-0281,1836400.0,2021-01-11,2021-03-07,Active,27.0,Together cell at media technology maintain however.
LST-2461,PRP-4418,AGT-0095,2689900.0,2022-03-19,2022-06-20,Active,112.0,Though while how successful. Natural nearly church trouble direction list black.
LST-2462,PRP-2451,AGT-0115,508700.0,2023-09-12,2023-10-24,Active,59.0,Return probably house bag.
LST-2463,PRP-0639,AGT-0033,612200.0,2022-04-12,2022-08-08,Active,,Item traditional hold benefit minute growth. Who night where sign learn rise much.
LST-2464,PRP-4834,AGT-0121,880900.0,2024-05-18,2024-08-08,Pending,23.0,Employee across important thousand.
LST-2465,PRP-2590,AGT-0169,2291400.0,2021-02-23,2021-05-01,Withdrawn,105.0,Exist stop floor. Way writer fish condition receive job effort.
LST-2466,PRP-3736,AGT-0040,1635300.0,2021-09-08,2022-02-23,Sold,92.0,Their voice leader skill organization attorney.
LST-2467,PRP-1101,AGT-0086,434900.0,2020-09-21,2020-10-25,Pending,143.0,Stay night evidence player left up with.
LST-2468,PRP-3007,AGT-0156,2441300.0,2021-02-27,2021-08-24,Withdrawn,230.0,Relate serious really education and actually form. Pull team none south represent.
LST-2469,PRP-2512,AGT-0083,1483400.0,2022-10-22,2023-01-16,Withdrawn,123.0,Present specific why student.
LST-2470,PRP-4851,AGT-0021,1745200.0,2020-03-17,2020-03-14,Pending,337.0,Surface future prepare idea the. Senior major worry notice.
LST-2471,PRP-1754,AGT-0094,544700.0,2021-07-27,2021-12-17,Active,26.0,Produce important ever reason.
LST-2472,PRP-0998,AGT-0043,325800.0,2023-07-07,2023-12-15,Sold,89.0,Result why point until here apply. Whom support three chair realize kid play six.
LST-2473,PRP-4473,AGT-0031,2028100.0,2020-12-09,2021-05-07,Sold,291.0,Believe effort expert miss.
LST-2474,PRP-2669,AGT-0128,1297500.0,2022-04-28,2022-09-11,Pending,141.0,Or husband green chair Mr condition large. Offer especially various knowledge activity appear.
LST-2475,PRP-1516,AGT-0186,454300.0,2024-04-20,2024-06-08,Withdrawn,312.0,Tax training left shoulder generation TV however. Media style agency board.
LST-2476,PRP-1589,AGT-0227,2430400.0,2023-09-22,2023-08-31,Sold,117.0,Series also according rest by. Institution prove into usually station about simply.
LST-2477,PRP-2220,AGT-0189,1120200.0,2021-04-13,2021-04-12,Sold,152.0,Wall when successful glass shake they artist bring. Heart her may spend compare final worry.
LST-2478,PRP-4665,AGT-0012,1873900.0,2021-08-09,2021-10-25,Active,,Middle bed process first behind ask affect. Cost home fly same gun grow traditional.
LST-2479,PRP-3738,AGT-0118,503200.0,2023-08-02,2024-01-21,Sold,84.0,Along nearly color now enter responsibility step rather. Most deep activity success these.
LST-2480,PRP-1592,AGT-0053,918900.0,2022-02-18,2022-05-14,Withdrawn,121.0,Pattern model game game daughter operation end.
LST-2481,PRP-0949,AGT-0127,392600.0,2023-12-11,2024-05-19,Sold,296.0,Cultural hard action nature cost.
LST-2482,PRP-2223,AGT-0159,849800.0,2023-06-02,2023-08-02,Active,292.0,Politics capital themselves. Cell because information second white movement television.
LST-2483,PRP-4581,AGT-0019,959100.0,2021-09-25,2021-11-07,Active,153.0,Scientist knowledge want skin. Audience accept tend authority medical.
LST-2484,PRP-0697,AGT-0298,1670300.0,2023-05-29,2023-11-15,Withdrawn,174.0,Value vote artist main do.
LST-2485,PRP-1165,AGT-0220,2084800.0,2020-11-30,2021-02-21,Withdrawn,252.0,Meeting reason talk.
LST-2486,PRP-3600,AGT-0044,1921300.0,2021-03-26,2021-05-11,Sold,160.0,Tell full debate manage what region floor assume. Writer charge family former TV him.
LST-2487,PRP-3775,AGT-0221,727800.0,2023-04-01,2023-07-09,Sold,260.0,There job participant woman ten now around. Risk usually moment next.
LST-2488,PRP-2148,AGT-0158,823700.0,2024-01-28,2024-04-23,Sold,207.0,That affect between happen population run. Others debate government bar media decide.
LST-2489,PRP-2606,AGT-0045,1815700.0,2021-10-17,2021-09-24,Expired,46.0,Newspaper officer east set option firm doctor inside.
LST-2490,PRP-4564,AGT-0147,354700.0,2021-12-07,2022-02-25,Pending,54.0,Water large record suggest available. Weight lay sense open discover recent.
LST-2491,PRP-2604,AGT-0047,836000.0,2020-01-23,2020-06-02,Sold,12.0,Local thank card buy mean us painting.
LST-2492,PRP-2232,AGT-0190,492300.0,2023-01-16,2023-05-27,Expired,263.0,Soon especially nice last.
LST-2493,PRP-0084,AGT-0196,2222500.0,2023-12-30,2024-03-03,Expired,306.0,Life hospital probably dream cell. Consider any to since stop person goal.
LST-2494,PRP-0139,AGT-0194,752200.0,2022-11-22,2022-12-22,Active,308.0,Month director score alone.
LST-2495,PRP-3459,AGT-0195,2803100.0,2020-03-29,2020-07-12,Expired,,Sit ability garden dog happen economic final. Star kind sell better end ok low.
LST-2496,PRP-1781,AGT-0131,541800.0,2023-09-07,2023-11-05,Sold,111.0,Physical trial item group first tax statement. Watch read million.
LST-2497,PRP-0775,AGT-0217,747500.0,2024-03-27,2024-08-28,Active,117.0,Federal far present.
LST-2498,PRP-1051,AGT-0068,1807000.0,2021-12-29,2022-06-16,Expired,70.0,Every enter growth citizen.
LST-2499,PRP-4725,AGT-0165,2625400.0,2023-07-01,2023-08-23,Sold,289.0,Explain among good win situation east prepare smile.
LST-2500,PRP-0521,AGT-0139,1860700.0,2023-01-02,2023-02-25,Sold,203.0,Work smile movie continue point. Fly power feel garden.
LST-2501,PRP-4414,AGT-0004,2042400.0,2023-09-15,2024-02-22,Active,9.0,Since phone wall than become page lead.
LST-2502,PRP-4708,AGT-0232,2287800.0,2024-06-17,2024-12-04,Sold,,Local hotel human way show simply. Anyone young blue seven create.
LST-2503,PRP-2764,AGT-0041,829900.0,2020-07-20,2020-06-25,Sold,83.0,Safe even message want throw clearly.
LST-2504,PRP-0970,AGT-0275,2321100.0,2021-10-24,2021-12-03,Active,,Son miss just find baby go return.
LST-2505,PRP-0460,AGT-0015,1408800.0,2024-02-15,2024-05-15,Active,,Newspaper service news try wait wall. Edge forward cost member leave happen experience.
LST-2506,PRP-0739,AGT-0194,1765700.0,2023-11-04,2024-01-21,Sold,40.0,Drive note finally see walk point rather.
LST-2507,PRP-0595,AGT-0058,2553800.0,2023-06-28,2023-10-30,Active,213.0,Level many happen glass. Heart none opportunity financial.
LST-2508,PRP-4472,AGT-0006,1193800.0,2020-08-12,2020-10-18,Withdrawn,,History shoulder way fall tonight be bit. Wear easy five upon.
LST-2509,PRP-4608,AGT-0272,2290100.0,2023-11-07,2023-12-21,Active,198.0,Listen kind treat star many them.
LST-2510,PRP-1507,AGT-0198,2036400.0,2022-09-14,2022-12-25,Expired,,Possible and believe environmental trial can most part.
LST-2511,PRP-3858,AGT-0286,1413300.0,2020-11-03,2021-02-08,Sold,137.0,Forward even deal evidence by maintain.
LST-2512,PRP-3590,AGT-0148,2272900.0,2022-02-02,2022-06-02,Sold,146.0,Here call risk. Some clearly from gun perhaps rock positive grow.
LST-2513,PRP-4797,AGT-0053,1452700.0,2024-01-28,2024-07-03,Expired,272.0,Else put within.
LST-2514,PRP-2319,AGT-0195,486000.0,2021-05-21,2021-09-05,Pending,,Claim if job look also.
LST-2515,PRP-3462,AGT-0062,2208600.0,2021-12-07,2022-01-06,Withdrawn,323.0,Hundred son cold only half smile Mr source. Three but single oil opportunity statement entire certain.
LST-2516,PRP-2386,AGT-0203,1389000.0,2022-11-12,2023-01-14,Withdrawn,355.0,Boy audience world later carry. Pretty hospital do accept agreement.
LST-2517,PRP-2696,AGT-0189,1685800.0,2020-12-26,2021-03-08,Sold,223.0,Manager mission long most.
LST-2518,PRP-0020,AGT-0074,2272700.0,2022-09-14,2023-01-12,Sold,293.0,Speak south different enter parent blood.
LST-2519,PRP-1700,AGT-0079,2164800.0,2023-05-23,2023-07-03,Expired,31.0,Determine certainly might. Sister both support bag fine almost view.
LST-2520,PRP-1612,AGT-0005,1500900.0,2022-02-05,2022-05-15,Active,40.0,Ever them tell perhaps. At trade region contain red ahead light.
LST-2521,PRP-3281,AGT-0102,2416200.0,2021-07-15,2021-08-26,Expired,359.0,Themselves method their baby spend job.
LST-2522,PRP-1856,AGT-0198,1070200.0,2022-02-08,2022-06-07,Sold,349.0,Message maybe professor include.
LST-2523,PRP-4963,AGT-0089,187600.0,2021-04-09,2021-05-25,Sold,317.0,Already number heart season four. Music such may.
LST-2524,PRP-1222,AGT-0006,2125300.0,2023-12-16,2024-06-01,Sold,245.0,According better break instead threat page oil both.
LST-2525,PRP-4213,AGT-0288,2161800.0,2020-03-03,2020-07-06,Active,124.0,Item throw political success hand they. Foreign from cultural threat wrong.
LST-2526,PRP-3001,AGT-0257,2184400.0,2020-03-30,2020-08-10,Active,316.0,Already check win guy firm growth throw this.
LST-2527,PRP-1142,AGT-0297,1095800.0,2022-10-08,2022-09-13,Sold,204.0,Special majority study sort modern ball discover. Cover worry safe expert.
LST-2528,PRP-3374,AGT-0138,2227400.0,2023-06-06,2023-09-15,Pending,260.0,Notice themselves magazine show husband table institution property. Something little first great serve successful.
LST-2529,PRP-1690,AGT-0071,2423200.0,2021-08-18,2021-12-11,Sold,249.0,Mean need pass laugh degree paper.
LST-2530,PRP-0608,AGT-0259,2159000.0,2023-08-13,2024-01-16,Pending,,Hospital almost middle behind evidence of president movement.
LST-2531,PRP-2129,AGT-0028,2653700.0,2020-06-10,2020-09-07,Sold,299.0,Establish sit worker sound others southern.
LST-2532,PRP-1845,AGT-0225,1813000.0,2023-09-15,2024-02-13,Sold,,Discussion well win majority boy most. Other more would position course girl open.
LST-2533,PRP-0525,AGT-0098,2165500.0,2023-11-11,2024-02-29,Sold,18.0,He home art that admit work mean.
LST-2534,PRP-3327,AGT-0282,1574800.0,2020-12-13,2021-04-08,Active,154.0,Official quite choice hard free future memory.
LST-2535,PRP-3041,AGT-0064,93500.0,2020-07-20,2020-11-25,Withdrawn,38.0,Yet growth reality especially. Significant month traditional security.
LST-2536,PRP-3466,AGT-0270,1100700.0,2020-08-14,2020-12-01,Sold,69.0,Rise body should another.
LST-2537,PRP-1033,AGT-0002,907800.0,2021-06-13,2021-11-16,Sold,76.0,Property program color culture hotel city nice thus. Resource adult sign.
LST-2538,PRP-4546,AGT-0298,577700.0,2023-08-09,2023-12-20,Sold,117.0,Table day system company almost.
LST-2539,PRP-4330,AGT-0090,1425200.0,2021-05-26,2021-07-13,Expired,96.0,Computer kind Congress dark news I race.
LST-2540,PRP-0691,AGT-0056,511000.0,2020-05-02,2020-08-19,Sold,344.0,Information fast most see arrive really. Design sing here paper million activity.
LST-2541,PRP-4461,AGT-0211,1995900.0,2021-01-07,2021-04-21,Sold,188.0,Product stock image support necessary record artist.
LST-2542,PRP-1279,AGT-0215,2109800.0,2023-01-13,2023-02-17,Sold,73.0,Wish prepare break item television what. Perform per big less value.
LST-2543,PRP-2246,AGT-0117,2358900.0,2020-12-26,2021-02-15,Sold,42.0,Them represent medical.
LST-2544,PRP-4986,AGT-0225,1680100.0,2020-06-24,2020-09-04,Active,351.0,Drop lot kind anything standard glass think president. Onto company apply agree technology town inside.
LST-2545,PRP-1085,AGT-0263,1812800.0,2023-03-16,2023-05-11,Sold,21.0,Outside figure political box food black.
LST-2546,PRP-4780,AGT-0225,2478700.0,2020-08-13,2020-10-22,Sold,245.0,House blue health win girl. Travel factor on actually top.
LST-2547,PRP-1636,AGT-0023,2610700.0,2022-12-31,2023-02-27,Sold,201.0,Fall news area exactly design.
LST-2548,PRP-2936,AGT-0001,948800.0,2021-07-19,2021-11-07,Sold,352.0,Congress around need level defense. Prevent eight black dog key.
LST-2549,PRP-3420,AGT-0252,1967900.0,2024-02-01,2024-06-10,Expired,,Name guess make gas himself computer want.
LST-2550,PRP-1836,AGT-0194,1693700.0,2021-05-21,2021-08-03,Active,6.0,Whose crime believe book evidence movement human. Arm could international again.
LST-2551,PRP-3708,AGT-0054,879200.0,2020-01-06,2020-04-01,Withdrawn,295.0,Religious travel officer once north. Scientist pay level any simple road best.
LST-2552,PRP-3519,AGT-0107,2269700.0,2020-11-27,2021-03-06,Sold,348.0,Perhaps treatment prepare skin accept image thus. Form economic defense than.
LST-2553,PRP-0211,AGT-0083,1449400.0,2022-02-08,2022-04-03,Sold,310.0,Second recognize animal prove board reveal war. Wait evidence his.
LST-2554,PRP-3430,AGT-0298,1179900.0,2021-10-26,2022-04-16,Active,357.0,Society production east risk who major into. South where nothing key operation.
LST-2555,PRP-3832,AGT-0255,1482900.0,2022-09-09,2022-12-20,Sold,9.0,Easy student recent also Mr feel speak.
LST-2556,PRP-2221,AGT-0164,1810600.0,2021-02-02,2021-07-08,Sold,68.0,Mission risk need international. Full movement set left catch though I.
LST-2557,PRP-1401,AGT-0220,325000.0,2021-04-24,2021-08-07,Active,132.0,Sure describe use two night whole. Despite class four girl which professor.
LST-2558,PRP-4655,AGT-0016,2652300.0,2023-02-24,2023-07-24,Expired,219.0,Magazine hotel kitchen amount contain south civil. Six production partner commercial determine.
LST-2559,PRP-4591,AGT-0190,1578600.0,2022-05-31,2022-11-19,Sold,148.0,Religious candidate travel. Certain employee possible.
LST-2560,PRP-0108,AGT-0261,1248000.0,2021-08-11,2021-10-04,Sold,351.0,Lot Mrs measure operation structure tough modern.
LST-2561,PRP-2482,AGT-0258,309600.0,2024-03-12,2024-07-09,Withdrawn,215.0,Thousand management range effect off this one. Water sure become pretty off next beyond.
LST-2562,PRP-1455,AGT-0147,2152500.0,2024-04-29,2024-06-03,Active,195.0,Move seek wrong chance.
LST-2563,PRP-4440,AGT-0189,872000.0,2023-10-09,2024-01-06,Sold,91.0,Interest affect such magazine. Million career particular piece hand group.
LST-2564,PRP-2112,AGT-0272,1179900.0,2023-08-17,2023-11-02,Expired,196.0,Tree character anything marriage gas.
LST-2565,PRP-0788,AGT-0189,2648300.0,2020-07-22,2020-12-25,Sold,238.0,Bill smile know live strong information treatment also. Candidate decide cold service garden sing.
LST-2566,PRP-4802,AGT-0061,1322700.0,2021-06-20,2021-09-05,Sold,4.0,Soon land why require church floor. Magazine cell front most he point month nature.
LST-2567,PRP-4037,AGT-0231,2278700.0,2021-07-10,2021-09-13,Sold,62.0,Nation staff region agency so capital board realize.
LST-2568,PRP-1875,AGT-0004,2064100.0,2022-10-02,2023-01-31,Active,346.0,Lay usually laugh owner.
LST-2569,PRP-4869,AGT-0174,1772200.0,2020-03-14,2020-05-30,Sold,327.0,Try forget visit trade. Successful agreement build.
LST-2570,PRP-0338,AGT-0176,1634100.0,2024-02-05,2024-06-23,Sold,230.0,Movie participant exactly effort then beautiful tend. Similar already article hospital responsibility magazine within.
LST-2571,PRP-0652,AGT-0126,1162200.0,2020-09-06,2020-11-03,Active,65.0,Away forward sister data report box traditional during.
LST-2572,PRP-3027,AGT-0007,723600.0,2024-06-05,2024-08-22,Pending,253.0,They Congress candidate manage she toward station. Certain reflect face operation that affect.
LST-2573,PRP-1180,AGT-0181,757800.0,2023-05-28,2023-08-31,Expired,134.0,Understand nice act figure morning.
LST-2574,PRP-4870,AGT-0031,653600.0,2020-11-21,2021-01-15,Sold,137.0,Particularly travel institution last.
LST-2575,PRP-4859,AGT-0140,1828900.0,2023-07-15,2023-09-04,Expired,166.0,Hospital three series wonder serious ahead particularly. Thing when society case road wish figure consider.
LST-2576,PRP-4095,AGT-0052,433400.0,2023-10-13,2024-01-18,Withdrawn,342.0,Onto stay west base could writer single. Pressure imagine teach responsibility indicate.
LST-2577,PRP-2770,AGT-0230,670800.0,2021-02-11,2021-07-27,Sold,287.0,Wind kid offer beautiful hour soon her. Against serious sign evening enjoy.
LST-2578,PRP-3491,AGT-0021,1366200.0,2022-04-22,2022-09-19,Sold,167.0,After yeah contain. Shake today option walk study wonder somebody.
LST-2579,PRP-0540,AGT-0160,1134600.0,2020-09-24,2021-02-05,Withdrawn,13.0,Attention authority individual tough more decision let. Onto just never will pick.
LST-2580,PRP-0202,AGT-0209,1074500.0,2020-02-21,2020-07-10,Expired,178.0,System know minute drug.
LST-2581,PRP-2945,AGT-0058,2540900.0,2020-11-30,2021-01-17,Pending,187.0,Support according billion around church safe three. Hospital last despite language with purpose way authority.
LST-2582,PRP-4327,AGT-0084,1606800.0,2020-07-03,2020-10-19,Active,140.0,Score Republican government effort. Hair national hit standard unit century.
LST-2583,PRP-2641,AGT-0032,804300.0,2021-08-24,2021-11-04,Sold,147.0,Daughter career example board. However early dog up.
LST-2584,PRP-4064,AGT-0081,1263400.0,2023-02-20,2023-04-29,Sold,8.0,Move anything want through Congress during he. Person process among herself remain.
LST-2585,PRP-4800,AGT-0102,1589500.0,2021-01-19,2021-03-08,Withdrawn,325.0,Parent cultural show field.
LST-2586,PRP-3324,AGT-0026,1389700.0,2024-03-06,2024-07-24,Expired,74.0,Have none born foot church instead.
LST-2587,PRP-0579,AGT-0138,1991900.0,2021-01-17,2021-05-04,Sold,28.0,Past join might turn evening care degree sister.
LST-2588,PRP-1469,AGT-0021,2252300.0,2022-08-01,2023-01-12,Expired,126.0,Fund beyond billion school develop more eight.
LST-2589,PRP-2621,AGT-0194,271500.0,2023-05-27,2023-05-16,Sold,99.0,Herself tell away growth meeting Republican.
LST-2590,PRP-1162,AGT-0253,2928300.0,2023-05-31,2023-10-19,Sold,190.0,Necessary group truth probably floor weight picture. Step protect south perhaps sense own sing.
LST-2591,PRP-3463,AGT-0167,1825100.0,2020-02-14,2020-05-21,Active,82.0,Box movie occur suddenly.
LST-2592,PRP-3577,AGT-0124,1240700.0,2023-07-17,2023-10-07,Sold,167.0,Must up us director. Movement big just.
LST-2593,PRP-0147,AGT-0126,725800.0,2021-07-28,2021-09-14,Sold,351.0,Media long throughout.
LST-2594,PRP-0181,AGT-0144,429200.0,2020-08-21,2020-10-24,Sold,21.0,Up night matter from during light point. Knowledge school nearly article of.
LST-2595,PRP-1388,AGT-0294,1936900.0,2022-04-24,2022-10-13,Active,196.0,Democrat newspaper training bit anything child.
LST-2596,PRP-1392,AGT-0150,1708800.0,2020-05-17,2020-10-06,Sold,209.0,Program record because network word. Receive kid authority arm.
LST-2597,PRP-2598,AGT-0293,460400.0,2020-11-04,2021-02-14,Expired,,Style bag professor. College religious bed ball responsibility.
LST-2598,PRP-4127,AGT-0146,998500.0,2024-06-13,2024-11-24,Sold,,Wide meet different threat Democrat. It common thank center action.
LST-2599,PRP-2529,AGT-0080,461000.0,2022-05-21,2022-08-05,Sold,39.0,Start everything college pay.
LST-2600,PRP-1997,AGT-0136,634500.0,2021-01-22,2021-05-05,Sold,,Will draw customer develop tell.
LST-2601,PRP-1362,AGT-0172,1735100.0,2021-07-03,2021-12-02,Expired,223.0,Throughout knowledge class why military radio seven. Race get imagine game table finally plant act.
LST-2602,PRP-0258,AGT-0126,2179700.0,2020-10-24,2021-04-10,Sold,50.0,Marriage shake we recently adult. Know say newspaper movie.
LST-2603,PRP-1988,AGT-0088,2275800.0,2024-04-10,2024-09-06,Sold,269.0,Loss market build who its people by. Someone my sea turn job.
LST-2604,PRP-2499,AGT-0007,2263300.0,2022-06-23,2022-07-26,Sold,295.0,Court house president treat wind hundred. Land research laugh.
LST-2605,PRP-3445,AGT-0074,1931300.0,2022-04-06,2022-07-05,Sold,9.0,Stuff play blood whether tend push. Blue shake avoid difference next sense last church.
LST-2606,PRP-2314,AGT-0254,2445800.0,2024-05-12,2024-09-01,Sold,277.0,Which writer then whose city. Career especially heart sort.
LST-2607,PRP-1949,AGT-0022,815300.0,2022-02-08,2022-06-22,Sold,53.0,I prevent series provide pattern career in bill.
LST-2608,PRP-2749,AGT-0144,1371700.0,2024-06-26,2024-08-05,Sold,,Thank hotel whose about source writer. Seven per else establish item ready.
LST-2609,PRP-3997,AGT-0138,1387500.0,2021-08-08,2022-01-11,Pending,117.0,Product small laugh through summer market section.
LST-2610,PRP-3422,AGT-0124,1562600.0,2020-07-01,2020-08-19,Active,104.0,Shake guy international power night. Order medical outside.
LST-2611,PRP-2825,AGT-0161,1831500.0,2022-08-28,2022-11-14,Sold,170.0,Bank five professor season arrive cut produce.
LST-2612,PRP-2527,AGT-0126,818200.0,2021-06-28,2021-10-03,Expired,158.0,Radio into view example poor mouth. Future yard bed send over lawyer worry.
LST-2613,PRP-3450,AGT-0298,576600.0,2020-04-23,2020-08-03,Sold,355.0,Beyond world save foot subject animal cause.
LST-2614,PRP-1528,AGT-0172,2194100.0,2020-10-23,2021-01-07,Expired,,This option leader same. Other hope rock race.
LST-2615,PRP-0147,AGT-0268,2863900.0,2023-02-13,2023-04-20,Active,38.0,Fight begin enter majority.
LST-2616,PRP-0472,AGT-0043,1466800.0,2020-06-13,2020-10-15,Expired,,Thought international food teacher reality successful. Until as laugh cause agent edge.
LST-2617,PRP-0963,AGT-0020,2784800.0,2021-10-01,2022-03-05,Sold,216.0,Sign go help it or home newspaper rule.
LST-2618,PRP-2621,AGT-0050,1410600.0,2021-03-16,2021-06-22,Active,,Gun deep child. Radio have miss black stuff thousand.
LST-2619,PRP-3190,AGT-0282,902600.0,2020-01-08,2020-04-07,Sold,109.0,Long size list top.
LST-2620,PRP-1286,AGT-0285,766100.0,2021-10-25,2021-12-20,Sold,204.0,Wide inside drive see.
LST-2621,PRP-1448,AGT-0196,2731400.0,2023-06-18,2023-12-14,Active,135.0,Its how ground enough reality guess lose practice. Pay price cold name.
LST-2622,PRP-4205,AGT-0271,1277100.0,2020-01-07,2020-05-27,Active,209.0,Blue carry sort woman message government yeah. Theory ago he life attention mind central.
LST-2623,PRP-1339,AGT-0214,234100.0,2022-09-10,2022-10-25,Sold,146.0,Professional always also even data. Likely couple scene and.
LST-2624,PRP-4140,AGT-0243,2710200.0,2021-07-25,2021-10-30,Sold,266.0,Reveal quality low less man apply. Serve list watch perhaps.
LST-2625,PRP-1231,AGT-0177,1992000.0,2021-09-28,2022-02-25,Sold,351.0,Challenge group respond parent industry.
LST-2626,PRP-0508,AGT-0075,1107700.0,2021-08-05,2021-09-11,Sold,,Note seek deep piece. Eat subject story threat visit worry decision.
LST-2627,PRP-0497,AGT-0295,1267000.0,2022-09-04,2022-12-04,Active,2.0,Size voice lot movie worker practice. About argue provide local opportunity detail generation somebody.
LST-2628,PRP-0912,AGT-0147,559300.0,2020-09-10,2020-10-16,Sold,172.0,Third require hear course away hour summer.
LST-2629,PRP-4429,AGT-0034,2369300.0,2020-03-14,2020-06-15,Pending,358.0,Total with success much husband.
LST-2630,PRP-1856,AGT-0225,2341200.0,2022-10-15,2023-03-25,Sold,175.0,Woman south become character.
LST-2631,PRP-0070,AGT-0008,1179100.0,2022-09-27,2022-11-01,Sold,365.0,Site member choice voice.
LST-2632,PRP-3045,AGT-0019,1521900.0,2020-07-06,2020-09-21,Sold,157.0,Deep test analysis respond. Top surface ground from.
LST-2633,PRP-4560,AGT-0077,630100.0,2023-12-24,2024-01-31,Sold,258.0,View fine far development first six.
LST-2634,PRP-0052,AGT-0297,2398200.0,2022-12-22,2023-03-08,Sold,308.0,Notice also within benefit.
LST-2635,PRP-1229,AGT-0300,1192400.0,2021-06-24,2021-08-03,Sold,,Movie gun talk glass art tend. Enough practice cause staff score issue.
LST-2636,PRP-3942,AGT-0158,1885600.0,2023-04-29,2023-09-24,Expired,199.0,Reach body trade. Boy deep left prove film.
LST-2637,PRP-1398,AGT-0034,1322900.0,2023-01-16,2023-04-09,Expired,68.0,Citizen address field far data movie campaign six. Town but sure own.
LST-2638,PRP-0045,AGT-0145,867600.0,2023-02-17,2023-06-08,Expired,323.0,Area long goal major. Young light course Democrat.
LST-2639,PRP-4947,AGT-0228,957100.0,2021-12-27,2022-03-11,Sold,26.0,Half crime charge figure agreement world. Stock movement space garden weight opportunity red.
LST-2640,PRP-0717,AGT-0009,417100.0,2021-12-23,2022-02-08,Sold,,May energy room whatever only.
LST-2641,PRP-1052,AGT-0170,1133500.0,2021-03-12,2021-05-21,Sold,200.0,List stay consider. Perhaps national drop pretty require movement base.
LST-2642,PRP-2845,AGT-0241,1534800.0,2020-07-16,2020-09-27,Active,210.0,Local ground language director message industry say tree. Parent series pick successful federal religious popular.
LST-2643,PRP-4381,AGT-0263,364800.0,2021-05-29,2021-07-18,Expired,54.0,Mind least game difference.
LST-2644,PRP-0422,AGT-0276,1112200.0,2021-12-09,2022-05-04,Sold,343.0,South sister night interest at will together fund.
LST-2645,PRP-1331,AGT-0030,829200.0,2023-06-30,2023-11-27,Sold,347.0,Coach open just interest week part kitchen. Exist might off particular.
LST-2646,PRP-4676,AGT-0195,2178800.0,2023-02-09,2023-07-14,Expired,10.0,Work leg while visit.
LST-2647,PRP-1858,AGT-0268,1219600.0,2021-03-18,2021-07-25,Expired,156.0,Grow always sort plant send understand. Able how camera our foot.
LST-2648,PRP-0854,AGT-0225,555900.0,2022-07-21,2022-07-03,Sold,336.0,Thought lot story mother out.
LST-2649,PRP-1368,AGT-0233,1507400.0,2021-09-18,2022-01-14,Sold,111.0,Cold while idea note more by product.
LST-2650,PRP-3746,AGT-0092,1423300.0,2021-07-07,2021-08-13,Expired,224.0,First tend four stage own turn turn.
LST-2651,PRP-4878,AGT-0284,1969100.0,2022-03-18,2022-05-22,Active,,Have reach water hit remain step start outside.
LST-2652,PRP-2806,AGT-0273,2636700.0,2023-08-06,2024-01-25,Withdrawn,199.0,Tonight time art more any along.
LST-2653,PRP-0856,AGT-0075,2221400.0,2023-06-27,2023-10-02,Sold,97.0,Wonder agent through evening body item see.
LST-2654,PRP-4458,AGT-0205,803600.0,2020-08-14,2021-01-28,Withdrawn,270.0,Become development catch another property central religious particular.
LST-2655,PRP-0117,AGT-0240,651500.0,2023-02-13,2023-06-01,Active,73.0,Sell effort wear claim concern.
LST-2656,PRP-1848,AGT-0091,1400000.0,2021-06-24,2021-08-16,Expired,44.0,Expect marriage drug nation development beautiful. Test effort responsibility fire field likely.
LST-2657,PRP-3099,AGT-0108,581000.0,2023-10-08,2023-11-28,Sold,157.0,Place matter hand. Kind wait option.
LST-2658,PRP-1518,AGT-0190,912300.0,2021-07-01,2021-11-13,Withdrawn,2.0,Order upon note body make interview bank friend. Method do everybody public process discuss eat.
LST-2659,PRP-4290,AGT-0206,2172500.0,2021-04-25,2021-07-03,Withdrawn,,Decision hair quite food. Challenge network purpose continue.
LST-2660,PRP-4386,AGT-0237,2118600.0,2022-02-07,2022-05-11,Active,69.0,Paper drop bad over way. War candidate especially approach.
LST-2661,PRP-2435,AGT-0269,2015700.0,2022-11-26,2023-01-20,Expired,7.0,Cell develop would employee right main understand.
LST-2662,PRP-2508,AGT-0215,2320300.0,2020-06-06,2020-07-19,Expired,342.0,Power clearly huge story walk wait trouble. Total church thought still memory speak fish.
LST-2663,PRP-4380,AGT-0071,2333800.0,2020-06-10,2020-10-04,Active,237.0,My old option part meet.
LST-2664,PRP-0439,AGT-0140,1127800.0,2023-11-14,2023-12-31,Sold,231.0,Official realize audience nature white.
LST-2665,PRP-1712,AGT-0261,2016500.0,2022-03-01,2022-05-28,Sold,330.0,Power bring us. Box off let across late see difference picture.
LST-2666,PRP-0030,AGT-0076,2313900.0,2024-05-09,2024-04-19,Active,154.0,Physical medical teach beat too letter role.
LST-2667,PRP-0306,AGT-0233,1194400.0,2021-01-09,2021-03-06,Sold,36.0,Boy guy act improve remember political range. Civil card environmental fight share mission total oil.
LST-2668,PRP-3498,AGT-0246,449100.0,2020-03-22,2020-08-15,Expired,239.0,Relate close vote officer. Window reason size two activity.
LST-2669,PRP-0263,AGT-0219,448100.0,2020-04-25,2020-06-16,Expired,253.0,Mother represent factor computer outside bed.
LST-2670,PRP-2489,AGT-0105,2037900.0,2023-06-10,2023-09-09,Active,122.0,Also management choose economy truth evidence human. Could writer million system want.
LST-2671,PRP-0952,AGT-0114,2060100.0,2020-02-26,2020-07-31,Sold,298.0,Someone despite force join product never.
LST-2672,PRP-0565,AGT-0123,2708200.0,2021-04-24,2021-07-17,Withdrawn,207.0,Response character give whether evening organization significant. Water light enter affect structure sense house.
LST-2673,PRP-4160,AGT-0014,518000.0,2022-11-20,2023-02-20,Active,,Job agency still important every. Rest summer laugh bag.
LST-2674,PRP-1110,AGT-0117,993000.0,2024-02-17,2024-07-23,Sold,315.0,Front tough assume analysis.
LST-2675,PRP-4453,AGT-0253,404700.0,2020-11-18,2021-05-06,Active,124.0,Write maintain forget vote. Study bar check start store popular may.
LST-2676,PRP-0800,AGT-0167,1730700.0,2023-02-15,2023-06-30,Sold,4.0,Him hour anyone once base party. Drive clearly hold side health just.
LST-2677,PRP-3112,AGT-0266,2771800.0,2020-01-25,2020-06-06,Sold,196.0,Already laugh build personal sister. Purpose simply hot newspaper.
LST-2678,PRP-4223,AGT-0213,942400.0,2024-05-11,2024-11-01,Pending,363.0,Money thousand eat responsibility care better figure. Move effort sister back well management.
LST-2679,PRP-3842,AGT-0091,530600.0,2021-06-16,2021-10-03,Sold,305.0,Social Democrat unit lot behind fact their. Both people girl.
LST-2680,PRP-3756,AGT-0265,1646200.0,2022-01-04,2022-06-04,Active,157.0,Environment as because bag. Water lot discussion treatment thought.
LST-2681,PRP-1357,AGT-0233,938200.0,2023-06-05,2023-09-29,Sold,,Space hard best office.
LST-2682,PRP-4984,AGT-0268,423600.0,2022-02-28,2022-07-08,Sold,123.0,Sister same investment on. Act try tough enjoy.
LST-2683,PRP-2064,AGT-0193,2630500.0,2022-09-23,2023-02-07,Sold,77.0,Style black control detail Mrs plant.
LST-2684,PRP-1752,AGT-0088,690300.0,2020-08-02,2020-09-08,Sold,18.0,Tell off friend wide hear.
LST-2685,PRP-3955,AGT-0282,1584300.0,2022-09-09,2023-02-04,Expired,31.0,Believe sister computer air loss. Yeah house ready improve.
LST-2686,PRP-1614,AGT-0073,1661900.0,2020-10-20,2021-02-14,Expired,157.0,School democratic thing development relationship. Performance two kid.
LST-2687,PRP-1923,AGT-0120,472400.0,2021-12-10,2022-03-01,Withdrawn,29.0,Show phone tree whom.
LST-2688,PRP-4882,AGT-0292,2438500.0,2022-12-26,2023-04-29,Withdrawn,,Common claim group community find. Do across accept thought discussion.
LST-2689,PRP-0633,AGT-0269,1824100.0,2022-06-02,2022-09-01,Sold,248.0,Tree toward my. Majority film generation reflect take safe exist.
LST-2690,PRP-2232,AGT-0074,2135200.0,2022-08-18,2022-10-03,Sold,,Right lose present fine. Need drug style rich bed over last unit.
LST-2691,PRP-0495,AGT-0190,2053800.0,2024-05-07,2024-06-18,Sold,252.0,If investment hard daughter learn civil. Last example there street glass pass.
LST-2692,PRP-3664,AGT-0041,1118900.0,2020-10-22,2021-02-01,Sold,102.0,Money important six. Our effect PM nice because throughout family.
LST-2693,PRP-0018,AGT-0041,1970900.0,2022-04-06,2022-07-25,Sold,188.0,Town least west myself why reflect. First beautiful paper with ask.
LST-2694,PRP-0652,AGT-0062,1886600.0,2020-04-07,2020-05-11,Sold,102.0,People culture begin him likely.
LST-2695,PRP-1655,AGT-0204,2461300.0,2023-10-21,2024-01-07,Sold,335.0,Political throughout probably. Until partner morning nation.
LST-2696,PRP-4552,AGT-0222,752100.0,2022-03-05,2022-04-16,Active,214.0,Hair court pay line section human wonder morning.
LST-2697,PRP-3383,AGT-0007,1531800.0,2021-07-19,2021-11-08,Sold,100.0,Should usually one improve clear data enjoy. Between product throughout training.
LST-2698,PRP-4810,AGT-0058,970400.0,2023-06-22,2023-10-17,Sold,295.0,Third event end place a.
LST-2699,PRP-0805,AGT-0161,2594900.0,2021-07-11,2021-12-10,Sold,,Serious suddenly sure same. Floor her situation try.
LST-2700,PRP-4735,AGT-0271,288800.0,2022-01-13,2022-04-19,Sold,62.0,Since good better deep course goal analysis. Describe I watch degree four maintain seem live.
LST-2701,PRP-4401,AGT-0293,286700.0,2020-07-05,2020-12-18,Active,345.0,Seek sit manage them big join thought information. View either other find.
LST-2702,PRP-3535,AGT-0071,219400.0,2023-02-28,2023-04-26,Sold,342.0,Art offer page.
LST-2703,PRP-0488,AGT-0002,1961100.0,2020-09-20,2020-11-14,Sold,,Be wind sometimes drive imagine.
LST-2704,PRP-4581,AGT-0211,1600400.0,2021-02-25,2021-03-27,Active,85.0,Important stock beautiful.
LST-2705,PRP-2537,AGT-0046,135800.0,2021-10-02,2021-12-29,Expired,,Ball red event.
LST-2706,PRP-4271,AGT-0299,1905100.0,2020-07-14,2020-10-23,Sold,280.0,Population yard sell early land determine arm.
LST-2707,PRP-1713,AGT-0133,709400.0,2023-04-26,2023-07-19,Withdrawn,146.0,Image able accept.
LST-2708,PRP-4947,AGT-0271,2467800.0,2023-06-23,2023-07-27,Sold,139.0,Once difference analysis boy stuff foreign. Break happen ask woman turn camera.
LST-2709,PRP-3623,AGT-0055,888800.0,2024-06-25,2024-10-23,Sold,,Item suddenly amount throughout ago long.
LST-2710,PRP-3354,AGT-0100,2452000.0,2021-04-07,2021-09-05,Active,266.0,Ready individual type far right already for southern.
LST-2711,PRP-1735,AGT-0108,938400.0,2023-05-28,2023-08-09,Active,166.0,Man election decide available add. Teacher general star firm computer.
LST-2712,PRP-4922,AGT-0280,425000.0,2024-01-10,2024-05-23,Active,72.0,Develop hot its medical have. Seven home lot pick enough direction change.
LST-2713,PRP-4436,AGT-0016,1118100.0,2022-05-26,2022-10-07,Withdrawn,348.0,Wear back rise final tend blue million ask. Health also meet.
LST-2714,PRP-2339,AGT-0180,446600.0,2023-11-12,2024-04-28,Sold,70.0,Policy leg use sense car write.
LST-2715,PRP-0875,AGT-0202,2400800.0,2023-08-08,2023-12-18,Sold,40.0,Difference think total their.
LST-2716,PRP-4096,AGT-0168,1511000.0,2024-04-07,2024-06-05,Sold,,Radio along local none we.
LST-2717,PRP-3808,AGT-0123,2048300.0,2022-12-03,2023-05-12,Expired,110.0,Data owner difficult table stop. Safe television else important give future.
LST-2718,PRP-0029,AGT-0008,1907500.0,2023-01-22,2023-04-22,Active,,Many soon present degree early son. Look call interview two manager see.
LST-2719,PRP-1593,AGT-0273,1678100.0,2021-05-17,2021-10-09,Sold,63.0,Road us plant start product. Finish bed relate.
LST-2720,PRP-3968,AGT-0128,2063600.0,2023-12-11,2024-03-29,Pending,,Gun woman system choose never item.
LST-2721,PRP-4233,AGT-0214,341400.0,2024-04-19,2024-09-03,Sold,300.0,Body consider quickly approach national prevent during.
LST-2722,PRP-2632,AGT-0183,360400.0,2022-07-12,2022-11-28,Sold,278.0,Visit impact low.
LST-2723,PRP-3645,AGT-0230,455800.0,2020-10-02,2020-12-06,Active,,Choice generation campaign structure family our. Investment election form check.
LST-2724,PRP-2568,AGT-0279,1697100.0,2023-11-21,2024-01-25,Sold,260.0,Card quality agent girl suddenly toward second.
LST-2725,PRP-3902,AGT-0288,958300.0,2020-01-14,2020-05-12,Sold,323.0,Away better agent bad subject. Two return set interview cultural.
LST-2726,PRP-0435,AGT-0205,1618700.0,2023-08-22,2024-02-13,Sold,153.0,Cell military glass report research recently everybody.
LST-2727,PRP-1120,AGT-0093,672200.0,2020-02-09,2020-04-08,Withdrawn,170.0,Ground great yourself plan miss attorney and. Decide past pretty mention I guy control behavior.
LST-2728,PRP-1705,AGT-0285,896800.0,2021-05-16,2021-09-18,Withdrawn,49.0,Might information I statement affect stuff.
LST-2729,PRP-2026,AGT-0169,811400.0,2022-07-30,2022-10-03,Withdrawn,246.0,She threat worker southern talk high any answer. Product challenge around answer quite clearly.
LST-2730,PRP-0731,AGT-0295,1709600.0,2022-12-30,2023-04-10,Expired,2.0,Pressure phone treatment design order reason always create. Consumer information save author.
LST-2731,PRP-3783,AGT-0254,350400.0,2020-05-27,2020-08-21,Sold,133.0,Amount camera enough along.
LST-2732,PRP-4241,AGT-0145,1347000.0,2023-07-24,2023-08-23,Sold,205.0,Or military nation economic wonder factor call.
LST-2733,PRP-2974,AGT-0239,511200.0,2022-04-07,2022-08-04,Active,34.0,Price fly character but. Prepare several bed which plant staff contain.
LST-2734,PRP-1826,AGT-0183,283600.0,2021-10-01,2022-03-16,Active,318.0,Ground quality special spend way growth. Star western clearly technology.
LST-2735,PRP-1374,AGT-0101,2883400.0,2023-01-19,2023-03-23,Sold,289.0,Ground food home feel often organization.
LST-2736,PRP-0592,AGT-0045,2291900.0,2021-07-29,2022-01-17,Expired,231.0,Instead black TV foreign million pull small might. Always travel car fire group change.
LST-2737,PRP-2223,AGT-0084,1398200.0,2022-11-03,2023-03-31,Sold,129.0,Ball them capital near reveal.
LST-2738,PRP-3318,AGT-0233,1007800.0,2020-04-23,2020-10-11,Sold,,Federal price investment program minute color contain. Participant outside actually seat throw person.
LST-2739,PRP-0290,AGT-0163,62800.0,2023-03-08,2023-07-02,Withdrawn,41.0,Force all happen here.
LST-2740,PRP-2401,AGT-0226,204900.0,2024-05-26,2024-10-05,Active,219.0,Large front open who never break really coach.
LST-2741,PRP-3631,AGT-0296,2422700.0,2020-08-05,2020-11-30,Active,,Generation rather site build health treatment recent. Never message share of later.
LST-2742,PRP-3117,AGT-0179,790100.0,2020-03-10,2020-05-27,Sold,64.0,Fall writer history future stage management involve.
LST-2743,PRP-4335,AGT-0211,1773800.0,2022-01-24,2022-07-15,Pending,,True cut rest history.
LST-2744,PRP-4839,AGT-0157,374400.0,2020-11-12,2021-03-21,Sold,167.0,Score personal may individual save able.
LST-2745,PRP-2054,AGT-0200,754100.0,2020-05-17,2020-07-26,Sold,124.0,Turn arm throw worry land class model.
LST-2746,PRP-2043,AGT-0158,2141700.0,2020-01-18,2020-04-08,Sold,180.0,Writer activity job.
LST-2747,PRP-0182,AGT-0092,376800.0,2024-06-02,2024-08-09,Withdrawn,359.0,Tend project process almost international. Teacher various property as.
LST-2748,PRP-4370,AGT-0260,2075100.0,2022-07-31,2022-09-28,Sold,167.0,Check Mrs four huge this. Artist trouble rich area simple physical mention girl.
LST-2749,PRP-2177,AGT-0091,294800.0,2020-08-21,2020-10-21,Active,158.0,Information agreement shoulder dark fall.
LST-2750,PRP-2671,AGT-0221,530400.0,2022-04-10,2022-07-11,Sold,,Ago yeah reduce analysis may.
LST-2751,PRP-3110,AGT-0001,1721800.0,2022-07-21,2022-09-13,Active,118.0,Second continue western TV finally. Outside Democrat likely political include young may.
LST-2752,PRP-4103,AGT-0025,1293300.0,2022-05-27,2022-07-30,Sold,252.0,Individual middle several world physical could product however. Value kid including arrive professor.
LST-2753,PRP-2291,AGT-0160,1688200.0,2020-02-07,2020-06-01,Withdrawn,97.0,Environment country that us apply be she.
LST-2754,PRP-4585,AGT-0277,1360900.0,2023-06-16,2023-09-29,Pending,81.0,Great market bit house we. Fire affect perform we.
LST-2755,PRP-2014,AGT-0247,244300.0,2023-12-19,2024-02-10,Sold,363.0,Always positive environment wonder officer. Rise half song these.
LST-2756,PRP-1121,AGT-0103,307400.0,2022-09-25,2022-11-09,Sold,151.0,Travel leave west grow.
LST-2757,PRP-4091,AGT-0192,835500.0,2020-11-03,2021-03-09,Sold,266.0,Event particularly realize finish sure return.
LST-2758,PRP-0618,AGT-0217,1001500.0,2022-12-09,2023-04-11,Sold,284.0,Save team relate couple happy trial that. Skill every agent others dark price.
LST-2759,PRP-0233,AGT-0207,1391200.0,2020-04-09,2020-07-24,Active,68.0,Focus write natural sing view successful. Quite interesting every air last might.
LST-2760,PRP-1576,AGT-0191,193700.0,2020-07-25,2020-12-16,Expired,100.0,Chance successful national. Tell clear success near member.
LST-2761,PRP-2333,AGT-0192,2210600.0,2020-01-17,2020-06-26,Sold,71.0,Total either fish month total say smile. Bank her low power.
LST-2762,PRP-0131,AGT-0172,759500.0,2023-11-17,2024-02-01,Pending,76.0,Condition south oil audience cultural. Them ability number animal which blue.
LST-2763,PRP-3450,AGT-0166,1419000.0,2022-04-03,2022-09-07,Pending,350.0,Police share popular describe.
LST-2764,PRP-2779,AGT-0213,2676500.0,2020-07-23,2020-10-30,Sold,279.0,Hair partner really bar. Store discuss member increase nature.
LST-2765,PRP-4544,AGT-0198,336900.0,2023-01-22,2023-06-02,Sold,,Surface no rich page. City trip table star stand.
LST-2766,PRP-2140,AGT-0091,662500.0,2021-04-09,2021-08-10,Sold,4.0,Increase professor paper whom. Color suffer election bit operation.
LST-2767,PRP-2519,AGT-0289,70900.0,2021-04-13,2021-08-05,Active,234.0,Point race concern take.
LST-2768,PRP-0737,AGT-0128,1961600.0,2022-02-02,2022-01-18,Sold,48.0,Indicate deep record employee. Security fear policy affect hard.
LST-2769,PRP-1275,AGT-0031,2262100.0,2021-06-21,2021-09-05,Sold,213.0,Audience mother business too. Approach rate chance laugh dark.
LST-2770,PRP-4741,AGT-0239,150300.0,2022-10-23,2023-01-03,Sold,352.0,Movement event shoulder remain.
LST-2771,PRP-1783,AGT-0149,2180000.0,2024-02-14,2024-04-16,Active,193.0,Region market without great too whether sing.
LST-2772,PRP-2517,AGT-0011,2043400.0,2023-01-16,2023-04-01,Expired,193.0,Single weight gun physical news street enter century. Hot agency clearly relationship before.
LST-2773,PRP-3758,AGT-0053,2409300.0,2021-07-10,2021-11-27,Sold,189.0,Blue better itself woman method.
LST-2774,PRP-0085,AGT-0231,2120500.0,2021-08-18,2021-12-27,Expired,112.0,Detail team major from recent yet network.
LST-2775,PRP-4509,AGT-0100,1418300.0,2021-12-23,2022-05-16,Pending,245.0,Better whole smile can voice discover center.
LST-2776,PRP-1143,AGT-0300,1463700.0,2022-09-14,2023-02-26,Sold,151.0,Order during after car. Party hold fall debate page five more.
LST-2777,PRP-0831,AGT-0204,1303900.0,2023-08-10,2023-09-25,Expired,49.0,Second raise scientist together enough audience bed.
LST-2778,PRP-0098,AGT-0154,1991800.0,2022-01-07,2022-05-17,Active,63.0,Church drop age visit word speak other.
LST-2779,PRP-0589,AGT-0085,564800.0,2023-04-10,2023-05-29,Expired,222.0,Join per authority strategy leave million. Member shoulder court plant whose item.
LST-2780,PRP-1841,AGT-0206,1096000.0,2023-04-11,2023-09-15,Sold,4.0,Early administration outside owner. Give building letter.
LST-2781,PRP-1103,AGT-0143,2340400.0,2024-01-08,2024-03-31,Sold,76.0,Back upon sign middle yourself toward size. Fish career plan more car government.
LST-2782,PRP-0396,AGT-0073,1095900.0,2023-02-28,2023-04-07,Sold,32.0,Degree fill his despite girl.
LST-2783,PRP-4477,AGT-0022,2937800.0,2022-03-20,2022-07-19,Active,21.0,Have or beat cultural civil reveal project.
LST-2784,PRP-0713,AGT-0103,2160400.0,2024-01-30,2024-03-23,Sold,278.0,Exist law research offer stage audience.
LST-2785,PRP-4527,AGT-0118,1621100.0,2024-01-03,2024-05-22,Withdrawn,79.0,World today boy yes modern method. Better attention tough environment.
LST-2786,PRP-3956,AGT-0014,1821000.0,2024-03-24,2024-08-18,Expired,360.0,Suggest significant sport economy.
LST-2787,PRP-3933,AGT-0067,2665500.0,2020-10-12,2021-04-10,Sold,354.0,Public question evening partner question. Individual defense behind production possible woman nothing design.
LST-2788,PRP-3787,AGT-0149,875200.0,2023-05-24,2023-10-04,Expired,281.0,Political behind travel spring which.
LST-2789,PRP-3636,AGT-0036,1237200.0,2022-04-12,2022-06-16,Withdrawn,86.0,Of according form list total trip well. They else rather arrive people brother final.
LST-2790,PRP-1632,AGT-0281,1347300.0,2023-09-18,2023-12-29,Pending,,Control between begin respond design.
LST-2791,PRP-3463,AGT-0249,2176900.0,2020-02-02,2020-06-24,Sold,,Issue easy though discover.
LST-2792,PRP-3002,AGT-0159,428000.0,2020-09-10,2020-10-16,Active,305.0,Side create away will national.
LST-2793,PRP-0796,AGT-0095,2218200.0,2021-02-12,2021-07-24,Expired,149.0,Ok up speech he toward final environmental.
LST-2794,PRP-3726,AGT-0276,1484800.0,2023-12-26,2023-11-29,Expired,354.0,Building catch share marriage room. Send blue then individual toward will night today.
LST-2795,PRP-2294,AGT-0046,957500.0,2022-06-15,2022-09-02,Sold,114.0,Police exist recognize fight adult spend boy. Too operation current maintain nothing.
LST-2796,PRP-4757,AGT-0123,2142200.0,2022-01-05,2022-03-05,Sold,259.0,Understand summer work cause term stay attack.
LST-2797,PRP-0445,AGT-0098,644400.0,2022-12-24,2023-05-08,Sold,233.0,Since beautiful left young soon glass politics. High skin dream administration big.
LST-2798,PRP-1235,AGT-0088,563200.0,2024-04-22,2024-08-12,Expired,282.0,Radio see those not table involve positive final. Face make term bank partner.
LST-2799,PRP-0086,AGT-0122,844400.0,2020-07-06,2020-12-10,Active,194.0,Between anyone they sea pattern that some. Medical story hospital your.
LST-2800,PRP-2696,AGT-0021,1433300.0,2023-01-01,2023-05-30,Expired,272.0,In strategy its debate election.
LST-2801,PRP-3026,AGT-0289,1639500.0,2020-05-01,2020-06-13,Sold,,Shake part usually perhaps up lead standard. Think firm history imagine.
LST-2802,PRP-1054,AGT-0064,891800.0,2021-05-04,2021-09-16,Sold,26.0,Sell usually company.
LST-2803,PRP-0349,AGT-0209,733200.0,2024-05-07,2024-06-18,Sold,126.0,Against federal attorney. Spring vote address media claim politics recently.
LST-2804,PRP-1309,AGT-0293,704300.0,2023-07-15,2023-09-16,Expired,116.0,Fine hundred trip ten same.
LST-2805,PRP-3251,AGT-0019,714000.0,2020-08-29,2020-11-09,Sold,337.0,Condition but image. Himself strong rise interesting recently.
LST-2806,PRP-0081,AGT-0088,1787100.0,2021-10-03,2022-03-15,Sold,,As remember ten site seven mention whether. Last soldier will front million wide.
LST-2807,PRP-2229,AGT-0289,367700.0,2021-07-02,2021-09-09,Withdrawn,132.0,Seem answer nation today determine data.
LST-2808,PRP-3054,AGT-0245,747700.0,2024-04-11,2024-10-03,Expired,104.0,Let among note choice tax they. General lawyer likely chair people sport.
LST-2809,PRP-0618,AGT-0215,162400.0,2023-10-16,2023-12-31,Sold,209.0,Character in task that southern reflect. Including produce early support remain.
LST-2810,PRP-3889,AGT-0181,586100.0,2020-05-17,2020-10-09,Expired,301.0,Guy decide Congress.
LST-2811,PRP-3259,AGT-0171,729700.0,2021-11-10,2021-12-12,Sold,273.0,Democratic dream available Democrat space early word. And program popular leave garden answer.
LST-2812,PRP-3940,AGT-0048,950900.0,2022-08-26,2023-02-05,Sold,264.0,Possible anyone himself yard others.
LST-2813,PRP-0179,AGT-0079,980600.0,2020-05-07,2020-08-18,Sold,25.0,Week model a culture.
LST-2814,PRP-3502,AGT-0021,893400.0,2020-03-14,2020-06-29,Sold,239.0,Tonight than appear any manage. School because instead book dinner.
LST-2815,PRP-0796,AGT-0253,779500.0,2020-11-27,2021-05-19,Sold,166.0,Much cup party direction. Manage season treat today have much.
LST-2816,PRP-3228,AGT-0029,2619600.0,2020-10-22,2021-02-02,Sold,335.0,This commercial many later air us now. Will decade different plant big.
LST-2817,PRP-4908,AGT-0017,2173200.0,2022-04-14,2022-08-14,Withdrawn,100.0,Understand line to read wrong pattern.
LST-2818,PRP-2639,AGT-0141,1631300.0,2022-04-23,2022-07-31,Sold,217.0,Question question you environmental cultural.
LST-2819,PRP-1379,AGT-0123,1161700.0,2022-05-01,2022-07-25,Sold,120.0,Two might police author require commercial. Page it threat.
LST-2820,PRP-1565,AGT-0221,2287700.0,2022-11-23,2022-10-25,Expired,167.0,Interesting fine involve necessary.
LST-2821,PRP-4525,AGT-0021,554500.0,2021-02-01,2021-05-24,Withdrawn,168.0,Mr election fear forget government nature any. Ask fine level indeed recent state.
LST-2822,PRP-0368,AGT-0287,1439100.0,2024-06-10,2024-10-03,Pending,109.0,Total themselves eight remain foot how feel.
LST-2823,PRP-3630,AGT-0133,664400.0,2023-12-18,2024-05-30,Expired,72.0,Science good able half. Much two treatment keep miss such so.
LST-2824,PRP-1784,AGT-0111,414100.0,2023-07-26,2024-01-02,Withdrawn,347.0,Hit green prove whether.
LST-2825,PRP-2183,AGT-0193,513500.0,2024-02-06,2024-01-24,Sold,93.0,Worker professional share toward decision statement stuff partner. Sure building skin green each sense across again.
LST-2826,PRP-0680,AGT-0181,1202600.0,2022-01-23,2022-06-17,Active,207.0,Smile plan century decade fast do.
LST-2827,PRP-1751,AGT-0044,258200.0,2021-07-11,2021-08-13,Active,258.0,Help sea lawyer too past. Attack standard rate fight story house cost.
LST-2828,PRP-1671,AGT-0107,2938300.0,2024-01-15,2024-07-02,Sold,78.0,Family current itself drive.
LST-2829,PRP-3744,AGT-0156,2183600.0,2020-01-15,2020-03-13,Sold,299.0,Top involve good those.
LST-2830,PRP-3644,AGT-0081,631000.0,2021-07-31,2022-01-26,Sold,232.0,Big skin ago who every. Cultural fund send defense window power or include.
LST-2831,PRP-1026,AGT-0107,490400.0,2022-09-23,2022-11-10,Sold,,Administration ever because five would speech develop.
LST-2832,PRP-0867,AGT-0187,598400.0,2024-01-21,2024-06-05,Sold,235.0,Ground lawyer similar admit. Thought ago must behavior either up pressure.
LST-2833,PRP-0369,AGT-0174,2625900.0,2022-12-23,2023-01-31,Pending,155.0,Main small scientist.
LST-2834,PRP-1171,AGT-0250,289200.0,2024-02-05,2024-07-06,Active,105.0,Send thing friend certainly fire weight trouble do.
LST-2835,PRP-2221,AGT-0103,2312800.0,2020-10-09,2021-01-13,Sold,124.0,Nearly why picture half teach notice media.
LST-2836,PRP-0159,AGT-0019,1557500.0,2021-11-24,2022-01-17,Sold,333.0,Network response wear money new.
LST-2837,PRP-1114,AGT-0008,520700.0,2021-10-22,2022-03-10,Expired,59.0,Top relate particular toward scene tree. Own themselves camera west mother point.
LST-2838,PRP-3536,AGT-0016,1433400.0,2020-08-04,2020-12-06,Active,135.0,Card meet help program simply high.
LST-2839,PRP-3415,AGT-0164,1735600.0,2024-03-23,2024-04-27,Active,50.0,Describe big piece myself environmental letter suddenly. Pass high newspaper ball those represent account.
LST-2840,PRP-3901,AGT-0133,2230100.0,2020-01-04,2020-05-30,Withdrawn,10.0,Build walk center task defense allow. Determine hour important its wait money financial.
LST-2841,PRP-4258,AGT-0087,505600.0,2023-12-21,2024-05-27,Expired,235.0,Beat specific happen theory most. Cold weight low accept population others sit beautiful.
LST-2842,PRP-3170,AGT-0215,729900.0,2020-04-08,2020-05-10,Sold,245.0,Around western expect air high factor identify enjoy.
LST-2843,PRP-4178,AGT-0174,1373300.0,2024-04-07,2024-08-10,Sold,188.0,Black girl quickly game PM leader especially. Appear bag manage artist college.
LST-2844,PRP-2249,AGT-0246,642200.0,2021-06-19,2021-11-04,Sold,10.0,Time military data development tell. Interest enter beat simply time big newspaper.
LST-2845,PRP-3836,AGT-0252,2095900.0,2021-10-05,2022-01-03,Sold,342.0,Pm believe key box field goal peace. At young economic song miss guess her.
LST-2846,PRP-4994,AGT-0234,739900.0,2022-11-23,2023-03-14,Expired,174.0,Under support ever year. Member perform design discussion among research space.
LST-2847,PRP-4210,AGT-0275,767500.0,2022-04-15,2022-07-17,Sold,48.0,Sea attack reveal recently source structure both.
LST-2848,PRP-1609,AGT-0003,1433400.0,2020-07-26,2020-09-03,Active,49.0,Security member person put lawyer.
LST-2849,PRP-3932,AGT-0238,314600.0,2023-05-19,2023-08-25,Sold,97.0,Outside agree money return pretty modern face. Want despite clear run support speech cultural condition.
LST-2850,PRP-0157,AGT-0166,1257500.0,2023-11-24,2024-02-17,Sold,105.0,Single seven just others. Prove television professional until dream.
LST-2851,PRP-0559,AGT-0227,1469600.0,2020-05-01,2020-09-18,Withdrawn,7.0,New talk argue for check amount tend.
LST-2852,PRP-1343,AGT-0137,1849900.0,2024-02-15,2024-08-05,Sold,44.0,Loss beautiful fall beautiful. Group mother anything food.
LST-2853,PRP-1027,AGT-0068,570600.0,2023-10-17,2023-11-20,Withdrawn,325.0,Congress use employee. Change whole month far bring though.
LST-2854,PRP-3657,AGT-0070,869600.0,2020-05-18,2020-08-19,Sold,44.0,Mr practice rather another responsibility. From walk maybe address catch tell each.
LST-2855,PRP-1856,AGT-0124,2498700.0,2024-04-08,2024-05-25,Active,271.0,Against thus difference skill.
LST-2856,PRP-3799,AGT-0110,1476600.0,2020-02-03,2020-04-17,Sold,173.0,Store camera green enter view political everyone.
LST-2857,PRP-3482,AGT-0200,2290400.0,2023-08-21,2023-09-23,Sold,57.0,Always cup pretty enjoy fast house American.
LST-2858,PRP-3570,AGT-0282,2387200.0,2021-06-22,2021-12-01,Active,175.0,Agent age in wide positive.
LST-2859,PRP-1732,AGT-0224,1845700.0,2022-12-14,2022-11-30,Active,112.0,Among me window set stop model.
LST-2860,PRP-1328,AGT-0129,301700.0,2021-04-05,2021-07-09,Sold,338.0,Firm actually owner management least.
LST-2861,PRP-0424,AGT-0226,2474200.0,2023-09-19,2024-01-30,Active,295.0,Factor stop reality fast. Executive authority huge relationship north.
LST-2862,PRP-1331,AGT-0013,452300.0,2021-06-29,2021-10-17,Expired,197.0,Personal option exactly nation public. Wear among indeed field here employee peace.
LST-2863,PRP-0874,AGT-0172,2389900.0,2022-05-05,2022-07-22,Expired,136.0,Practice than age.
LST-2864,PRP-1623,AGT-0026,1464300.0,2022-09-04,2023-01-05,Active,117.0,And begin pretty despite month cause.
LST-2865,PRP-1224,AGT-0157,1014800.0,2022-05-16,2022-10-18,Active,237.0,West no many difficult. Agent able agree box almost over concern role.
LST-2866,PRP-2794,AGT-0191,2952400.0,2022-05-24,2022-11-07,Sold,156.0,Difference during card minute.
LST-2867,PRP-2549,AGT-0123,2123600.0,2020-06-15,2020-11-01,Sold,151.0,Beautiful nothing board fear. Country major sport specific give take trouble.
LST-2868,PRP-2823,AGT-0122,530700.0,2023-06-10,2023-08-13,Sold,212.0,Person far sometimes fund. Imagine consumer road a participant movie.
LST-2869,PRP-2092,AGT-0237,1794200.0,2022-12-27,2023-03-22,Expired,178.0,Cup manager five.
LST-2870,PRP-4427,AGT-0006,2402600.0,2021-11-08,2022-03-18,Active,288.0,Her charge quickly without hold seem society. Soon show data marriage candidate note.
LST-2871,PRP-4628,AGT-0273,551100.0,2023-10-27,2024-02-19,Sold,52.0,Already foreign old trip history. Sometimes nice health.
LST-2872,PRP-0342,AGT-0150,246200.0,2023-10-22,2024-01-09,Sold,260.0,Several tax memory American thousand sport southern assume.
LST-2873,PRP-3318,AGT-0290,2498200.0,2023-02-14,2023-05-23,Sold,256.0,Campaign fund nice effort.
LST-2874,PRP-1894,AGT-0293,886100.0,2024-01-20,2024-04-13,Sold,32.0,Student growth box able hair. South who song red long else.
LST-2875,PRP-0351,AGT-0295,1402300.0,2023-03-31,2023-08-22,Sold,356.0,Home situation show method rich company. Hold degree carry government.
LST-2876,PRP-1259,AGT-0019,2685600.0,2022-04-03,2022-06-27,Pending,253.0,Seven those where eight. Meet kind step end base.
LST-2877,PRP-0238,AGT-0106,2231100.0,2020-07-27,2020-09-24,Sold,,Spring than within pull painting start. Prove important final better stock recently machine.
LST-2878,PRP-3967,AGT-0226,2494400.0,2023-04-09,2023-08-01,Sold,335.0,Food certain why hit candidate sister some. Like behavior owner face tough close plan.
LST-2879,PRP-3856,AGT-0112,459500.0,2020-07-10,2020-11-05,Expired,222.0,Low worry yet former military himself big. Morning fine because which thousand.
LST-2880,PRP-1325,AGT-0212,2272900.0,2022-12-11,2023-04-13,Active,90.0,Page pay office doctor.
LST-2881,PRP-1772,AGT-0249,729400.0,2021-03-25,2021-04-25,Active,240.0,Care week half their girl ahead goal.
LST-2882,PRP-3052,AGT-0093,666200.0,2021-03-19,2021-07-14,Sold,322.0,Boy nothing yeah story. Another production international hospital.
LST-2883,PRP-4507,AGT-0017,745000.0,2024-01-08,2024-04-15,Active,160.0,Just how truth light show. Item past card.
LST-2884,PRP-4136,AGT-0209,2746500.0,2022-05-21,2022-11-06,Active,148.0,School son practice general.
LST-2885,PRP-2888,AGT-0102,485400.0,2020-09-13,2020-12-13,Withdrawn,,Hard by discuss new buy report nor. Offer possible lose either boy article impact.
LST-2886,PRP-2398,AGT-0119,208100.0,2021-10-23,2022-03-27,Active,244.0,Affect see whether together above.
LST-2887,PRP-3027,AGT-0049,1227000.0,2023-12-08,2024-03-15,Active,65.0,Question enjoy than personal player wait. Cold usually brother to prepare least size large.
LST-2888,PRP-2963,AGT-0221,2480600.0,2021-03-30,2021-07-18,Sold,208.0,Audience police environmental truth billion. Chair level not.
LST-2889,PRP-3883,AGT-0019,1185700.0,2022-08-30,2023-02-02,Sold,21.0,Rule now drug simply media however.
LST-2890,PRP-3734,AGT-0208,1517500.0,2022-06-12,2022-07-31,Expired,82.0,Line material seven contain. Measure outside boy also hundred.
LST-2891,PRP-3057,AGT-0152,759400.0,2021-01-14,2021-02-13,Pending,117.0,Fund paper once cost upon decision.
LST-2892,PRP-1546,AGT-0291,940600.0,2023-03-31,2023-08-18,Expired,207.0,Would western change court team help. Bank firm sister north many form.
LST-2893,PRP-0036,AGT-0008,2302800.0,2021-08-17,2021-08-03,Sold,331.0,Spring instead green great.
LST-2894,PRP-0392,AGT-0213,1688800.0,2023-05-07,2023-07-09,Sold,158.0,Ever chance foreign mother factor. Short author born husband tough ability sign bring.
LST-2895,PRP-0651,AGT-0033,2032600.0,2020-04-05,2020-06-06,Expired,116.0,Government color anyone physical feel care protect age. Before suddenly eye Mrs understand meet eight.
LST-2896,PRP-4635,AGT-0103,374300.0,2022-04-02,2022-08-19,Active,,Seat onto cut doctor door. Hour identify everybody since character various.
LST-2897,PRP-3438,AGT-0116,1578300.0,2020-05-13,2020-10-21,Active,53.0,Care traditional claim clearly teacher he consumer. Article work side energy security near crime.
LST-2898,PRP-0373,AGT-0189,2358000.0,2024-01-26,2024-04-04,Pending,172.0,Discuss stay mouth finally adult moment.
LST-2899,PRP-4271,AGT-0141,2737400.0,2020-01-18,2020-04-04,Sold,134.0,Measure painting who everyone mission short. Sit professional its nothing current civil.
LST-2900,PRP-0213,AGT-0088,2013200.0,2022-03-16,2022-05-07,Sold,157.0,Hair research themselves business choice civil magazine.
LST-2901,PRP-4906,AGT-0081,222300.0,2023-01-17,2023-07-14,Sold,265.0,West number position different.
LST-2902,PRP-4238,AGT-0234,2952800.0,2023-12-14,2024-02-21,Expired,101.0,Draw prevent safe decision discussion cost. Avoid stop community.
LST-2903,PRP-0858,AGT-0079,2418200.0,2021-09-13,2021-08-18,Expired,91.0,Under investment section stuff. Different actually skin.
LST-2904,PRP-4344,AGT-0096,2068600.0,2024-04-22,2024-08-15,Active,140.0,Shoulder alone option challenge. Watch worry price wait thousand threat.
LST-2905,PRP-4600,AGT-0116,1293300.0,2024-06-23,2024-08-14,Expired,112.0,Baby month store save education. Bar see center identify either.
LST-2906,PRP-0340,AGT-0168,2430800.0,2022-10-08,2022-11-29,Sold,,Subject say point purpose cost.
LST-2907,PRP-0715,AGT-0028,859500.0,2022-03-03,2022-07-26,Active,41.0,Might million dinner anyone travel green source.
LST-2908,PRP-3746,AGT-0181,2866200.0,2020-01-24,2020-05-13,Active,199.0,Until mention herself exist quite care. Whether standard theory single back system pressure account.
LST-2909,PRP-1085,AGT-0179,1911400.0,2023-11-30,2024-03-05,Sold,208.0,Best table service ready. Rich friend shake my break.
LST-2910,PRP-0256,AGT-0032,2951900.0,2023-01-13,2023-04-10,Active,252.0,Agreement watch none service. Wonder pay evening south company.
LST-2911,PRP-4633,AGT-0017,698300.0,2021-01-14,2021-06-04,Sold,,Factor direction rise effect fill above many.
LST-2912,PRP-4319,AGT-0278,1268300.0,2020-08-28,2020-12-01,Pending,290.0,Yeah role side program southern real pretty. You of speak nice throw particular per.
LST-2913,PRP-0453,AGT-0234,303400.0,2020-06-04,2020-09-25,Sold,5.0,Environmental claim toward time own bar.
LST-2914,PRP-4871,AGT-0037,857100.0,2020-08-20,2020-11-29,Sold,,Majority what small. Produce protect perform system involve.
LST-2915,PRP-4368,AGT-0006,1571400.0,2020-05-31,2020-10-21,Withdrawn,43.0,Blue whether already both talk. Forget letter black wall.
LST-2916,PRP-4627,AGT-0028,2073000.0,2023-11-30,2024-04-17,Pending,264.0,Green how history.
LST-2917,PRP-3857,AGT-0187,1454200.0,2020-12-15,2021-04-07,Active,55.0,Guess agree forward. Step data member husband eye seven affect.
LST-2918,PRP-2698,AGT-0197,1358600.0,2023-11-29,2024-03-19,Sold,69.0,Senior carry pretty national drug station new.
LST-2919,PRP-4477,AGT-0210,455700.0,2022-06-03,2022-05-23,Sold,72.0,Action fire his. Event shoulder then attention.
LST-2920,PRP-2702,AGT-0061,1902500.0,2021-04-10,2021-05-25,Active,61.0,Thank nor bill certainly. Professional can rest join.
LST-2921,PRP-3301,AGT-0209,982500.0,2020-05-17,2020-09-10,Active,,Down however in happen miss study. Effort coach whose pass admit.
LST-2922,PRP-4313,AGT-0140,1974300.0,2022-02-06,2022-05-17,Active,162.0,Rest table detail data before. Happy system other discover recent.
LST-2923,PRP-0757,AGT-0239,2311300.0,2023-10-27,2023-12-01,Sold,,Page call person rest receive water. Sister will line year.
LST-2924,PRP-4285,AGT-0168,760400.0,2021-02-12,2021-06-02,Sold,146.0,Course occur cultural her century ability. System image center action pick structure.
LST-2925,PRP-4716,AGT-0122,853300.0,2020-10-08,2021-02-10,Expired,8.0,Vote deal thank church. Free set so all any arrive factor game.
LST-2926,PRP-0007,AGT-0252,2229900.0,2023-07-31,2024-01-21,Sold,322.0,Weight into ever develop employee shake cell. Yeah describe sometimes price improve record.
LST-2927,PRP-0075,AGT-0077,1683300.0,2021-11-26,2021-12-30,Pending,54.0,School pass at student way hour goal.
LST-2928,PRP-3720,AGT-0173,1747300.0,2023-08-31,2024-02-11,Sold,91.0,Central enjoy accept room. Policy either whose candidate.
LST-2929,PRP-3657,AGT-0286,2502600.0,2022-09-15,2022-12-05,Active,323.0,Argue old responsibility some relate.
LST-2930,PRP-3559,AGT-0055,969700.0,2023-08-25,2023-10-24,Expired,,Enough teacher billion remember.
LST-2931,PRP-0406,AGT-0024,1785400.0,2020-12-12,2021-03-06,Active,347.0,Smile six exist clearly. Significant smile role increase.
LST-2932,PRP-4337,AGT-0172,2167200.0,2023-11-15,2024-03-28,Sold,255.0,Financial read news.
LST-2933,PRP-4410,AGT-0277,680200.0,2021-12-23,2021-12-13,Active,348.0,Decade color quality responsibility its. Only their ahead couple especially.
LST-2934,PRP-0001,AGT-0036,2216500.0,2020-07-23,2020-12-28,Sold,116.0,Movie box bring during task. Beautiful world stock serve go always.
LST-2935,PRP-3403,AGT-0070,203100.0,2023-04-12,2023-08-01,Expired,212.0,Know great score how create. Authority approach white several place strong.
LST-2936,PRP-0994,AGT-0270,777600.0,2021-12-04,2022-04-30,Pending,70.0,Difficult allow drive big writer modern along.
LST-2937,PRP-0098,AGT-0299,1554600.0,2022-08-31,2023-02-09,Sold,147.0,Rule writer recent poor first.
LST-2938,PRP-4089,AGT-0050,694000.0,2023-12-13,2024-03-10,Sold,,Shoulder allow anything beyond wear attention.
LST-2939,PRP-0969,AGT-0109,1686500.0,2020-10-21,2021-01-15,Withdrawn,284.0,Strategy according until wear theory seek.
LST-2940,PRP-2809,AGT-0107,1682100.0,2024-03-11,2024-09-03,Sold,274.0,Section image school foreign street environmental director. Book exist kitchen model exactly.
LST-2941,PRP-1072,AGT-0263,167400.0,2022-01-31,2022-06-21,Sold,295.0,Water myself director national until. Range author type fast four.
LST-2942,PRP-4313,AGT-0133,1839600.0,2020-07-31,2020-07-30,Sold,18.0,Hand child environmental both.
LST-2943,PRP-3031,AGT-0016,370600.0,2021-12-25,2022-04-12,Sold,314.0,Evening building staff safe vote health. Want financial common story offer act ten year.
LST-2944,PRP-0994,AGT-0216,779600.0,2024-02-10,2024-07-10,Withdrawn,358.0,With citizen foot subject site three consider.
LST-2945,PRP-0552,AGT-0144,339000.0,2020-02-01,2020-05-25,Active,307.0,Project she practice debate laugh.
LST-2946,PRP-4576,AGT-0201,1459000.0,2020-08-13,2021-01-28,Sold,309.0,Everyone building keep right official. There anything serve truth owner prove popular.
LST-2947,PRP-3655,AGT-0218,2485800.0,2023-08-18,2023-10-07,Sold,,Still cause foreign represent. Month range whether prove successful fine class live.
LST-2948,PRP-4943,AGT-0099,482800.0,2020-09-15,2021-01-22,Sold,72.0,Get book throughout.
LST-2949,PRP-3765,AGT-0026,2889400.0,2020-04-30,2020-06-15,Active,329.0,Media away minute. Concern model ground foot concern.
LST-2950,PRP-3086,AGT-0046,725600.0,2021-07-09,2021-09-15,Sold,126.0,Program these lose staff near let. Game before career.
LST-2951,PRP-0311,AGT-0021,705300.0,2022-06-12,2022-08-08,Active,340.0,Specific television may certain some suddenly investment. New professor reflect paper certain arrive.
LST-2952,PRP-3877,AGT-0093,346700.0,2022-11-16,2022-12-18,Active,289.0,Western hold stage home action market. Walk our yet institution.
LST-2953,PRP-4813,AGT-0054,2246000.0,2021-08-06,2022-01-05,Expired,272.0,Minute bank generation big hot space production next. Position born level character several break.
LST-2954,PRP-2645,AGT-0049,446400.0,2020-08-27,2020-10-18,Withdrawn,49.0,But east fight mind could.
LST-2955,PRP-0471,AGT-0121,69700.0,2020-07-16,2020-09-15,Sold,123.0,Investment skill shoulder method.
LST-2956,PRP-3377,AGT-0197,767100.0,2024-05-03,2024-06-05,Pending,52.0,Argue store woman fund. Anyone drug general factor.
LST-2957,PRP-1525,AGT-0063,1097800.0,2021-08-15,2021-11-10,Active,265.0,Month expect including option.
LST-2958,PRP-0800,AGT-0127,1241900.0,2020-11-27,2021-04-18,Withdrawn,144.0,Three science represent. Small series approach respond.
LST-2959,PRP-0270,AGT-0001,1764000.0,2024-03-21,2024-08-21,Sold,233.0,Lay back need source challenge relationship. Employee station performance people thing professor another.
LST-2960,PRP-1454,AGT-0240,1626500.0,2023-08-08,2023-10-30,Withdrawn,345.0,General audience summer own institution manage. Population statement federal worker dinner push truth.
LST-2961,PRP-2211,AGT-0296,1118100.0,2021-11-04,2022-03-09,Sold,,Push time during view record medical growth agree. Help later issue indeed.
LST-2962,PRP-1049,AGT-0089,975200.0,2024-03-30,2024-05-01,Pending,92.0,Save send sport write. Especially person force join not economic power.
LST-2963,PRP-3571,AGT-0083,159500.0,2020-07-14,2020-10-10,Withdrawn,302.0,Arrive seek central cell today. Eye line fill drive.
LST-2964,PRP-0224,AGT-0020,2090500.0,2020-07-14,2020-08-17,Expired,364.0,Agreement discuss skill.
LST-2965,PRP-3826,AGT-0070,1391200.0,2020-02-15,2020-04-13,Expired,113.0,Partner character style total almost. Analysis customer large determine front indeed skin.
LST-2966,PRP-0252,AGT-0178,1510900.0,2024-03-03,2024-04-10,Sold,72.0,They bank civil deep there.
LST-2967,PRP-0031,AGT-0268,558100.0,2024-03-11,2024-02-28,Withdrawn,292.0,Bit radio expect produce along weight score.
LST-2968,PRP-0318,AGT-0085,1305700.0,2022-03-01,2022-07-29,Expired,196.0,These writer check involve. Main key environmental everybody campaign miss else movement.
LST-2969,PRP-0568,AGT-0155,710500.0,2021-02-24,2021-05-14,Sold,79.0,Ever interview contain rather radio.
LST-2970,PRP-4232,AGT-0216,2728700.0,2021-01-29,2021-06-04,Expired,135.0,Teacher bank state activity man.
LST-2971,PRP-3062,AGT-0230,2762100.0,2022-01-03,2022-06-21,Sold,92.0,Meeting quality add including people difference education light.
LST-2972,PRP-0421,AGT-0026,1100900.0,2023-11-29,2024-05-24,Sold,61.0,History force tax participant anything democratic different. Ahead picture school different.
LST-2973,PRP-2014,AGT-0153,2465100.0,2021-08-26,2022-02-13,Sold,1.0,Leave third realize soldier police.
LST-2974,PRP-4580,AGT-0063,334800.0,2023-11-28,2024-04-23,Sold,52.0,Smile director since she month be.
LST-2975,PRP-3329,AGT-0115,2281800.0,2021-07-13,2021-09-30,Withdrawn,47.0,Mean use system fire certainly system quality.
LST-2976,PRP-0001,AGT-0127,2173300.0,2023-12-15,2024-02-25,Withdrawn,,Energy modern lead test.
LST-2977,PRP-1077,AGT-0259,1417700.0,2020-06-09,2020-05-16,Sold,161.0,Rate than sense recent middle. Issue weight over as physical consider.
LST-2978,PRP-1850,AGT-0077,441000.0,2022-08-11,2022-12-16,Active,90.0,Side glass number weight after read since. So degree blood Republican save.
LST-2979,PRP-2029,AGT-0220,2119300.0,2023-04-16,2023-07-11,Sold,184.0,Black draw management. Until happy seek property represent open.
LST-2980,PRP-1231,AGT-0109,1845000.0,2021-02-02,2021-04-13,Expired,176.0,Look standard understand still population public.
LST-2981,PRP-0079,AGT-0076,2218000.0,2022-10-16,2023-03-02,Withdrawn,98.0,Blood laugh hundred every.
LST-2982,PRP-3327,AGT-0157,1820400.0,2022-05-03,2022-10-01,Active,10.0,System level outside write three standard impact. Leg approach trouble everyone check on.
LST-2983,PRP-3062,AGT-0240,2165900.0,2020-06-25,2020-08-31,Pending,73.0,Media agent authority your picture field. Fish social scientist we.
LST-2984,PRP-1264,AGT-0031,2656700.0,2022-11-02,2023-02-14,Sold,247.0,Right budget cold provide message different executive. This shoulder all.
LST-2985,PRP-4344,AGT-0075,236900.0,2024-06-19,2024-10-26,Active,334.0,Step into defense agreement be attention table.
LST-2986,PRP-1990,AGT-0193,1726700.0,2024-04-23,2024-08-21,Pending,78.0,Front within second during election.
LST-2987,PRP-0384,AGT-0118,2210100.0,2023-04-10,2023-09-20,Sold,91.0,Maintain open growth by idea require clearly thus. Own reduce worker control something attack.
LST-2988,PRP-0137,AGT-0157,1253000.0,2022-04-10,2022-09-18,Withdrawn,309.0,Those security their southern.
LST-2989,PRP-1897,AGT-0018,429400.0,2022-05-18,2022-09-06,Sold,262.0,Also growth rule describe small data. Billion whole practice pull increase throughout attention foreign.
LST-2990,PRP-4275,AGT-0162,2473500.0,2021-02-08,2021-06-05,Sold,147.0,Model film look tax operation.
LST-2991,PRP-0632,AGT-0031,2083400.0,2024-04-04,2024-07-23,Withdrawn,15.0,Scene arrive standard painting.
LST-2992,PRP-0901,AGT-0024,488100.0,2021-05-16,2021-07-04,Sold,99.0,Safe indicate idea everybody.
LST-2993,PRP-3554,AGT-0112,1714400.0,2021-08-18,2022-01-10,Expired,113.0,Exist author college you follow far value.
LST-2994,PRP-0620,AGT-0045,299400.0,2023-12-07,2023-12-01,Expired,349.0,Walk book picture language matter black half.
LST-2995,PRP-4307,AGT-0001,1808400.0,2023-12-13,2024-04-29,Sold,284.0,Or society second scientist least traditional without its.
LST-2996,PRP-4573,AGT-0099,378100.0,2021-10-25,2022-02-01,Active,,Return least author management. Suffer participant pull politics.
LST-2997,PRP-3691,AGT-0291,2116600.0,2020-05-02,2020-07-16,Pending,,Open modern society author billion.
LST-2998,PRP-3005,AGT-0119,804700.0,2024-05-23,2024-11-06,Expired,209.0,Some quite skill rock necessary.
LST-2999,PRP-0174,AGT-0100,1576100.0,2020-08-18,2020-10-05,Sold,269.0,Eight individual dream ever. Bank person political economy alone able.
LST-3000,PRP-4133,AGT-0042,719600.0,2021-03-04,2021-06-15,Sold,309.0,Choice me player.
LST-3001,PRP-3094,AGT-0214,342400.0,2021-04-18,2021-08-03,Sold,75.0,Specific technology business least if. Audience century occur exist education.
LST-3002,PRP-2693,AGT-0256,993300.0,2020-12-24,2021-06-08,Sold,185.0,Authority education plant pretty.
LST-3003,PRP-4173,AGT-0273,2760200.0,2023-09-17,2023-11-06,Sold,263.0,Certain increase line at. Husband agency sure.
LST-3004,PRP-3169,AGT-0181,2276900.0,2022-12-02,2023-02-22,Sold,365.0,Dark view push these herself need tell benefit. Economic itself shoulder picture PM.
LST-3005,PRP-0658,AGT-0031,2719700.0,2022-11-22,2023-02-10,Sold,310.0,Style hope Mr pull ahead at tree.
LST-3006,PRP-3456,AGT-0020,2902700.0,2022-11-07,2023-02-24,Sold,109.0,Course simple add.
LST-3007,PRP-0493,AGT-0142,916200.0,2023-12-25,2024-03-11,Sold,365.0,From beautiful represent positive bag speech decision. Would TV vote prove fill age war southern.
LST-3008,PRP-3077,AGT-0036,598100.0,2022-12-14,2022-11-16,Sold,300.0,North foreign health notice foreign owner.
LST-3009,PRP-1737,AGT-0066,2568600.0,2020-04-19,2020-07-27,Sold,34.0,Give family last over watch officer begin. Himself development officer structure any game side.
LST-3010,PRP-1917,AGT-0147,147700.0,2024-06-19,2024-09-04,Withdrawn,100.0,Image production environment set. Table these reach one project.
LST-3011,PRP-1082,AGT-0011,2671000.0,2020-11-03,2020-10-28,Withdrawn,14.0,Lose those individual attorney recently budget feel.
LST-3012,PRP-4506,AGT-0054,640400.0,2021-10-24,2022-04-09,Withdrawn,79.0,Sometimes same pretty.
LST-3013,PRP-0469,AGT-0205,284900.0,2021-06-02,2021-10-13,Pending,42.0,Piece him hair help.
LST-3014,PRP-2296,AGT-0078,2176800.0,2021-04-08,2021-06-06,Sold,187.0,Learn without off society leg authority. Question education talk almost huge.
LST-3015,PRP-1265,AGT-0164,433100.0,2021-11-17,2022-05-14,Sold,50.0,Human edge pick condition beat year second.
LST-3016,PRP-3367,AGT-0103,461400.0,2020-08-15,2021-02-11,Expired,158.0,Season question enter rule. Method figure either beyond force voice everything.
LST-3017,PRP-1166,AGT-0224,1350500.0,2022-12-24,2023-04-27,Withdrawn,198.0,Successful pattern interview even government. Girl protect herself each.
LST-3018,PRP-2603,AGT-0068,1919500.0,2022-05-11,2022-07-23,Active,,Significant key available sea form travel enough.
LST-3019,PRP-4648,AGT-0296,826100.0,2020-07-11,2020-12-19,Active,138.0,Usually rule break road picture.
LST-3020,PRP-1603,AGT-0003,1365600.0,2022-02-09,2022-01-31,Sold,365.0,Understand soon study talk vote sort challenge.
LST-3021,PRP-2362,AGT-0103,1985700.0,2020-02-01,2020-04-20,Sold,140.0,International traditional rest me easy knowledge. Rise final believe event couple.
LST-3022,PRP-4070,AGT-0299,2438800.0,2022-01-17,2022-02-22,Sold,270.0,Special room investment activity ever. Hundred vote same physical another off.
LST-3023,PRP-3743,AGT-0267,658100.0,2023-02-28,2023-07-28,Active,355.0,Scene of economic over. Them side drive forward true either.
LST-3024,PRP-4838,AGT-0182,2407800.0,2020-04-15,2020-04-08,Sold,290.0,Local believe quality. Dinner field nothing morning avoid mention.
LST-3025,PRP-0889,AGT-0130,2226300.0,2020-07-13,2020-10-15,Active,276.0,True strategy change director.
LST-3026,PRP-1099,AGT-0105,1435100.0,2020-08-11,2020-09-15,Sold,243.0,Break paper life could environmental next reason.
LST-3027,PRP-1147,AGT-0033,1539000.0,2023-04-10,2023-05-16,Sold,247.0,Participant fly tend else.
LST-3028,PRP-1903,AGT-0259,687000.0,2022-10-26,2023-01-18,Expired,63.0,Treat national exist manager camera per several.
LST-3029,PRP-2700,AGT-0275,907300.0,2022-01-18,2022-07-04,Active,21.0,Admit board manage security space south.
LST-3030,PRP-0673,AGT-0093,2989300.0,2022-12-09,2023-02-22,Withdrawn,144.0,Since upon assume seem. Wonder particularly none respond.
LST-3031,PRP-4281,AGT-0107,1750800.0,2023-03-08,2023-06-12,Sold,345.0,Draw security deep name. West two couple space sort dream where next.
LST-3032,PRP-1065,AGT-0255,405400.0,2022-06-01,2022-07-31,Active,32.0,Professional compare rich machine officer deep ground. Official step early.
LST-3033,PRP-2404,AGT-0149,473100.0,2020-07-17,2020-09-12,Sold,41.0,House her from movement. Sell per figure weight near kid let.
LST-3034,PRP-0759,AGT-0102,1472800.0,2020-04-10,2020-05-10,Active,,Sea early alone water century read. Particular son surface.
LST-3035,PRP-4802,AGT-0090,2114000.0,2021-01-31,2021-03-08,Active,79.0,School feeling institution. Decade charge deep sense on expect be.
LST-3036,PRP-3815,AGT-0111,1412600.0,2023-08-31,2024-01-17,Expired,,Then player fill all answer office. Research president second else number work.
LST-3037,PRP-1992,AGT-0245,2122600.0,2021-08-19,2022-02-09,Sold,265.0,Represent light reason kitchen range still event.
LST-3038,PRP-2057,AGT-0089,1825900.0,2024-06-26,2024-11-01,Sold,73.0,Reach always see there too appear. In to nothing experience reveal radio still mention.
LST-3039,PRP-4794,AGT-0118,1481600.0,2023-06-10,2023-09-29,Active,,Culture man choice mission leg people.
LST-3040,PRP-0497,AGT-0299,1272800.0,2022-05-09,2022-09-03,Active,76.0,Drug bag field provide out different painting. Author be try understand.
LST-3041,PRP-4890,AGT-0082,394000.0,2020-10-15,2020-12-27,Sold,56.0,Fund research set your everyone recent key. Science suddenly second Mr area send long.
LST-3042,PRP-3638,AGT-0195,1653400.0,2024-04-14,2024-09-18,Active,82.0,Week low because under exist. Line organization animal drug.
LST-3043,PRP-4541,AGT-0135,1842100.0,2022-12-09,2023-03-01,Sold,,Thought ever develop spring can spring.
LST-3044,PRP-4809,AGT-0153,219100.0,2023-08-04,2023-10-11,Active,202.0,Gas machine put only station yet certain. Safe deal quality cut into drive interest.
LST-3045,PRP-0016,AGT-0290,259000.0,2023-11-06,2024-04-06,Sold,198.0,Similar then generation baby detail officer report.
LST-3046,PRP-4640,AGT-0072,2409300.0,2022-12-11,2023-04-05,Sold,273.0,Style author machine pretty beat necessary.
LST-3047,PRP-2305,AGT-0168,1807000.0,2020-08-31,2020-11-28,Sold,276.0,Organization employee respond describe value. At argue traditional machine.
LST-3048,PRP-3352,AGT-0281,2265400.0,2023-06-06,2023-08-15,Sold,86.0,Stage beyond read operation.
LST-3049,PRP-0195,AGT-0097,1466100.0,2022-04-08,2022-06-22,Sold,53.0,Send worry sea detail I special. Environment general TV.
LST-3050,PRP-0196,AGT-0032,351500.0,2020-01-24,2020-05-16,Sold,134.0,Wife the deep fast top house economy. Car together court senior.
LST-3051,PRP-4595,AGT-0264,1936100.0,2023-07-22,2023-10-31,Withdrawn,,Difference throughout network already wait magazine method choose. Dark kitchen purpose.
LST-3052,PRP-4212,AGT-0079,983500.0,2023-09-07,2024-02-18,Sold,63.0,Each career just nature mention.
LST-3053,PRP-0290,AGT-0057,1740400.0,2023-07-03,2023-09-29,Sold,109.0,Nice measure small.
LST-3054,PRP-2732,AGT-0116,2405300.0,2023-12-29,2024-06-13,Active,140.0,Film financial plan always risk.
LST-3055,PRP-0249,AGT-0216,492200.0,2022-10-05,2023-02-07,Sold,146.0,Set war difficult face country. Walk firm if rock religious program.
LST-3056,PRP-0190,AGT-0279,1780300.0,2020-05-10,2020-07-22,Sold,9.0,Study address analysis church huge meet improve.
LST-3057,PRP-3326,AGT-0234,1459400.0,2022-03-12,2022-05-16,Sold,310.0,Happen especially human action weight note. Early finally show.
LST-3058,PRP-0294,AGT-0214,1842600.0,2023-01-17,2023-07-12,Sold,145.0,Piece send its.
LST-3059,PRP-2921,AGT-0100,1406400.0,2023-01-21,2023-05-02,Sold,,Catch outside thus nearly environment do between poor.
LST-3060,PRP-1665,AGT-0043,1591000.0,2024-05-29,2024-11-07,Expired,60.0,List sound life cold when. Commercial month food keep manager.
LST-3061,PRP-2207,AGT-0231,1550800.0,2021-08-14,2021-12-04,Sold,90.0,Forget statement Mrs record improve reality. Bar forget employee soon tend dog mention.
LST-3062,PRP-4015,AGT-0021,873200.0,2023-01-13,2023-03-18,Sold,200.0,Clearly force shake they before animal.
LST-3063,PRP-2931,AGT-0028,1911600.0,2020-01-20,2020-05-10,Sold,,Gun short many be glass early say.
LST-3064,PRP-4593,AGT-0123,971000.0,2020-05-01,2020-06-28,Withdrawn,356.0,Job company ready time audience oil.
LST-3065,PRP-0804,AGT-0170,2270300.0,2022-08-22,2022-12-23,Withdrawn,232.0,Catch worry talk report candidate hotel. Up ability skin style able.
LST-3066,PRP-0090,AGT-0095,1689500.0,2020-05-16,2020-07-31,Sold,59.0,Security simply mean maintain. Personal federal natural different cause same.
LST-3067,PRP-1461,AGT-0287,2417000.0,2022-09-18,2022-11-21,Sold,80.0,Ground class science deep behind. Bar meet check that above seat able.
LST-3068,PRP-4250,AGT-0102,705600.0,2024-04-28,2024-07-28,Active,43.0,Spring page sing suddenly compare. Prepare store assume bad exist.
LST-3069,PRP-1376,AGT-0277,220000.0,2023-11-09,2023-12-25,Sold,110.0,Happy forward carry upon popular key.
LST-3070,PRP-0012,AGT-0286,1586300.0,2022-12-15,2023-03-23,Sold,71.0,Meet audience offer full beyond.
LST-3071,PRP-1726,AGT-0250,725600.0,2022-10-27,2022-10-02,Sold,161.0,Part agree actually former voice. Son cold notice TV other form.
LST-3072,PRP-2610,AGT-0046,1996800.0,2024-04-03,2024-08-16,Sold,150.0,Likely magazine defense remain college remain possible.
LST-3073,PRP-2871,AGT-0256,788400.0,2020-05-01,2020-09-21,Expired,42.0,Wind when during modern. East high represent painting everybody sign child.
LST-3074,PRP-0823,AGT-0074,393100.0,2023-10-18,2024-03-11,Active,180.0,Week newspaper bad television few dinner human. Eight newspaper Republican become.
LST-3075,PRP-4450,AGT-0205,430200.0,2023-12-28,2024-02-07,Sold,77.0,Few continue view material better there believe.
LST-3076,PRP-4210,AGT-0213,832700.0,2021-11-29,2022-02-20,Sold,,Rich happen benefit one.
LST-3077,PRP-1102,AGT-0182,1989100.0,2020-08-16,2021-01-02,Active,333.0,Finish mean week father agency heavy two. Environmental establish doctor meet.
LST-3078,PRP-3063,AGT-0181,677500.0,2020-10-09,2020-11-17,Expired,215.0,Chair resource sea near production. Speech major either.
LST-3079,PRP-2254,AGT-0100,1349200.0,2021-05-30,2021-11-07,Sold,189.0,Modern crime continue field produce. Wind beautiful pressure physical citizen time describe.
LST-3080,PRP-2223,AGT-0032,2756300.0,2020-10-06,2021-03-16,Active,280.0,Most language music station many buy different.
LST-3081,PRP-2149,AGT-0295,137900.0,2020-12-07,2021-04-28,Sold,353.0,Girl local easy various record.
LST-3082,PRP-4677,AGT-0147,326600.0,2020-09-02,2020-10-25,Active,337.0,Them kid success where difficult.
LST-3083,PRP-3398,AGT-0029,874800.0,2023-01-23,2023-06-24,Sold,168.0,Leg bit me.
LST-3084,PRP-4622,AGT-0021,1999900.0,2021-12-08,2022-05-25,Pending,35.0,Though how draw talk month hot factor. Drug something appear fall order.
LST-3085,PRP-2929,AGT-0028,1861500.0,2021-10-31,2021-12-19,Sold,228.0,Side among car technology probably help act. Light enjoy answer movement factor respond.
LST-3086,PRP-2516,AGT-0079,767600.0,2022-01-28,2022-07-07,Sold,171.0,People wait situation first watch help.
LST-3087,PRP-2228,AGT-0126,2172500.0,2022-08-14,2022-07-20,Sold,350.0,Late continue perform its budget college.
LST-3088,PRP-2910,AGT-0212,564400.0,2020-11-10,2021-03-07,Expired,186.0,Party affect product job as base throughout.
LST-3089,PRP-1264,AGT-0300,1827500.0,2023-05-03,2023-08-07,Sold,314.0,Next night impact own section help important.
LST-3090,PRP-4220,AGT-0012,933700.0,2023-04-09,2023-08-12,Active,,Create number police condition. Kind health develop must line debate.
LST-3091,PRP-0797,AGT-0176,1989600.0,2023-09-17,2024-01-14,Sold,,Others role pay management themselves reveal federal. Mouth performance suffer station draw best.
LST-3092,PRP-3343,AGT-0155,924000.0,2023-01-17,2023-03-24,Sold,70.0,Box throw really their. Skill parent culture information deep deal put.
LST-3093,PRP-0290,AGT-0149,549200.0,2024-03-14,2024-07-02,Active,338.0,Hard stage lawyer choice off hear professor.
LST-3094,PRP-1086,AGT-0182,361700.0,2020-10-14,2021-02-09,Active,61.0,Brother southern same seek.
LST-3095,PRP-1703,AGT-0279,185500.0,2020-03-21,2020-09-01,Sold,322.0,Help nor there member standard family. Seat skill operation score some act operation.
LST-3096,PRP-0283,AGT-0100,599600.0,2021-08-30,2022-01-24,Sold,,Sell ball base upon effect learn western.
LST-3097,PRP-4516,AGT-0224,251800.0,2020-02-05,2020-04-19,Withdrawn,83.0,Environmental type this day modern above those.
LST-3098,PRP-2578,AGT-0280,301300.0,2023-11-17,2024-05-07,Sold,101.0,They traditional rate. Easy lose statement occur pretty maybe knowledge.
LST-3099,PRP-0510,AGT-0284,2986600.0,2022-10-12,2022-11-25,Withdrawn,19.0,Or house operation.
LST-3100,PRP-0062,AGT-0189,1357200.0,2023-10-20,2024-03-13,Sold,185.0,Shake sister conference tax cup.
LST-3101,PRP-0477,AGT-0291,2442700.0,2020-07-16,2020-06-26,Sold,100.0,Executive my building manage close. Remain join east strong raise artist should.
LST-3102,PRP-3978,AGT-0157,480200.0,2023-08-29,2024-01-11,Active,318.0,South half situation say against list.
LST-3103,PRP-3103,AGT-0014,1918500.0,2023-03-26,2023-05-17,Sold,80.0,Dinner either dinner exist house.
LST-3104,PRP-3623,AGT-0197,2132000.0,2024-02-01,2024-01-21,Active,89.0,Sea kitchen book close almost range trip.
LST-3105,PRP-2411,AGT-0072,1645900.0,2021-08-26,2021-11-02,Withdrawn,90.0,Land war forget whose appear. Magazine than under loss easy.
LST-3106,PRP-4016,AGT-0285,2267800.0,2020-06-18,2020-10-29,Active,,Measure car real bit.
LST-3107,PRP-0697,AGT-0215,1037600.0,2023-06-11,2023-11-03,Sold,281.0,Everyone including food thousand environmental but truth. Pressure instead sport couple night chair.
LST-3108,PRP-0580,AGT-0086,1101600.0,2024-02-16,2024-06-02,Expired,164.0,Low provide throw fish.
LST-3109,PRP-4790,AGT-0282,2469100.0,2021-08-08,2021-11-10,Pending,293.0,Including marriage newspaper debate society dinner.
LST-3110,PRP-0361,AGT-0291,1697600.0,2023-09-02,2023-09-01,Withdrawn,78.0,Pass star part himself.
LST-3111,PRP-2271,AGT-0192,1958900.0,2021-02-04,2021-07-28,Sold,240.0,Possible increase standard whether actually somebody. Adult PM country per future particular.
LST-3112,PRP-1625,AGT-0090,669900.0,2020-02-08,2020-05-19,Active,33.0,Physical enough pick world population realize north. Two attack part beat.
LST-3113,PRP-4753,AGT-0024,2968300.0,2023-06-02,2023-07-25,Active,167.0,Example here far if.
LST-3114,PRP-4272,AGT-0116,285100.0,2024-04-04,2024-04-01,Sold,28.0,Attack us wear magazine fight. Pass skill fight item feel arrive.
LST-3115,PRP-1484,AGT-0138,1453900.0,2020-09-10,2021-02-18,Expired,33.0,Fire able throw serve never win customer. Draw dark stuff night.
LST-3116,PRP-3804,AGT-0072,479000.0,2023-05-09,2023-10-30,Sold,79.0,Action blood age him.
LST-3117,PRP-3497,AGT-0228,1902500.0,2022-05-23,2022-11-02,Active,179.0,Air fine sometimes various rule Democrat. Must a if operation claim green.
LST-3118,PRP-0642,AGT-0100,1692300.0,2020-03-19,2020-05-25,Sold,195.0,Early attack board late. Shoulder step character white cost as.
LST-3119,PRP-4322,AGT-0258,2160500.0,2021-08-30,2021-10-02,Active,67.0,Sport end major base up decide everybody son.
LST-3120,PRP-3147,AGT-0266,2329600.0,2020-05-10,2020-09-03,Sold,243.0,Where painting fill mission for magazine this beautiful. Material understand student learn along low court.
LST-3121,PRP-3798,AGT-0243,452000.0,2021-05-11,2021-06-14,Sold,341.0,Decade court son day. These single scene section.
LST-3122,PRP-2942,AGT-0181,2159300.0,2022-10-04,2022-09-13,Active,265.0,Far each expert miss huge. Might between natural choose.
LST-3123,PRP-0400,AGT-0293,1301400.0,2020-10-30,2021-01-12,Sold,149.0,Most you yet list ability song impact. Under role attack reveal instead maybe.
LST-3124,PRP-4050,AGT-0115,2497000.0,2022-09-28,2022-12-13,Sold,350.0,No development play. Even question soon else morning week organization.
LST-3125,PRP-1188,AGT-0297,1146500.0,2024-06-12,2024-09-06,Sold,258.0,High relationship reality dog. May Republican college indicate same.
LST-3126,PRP-0676,AGT-0022,867700.0,2024-05-15,2024-09-15,Withdrawn,251.0,Baby night food staff gun.
LST-3127,PRP-0187,AGT-0196,884200.0,2022-06-03,2022-08-19,Sold,359.0,Into war need class stage dog investment. Painting heavy painting.
LST-3128,PRP-3494,AGT-0244,1235800.0,2022-10-19,2022-10-04,Active,308.0,Green prevent section customer create. For consumer away officer.
LST-3129,PRP-0079,AGT-0290,1371900.0,2022-06-19,2022-10-10,Sold,30.0,Method benefit appear first these international.
LST-3130,PRP-0451,AGT-0134,1964300.0,2021-07-02,2021-10-12,Active,299.0,Investment nature create. Travel collection first then town director.
LST-3131,PRP-2027,AGT-0132,1679900.0,2023-05-18,2023-07-14,Sold,283.0,Court treat decision fall story area adult.
LST-3132,PRP-0168,AGT-0137,2215300.0,2022-02-19,2022-08-18,Active,209.0,Information hundred past effort firm soldier throw.
LST-3133,PRP-4900,AGT-0107,810000.0,2021-10-20,2021-09-25,Active,313.0,Myself speech subject. American rest another physical clearly.
LST-3134,PRP-1452,AGT-0213,495600.0,2024-04-05,2024-09-19,Sold,56.0,Country break friend plan turn be.
LST-3135,PRP-0492,AGT-0206,836900.0,2020-04-08,2020-06-08,Sold,284.0,Remain hear follow suffer.
LST-3136,PRP-2530,AGT-0004,1483900.0,2023-08-03,2024-01-25,Active,265.0,Fire management bank environment shake three arrive. Clear throw style sister affect.
LST-3137,PRP-3660,AGT-0145,248200.0,2022-03-18,2022-06-21,Expired,104.0,Technology buy top common simple money.
LST-3138,PRP-3942,AGT-0299,189900.0,2021-04-18,2021-08-12,Sold,173.0,Dream very know off beat environmental.
LST-3139,PRP-2071,AGT-0215,1353500.0,2023-08-04,2023-12-16,Sold,30.0,Art evidence show weight improve where summer happen. Product sure wear threat.
LST-3140,PRP-2024,AGT-0149,1372300.0,2020-04-17,2020-06-08,Expired,348.0,Budget financial what race either head bill machine. Expert happen research realize total.
LST-3141,PRP-2551,AGT-0159,352800.0,2023-03-09,2023-05-02,Expired,193.0,Describe similar morning suffer theory indeed.
LST-3142,PRP-3441,AGT-0282,416600.0,2024-05-01,2024-09-11,Active,336.0,Center minute charge rate heavy arm.
LST-3143,PRP-1036,AGT-0065,2665900.0,2023-03-12,2023-05-13,Active,271.0,Fish line probably him over.
LST-3144,PRP-1069,AGT-0157,1685800.0,2020-02-09,2020-04-10,Sold,338.0,Early hotel sit throw ready. Somebody one letter fly.
LST-3145,PRP-0837,AGT-0149,2065200.0,2020-07-29,2020-10-22,Sold,190.0,Even hit later six line.
LST-3146,PRP-0002,AGT-0203,1423900.0,2022-08-20,2023-01-08,Active,310.0,Attack hair you matter development argue scientist.
LST-3147,PRP-2153,AGT-0024,722900.0,2022-07-14,2022-09-25,Sold,9.0,That long key whole. Because piece for hundred society story magazine.
LST-3148,PRP-1367,AGT-0091,1315900.0,2022-07-31,2023-01-02,Pending,242.0,Item difference free like.
LST-3149,PRP-0042,AGT-0021,873800.0,2023-02-13,2023-05-16,Sold,57.0,Budget education agree either way.
LST-3150,PRP-1795,AGT-0096,2950300.0,2022-03-28,2022-08-24,Sold,10.0,International economic class.
LST-3151,PRP-1510,AGT-0107,173700.0,2022-03-15,2022-02-16,Sold,176.0,True production rich.
LST-3152,PRP-2004,AGT-0078,1444300.0,2022-11-23,2023-02-06,Withdrawn,2.0,Against actually more book admit.
LST-3153,PRP-2014,AGT-0102,2127300.0,2023-11-13,2024-05-02,Expired,106.0,Night article sense forget provide door. Cut high ten reflect among window.
LST-3154,PRP-1377,AGT-0105,1116000.0,2023-08-19,2023-12-04,Sold,344.0,Record much small man.
LST-3155,PRP-0813,AGT-0107,386400.0,2022-02-13,2022-07-06,Sold,1.0,Fall about agency wide man art.
LST-3156,PRP-1943,AGT-0263,787400.0,2020-06-20,2020-10-28,Sold,,Wrong training recognize forward. Fish finally property person summer fall.
LST-3157,PRP-3117,AGT-0289,1919500.0,2021-04-09,2021-05-19,Sold,317.0,Despite analysis grow itself cause four. Hotel have appear customer.
LST-3158,PRP-4840,AGT-0272,675100.0,2023-05-09,2023-09-05,Active,248.0,Yourself less knowledge these.
LST-3159,PRP-3385,AGT-0257,928400.0,2024-06-12,2024-11-23,Sold,299.0,Early different task prepare. Option history man begin.
LST-3160,PRP-0731,AGT-0143,2617600.0,2020-02-25,2020-06-09,Expired,55.0,Everything sister entire Mrs culture himself woman. When past responsibility time.
LST-3161,PRP-2559,AGT-0160,986000.0,2022-07-07,2022-10-23,Sold,243.0,Professional might church room receive. Or deep much three.
LST-3162,PRP-1806,AGT-0114,2037200.0,2022-11-12,2022-10-13,Active,49.0,Benefit college truth station decade.
LST-3163,PRP-2630,AGT-0225,2605900.0,2023-01-07,2023-06-03,Pending,139.0,Focus yard traditional recently.
LST-3164,PRP-2682,AGT-0122,1966800.0,2023-03-07,2023-05-06,Sold,,Finish whom although yeah country hope fear democratic. Way either all throw pressure more red improve.
LST-3165,PRP-4288,AGT-0112,651700.0,2021-03-15,2021-07-11,Withdrawn,354.0,Through benefit reason necessary hard. Last value teacher shake.
LST-3166,PRP-4511,AGT-0112,2996700.0,2022-05-04,2022-08-15,Withdrawn,80.0,Congress few positive threat above picture. Dinner base lead edge.
LST-3167,PRP-4032,AGT-0058,604000.0,2021-11-03,2022-02-21,Sold,10.0,Ahead behavior money let wrong keep take. Small lay assume agree gas.
LST-3168,PRP-1678,AGT-0051,415300.0,2024-06-30,2024-10-01,Sold,,Discover pick she feeling space first whose. Late worker require generation safe bag which song.
LST-3169,PRP-4210,AGT-0125,1234900.0,2023-06-17,2023-11-20,Withdrawn,96.0,Give lot others police.
LST-3170,PRP-3243,AGT-0039,677600.0,2024-05-19,2024-07-18,Sold,217.0,Religious democratic station treatment state weight spend clear. Half political candidate wait practice today.
LST-3171,PRP-1225,AGT-0050,254600.0,2022-08-13,2022-10-26,Active,151.0,Those environmental wife should. Continue page get late box.
LST-3172,PRP-2987,AGT-0074,1813200.0,2020-08-16,2021-01-07,Expired,80.0,Country daughter role several service possible.
LST-3173,PRP-0126,AGT-0107,299300.0,2021-09-28,2021-12-25,Expired,94.0,Common occur play describe.
LST-3174,PRP-0438,AGT-0065,1177800.0,2020-03-12,2020-08-21,Pending,81.0,Even article story item box factor. South study wait.
LST-3175,PRP-1248,AGT-0103,2330300.0,2021-03-21,2021-08-30,Sold,4.0,Often gas ask enjoy to every program. Mean how ability buy.
LST-3176,PRP-0837,AGT-0132,732300.0,2024-05-02,2024-06-27,Expired,304.0,Item plan drug parent business son southern pick.
LST-3177,PRP-4897,AGT-0037,1876400.0,2023-03-05,2023-07-18,Expired,250.0,Time just lose activity position factor minute.
LST-3178,PRP-1054,AGT-0186,967500.0,2020-12-25,2021-03-08,Sold,37.0,American garden bar identify kitchen record prevent.
LST-3179,PRP-2138,AGT-0103,722500.0,2022-05-13,2022-10-05,Active,6.0,Air wrong machine though. Time suddenly someone drop person item particularly rate.
LST-3180,PRP-2184,AGT-0071,175400.0,2021-11-22,2022-02-24,Pending,160.0,Simply lose rule single. Include painting record born cause.
LST-3181,PRP-2868,AGT-0100,2503200.0,2021-06-12,2021-10-26,Sold,313.0,Off notice administration thought city establish nearly.
LST-3182,PRP-0218,AGT-0199,2778100.0,2021-08-04,2022-01-11,Active,335.0,Far site page ready anything management exist.
LST-3183,PRP-3366,AGT-0282,2340900.0,2020-04-24,2020-08-02,Active,307.0,Perhaps kitchen contain whatever control.
LST-3184,PRP-4037,AGT-0125,1025800.0,2021-12-10,2022-01-22,Active,99.0,Professional before southern feeling.
LST-3185,PRP-1167,AGT-0074,1531800.0,2022-03-24,2022-05-20,Sold,309.0,Adult lead social. Cell instead receive know own open exist.
LST-3186,PRP-1058,AGT-0103,2582200.0,2022-12-24,2023-05-06,Sold,220.0,Item eight when child structure edge. Lot guess everybody speak.
LST-3187,PRP-3468,AGT-0094,1848200.0,2020-02-22,2020-05-19,Sold,216.0,Year stock item western keep.
LST-3188,PRP-2360,AGT-0217,415000.0,2024-04-07,2024-07-17,Sold,,Agent create can audience watch situation push wait.
LST-3189,PRP-0180,AGT-0059,1559800.0,2021-05-01,2021-08-17,Sold,145.0,Prevent paper nothing significant yet goal fact.
LST-3190,PRP-0276,AGT-0297,1539400.0,2024-01-31,2024-07-04,Active,160.0,Hope nothing the account next three until kitchen. Truth table hotel bar popular laugh.
LST-3191,PRP-1512,AGT-0080,900700.0,2022-08-03,2022-09-14,Expired,83.0,Research reality partner.
LST-3192,PRP-2661,AGT-0103,2353600.0,2024-06-28,2024-08-22,Expired,275.0,Support store cup agreement.
LST-3193,PRP-1561,AGT-0107,653800.0,2020-03-29,2020-07-10,Sold,346.0,Officer team keep hundred fact direction.
LST-3194,PRP-1118,AGT-0299,239100.0,2020-08-08,2021-01-19,Sold,356.0,Position another box. Citizen various hear policy system staff instead smile.
LST-3195,PRP-4813,AGT-0285,1726200.0,2020-11-17,2021-03-01,Expired,115.0,Threat blood ready.
LST-3196,PRP-1185,AGT-0055,2645900.0,2021-02-19,2021-05-31,Expired,227.0,Exist point per. Question moment skill according society coach voice.
LST-3197,PRP-3679,AGT-0025,1159700.0,2020-08-23,2020-11-20,Withdrawn,295.0,When approach who hit. International friend turn deal.
LST-3198,PRP-0863,AGT-0058,1803200.0,2023-12-03,2024-05-13,Withdrawn,10.0,Fact issue economy condition young have. Certain focus coach father really.
LST-3199,PRP-3391,AGT-0197,2676800.0,2024-04-05,2024-09-28,Active,199.0,Sing exactly food hot.
LST-3200,PRP-2567,AGT-0207,1485300.0,2022-06-10,2022-08-03,Expired,227.0,Serious process laugh. Four account maintain nation pay food positive.
LST-3201,PRP-1356,AGT-0146,2695200.0,2023-09-03,2023-08-16,Sold,,Threat TV something bad across single bring.
LST-3202,PRP-3957,AGT-0268,490200.0,2023-12-26,2024-01-31,Sold,331.0,Where who be religious first find behavior.
LST-3203,PRP-1888,AGT-0157,167100.0,2024-04-08,2024-05-23,Sold,166.0,Region case chair mean letter language across. News although later stay participant policy inside.
LST-3204,PRP-4568,AGT-0162,405700.0,2022-01-12,2022-05-23,Active,27.0,Member guess popular stock. Chair for military recently war second.
LST-3205,PRP-1266,AGT-0033,372600.0,2020-07-23,2020-09-12,Sold,98.0,Two similar view almost pattern situation. Choice turn task study head foot behind.
LST-3206,PRP-1675,AGT-0276,747600.0,2024-05-11,2024-08-11,Active,195.0,Bit forget if court.
LST-3207,PRP-4378,AGT-0103,2024300.0,2021-12-13,2022-06-10,Sold,58.0,Program environmental radio maybe threat.
LST-3208,PRP-3441,AGT-0024,1281900.0,2023-02-07,2023-04-06,Sold,,Foot join herself bring company class worker. Lead above soon where.
LST-3209,PRP-3246,AGT-0148,2018400.0,2020-07-21,2021-01-13,Expired,123.0,First standard phone easy benefit argue street. Court TV own start.
LST-3210,PRP-4392,AGT-0086,634300.0,2022-07-18,2022-10-22,Expired,313.0,Fact free pull bring war for.
LST-3211,PRP-0998,AGT-0030,2278700.0,2023-02-19,2023-07-11,Active,333.0,Level time issue above. List exist story.
LST-3212,PRP-2761,AGT-0263,419000.0,2022-03-03,2022-04-29,Sold,71.0,Difficult cut rock speech. Certainly picture beat total add hundred.
LST-3213,PRP-2799,AGT-0094,2306400.0,2023-01-12,2023-02-25,Sold,214.0,Purpose process voice hear. Identify quality recognize tree sea science door.
LST-3214,PRP-4667,AGT-0088,2431400.0,2020-11-24,2021-01-08,Expired,336.0,Security level beautiful.
LST-3215,PRP-4106,AGT-0115,982300.0,2023-10-10,2024-03-23,Active,216.0,Outside guess develop look. Happy decade difficult item.
LST-3216,PRP-4959,AGT-0228,2525800.0,2020-05-06,2020-11-01,Expired,312.0,Particularly give its check court fund culture.
LST-3217,PRP-0874,AGT-0107,913400.0,2020-11-05,2021-04-04,Expired,72.0,Language development even to finish economic.
LST-3218,PRP-1381,AGT-0003,415700.0,2024-02-20,2024-06-12,Sold,310.0,Similar color fund. Itself I again not.
LST-3219,PRP-4382,AGT-0103,2494400.0,2021-06-22,2021-09-19,Sold,303.0,Customer space argue include need wrong listen.
LST-3220,PRP-3721,AGT-0241,232200.0,2022-07-29,2022-11-13,Active,306.0,Address trial action result.
LST-3221,PRP-0083,AGT-0140,291300.0,2020-07-23,2020-12-21,Active,154.0,Middle detail bar week.
LST-3222,PRP-2577,AGT-0062,2192600.0,2020-05-12,2020-09-13,Sold,94.0,Take fall check stage Republican senior traditional itself.
LST-3223,PRP-4766,AGT-0105,1310000.0,2020-06-27,2020-11-04,Sold,267.0,Pretty whatever fast red available recently.
LST-3224,PRP-1144,AGT-0127,1439900.0,2021-07-24,2022-01-16,Sold,190.0,Truth inside according measure. Every investment ability identify they.
LST-3225,PRP-0728,AGT-0290,1041300.0,2022-02-12,2022-03-24,Sold,,See whose network boy cut however.
LST-3226,PRP-2966,AGT-0271,1520100.0,2023-11-13,2024-01-13,Active,341.0,Watch run throughout money.
LST-3227,PRP-3888,AGT-0191,2806400.0,2022-10-23,2023-02-04,Active,340.0,To purpose someone gas major thousand stay police.
LST-3228,PRP-0286,AGT-0281,1986800.0,2020-10-01,2021-01-08,Sold,140.0,Hospital along industry believe.
LST-3229,PRP-4226,AGT-0013,1324800.0,2021-09-28,2022-02-05,Sold,170.0,Fine item bank from suffer.
LST-3230,PRP-3564,AGT-0274,2468200.0,2020-03-24,2020-06-03,Sold,306.0,Artist themselves Mr feeling nice.
LST-3231,PRP-1035,AGT-0121,2052900.0,2021-08-22,2021-07-23,Active,268.0,Director again knowledge data table. Finally even everyone here activity.
LST-3232,PRP-2629,AGT-0070,365000.0,2023-08-04,2024-01-15,Pending,277.0,Government why positive.
LST-3233,PRP-2811,AGT-0219,2591600.0,2022-03-27,2022-05-19,Sold,21.0,Boy final certainly too.
LST-3234,PRP-2829,AGT-0151,182000.0,2023-11-05,2024-03-14,Expired,56.0,Pick hour attack probably actually song personal thus. Drop history interview.
LST-3235,PRP-3159,AGT-0167,1808700.0,2020-10-08,2021-03-16,Sold,165.0,Develop put language black.
LST-3236,PRP-3208,AGT-0288,2220800.0,2023-06-06,2023-07-21,Sold,353.0,Play cultural however.
LST-3237,PRP-3286,AGT-0045,779600.0,2021-10-11,2021-11-13,Sold,236.0,Time set particular house almost window. Whole weight modern.
LST-3238,PRP-2872,AGT-0068,686200.0,2020-01-08,2020-04-15,Sold,320.0,Forward father Republican artist yet writer health. Guess say shake those sport state kitchen.
LST-3239,PRP-0412,AGT-0267,763000.0,2023-05-28,2023-09-08,Active,93.0,Wait business place heavy among.
LST-3240,PRP-2611,AGT-0092,2212100.0,2020-06-17,2020-07-24,Withdrawn,332.0,Window close bag impact. Open into lay treatment even.
LST-3241,PRP-0569,AGT-0050,768800.0,2022-02-19,2022-02-08,Active,38.0,Around approach investment special nice. Baby central science especially debate security high.
LST-3242,PRP-1006,AGT-0105,2307800.0,2023-03-28,2023-08-08,Expired,355.0,Beyond live election party.
LST-3243,PRP-0294,AGT-0209,2109800.0,2021-08-23,2021-11-13,Sold,190.0,Staff herself improve American.
LST-3244,PRP-3870,AGT-0053,1546500.0,2022-06-11,2022-11-05,Expired,39.0,Peace beyond wear statement resource age somebody. Democrat key change road well allow two.
LST-3245,PRP-3290,AGT-0173,399500.0,2021-05-19,2021-09-11,Withdrawn,,Speech identify why approach despite. Old get arm ever despite attack fish.
LST-3246,PRP-1665,AGT-0092,1094100.0,2021-11-26,2022-03-31,Expired,239.0,Character government body chair. They lot road charge out.
LST-3247,PRP-4871,AGT-0163,762400.0,2021-04-22,2021-09-29,Active,282.0,His worker budget peace stock avoid.
LST-3248,PRP-1585,AGT-0293,2131800.0,2020-11-05,2021-01-04,Sold,225.0,Hour us big response likely audience.
LST-3249,PRP-1418,AGT-0075,1949700.0,2020-07-28,2020-09-15,Expired,277.0,Individual today candidate work. Even practice letter example.
LST-3250,PRP-2670,AGT-0216,250300.0,2021-09-06,2021-12-18,Sold,80.0,Along try business process miss blue. Help say draw theory attention I behavior crime.
LST-3251,PRP-0562,AGT-0201,622100.0,2020-02-19,2020-03-30,Sold,32.0,Natural my responsibility thank let far edge. Significant try long kid international collection goal option.
LST-3252,PRP-3972,AGT-0213,1257700.0,2023-01-18,2023-05-27,Expired,89.0,Page hope nothing attorney others politics design.
LST-3253,PRP-4487,AGT-0072,224400.0,2021-10-05,2022-03-22,Sold,141.0,Meet ever prove process head history important. Ahead space participant lead time box quality.
LST-3254,PRP-4715,AGT-0208,577400.0,2022-12-26,2023-05-16,Sold,149.0,Draw late fear wrong family site specific. Wrong middle loss number arm car.
LST-3255,PRP-1006,AGT-0210,325600.0,2022-09-18,2023-01-31,Active,7.0,And from others sense hope. Near large court expect heart.
LST-3256,PRP-2395,AGT-0139,1338900.0,2021-04-22,2021-08-31,Sold,353.0,Remember evidence by lawyer simply.
LST-3257,PRP-4205,AGT-0267,1114600.0,2023-11-20,2024-01-31,Withdrawn,182.0,Between room physical thus surface.
LST-3258,PRP-3179,AGT-0234,410200.0,2024-03-07,2024-08-18,Expired,321.0,Point way clear.
LST-3259,PRP-4335,AGT-0300,1926600.0,2021-07-27,2021-12-14,Sold,83.0,When indeed past forget after. Grow itself experience dog goal keep degree plan.
LST-3260,PRP-0274,AGT-0053,1112100.0,2021-07-25,2022-01-18,Withdrawn,252.0,Information piece while scientist different.
LST-3261,PRP-3089,AGT-0202,1468100.0,2024-01-26,2024-05-28,Sold,305.0,Develop must should maybe try realize.
LST-3262,PRP-4351,AGT-0065,2135000.0,2023-02-17,2023-03-26,Active,7.0,Bar art none go wall difference their.
LST-3263,PRP-1453,AGT-0282,1842900.0,2020-03-22,2020-05-22,Sold,231.0,Staff meeting remember begin. Government table alone run with outside road.
LST-3264,PRP-4286,AGT-0216,758700.0,2021-04-13,2021-06-20,Sold,308.0,Friend organization brother skill also big. Seat side bring lead according west use.
LST-3265,PRP-3822,AGT-0295,1144600.0,2020-03-26,2020-06-28,Sold,326.0,Support message four structure.
LST-3266,PRP-1955,AGT-0058,1130600.0,2023-05-29,2023-08-14,Withdrawn,258.0,Prevent employee without lose tend allow. Turn evidence level once worry fear.
LST-3267,PRP-4850,AGT-0271,1084600.0,2022-05-19,2022-07-05,Sold,344.0,Appear image exactly explain any. Business coach wrong sit you seem.
LST-3268,PRP-1544,AGT-0283,301700.0,2021-12-13,2022-02-05,Sold,253.0,Challenge though down music.
LST-3269,PRP-2964,AGT-0171,997700.0,2023-02-09,2023-05-21,Sold,,Debate movement few once assume film herself. Central drug board me.
LST-3270,PRP-2254,AGT-0181,973900.0,2020-11-23,2021-05-03,Expired,,Provide threat score experience almost standard.
LST-3271,PRP-0648,AGT-0263,1726200.0,2021-08-03,2021-12-27,Sold,17.0,Doctor among people Congress threat many. Black laugh standard get fill.
LST-3272,PRP-4789,AGT-0272,1478000.0,2024-03-03,2024-06-04,Sold,188.0,Experience attention our realize else. Oil trip message who resource.
LST-3273,PRP-0178,AGT-0189,359000.0,2020-07-21,2020-09-14,Sold,115.0,Age fund common effort doctor behavior ground. Lawyer lay bad worry energy red reason.
LST-3274,PRP-0334,AGT-0300,2748500.0,2023-09-19,2024-02-08,Active,321.0,Million clear message traditional pick room method American.
LST-3275,PRP-0184,AGT-0154,2209700.0,2020-04-10,2020-07-03,Sold,168.0,Tree get western difference month apply option audience.
LST-3276,PRP-1157,AGT-0091,724200.0,2023-04-03,2023-05-28,Active,263.0,Once receive indeed establish guy.
LST-3277,PRP-0333,AGT-0055,359100.0,2020-04-22,2020-07-22,Expired,359.0,Believe fish onto room somebody discover couple.
LST-3278,PRP-1747,AGT-0237,2358400.0,2021-10-20,2022-02-09,Sold,196.0,Audience side measure yard scientist.
LST-3279,PRP-4473,AGT-0215,771300.0,2023-07-08,2023-09-25,Withdrawn,101.0,Use skin value human. Agree central wrong energy maybe.
LST-3280,PRP-4919,AGT-0134,649800.0,2021-08-11,2022-02-06,Sold,312.0,Wait central say million.
LST-3281,PRP-1805,AGT-0227,1768700.0,2023-05-02,2023-09-08,Active,254.0,Language program present under couple go white.
LST-3282,PRP-3797,AGT-0103,1735300.0,2023-09-12,2024-01-08,Active,127.0,Draw building mouth establish.
LST-3283,PRP-4752,AGT-0029,1516600.0,2020-02-18,2020-06-21,Sold,177.0,Right bring knowledge. Anything new hotel hear mind way audience.
LST-3284,PRP-1427,AGT-0003,745600.0,2022-06-08,2022-10-06,Sold,114.0,Concern create positive four throw. Mean without bring five first.
LST-3285,PRP-2448,AGT-0164,1399600.0,2020-02-04,2020-05-04,Active,52.0,Leave position quickly why. Husband scene population piece.
LST-3286,PRP-4121,AGT-0259,1545900.0,2022-12-11,2023-02-20,Expired,68.0,Throw fall science enjoy write clearly side.
LST-3287,PRP-0650,AGT-0024,1515800.0,2023-10-02,2023-12-04,Active,251.0,Lay realize story music expert. Rather can research maintain.
LST-3288,PRP-0767,AGT-0175,465800.0,2020-11-23,2021-01-17,Sold,359.0,Decision adult reach sell summer. Less song for.
LST-3289,PRP-3169,AGT-0266,766400.0,2021-10-29,2022-03-07,Sold,178.0,Condition final edge character quite. Produce trouble order natural PM us.
LST-3290,PRP-2644,AGT-0088,775200.0,2021-10-10,2022-03-04,Sold,,Set account Democrat case cold president hard.
LST-3291,PRP-0416,AGT-0229,2285700.0,2020-08-08,2020-10-31,Withdrawn,,Up I rise listen back.
LST-3292,PRP-3533,AGT-0141,779600.0,2020-08-06,2020-09-23,Active,16.0,Dinner during baby produce break beyond. Reach run time everything.
LST-3293,PRP-1829,AGT-0104,1623500.0,2023-09-15,2024-01-06,Withdrawn,220.0,Save occur attack these item able.
LST-3294,PRP-1597,AGT-0024,789600.0,2021-09-18,2021-10-26,Active,272.0,Federal red right could us nothing item house.
LST-3295,PRP-0168,AGT-0231,1541800.0,2022-12-13,2023-05-12,Withdrawn,171.0,How card throw medical pass front. Near media reflect physical list budget.
LST-3296,PRP-1216,AGT-0077,1555900.0,2022-03-26,2022-08-16,Sold,,Form forget even decade matter.
LST-3297,PRP-1075,AGT-0177,2404000.0,2021-07-17,2021-11-15,Sold,,Lose door budget finally edge bar go. Catch both receive easy staff get wind movement.
LST-3298,PRP-2717,AGT-0127,378200.0,2023-02-23,2023-06-29,Expired,118.0,Something day structure. Thus affect enter.
LST-3299,PRP-0956,AGT-0038,121500.0,2021-09-29,2021-12-13,Expired,59.0,Teacher nothing artist special term maybe move. Step for look someone cultural even practice he.
LST-3300,PRP-0656,AGT-0134,245000.0,2022-04-12,2022-09-19,Active,274.0,Amount record blue reduce foreign. Far result interview do.
LST-3301,PRP-2201,AGT-0070,1144000.0,2024-02-21,2024-07-03,Sold,354.0,Form character account start follow opportunity huge western. Hot wrong far purpose.
LST-3302,PRP-3294,AGT-0031,2206200.0,2020-12-01,2021-01-21,Sold,65.0,Bring everything herself soon family ability. May message begin dream.
LST-3303,PRP-4076,AGT-0097,724000.0,2020-04-16,2020-09-22,Sold,231.0,Quickly executive could need a leg look.
LST-3304,PRP-0185,AGT-0297,887300.0,2021-06-28,2021-11-16,Withdrawn,187.0,Federal do activity not.
LST-3305,PRP-1120,AGT-0261,724000.0,2022-10-10,2023-04-06,Sold,217.0,Citizen difference after beat TV see as nearly.
LST-3306,PRP-3461,AGT-0228,2183700.0,2022-12-15,2023-03-28,Sold,8.0,Speech region past arrive decide church everyone.
LST-3307,PRP-3382,AGT-0088,2472100.0,2022-11-15,2023-01-09,Sold,264.0,Not degree house door real center everyone.
LST-3308,PRP-4274,AGT-0173,571300.0,2024-04-06,2024-06-14,Active,197.0,Want become should. Visit since push night soon.
LST-3309,PRP-1393,AGT-0172,439700.0,2022-06-26,2022-08-19,Withdrawn,,Within case group nature.
LST-3310,PRP-3715,AGT-0037,2029300.0,2023-02-04,2023-04-11,Sold,52.0,Resource street sound. Available school the deal likely.
LST-3311,PRP-1632,AGT-0073,1053700.0,2022-09-21,2023-02-04,Active,208.0,Land parent body all.
LST-3312,PRP-3207,AGT-0072,188800.0,2021-11-12,2022-02-25,Active,91.0,Economy so support paper or degree collection. Land green organization glass admit study society challenge.
LST-3313,PRP-3766,AGT-0134,1629500.0,2021-10-14,2022-01-28,Active,273.0,Car scientist environment song include. Account who skin collection agency.
LST-3314,PRP-4194,AGT-0207,132600.0,2022-07-22,2022-09-23,Withdrawn,31.0,Enter relate police official everything.
LST-3315,PRP-1695,AGT-0106,848800.0,2021-07-02,2021-09-25,Sold,171.0,Near hear author brother late democratic lose. Enjoy structure hundred yes miss seat.
LST-3316,PRP-0651,AGT-0297,706300.0,2023-04-02,2023-09-15,Active,22.0,Model they party kind. Despite bag wall project.
LST-3317,PRP-2194,AGT-0188,596600.0,2022-10-19,2023-02-13,Sold,,Class sound color off feel civil.
LST-3318,PRP-3440,AGT-0210,1724000.0,2022-11-01,2023-01-17,Sold,259.0,Thousand collection expert consider. Coach reason along visit leave.
LST-3319,PRP-2260,AGT-0072,372400.0,2021-05-20,2021-09-06,Sold,37.0,Record remain history sell. Share dog environment still.
LST-3320,PRP-4746,AGT-0105,612200.0,2023-10-13,2024-01-08,Sold,36.0,Want difference source rest challenge. Cultural only this low.
LST-3321,PRP-0004,AGT-0256,1846900.0,2021-10-25,2022-02-04,Active,,International pass could occur plan they.
LST-3322,PRP-3483,AGT-0245,1802900.0,2023-07-15,2023-09-28,Pending,253.0,Just country far international.
LST-3323,PRP-1144,AGT-0151,1358900.0,2021-01-07,2021-02-07,Expired,29.0,Listen song check. Lose work meet morning building do.
LST-3324,PRP-3090,AGT-0283,1713700.0,2021-06-26,2021-09-26,Sold,297.0,Economic often energy own apply by. Far any shake involve growth game record.
LST-3325,PRP-2952,AGT-0185,2174800.0,2020-08-06,2020-12-28,Sold,,While hope wrong one town. Name reveal worker idea.
LST-3326,PRP-4959,AGT-0010,787300.0,2021-05-18,2021-09-11,Sold,321.0,Trade listen free space.
LST-3327,PRP-4486,AGT-0279,903200.0,2022-04-19,2022-05-19,Sold,,New choice international building artist PM sit doctor.
LST-3328,PRP-4170,AGT-0215,2463100.0,2020-07-21,2021-01-14,Active,223.0,Air watch poor it rather. Young parent military newspaper.
LST-3329,PRP-0918,AGT-0131,2095000.0,2023-08-05,2023-12-12,Active,332.0,Discuss style simply worry out member. Available since popular herself suddenly as director.
LST-3330,PRP-2560,AGT-0050,1004600.0,2022-04-16,2022-08-03,Active,262.0,Will item small message. Never experience cover have throw stuff anything.
LST-3331,PRP-2454,AGT-0295,1128700.0,2023-11-09,2024-02-05,Sold,272.0,List quite design decide list those traditional.
LST-3332,PRP-0384,AGT-0049,1957700.0,2022-07-30,2022-09-09,Sold,218.0,Than everything summer five similar ago have piece. Bill drive able artist health draw.
LST-3333,PRP-4429,AGT-0046,1266000.0,2022-03-24,2022-08-01,Sold,33.0,Wind small down ten check. Case notice line hand goal get adult.
LST-3334,PRP-0209,AGT-0221,912500.0,2020-06-22,2020-10-03,Sold,145.0,Sign natural main over.
LST-3335,PRP-4066,AGT-0273,2206000.0,2023-12-17,2024-06-01,Sold,271.0,Measure appear herself simply life.
LST-3336,PRP-0004,AGT-0247,2026100.0,2023-11-01,2023-12-20,Withdrawn,349.0,Those remember page realize. Campaign beautiful care forget take appear visit nation.
LST-3337,PRP-4928,AGT-0065,635000.0,2024-04-20,2024-10-05,Withdrawn,,Situation media reality.
LST-3338,PRP-4225,AGT-0020,2288200.0,2021-05-14,2021-10-22,Sold,,Soldier people think culture tend. Spend toward teach major show machine machine.
LST-3339,PRP-1627,AGT-0023,2045000.0,2023-02-27,2023-06-09,Pending,9.0,Member interesting fast turn million authority.
LST-3340,PRP-2489,AGT-0088,1139300.0,2023-11-22,2024-02-22,Sold,82.0,Officer rate kind.
LST-3341,PRP-4641,AGT-0076,2299500.0,2022-03-25,2022-06-20,Sold,192.0,Company alone door too cup growth way.
LST-3342,PRP-4293,AGT-0295,2791500.0,2020-09-06,2020-10-28,Withdrawn,,Prepare drug dark impact chance involve letter. Job run time.
LST-3343,PRP-2809,AGT-0267,1727000.0,2022-04-25,2022-10-12,Active,299.0,Sell community TV gas enjoy. Either body soon.
LST-3344,PRP-0788,AGT-0104,2839800.0,2021-12-27,2022-03-10,Sold,236.0,Growth section rise civil note. Per management film eight system.
LST-3345,PRP-1971,AGT-0087,387800.0,2020-10-08,2021-02-06,Sold,54.0,Heavy kid marriage action up.
LST-3346,PRP-1517,AGT-0230,2728000.0,2020-11-05,2021-02-03,Sold,348.0,College thank lot glass place word.
LST-3347,PRP-0742,AGT-0163,2340400.0,2022-11-26,2023-02-25,Active,148.0,Attack debate report. Right only thought eye nothing.
LST-3348,PRP-1045,AGT-0141,2424100.0,2023-01-14,2023-06-26,Sold,202.0,Appear feeling blue later reality indeed.
LST-3349,PRP-2945,AGT-0133,760500.0,2024-04-05,2024-08-23,Active,,Catch allow do officer run yet. Sing fire part civil.
LST-3350,PRP-1624,AGT-0153,1036100.0,2022-02-09,2022-05-05,Pending,337.0,Anyone plan believe within much.
LST-3351,PRP-2088,AGT-0117,410800.0,2021-08-06,2021-10-30,Sold,233.0,Expert property adult reality. Interview thing production these kid.
LST-3352,PRP-4266,AGT-0166,1299700.0,2020-01-13,2020-06-29,Sold,315.0,It fine beat drop reveal order.
LST-3353,PRP-0540,AGT-0040,2409600.0,2020-02-13,2020-03-19,Pending,191.0,Control despite back born church. City of near doctor accept recent body.
LST-3354,PRP-1449,AGT-0038,663000.0,2021-07-20,2021-09-18,Expired,12.0,Data wear see kind measure discussion office hotel. Form entire despite stay man executive himself.
LST-3355,PRP-4750,AGT-0101,2100200.0,2021-01-06,2021-06-14,Active,127.0,Stuff trip sound picture. Make chair change natural affect method information least.
LST-3356,PRP-4898,AGT-0271,847500.0,2023-12-04,2024-05-12,Active,2.0,They maybe decade physical. More seem simply fear true.
LST-3357,PRP-3116,AGT-0107,252300.0,2023-02-09,2023-05-18,Expired,39.0,Draw far PM pressure. Away either individual interesting.
LST-3358,PRP-3992,AGT-0125,410000.0,2023-09-26,2023-12-08,Sold,143.0,Particularly everybody price western. War indicate few you performance Congress nothing well.
LST-3359,PRP-0019,AGT-0192,234800.0,2024-01-23,2024-03-19,Sold,184.0,Car realize left board what.
LST-3360,PRP-0803,AGT-0145,2190700.0,2022-04-15,2022-07-26,Sold,331.0,Debate risk risk million. Well need summer article society.
LST-3361,PRP-2885,AGT-0257,838600.0,2022-01-04,2022-03-05,Sold,299.0,Should friend candidate purpose past. Add way run reach really.
LST-3362,PRP-3093,AGT-0028,693600.0,2022-11-29,2023-05-07,Sold,138.0,Identify draw administration all figure half.
LST-3363,PRP-1471,AGT-0243,1677000.0,2023-04-20,2023-07-02,Sold,226.0,Important everything value idea. Condition me meet discuss fast hear under of.
LST-3364,PRP-0961,AGT-0181,2425600.0,2021-05-02,2021-07-03,Sold,209.0,Drive off see such gun appear. Kind view husband south test.
LST-3365,PRP-2522,AGT-0299,2537800.0,2020-06-20,2020-08-30,Active,227.0,Oil box young party account feel class. I black area former above use safe.
LST-3366,PRP-4011,AGT-0172,2093800.0,2022-11-03,2023-01-17,Sold,230.0,May live his cover blood job.
LST-3367,PRP-3905,AGT-0059,333400.0,2022-05-13,2022-11-06,Sold,230.0,Reach thought positive head win majority kind. Realize bar boy.
LST-3368,PRP-2392,AGT-0231,2084500.0,2020-03-29,2020-03-05,Sold,242.0,Tough television stage rather. You identify article large.
LST-3369,PRP-0515,AGT-0187,2129100.0,2022-09-13,2022-12-19,Sold,192.0,Establish relationship when wall ask. Me say five establish start.
LST-3370,PRP-4740,AGT-0157,2017700.0,2020-04-18,2020-08-13,Sold,60.0,I general she look level wife. Seven medical total position.
LST-3371,PRP-1085,AGT-0067,2045000.0,2021-04-19,2021-08-07,Sold,17.0,Summer south business.
LST-3372,PRP-0188,AGT-0020,278400.0,2020-03-03,2020-02-03,Sold,7.0,Class across police toward edge. Language thank live response.
LST-3373,PRP-4762,AGT-0249,873100.0,2022-06-16,2022-08-26,Sold,96.0,Read then eye against among.
LST-3374,PRP-3228,AGT-0248,120600.0,2023-10-07,2023-10-04,Active,180.0,Recognize role position return.
LST-3375,PRP-3123,AGT-0226,2785200.0,2022-05-06,2022-07-06,Sold,,Whom inside reach range head.
LST-3376,PRP-0608,AGT-0037,1557300.0,2024-02-22,2024-05-05,Sold,314.0,Seat employee you law thank until remember. Ask produce walk so rest.
LST-3377,PRP-0954,AGT-0119,1295500.0,2021-01-14,2021-02-28,Active,,Well budget science voice.
LST-3378,PRP-3301,AGT-0213,2097100.0,2022-02-02,2022-03-11,Sold,307.0,Standard resource couple then husband evening season unit. Almost within everything mention she contain table.
LST-3379,PRP-0630,AGT-0118,1308000.0,2023-06-28,2023-12-21,Expired,91.0,Nearly say whole your.
LST-3380,PRP-1027,AGT-0214,2786800.0,2024-03-03,2024-07-03,Pending,,Pay way animal ability statement. None everybody modern begin include send.
LST-3381,PRP-2850,AGT-0131,791100.0,2023-05-28,2023-06-27,Expired,38.0,Industry first increase while how dream. Real need clearly.
LST-3382,PRP-3662,AGT-0211,314200.0,2020-07-29,2020-09-30,Sold,327.0,Democrat debate team large particular. Finish by quality sing finally huge who.
LST-3383,PRP-2086,AGT-0038,329800.0,2024-01-16,2024-06-21,Sold,245.0,Continue firm public author environmental view.
LST-3384,PRP-0641,AGT-0131,2915700.0,2023-11-01,2023-12-29,Active,218.0,Apply prove security girl item husband condition.
LST-3385,PRP-1379,AGT-0112,1668800.0,2023-01-15,2023-05-31,Sold,,Number wish current population bit debate as.
LST-3386,PRP-2368,AGT-0159,1912600.0,2023-07-08,2023-10-07,Active,207.0,Guy that hold huge little garden group. Short important of possible today since.
LST-3387,PRP-1714,AGT-0066,1387500.0,2024-02-13,2024-05-20,Expired,193.0,Girl system moment price relate both. Goal building religious upon.
LST-3388,PRP-0488,AGT-0210,1227000.0,2022-04-30,2022-08-11,Active,25.0,Minute material community manager within yard those strategy.
LST-3389,PRP-0140,AGT-0181,967200.0,2023-06-14,2023-09-02,Expired,,While yes final thought quality tax.
LST-3390,PRP-0941,AGT-0092,2212500.0,2023-08-14,2023-10-03,Sold,281.0,Stand down include spend owner. Issue woman must.
LST-3391,PRP-4533,AGT-0263,1725900.0,2022-11-04,2023-01-19,Sold,2.0,Alone speak both. Mean action return behind way woman.
LST-3392,PRP-2818,AGT-0288,401400.0,2020-04-15,2020-05-25,Withdrawn,113.0,Happy politics chair but popular choice enjoy.
LST-3393,PRP-1658,AGT-0189,354200.0,2021-01-31,2021-05-30,Withdrawn,30.0,Among old cold structure agent.
LST-3394,PRP-4378,AGT-0018,2496200.0,2022-12-06,2023-01-22,Sold,303.0,Whether believe professional improve teach. Color even college race bank avoid yard whom.
LST-3395,PRP-1967,AGT-0170,1770100.0,2022-09-18,2023-02-20,Sold,312.0,Leave budget civil somebody late mission old. Responsibility forward cultural say.
LST-3396,PRP-4094,AGT-0298,1278400.0,2021-06-27,2021-08-31,Sold,267.0,Year later wall final step along mouth.
LST-3397,PRP-3324,AGT-0001,1656500.0,2021-12-26,2022-03-06,Sold,178.0,Level great lead beat response person hear.
LST-3398,PRP-0615,AGT-0146,934400.0,2023-04-24,2023-06-22,Expired,108.0,Sell through head marriage.
LST-3399,PRP-1121,AGT-0203,806200.0,2022-10-04,2022-12-02,Withdrawn,217.0,Third American scene. Everyone best church control physical.
LST-3400,PRP-3559,AGT-0114,596400.0,2022-06-04,2022-11-01,Active,357.0,Theory old recently area. Stay build knowledge state produce TV possible.
LST-3401,PRP-3610,AGT-0005,772200.0,2023-07-01,2023-09-13,Active,301.0,Among new election both catch.
LST-3402,PRP-0327,AGT-0295,1788600.0,2022-02-12,2022-04-18,Sold,180.0,Participant others treatment front while off throughout same.
LST-3403,PRP-1983,AGT-0294,1647300.0,2022-10-04,2023-01-06,Expired,,Middle away action in future store control.
LST-3404,PRP-4457,AGT-0144,263100.0,2021-12-26,2022-03-22,Expired,3.0,House shake on continue hour.
LST-3405,PRP-1581,AGT-0210,464200.0,2023-11-26,2024-01-27,Sold,124.0,Down just letter business beautiful agreement. But bed improve draw education Democrat.
LST-3406,PRP-1014,AGT-0190,2472200.0,2022-02-16,2022-07-01,Sold,50.0,Several international quickly animal try meeting send.
LST-3407,PRP-1998,AGT-0213,1178500.0,2022-06-15,2022-11-19,Sold,352.0,Pick positive ten travel better agreement choice top.
LST-3408,PRP-3467,AGT-0266,1626800.0,2022-09-19,2022-10-22,Sold,326.0,Deal hour together. Sound lose business.
LST-3409,PRP-3059,AGT-0248,1337400.0,2021-11-18,2022-04-21,Sold,183.0,Member spring than young each. Lot name Mrs attention black democratic state.
LST-3410,PRP-3694,AGT-0099,2303000.0,2020-02-22,2020-04-17,Sold,358.0,Physical purpose avoid unit city bank. His executive may person.
LST-3411,PRP-4063,AGT-0276,1974300.0,2020-06-04,2020-07-17,Sold,358.0,Yard ahead stay store I security.
LST-3412,PRP-1009,AGT-0109,674100.0,2022-09-20,2022-12-09,Active,218.0,Team poor somebody worker marriage truth figure first.
LST-3413,PRP-2231,AGT-0004,2085500.0,2021-09-28,2021-12-04,Active,1.0,Involve several defense center. Decade put few discussion southern.
LST-3414,PRP-3955,AGT-0253,286200.0,2021-09-07,2021-11-19,Sold,354.0,All degree nothing series course few. True set they many both energy week suggest.
LST-3415,PRP-1215,AGT-0088,2365000.0,2020-12-12,2021-04-10,Sold,315.0,Sign PM man art production.
LST-3416,PRP-3046,AGT-0027,2043500.0,2020-10-02,2021-03-12,Sold,343.0,Listen trip site dream accept idea.
LST-3417,PRP-3190,AGT-0278,417800.0,2022-10-09,2023-02-08,Expired,237.0,True consider cell benefit letter house. Easy though size.
LST-3418,PRP-4739,AGT-0020,1936100.0,2022-02-19,2022-06-28,Expired,262.0,Personal real get agent southern already let. Then involve official base.
LST-3419,PRP-2071,AGT-0020,2437000.0,2023-11-27,2024-01-24,Sold,200.0,Night spring interest why.
LST-3420,PRP-1322,AGT-0152,1442200.0,2024-01-09,2024-04-23,Sold,218.0,Join data exist statement spring speech brother.
LST-3421,PRP-0487,AGT-0013,2808700.0,2022-06-11,2022-07-14,Active,159.0,Half statement create sometimes politics wife.
LST-3422,PRP-3298,AGT-0214,2857000.0,2023-05-15,2023-07-04,Sold,71.0,Service board hot me more these large.
LST-3423,PRP-4169,AGT-0080,771900.0,2020-12-04,2021-02-03,Sold,153.0,National TV nothing small. Maybe though southern believe care room.
LST-3424,PRP-1632,AGT-0140,1847000.0,2022-01-08,2022-05-15,Sold,11.0,Participant very read make right.
LST-3425,PRP-1369,AGT-0299,2534400.0,2021-05-10,2021-06-15,Sold,168.0,Exactly word family run summer. Recent job according cup sister.
LST-3426,PRP-4879,AGT-0051,2024500.0,2023-11-16,2024-01-21,Sold,66.0,Under common hair save admit entire.
LST-3427,PRP-2874,AGT-0103,670700.0,2020-05-23,2020-09-27,Sold,293.0,Later know brother ask toward thousand attorney. Cup bill maybe policy.
LST-3428,PRP-4230,AGT-0104,562300.0,2020-07-23,2020-11-02,Expired,3.0,Other nor son rate memory.
LST-3429,PRP-0868,AGT-0172,1131200.0,2021-06-24,2021-08-29,Sold,,Himself lay already late beautiful still. Series me audience east.
LST-3430,PRP-0043,AGT-0155,2511400.0,2021-06-02,2021-09-16,Pending,84.0,Box character expect interesting wide.
LST-3431,PRP-3328,AGT-0253,2017400.0,2022-09-08,2022-08-23,Expired,,Who movie hand push hospital.
LST-3432,PRP-3606,AGT-0294,929400.0,2023-11-22,2024-01-06,Sold,229.0,Several arm movie specific state list note.
LST-3433,PRP-0015,AGT-0121,575300.0,2023-08-23,2024-01-28,Sold,,Term response employee type. Certain surface among of.
LST-3434,PRP-4348,AGT-0012,1349100.0,2022-06-07,2022-08-21,Sold,345.0,Son page bank imagine. Culture think long forget industry community.
LST-3435,PRP-3002,AGT-0250,1594900.0,2021-10-23,2022-01-08,Sold,293.0,House history day.
LST-3436,PRP-1361,AGT-0139,520800.0,2021-03-14,2021-06-02,Sold,107.0,Third deal television make up rate space.
LST-3437,PRP-1487,AGT-0062,615700.0,2021-10-20,2022-01-08,Sold,91.0,Much grow effect let book of onto bag.
LST-3438,PRP-4015,AGT-0175,1313200.0,2020-09-02,2021-02-05,Sold,,Its behavior together type. Modern chance social protect wind.
LST-3439,PRP-3550,AGT-0149,1313300.0,2022-12-30,2023-04-02,Pending,187.0,Visit rule about population must.
LST-3440,PRP-1232,AGT-0184,2779400.0,2024-04-27,2024-09-13,Active,70.0,Short indeed century accept third investment.
LST-3441,PRP-0262,AGT-0215,224900.0,2024-05-26,2024-08-19,Sold,123.0,Turn happen he future. Writer yet kind hair fund.
LST-3442,PRP-0280,AGT-0088,1286500.0,2021-03-21,2021-09-08,Active,247.0,Appear reduce card help exist long. Drug party nor lose instead ball federal.
LST-3443,PRP-4849,AGT-0210,2449600.0,2021-01-16,2021-06-18,Active,184.0,Current blood political sit. Citizen recently color test nearly so movement.
LST-3444,PRP-4849,AGT-0121,2769000.0,2021-06-20,2021-09-06,Sold,283.0,Purpose throw theory least suddenly tell. Girl return its may.
LST-3445,PRP-4272,AGT-0065,1425000.0,2022-02-01,2022-05-09,Expired,23.0,Draw ground back green. Learn opportunity develop bag.
LST-3446,PRP-4100,AGT-0256,575700.0,2023-08-24,2023-10-17,Sold,1.0,Expect development artist show rest source wind leg. Artist federal guy provide soon newspaper.
LST-3447,PRP-4300,AGT-0209,894400.0,2020-04-16,2020-10-08,Sold,223.0,Democratic herself here poor again one spring.
LST-3448,PRP-0164,AGT-0274,434600.0,2021-08-27,2021-11-26,Expired,364.0,Visit tax office design nor president.
LST-3449,PRP-0720,AGT-0051,2313400.0,2021-04-29,2021-06-20,Expired,,Every cell avoid factor the mouth. Leg case wife middle.
LST-3450,PRP-0034,AGT-0267,308500.0,2020-04-13,2020-08-21,Withdrawn,7.0,Require car maybe particular through consider radio stage.
LST-3451,PRP-0966,AGT-0110,239700.0,2020-09-01,2021-02-27,Sold,297.0,Home test bed first suddenly else. Bar run water.
LST-3452,PRP-2950,AGT-0155,2491500.0,2020-10-10,2020-11-28,Sold,330.0,Argue international research deep.
LST-3453,PRP-1096,AGT-0037,577800.0,2021-05-02,2021-08-02,Sold,364.0,I if consumer. Future various treat road until enter cell.
LST-3454,PRP-0688,AGT-0160,1994300.0,2021-07-12,2021-09-22,Pending,347.0,Police start material task agent.
LST-3455,PRP-1157,AGT-0103,403500.0,2024-02-14,2024-03-21,Sold,15.0,Already this place price public. Out live want natural change age.
LST-3456,PRP-0738,AGT-0186,2900500.0,2022-10-17,2023-04-04,Pending,82.0,Garden project maybe answer whether.
LST-3457,PRP-3974,AGT-0205,1217700.0,2023-05-26,2023-05-22,Expired,350.0,Then quite Congress husband. Just laugh Mr get outside back brother.
LST-3458,PRP-3328,AGT-0169,2489500.0,2021-08-20,2021-10-26,Sold,,Son free then pressure wide hear knowledge. Teacher style enter truth worry education.
LST-3459,PRP-3910,AGT-0026,2998200.0,2020-03-25,2020-05-25,Expired,205.0,May him bar. More your send project particularly.
LST-3460,PRP-4564,AGT-0167,363900.0,2022-01-08,2022-06-16,Active,351.0,Discuss business source star east kind.
LST-3461,PRP-3854,AGT-0106,1362800.0,2022-04-12,2022-05-30,Sold,206.0,Between election girl human pass story team. American forget each weight.
LST-3462,PRP-4863,AGT-0062,2371700.0,2022-06-06,2022-11-27,Active,178.0,Reality statement level.
LST-3463,PRP-3145,AGT-0121,2277200.0,2022-03-10,2022-06-22,Sold,324.0,He nor fact language hot rather. A between ever our today teacher could.
LST-3464,PRP-1363,AGT-0126,2382200.0,2020-04-19,2020-10-06,Expired,154.0,Me list agree stop else area join. Last suddenly agent ten source public less.
LST-3465,PRP-1866,AGT-0122,1374600.0,2022-05-18,2022-11-07,Sold,80.0,Health recent side discussion stage present but level. Figure approach spend common again.
LST-3466,PRP-1160,AGT-0284,2367100.0,2021-08-15,2021-11-12,Pending,34.0,All to middle body new.
LST-3467,PRP-2839,AGT-0292,1163800.0,2023-08-12,2023-08-08,Expired,339.0,Century under onto interview.
LST-3468,PRP-3907,AGT-0131,466300.0,2020-09-28,2020-11-10,Sold,323.0,Really technology that nor significant. Feel mention man follow.
LST-3469,PRP-0536,AGT-0061,1139400.0,2020-11-04,2021-02-14,Sold,5.0,Wife pay military key. Indeed drop skill executive.
LST-3470,PRP-3665,AGT-0190,852600.0,2021-12-07,2022-03-23,Withdrawn,240.0,Challenge degree begin fact member suffer remain. Drug begin necessary or claim above.
LST-3471,PRP-1191,AGT-0013,2243600.0,2022-02-09,2022-04-09,Sold,276.0,Fast sometimes attorney federal bill. Ready sometimes will realize.
LST-3472,PRP-3523,AGT-0022,1594800.0,2020-04-19,2020-07-31,Sold,44.0,Western purpose anyone.
LST-3473,PRP-1174,AGT-0016,1682800.0,2022-08-16,2022-11-04,Withdrawn,195.0,Writer tend still recently marriage eat believe customer. All particularly expert religious gas recognize hold.
LST-3474,PRP-1772,AGT-0031,2029900.0,2023-04-19,2023-06-26,Sold,15.0,More at better ago authority game.
LST-3475,PRP-3349,AGT-0248,1628900.0,2022-07-24,2022-10-22,Sold,36.0,Together only include sister itself good same.
LST-3476,PRP-0770,AGT-0207,2219800.0,2022-09-18,2023-02-04,Active,271.0,Experience realize believe anything.
LST-3477,PRP-0967,AGT-0218,2233500.0,2023-11-04,2024-04-25,Sold,334.0,Treatment Democrat tonight ask population oil health.
LST-3478,PRP-4566,AGT-0247,1911400.0,2021-05-15,2021-09-06,Active,146.0,Quite present receive door. Force carry change watch crime outside.
LST-3479,PRP-0664,AGT-0270,592400.0,2022-07-24,2023-01-05,Sold,344.0,Window garden and. Rule which into half.
LST-3480,PRP-3964,AGT-0173,1839600.0,2023-11-19,2024-05-08,Sold,75.0,Sound experience national eat. Child challenge design sell.
LST-3481,PRP-3600,AGT-0211,1750300.0,2021-04-07,2021-06-16,Active,101.0,Official policy medical it quality. Example report relationship capital community while though then.
LST-3482,PRP-4925,AGT-0256,2142200.0,2023-12-27,2024-02-01,Expired,8.0,My education good.
LST-3483,PRP-1528,AGT-0197,1777200.0,2020-08-09,2020-10-10,Sold,30.0,On choice myself sing technology relate such. Paper stop rest official on choice.
LST-3484,PRP-4303,AGT-0010,392000.0,2022-02-02,2022-05-28,Sold,273.0,Win clearly film everybody.
LST-3485,PRP-4627,AGT-0102,224100.0,2022-11-13,2023-04-01,Active,324.0,End letter dog war best art. Money positive much value identify better meet go.
LST-3486,PRP-0614,AGT-0095,1928300.0,2023-12-13,2024-03-08,Withdrawn,39.0,Eye put some father direction.
LST-3487,PRP-1424,AGT-0194,731400.0,2021-08-14,2022-01-07,Sold,321.0,Above major wish necessary music those often. Although evening across.
LST-3488,PRP-2534,AGT-0139,887900.0,2020-08-25,2020-12-04,Pending,61.0,Conference science green group expert. Past everybody add idea seat century.
LST-3489,PRP-4068,AGT-0286,2297200.0,2024-06-30,2024-10-04,Active,135.0,Similar knowledge brother both charge.
LST-3490,PRP-1173,AGT-0129,999600.0,2022-07-17,2022-10-07,Sold,280.0,Be father evidence father turn different.
LST-3491,PRP-2083,AGT-0223,330100.0,2021-06-07,2021-11-17,Pending,310.0,Page poor low price performance star.
LST-3492,PRP-3356,AGT-0048,1918900.0,2020-10-20,2021-01-24,Sold,230.0,Should message event conference television possible still.
LST-3493,PRP-2278,AGT-0176,1876400.0,2021-11-08,2022-03-20,Active,41.0,Book present painting. Detail hotel traditional bill trial.
LST-3494,PRP-4903,AGT-0229,149700.0,2020-04-08,2020-04-06,Sold,162.0,Figure day page lot age catch glass.
LST-3495,PRP-0722,AGT-0232,1735300.0,2023-11-14,2024-04-27,Active,120.0,Seek though beat tax from. Free finally last better marriage college behavior.
LST-3496,PRP-3057,AGT-0018,1484400.0,2020-08-02,2020-12-03,Active,257.0,Why American out surface.
LST-3497,PRP-3651,AGT-0051,2011600.0,2021-10-12,2022-01-22,Expired,365.0,Almost term chair also affect. Education community size choice investment.
LST-3498,PRP-0452,AGT-0222,279100.0,2023-07-10,2023-08-10,Sold,227.0,Place task stage majority story.
LST-3499,PRP-0938,AGT-0080,909800.0,2023-12-15,2024-02-26,Sold,344.0,Between wear police cold seven simply. Business focus network book brother.
LST-3500,PRP-3657,AGT-0232,975800.0,2021-03-09,2021-05-22,Active,137.0,Story million another class claim key simply.
LST-3501,PRP-2920,AGT-0086,685300.0,2022-12-19,2022-12-14,Sold,307.0,Important entire toward performance piece begin accept only. Dinner last situation born.
LST-3502,PRP-1116,AGT-0247,908400.0,2021-07-17,2021-09-18,Active,328.0,Hair method lot watch person.
LST-3503,PRP-0273,AGT-0271,2889900.0,2024-04-09,2024-08-06,Expired,40.0,Per something arrive himself.
LST-3504,PRP-1173,AGT-0103,1463800.0,2023-01-21,2023-01-02,Sold,237.0,Question age fill rock various model.
LST-3505,PRP-2986,AGT-0021,250700.0,2022-10-24,2023-02-02,Withdrawn,188.0,Information beautiful born decade career quite machine.
LST-3506,PRP-4702,AGT-0135,465400.0,2024-06-24,2024-08-17,Sold,324.0,Set out just network could.
LST-3507,PRP-3841,AGT-0171,2294600.0,2021-09-06,2021-12-21,Sold,42.0,Debate spring business person.
LST-3508,PRP-2548,AGT-0117,1518900.0,2024-03-08,2024-06-12,Sold,242.0,Mouth treatment try Congress occur guy under. Data old charge defense author consumer.
LST-3509,PRP-4138,AGT-0038,1175200.0,2021-04-13,2021-07-20,Sold,,Though option consumer lot woman work.
LST-3510,PRP-3748,AGT-0185,917400.0,2024-06-17,2024-08-25,Sold,44.0,National expect see PM position effort join. Themselves season watch stay significant however.
LST-3511,PRP-4414,AGT-0181,1669100.0,2024-04-15,2024-06-17,Sold,183.0,Marriage surface during weight.
LST-3512,PRP-0766,AGT-0235,1742300.0,2023-03-18,2023-05-24,Sold,271.0,Manager throughout address movement ability.
LST-3513,PRP-2483,AGT-0046,475200.0,2020-10-28,2020-12-20,Sold,203.0,Should reveal blue chair check share newspaper fire.
LST-3514,PRP-4459,AGT-0163,1100300.0,2020-03-12,2020-04-16,Sold,97.0,Population them wide.
LST-3515,PRP-4048,AGT-0183,137500.0,2020-03-21,2020-08-17,Expired,118.0,Instead few course ask build stuff.
LST-3516,PRP-2438,AGT-0245,936800.0,2021-03-19,2021-06-11,Sold,85.0,Only leave cultural. Wonder will theory ahead house plant.
LST-3517,PRP-2530,AGT-0077,1717600.0,2023-04-17,2023-07-20,Sold,271.0,Least after that loss community officer TV.
LST-3518,PRP-4845,AGT-0298,613100.0,2021-08-17,2021-10-02,Withdrawn,25.0,Top evidence Congress type. Clearly ask eye memory read.
LST-3519,PRP-1639,AGT-0127,1300200.0,2024-04-28,2024-07-17,Expired,,You question degree day though economic. Other range cut some.
LST-3520,PRP-0066,AGT-0234,2214200.0,2022-12-24,2023-02-23,Sold,,Herself agreement part return main.
LST-3521,PRP-4389,AGT-0225,245900.0,2022-09-02,2023-02-14,Sold,4.0,Team need clear teacher.
LST-3522,PRP-2280,AGT-0289,1683100.0,2022-08-03,2023-01-02,Active,28.0,Without real join government will affect.
LST-3523,PRP-0929,AGT-0040,1052700.0,2023-12-29,2024-05-05,Active,,Indicate draw century fight which husband eight.
LST-3524,PRP-2080,AGT-0082,2420900.0,2020-09-28,2021-03-05,Expired,191.0,Whose remember hour almost hospital coach list arm. Wonder professor baby fall character.
LST-3525,PRP-1972,AGT-0169,2448600.0,2024-01-26,2024-05-18,Sold,258.0,Free indicate everybody right little learn.
LST-3526,PRP-0134,AGT-0259,2295600.0,2022-04-22,2022-09-17,Sold,53.0,Never again health.
LST-3527,PRP-0141,AGT-0129,393900.0,2020-04-05,2020-08-03,Sold,239.0,Employee movie grow. Maybe consumer behavior much.
LST-3528,PRP-2099,AGT-0173,1036100.0,2022-01-17,2022-06-07,Sold,,Create car feel clear election key Mr. However increase air tax life financial.
LST-3529,PRP-0009,AGT-0027,405900.0,2023-04-12,2023-08-03,Withdrawn,,Past nation government. Only growth likely run if themselves wrong young.
LST-3530,PRP-1524,AGT-0198,1477800.0,2020-10-21,2021-03-10,Sold,298.0,Continue shake they something suffer writer paper. Similar relationship realize.
LST-3531,PRP-4301,AGT-0087,2756200.0,2022-09-05,2023-02-08,Sold,212.0,Fine difficult media couple medical follow. Energy child front sure never.
LST-3532,PRP-2045,AGT-0153,1389300.0,2022-05-15,2022-11-09,Sold,268.0,Media buy yet go simply mouth. Anyone another specific per peace three.
LST-3533,PRP-4694,AGT-0118,1888100.0,2024-05-14,2024-09-10,Withdrawn,227.0,Government music treatment apply least certainly. Head it fear might along.
LST-3534,PRP-2905,AGT-0179,459200.0,2021-11-25,2022-05-02,Expired,,Money note forward suddenly court nothing beautiful. Like safe cold draw part.
LST-3535,PRP-1566,AGT-0145,1813800.0,2023-04-05,2023-06-18,Sold,10.0,Change whose right.
LST-3536,PRP-0334,AGT-0214,790300.0,2020-02-29,2020-04-11,Sold,,Size play use garden national. Expect economic before drive child others edge everyone.
LST-3537,PRP-2923,AGT-0204,1058300.0,2022-10-19,2023-01-03,Sold,293.0,Cause station not short property world scene all.
LST-3538,PRP-0140,AGT-0159,460400.0,2021-09-05,2022-02-27,Sold,302.0,Type rule other energy include scientist hot.
LST-3539,PRP-0513,AGT-0020,937400.0,2021-09-17,2022-03-13,Sold,,Leg tend dinner cup part. Manage indeed today voice will company create.
LST-3540,PRP-4771,AGT-0263,663200.0,2021-01-21,2021-05-03,Sold,162.0,Catch citizen decide area TV health risk.
LST-3541,PRP-2441,AGT-0132,2582200.0,2024-06-07,2024-08-02,Active,102.0,Argue throughout successful American this north weight. Mission leave threat claim save program human whom.
LST-3542,PRP-4319,AGT-0285,593000.0,2022-07-28,2022-11-01,Sold,318.0,Although society possible one clearly she suddenly appear.
LST-3543,PRP-3045,AGT-0064,1286400.0,2022-06-20,2022-11-21,Sold,191.0,None assume here this team day us beyond.
LST-3544,PRP-2697,AGT-0107,1128700.0,2023-08-25,2023-11-22,Sold,336.0,Firm board operation term yet.
LST-3545,PRP-1749,AGT-0278,270500.0,2023-12-13,2024-02-04,Active,203.0,Stock yourself small himself. Institution above its me.
LST-3546,PRP-3256,AGT-0103,1918700.0,2020-11-19,2021-05-11,Expired,124.0,Subject go skin sport environmental identify.
LST-3547,PRP-3448,AGT-0278,372400.0,2023-10-19,2024-02-14,Sold,199.0,Structure build century full less.
LST-3548,PRP-3727,AGT-0044,1425500.0,2020-06-15,2020-06-05,Sold,21.0,Forget son financial who sound serious weight. Home through upon return back my point.
LST-3549,PRP-3957,AGT-0147,80500.0,2021-07-22,2021-09-11,Withdrawn,312.0,Find old be. Get produce perform attention likely hard.
LST-3550,PRP-2909,AGT-0126,2222900.0,2023-01-31,2023-07-26,Active,31.0,Big four movement industry least.
LST-3551,PRP-4538,AGT-0199,2732500.0,2023-09-19,2024-01-16,Sold,11.0,Investment be issue and.
LST-3552,PRP-4295,AGT-0261,622700.0,2023-10-17,2023-12-07,Sold,302.0,Sometimes current old top summer high night.
LST-3553,PRP-1996,AGT-0200,1392200.0,2021-06-22,2021-09-22,Expired,329.0,Seem purpose director relate event. For animal course month.
LST-3554,PRP-4717,AGT-0194,1838000.0,2023-06-22,2023-11-16,Sold,308.0,Let hear wrong organization successful resource whose.
LST-3555,PRP-1990,AGT-0021,483500.0,2023-03-25,2023-08-22,Sold,143.0,Itself particular moment back successful.
LST-3556,PRP-2257,AGT-0159,211800.0,2020-09-02,2020-10-05,Sold,189.0,Open room summer issue suggest. Program practice wrong maintain among.
LST-3557,PRP-4012,AGT-0129,2277600.0,2022-09-14,2022-11-21,Active,334.0,Read common set mother even all.
LST-3558,PRP-4699,AGT-0009,562900.0,2024-03-09,2024-05-12,Active,316.0,Wonder growth war entire expect.
LST-3559,PRP-0365,AGT-0106,2049500.0,2021-10-08,2022-03-18,Active,126.0,May unit stay easy fly hospital. Material could into.
LST-3560,PRP-3777,AGT-0066,2455200.0,2021-05-24,2021-09-07,Expired,272.0,Somebody mention trouble improve relate. Later owner when lead black cover.
LST-3561,PRP-1156,AGT-0236,413600.0,2023-05-02,2023-06-21,Active,275.0,Present discussion significant control year in strong true.
LST-3562,PRP-2419,AGT-0168,2882800.0,2022-09-01,2023-01-10,Sold,244.0,Lose I market development.
LST-3563,PRP-0268,AGT-0191,530300.0,2022-02-17,2022-08-07,Sold,,Summer support those leave.
LST-3564,PRP-2151,AGT-0082,2018700.0,2020-05-29,2020-10-25,Expired,,Bring spend share notice focus likely example. Kind recently including sea also.
LST-3565,PRP-1832,AGT-0267,1075800.0,2023-05-30,2023-08-13,Sold,146.0,Community away particularly Mr rich write others century. Another above performance mother teacher poor.
LST-3566,PRP-1726,AGT-0216,1896100.0,2020-11-03,2020-10-20,Expired,268.0,Off itself between source several clear large.
LST-3567,PRP-3037,AGT-0146,625300.0,2021-01-07,2021-04-07,Active,263.0,Science identify item.
LST-3568,PRP-2992,AGT-0100,2841000.0,2021-01-31,2021-04-13,Sold,130.0,Democrat father Congress fund response probably. Agency speech the source brother job.
LST-3569,PRP-2207,AGT-0253,829800.0,2020-06-13,2020-07-29,Sold,174.0,Mrs nothing Mr position. Message direction work method difference job.
LST-3570,PRP-2916,AGT-0147,2699300.0,2022-12-29,2023-02-28,Sold,77.0,Suddenly hear southern responsibility.
LST-3571,PRP-4168,AGT-0202,1412600.0,2020-03-22,2020-05-30,Sold,130.0,Hot the Mr simply leader assume. Become expect color finally staff section operation.
LST-3572,PRP-2579,AGT-0161,2779200.0,2024-05-03,2024-10-18,Active,240.0,Size pick them of against among together.
LST-3573,PRP-2651,AGT-0009,844500.0,2023-06-15,2023-12-12,Sold,45.0,Black never six left water.
LST-3574,PRP-2427,AGT-0284,2466400.0,2021-02-19,2021-04-18,Sold,343.0,Arm shoulder relate up all size.
LST-3575,PRP-3494,AGT-0211,1071800.0,2023-05-18,2023-09-03,Sold,207.0,Interest meet popular only decision safe system. Wonder surface page admit customer.
LST-3576,PRP-4312,AGT-0236,1234900.0,2020-02-09,2020-06-03,Sold,219.0,Special one person marriage our third heart.
LST-3577,PRP-4143,AGT-0042,1926500.0,2020-04-03,2020-03-29,Sold,185.0,Statement through financial mind eat soon discussion.
LST-3578,PRP-0649,AGT-0120,796600.0,2023-08-07,2023-09-11,Sold,,Test third thousand must meet see.
LST-3579,PRP-4047,AGT-0215,515700.0,2023-10-15,2024-02-29,Withdrawn,,Affect car huge current win early. Enter military staff source idea surface.
LST-3580,PRP-3650,AGT-0244,143500.0,2020-04-01,2020-05-25,Sold,,Site finish truth final foot.
LST-3581,PRP-0023,AGT-0100,1819800.0,2022-01-06,2022-06-09,Sold,278.0,Quality one society store minute value. With down surface newspaper many follow.
LST-3582,PRP-4725,AGT-0192,559200.0,2024-04-22,2024-06-19,Sold,68.0,New election network enough green realize. Decide course I former hard plan kid.
LST-3583,PRP-3393,AGT-0155,789000.0,2023-12-16,2024-03-06,Sold,16.0,Trouble wonder big force. Admit let beyond by mean stuff.
LST-3584,PRP-3188,AGT-0235,2001200.0,2021-01-27,2021-07-10,Sold,141.0,Establish number head yet treatment modern ground.
LST-3585,PRP-0770,AGT-0239,970300.0,2021-02-23,2021-04-04,Expired,,Child serve summer traditional exist. Speak claim one become piece stock.
LST-3586,PRP-3366,AGT-0295,1029300.0,2024-01-23,2024-06-29,Sold,327.0,Add animal since turn relate development admit.
LST-3587,PRP-1496,AGT-0021,1695400.0,2020-07-29,2020-09-21,Sold,1.0,Model raise ground senior pick product.
LST-3588,PRP-4647,AGT-0075,1040600.0,2023-08-27,2024-02-16,Active,39.0,Court fund attention around data pretty space. Crime song reflect gun down network we.
LST-3589,PRP-2386,AGT-0200,165200.0,2022-10-21,2023-02-09,Active,259.0,Drive because scientist ready down get. Prepare pretty school college care wife.
LST-3590,PRP-3829,AGT-0136,1175000.0,2021-06-23,2021-09-21,Active,,Condition while husband attorney up sound even. Capital economic something pattern total.
LST-3591,PRP-1079,AGT-0239,2406100.0,2022-07-17,2022-10-14,Sold,36.0,Lawyer smile involve employee prove produce might particular.
LST-3592,PRP-0871,AGT-0120,1071600.0,2024-05-24,2024-09-04,Sold,100.0,Heart though place.
LST-3593,PRP-1640,AGT-0247,1983700.0,2020-10-09,2020-11-20,Sold,68.0,Rule participant until her.
LST-3594,PRP-1685,AGT-0107,1976000.0,2022-11-23,2023-05-14,Sold,73.0,Decide thank so realize well sure yeah food. Choose continue most plan want bill.
LST-3595,PRP-4508,AGT-0024,2237900.0,2022-10-07,2022-12-18,Sold,353.0,Second rise to spring stuff. Possible beat trouble much fear.
LST-3596,PRP-0440,AGT-0114,2327600.0,2022-04-17,2022-08-11,Sold,181.0,Toward figure remember.
LST-3597,PRP-0998,AGT-0276,1599400.0,2022-11-02,2023-01-25,Active,149.0,Become college fine include Congress might. Grow detail animal they.
LST-3598,PRP-3219,AGT-0088,135300.0,2023-11-24,2024-02-24,Sold,342.0,Crime mouth able thought improve subject list. Power part be decade soldier example exactly.
LST-3599,PRP-2079,AGT-0066,2423500.0,2022-02-20,2022-07-03,Sold,,Area anything personal pass cost so forget out.
LST-3600,PRP-2214,AGT-0249,1933100.0,2022-05-08,2022-06-13,Active,34.0,Suggest news upon list. Call police green doctor.
LST-3601,PRP-0499,AGT-0007,1083400.0,2023-04-21,2023-06-11,Active,97.0,Determine lose natural commercial public.
LST-3602,PRP-1751,AGT-0267,1632500.0,2023-01-30,2023-06-28,Withdrawn,233.0,Individual bank his possible special body.
LST-3603,PRP-0435,AGT-0051,1991300.0,2021-04-05,2021-06-01,Withdrawn,213.0,President off rich rich. Seat question civil focus lay travel family.
LST-3604,PRP-3802,AGT-0119,1817200.0,2023-08-20,2023-09-25,Withdrawn,261.0,Industry down movement health back report close job. Near law true institution well inside buy.
LST-3605,PRP-0098,AGT-0140,735400.0,2020-02-03,2020-06-21,Sold,128.0,Space exist eye themselves.
LST-3606,PRP-0012,AGT-0038,2414900.0,2021-12-29,2022-03-08,Active,128.0,These indicate people after develop suffer how.
LST-3607,PRP-0996,AGT-0176,1367700.0,2020-09-18,2021-02-16,Sold,175.0,Wall recognize most approach firm.
LST-3608,PRP-4115,AGT-0296,211100.0,2021-04-02,2021-06-12,Sold,,Trip difficult ability defense tough range quickly.
LST-3609,PRP-2070,AGT-0216,1977200.0,2024-03-07,2024-08-17,Active,,Response least issue while road field.
LST-3610,PRP-4705,AGT-0252,478400.0,2022-08-16,2023-02-01,Withdrawn,135.0,Remember situation foreign short. Night serious federal national executive yeah.
LST-3611,PRP-0480,AGT-0077,1756400.0,2023-07-04,2023-11-20,Sold,,Hospital certainly seek model form rate again. Send magazine report suggest family new.
LST-3612,PRP-3165,AGT-0032,696100.0,2020-05-18,2020-09-08,Sold,118.0,Many but door power truth seem interview.
LST-3613,PRP-0648,AGT-0241,1306600.0,2022-08-07,2022-10-09,Pending,243.0,Boy professional buy. Couple tough better culture return.
LST-3614,PRP-0991,AGT-0001,2673800.0,2022-09-21,2023-03-13,Sold,191.0,Anyone street easy stuff magazine professional.
LST-3615,PRP-0813,AGT-0083,2937400.0,2023-02-24,2023-08-02,Sold,55.0,Third father trial itself whom scientist parent.
LST-3616,PRP-2721,AGT-0212,1439200.0,2023-02-23,2023-06-10,Sold,87.0,Answer sing all.
LST-3617,PRP-1287,AGT-0158,1547600.0,2024-01-25,2024-06-17,Withdrawn,184.0,Away special style reduce soon. Trip reach skin whole site anyone report.
LST-3618,PRP-2956,AGT-0249,1568600.0,2024-03-28,2024-07-24,Active,302.0,Successful brother instead television use.
LST-3619,PRP-0122,AGT-0106,1046600.0,2021-12-09,2022-03-12,Sold,324.0,Others responsibility strong site. Fund several forget girl morning some.
LST-3620,PRP-2749,AGT-0240,1389300.0,2020-03-27,2020-06-23,Expired,147.0,Conference central local money out election modern.
LST-3621,PRP-0159,AGT-0042,1549400.0,2021-09-23,2021-12-05,Expired,36.0,This create certainly environment side.
LST-3622,PRP-4200,AGT-0240,519200.0,2022-06-02,2022-11-20,Sold,102.0,Some after better. Ahead very newspaper speak imagine process base product.
LST-3623,PRP-4049,AGT-0265,2106800.0,2023-04-03,2023-08-09,Sold,,Course decade yet red article hundred provide.
LST-3624,PRP-1053,AGT-0049,526500.0,2021-11-27,2022-04-26,Pending,255.0,Particular process exactly according society single second.
LST-3625,PRP-3141,AGT-0221,1736500.0,2022-06-25,2022-11-02,Withdrawn,162.0,Western return generation blood up daughter. Production prepare despite send ahead care source.
LST-3626,PRP-1534,AGT-0226,1484200.0,2021-08-27,2022-02-19,Sold,269.0,Public kid look.
LST-3627,PRP-4158,AGT-0200,1591700.0,2023-01-27,2023-03-02,Withdrawn,286.0,Health along explain fill take view. Common start set cover.
LST-3628,PRP-1088,AGT-0049,1938800.0,2020-08-03,2020-11-08,Sold,180.0,Wait friend respond early might unit condition once. Bit small remain plant candidate teach claim director.
LST-3629,PRP-4925,AGT-0121,1667100.0,2024-01-21,2024-05-18,Pending,334.0,Region bag blood usually cause. Simple kind position drop artist while behavior soon.
LST-3630,PRP-4682,AGT-0156,334000.0,2022-07-15,2022-10-11,Active,,Government life visit interesting small eat. Morning message see.
LST-3631,PRP-4862,AGT-0152,691800.0,2024-02-23,2024-07-07,Sold,363.0,Public boy think. Use offer upon reason on specific.
LST-3632,PRP-2925,AGT-0206,2194800.0,2020-01-12,2020-06-23,Sold,103.0,Citizen sell travel nation ability person actually.
LST-3633,PRP-3428,AGT-0275,385900.0,2021-07-15,2021-09-26,Expired,340.0,Themselves game similar eye culture room. Year fight of contain eye could everyone.
LST-3634,PRP-4629,AGT-0176,1421100.0,2023-09-04,2023-12-29,Active,130.0,Perform none security we group.
LST-3635,PRP-2690,AGT-0024,1265300.0,2020-01-30,2020-05-26,Withdrawn,95.0,Wrong have compare strategy someone before. Care they sea fight concern space learn.
LST-3636,PRP-0431,AGT-0030,1463100.0,2023-04-23,2023-07-04,Sold,3.0,Couple top something strong fine now detail. Sell him necessary someone management.
LST-3637,PRP-2459,AGT-0023,1106100.0,2023-11-14,2024-01-28,Withdrawn,91.0,Image leader image start represent.
LST-3638,PRP-0664,AGT-0287,1282100.0,2022-12-02,2023-04-29,Sold,40.0,Area we focus several task. Seek response pattern back ok she admit.
LST-3639,PRP-4970,AGT-0257,381800.0,2022-05-14,2022-07-31,Active,185.0,Ball real allow woman.
LST-3640,PRP-0822,AGT-0024,1965100.0,2023-05-24,2023-09-10,Sold,,Social green type along.
LST-3641,PRP-4101,AGT-0112,2740800.0,2020-07-16,2021-01-03,Sold,239.0,Sister ten catch step task investment prepare even. Long time woman charge ever special skill.
LST-3642,PRP-1236,AGT-0079,2406500.0,2022-03-05,2022-07-16,Sold,207.0,Stuff here PM serve write another mind. National third piece himself realize thank.
LST-3643,PRP-0059,AGT-0084,1586500.0,2023-08-09,2023-10-10,Sold,162.0,Treatment police thank would own.
LST-3644,PRP-2025,AGT-0242,1020300.0,2023-05-24,2023-08-16,Expired,227.0,Great shoulder purpose drive station like attention under. Call station language certain vote national.
LST-3645,PRP-4673,AGT-0155,188300.0,2021-09-10,2022-01-28,Sold,196.0,Possible speak national culture within cover national.
LST-3646,PRP-1495,AGT-0145,915300.0,2021-06-28,2021-08-09,Active,261.0,Issue how concern so tell every.
LST-3647,PRP-0091,AGT-0078,955300.0,2024-05-27,2024-06-28,Active,214.0,That too nothing race.
LST-3648,PRP-1877,AGT-0138,1417800.0,2020-08-25,2020-11-07,Sold,,Tend plan floor whether read. Who offer strategy central forget beautiful interesting.
LST-3649,PRP-0791,AGT-0185,2901200.0,2022-09-03,2022-12-29,Sold,203.0,Other nature organization myself system guy close.
LST-3650,PRP-3507,AGT-0115,2356200.0,2021-11-16,2022-03-26,Sold,178.0,Head then there fast. Consumer though side often finish some person be.
LST-3651,PRP-0550,AGT-0273,2291600.0,2020-01-26,2020-07-09,Expired,191.0,Some style money total forget car sort create.
LST-3652,PRP-4620,AGT-0284,1595900.0,2023-08-03,2024-01-21,Expired,20.0,Daughter hold allow consider. Cut real figure.
LST-3653,PRP-1029,AGT-0228,1959700.0,2020-09-24,2021-03-17,Active,136.0,General relationship arm yourself.
LST-3654,PRP-0426,AGT-0150,2212400.0,2024-01-16,2024-06-08,Active,270.0,Sport sense sign.
LST-3655,PRP-1520,AGT-0116,2074000.0,2021-12-25,2022-05-14,Withdrawn,302.0,Personal keep sort process north. Push price should campaign owner trade.
LST-3656,PRP-0878,AGT-0075,490600.0,2022-04-15,2022-09-19,Expired,338.0,Degree capital often win morning serve fast. Commercial agency apply daughter.
LST-3657,PRP-2830,AGT-0142,1998800.0,2020-06-11,2020-07-20,Sold,89.0,Ask food letter consumer democratic page her. Two high determine lawyer dog tax.
LST-3658,PRP-1692,AGT-0047,700000.0,2024-01-14,2024-05-12,Withdrawn,331.0,Sit their surface who traditional. Several everything at out.
LST-3659,PRP-1705,AGT-0178,245200.0,2024-03-18,2024-06-10,Expired,65.0,Report between west rather indeed see play simple. Turn form value hard cover various.
LST-3660,PRP-1370,AGT-0278,461300.0,2020-02-11,2020-04-02,Sold,36.0,Put number themselves arrive how main.
LST-3661,PRP-0814,AGT-0088,668200.0,2022-10-05,2023-04-03,Sold,264.0,Person option imagine eight special management security. Small push hold hotel camera fight out.
LST-3662,PRP-0307,AGT-0298,969500.0,2021-10-04,2022-03-27,Sold,23.0,Least likely teacher significant.
LST-3663,PRP-4780,AGT-0163,1679700.0,2021-01-28,2021-03-28,Expired,10.0,Go air throw. Often debate smile space.
LST-3664,PRP-0720,AGT-0075,1028200.0,2020-08-18,2020-11-02,Sold,68.0,Industry finally behind bring policy food money beautiful.
LST-3665,PRP-2843,AGT-0113,1165800.0,2020-12-12,2021-01-23,Sold,343.0,Short any action painting ability. Much public much somebody kid Mr about writer.
LST-3666,PRP-0650,AGT-0221,1507500.0,2024-03-18,2024-05-14,Sold,3.0,Very range since song again them down. Easy artist money lose or spring.
LST-3667,PRP-4155,AGT-0068,2462300.0,2021-08-16,2021-11-22,Pending,267.0,Lot talk identify magazine soldier past performance expect.
LST-3668,PRP-3933,AGT-0251,2882600.0,2023-01-17,2023-06-04,Active,175.0,Theory already notice create person.
LST-3669,PRP-4541,AGT-0108,1059100.0,2022-12-19,2023-02-03,Withdrawn,10.0,Something describe civil sport.
LST-3670,PRP-4038,AGT-0140,2539500.0,2023-12-29,2024-04-07,Sold,250.0,Nothing less trial west among.
LST-3671,PRP-4465,AGT-0178,666500.0,2020-07-08,2020-08-20,Sold,,State soldier however.
LST-3672,PRP-1014,AGT-0103,1943100.0,2024-05-21,2024-08-26,Pending,294.0,Old pressure even music fly itself.
LST-3673,PRP-4789,AGT-0250,2242100.0,2023-10-04,2024-03-22,Sold,174.0,Present pattern her of. Speech start prevent game hospital.
LST-3674,PRP-0458,AGT-0060,1296600.0,2021-11-04,2022-01-17,Expired,,Piece official box partner investment yet recognize.
LST-3675,PRP-1904,AGT-0271,968200.0,2022-09-19,2022-12-04,Sold,,Congress better develop whether business huge create.
LST-3676,PRP-4718,AGT-0275,406200.0,2023-05-29,2023-08-24,Sold,119.0,Address follow on which receive color site. Partner either nearly garden.
LST-3677,PRP-3334,AGT-0104,1225000.0,2023-11-16,2024-04-08,Pending,59.0,Various difficult purpose drop wide possible.
LST-3678,PRP-2998,AGT-0149,2189900.0,2022-05-07,2022-10-11,Active,133.0,Not weight least join institution population.
LST-3679,PRP-0591,AGT-0031,521000.0,2020-11-30,2021-04-21,Sold,,Include provide fire check. Section lose move bill hard six.
LST-3680,PRP-1851,AGT-0285,861200.0,2023-09-08,2024-01-28,Active,335.0,Against me candidate everybody role plant reach. Allow travel show compare.
LST-3681,PRP-0177,AGT-0204,1184600.0,2022-10-02,2023-03-08,Active,356.0,Character inside hospital. Test write statement half.
LST-3682,PRP-3842,AGT-0050,1805600.0,2023-08-11,2023-12-20,Sold,126.0,Future war police small who ready.
LST-3683,PRP-1579,AGT-0194,484400.0,2020-06-26,2020-11-01,Active,,Raise write civil enjoy nothing three. Yard TV into population pressure.
LST-3684,PRP-3968,AGT-0215,2323700.0,2021-08-02,2022-01-18,Sold,227.0,I relationship wish.
LST-3685,PRP-0920,AGT-0201,1848600.0,2020-12-09,2021-05-11,Active,279.0,Herself from medical should game stand rather. Turn year suggest quite someone.
LST-3686,PRP-2769,AGT-0137,292600.0,2023-08-06,2023-10-30,Withdrawn,142.0,Day job scene relate machine.
LST-3687,PRP-3989,AGT-0050,2773800.0,2023-12-07,2024-03-24,Active,25.0,Analysis hope church. Many real blood close any major each.
LST-3688,PRP-0177,AGT-0193,2039000.0,2024-05-19,2024-07-30,Active,155.0,Area item relate television.
LST-3689,PRP-0738,AGT-0192,249300.0,2022-09-04,2022-12-21,Sold,290.0,Bit them have fact behind condition.
LST-3690,PRP-3780,AGT-0059,1517400.0,2022-06-22,2022-08-08,Withdrawn,46.0,Large situation this word. Population be make ahead cost song lot.
LST-3691,PRP-3252,AGT-0072,1390500.0,2022-03-24,2022-08-07,Pending,104.0,Professor building off chair very. Run create color color oil writer class everybody.
LST-3692,PRP-0890,AGT-0091,898500.0,2023-12-12,2024-04-04,Sold,166.0,Close worker program car million later wrong.
LST-3693,PRP-2267,AGT-0118,1788300.0,2024-03-17,2024-05-11,Sold,228.0,Population long compare open want. Foot law recently culture peace.
LST-3694,PRP-0129,AGT-0003,287800.0,2021-07-30,2021-09-28,Withdrawn,171.0,Several result both international certain.
LST-3695,PRP-3738,AGT-0141,1518400.0,2023-06-09,2023-10-13,Sold,20.0,Mission clearly late eat sea hot. Stay federal build serious.
LST-3696,PRP-4186,AGT-0014,2834500.0,2023-07-17,2023-10-04,Active,269.0,Blue detail law else full class tonight.
LST-3697,PRP-0022,AGT-0103,2093400.0,2022-09-16,2023-01-29,Pending,96.0,Blood happy list party new. Soldier point west current black continue.
LST-3698,PRP-2937,AGT-0218,1716800.0,2021-08-07,2022-01-29,Sold,27.0,Explain front outside finish. Moment discuss time.
LST-3699,PRP-3221,AGT-0274,1216500.0,2023-09-09,2023-12-25,Sold,32.0,None present worry support.
LST-3700,PRP-3389,AGT-0072,841700.0,2020-05-31,2020-07-27,Sold,54.0,Parent commercial decide. Kitchen computer follow fire.
LST-3701,PRP-4351,AGT-0229,291300.0,2022-02-02,2022-07-12,Sold,201.0,Drop game choose oil morning democratic. Form suddenly piece thousand knowledge speak.
LST-3702,PRP-3915,AGT-0052,1197200.0,2021-08-22,2021-10-18,Sold,186.0,Tough well moment never range there. Citizen event space soldier before.
LST-3703,PRP-3312,AGT-0091,589400.0,2022-01-16,2022-03-23,Active,47.0,Difficult determine detail head imagine.
LST-3704,PRP-0768,AGT-0003,603200.0,2020-08-04,2020-11-05,Sold,284.0,Push exactly purpose interest nice shoulder buy. Paper pass woman talk citizen.
LST-3705,PRP-4210,AGT-0297,1187700.0,2020-08-30,2020-10-30,Sold,194.0,Last major various. Relate daughter ask policy operation board.
LST-3706,PRP-1685,AGT-0249,2657200.0,2020-07-19,2020-11-17,Sold,34.0,Imagine support eye street reality hour room. Miss message site few center purpose.
LST-3707,PRP-3056,AGT-0276,1081200.0,2022-08-05,2022-09-18,Sold,297.0,Much know west understand road agreement. Project young road how police system pay already.
LST-3708,PRP-3735,AGT-0040,1704100.0,2023-10-05,2023-12-26,Sold,122.0,Fine forget serve goal yard brother standard. Those agreement later region gun note.
LST-3709,PRP-2012,AGT-0219,966300.0,2020-09-01,2020-10-09,Pending,269.0,Dream you look color tend and collection. Hair including drug arrive tree.
LST-3710,PRP-0969,AGT-0103,576200.0,2022-09-27,2022-08-30,Sold,217.0,Water brother compare stand think baby.
LST-3711,PRP-2060,AGT-0300,2387100.0,2020-05-28,2020-08-24,Sold,24.0,Nearly pay activity recently significant avoid nice. Place special appear land.
LST-3712,PRP-0820,AGT-0193,2545200.0,2020-04-11,2020-08-24,Withdrawn,232.0,Campaign reason surface safe choice. Tv early Congress author your.
LST-3713,PRP-0026,AGT-0039,1875600.0,2024-01-17,2024-04-01,Withdrawn,,Job sit action other probably many real.
LST-3714,PRP-1663,AGT-0233,1460600.0,2023-03-11,2023-05-22,Expired,252.0,Natural summer skill show.
LST-3715,PRP-2362,AGT-0069,2698900.0,2023-11-03,2024-04-25,Expired,67.0,Everything company detail ago season no war.
LST-3716,PRP-4312,AGT-0080,2420400.0,2023-06-07,2023-07-29,Active,39.0,Military according show everyone. Democratic lose project market another place.
LST-3717,PRP-4781,AGT-0188,1571700.0,2021-03-29,2021-07-15,Sold,215.0,Agree young future.
LST-3718,PRP-0759,AGT-0085,1713800.0,2022-08-21,2023-01-15,Sold,169.0,Parent most road color home clear imagine finish.
LST-3719,PRP-2244,AGT-0286,1941200.0,2021-01-22,2021-06-10,Sold,319.0,Tell tonight name. Cut my hard.
LST-3720,PRP-0462,AGT-0284,1321500.0,2021-10-28,2022-04-23,Sold,94.0,Line somebody audience hope decision even.
LST-3721,PRP-4627,AGT-0044,344900.0,2023-12-23,2023-11-30,Active,311.0,During concern black such player suddenly moment.
LST-3722,PRP-0587,AGT-0095,1224100.0,2023-09-16,2023-11-02,Expired,303.0,Realize leg method director western.
LST-3723,PRP-0867,AGT-0170,2056900.0,2023-02-13,2023-08-06,Expired,303.0,Almost bad show cold.
LST-3724,PRP-3838,AGT-0252,380000.0,2020-02-17,2020-07-25,Expired,232.0,Alone fire arm own money plan hour.
LST-3725,PRP-0949,AGT-0227,2215800.0,2022-08-26,2022-12-10,Sold,39.0,Save base effect hotel room fall.
LST-3726,PRP-0123,AGT-0134,1787300.0,2024-06-01,2024-07-29,Sold,358.0,Several letter something black first place drop throw. Voice group commercial sign evidence follow.
LST-3727,PRP-4469,AGT-0059,1235300.0,2023-10-27,2024-01-25,Withdrawn,86.0,Mean staff method president. Each reach customer star establish.
LST-3728,PRP-4765,AGT-0215,2629200.0,2020-06-08,2020-09-09,Pending,54.0,Over generation morning.
LST-3729,PRP-0004,AGT-0059,2257300.0,2020-06-08,2020-10-14,Active,240.0,Second become trip social speech. Page if reason table price end year lawyer.
LST-3730,PRP-4565,AGT-0128,481700.0,2023-03-11,2023-07-09,Active,133.0,From another couple point.
LST-3731,PRP-3040,AGT-0293,2000800.0,2020-03-24,2020-08-23,Sold,254.0,Buy important chair. Tree law already home them notice right.
LST-3732,PRP-3917,AGT-0136,1891900.0,2021-05-13,2021-06-23,Active,85.0,Easy health place hotel camera capital prepare.
LST-3733,PRP-3754,AGT-0134,1030400.0,2023-03-20,2023-05-25,Sold,263.0,Edge executive have benefit place watch view special.
LST-3734,PRP-0485,AGT-0047,1371400.0,2022-02-23,2022-07-11,Expired,248.0,Seek sense us think recognize world program.
LST-3735,PRP-0805,AGT-0228,2633300.0,2021-11-30,2022-03-12,Active,104.0,Relationship drive adult consumer. Identify air bit sea opportunity three.
LST-3736,PRP-4144,AGT-0203,1790700.0,2022-11-15,2022-11-09,Sold,316.0,Full meeting go husband attack personal. City air movie task us represent.
LST-3737,PRP-3067,AGT-0084,1214500.0,2021-10-18,2022-02-08,Expired,28.0,Billion nearly kind during to present. Food look back behavior their.
LST-3738,PRP-1114,AGT-0215,708700.0,2022-07-13,2022-09-28,Sold,362.0,See direction just reach.
LST-3739,PRP-0824,AGT-0059,666000.0,2021-05-04,2021-06-27,Sold,75.0,Return professor anyone clear skill work store.
LST-3740,PRP-4994,AGT-0115,93100.0,2024-02-23,2024-05-17,Sold,37.0,Note response knowledge north outside.
LST-3741,PRP-3407,AGT-0008,1107700.0,2022-12-17,2023-02-22,Sold,345.0,Make economic ten toward present task modern.
LST-3742,PRP-0032,AGT-0235,1661600.0,2020-08-23,2020-12-02,Sold,177.0,Wait and organization degree against.
LST-3743,PRP-2644,AGT-0189,1585100.0,2020-02-18,2020-04-23,Sold,96.0,Nation skin set program effort. Expert drive huge later little effort wrong.
LST-3744,PRP-4906,AGT-0020,1774300.0,2020-04-22,2020-07-10,Sold,16.0,Total significant race suggest during. Manager likely defense.
LST-3745,PRP-4009,AGT-0289,1690200.0,2020-10-09,2021-03-15,Sold,313.0,Scientist garden notice voice.
LST-3746,PRP-4135,AGT-0145,2374000.0,2023-09-17,2024-03-08,Active,328.0,Believe experience hospital though throw hospital. Whatever wonder hotel increase room.
LST-3747,PRP-1470,AGT-0037,1556800.0,2022-03-05,2022-05-24,Pending,360.0,Director season color across determine yet.
LST-3748,PRP-4816,AGT-0202,197800.0,2021-06-30,2021-08-11,Sold,138.0,Mouth organization sister past operation somebody trial magazine.
LST-3749,PRP-3103,AGT-0207,685300.0,2022-08-27,2023-02-22,Withdrawn,253.0,Scientist camera month toward population.
LST-3750,PRP-2198,AGT-0229,2622400.0,2023-02-07,2023-03-14,Expired,243.0,Final human where raise one reduce pressure.
LST-3751,PRP-0974,AGT-0018,1158800.0,2021-08-01,2021-11-22,Active,299.0,Anything make condition movie.
LST-3752,PRP-4795,AGT-0078,680600.0,2021-10-24,2022-01-29,Sold,188.0,Worry experience most pretty.
LST-3753,PRP-0828,AGT-0052,2331100.0,2020-02-15,2020-06-15,Sold,75.0,Quickly most do position dinner week all. Group world discuss want.
LST-3754,PRP-1787,AGT-0042,373900.0,2021-04-21,2021-09-16,Sold,228.0,Seek training according recognize thus in. Race she among everybody individual the.
LST-3755,PRP-0608,AGT-0085,2648100.0,2024-02-16,2024-01-17,Sold,87.0,Away southern win nor ever per service never.
LST-3756,PRP-2211,AGT-0217,2125500.0,2022-02-12,2022-03-25,Sold,138.0,Treat more director better purpose power. Vote argue treat suddenly oil impact.
LST-3757,PRP-4643,AGT-0147,425400.0,2023-10-14,2023-12-02,Active,328.0,Next mouth within avoid deep.
LST-3758,PRP-4028,AGT-0109,1026300.0,2020-01-09,2020-05-07,Sold,346.0,Eye draw sea local bag.
LST-3759,PRP-3437,AGT-0270,1981300.0,2023-01-09,2023-03-27,Sold,,Drop break product organization positive.
LST-3760,PRP-4375,AGT-0269,1373300.0,2021-06-27,2021-11-07,Withdrawn,206.0,Good government energy join five green region. Three simply tell police.
LST-3761,PRP-4693,AGT-0271,2707500.0,2024-02-05,2024-04-13,Active,,Shake never stop seek woman.
LST-3762,PRP-4581,AGT-0258,1001400.0,2020-10-18,2021-02-01,Active,144.0,Action break from model.
LST-3763,PRP-2957,AGT-0082,1592900.0,2022-03-27,2022-08-21,Sold,,Prove task recent step.
LST-3764,PRP-3769,AGT-0128,650600.0,2023-12-08,2024-05-06,Withdrawn,128.0,Different contain score move pretty development.
LST-3765,PRP-1526,AGT-0088,586300.0,2023-02-04,2023-04-20,Sold,253.0,Relationship worry any.
LST-3766,PRP-4650,AGT-0148,2017400.0,2023-04-30,2023-06-24,Sold,,Challenge fire break understand especially power actually concern. Mission painting similar amount.
LST-3767,PRP-4915,AGT-0124,593700.0,2024-01-14,2024-04-14,Sold,121.0,At sign head course soon chance open any.
LST-3768,PRP-3276,AGT-0108,1312600.0,2020-04-24,2020-07-20,Sold,61.0,Thus college simple risk actually realize war.
LST-3769,PRP-0781,AGT-0083,529500.0,2023-01-13,2023-02-16,Pending,352.0,Group court commercial property ago guy system.
LST-3770,PRP-0724,AGT-0160,266200.0,2021-04-18,2021-06-26,Expired,278.0,Idea mention hair security seven.
LST-3771,PRP-0865,AGT-0271,1329400.0,2020-07-09,2020-11-21,Sold,271.0,Do itself film big almost.
LST-3772,PRP-4058,AGT-0097,459100.0,2024-01-29,2024-05-14,Sold,212.0,Among into skin song technology. Player for catch hit religious.
LST-3773,PRP-4206,AGT-0020,1461500.0,2020-01-14,2020-07-01,Sold,297.0,Worker wrong remain fight put develop rise suggest.
LST-3774,PRP-0707,AGT-0055,1104000.0,2022-02-12,2022-07-13,Pending,355.0,Simple guy note experience church space strong push.
LST-3775,PRP-2277,AGT-0185,1467200.0,2020-10-30,2021-01-12,Sold,338.0,Mission authority Republican save fear.
LST-3776,PRP-0450,AGT-0016,1708600.0,2021-12-10,2022-01-29,Sold,340.0,Main or partner cause bag institution.
LST-3777,PRP-3559,AGT-0088,2432200.0,2020-07-20,2020-12-17,Pending,309.0,Record hold man available American past green.
LST-3778,PRP-1069,AGT-0189,1183700.0,2022-07-02,2022-10-20,Sold,118.0,She treatment billion around. Oil option old place special.
LST-3779,PRP-4896,AGT-0263,1540900.0,2023-12-02,2024-01-30,Withdrawn,222.0,Official either both long central woman. Risk he child indicate account.
LST-3780,PRP-0916,AGT-0163,2073800.0,2024-01-09,2024-02-20,Sold,21.0,Issue high tree produce toward crime find.
LST-3781,PRP-2990,AGT-0289,739400.0,2023-01-19,2023-06-07,Sold,294.0,Doctor sit those see. More six explain sign once forget.
LST-3782,PRP-2709,AGT-0255,268800.0,2020-02-05,2020-04-15,Sold,215.0,Newspaper start water allow.
LST-3783,PRP-3810,AGT-0013,1847000.0,2023-08-22,2023-12-23,Sold,137.0,Risk century during star decide could for tax.
LST-3784,PRP-4290,AGT-0217,313200.0,2021-11-27,2022-02-26,Sold,117.0,Music think his child.
LST-3785,PRP-1505,AGT-0052,2179500.0,2024-06-03,2024-08-08,Sold,322.0,Close American memory player put hold others amount.
LST-3786,PRP-2683,AGT-0057,494500.0,2024-02-15,2024-05-17,Active,281.0,Small civil service either card offer research.
LST-3787,PRP-3953,AGT-0246,1377300.0,2021-05-23,2021-10-17,Sold,267.0,Rise southern stop majority difference. Skill development various work.
LST-3788,PRP-4483,AGT-0032,2476100.0,2020-01-02,2020-04-22,Sold,121.0,Buy increase mean defense. Them song example analysis.
LST-3789,PRP-2094,AGT-0108,806000.0,2024-04-07,2024-07-30,Withdrawn,27.0,Space statement other result. Imagine ask recently.
LST-3790,PRP-2724,AGT-0071,405400.0,2023-03-29,2023-08-11,Sold,304.0,Student network past part feel top.
LST-3791,PRP-0002,AGT-0178,1407600.0,2022-02-24,2022-05-26,Expired,,Scientist compare dinner garden general. Wonder party world traditional in.
LST-3792,PRP-3624,AGT-0187,469900.0,2020-05-17,2020-08-04,Sold,36.0,Need rise operation hair.
LST-3793,PRP-2607,AGT-0155,785500.0,2021-09-22,2021-12-27,Expired,,Great party accept raise instead night when. Daughter fund husband series difference success.
LST-3794,PRP-2193,AGT-0132,1394300.0,2020-05-05,2020-07-12,Sold,180.0,Single whom sense soldier. Entire smile born huge score we receive.
LST-3795,PRP-1302,AGT-0077,180000.0,2022-09-07,2023-02-01,Active,169.0,Rather land Mrs herself. Home civil computer kind far.
LST-3796,PRP-1194,AGT-0278,1591200.0,2023-05-05,2023-06-16,Sold,298.0,Level six because trade put car avoid.
LST-3797,PRP-0028,AGT-0098,2614400.0,2024-05-03,2024-07-04,Sold,104.0,Manage measure from respond.
LST-3798,PRP-3208,AGT-0258,138500.0,2022-07-29,2022-12-05,Sold,100.0,Suddenly professional chair design.
LST-3799,PRP-0975,AGT-0210,1795600.0,2023-12-26,2024-03-12,Active,18.0,Eye go sense teach effort thousand order.
LST-3800,PRP-1053,AGT-0087,630300.0,2020-03-31,2020-05-08,Sold,104.0,Us area everybody must throw value.
LST-3801,PRP-3298,AGT-0083,511600.0,2020-12-22,2021-02-18,Withdrawn,154.0,Heart where real head military impact well realize. Create official bank before show scientist more.
LST-3802,PRP-2883,AGT-0044,2383500.0,2021-05-02,2021-08-13,Withdrawn,228.0,Window risk worry world north technology surface some. It rule staff federal.
LST-3803,PRP-2459,AGT-0185,252900.0,2022-06-08,2022-08-09,Sold,165.0,Will party remember. When collection hot itself suffer since good.
LST-3804,PRP-2540,AGT-0054,484100.0,2021-09-12,2021-12-28,Pending,,Across ever animal.
LST-3805,PRP-0322,AGT-0246,406100.0,2021-11-12,2022-02-13,Sold,21.0,Executive turn herself right evening wear dinner.
LST-3806,PRP-2387,AGT-0116,2394400.0,2022-02-13,2022-05-31,Sold,102.0,Station fear feeling key around situation top. Activity door specific trip attorney call.
LST-3807,PRP-0746,AGT-0016,1091000.0,2022-01-28,2022-03-21,Sold,217.0,Rich nation better religious like face Mrs. Ten down blood thus feeling indeed.
LST-3808,PRP-0110,AGT-0021,1593500.0,2021-09-05,2021-10-20,Sold,,Big me between trade. Physical design bag surface available car.
LST-3809,PRP-1679,AGT-0100,1615000.0,2024-03-31,2024-05-03,Active,137.0,Girl thus partner impact.
LST-3810,PRP-4200,AGT-0014,296300.0,2022-06-19,2022-08-17,Pending,,Into similar attorney read animal different forget. Face century themselves meet try.
LST-3811,PRP-1862,AGT-0241,1234800.0,2023-02-13,2023-07-18,Sold,,Benefit president team personal forward hear. Key meet court campaign challenge way level.
LST-3812,PRP-0078,AGT-0158,1674400.0,2023-01-19,2023-05-20,Sold,101.0,Require and provide voice authority deep could.
LST-3813,PRP-0691,AGT-0126,675300.0,2022-08-03,2023-01-18,Active,308.0,Scientist second check speech drop impact daughter official. Garden magazine at.
LST-3814,PRP-0866,AGT-0271,393300.0,2020-03-18,2020-08-10,Sold,222.0,Center factor fear economic.
LST-3815,PRP-2711,AGT-0272,1507600.0,2020-11-16,2021-01-08,Sold,249.0,Wonder worker idea piece. Course century she hope decade maybe.
LST-3816,PRP-1139,AGT-0234,1069800.0,2023-12-03,2024-02-05,Withdrawn,154.0,Land soon political. Between wear decision civil treat enter.
LST-3817,PRP-2885,AGT-0172,1486900.0,2024-03-04,2024-06-02,Withdrawn,100.0,Always trade what control voice before. Move receive situation key along play especially.
LST-3818,PRP-4312,AGT-0164,2266700.0,2021-12-04,2022-02-04,Active,264.0,Easy run guy especially action player truth.
LST-3819,PRP-4866,AGT-0263,2298000.0,2023-04-03,2023-06-30,Sold,218.0,Difficult discussion protect any senior own.
LST-3820,PRP-4511,AGT-0300,2109600.0,2021-06-09,2021-10-07,Sold,,Science respond three month perhaps central message teacher.
LST-3821,PRP-4402,AGT-0086,2024900.0,2023-06-05,2023-07-25,Expired,301.0,Always group agency.
LST-3822,PRP-3544,AGT-0265,1013400.0,2023-02-15,2023-04-01,Active,93.0,Party may staff quality set player. Her indicate democratic chance itself.
LST-3823,PRP-4690,AGT-0167,233800.0,2021-08-18,2022-02-03,Sold,140.0,Most when none here. Line result about law.
LST-3824,PRP-3932,AGT-0199,2651000.0,2022-10-25,2023-03-22,Expired,27.0,Who technology join run each.
LST-3825,PRP-4270,AGT-0091,851600.0,2023-11-19,2024-04-08,Expired,203.0,Detail it surface security effect.
LST-3826,PRP-2384,AGT-0072,227100.0,2021-11-30,2022-04-09,Active,,Husband million development step.
LST-3827,PRP-4700,AGT-0122,2480900.0,2022-05-16,2022-07-20,Sold,56.0,Rest government adult night commercial dream. Too bit movie possible affect ask wide.
LST-3828,PRP-4783,AGT-0174,1013000.0,2022-07-18,2022-12-05,Sold,140.0,Yard smile character star.
LST-3829,PRP-3917,AGT-0111,218100.0,2022-02-26,2022-05-16,Sold,,Book never sing when relationship go chance. Exactly process moment course.
LST-3830,PRP-2715,AGT-0165,2265400.0,2021-07-11,2021-12-30,Pending,36.0,Remember just Republican firm forget artist structure. Model shoulder upon fine.
LST-3831,PRP-4864,AGT-0262,2391700.0,2022-05-22,2022-06-30,Sold,69.0,Beautiful contain age thus. Dog ground marriage fish yet late probably.
LST-3832,PRP-2194,AGT-0248,374200.0,2021-09-07,2022-02-18,Expired,343.0,Travel then past help capital less add. Bag consumer focus I she.
LST-3833,PRP-2533,AGT-0265,1269700.0,2020-04-27,2020-09-30,Sold,,Six audience organization the data sister those. Include during space analysis character brother.
LST-3834,PRP-2977,AGT-0094,1946900.0,2022-05-29,2022-09-25,Active,186.0,Mother artist yourself hot cost.
LST-3835,PRP-2461,AGT-0103,1270900.0,2021-11-04,2022-04-05,Sold,317.0,President into single significant quality. Machine land drop his yard.
LST-3836,PRP-4028,AGT-0062,2971900.0,2021-10-03,2022-01-27,Sold,206.0,Personal there side Mrs.
LST-3837,PRP-3621,AGT-0017,464500.0,2020-04-11,2020-06-29,Sold,263.0,School idea last full despite get. Study leave new explain state opportunity.
LST-3838,PRP-1766,AGT-0022,367800.0,2021-02-25,2021-03-28,Sold,312.0,Forward share son successful media throw.
LST-3839,PRP-0086,AGT-0218,795700.0,2022-01-20,2022-03-07,Expired,132.0,Traditional guy traditional political American growth on. How TV east.
LST-3840,PRP-0209,AGT-0043,1663600.0,2023-03-04,2023-08-09,Withdrawn,,Possible stage pay break every nice.
LST-3841,PRP-1904,AGT-0041,1217800.0,2021-10-21,2022-01-25,Withdrawn,,Speak pay never customer thus so. Chance no defense site mouth almost.
LST-3842,PRP-1277,AGT-0226,2857700.0,2020-04-21,2020-10-13,Pending,85.0,Happy never language enough television but.
LST-3843,PRP-3406,AGT-0282,1034800.0,2021-02-20,2021-03-24,Sold,112.0,Safe stop top seem end.
LST-3844,PRP-4801,AGT-0075,2068600.0,2020-04-22,2020-06-30,Sold,309.0,Around realize network economy easy charge. Return risk two half song.
LST-3845,PRP-1574,AGT-0019,1875700.0,2024-03-18,2024-04-28,Active,25.0,Energy sign both reality everything growth many. Ten eight be detail go although.
LST-3846,PRP-0025,AGT-0239,1761500.0,2023-07-20,2024-01-11,Withdrawn,,Dream teach what fire top. Religious staff simple chair some control.
LST-3847,PRP-0854,AGT-0151,2220600.0,2023-12-31,2024-04-29,Sold,270.0,Color size Mrs number home challenge. Hotel and bed no kid somebody.
LST-3848,PRP-1384,AGT-0080,1721200.0,2021-03-07,2021-08-05,Active,155.0,Act goal open. Once ever our house ask protect explain.
LST-3849,PRP-1124,AGT-0107,1826100.0,2024-04-07,2024-07-15,Sold,46.0,Candidate accept imagine night economic.
LST-3850,PRP-1160,AGT-0235,1778400.0,2022-01-24,2022-01-17,Pending,339.0,Or meeting top small especially too site.
LST-3851,PRP-1895,AGT-0096,1518100.0,2022-05-19,2022-08-09,Active,135.0,Goal human less message attack fall itself.
LST-3852,PRP-0604,AGT-0284,1067100.0,2021-05-05,2021-10-01,Sold,356.0,Use far goal opportunity character natural generation seek.
LST-3853,PRP-4152,AGT-0286,752800.0,2020-05-25,2020-09-04,Pending,240.0,Itself where product.
LST-3854,PRP-0553,AGT-0032,1934900.0,2020-06-12,2020-08-23,Active,,Discussion idea little billion company.
LST-3855,PRP-3287,AGT-0271,2099900.0,2020-08-07,2021-01-17,Expired,33.0,Why answer writer teacher. Affect some mission effect.
LST-3856,PRP-2874,AGT-0179,1605900.0,2021-03-12,2021-07-11,Active,318.0,Few market example radio. Continue some Congress himself close half.
LST-3857,PRP-0236,AGT-0158,1842000.0,2021-01-19,2021-03-08,Sold,77.0,Reality tough tough.
LST-3858,PRP-0379,AGT-0246,1907700.0,2023-11-03,2024-04-24,Sold,324.0,Whatever doctor manager may. Foot range visit however.
LST-3859,PRP-1573,AGT-0080,133300.0,2024-04-30,2024-06-09,Expired,69.0,American method six voice military.
LST-3860,PRP-1872,AGT-0266,149400.0,2022-04-17,2022-08-29,Sold,,Former live country customer. Outside left campaign describe who serve.
LST-3861,PRP-0752,AGT-0228,1971400.0,2023-09-26,2024-01-04,Active,316.0,Happen decade fill beautiful window approach. Group life exactly peace hold western about.
LST-3862,PRP-3458,AGT-0139,2055200.0,2023-02-28,2023-08-14,Sold,286.0,Allow beautiful join all.
LST-3863,PRP-3755,AGT-0016,2235400.0,2021-06-14,2021-08-21,Active,251.0,Central here animal scene deal in. Interest try lot listen American.
LST-3864,PRP-2482,AGT-0281,1226000.0,2022-11-08,2023-01-02,Sold,18.0,Whole anyone beat analysis forget both. Majority lead she data.
LST-3865,PRP-2224,AGT-0235,207900.0,2024-06-28,2024-08-30,Withdrawn,257.0,Century within PM president wind technology quite. Network involve guess relationship smile candidate.
LST-3866,PRP-1126,AGT-0192,608200.0,2020-06-28,2020-09-18,Sold,352.0,Movie public respond almost for. Head success different above in.
LST-3867,PRP-3319,AGT-0242,1787300.0,2020-04-23,2020-08-03,Active,7.0,Develop family baby then keep product. Or site her explain.
LST-3868,PRP-1190,AGT-0113,1284000.0,2021-03-21,2021-09-08,Active,101.0,Spring star box discover.
LST-3869,PRP-3835,AGT-0014,933000.0,2020-06-11,2020-09-28,Sold,350.0,Hospital this try me pull me section.
LST-3870,PRP-3304,AGT-0021,2861200.0,2022-12-17,2023-05-30,Active,43.0,Century miss so brother cell ask save. Close production day close election box toward.
LST-3871,PRP-4880,AGT-0150,2875000.0,2023-04-25,2023-07-25,Sold,55.0,Red successful network. Board serious test foreign lawyer magazine.
LST-3872,PRP-2850,AGT-0011,2175600.0,2021-07-28,2021-09-25,Active,292.0,Beat peace force market despite.
LST-3873,PRP-3890,AGT-0210,2470500.0,2021-08-30,2021-11-24,Expired,283.0,Own carry cup treat important walk.
LST-3874,PRP-3589,AGT-0296,2249800.0,2024-02-23,2024-05-10,Expired,322.0,Decide easy buy there lose join national near.
LST-3875,PRP-3874,AGT-0236,2136700.0,2024-01-27,2024-03-30,Active,14.0,Work camera defense partner area any government. Dog occur too authority.
LST-3876,PRP-4069,AGT-0064,184400.0,2023-12-03,2024-02-11,Sold,142.0,Space industry least low if cell.
LST-3877,PRP-3903,AGT-0257,692600.0,2023-12-09,2024-03-20,Sold,304.0,Member rich security material. Spend much manage.
LST-3878,PRP-0360,AGT-0254,785100.0,2020-04-08,2020-07-11,Sold,255.0,Attack high majority budget hair possible language.
LST-3879,PRP-2677,AGT-0208,2511900.0,2023-06-29,2023-10-02,Sold,13.0,That little across though consumer according voice.
LST-3880,PRP-2035,AGT-0156,1511000.0,2022-09-25,2023-01-05,Expired,99.0,Town body control dream well wonder full. After sure worker challenge begin special thousand.
LST-3881,PRP-2068,AGT-0195,1131900.0,2021-06-14,2021-12-04,Active,149.0,Western much inside baby hope look.
LST-3882,PRP-1393,AGT-0035,2304800.0,2024-05-17,2024-10-31,Sold,200.0,Decade side side land.
LST-3883,PRP-4116,AGT-0122,2353400.0,2022-03-07,2022-06-09,Sold,76.0,Rock full right American throughout particular relationship spend. Top simply people anything.
LST-3884,PRP-1387,AGT-0103,2184600.0,2022-02-23,2022-05-28,Expired,105.0,Rich social large become.
LST-3885,PRP-2518,AGT-0033,2155300.0,2020-08-14,2021-02-01,Sold,192.0,Consider industry practice huge. Break yet model ready professional address day.
LST-3886,PRP-3612,AGT-0158,2203000.0,2023-10-13,2024-01-25,Expired,327.0,Others newspaper power add range. Fly lot boy degree foreign.
LST-3887,PRP-0588,AGT-0126,938300.0,2020-11-08,2021-01-19,Withdrawn,,A difficult upon avoid worry peace necessary. Piece catch audience wish rock detail behavior.
LST-3888,PRP-0521,AGT-0235,2120300.0,2022-08-22,2022-10-21,Withdrawn,127.0,Place myself science.
LST-3889,PRP-0854,AGT-0139,665200.0,2020-11-16,2021-03-31,Active,299.0,Day same red other early show. No senior future option ever stand.
LST-3890,PRP-3823,AGT-0077,602600.0,2022-10-04,2023-02-04,Sold,329.0,Mrs movie protect receive move economic build. Choose cut oil reason car prepare American.
LST-3891,PRP-2170,AGT-0167,2201800.0,2024-01-16,2024-04-11,Sold,164.0,Western to raise view reach choice its space. Also detail who late official rather.
LST-3892,PRP-2767,AGT-0235,1764300.0,2021-12-22,2022-03-17,Sold,48.0,May begin truth full reflect special current. Case fast former local.
LST-3893,PRP-2722,AGT-0290,410000.0,2021-12-12,2022-03-02,Sold,361.0,Star eight surface. But in suddenly now although.
LST-3894,PRP-0062,AGT-0082,394300.0,2022-04-08,2022-09-10,Pending,88.0,Recently clearly community cold guess stop television. Threat evening fall material.
LST-3895,PRP-2881,AGT-0104,342200.0,2021-07-16,2021-12-16,Sold,263.0,Continue challenge list amount begin strategy foot.
LST-3896,PRP-0820,AGT-0128,1193600.0,2020-06-28,2020-08-09,Sold,157.0,The race current. Interest between allow recognize billion job majority.
LST-3897,PRP-1786,AGT-0268,2044200.0,2023-04-27,2023-08-17,Sold,,Religious above hold.
LST-3898,PRP-1769,AGT-0137,2286400.0,2023-11-27,2024-04-28,Active,77.0,Reach lot best let. Industry build set any fly decide decade page.
LST-3899,PRP-3463,AGT-0264,2022000.0,2023-10-09,2024-03-31,Sold,331.0,Why line face.
LST-3900,PRP-4400,AGT-0279,316000.0,2020-09-02,2021-02-21,Sold,79.0,Customer hospital ten police who. Set national fill west boy together drop.
LST-3901,PRP-4050,AGT-0091,1725400.0,2021-08-16,2021-10-27,Active,176.0,Site change our resource. Cultural local much per from here pass.
LST-3902,PRP-4829,AGT-0224,1036600.0,2022-11-24,2023-03-08,Active,,Hard Congress green effect high. Sit summer service maybe contain dog.
LST-3903,PRP-2176,AGT-0050,1428500.0,2023-04-09,2023-07-29,Sold,327.0,Low especially phone so. More baby chair pull item.
LST-3904,PRP-0687,AGT-0259,783400.0,2023-03-30,2023-05-07,Sold,222.0,Economy technology inside debate next.
LST-3905,PRP-0344,AGT-0051,219300.0,2024-02-09,2024-06-12,Pending,,House expert own yourself. Make on both point.
LST-3906,PRP-2937,AGT-0215,1735800.0,2021-08-24,2022-01-02,Withdrawn,,Air dark attention trade.
LST-3907,PRP-2721,AGT-0094,2006000.0,2020-12-01,2021-04-06,Pending,124.0,Early laugh rich.
LST-3908,PRP-0266,AGT-0109,2839100.0,2021-01-05,2021-05-31,Sold,24.0,Become back describe finally discussion involve.
LST-3909,PRP-3553,AGT-0036,1044200.0,2021-10-10,2022-04-03,Expired,210.0,Responsibility son couple this. Draw generation apply away sit strong child.
LST-3910,PRP-4810,AGT-0125,1983300.0,2023-12-23,2024-06-20,Withdrawn,,Whom public may form spring sing like. Race school a direction threat right evening.
LST-3911,PRP-4367,AGT-0248,330900.0,2021-03-27,2021-05-16,Sold,191.0,Woman ever win add.
LST-3912,PRP-2714,AGT-0050,1977600.0,2021-06-12,2021-11-01,Sold,344.0,Environmental letter social. Company trade improve after want.
LST-3913,PRP-2394,AGT-0280,1558200.0,2024-01-20,2024-01-02,Sold,166.0,Where reality from poor. Happy road cup pattern artist learn certain travel.
LST-3914,PRP-4563,AGT-0248,1520400.0,2020-12-21,2021-04-10,Withdrawn,120.0,Quality financial police such role image. Property TV draw cover person peace.
LST-3915,PRP-3075,AGT-0170,1438900.0,2024-04-06,2024-06-25,Sold,328.0,Director lay conference cut partner.
LST-3916,PRP-0795,AGT-0092,2876900.0,2021-10-18,2022-03-17,Sold,256.0,Type technology character under tonight something democratic.
LST-3917,PRP-3597,AGT-0223,1925400.0,2023-08-07,2023-12-14,Expired,293.0,Nation popular affect visit always.
LST-3918,PRP-3035,AGT-0224,808900.0,2020-05-19,2020-06-24,Expired,201.0,Size act hit.
LST-3919,PRP-4114,AGT-0115,326600.0,2023-02-26,2023-04-29,Sold,108.0,Individual onto whom official college pattern enough.
LST-3920,PRP-4633,AGT-0084,1477200.0,2024-02-16,2024-06-18,Sold,,Recently nearly matter show hope apply war black. Theory environment conference how case rock himself.
LST-3921,PRP-0719,AGT-0290,537100.0,2021-05-26,2021-07-10,Sold,141.0,Billion dark head help range black response whatever.
LST-3922,PRP-1134,AGT-0286,2976200.0,2022-07-31,2022-12-12,Withdrawn,239.0,Rather national notice everyone collection yourself.
LST-3923,PRP-0229,AGT-0063,452400.0,2021-12-01,2021-11-18,Pending,238.0,Short no edge someone once system. Democrat leg board might road.
LST-3924,PRP-2894,AGT-0167,2376000.0,2021-01-14,2021-04-19,Expired,90.0,Security son TV travel end street.
LST-3925,PRP-0025,AGT-0123,958200.0,2023-12-20,2024-04-07,Withdrawn,76.0,Tax when despite party politics or.
LST-3926,PRP-2600,AGT-0091,490400.0,2024-03-28,2024-05-21,Expired,129.0,Deep less realize. Add water prevent be.
LST-3927,PRP-1420,AGT-0139,732200.0,2020-01-09,2020-03-22,Expired,250.0,Throughout cultural manage local today. Contain serious source all.
LST-3928,PRP-4098,AGT-0203,505700.0,2024-05-12,2024-08-15,Sold,289.0,Five future good gun family night. Prevent war stand.
LST-3929,PRP-0805,AGT-0068,673100.0,2022-11-14,2023-04-23,Active,220.0,Mrs letter actually where measure.
LST-3930,PRP-3341,AGT-0077,2030300.0,2022-07-19,2022-12-23,Active,121.0,Nature choice office music affect paper kid.
LST-3931,PRP-3092,AGT-0154,1670100.0,2021-03-10,2021-02-24,Expired,268.0,Somebody draw should product little them consumer not. Recent discussion week fund whatever.
LST-3932,PRP-0868,AGT-0238,597700.0,2020-11-17,2021-02-05,Active,83.0,Father worker attention. Mother own both.
LST-3933,PRP-0026,AGT-0120,2418800.0,2021-11-01,2022-04-19,Sold,238.0,Until church dark agency public hit travel. History town true.
LST-3934,PRP-2691,AGT-0268,905200.0,2021-01-15,2021-05-30,Expired,169.0,Long hear everything consider face big send.
LST-3935,PRP-3091,AGT-0253,1922500.0,2022-09-24,2023-03-23,Sold,245.0,Specific personal not general.
LST-3936,PRP-0218,AGT-0008,167600.0,2024-03-15,2024-09-06,Sold,278.0,Total heavy friend ago. Relationship however laugh threat three score sit.
LST-3937,PRP-3643,AGT-0074,463100.0,2022-07-20,2022-11-13,Sold,168.0,Mind night system reality thought participant. Two third however environment table girl meet.
LST-3938,PRP-3593,AGT-0097,2212100.0,2020-05-28,2020-07-24,Withdrawn,45.0,Quality reality cultural church nature.
LST-3939,PRP-1818,AGT-0171,146400.0,2024-03-15,2024-05-28,Sold,112.0,Receive wide back light. Large argue finish game.
LST-3940,PRP-2786,AGT-0147,2281300.0,2022-05-12,2022-08-20,Expired,111.0,Then upon wear then early. Beat big soon establish bed cover lead.
LST-3941,PRP-0935,AGT-0244,1684800.0,2022-05-21,2022-08-18,Sold,341.0,Teacher go toward question.
LST-3942,PRP-0720,AGT-0178,470700.0,2023-03-08,2023-08-18,Expired,121.0,System yourself quickly save.
LST-3943,PRP-2392,AGT-0180,1879200.0,2024-05-25,2024-08-24,Sold,,Election west difficult make success. Candidate alone economic anything.
LST-3944,PRP-1609,AGT-0171,742400.0,2022-01-20,2022-05-01,Sold,195.0,High which claim force with season one. Statement close movement deep second writer.
LST-3945,PRP-0313,AGT-0101,561300.0,2020-03-31,2020-09-23,Expired,55.0,House example suggest section else pattern itself. Individual him relationship poor.
LST-3946,PRP-2023,AGT-0044,1006500.0,2022-11-29,2023-05-13,Active,185.0,International training everything nice air security growth action. Edge suddenly involve else in.
LST-3947,PRP-2964,AGT-0280,2396200.0,2022-07-26,2022-10-01,Sold,170.0,Again prevent ability fear laugh people. Important drive different left method ready air.
LST-3948,PRP-1945,AGT-0276,2309300.0,2023-04-15,2023-08-16,Sold,,Evening upon truth. Public director including color trouble pull.
LST-3949,PRP-2444,AGT-0271,1400600.0,2023-06-13,2023-09-26,Pending,7.0,Add itself land enough.
LST-3950,PRP-3258,AGT-0216,67300.0,2021-05-07,2021-09-15,Active,271.0,Attention up interview.
LST-3951,PRP-1448,AGT-0095,1814700.0,2022-05-22,2022-06-26,Sold,171.0,Instead something record type majority many relate. Tell spend process six budget expert management.
LST-3952,PRP-4126,AGT-0154,2859000.0,2022-10-08,2023-03-04,Active,87.0,Truth long author create claim movement. Fall national later hair street.
LST-3953,PRP-3347,AGT-0038,1268200.0,2024-05-19,2024-11-10,Pending,148.0,Middle author likely nation manager real. Should themselves arm far name serious throw.
LST-3954,PRP-4556,AGT-0266,1822600.0,2024-06-07,2024-08-10,Sold,180.0,Consider physical kind ready.
LST-3955,PRP-1308,AGT-0017,195400.0,2021-03-25,2021-06-22,Active,328.0,Imagine bit someone south worker back. Star crime education child force crime.
LST-3956,PRP-0364,AGT-0118,1716700.0,2021-12-25,2022-06-15,Sold,336.0,Maintain according special fund.
LST-3957,PRP-4699,AGT-0159,1569600.0,2022-10-23,2023-04-10,Active,226.0,Decade admit value establish himself class central. Production chance open east reflect.
LST-3958,PRP-4063,AGT-0143,174800.0,2020-09-23,2020-12-05,Withdrawn,185.0,Music nearly career campaign central. Meeting north chance civil property wait eat.
LST-3959,PRP-4018,AGT-0151,453900.0,2020-03-07,2020-06-17,Pending,1.0,Bank son church worker thus expect assume herself.
LST-3960,PRP-1531,AGT-0100,266600.0,2022-03-11,2022-05-07,Sold,331.0,Him prevent look someone. Wide perform next spring eight heart.
LST-3961,PRP-3696,AGT-0246,2482200.0,2020-08-07,2020-11-12,Expired,111.0,Although miss lose strategy.
LST-3962,PRP-2106,AGT-0284,793300.0,2021-06-13,2021-12-06,Active,125.0,Feel TV light conference force rest eat.
LST-3963,PRP-2302,AGT-0133,2180800.0,2024-04-16,2024-10-12,Sold,22.0,Remain protect window cover attention. Cost before recent water area note.
LST-3964,PRP-4984,AGT-0075,499300.0,2020-01-13,2020-06-27,Sold,138.0,Clearly treatment above discussion feel lot. Budget safe draw.
LST-3965,PRP-0600,AGT-0042,1465200.0,2024-02-24,2024-07-12,Active,58.0,Church project turn site everybody sometimes.
LST-3966,PRP-0679,AGT-0157,1230000.0,2023-03-09,2023-04-26,Sold,348.0,Yes now poor at different own stand push.
LST-3967,PRP-4608,AGT-0122,1274600.0,2023-09-16,2023-10-23,Sold,234.0,Wear dream safe discover machine question. Another set that movement.
LST-3968,PRP-2890,AGT-0267,2035700.0,2022-02-15,2022-04-12,Sold,85.0,Another minute figure go also.
LST-3969,PRP-3870,AGT-0065,2189100.0,2022-11-15,2023-01-02,Expired,65.0,During much go small beyond political partner. Good analysis free PM four painting.
LST-3970,PRP-3529,AGT-0093,191600.0,2022-01-04,2022-05-30,Sold,240.0,Model itself strong our up heart goal. Degree eye number pay half individual there.
LST-3971,PRP-4725,AGT-0025,407400.0,2024-02-07,2024-07-16,Sold,169.0,Community discuss must reveal price program alone.
LST-3972,PRP-3486,AGT-0126,1752000.0,2023-07-08,2023-11-14,Sold,176.0,Including happy usually style memory question traditional.
LST-3973,PRP-2290,AGT-0198,1754100.0,2022-10-23,2023-04-01,Pending,215.0,Cup section you exactly stop moment a.
LST-3974,PRP-3895,AGT-0204,2051500.0,2023-02-12,2023-05-22,Pending,295.0,College small nice score. Subject style rise world simple reflect.
LST-3975,PRP-1270,AGT-0049,961100.0,2020-02-20,2020-04-02,Sold,272.0,Show everything control which art project short.
LST-3976,PRP-1453,AGT-0021,226400.0,2021-04-18,2021-06-15,Expired,116.0,Mention tend trade although. Today send figure technology Mrs compare range.
LST-3977,PRP-2700,AGT-0155,1049800.0,2023-11-09,2024-04-08,Active,,Cell two prepare office until.
LST-3978,PRP-4564,AGT-0094,2059500.0,2020-02-14,2020-07-25,Expired,,Guy reason loss pay however challenge music.
LST-3979,PRP-3600,AGT-0153,363800.0,2021-04-21,2021-08-19,Sold,314.0,Race recognize training until opportunity human go. Choose behavior recognize person inside.
LST-3980,PRP-1037,AGT-0217,1482600.0,2021-01-02,2021-03-26,Sold,162.0,Memory better pick. Bar than not student sea read director support.
LST-3981,PRP-2818,AGT-0117,945700.0,2022-04-03,2022-08-22,Withdrawn,15.0,Explain join page game remain view represent. Yourself democratic collection decide newspaper candidate likely.
LST-3982,PRP-2574,AGT-0288,1275100.0,2022-02-08,2022-07-15,Sold,131.0,Trial south event early present keep step. Subject material manager heavy for blue occur already.
LST-3983,PRP-1915,AGT-0227,1624800.0,2022-07-23,2022-11-16,Pending,156.0,Nation happen card attorney peace find. White entire arrive civil because.
LST-3984,PRP-2939,AGT-0242,1693800.0,2023-12-10,2024-03-22,Sold,46.0,Service modern before again particularly. Make however scientist.
LST-3985,PRP-4261,AGT-0258,1600200.0,2023-12-11,2024-06-05,Active,,Individual artist hit near scientist property.
LST-3986,PRP-1769,AGT-0061,636500.0,2020-12-01,2021-04-28,Active,53.0,Eat particularly in through thousand shake least. Necessary even woman.
LST-3987,PRP-3604,AGT-0199,912000.0,2020-01-24,2020-03-19,Withdrawn,139.0,These career project window require worker mean.
LST-3988,PRP-2670,AGT-0036,1848500.0,2024-05-26,2024-07-27,Sold,329.0,Source reason red claim its very.
LST-3989,PRP-0294,AGT-0262,434800.0,2023-06-14,2023-08-10,Active,119.0,Single not degree since brother walk upon. Or avoid person.
LST-3990,PRP-3460,AGT-0078,303600.0,2023-05-27,2023-11-22,Active,281.0,Stock star myself their anything.
LST-3991,PRP-4710,AGT-0263,1973900.0,2021-06-26,2021-12-17,Active,,Perhaps before future stand sister argue.
LST-3992,PRP-2134,AGT-0029,1156600.0,2023-09-18,2024-02-23,Sold,348.0,How question full no ask during become. Evening sound economic.
LST-3993,PRP-1139,AGT-0237,2258500.0,2022-11-04,2022-10-31,Withdrawn,280.0,Foreign because tend behavior south meet.
LST-3994,PRP-1574,AGT-0255,2013200.0,2024-03-28,2024-08-24,Sold,194.0,Table produce my which.
LST-3995,PRP-1165,AGT-0111,2187500.0,2023-05-11,2023-06-28,Expired,330.0,Movie once fight outside from they staff government.
LST-3996,PRP-0112,AGT-0051,980400.0,2024-01-24,2024-06-09,Active,192.0,Operation person leave second near mean production.
LST-3997,PRP-2762,AGT-0231,1278600.0,2021-08-14,2021-09-22,Sold,248.0,Fight even must perform bed owner.
LST-3998,PRP-0792,AGT-0291,2021200.0,2022-06-29,2022-10-04,Sold,265.0,Happen program first senior service paper. All environment view once.
LST-3999,PRP-4287,AGT-0033,2260600.0,2021-03-11,2021-05-12,Sold,329.0,Offer popular edge star situation artist. Head quite short past to born.
LST-4000,PRP-0998,AGT-0011,1767500.0,2021-03-04,2021-07-31,Sold,298.0,Mrs share direction scene. Prove always mouth buy to.
LST-4001,PRP-1832,AGT-0125,2671200.0,2024-04-20,2024-07-29,Sold,87.0,Know myself wind sister college here risk.
LST-4002,PRP-2250,AGT-0258,139300.0,2024-03-20,2024-08-20,Expired,38.0,Everyone today machine turn dinner environmental. Risk reduce him choice no very since or.
LST-4003,PRP-2377,AGT-0284,1954100.0,2022-06-07,2022-07-07,Sold,129.0,Present manage interest.
LST-4004,PRP-4024,AGT-0203,304800.0,2022-10-18,2023-04-08,Sold,,Never hospital dog information finish. Finish system total small season listen weight affect.
LST-4005,PRP-0422,AGT-0155,359700.0,2023-07-01,2023-12-20,Active,230.0,If every spring. Summer produce central realize.
LST-4006,PRP-4682,AGT-0286,1714900.0,2020-06-12,2020-08-05,Sold,261.0,Share training would forward strong.
LST-4007,PRP-3860,AGT-0032,1863500.0,2020-06-01,2020-10-16,Active,188.0,Clear series a. Wrong about election owner step natural.
LST-4008,PRP-3427,AGT-0215,2380400.0,2021-08-22,2022-02-18,Active,274.0,Anything a produce run vote system.
LST-4009,PRP-4028,AGT-0137,1501100.0,2022-12-26,2023-02-16,Sold,222.0,Down improve note trade risk. Really class significant fear not.
LST-4010,PRP-0064,AGT-0232,862000.0,2020-04-29,2020-04-04,Active,270.0,Statement decide despite should federal amount art.
LST-4011,PRP-4180,AGT-0150,302800.0,2022-06-30,2022-08-17,Active,339.0,Down standard professional cold mother space.
LST-4012,PRP-2315,AGT-0047,1230200.0,2022-06-06,2022-11-29,Sold,337.0,Sign everyone church southern they people. Piece trial standard wall approach security you energy.
LST-4013,PRP-3601,AGT-0052,496000.0,2023-11-17,2024-01-11,Sold,11.0,Care tonight if. Bank travel ball camera benefit deep accept city.
LST-4014,PRP-2811,AGT-0131,946200.0,2021-06-12,2021-10-21,Active,150.0,Run himself hit million reason. Medical blue land gas finally.
LST-4015,PRP-1309,AGT-0103,132100.0,2022-05-21,2022-08-01,Withdrawn,156.0,Minute common some born tree yet billion international.
LST-4016,PRP-4265,AGT-0099,1477800.0,2024-02-09,2024-04-05,Sold,,Media late agreement election responsibility international spring. Season more read reason become majority executive.
LST-4017,PRP-2967,AGT-0251,1958100.0,2020-08-09,2021-01-28,Sold,284.0,Clear high hard forget bar. Represent child same tell test space.
LST-4018,PRP-0535,AGT-0048,1944100.0,2021-02-22,2021-03-26,Active,211.0,According sometimes natural body personal body tell. Value city purpose store chance goal.
LST-4019,PRP-4366,AGT-0144,1208700.0,2022-03-18,2022-04-26,Sold,75.0,Trial product face cultural little system.
LST-4020,PRP-4850,AGT-0123,566900.0,2024-06-27,2024-11-10,Sold,268.0,Region rule key accept along party provide.
LST-4021,PRP-4978,AGT-0118,1572900.0,2020-10-17,2021-02-05,Active,202.0,Far fund work because of.
LST-4022,PRP-1022,AGT-0077,1267100.0,2023-07-13,2023-12-01,Sold,57.0,Improve machine responsibility not nature well through.
LST-4023,PRP-0552,AGT-0231,1301300.0,2020-11-06,2021-01-30,Active,,Else success traditional here change. Certain meeting face toward again simply defense.
LST-4024,PRP-1046,AGT-0119,1069800.0,2022-09-09,2022-10-19,Expired,310.0,Dog peace center instead.
LST-4025,PRP-3724,AGT-0267,1084800.0,2020-11-24,2020-12-25,Expired,43.0,Small certain eight bed. Raise meeting summer central future center home.
LST-4026,PRP-3120,AGT-0002,1854600.0,2023-11-18,2024-03-12,Expired,,Month all news investment. Maintain paper institution others site.
LST-4027,PRP-4084,AGT-0288,1237300.0,2020-10-18,2021-01-17,Sold,297.0,Article job though model run. Night night skin specific task degree.
LST-4028,PRP-4874,AGT-0160,705400.0,2024-01-14,2024-03-22,Sold,141.0,Wish morning everything over.
LST-4029,PRP-4566,AGT-0176,1071800.0,2020-08-13,2020-10-26,Sold,302.0,Culture investment treatment truth. Memory why have.
LST-4030,PRP-3203,AGT-0149,406900.0,2022-12-25,2023-03-02,Sold,78.0,Decide rich hour color.
LST-4031,PRP-1699,AGT-0137,1091400.0,2021-09-05,2022-01-02,Expired,240.0,Will different occur authority model could follow.
LST-4032,PRP-1439,AGT-0279,1277700.0,2024-05-08,2024-07-15,Active,174.0,Road certainly ten stuff material read.
LST-4033,PRP-1345,AGT-0260,1864300.0,2020-06-10,2020-07-11,Active,71.0,Daughter nothing watch put entire.
LST-4034,PRP-3236,AGT-0135,2358100.0,2024-06-04,2024-08-19,Active,148.0,Large character theory property half. Both military garden.
LST-4035,PRP-3972,AGT-0070,1204100.0,2023-06-07,2023-11-22,Sold,,Have hand color hair I. No only lawyer war.
LST-4036,PRP-4065,AGT-0103,1989000.0,2021-08-09,2022-01-06,Sold,,Task fish morning point.
LST-4037,PRP-1909,AGT-0070,2493200.0,2023-11-25,2024-03-11,Withdrawn,,Half community among level. Draw say threat room son.
LST-4038,PRP-0967,AGT-0162,2785300.0,2024-02-10,2024-05-25,Active,92.0,First him white build cut pay.
LST-4039,PRP-4618,AGT-0061,1161400.0,2020-03-27,2020-07-22,Expired,56.0,Former reveal player enough.
LST-4040,PRP-3480,AGT-0280,764900.0,2022-02-24,2022-06-30,Sold,239.0,Fund image some exist.
LST-4041,PRP-3472,AGT-0216,2568000.0,2024-05-27,2024-08-02,Active,,Throughout reason require positive professor between ok. Budget could yard tell society room.
LST-4042,PRP-4988,AGT-0112,1025400.0,2022-06-20,2022-07-30,Sold,331.0,Imagine simple rate book.
LST-4043,PRP-4961,AGT-0107,2899900.0,2023-08-15,2023-09-23,Sold,276.0,Collection including act pressure part method. Form sea and theory take window.
LST-4044,PRP-3461,AGT-0097,2142800.0,2021-02-05,2021-03-12,Sold,192.0,World everyone suddenly certain world. Find pick area manager process knowledge step.
LST-4045,PRP-2188,AGT-0135,1426100.0,2022-11-10,2023-04-25,Sold,195.0,Present argue avoid provide attention. Act however question garden.
LST-4046,PRP-2999,AGT-0093,2426400.0,2020-03-02,2020-08-17,Active,65.0,Quite memory require type season himself student some. Reveal avoid thousand different.
LST-4047,PRP-4692,AGT-0205,2180500.0,2020-11-30,2021-01-16,Sold,349.0,Food our ago.
LST-4048,PRP-3879,AGT-0025,938700.0,2021-12-18,2022-03-15,Sold,189.0,Commercial play three improve. Guess throw support serve attention.
LST-4049,PRP-2559,AGT-0107,702200.0,2022-01-22,2022-01-09,Pending,264.0,Team sure military card arm social. Modern decision street person trip religious produce.
LST-4050,PRP-0486,AGT-0297,1834300.0,2023-10-26,2024-01-29,Withdrawn,236.0,Rest them outside really people cup three.
LST-4051,PRP-2093,AGT-0263,2529900.0,2022-11-17,2023-05-07,Expired,99.0,His energy minute including stand. Class success foot senior military.
LST-4052,PRP-0491,AGT-0154,2296700.0,2022-08-05,2022-10-31,Withdrawn,142.0,Most describe usually ready eye hotel.
LST-4053,PRP-1485,AGT-0219,242000.0,2023-01-26,2023-07-19,Sold,182.0,Offer sing boy government.
LST-4054,PRP-4433,AGT-0169,401600.0,2024-01-21,2024-06-14,Active,44.0,Rule something thing she forget four speak.
LST-4055,PRP-0259,AGT-0070,2732500.0,2023-08-03,2023-12-28,Sold,41.0,Form head international modern. Cold pull big machine.
LST-4056,PRP-1937,AGT-0285,1713700.0,2021-10-15,2022-01-24,Expired,156.0,Market reveal country away computer sort.
LST-4057,PRP-2905,AGT-0029,1737800.0,2022-04-01,2022-09-02,Sold,120.0,Share little send brother bit arm.
LST-4058,PRP-2907,AGT-0021,885700.0,2023-11-05,2024-04-08,Sold,123.0,Reach open learn win. He turn school director investment kitchen wonder car.
LST-4059,PRP-3946,AGT-0125,447800.0,2022-12-13,2023-04-08,Active,183.0,Only less page whom idea guy anyone. Into traditional focus do parent threat.
LST-4060,PRP-4045,AGT-0182,2749400.0,2021-09-25,2022-01-29,Active,357.0,Fund cover degree game time. Data end leader believe still.
LST-4061,PRP-0104,AGT-0128,1066100.0,2023-07-06,2023-08-20,Sold,6.0,Power area possible society drug whole economy.
LST-4062,PRP-0070,AGT-0122,1115000.0,2020-02-11,2020-05-05,Expired,99.0,Whole treatment financial win day. Language voice well claim audience kid.
LST-4063,PRP-1432,AGT-0128,1861300.0,2021-11-19,2022-03-29,Expired,11.0,Number budget federal serve large. Cold three radio.
LST-4064,PRP-0645,AGT-0195,893500.0,2023-08-20,2023-12-17,Active,338.0,Wife say whole.
LST-4065,PRP-2860,AGT-0156,514200.0,2024-03-09,2024-07-05,Sold,110.0,Together management myself little again deal themselves.
LST-4066,PRP-3959,AGT-0227,2106900.0,2021-03-02,2021-05-22,Sold,145.0,Wide serve back policy way.
LST-4067,PRP-3540,AGT-0023,2314700.0,2023-08-20,2023-12-30,Expired,156.0,Instead west partner make without director them. Tough you coach perhaps really only.
LST-4068,PRP-4082,AGT-0194,2737000.0,2021-12-19,2021-12-09,Expired,113.0,Product ask through hotel despite.
LST-4069,PRP-4392,AGT-0187,450500.0,2020-05-24,2020-11-18,Sold,235.0,Clear some network so staff business air do.
LST-4070,PRP-2908,AGT-0173,1976600.0,2022-06-26,2022-09-16,Sold,,View owner time.
LST-4071,PRP-2386,AGT-0013,1405100.0,2022-11-24,2023-04-18,Active,11.0,Year would mouth yet. Section including against because space.
LST-4072,PRP-0861,AGT-0007,657200.0,2022-09-02,2023-01-21,Sold,349.0,From me help.
LST-4073,PRP-3387,AGT-0088,1686900.0,2020-10-28,2021-02-26,Expired,,Like civil program herself give. Despite section heart value people little.
LST-4074,PRP-2355,AGT-0057,2361500.0,2022-03-14,2022-07-10,Expired,252.0,Sing gun green avoid. Season lay yard hand.
LST-4075,PRP-0572,AGT-0100,2629300.0,2022-04-25,2022-06-16,Expired,124.0,Participant amount look break other marriage.
LST-4076,PRP-0783,AGT-0227,167400.0,2021-05-13,2021-06-19,Active,6.0,Bag discover chair me apply. Quite reason seat few meeting.
LST-4077,PRP-2206,AGT-0268,702400.0,2020-11-22,2021-03-03,Sold,275.0,Identify act generation marriage order.
LST-4078,PRP-4038,AGT-0242,598000.0,2022-05-07,2022-11-02,Withdrawn,149.0,Body west watch religious along woman. Pick star deep care factor recognize star marriage.
LST-4079,PRP-2039,AGT-0045,2374900.0,2024-04-29,2024-10-07,Sold,41.0,Medical soldier letter number may per. Gas expert mind lawyer partner.
LST-4080,PRP-4185,AGT-0088,1867000.0,2022-07-21,2022-12-12,Sold,,Development teach financial rate as catch.
LST-4081,PRP-0324,AGT-0026,2318200.0,2022-04-26,2022-10-17,Withdrawn,182.0,Night large entire growth home key personal.
LST-4082,PRP-2099,AGT-0059,2721500.0,2021-08-01,2021-07-27,Withdrawn,212.0,Audience expert rate beyond general method event. Us debate sit allow measure news.
LST-4083,PRP-1727,AGT-0138,641400.0,2022-05-02,2022-08-24,Active,358.0,Just rest its talk give pick focus. Again practice view who doctor page act.
LST-4084,PRP-2590,AGT-0093,794200.0,2020-01-01,2020-05-10,Expired,322.0,Lay agency music seem item near.
LST-4085,PRP-0968,AGT-0210,1067400.0,2022-04-07,2022-08-27,Sold,18.0,Special agent court range source necessary year program.
LST-4086,PRP-3180,AGT-0290,852200.0,2020-08-16,2020-10-06,Sold,183.0,If that bill catch difficult.
LST-4087,PRP-1038,AGT-0211,1120800.0,2021-06-02,2021-09-24,Sold,121.0,Dark become city administration term understand per.
LST-4088,PRP-0205,AGT-0145,702600.0,2021-08-10,2022-01-27,Sold,331.0,Tv good kitchen direction. System bit throughout bad ready early.
LST-4089,PRP-4555,AGT-0174,439600.0,2023-10-26,2024-01-07,Withdrawn,7.0,Middle reflect worker foot charge.
LST-4090,PRP-4524,AGT-0043,2514700.0,2023-06-21,2023-12-06,Sold,72.0,Choice enjoy rather early up husband.
LST-4091,PRP-3251,AGT-0189,583000.0,2023-10-05,2024-02-27,Pending,182.0,Value white out pull thus. Our hundred happen before.
LST-4092,PRP-2523,AGT-0238,2993400.0,2023-04-28,2023-09-11,Withdrawn,355.0,Woman difficult director stage. Source set nothing model.
LST-4093,PRP-1683,AGT-0007,1113200.0,2021-04-23,2021-06-23,Sold,261.0,Dinner shake spend school police role. Child either sort use ever address agent.
LST-4094,PRP-2244,AGT-0199,1514300.0,2024-06-20,2024-07-26,Sold,36.0,Red majority rest lose foot. Agree let front vote coach let range.
LST-4095,PRP-3955,AGT-0184,721700.0,2023-08-31,2024-01-01,Sold,363.0,College skill will activity upon crime never. Plant look realize situation light than.
LST-4096,PRP-2887,AGT-0157,677100.0,2023-06-02,2023-07-27,Active,36.0,No imagine sure new question student forward.
LST-4097,PRP-1112,AGT-0195,806300.0,2024-06-21,2024-09-24,Sold,351.0,Toward green meet. Give often plant detail let.
LST-4098,PRP-1148,AGT-0237,1634900.0,2024-05-03,2024-04-16,Sold,,Trouble exactly through leg.
LST-4099,PRP-3323,AGT-0187,309000.0,2022-02-17,2022-05-02,Sold,,Story garden else prove compare life three. Bank especially some raise.
LST-4100,PRP-0186,AGT-0256,1618200.0,2020-06-29,2020-12-23,Sold,135.0,Ten make program because hospital whole green. Point whole chair set debate movie nor.
LST-4101,PRP-2010,AGT-0103,293500.0,2022-12-10,2022-12-06,Sold,267.0,Find general computer center. Big house walk rich buy inside season.
LST-4102,PRP-2591,AGT-0217,1997500.0,2023-09-08,2023-12-23,Active,91.0,Assume American air individual senior reason.
LST-4103,PRP-2504,AGT-0151,675400.0,2022-03-08,2022-07-28,Pending,200.0,Garden against send final something both role. Manager street south six capital use.
LST-4104,PRP-1668,AGT-0297,2047200.0,2024-03-12,2024-08-19,Sold,288.0,Face level image even idea try. Base sign truth past hit structure expect.
LST-4105,PRP-3479,AGT-0024,195800.0,2021-12-24,2022-06-12,Sold,352.0,Again then rule his citizen wrong letter.
LST-4106,PRP-3740,AGT-0146,2975300.0,2021-09-19,2021-12-27,Sold,139.0,North series maybe follow can floor. Operation idea provide color stand view form.
LST-4107,PRP-4098,AGT-0090,966100.0,2020-07-04,2020-11-28,Sold,15.0,Various shake deal measure.
LST-4108,PRP-3447,AGT-0269,2309600.0,2024-01-29,2024-04-10,Active,251.0,Note fight main space relate leg. Often collection the pay trip themselves include.
LST-4109,PRP-4997,AGT-0277,2742700.0,2021-07-30,2021-12-12,Expired,23.0,New them only still visit throw surface.
LST-4110,PRP-4367,AGT-0214,1671200.0,2024-01-29,2024-07-13,Active,11.0,Eye various five leave. Either civil last author blue should believe.
LST-4111,PRP-2433,AGT-0168,2523000.0,2022-12-11,2023-05-04,Expired,174.0,Area line box despite.
LST-4112,PRP-0112,AGT-0286,2197700.0,2023-09-30,2023-12-18,Expired,143.0,Break give share indicate.
LST-4113,PRP-4711,AGT-0043,1469600.0,2024-06-05,2024-12-01,Sold,24.0,Artist response director would car around charge. Across occur though story wide do.
LST-4114,PRP-2967,AGT-0042,1196600.0,2024-05-24,2024-07-20,Expired,149.0,Center he hand check war official. Four full door prepare magazine mention.
LST-4115,PRP-3271,AGT-0100,335300.0,2023-12-26,2024-05-14,Sold,289.0,Goal security blood nice. Box treat camera go he radio.
LST-4116,PRP-2569,AGT-0112,1946600.0,2021-04-27,2021-06-07,Active,92.0,North also charge picture.
LST-4117,PRP-2841,AGT-0125,809100.0,2024-03-30,2024-09-24,Sold,77.0,Cell enter shake society environmental he threat. Fill maintain important service.
LST-4118,PRP-2875,AGT-0299,195200.0,2022-02-14,2022-06-29,Active,126.0,Fine foreign lead nothing former you head. Issue memory family range able power.
LST-4119,PRP-0281,AGT-0217,909800.0,2022-01-24,2022-06-01,Active,125.0,Understand decade day true her need present.
LST-4120,PRP-3201,AGT-0197,2419700.0,2023-10-02,2023-11-08,Sold,344.0,From trip long nature. Congress tree yard might.
LST-4121,PRP-1060,AGT-0040,2079900.0,2021-08-02,2021-11-25,Active,23.0,After authority nearly I there. Today staff then full others happen.
LST-4122,PRP-3232,AGT-0174,2470800.0,2022-09-10,2023-01-20,Sold,,Impact off bank you. Seven particular decade model court reflect laugh through.
LST-4123,PRP-3679,AGT-0171,481400.0,2023-03-14,2023-06-17,Sold,163.0,Same girl either both gas few keep avoid. Money near begin official report activity professor.
LST-4124,PRP-1328,AGT-0002,1876900.0,2024-06-19,2024-09-14,Sold,7.0,Material total truth still them.
LST-4125,PRP-3130,AGT-0226,816500.0,2021-11-01,2022-02-08,Withdrawn,253.0,Knowledge never community best explain loss suggest. Wish develop kind issue book.
LST-4126,PRP-2926,AGT-0235,1823000.0,2022-02-11,2022-02-04,Withdrawn,171.0,Receive break relationship kind heavy ready with would. Blood south million build so animal kid.
LST-4127,PRP-2011,AGT-0153,2074400.0,2021-08-17,2021-11-07,Sold,326.0,Magazine nature force fire yard. Thousand nor citizen manager.
LST-4128,PRP-4525,AGT-0236,297500.0,2021-06-12,2021-08-22,Sold,314.0,Fear interesting whether few reality. Boy member because way develop three.
LST-4129,PRP-2490,AGT-0040,1901100.0,2020-06-06,2020-11-25,Sold,247.0,Degree peace your dark.
LST-4130,PRP-3281,AGT-0069,2467900.0,2022-02-15,2022-07-12,Sold,195.0,Make skill spring wonder.
LST-4131,PRP-1941,AGT-0128,579300.0,2022-02-08,2022-07-09,Sold,312.0,Discussion now you lose within purpose. Economic reflect day individual law.
LST-4132,PRP-2294,AGT-0221,2424400.0,2022-01-22,2022-05-08,Active,184.0,Big dark task house artist difference.
LST-4133,PRP-0678,AGT-0116,2067000.0,2021-08-15,2021-12-30,Expired,184.0,Phone Democrat over management common.
LST-4134,PRP-0431,AGT-0144,871200.0,2022-11-26,2023-03-27,Sold,224.0,A us economic professor west threat note. Against little husband accept national boy receive.
LST-4135,PRP-3454,AGT-0228,1836500.0,2023-03-03,2023-04-12,Active,,Impact actually stuff network.
LST-4136,PRP-4794,AGT-0284,318400.0,2021-04-29,2021-08-16,Expired,1.0,Read three watch network blue wait. Serve identify maintain feel player book even.
LST-4137,PRP-0398,AGT-0060,1767600.0,2020-06-18,2020-05-26,Sold,320.0,Garden perhaps system learn task determine debate. Inside record staff thing read Mr send.
LST-4138,PRP-3877,AGT-0131,1176900.0,2024-04-20,2024-09-01,Sold,123.0,Represent rule strategy his.
LST-4139,PRP-3044,AGT-0169,850400.0,2021-11-27,2022-05-21,Sold,332.0,Home skill act.
LST-4140,PRP-4551,AGT-0175,2268000.0,2021-09-13,2022-03-07,Withdrawn,187.0,Glass leader quality particular. Time line former fly measure size only.
LST-4141,PRP-0719,AGT-0253,1673200.0,2022-12-05,2023-02-18,Sold,361.0,Eat through present. Itself voice edge design share wind.
LST-4142,PRP-1340,AGT-0165,1907300.0,2021-10-17,2022-02-25,Sold,190.0,Discover interesting relate laugh. Land example about discover.
LST-4143,PRP-2571,AGT-0017,1904700.0,2020-01-11,2020-02-29,Expired,364.0,Man bar well challenge include help.
LST-4144,PRP-0203,AGT-0203,71700.0,2022-09-29,2022-12-02,Sold,191.0,Hot example high conference. Future information station born.
LST-4145,PRP-2978,AGT-0160,2129100.0,2024-06-09,2024-09-13,Sold,221.0,Maybe vote along star manage simply under school. Republican picture people whose.
LST-4146,PRP-3261,AGT-0021,1021300.0,2023-10-22,2024-04-18,Sold,154.0,Agent him record cup.
LST-4147,PRP-4020,AGT-0004,267300.0,2024-02-03,2024-03-21,Sold,92.0,Own happy rather skill response give theory.
LST-4148,PRP-3647,AGT-0204,1364200.0,2023-10-09,2023-12-19,Expired,208.0,Civil painting at scene.
LST-4149,PRP-4854,AGT-0010,1994600.0,2020-10-11,2021-02-20,Active,321.0,Rate some TV southern staff challenge management.
LST-4150,PRP-4453,AGT-0219,574800.0,2021-08-05,2021-09-17,Active,174.0,Itself yourself movie by image.
LST-4151,PRP-3075,AGT-0025,930100.0,2022-04-30,2022-08-09,Sold,259.0,Campaign wait however democratic remain. Leave shake tree much again suffer collection yourself.
LST-4152,PRP-3297,AGT-0272,2938000.0,2021-04-02,2021-06-11,Sold,115.0,Rich truth girl much firm myself affect call.
LST-4153,PRP-3653,AGT-0200,486500.0,2022-04-21,2022-09-10,Sold,346.0,Will yeah tax town military stock.
LST-4154,PRP-4025,AGT-0100,1550800.0,2023-09-21,2023-12-12,Sold,79.0,Who you operation perform arm million. Democrat writer wait avoid.
LST-4155,PRP-0357,AGT-0088,2330500.0,2022-01-25,2022-03-03,Active,186.0,Now wear gun. At hold fact police right.
LST-4156,PRP-0010,AGT-0020,967000.0,2023-03-01,2023-04-24,Sold,26.0,Most agency over appear. Morning one election.
LST-4157,PRP-2308,AGT-0185,380000.0,2021-04-15,2021-07-04,Expired,269.0,Management unit voice worker inside past.
LST-4158,PRP-3270,AGT-0300,309600.0,2021-04-16,2021-09-30,Sold,363.0,Public whole building clear. Miss million skill seat.
LST-4159,PRP-3317,AGT-0185,2418700.0,2020-11-05,2021-04-20,Expired,,Own need hand end involve military conference.
LST-4160,PRP-3878,AGT-0102,203500.0,2024-05-21,2024-07-15,Active,297.0,Ball last owner medical. Toward system TV former.
LST-4161,PRP-1168,AGT-0119,1679600.0,2020-01-07,2020-05-23,Sold,,Act show reflect well.
LST-4162,PRP-4048,AGT-0231,319200.0,2023-10-11,2024-03-15,Sold,42.0,Stage own plant debate any price.
LST-4163,PRP-4521,AGT-0043,312300.0,2021-12-26,2022-06-05,Sold,349.0,Table leg positive forget source.
LST-4164,PRP-3818,AGT-0088,1325600.0,2020-09-15,2020-11-22,Active,244.0,City another garden security now health. Professional media executive agreement city.
LST-4165,PRP-2112,AGT-0081,2115000.0,2024-06-24,2024-11-11,Expired,362.0,Then decision fish without kind firm ground. Assume away color matter state old stay some.
LST-4166,PRP-1170,AGT-0130,1555600.0,2020-08-08,2021-01-31,Active,105.0,Guess class affect be.
LST-4167,PRP-2318,AGT-0159,408300.0,2020-02-03,2020-03-13,Active,349.0,Maybe alone set huge identify shake education.
LST-4168,PRP-4476,AGT-0244,81100.0,2023-08-15,2023-10-06,Active,237.0,Bad name me west customer.
LST-4169,PRP-4198,AGT-0297,561500.0,2023-01-01,2023-06-06,Active,91.0,Buy same with treat. Machine nation alone executive international thus professor.
LST-4170,PRP-0831,AGT-0111,1036600.0,2023-09-27,2023-12-21,Sold,,Treatment my thus big. Father however him enter Republican cover finally.
LST-4171,PRP-3740,AGT-0092,957300.0,2022-12-16,2023-02-13,Sold,232.0,Tv take beat southern parent. Son situation hard fill cost.
LST-4172,PRP-4406,AGT-0041,758800.0,2024-05-29,2024-09-27,Active,,Both talk central final necessary think.
LST-4173,PRP-1209,AGT-0021,131900.0,2022-04-12,2022-09-22,Sold,243.0,Not practice health art bed light.
LST-4174,PRP-4961,AGT-0057,446000.0,2020-12-26,2021-05-28,Sold,229.0,Item center how fire rock.
LST-4175,PRP-4403,AGT-0192,662200.0,2022-05-22,2022-10-01,Expired,73.0,Matter wear same never local. Present go growth across everybody through others.
LST-4176,PRP-4195,AGT-0036,560500.0,2024-04-27,2024-08-16,Active,8.0,It particularly although window fill. Not stay interest.
LST-4177,PRP-2643,AGT-0245,1926600.0,2024-06-18,2024-10-26,Expired,17.0,Especially indeed off rate other.
LST-4178,PRP-0950,AGT-0173,371200.0,2022-12-25,2023-04-24,Sold,180.0,Report energy ago scene. See language physical various total true Republican.
LST-4179,PRP-1935,AGT-0152,694100.0,2022-08-24,2022-11-14,Sold,342.0,According decade ball. But must they interview already response.
LST-4180,PRP-3446,AGT-0100,771200.0,2023-01-30,2023-05-08,Sold,236.0,Fight bar not speech cut model. Other race sister enjoy.
LST-4181,PRP-2005,AGT-0223,1966600.0,2022-11-23,2023-04-26,Expired,14.0,Research visit again least tough.
LST-4182,PRP-4260,AGT-0006,2098000.0,2020-07-18,2020-11-13,Withdrawn,211.0,Week why international choice might build cause.
LST-4183,PRP-0990,AGT-0294,149500.0,2020-03-15,2020-04-27,Sold,176.0,Pull writer manager sea able tell remember well.
LST-4184,PRP-1818,AGT-0036,2972200.0,2024-05-21,2024-10-19,Sold,303.0,Learn crime public focus trial. Account end sit beautiful again half.
LST-4185,PRP-4596,AGT-0008,2485600.0,2022-10-11,2022-11-12,Withdrawn,121.0,Tax second upon simple mind. Budget old ok fly include.
LST-4186,PRP-0420,AGT-0124,1587000.0,2023-09-09,2023-10-18,Active,353.0,Arm example half general try no professor. Discuss ball size nor run guy.
LST-4187,PRP-2750,AGT-0045,1767000.0,2024-06-14,2024-10-13,Sold,282.0,Just chair color newspaper hit.
LST-4188,PRP-4287,AGT-0243,407700.0,2020-08-17,2020-12-18,Withdrawn,231.0,It include around system. Recently art hold hospital couple everybody call smile.
LST-4189,PRP-3208,AGT-0072,1565900.0,2020-09-16,2021-02-08,Expired,199.0,High word player option visit.
LST-4190,PRP-4442,AGT-0288,1711500.0,2020-12-30,2021-06-04,Withdrawn,322.0,Cold light raise main station or present. According cover certainly note become full.
LST-4191,PRP-2892,AGT-0107,503500.0,2022-07-02,2022-09-18,Withdrawn,312.0,Forward when heavy here.
LST-4192,PRP-1986,AGT-0069,563100.0,2022-07-06,2022-08-07,Expired,125.0,Stay center more good court must start clearly.
LST-4193,PRP-0764,AGT-0089,1456200.0,2021-12-27,2022-03-23,Active,,Effort remember so end between data. Whatever involve friend range media.
LST-4194,PRP-3423,AGT-0008,805400.0,2024-02-17,2024-04-17,Active,284.0,Fill travel system relate here few near.
LST-4195,PRP-4490,AGT-0019,1095900.0,2023-01-24,2023-03-16,Active,225.0,Spend just fine guess nation. After across set serious myself.
LST-4196,PRP-1864,AGT-0297,145900.0,2023-06-03,2023-07-05,Active,222.0,Short rule owner space.
LST-4197,PRP-4333,AGT-0166,1973800.0,2023-04-29,2023-06-13,Sold,199.0,Care stock performance edge share recent. Dark per hard party summer movie.
LST-4198,PRP-2003,AGT-0026,1235700.0,2020-02-11,2020-06-11,Withdrawn,217.0,Ground surface finally staff fact sense simply. Agent ago camera TV every number writer available.
LST-4199,PRP-1026,AGT-0028,2766400.0,2020-12-18,2021-03-16,Sold,121.0,Action whose final available send father. Rate financial forward.
LST-4200,PRP-1372,AGT-0100,1211700.0,2020-01-11,2020-05-15,Sold,353.0,Kid can open score dream affect.
LST-4201,PRP-3682,AGT-0052,2835700.0,2023-08-19,2023-10-10,Sold,130.0,Science whatever price.
LST-4202,PRP-1571,AGT-0062,2749100.0,2021-03-08,2021-04-08,Sold,355.0,Computer record own should focus model. Food certainly interview citizen science learn smile.
LST-4203,PRP-4991,AGT-0162,1442900.0,2020-04-18,2020-08-11,Sold,361.0,Return budget own old perform week issue.
LST-4204,PRP-4972,AGT-0063,2001900.0,2022-03-26,2022-05-18,Expired,279.0,Realize yeah interest debate officer look one. Avoid bag participant attack chair side.
LST-4205,PRP-4763,AGT-0109,1271700.0,2020-09-13,2021-03-05,Withdrawn,177.0,Key western drive turn everybody movement local.
LST-4206,PRP-1762,AGT-0219,322400.0,2022-10-05,2023-03-21,Active,237.0,Nature box drive technology stuff evidence. Later throughout husband movement.
LST-4207,PRP-2312,AGT-0023,2021200.0,2020-07-01,2020-11-18,Expired,286.0,Successful return need certainly friend box manage.
LST-4208,PRP-3988,AGT-0026,1344100.0,2021-04-08,2021-07-29,Sold,298.0,Tell group where know white fight five more.
LST-4209,PRP-1055,AGT-0037,1750100.0,2024-03-30,2024-06-24,Active,144.0,By whose manage culture politics thousand.
LST-4210,PRP-4339,AGT-0295,2032100.0,2023-08-07,2023-10-24,Pending,81.0,Smile fire moment now light. Store by end large top thousand history compare.
LST-4211,PRP-0795,AGT-0125,736600.0,2021-08-25,2021-09-27,Withdrawn,267.0,Stand bit edge plan probably challenge act Republican. Under argue prove beautiful.
LST-4212,PRP-4565,AGT-0010,1857000.0,2021-05-24,2021-07-15,Sold,228.0,Yourself buy human north. Program manager production add without he.
LST-4213,PRP-3027,AGT-0136,1776800.0,2020-03-15,2020-08-21,Sold,356.0,Show blood itself goal we.
LST-4214,PRP-2268,AGT-0068,2762900.0,2021-08-06,2021-12-24,Active,120.0,Rock later simple third campaign event business affect. Site responsibility data bar.
LST-4215,PRP-2705,AGT-0119,1277600.0,2023-10-07,2023-12-08,Sold,244.0,Until table dog wait view.
LST-4216,PRP-1167,AGT-0266,2439500.0,2021-06-17,2021-08-23,Pending,115.0,Local difficult blue history agency laugh reason family. Return board soldier force physical western.
LST-4217,PRP-2028,AGT-0081,1373200.0,2020-04-21,2020-10-10,Sold,179.0,Tough let increase between.
LST-4218,PRP-0081,AGT-0206,1671400.0,2023-10-17,2024-01-16,Sold,32.0,War add teacher political goal build.
LST-4219,PRP-4834,AGT-0252,463400.0,2020-02-27,2020-07-23,Pending,20.0,Oil manager measure crime century. City behind stand.
LST-4220,PRP-2092,AGT-0118,2492500.0,2022-12-21,2023-05-31,Sold,,Third weight certainly try consider national couple. Know speak reason table experience arm crime.
LST-4221,PRP-0577,AGT-0026,362900.0,2021-04-19,2021-06-11,Sold,123.0,Similar approach since long despite. Lawyer goal watch others federal.
LST-4222,PRP-2990,AGT-0190,1118900.0,2022-08-03,2022-11-29,Expired,161.0,Debate attack itself important agent. Next company adult choice thus.
LST-4223,PRP-2097,AGT-0158,1791200.0,2022-08-04,2022-10-18,Sold,58.0,Travel analysis huge.
LST-4224,PRP-4474,AGT-0260,1538900.0,2020-02-20,2020-04-22,Active,81.0,Door including within road road. Shake morning finish too get test blood.
LST-4225,PRP-2194,AGT-0159,2917700.0,2022-04-24,2022-06-09,Sold,339.0,Idea themselves number.
LST-4226,PRP-2824,AGT-0015,2446800.0,2021-04-04,2021-08-08,Active,156.0,Among form of east.
LST-4227,PRP-4860,AGT-0158,1275900.0,2024-04-05,2024-10-02,Sold,30.0,So recent board company memory foreign lay. Field right affect run good.
LST-4228,PRP-3525,AGT-0032,1577700.0,2023-11-07,2024-02-23,Active,158.0,Size financial maybe game whole rock build. Letter else player consider truth security for.
LST-4229,PRP-1399,AGT-0060,1603200.0,2022-06-27,2022-08-15,Sold,,Republican them minute. Question worker for note.
LST-4230,PRP-1704,AGT-0099,2095200.0,2022-09-19,2023-01-06,Withdrawn,47.0,People right imagine.
LST-4231,PRP-0025,AGT-0185,629700.0,2023-05-31,2023-09-04,Sold,337.0,Avoid pass stage financial. Up garden turn less sound.
LST-4232,PRP-0826,AGT-0140,1100200.0,2020-03-06,2020-07-04,Sold,174.0,Wall do those really apply.
LST-4233,PRP-2932,AGT-0178,979700.0,2023-07-19,2023-09-12,Active,81.0,From tax various necessary person. Government how activity various age each leg.
LST-4234,PRP-2724,AGT-0157,2259900.0,2021-10-10,2021-10-02,Sold,36.0,Include here often voice wonder old.
LST-4235,PRP-4128,AGT-0179,236300.0,2023-07-13,2023-10-14,Active,52.0,Conference poor indeed network explain.
LST-4236,PRP-3750,AGT-0227,293100.0,2021-12-17,2022-05-27,Sold,3.0,Most factor action. Movie loss worry debate financial plan.
LST-4237,PRP-0390,AGT-0203,325000.0,2021-11-23,2022-02-27,Active,276.0,Company probably somebody become. Two everyone author total research similar sign focus.
LST-4238,PRP-4047,AGT-0044,1840300.0,2022-01-29,2022-04-07,Sold,215.0,Run one chance among there. Enjoy they high reason interview hear leg.
LST-4239,PRP-2801,AGT-0255,2187200.0,2021-12-19,2022-04-14,Sold,136.0,Though list student assume focus evidence.
LST-4240,PRP-3098,AGT-0046,341000.0,2021-05-31,2021-08-09,Sold,344.0,Rich part computer fall. Lot rise good service lay sense.
LST-4241,PRP-1888,AGT-0289,1030900.0,2021-02-27,2021-06-05,Sold,39.0,Where forward may care environment use body.
LST-4242,PRP-3890,AGT-0061,2438800.0,2020-02-08,2020-07-13,Expired,2.0,Likely anything Mr best nature seat consider commercial. Tough remember free set region.
LST-4243,PRP-3134,AGT-0049,1561800.0,2021-02-18,2021-07-30,Expired,334.0,Executive commercial husband side kind.
LST-4244,PRP-3730,AGT-0024,662800.0,2024-02-09,2024-04-25,Sold,346.0,Police what fear begin should would lose. Out voice order.
LST-4245,PRP-3830,AGT-0199,2257400.0,2023-10-09,2024-02-21,Sold,24.0,Everything major care nothing or drug. Leg as point American street analysis.
LST-4246,PRP-2773,AGT-0189,1232800.0,2023-10-13,2024-01-10,Sold,217.0,Everything raise three significant kind cost.
LST-4247,PRP-3129,AGT-0054,787500.0,2020-12-24,2021-02-05,Sold,118.0,Wide high occur into prove impact generation.
LST-4248,PRP-1407,AGT-0211,1934700.0,2022-05-27,2022-09-05,Pending,309.0,Whole ahead war rich. Crime civil brother appear.
LST-4249,PRP-1266,AGT-0042,2460400.0,2021-10-12,2021-12-29,Withdrawn,108.0,Young interesting Mrs ahead.
LST-4250,PRP-4817,AGT-0062,1045100.0,2023-04-09,2023-10-02,Active,321.0,Stay miss action score drug. Public character create occur later cold late yeah.
LST-4251,PRP-1307,AGT-0203,725200.0,2021-08-18,2022-01-16,Sold,21.0,Simply economic question main weight across win.
LST-4252,PRP-0066,AGT-0232,2107700.0,2021-01-14,2021-06-03,Sold,127.0,Music various consumer student system sense economic consumer.
LST-4253,PRP-2422,AGT-0108,1359500.0,2022-02-02,2022-03-10,Pending,22.0,Focus himself room.
LST-4254,PRP-4984,AGT-0035,1704600.0,2020-05-15,2020-06-27,Sold,220.0,Around speech deal also.
LST-4255,PRP-0051,AGT-0284,565200.0,2023-07-05,2023-10-15,Withdrawn,45.0,Too may possible hold attack cultural exist.
LST-4256,PRP-0085,AGT-0237,325500.0,2020-05-23,2020-07-24,Sold,273.0,Week court herself fight truth.
LST-4257,PRP-4260,AGT-0238,384800.0,2023-11-11,2023-12-28,Sold,218.0,Art church machine throughout.
LST-4258,PRP-4027,AGT-0102,2996100.0,2024-03-12,2024-05-18,Sold,222.0,Answer class company.
LST-4259,PRP-2916,AGT-0270,527300.0,2023-03-22,2023-07-11,Sold,67.0,Win huge small tell.
LST-4260,PRP-2895,AGT-0121,2472500.0,2023-10-25,2024-01-02,Sold,292.0,Case morning key tree meet how.
LST-4261,PRP-1137,AGT-0084,2346300.0,2021-09-02,2022-02-16,Active,,Kind far parent likely house analysis it.
LST-4262,PRP-2232,AGT-0299,782300.0,2020-03-09,2020-06-09,Sold,86.0,Else agent beyond list professor nation. Call evidence tend beautiful buy smile data bring.
LST-4263,PRP-0103,AGT-0038,2331900.0,2022-10-11,2023-01-04,Sold,55.0,Cold price usually brother defense.
LST-4264,PRP-4030,AGT-0286,2339800.0,2021-06-24,2021-06-06,Sold,180.0,Able environmental seat simple. Each sure book success.
LST-4265,PRP-2021,AGT-0024,921800.0,2021-11-06,2021-12-21,Sold,18.0,Bad top letter.
LST-4266,PRP-4399,AGT-0063,710300.0,2022-10-28,2023-03-24,Sold,8.0,Face step center with pattern within.
LST-4267,PRP-4124,AGT-0058,1166500.0,2021-08-04,2021-12-20,Sold,,Building firm man.
LST-4268,PRP-0809,AGT-0110,642900.0,2021-07-25,2021-11-28,Sold,20.0,Receive grow change clear technology.
LST-4269,PRP-3044,AGT-0026,1759700.0,2024-01-22,2024-03-12,Sold,,Affect drive item amount building. Policy bill enjoy partner property thank indeed entire.
LST-4270,PRP-3166,AGT-0253,2989600.0,2023-01-09,2023-06-29,Sold,179.0,Lawyer present pay identify side. Health single fact over.
LST-4271,PRP-2444,AGT-0182,1911300.0,2020-09-06,2020-10-18,Sold,115.0,Away view executive table usually middle either assume.
LST-4272,PRP-1911,AGT-0189,2013200.0,2024-05-07,2024-07-04,Sold,306.0,Woman card what dog but ok home.
LST-4273,PRP-4028,AGT-0015,2195900.0,2024-01-02,2024-06-23,Sold,195.0,Receive entire use enjoy situation.
LST-4274,PRP-2544,AGT-0125,680300.0,2020-05-15,2020-06-23,Expired,214.0,Somebody care daughter. Simply movement nature else phone.
LST-4275,PRP-1276,AGT-0112,1464600.0,2024-04-23,2024-07-30,Sold,121.0,Control at energy citizen life list.
LST-4276,PRP-4440,AGT-0178,760900.0,2023-12-05,2024-01-22,Sold,113.0,Stop ability clearly bring bill.
LST-4277,PRP-1409,AGT-0274,1459100.0,2023-05-13,2023-10-04,Expired,130.0,Board build care boy chance about open.
LST-4278,PRP-0685,AGT-0269,1052900.0,2021-12-23,2022-04-04,Withdrawn,196.0,Item set represent fly stage run current.
LST-4279,PRP-4623,AGT-0176,2762800.0,2021-08-12,2022-01-17,Sold,282.0,Message wind outside line Congress those tell.
LST-4280,PRP-4161,AGT-0261,1636200.0,2022-12-02,2023-03-23,Active,45.0,Consider assume all international middle me cup. National series simply home measure use.
LST-4281,PRP-3897,AGT-0020,1242400.0,2020-06-22,2020-09-11,Sold,60.0,Analysis political operation result.
LST-4282,PRP-4424,AGT-0248,605200.0,2024-01-10,2024-06-12,Sold,221.0,Employee yard section save or television toward. Develop indeed traditional may.
LST-4283,PRP-3505,AGT-0287,2507900.0,2023-08-10,2024-02-05,Sold,235.0,Everybody level if or drug all piece. Certainly best offer adult.
LST-4284,PRP-3653,AGT-0198,1723900.0,2024-04-08,2024-06-19,Pending,49.0,Discussion its return service.
LST-4285,PRP-3485,AGT-0259,2033400.0,2021-05-13,2021-06-24,Sold,16.0,Front who medical military.
LST-4286,PRP-4088,AGT-0283,1192300.0,2024-02-12,2024-05-20,Sold,176.0,Also kid produce accept who feel. Maintain around make subject response guess term.
LST-4287,PRP-3974,AGT-0079,1601200.0,2022-01-26,2022-06-24,Sold,30.0,No surface condition area image side outside.
LST-4288,PRP-3681,AGT-0212,846700.0,2022-08-27,2022-11-03,Sold,106.0,Summer my reality huge article recognize.
LST-4289,PRP-2484,AGT-0077,1779300.0,2024-06-30,2024-12-17,Expired,69.0,Everyone specific big thousand three else form defense. Ready hand officer behavior discover.
LST-4290,PRP-4816,AGT-0122,251300.0,2021-08-06,2022-01-09,Sold,169.0,Attack summer politics character blood. Important leave kitchen team.
LST-4291,PRP-4379,AGT-0251,2085600.0,2024-05-06,2024-09-22,Sold,41.0,Course chair share participant sit chair. Majority field skill drop Mr.
LST-4292,PRP-4743,AGT-0217,1538600.0,2023-09-27,2023-09-11,Sold,77.0,Who investment attack ability city expert shake.
LST-4293,PRP-0059,AGT-0130,462700.0,2022-12-13,2023-06-09,Sold,39.0,Eight some go person.
LST-4294,PRP-1418,AGT-0102,2077800.0,2022-10-14,2023-02-07,Sold,355.0,Ten indicate enjoy national development old say cup. As parent economic newspaper.
LST-4295,PRP-4520,AGT-0017,2118300.0,2024-05-30,2024-11-09,Sold,93.0,Improve perhaps become far trade man.
LST-4296,PRP-1340,AGT-0085,1200700.0,2020-02-08,2020-04-29,Expired,112.0,Similar happy grow.
LST-4297,PRP-1774,AGT-0086,309000.0,2021-05-27,2021-06-29,Expired,361.0,This realize suggest less.
LST-4298,PRP-2197,AGT-0030,1516600.0,2021-08-25,2021-08-07,Active,126.0,Movie least attorney cut word.
LST-4299,PRP-3309,AGT-0248,464400.0,2024-04-03,2024-09-06,Active,138.0,Stuff talk human such reason.
LST-4300,PRP-4727,AGT-0134,1897900.0,2023-07-07,2023-07-05,Sold,336.0,Hold such save pass.
LST-4301,PRP-3582,AGT-0070,1549800.0,2021-10-10,2022-01-11,Active,67.0,Stop indicate within project use dog.
LST-4302,PRP-2157,AGT-0096,2402100.0,2021-10-18,2022-01-15,Sold,102.0,Key ever agency trouble.
LST-4303,PRP-4338,AGT-0203,2138500.0,2023-05-14,2023-10-23,Sold,13.0,Culture off impact mean condition.
LST-4304,PRP-2043,AGT-0122,422300.0,2020-07-12,2020-12-27,Active,310.0,My staff account agency Republican also bank. Similar east single almost theory half.
LST-4305,PRP-4735,AGT-0020,2323500.0,2023-10-18,2023-11-28,Active,202.0,Pull there news growth answer a maybe before.
LST-4306,PRP-2242,AGT-0134,2039700.0,2021-03-13,2021-04-17,Sold,234.0,Save college friend art budget type discover. Thousand quickly result great.
LST-4307,PRP-3369,AGT-0035,321800.0,2022-05-27,2022-07-06,Sold,36.0,West can list suddenly reason likely she believe. Risk type most career decade like.
LST-4308,PRP-3032,AGT-0103,2787200.0,2022-11-19,2023-02-25,Sold,154.0,Agree hair religious music time raise staff billion.
LST-4309,PRP-0646,AGT-0038,2094100.0,2020-12-06,2021-06-03,Active,45.0,Stay great former pass.
LST-4310,PRP-0417,AGT-0056,859300.0,2022-05-17,2022-10-27,Sold,355.0,Short for line research Democrat civil possible. Account student special group own.
LST-4311,PRP-3430,AGT-0174,2865300.0,2021-05-20,2021-07-05,Withdrawn,183.0,Add serve example bring under school.
LST-4312,PRP-0350,AGT-0146,1037600.0,2021-03-22,2021-05-15,Active,188.0,Second free as head specific win key.
LST-4313,PRP-2390,AGT-0243,1423800.0,2021-07-27,2021-10-20,Sold,273.0,Could under political look. Step media parent authority water without develop.
LST-4314,PRP-4637,AGT-0094,2113400.0,2022-04-28,2022-08-07,Sold,195.0,Democratic show special me customer. Cultural option him do account take enter heart.
LST-4315,PRP-4902,AGT-0100,639000.0,2021-11-23,2022-01-15,Active,305.0,Writer help marriage arm least American. Economic true television city sit lead.
LST-4316,PRP-4152,AGT-0086,1648000.0,2020-11-18,2021-05-12,Sold,355.0,Everyone this fall bag technology just according.
LST-4317,PRP-4300,AGT-0020,2243700.0,2023-06-13,2023-08-01,Pending,365.0,Cut visit war some participant hold boy course.
LST-4318,PRP-2346,AGT-0294,1217000.0,2024-01-30,2024-07-27,Sold,312.0,Institution all they computer plant sometimes least.
LST-4319,PRP-1669,AGT-0182,1635800.0,2023-10-09,2023-12-10,Sold,142.0,Bed be surface light. Character bad finally international responsibility.
LST-4320,PRP-0919,AGT-0103,906800.0,2022-10-08,2023-02-14,Active,179.0,Raise sit democratic. Computer reason house light.
LST-4321,PRP-2313,AGT-0079,2220800.0,2023-02-15,2023-06-14,Active,179.0,There read live staff information day former one. Be right face can might front.
LST-4322,PRP-4983,AGT-0286,2151900.0,2021-11-25,2021-11-07,Expired,,Today still well cold score.
LST-4323,PRP-0508,AGT-0122,1588800.0,2023-09-20,2024-01-16,Sold,,Herself kind star per parent goal. Property another with cultural glass argue light.
LST-4324,PRP-2105,AGT-0167,2499200.0,2021-11-30,2022-03-31,Pending,61.0,Rate since control sister surface. Audience resource if necessary toward magazine white few.
LST-4325,PRP-1195,AGT-0198,1344700.0,2021-03-24,2021-06-21,Sold,137.0,System determine long five even information quickly owner. Feel type cut room word.
LST-4326,PRP-1476,AGT-0063,2183000.0,2020-05-18,2020-06-27,Sold,180.0,Bank nation ahead west responsibility third.
LST-4327,PRP-0756,AGT-0077,612500.0,2021-04-06,2021-09-18,Active,16.0,Financial picture gas build current. Close consumer offer such instead.
LST-4328,PRP-3329,AGT-0224,377900.0,2023-01-09,2023-02-11,Withdrawn,248.0,Our brother four sure into task accept.
LST-4329,PRP-4994,AGT-0043,2141300.0,2022-05-22,2022-09-01,Sold,352.0,Responsibility about voice different.
LST-4330,PRP-0873,AGT-0129,270400.0,2020-11-14,2021-03-22,Sold,262.0,Trial close kid security cell say. Say student speak realize whether.
LST-4331,PRP-4558,AGT-0215,1446900.0,2023-06-20,2023-10-13,Active,115.0,Marriage treat bag.
LST-4332,PRP-3471,AGT-0027,408200.0,2024-05-23,2024-07-29,Withdrawn,160.0,Up check turn himself.
LST-4333,PRP-4919,AGT-0176,842700.0,2024-02-21,2024-04-25,Sold,135.0,Allow other foot outside peace stop police shake.
LST-4334,PRP-1723,AGT-0186,2338500.0,2022-07-01,2022-11-20,Sold,3.0,Go produce that religious fine.
LST-4335,PRP-2034,AGT-0264,2190700.0,2020-08-26,2020-10-29,Sold,,During goal it gas answer western great impact. Here they everything least.
LST-4336,PRP-0189,AGT-0067,229900.0,2021-05-03,2021-06-26,Sold,29.0,Career someone owner respond easy.
LST-4337,PRP-3215,AGT-0084,324100.0,2021-02-15,2021-05-11,Active,,Test prevent outside the this add affect. Tend few degree.
LST-4338,PRP-2307,AGT-0143,201600.0,2023-06-30,2023-12-10,Active,33.0,Reach full present many. Official direction stuff interview look guess event baby.
LST-4339,PRP-2815,AGT-0068,2909900.0,2023-08-31,2024-01-13,Sold,357.0,Paper trade claim five for song.
LST-4340,PRP-1149,AGT-0032,954800.0,2021-03-15,2021-07-10,Withdrawn,270.0,That purpose goal wear light. Likely vote role him big ago consumer close.
LST-4341,PRP-4378,AGT-0130,1584300.0,2021-02-07,2021-03-19,Expired,195.0,Work lay language wind hotel receive. Part idea group research as popular.
LST-4342,PRP-4809,AGT-0222,1983000.0,2022-01-19,2022-04-05,Expired,93.0,Factor fire rather institution.
LST-4343,PRP-0010,AGT-0059,1490600.0,2020-05-04,2020-06-06,Active,112.0,They statement left beyond he.
LST-4344,PRP-1522,AGT-0041,2201500.0,2022-03-28,2022-06-14,Expired,216.0,Natural of trial stop.
LST-4345,PRP-3848,AGT-0165,2607000.0,2023-04-14,2023-06-15,Withdrawn,215.0,In appear true section medical price.
LST-4346,PRP-1996,AGT-0198,1206700.0,2020-10-17,2020-12-31,Sold,305.0,Certainly business of. Benefit leave group realize turn list.
LST-4347,PRP-4428,AGT-0002,312600.0,2021-12-22,2022-04-21,Sold,43.0,Draw however music purpose.
LST-4348,PRP-1871,AGT-0016,412500.0,2024-06-24,2024-12-03,Sold,,Prevent blue recognize summer front necessary time. She any my attack.
LST-4349,PRP-0791,AGT-0149,245000.0,2022-10-15,2023-01-28,Sold,,Pass south age she near affect happy. Machine spring happen want minute town property relate.
LST-4350,PRP-3684,AGT-0171,2747100.0,2023-11-02,2023-12-17,Sold,147.0,Itself second operation those.
LST-4351,PRP-4899,AGT-0240,1934600.0,2022-03-25,2022-09-02,Expired,181.0,Risk they especially trip dinner.
LST-4352,PRP-2747,AGT-0200,2347700.0,2021-03-19,2021-09-04,Sold,,Call large explain certain. Know soon reality respond west them.
LST-4353,PRP-3112,AGT-0128,2127800.0,2021-04-23,2021-08-23,Sold,65.0,Floor collection possible unit effort remember.
LST-4354,PRP-1122,AGT-0254,393100.0,2021-03-12,2021-04-23,Sold,,Skin wish shake first level yard actually book.
LST-4355,PRP-1884,AGT-0133,1558100.0,2022-11-24,2023-04-13,Sold,256.0,Hand trial attention same expert PM over.
LST-4356,PRP-4128,AGT-0168,2030200.0,2020-02-16,2020-08-11,Sold,,Safe small here author.
LST-4357,PRP-4003,AGT-0123,2410500.0,2024-02-04,2024-06-17,Active,195.0,Start research source vote yeah. Have order happy take.
LST-4358,PRP-1684,AGT-0063,1182100.0,2022-04-01,2022-09-17,Active,147.0,Defense back include smile manage trial. Million discussion free stuff base.
LST-4359,PRP-1929,AGT-0008,1892500.0,2022-07-22,2022-09-19,Pending,156.0,Indicate stop fine participant. Difference nearly both.
LST-4360,PRP-1796,AGT-0226,734100.0,2021-03-09,2021-08-24,Sold,317.0,Social experience heavy pay then reason job toward. Fight man piece music.
LST-4361,PRP-3214,AGT-0262,438000.0,2021-02-15,2021-06-30,Sold,90.0,Summer sign officer ability eat.
LST-4362,PRP-1521,AGT-0133,787800.0,2021-08-21,2021-11-24,Active,258.0,Cold lot simple hair nation usually.
LST-4363,PRP-3604,AGT-0207,1278200.0,2023-02-23,2023-07-02,Active,183.0,Activity police lot late.
LST-4364,PRP-2562,AGT-0172,247800.0,2024-01-27,2024-05-21,Sold,212.0,Produce author care manage alone choose than.
LST-4365,PRP-0079,AGT-0001,1087300.0,2021-11-06,2021-12-17,Active,330.0,Prevent bit financial. Important military key full could write phone.
LST-4366,PRP-3423,AGT-0062,2456500.0,2022-11-02,2023-02-27,Sold,,Whole street of skin education music part. Mother response our certainly none baby.
LST-4367,PRP-2053,AGT-0202,2340500.0,2021-01-22,2021-07-06,Withdrawn,32.0,Could forget degree arm.
LST-4368,PRP-1760,AGT-0198,1705500.0,2022-12-25,2023-06-01,Sold,362.0,Professor guess standard order hotel decide. Role security knowledge.
LST-4369,PRP-2532,AGT-0257,942300.0,2022-02-02,2022-07-21,Expired,291.0,Behavior staff now project crime wear concern.
LST-4370,PRP-2910,AGT-0197,485000.0,2023-07-27,2023-09-26,Active,,Development send miss yourself. Chair measure project put.
LST-4371,PRP-1762,AGT-0038,2073000.0,2023-07-02,2023-08-30,Expired,70.0,Rate activity energy whole middle. System figure explain mother Mrs.
LST-4372,PRP-1906,AGT-0123,1135000.0,2022-07-24,2022-09-29,Active,,Different team painting too of certain recognize. Building court travel end media bill risk.
LST-4373,PRP-1992,AGT-0050,490500.0,2023-06-27,2023-09-17,Sold,261.0,Ever together degree rather you. Mouth dark themselves article about.
LST-4374,PRP-3427,AGT-0272,1299400.0,2023-04-20,2023-04-11,Sold,95.0,Again wear college argue also like form. Maybe election law economic yes economy.
LST-4375,PRP-4563,AGT-0021,374100.0,2022-08-24,2022-12-15,Withdrawn,161.0,They side material raise involve information community. Describe fall thousand.
LST-4376,PRP-1654,AGT-0186,2627400.0,2022-03-02,2022-07-21,Active,116.0,Reach plant beyond everyone.
LST-4377,PRP-3673,AGT-0162,131700.0,2021-05-09,2021-10-07,Sold,68.0,New generation service. Sign soon cell all over wrong season learn.
LST-4378,PRP-2768,AGT-0028,1764800.0,2021-02-12,2021-03-15,Expired,100.0,Fight check down produce. Hard stop performance language at.
LST-4379,PRP-0031,AGT-0232,2341300.0,2021-09-07,2021-11-30,Withdrawn,22.0,Anything travel course. Guy store human.
LST-4380,PRP-3690,AGT-0171,1121400.0,2022-09-05,2023-03-01,Sold,361.0,Country should together service.
LST-4381,PRP-2768,AGT-0130,473600.0,2023-05-21,2023-10-18,Expired,,Old their suffer audience reduce four top white.
LST-4382,PRP-4970,AGT-0174,634900.0,2024-06-23,2024-08-18,Sold,,Nice item to them notice medical recent. Enough star sort describe management.
LST-4383,PRP-1335,AGT-0109,914400.0,2020-01-23,2020-06-10,Active,,Chair group live action listen.
LST-4384,PRP-1595,AGT-0021,2117400.0,2021-08-27,2021-08-18,Sold,149.0,Up remember learn of material ability. Program traditional behind place course town economic.
LST-4385,PRP-1226,AGT-0148,440800.0,2022-09-03,2022-11-13,Sold,158.0,Public at risk image job. Play organization lot collection since system.
LST-4386,PRP-4721,AGT-0178,661800.0,2022-10-20,2023-01-24,Sold,42.0,Point maybe prevent without.
LST-4387,PRP-4543,AGT-0103,885000.0,2021-03-16,2021-05-15,Sold,42.0,Program probably evidence which professional.
LST-4388,PRP-4243,AGT-0143,981700.0,2023-08-26,2023-10-14,Expired,122.0,Simple subject seat key physical three write hospital.
LST-4389,PRP-0788,AGT-0284,1278700.0,2021-11-15,2022-04-26,Expired,281.0,Nice many center sound.
LST-4390,PRP-3099,AGT-0286,693300.0,2021-12-26,2022-04-01,Sold,156.0,Sort wrong give few see enjoy. Old size action.
LST-4391,PRP-3258,AGT-0120,1828800.0,2021-05-26,2021-08-13,Sold,228.0,Thousand region require want may.
LST-4392,PRP-1019,AGT-0167,742700.0,2021-11-26,2022-03-27,Withdrawn,144.0,Already yeah summer structure animal. Eye fast simply process.
LST-4393,PRP-1206,AGT-0120,2275800.0,2022-08-07,2022-12-31,Sold,118.0,Leader letter rest floor. Have player concern place teach approach.
LST-4394,PRP-0338,AGT-0024,1439300.0,2022-10-13,2023-03-25,Active,130.0,Open seven white. Especially upon beautiful.
LST-4395,PRP-3870,AGT-0028,1398800.0,2022-11-02,2023-04-02,Active,78.0,Economy above executive long various.
LST-4396,PRP-0815,AGT-0101,1485400.0,2023-11-28,2024-02-07,Sold,,Nothing visit never eight large.
LST-4397,PRP-0329,AGT-0152,2569300.0,2023-08-03,2024-01-29,Sold,317.0,Start common recognize book win. Person moment stock national.
LST-4398,PRP-4103,AGT-0074,172700.0,2024-04-29,2024-07-03,Withdrawn,57.0,Style surface local rise.
LST-4399,PRP-4918,AGT-0127,1770100.0,2022-10-13,2022-11-28,Sold,70.0,Fill figure attention six hear. Myself movie television style six center none.
LST-4400,PRP-4003,AGT-0053,2119900.0,2023-01-26,2023-03-09,Sold,84.0,Special produce maintain imagine wear raise. Despite address question consider image security your.
LST-4401,PRP-4248,AGT-0058,628700.0,2020-10-08,2020-11-18,Withdrawn,354.0,Energy yet arrive trial cut. Attorney hair remember care over public.
LST-4402,PRP-0262,AGT-0185,1294000.0,2021-04-25,2021-10-08,Pending,317.0,Effect box leader western.
LST-4403,PRP-2892,AGT-0050,1058000.0,2022-05-18,2022-09-15,Sold,171.0,Capital last ago watch.
LST-4404,PRP-1961,AGT-0054,669900.0,2022-11-14,2022-12-27,Expired,59.0,Message alone approach hope. Able then church deep.
LST-4405,PRP-1994,AGT-0224,2196300.0,2022-04-10,2022-08-04,Sold,107.0,Edge everybody international change once. Scientist far bring probably citizen.
LST-4406,PRP-3275,AGT-0038,1794600.0,2021-10-10,2022-04-07,Expired,108.0,Summer education star can analysis full wonder. Happy degree ask quality expert beat education.
LST-4407,PRP-2812,AGT-0184,1560300.0,2023-02-20,2023-06-24,Sold,151.0,True sell myself base term bill.
LST-4408,PRP-0909,AGT-0124,2009600.0,2020-04-20,2020-08-22,Expired,291.0,Difference worry why must property area door.
LST-4409,PRP-4020,AGT-0161,250200.0,2022-03-24,2022-05-29,Expired,108.0,Agreement describe rate include turn involve center.
LST-4410,PRP-1500,AGT-0260,2306800.0,2020-12-08,2021-02-05,Sold,224.0,Early sometimes hotel of now partner public. Management then PM mother can remember summer.
LST-4411,PRP-3412,AGT-0225,2398600.0,2020-09-07,2021-02-12,Withdrawn,165.0,Talk wind compare fast surface study fall.
LST-4412,PRP-0771,AGT-0225,515000.0,2021-09-17,2021-11-06,Sold,5.0,That sea class throughout might agree single skill. Education sister modern whole.
LST-4413,PRP-0626,AGT-0101,1948100.0,2024-03-12,2024-02-23,Withdrawn,183.0,Help since toward fund list during. Ball choose history many.
LST-4414,PRP-3670,AGT-0028,1709800.0,2023-07-06,2023-08-20,Sold,,Bill war authority ago lose dream. Political without hand clearly some animal happen.
LST-4415,PRP-0486,AGT-0190,2200800.0,2020-08-01,2020-12-19,Active,298.0,Might cover can example. Television various lose born local hit.
LST-4416,PRP-1384,AGT-0168,1188300.0,2021-02-28,2021-04-22,Sold,80.0,College hold nice financial ago summer computer whose. Director argue live partner.
LST-4417,PRP-1159,AGT-0247,2729200.0,2020-12-06,2021-06-03,Withdrawn,129.0,Long capital manager card. Cultural stop democratic visit civil say.
LST-4418,PRP-2856,AGT-0252,2275600.0,2024-06-12,2024-08-30,Sold,210.0,Two determine ever head chance next hold.
LST-4419,PRP-3268,AGT-0229,469300.0,2021-04-05,2021-05-31,Sold,13.0,In once management color can notice table.
LST-4420,PRP-0677,AGT-0273,1239100.0,2023-09-17,2023-11-28,Sold,138.0,Necessary about matter go sense report hair character.
LST-4421,PRP-3795,AGT-0226,804300.0,2023-01-10,2023-05-02,Sold,326.0,Audience interesting enjoy that music age ahead.
LST-4422,PRP-0338,AGT-0152,249400.0,2020-07-31,2020-10-03,Sold,166.0,Under over build if best. Whom explain tonight look glass he become.
LST-4423,PRP-1574,AGT-0128,2158300.0,2024-04-16,2024-08-20,Sold,347.0,However involve owner tend learn important note.
LST-4424,PRP-0969,AGT-0294,605500.0,2021-03-06,2021-07-01,Sold,347.0,Wife significant room cut score like.
LST-4425,PRP-3485,AGT-0108,1599100.0,2021-10-07,2022-01-01,Expired,150.0,Must represent nothing bar understand stage.
LST-4426,PRP-0851,AGT-0110,123900.0,2020-05-25,2020-11-13,Expired,250.0,Charge foot especially time individual. Investment another letter.
LST-4427,PRP-1688,AGT-0020,253300.0,2021-03-03,2021-06-24,Active,37.0,Type vote politics agent reflect. Note author part field pattern also agent.
LST-4428,PRP-1909,AGT-0134,2065500.0,2020-04-04,2020-08-02,Active,253.0,Next skin but for property. Worry little remember great remain statement head matter.
LST-4429,PRP-0500,AGT-0115,2735200.0,2020-01-14,2020-02-13,Active,140.0,Serve company point recent suddenly foreign. Sure control recent human politics series car third.
LST-4430,PRP-0416,AGT-0091,1678000.0,2024-03-11,2024-08-10,Active,58.0,Spend reason throughout until interest food ten. Possible prepare speech billion give measure wait.
LST-4431,PRP-0824,AGT-0122,1794400.0,2021-04-01,2021-07-05,Pending,189.0,Situation direction forget bad improve.
LST-4432,PRP-3116,AGT-0201,144600.0,2020-02-16,2020-06-17,Expired,288.0,Area wear experience face. Decision skill since action spend.
LST-4433,PRP-3280,AGT-0220,1896800.0,2020-05-02,2020-08-19,Sold,121.0,Write especially sense really.
LST-4434,PRP-2514,AGT-0199,1725600.0,2020-10-28,2021-04-25,Sold,310.0,Many condition until fire most success. Forward according black baby address hear possible.
LST-4435,PRP-3569,AGT-0104,2195900.0,2020-01-11,2020-06-28,Sold,130.0,Feel young clear fact wonder let church.
LST-4436,PRP-2562,AGT-0119,1489400.0,2022-09-08,2023-03-04,Expired,338.0,Foot laugh pull article sort only. Away American wrong mouth trouble thousand.
LST-4437,PRP-4815,AGT-0142,2974400.0,2023-12-11,2024-06-04,Withdrawn,106.0,Air fast since house half after.
LST-4438,PRP-2268,AGT-0022,791200.0,2022-06-06,2022-10-09,Sold,,Throw design age at customer. Those American quality fast their recently.
LST-4439,PRP-3586,AGT-0282,1617200.0,2022-04-26,2022-07-22,Sold,344.0,Time similar child boy.
LST-4440,PRP-2085,AGT-0142,152200.0,2024-01-17,2024-03-16,Sold,188.0,Institution act difference worker model.
LST-4441,PRP-4479,AGT-0173,1937000.0,2022-04-28,2022-07-20,Sold,343.0,Power unit parent. Gun between actually fast.
LST-4442,PRP-1371,AGT-0099,985700.0,2022-04-15,2022-05-29,Sold,293.0,Country hour ball life.
LST-4443,PRP-1247,AGT-0023,170700.0,2020-07-30,2021-01-22,Active,15.0,President local system successful than sell many. Soldier place fact music great speak beyond.
LST-4444,PRP-2427,AGT-0179,1062300.0,2022-02-06,2022-07-20,Active,217.0,Business develop possible life real north might she. Worker nearly could job little would sort.
LST-4445,PRP-2446,AGT-0184,397900.0,2022-02-25,2022-04-18,Withdrawn,228.0,Dream huge say how recently low none. Instead table training tough land through down.
LST-4446,PRP-0052,AGT-0046,440300.0,2023-10-29,2023-11-29,Expired,238.0,Who go modern rock choice act generation.
LST-4447,PRP-4871,AGT-0122,1763400.0,2020-08-03,2020-11-26,Sold,11.0,Weight study try recent above medical note. Light player similar throw truth thing outside bed.
LST-4448,PRP-1232,AGT-0203,2130300.0,2022-06-21,2022-11-19,Sold,296.0,See network student effect consumer student. Imagine read from change address.
LST-4449,PRP-3418,AGT-0013,853000.0,2021-01-11,2021-03-30,Sold,26.0,Operation tough executive skin.
LST-4450,PRP-4313,AGT-0098,510000.0,2020-02-27,2020-05-09,Withdrawn,46.0,Compare when past. Lot box pay sign option blood.
LST-4451,PRP-0494,AGT-0063,1891300.0,2021-07-17,2021-10-07,Expired,286.0,Break career news just south drive run push.
LST-4452,PRP-3529,AGT-0245,730400.0,2020-03-13,2020-09-01,Sold,88.0,Support usually what agent.
LST-4453,PRP-3750,AGT-0247,1888100.0,2022-04-21,2022-08-09,Expired,151.0,Stay media life rich research yourself. Loss spend hair by feeling within.
LST-4454,PRP-3237,AGT-0168,386300.0,2023-09-13,2024-03-10,Sold,37.0,Perhaps reason point win business party plant. Owner man window ball right how.
LST-4455,PRP-3106,AGT-0284,1088200.0,2021-02-11,2021-05-21,Withdrawn,16.0,Lead decade grow animal after about region community. Open marriage over candidate.
LST-4456,PRP-1319,AGT-0089,2178200.0,2022-11-22,2023-03-30,Expired,151.0,Economic gas season.
LST-4457,PRP-2807,AGT-0207,1600200.0,2022-10-04,2022-11-08,Withdrawn,220.0,Involve office bed student music production agree. Why scene vote should story move unit prove.
LST-4458,PRP-1707,AGT-0179,2817400.0,2024-04-26,2024-04-07,Active,175.0,Outside very face country speech president sit.
LST-4459,PRP-3261,AGT-0225,1765400.0,2021-07-19,2021-12-23,Sold,61.0,Star news pull watch what thing model.
LST-4460,PRP-1798,AGT-0062,2405900.0,2021-05-13,2021-10-25,Sold,158.0,Billion impact push mind protect least also.
LST-4461,PRP-4257,AGT-0173,70100.0,2020-05-22,2020-07-12,Active,38.0,Kind fear give speech all laugh.
LST-4462,PRP-2249,AGT-0124,1717900.0,2021-06-18,2021-09-13,Sold,220.0,Your task himself price. Fall can visit view rich.
LST-4463,PRP-0264,AGT-0066,1379700.0,2022-12-24,2023-06-09,Active,95.0,Half be apply way what.
LST-4464,PRP-1777,AGT-0072,2026500.0,2022-02-26,2022-02-24,Sold,246.0,College team memory change very improve.
LST-4465,PRP-3022,AGT-0145,223700.0,2023-05-11,2023-06-23,Expired,232.0,Two time back activity. Today exist network policy usually.
LST-4466,PRP-3915,AGT-0215,605500.0,2020-05-04,2020-10-16,Sold,150.0,It sit power operation at during make light. Material allow law million.
LST-4467,PRP-3823,AGT-0274,2329700.0,2023-11-24,2024-01-31,Sold,82.0,Game reality child for training describe. Hundred paper question interesting feeling.
LST-4468,PRP-0377,AGT-0040,2474000.0,2020-08-31,2021-02-09,Withdrawn,320.0,Art pattern since ready enough. Special country save once challenge forward question.
LST-4469,PRP-3786,AGT-0035,2204000.0,2022-05-27,2022-07-10,Sold,167.0,Teach husband fear. Interest continue create heart.
LST-4470,PRP-2424,AGT-0212,1348200.0,2020-03-28,2020-05-05,Expired,214.0,Stock model trip support full.
LST-4471,PRP-0607,AGT-0269,1045900.0,2022-09-17,2022-10-18,Expired,97.0,Reveal popular history window allow money happen. Force matter enter enter buy.
LST-4472,PRP-2517,AGT-0218,663300.0,2022-05-14,2022-09-07,Withdrawn,349.0,Behind speech foot and mouth live.
LST-4473,PRP-2464,AGT-0134,1008700.0,2020-05-15,2020-06-21,Active,335.0,Money color air. Senior movie could half.
LST-4474,PRP-3070,AGT-0261,1414400.0,2020-08-16,2020-09-19,Active,29.0,After put difference nothing. Movie about discuss size grow far close.
LST-4475,PRP-2976,AGT-0297,2334400.0,2021-11-27,2022-05-13,Sold,45.0,Police themselves eight tend soon. Thing sing produce protect involve.
LST-4476,PRP-2063,AGT-0103,1576700.0,2021-07-29,2021-12-13,Active,,Consider most magazine thousand drop.
LST-4477,PRP-1314,AGT-0151,207000.0,2022-07-07,2022-09-22,Sold,329.0,Office glass yard. Available subject social paper concern.
LST-4478,PRP-1083,AGT-0260,637900.0,2021-06-09,2021-08-11,Withdrawn,167.0,Always cause dream wear suddenly go.
LST-4479,PRP-4607,AGT-0006,1103400.0,2020-08-30,2020-10-27,Expired,,Understand yourself room chair feel beyond cold.
LST-4480,PRP-2875,AGT-0290,2759000.0,2022-03-11,2022-04-28,Active,224.0,Remember here tell stage agency. Once expect among cultural wonder week step.
LST-4481,PRP-0932,AGT-0156,1450100.0,2022-02-22,2022-06-19,Expired,333.0,Leg offer today.
LST-4482,PRP-3459,AGT-0233,658900.0,2021-11-05,2021-12-06,Active,53.0,My past cost month reach life.
LST-4483,PRP-3338,AGT-0288,1668600.0,2023-04-02,2023-07-14,Sold,364.0,Subject worker lose determine.
LST-4484,PRP-3347,AGT-0150,686500.0,2022-05-23,2022-07-16,Active,261.0,Ground may ask weight common near under. Ahead lot green service throughout first north arm.
LST-4485,PRP-2208,AGT-0128,998200.0,2021-04-18,2021-10-01,Active,201.0,Official meeting politics soon across. Truth resource result ability care wind smile.
LST-4486,PRP-1320,AGT-0154,592000.0,2024-01-17,2024-05-18,Sold,217.0,Book surface executive four movie people person air.
LST-4487,PRP-1630,AGT-0046,2270800.0,2021-05-27,2021-07-18,Sold,166.0,Poor region their site. Alone whose if while hospital interview Republican.
LST-4488,PRP-1403,AGT-0271,1310300.0,2023-03-08,2023-07-21,Sold,261.0,Relationship blue American back imagine.
LST-4489,PRP-1867,AGT-0138,1118200.0,2023-12-17,2023-12-15,Sold,309.0,Audience huge agent trial. Often likely forward case nor artist.
LST-4490,PRP-0753,AGT-0095,833100.0,2020-10-22,2021-02-18,Expired,89.0,Field people play that.
LST-4491,PRP-3215,AGT-0181,159500.0,2023-10-10,2024-01-20,Active,67.0,Everyone board occur sport majority social total.
LST-4492,PRP-3420,AGT-0055,1659400.0,2021-04-29,2021-06-11,Expired,54.0,Turn kitchen dinner democratic different if ok.
LST-4493,PRP-1623,AGT-0234,1208700.0,2020-04-25,2020-04-02,Withdrawn,171.0,Lawyer also character.
LST-4494,PRP-0228,AGT-0107,2878700.0,2023-08-08,2023-09-26,Withdrawn,,Hear want other sense benefit. Case arm write fast.
LST-4495,PRP-3520,AGT-0173,689900.0,2020-10-26,2020-11-26,Sold,188.0,Training wide short cause appear improve threat major. Learn without knowledge focus.
LST-4496,PRP-4573,AGT-0259,2447000.0,2020-02-23,2020-02-10,Expired,3.0,Yet green need whose decide heavy. Stand almost tend capital lawyer.
LST-4497,PRP-0362,AGT-0029,610900.0,2021-01-05,2021-04-26,Sold,108.0,Outside nature no better order that hold. Between bank head issue others.
LST-4498,PRP-1060,AGT-0100,2826300.0,2021-06-24,2021-08-04,Active,215.0,Can image north social.
LST-4499,PRP-4613,AGT-0018,58400.0,2024-01-19,2024-06-22,Active,287.0,Small last authority history would write idea. Mrs take because food soon.
LST-4500,PRP-2038,AGT-0299,936200.0,2022-09-29,2023-02-02,Sold,257.0,Heart learn father glass law garden determine.
LST-4501,PRP-1406,AGT-0176,1948600.0,2023-09-22,2024-03-11,Active,138.0,Bag mention game write. Science official here bit.
LST-4502,PRP-4157,AGT-0164,2132700.0,2023-01-20,2023-04-16,Sold,356.0,Star how miss might.
LST-4503,PRP-0831,AGT-0285,352300.0,2022-07-26,2022-11-06,Expired,230.0,Community either leg fear on political pick consumer.
LST-4504,PRP-2310,AGT-0036,1997200.0,2023-07-06,2023-10-13,Sold,308.0,Test his performance.
LST-4505,PRP-4342,AGT-0109,2005600.0,2020-10-24,2021-01-21,Sold,143.0,Happen culture seem president fear fish none.
LST-4506,PRP-3682,AGT-0144,2724200.0,2024-01-30,2024-04-01,Pending,294.0,Significant group brother add hotel authority. No year statement especially someone.
LST-4507,PRP-2984,AGT-0224,461700.0,2022-08-17,2022-11-24,Sold,231.0,Early ability computer summer.
LST-4508,PRP-0674,AGT-0220,1687500.0,2022-12-13,2023-02-25,Active,,Realize thousand where interesting control newspaper program.
LST-4509,PRP-4668,AGT-0275,975000.0,2023-11-15,2024-01-02,Sold,18.0,Low food clearly program.
LST-4510,PRP-0306,AGT-0182,298000.0,2020-08-12,2020-12-26,Withdrawn,341.0,Hour as when all. Itself another rule huge less view.
LST-4511,PRP-1695,AGT-0159,1555300.0,2023-02-28,2023-06-29,Expired,225.0,Them use figure fear. However court music may although.
LST-4512,PRP-0377,AGT-0292,2114300.0,2021-08-31,2021-10-11,Expired,,Chair environmental protect door soon.
LST-4513,PRP-2736,AGT-0265,2323300.0,2022-07-17,2022-09-01,Withdrawn,94.0,Soldier hand change writer support a challenge.
LST-4514,PRP-3748,AGT-0271,1824500.0,2020-01-22,2020-05-31,Sold,293.0,Try down challenge plan.
LST-4515,PRP-0569,AGT-0144,1874200.0,2023-10-30,2024-04-11,Expired,265.0,Likely world defense trip option long.
LST-4516,PRP-1464,AGT-0214,1470800.0,2020-01-18,2020-04-29,Sold,,Cup score one my while vote. Positive though strategy type computer.
LST-4517,PRP-2830,AGT-0180,512100.0,2023-03-25,2023-06-22,Withdrawn,307.0,Data company nearly wide.
LST-4518,PRP-4896,AGT-0290,469700.0,2024-04-12,2024-07-13,Active,192.0,Husband sense after strong.
LST-4519,PRP-3130,AGT-0030,1066900.0,2021-09-11,2021-11-29,Sold,37.0,Method tell music local kind free. Industry themselves sell finally.
LST-4520,PRP-1162,AGT-0232,1790500.0,2023-06-19,2023-10-16,Pending,111.0,Pressure education less accept but figure head.
LST-4521,PRP-4679,AGT-0206,1886400.0,2022-11-19,2023-01-14,Active,326.0,Enjoy choice do summer appear sell.
LST-4522,PRP-0105,AGT-0100,2434600.0,2024-02-26,2024-08-21,Sold,119.0,Deal option stuff very natural another.
LST-4523,PRP-0767,AGT-0161,2049000.0,2023-03-11,2023-05-21,Sold,91.0,Style sell door shake difficult management modern. Defense right change lay realize.
LST-4524,PRP-1968,AGT-0045,918400.0,2022-06-20,2022-11-04,Expired,176.0,Near in face. Performance I whole effect.
LST-4525,PRP-4260,AGT-0076,974900.0,2020-09-17,2020-11-15,Sold,237.0,Matter drug husband response.
LST-4526,PRP-2369,AGT-0114,238900.0,2020-04-23,2020-06-14,Pending,292.0,Practice throw data where first place. Ago back minute bed agree.
LST-4527,PRP-4712,AGT-0247,1785700.0,2020-01-24,2020-06-08,Withdrawn,248.0,Left meet party ten friend understand. Senior later audience certainly almost talk door.
LST-4528,PRP-4441,AGT-0069,1355800.0,2021-04-21,2021-06-16,Sold,333.0,Test attack discover energy four yourself many.
LST-4529,PRP-1171,AGT-0194,287900.0,2023-01-10,2023-06-27,Sold,282.0,Design theory policy concern. Expert whatever person do sound.
LST-4530,PRP-3986,AGT-0093,1142500.0,2022-09-29,2022-09-04,Sold,272.0,Someone clear shoulder put trip. Who wall so first action let.
LST-4531,PRP-1070,AGT-0279,2522600.0,2021-06-22,2021-09-01,Sold,256.0,Parent expect dog.
LST-4532,PRP-4271,AGT-0265,525000.0,2024-05-20,2024-07-20,Active,238.0,Focus win own.
LST-4533,PRP-2390,AGT-0044,2061200.0,2022-07-30,2023-01-22,Expired,204.0,Find action like room.
LST-4534,PRP-0857,AGT-0239,388600.0,2021-02-03,2021-04-01,Sold,84.0,Course arm develop physical sit.
LST-4535,PRP-4194,AGT-0059,1499800.0,2022-04-19,2022-09-11,Active,141.0,Child cover assume director east add. Fill rest everything bill.
LST-4536,PRP-0391,AGT-0281,1752700.0,2020-09-17,2020-11-26,Pending,144.0,Old place drive other difficult only result.
LST-4537,PRP-4291,AGT-0084,1762500.0,2020-05-02,2020-09-19,Active,121.0,Hard series black war spring. Success society industry newspaper.
LST-4538,PRP-1149,AGT-0259,1330000.0,2020-01-01,2020-06-02,Sold,272.0,Scientist argue learn candidate.
LST-4539,PRP-0967,AGT-0045,2127500.0,2024-04-08,2024-09-14,Withdrawn,,Safe stop politics sing. Identify sport lot public.
LST-4540,PRP-0601,AGT-0019,2750000.0,2021-03-10,2021-06-11,Sold,22.0,Relationship cut bag me.
LST-4541,PRP-1652,AGT-0037,1135200.0,2022-08-22,2022-11-24,Sold,103.0,Build building cut let happen pull. Stock imagine finish hot.
LST-4542,PRP-0170,AGT-0085,205000.0,2024-05-01,2024-09-29,Pending,365.0,Ground arm senior strong husband.
LST-4543,PRP-2129,AGT-0138,2201900.0,2022-11-09,2023-03-30,Sold,165.0,Fear carry itself course reflect. Might wonder democratic whom environment.
LST-4544,PRP-3354,AGT-0141,450500.0,2020-10-16,2021-04-05,Expired,230.0,Evening dog field least store media. Answer magazine theory.
LST-4545,PRP-2458,AGT-0055,974700.0,2021-01-03,2021-04-12,Sold,100.0,Attorney such later education. Baby treatment tree change deal move price west.
LST-4546,PRP-0752,AGT-0226,1966200.0,2021-01-30,2021-05-07,Sold,294.0,Race thus true number.
LST-4547,PRP-3870,AGT-0183,472400.0,2020-08-30,2021-02-14,Sold,117.0,Whole side food trouble management some.
LST-4548,PRP-4067,AGT-0255,123700.0,2020-12-01,2021-04-21,Sold,236.0,Fill together herself its miss born mention once.
LST-4549,PRP-0138,AGT-0053,1302400.0,2023-05-19,2023-06-26,Sold,37.0,Different fine lawyer point data. Word send cup over also identify.
LST-4550,PRP-0272,AGT-0079,510500.0,2021-05-26,2021-10-06,Active,151.0,Order who free each serve yourself laugh power. Lead around often side treat with.
LST-4551,PRP-0468,AGT-0045,1684200.0,2023-06-24,2023-07-25,Sold,214.0,Lot look investment push suggest.
LST-4552,PRP-4760,AGT-0019,2299200.0,2020-02-19,2020-05-07,Active,196.0,Rich drop top simple strong my.
LST-4553,PRP-1512,AGT-0251,1409900.0,2021-07-02,2021-10-05,Expired,324.0,Build free wonder music. May house along.
LST-4554,PRP-3988,AGT-0203,336800.0,2021-01-27,2021-03-25,Sold,,Guess almost guy speak focus within. Member finish born physical court.
LST-4555,PRP-1954,AGT-0091,1485600.0,2022-05-12,2022-08-15,Sold,,Prevent film response property right if. Student every but continue own.
LST-4556,PRP-3737,AGT-0205,1190800.0,2020-11-09,2021-01-13,Active,238.0,Kind parent way theory accept up start. Late house but seek build least film.
LST-4557,PRP-1958,AGT-0152,1044100.0,2021-08-18,2021-11-08,Expired,23.0,Visit six base character. Up bill health responsibility suddenly.
LST-4558,PRP-1611,AGT-0256,924300.0,2022-03-25,2022-06-26,Sold,7.0,Continue oil finish expect.
LST-4559,PRP-3823,AGT-0009,1933600.0,2023-06-24,2023-11-28,Expired,44.0,Surface prepare as she attack forward. Up too yourself analysis newspaper big.
LST-4560,PRP-3639,AGT-0210,1354200.0,2021-03-11,2021-08-31,Pending,43.0,Test wonder would power tree with voice I.
LST-4561,PRP-0572,AGT-0133,2745700.0,2023-12-19,2024-05-02,Sold,244.0,Off avoid although any.
LST-4562,PRP-4272,AGT-0064,1759300.0,2023-05-01,2023-07-27,Pending,168.0,Medical before kind fear discover hour. Forward military day chance.
LST-4563,PRP-0373,AGT-0299,2147100.0,2020-12-02,2021-02-04,Expired,,It party consumer through.
LST-4564,PRP-4083,AGT-0216,1245600.0,2024-02-17,2024-04-23,Sold,,Allow audience understand.
LST-4565,PRP-0105,AGT-0132,1094200.0,2023-07-19,2023-12-15,Expired,120.0,Idea give represent cover able onto attention.
LST-4566,PRP-1519,AGT-0111,1543200.0,2020-06-20,2020-08-22,Sold,287.0,Prepare everybody those here home on pass however.
LST-4567,PRP-3380,AGT-0188,181400.0,2020-12-21,2021-02-23,Sold,227.0,Establish see say country. Itself whom former expect nothing world.
LST-4568,PRP-3077,AGT-0091,1445000.0,2023-02-12,2023-04-28,Sold,,Born least act lot ball nice.
LST-4569,PRP-1259,AGT-0207,1060800.0,2020-12-17,2021-05-17,Sold,118.0,Go play each daughter owner. Add short history.
LST-4570,PRP-0400,AGT-0270,1121200.0,2020-03-03,2020-05-11,Sold,61.0,Behavior also table. Argue public next voice single type perhaps.
LST-4571,PRP-1839,AGT-0085,1197200.0,2021-12-20,2021-12-12,Expired,,Space group good could laugh. Believe lawyer too worker.
LST-4572,PRP-0270,AGT-0224,2307500.0,2022-01-10,2022-06-26,Sold,197.0,To teach thank.
LST-4573,PRP-1609,AGT-0196,951400.0,2024-05-03,2024-08-18,Sold,12.0,Suddenly impact Democrat activity about daughter start.
LST-4574,PRP-1493,AGT-0298,1461000.0,2022-12-11,2023-06-08,Withdrawn,,Leg issue college catch chair. Receive interest finish region although machine among usually.
LST-4575,PRP-0413,AGT-0100,1245900.0,2020-12-07,2021-03-29,Sold,48.0,Entire right ever statement fish. Sister citizen much alone quickly.
LST-4576,PRP-4203,AGT-0198,2727400.0,2020-01-14,2020-01-07,Sold,34.0,Difficult cup section have. Itself always television true security much billion.
LST-4577,PRP-3233,AGT-0036,362400.0,2023-06-14,2023-10-11,Sold,356.0,Send occur carry feeling. Interesting itself too evening their continue for.
LST-4578,PRP-2971,AGT-0059,1008500.0,2021-08-16,2021-09-26,Sold,352.0,How physical as should firm guess.
LST-4579,PRP-1641,AGT-0132,1122600.0,2020-03-02,2020-02-09,Sold,189.0,Possible development little middle. Computer place form someone dinner.
LST-4580,PRP-2017,AGT-0218,812500.0,2023-09-18,2024-02-17,Sold,139.0,Herself field here.
LST-4581,PRP-3469,AGT-0164,835100.0,2021-07-16,2021-07-11,Withdrawn,201.0,Feel yourself society. Beat news instead million under too piece.
LST-4582,PRP-2834,AGT-0009,2462800.0,2021-10-29,2022-01-03,Sold,215.0,Own from make coach such television card. Continue history big.
LST-4583,PRP-1190,AGT-0081,1626800.0,2021-03-08,2021-08-04,Active,153.0,Certain mean population tough.
LST-4584,PRP-3574,AGT-0005,1955900.0,2020-05-06,2020-08-12,Sold,26.0,Mr someone employee save successful any college. Magazine campaign likely world safe.
LST-4585,PRP-2355,AGT-0034,1391700.0,2022-01-21,2022-07-01,Sold,181.0,Laugh customer else summer.
LST-4586,PRP-4689,AGT-0239,1294000.0,2021-03-27,2021-06-14,Expired,32.0,Former teach section page popular.
LST-4587,PRP-4133,AGT-0295,2119200.0,2023-03-05,2023-05-09,Sold,275.0,Model mouth explain fly. Nation identify argue draw television.
LST-4588,PRP-0561,AGT-0213,450900.0,2023-03-30,2023-05-12,Sold,327.0,Blue eight other chair real everything charge put. Successful continue once history nor trial same moment.
LST-4589,PRP-2599,AGT-0060,1100000.0,2021-08-26,2021-09-28,Sold,,Chance sport dinner significant hospital.
LST-4590,PRP-3570,AGT-0078,1139500.0,2022-08-04,2023-01-31,Active,275.0,Avoid record defense point color director beat. Remain scientist ball tell must Congress affect.
LST-4591,PRP-0469,AGT-0163,1473800.0,2020-12-22,2021-02-15,Expired,331.0,Serious region rate sort development easy. Military myself throughout our improve.
LST-4592,PRP-0679,AGT-0277,1615600.0,2022-09-18,2023-03-07,Sold,,Open include know water our always true concern. Early increase human.
LST-4593,PRP-4602,AGT-0086,2627400.0,2024-02-03,2024-05-03,Withdrawn,39.0,Two soldier simple.
LST-4594,PRP-2642,AGT-0298,1031300.0,2022-09-19,2023-01-25,Active,144.0,Local three reach ground simple way nice. Large place pass participant maybe miss argue.
LST-4595,PRP-0816,AGT-0150,380600.0,2020-09-02,2020-10-22,Active,98.0,Know pay job significant wind tonight have right. However act officer value value term.
LST-4596,PRP-4969,AGT-0169,1175200.0,2023-10-29,2024-01-23,Withdrawn,233.0,Senior with heart increase thing. Respond around management record.
LST-4597,PRP-0958,AGT-0216,1031000.0,2021-06-13,2021-06-08,Active,87.0,Piece crime popular mouth crime radio. Recently sure skill necessary.
LST-4598,PRP-1491,AGT-0184,2497200.0,2023-10-07,2024-02-05,Expired,146.0,Buy loss single project impact discussion necessary.
LST-4599,PRP-0294,AGT-0005,1663400.0,2022-03-10,2022-07-10,Sold,210.0,Affect garden lawyer job. Nation system sea author seek.
LST-4600,PRP-2355,AGT-0106,400300.0,2021-11-21,2022-02-24,Active,1.0,Line indeed should require one.
LST-4601,PRP-2920,AGT-0285,436700.0,2020-01-13,2020-04-02,Pending,351.0,Care cause course lot class raise out. Early ball power stock follow adult drug.
LST-4602,PRP-4310,AGT-0286,2439400.0,2021-02-24,2021-03-27,Active,276.0,Finally record throw late hand data some.
LST-4603,PRP-0438,AGT-0019,2737500.0,2020-08-05,2020-11-29,Active,303.0,Argue believe building public for.
LST-4604,PRP-4014,AGT-0175,700700.0,2020-09-16,2020-12-09,Expired,,Value if bed knowledge age popular southern. Consumer myself face attention Mr new agree.
LST-4605,PRP-1774,AGT-0105,723900.0,2021-10-07,2021-09-17,Sold,294.0,Woman treat data thing.
LST-4606,PRP-0880,AGT-0190,630900.0,2021-12-07,2022-02-07,Active,,Born couple guess. Around production especially fund now friend.
LST-4607,PRP-4481,AGT-0108,496000.0,2022-02-26,2022-05-13,Sold,94.0,Mouth eye year red car enter new range. Recent can style despite.
LST-4608,PRP-0645,AGT-0190,1350700.0,2023-07-21,2023-10-14,Sold,,Toward teach end right read. Specific series culture contain now both.
LST-4609,PRP-1182,AGT-0142,1059900.0,2023-04-21,2023-09-29,Sold,155.0,Soon light pass.
LST-4610,PRP-1337,AGT-0079,1378300.0,2020-01-21,2020-05-31,Sold,270.0,Remember finish hospital girl couple common. Alone behind response go born firm most.
LST-4611,PRP-2522,AGT-0103,1014900.0,2023-12-25,2024-05-28,Active,130.0,American myself indeed unit happy table.
LST-4612,PRP-4471,AGT-0076,1959200.0,2021-05-14,2021-10-27,Pending,222.0,Official compare high government.
LST-4613,PRP-0806,AGT-0221,1273700.0,2022-08-26,2022-11-11,Active,67.0,For yard back certain.
LST-4614,PRP-1020,AGT-0189,2054400.0,2023-05-14,2023-07-21,Expired,275.0,Region article garden he.
LST-4615,PRP-4611,AGT-0143,756600.0,2021-01-14,2021-03-08,Sold,243.0,White seem authority simply.
LST-4616,PRP-1468,AGT-0126,562600.0,2021-09-13,2021-12-24,Active,294.0,Popular actually decision laugh easy community. Figure mission when community north positive.
LST-4617,PRP-1250,AGT-0136,1558200.0,2022-11-04,2022-12-08,Active,310.0,Mean after serious garden.
LST-4618,PRP-2006,AGT-0283,2355200.0,2024-05-25,2024-07-09,Expired,231.0,Can scientist church own action.
LST-4619,PRP-2099,AGT-0203,2318300.0,2022-12-31,2023-04-27,Active,,Training establish both process discover break reveal. See eye wait rest.
LST-4620,PRP-2992,AGT-0079,167300.0,2022-05-09,2022-07-29,Sold,159.0,End up book former past oil. Style good thing control.
LST-4621,PRP-2788,AGT-0124,2861700.0,2020-12-01,2021-05-19,Pending,230.0,Least quite strong interest.
LST-4622,PRP-3189,AGT-0017,2734500.0,2024-01-19,2024-03-20,Active,77.0,Top hand senior together difficult.
LST-4623,PRP-1289,AGT-0034,1233700.0,2021-09-18,2022-01-06,Active,319.0,Any alone wish a speak go. Especially general receive speak together.
LST-4624,PRP-3900,AGT-0138,1877800.0,2023-05-21,2023-06-27,Sold,320.0,Meeting black parent past employee which all. Sell five item husband.
LST-4625,PRP-2625,AGT-0045,1864700.0,2021-05-10,2021-06-25,Sold,18.0,Analysis contain remain billion painting artist.
LST-4626,PRP-2631,AGT-0145,1655400.0,2021-10-21,2022-03-30,Active,356.0,Especially fact factor method. Actually why leave edge.
LST-4627,PRP-3989,AGT-0269,2073700.0,2020-12-29,2021-01-29,Withdrawn,222.0,Official drive white.
LST-4628,PRP-4644,AGT-0295,963900.0,2023-01-11,2023-02-21,Sold,236.0,Child late that building identify teach. We rule test computer.
LST-4629,PRP-3708,AGT-0038,2535100.0,2021-08-09,2022-01-17,Active,260.0,Attack push purpose way matter spring history.
LST-4630,PRP-0253,AGT-0042,2419200.0,2022-01-10,2022-05-05,Sold,352.0,Amount affect American senior.
LST-4631,PRP-0922,AGT-0216,1390700.0,2021-10-14,2021-11-29,Pending,342.0,Wind prevent opportunity ability treatment seven woman.
LST-4632,PRP-1373,AGT-0262,836300.0,2022-12-14,2023-02-22,Active,310.0,Machine some discussion somebody enjoy character. Role quickly pattern body.
LST-4633,PRP-2405,AGT-0154,1618400.0,2020-06-28,2020-12-08,Sold,,Want your painting last base growth. Them us election.
LST-4634,PRP-3824,AGT-0005,363100.0,2023-06-23,2023-11-19,Pending,183.0,Information peace parent song two whom. Most just how society walk maybe second.
LST-4635,PRP-2568,AGT-0080,615300.0,2022-05-21,2022-08-06,Active,312.0,View yes let century article.
LST-4636,PRP-4075,AGT-0015,782600.0,2021-08-18,2022-01-03,Sold,11.0,Board this heavy prevent activity present benefit experience. Six last stay consumer admit rate life.
LST-4637,PRP-0863,AGT-0220,816800.0,2022-07-05,2022-10-07,Sold,224.0,Skin example ten plant will out several. Thank husband economy lose Congress although fish.
LST-4638,PRP-2141,AGT-0169,578500.0,2021-06-12,2021-08-15,Sold,36.0,Whom big find.
LST-4639,PRP-3738,AGT-0152,1637700.0,2020-01-11,2020-02-24,Expired,203.0,Notice more gas play without television. Music south establish discover brother.
LST-4640,PRP-1554,AGT-0084,1016300.0,2022-07-13,2022-09-14,Sold,323.0,Both ago year everyone it behind rest for.
LST-4641,PRP-4005,AGT-0170,243100.0,2022-01-19,2022-04-15,Expired,283.0,Business myself production.
LST-4642,PRP-1394,AGT-0221,2625000.0,2022-11-16,2022-12-24,Sold,,Whom decision question. Central operation career including build nature foreign.
LST-4643,PRP-0389,AGT-0160,508400.0,2021-09-14,2021-12-01,Withdrawn,59.0,Option focus church professional what low push. Quality necessary enough yes price option condition possible.
LST-4644,PRP-2856,AGT-0140,1691700.0,2024-05-18,2024-07-08,Sold,200.0,Religious today offer still color.
LST-4645,PRP-1376,AGT-0083,1493800.0,2023-06-25,2023-11-25,Expired,50.0,Republican wait stop. Effort consumer some final industry laugh.
LST-4646,PRP-1725,AGT-0056,1454200.0,2022-11-08,2023-05-05,Active,300.0,Maybe available spring free.
LST-4647,PRP-0426,AGT-0206,616800.0,2023-04-19,2023-07-30,Expired,,Technology chair seven. Concern writer appear store consider interview spring last.
LST-4648,PRP-4584,AGT-0255,2129300.0,2021-12-24,2022-02-21,Sold,47.0,Scene heavy collection follow. You day big community American candidate throw run.
LST-4649,PRP-2213,AGT-0216,1803000.0,2023-05-10,2023-08-19,Active,229.0,Bill push property heart doctor beautiful easy. Population owner situation size.
LST-4650,PRP-2081,AGT-0176,961600.0,2020-12-19,2021-02-15,Active,327.0,Box beyond food hit field somebody. Really project nature bank whom six yourself.
LST-4651,PRP-3853,AGT-0233,1255700.0,2022-11-18,2023-04-21,Withdrawn,173.0,Forget fall game situation. Wish avoid new.
LST-4652,PRP-0548,AGT-0257,1022800.0,2023-02-04,2023-04-23,Active,149.0,Each hit though on market happen win. Father again wonder affect exist.
LST-4653,PRP-0299,AGT-0259,1944500.0,2022-07-12,2022-11-14,Sold,291.0,Meeting measure film move present. Point difficult nothing might step.
LST-4654,PRP-0398,AGT-0159,1939600.0,2023-05-14,2023-09-18,Withdrawn,17.0,Decide nor it mission director avoid. Health wind live despite opportunity decision character.
LST-4655,PRP-1853,AGT-0157,2167800.0,2022-06-26,2022-12-07,Sold,131.0,Finish police behavior alone.
LST-4656,PRP-4571,AGT-0103,2504600.0,2022-07-07,2022-10-24,Sold,2.0,Fight interesting hospital painting never force quickly.
LST-4657,PRP-1309,AGT-0219,2776700.0,2023-07-04,2023-10-25,Active,201.0,Message head energy evidence. Rule role story particularly reduce send season.
LST-4658,PRP-1851,AGT-0108,2257400.0,2022-07-09,2022-10-02,Sold,187.0,Source rock service man.
LST-4659,PRP-1018,AGT-0051,2628400.0,2020-10-09,2021-02-21,Active,96.0,Court former understand relationship purpose present free however.
LST-4660,PRP-1262,AGT-0048,478100.0,2021-05-03,2021-06-15,Active,3.0,Writer war stand wonder think during power. Situation group fear at minute.
LST-4661,PRP-4729,AGT-0124,567000.0,2022-06-22,2022-09-12,Withdrawn,124.0,Eye tree notice purpose. Building so ability physical.
LST-4662,PRP-1005,AGT-0020,1444900.0,2022-06-14,2022-11-10,Sold,13.0,Animal relationship argue save letter easy against.
LST-4663,PRP-1384,AGT-0191,384600.0,2022-06-09,2022-12-03,Pending,66.0,Bag value together growth. Specific seem decision pull exactly.
LST-4664,PRP-2510,AGT-0271,1902300.0,2021-10-05,2022-03-24,Sold,89.0,Others call manager follow growth today. Clearly every fill heart.
LST-4665,PRP-2706,AGT-0119,856900.0,2022-01-31,2022-03-15,Sold,343.0,Adult charge drug always program. Hard possible central.
LST-4666,PRP-4803,AGT-0055,2161000.0,2022-08-20,2023-01-25,Sold,365.0,Enter past best occur we. Factor travel support fact.
LST-4667,PRP-4423,AGT-0220,2190500.0,2022-10-12,2022-12-21,Sold,214.0,Would learn ready view everyone case voice.
LST-4668,PRP-2618,AGT-0150,2906200.0,2022-01-31,2022-03-12,Sold,246.0,Every face allow cup lay argue truth.
LST-4669,PRP-2520,AGT-0184,2156200.0,2023-04-24,2023-09-26,Withdrawn,343.0,Now present physical lawyer bank shoulder much.
LST-4670,PRP-0818,AGT-0274,2680500.0,2020-12-13,2021-04-29,Active,53.0,Television service could enjoy security hand to.
LST-4671,PRP-0389,AGT-0034,1469400.0,2023-12-13,2024-05-30,Sold,209.0,Staff increase trouble forward.
LST-4672,PRP-1206,AGT-0061,1441100.0,2022-09-25,2022-12-13,Active,218.0,Usually machine mother air field discuss firm teacher. Capital discover it reason.
LST-4673,PRP-2001,AGT-0138,863200.0,2021-05-21,2021-07-25,Active,195.0,Even edge science number fill live PM.
LST-4674,PRP-3755,AGT-0143,2744200.0,2020-02-11,2020-05-24,Pending,,Positive present whatever letter somebody several.
LST-4675,PRP-0108,AGT-0207,2076500.0,2022-06-21,2022-11-12,Withdrawn,160.0,Write data between either beyond if.
LST-4676,PRP-1774,AGT-0298,1821700.0,2023-07-14,2023-11-23,Active,195.0,At phone cost center question. Fund social Republican real significant should bar.
LST-4677,PRP-2665,AGT-0253,2157400.0,2022-05-31,2022-08-16,Sold,287.0,Material window authority save forward land. Sometimes produce election today even grow program.
LST-4678,PRP-3018,AGT-0070,2240900.0,2024-04-22,2024-08-31,Sold,139.0,Wish sit word back. Get effect amount provide themselves television certain.
LST-4679,PRP-1684,AGT-0204,1646500.0,2021-05-16,2021-10-21,Withdrawn,273.0,Feel one world quickly type either challenge above.
LST-4680,PRP-3735,AGT-0081,2866400.0,2021-01-13,2021-07-01,Active,337.0,Later team test himself less article development.
LST-4681,PRP-0385,AGT-0147,245900.0,2024-01-02,2024-02-14,Withdrawn,241.0,Couple care bank matter wrong. Others either follow accept.
LST-4682,PRP-2362,AGT-0063,578400.0,2023-09-01,2024-01-06,Sold,242.0,Important build economic major.
LST-4683,PRP-2591,AGT-0134,1383800.0,2024-06-01,2024-08-24,Withdrawn,197.0,Century bit affect eight again understand approach effort. Heavy together care rich can stuff citizen.
LST-4684,PRP-0710,AGT-0242,2892200.0,2023-09-24,2024-03-16,Expired,151.0,Ask dream box year work money operation your.
LST-4685,PRP-2795,AGT-0077,92400.0,2021-02-25,2021-04-14,Sold,121.0,Hear young clearly store.
LST-4686,PRP-0170,AGT-0146,178600.0,2024-06-20,2024-08-05,Active,212.0,Position join become floor politics discussion find. Arrive account rise produce.
LST-4687,PRP-0685,AGT-0227,733700.0,2020-10-07,2021-01-16,Sold,240.0,Fish one say change center.
LST-4688,PRP-4494,AGT-0094,459300.0,2021-08-19,2022-02-05,Sold,101.0,Parent maintain hot indicate cut school.
LST-4689,PRP-4012,AGT-0147,2453000.0,2021-04-05,2021-07-14,Sold,53.0,Different control although.
LST-4690,PRP-2129,AGT-0185,656200.0,2024-03-28,2024-06-03,Sold,271.0,Too sign director cost lead sing. Yourself relate woman blue.
LST-4691,PRP-2187,AGT-0013,1261600.0,2023-07-19,2023-12-17,Active,,Career understand everybody ago resource television soon.
LST-4692,PRP-1133,AGT-0275,2460500.0,2020-01-12,2020-04-17,Sold,316.0,Often live wear most.
LST-4693,PRP-3487,AGT-0196,1857400.0,2023-11-25,2024-01-22,Withdrawn,121.0,Bag over third write must watch.
LST-4694,PRP-0953,AGT-0103,2287000.0,2021-12-11,2022-02-12,Active,103.0,History show walk yes. Seven race personal final expert development card.
LST-4695,PRP-1251,AGT-0157,824400.0,2021-05-08,2021-07-09,Withdrawn,336.0,Hair commercial husband less from. Choice radio rate boy staff minute agency.
LST-4696,PRP-1697,AGT-0162,2863400.0,2024-03-09,2024-08-14,Sold,104.0,Technology arrive society difficult give environment sister.
LST-4697,PRP-3136,AGT-0296,1509900.0,2023-03-06,2023-07-27,Sold,55.0,Administration explain hear cause need. Feel fund challenge anyone easy throw story risk.
LST-4698,PRP-1927,AGT-0257,2076200.0,2023-02-15,2023-04-22,Sold,45.0,Assume design thus owner.
LST-4699,PRP-2970,AGT-0219,1950500.0,2022-09-09,2022-12-23,Sold,154.0,Citizen catch give research necessary make. Prevent reach five white.
LST-4700,PRP-4715,AGT-0250,236000.0,2022-10-21,2022-12-13,Sold,85.0,May film cover conference could ten.
LST-4701,PRP-3900,AGT-0107,2604300.0,2020-08-29,2020-11-09,Sold,357.0,Forget tend upon moment there spend yeah.
LST-4702,PRP-4418,AGT-0163,980400.0,2023-02-10,2023-06-21,Sold,313.0,Fire themselves team loss clearly trouble often.
LST-4703,PRP-2603,AGT-0239,1227400.0,2022-03-09,2022-08-15,Sold,,Produce add blood soon sure campaign his. Return trip perform policy always.
LST-4704,PRP-3914,AGT-0012,331600.0,2021-03-16,2021-09-12,Sold,30.0,Begin official adult since short safe including study.
LST-4705,PRP-3086,AGT-0239,564100.0,2022-05-10,2022-08-29,Pending,330.0,Dream painting clear customer. Capital of final yard son enough deal option.
LST-4706,PRP-2373,AGT-0197,1409800.0,2020-04-27,2020-08-06,Sold,18.0,Than responsibility owner professional treatment.
LST-4707,PRP-1542,AGT-0004,1238800.0,2020-07-11,2020-11-19,Sold,20.0,National attorney act too understand.
LST-4708,PRP-1250,AGT-0292,984200.0,2023-09-14,2024-02-12,Sold,15.0,Father discussion either test peace impact. Tonight hair every difference well.
LST-4709,PRP-1313,AGT-0025,1487500.0,2023-04-17,2023-09-15,Active,144.0,Anyone many across local. Bad better consumer entire.
LST-4710,PRP-2244,AGT-0169,1706800.0,2023-03-01,2023-05-18,Active,136.0,Him no at cut national wonder.
LST-4711,PRP-0793,AGT-0212,1698500.0,2021-11-30,2022-05-15,Sold,280.0,Cost however participant hundred several single the. Someone both wear heart.
LST-4712,PRP-3137,AGT-0119,774400.0,2024-04-08,2024-07-18,Active,212.0,Wrong read despite whom fill develop last TV.
LST-4713,PRP-4559,AGT-0074,2210700.0,2020-12-08,2021-04-10,Active,196.0,Real region even soon strong.
LST-4714,PRP-2955,AGT-0074,1394600.0,2024-04-15,2024-09-21,Sold,300.0,Mother way yes address your theory whatever himself.
LST-4715,PRP-0931,AGT-0236,963200.0,2021-01-24,2021-06-03,Withdrawn,276.0,Statement research best onto big.
LST-4716,PRP-3487,AGT-0141,467400.0,2021-12-08,2022-02-15,Active,,Pay view participant appear.
LST-4717,PRP-1043,AGT-0052,2345400.0,2020-02-12,2020-05-24,Sold,63.0,Eight may want anything somebody a. Impact spend before middle tough physical.
LST-4718,PRP-2090,AGT-0010,498100.0,2024-04-03,2024-07-28,Withdrawn,,Same arrive certainly we trip.
LST-4719,PRP-4414,AGT-0264,1719300.0,2023-09-10,2024-01-14,Active,185.0,Kind realize guy eye. Bag full sometimes worry theory per three.
LST-4720,PRP-4587,AGT-0222,377200.0,2024-01-26,2024-04-05,Sold,310.0,Mention inside her same edge oil.
LST-4721,PRP-4248,AGT-0231,1830300.0,2021-05-24,2021-06-27,Sold,252.0,Mother trip trial direction. Under spring Democrat answer.
LST-4722,PRP-4125,AGT-0220,2121200.0,2022-04-05,2022-07-11,Active,311.0,All garden record leader else before fear.
LST-4723,PRP-2667,AGT-0206,2117900.0,2023-06-02,2023-08-29,Active,,Might air right.
LST-4724,PRP-4843,AGT-0067,818800.0,2022-07-24,2023-01-07,Sold,3.0,Realize move set team inside successful behavior.
LST-4725,PRP-1534,AGT-0022,158500.0,2021-12-26,2022-06-04,Active,285.0,Wind might deep despite.
LST-4726,PRP-3045,AGT-0086,1200000.0,2021-07-17,2021-12-25,Sold,363.0,Impact section arrive they. Seat two scene look religious step ago civil.
LST-4727,PRP-4427,AGT-0063,474400.0,2020-08-11,2020-12-26,Withdrawn,258.0,They short even professional notice still mother.
LST-4728,PRP-0229,AGT-0094,1235800.0,2020-01-31,2020-04-12,Expired,201.0,Speak happy before bed participant born because smile. Until blood boy difficult threat address collection hospital.
LST-4729,PRP-4045,AGT-0071,167000.0,2021-07-07,2021-08-29,Sold,235.0,Cut reason all protect language with decade. Listen include culture hotel professional themselves within scene.
LST-4730,PRP-2988,AGT-0087,1843500.0,2022-10-25,2022-11-29,Pending,259.0,Material staff field painting.
LST-4731,PRP-0149,AGT-0214,1522900.0,2021-04-25,2021-07-26,Expired,304.0,Once begin week behavior. One sort get production tough ahead.
LST-4732,PRP-2746,AGT-0167,939700.0,2022-03-16,2022-05-23,Sold,14.0,And first member yeah against bit apply. Option show attention.
LST-4733,PRP-4728,AGT-0287,1527300.0,2022-01-13,2022-04-01,Sold,221.0,Difficult forward forward. Natural property arm forward project garden.
LST-4734,PRP-0694,AGT-0158,506400.0,2023-08-14,2023-12-29,Sold,14.0,Pay player effort trade not.
LST-4735,PRP-0424,AGT-0258,265800.0,2021-01-09,2021-03-06,Expired,241.0,Lead everyone identify manager there challenge management.
LST-4736,PRP-4955,AGT-0158,2210800.0,2022-03-09,2022-06-20,Sold,288.0,Similar smile prepare life hospital whole.
LST-4737,PRP-2854,AGT-0001,1822000.0,2020-10-24,2021-01-03,Sold,95.0,Down wide from box effect care each doctor.
LST-4738,PRP-4452,AGT-0094,872000.0,2020-04-13,2020-10-02,Sold,75.0,Move describe phone task study. Them meet some window focus bag difference rest.
LST-4739,PRP-3034,AGT-0196,2102100.0,2021-03-29,2021-08-18,Expired,88.0,Create return many team near. Culture cut rock movement there development radio.
LST-4740,PRP-1501,AGT-0228,709800.0,2024-05-21,2024-09-19,Sold,329.0,Style night today.
LST-4741,PRP-4421,AGT-0209,2026900.0,2023-02-09,2023-04-17,Pending,,Claim process bed physical writer. Up scene space.
LST-4742,PRP-1932,AGT-0300,2357900.0,2021-08-24,2021-10-22,Expired,307.0,Way type leave subject management less. Hit power his positive and.
LST-4743,PRP-3401,AGT-0273,851800.0,2021-12-20,2022-02-27,Active,152.0,Technology stage peace.
LST-4744,PRP-4333,AGT-0158,1875900.0,2023-03-20,2023-05-02,Sold,327.0,Short above beautiful board than cut relate. His professional among fill establish young most.
LST-4745,PRP-3235,AGT-0122,1439400.0,2021-07-29,2021-11-02,Pending,301.0,Suggest activity least. Under hard author place management.
LST-4746,PRP-2980,AGT-0215,981000.0,2020-09-21,2020-11-03,Expired,112.0,According rule until appear stay approach girl.
LST-4747,PRP-0316,AGT-0271,2926600.0,2020-10-14,2020-12-06,Sold,228.0,Her wind already sense law myself.
LST-4748,PRP-0373,AGT-0001,1350300.0,2020-02-25,2020-04-06,Sold,69.0,Guess debate official however base sing south within.
LST-4749,PRP-1400,AGT-0162,619700.0,2023-11-30,2024-04-04,Sold,325.0,Amount according little thing sit PM model. Feeling stop believe huge entire current fish.
LST-4750,PRP-3397,AGT-0122,468800.0,2023-04-02,2023-08-15,Sold,91.0,Staff eight themselves here always out this whole.
LST-4751,PRP-3273,AGT-0122,1914600.0,2024-05-25,2024-06-30,Pending,220.0,Accept quickly open because red.
LST-4752,PRP-4097,AGT-0246,1752900.0,2022-01-05,2022-03-18,Active,139.0,Think look performance office which talk majority.
LST-4753,PRP-3827,AGT-0120,1502600.0,2020-10-21,2021-04-08,Sold,236.0,Tough last soon open.
LST-4754,PRP-2718,AGT-0185,1842000.0,2023-02-04,2023-06-02,Expired,335.0,Church word hot include growth.
LST-4755,PRP-0537,AGT-0244,1104200.0,2023-02-25,2023-07-03,Active,178.0,Class summer drop assume purpose. Peace help send become back value exist.
LST-4756,PRP-4581,AGT-0169,1789900.0,2020-04-18,2020-08-22,Active,352.0,Film worker without lead practice. Cold book goal off sense after.
LST-4757,PRP-3013,AGT-0251,266900.0,2024-02-13,2024-04-20,Pending,63.0,Himself agree class drug way speech. Employee participant mission before.
LST-4758,PRP-4100,AGT-0271,132200.0,2023-02-11,2023-03-15,Sold,293.0,Lot with operation natural. Summer media drop.
LST-4759,PRP-2936,AGT-0152,400600.0,2024-06-23,2024-11-11,Active,50.0,Yard read region play. Condition American include cold back nice.
LST-4760,PRP-1468,AGT-0021,1571000.0,2023-08-01,2023-10-06,Sold,291.0,She assume camera assume respond phone.
LST-4761,PRP-1863,AGT-0128,668800.0,2020-08-03,2020-12-31,Expired,340.0,Time send every painting us can.
LST-4762,PRP-4122,AGT-0239,2698300.0,2023-12-04,2024-04-01,Active,,Within capital establish hand medical very boy. Cup push event low action ground.
LST-4763,PRP-0703,AGT-0025,2032200.0,2021-07-04,2021-12-25,Expired,104.0,Message girl including. Away general age some happen.
LST-4764,PRP-1957,AGT-0079,1384400.0,2023-12-07,2024-04-23,Sold,27.0,Least before wear capital cause. Price occur arm look.
LST-4765,PRP-2114,AGT-0074,1367800.0,2024-04-02,2024-08-13,Active,,Beyond commercial growth leader author vote. Outside animal voice light.
LST-4766,PRP-3335,AGT-0271,1222100.0,2024-05-28,2024-08-20,Sold,87.0,Continue stand third smile.
LST-4767,PRP-2630,AGT-0018,180800.0,2023-12-27,2024-06-01,Withdrawn,282.0,Statement collection meeting use. Area both upon east draw reflect.
LST-4768,PRP-3575,AGT-0163,334700.0,2020-06-05,2020-11-01,Sold,208.0,Watch his then herself structure well.
LST-4769,PRP-1583,AGT-0274,1856400.0,2023-03-22,2023-07-04,Sold,230.0,Catch day physical last business.
LST-4770,PRP-2155,AGT-0072,1839400.0,2023-11-08,2024-01-18,Sold,140.0,Season state group represent memory among subject race.
LST-4771,PRP-0602,AGT-0066,2132800.0,2022-02-26,2022-08-12,Active,173.0,At watch inside big reveal something.
LST-4772,PRP-2507,AGT-0187,485100.0,2023-04-03,2023-07-14,Sold,186.0,Court health employee research determine list less. Yeah third Mrs line wide.
LST-4773,PRP-2210,AGT-0173,271800.0,2020-12-10,2021-02-15,Withdrawn,,Impact hear attention brother. Change few piece at oil plant Republican clearly.
LST-4774,PRP-0974,AGT-0040,1179500.0,2021-06-04,2021-08-29,Sold,303.0,Most young term four. Society individual page south popular partner worry.
LST-4775,PRP-2013,AGT-0069,1993800.0,2021-11-24,2022-05-17,Sold,78.0,Dream determine of.
LST-4776,PRP-0385,AGT-0025,2280200.0,2021-10-05,2022-02-14,Active,244.0,Material upon everything. Person yes agency want.
LST-4777,PRP-1978,AGT-0007,853800.0,2023-02-17,2023-07-15,Active,200.0,Technology often oil long visit drop.
LST-4778,PRP-1584,AGT-0147,124300.0,2023-07-06,2023-11-18,Sold,71.0,Learn red energy indicate Republican left number. Language without party television serve become me.
LST-4779,PRP-1963,AGT-0068,664800.0,2020-08-28,2020-10-20,Active,256.0,Writer officer alone laugh report.
LST-4780,PRP-2550,AGT-0124,1240800.0,2023-05-17,2023-07-08,Sold,65.0,Small difference drug age number.
LST-4781,PRP-3316,AGT-0032,1652500.0,2021-02-03,2021-07-17,Expired,289.0,Guess conference take information stay evidence. Morning mention alone between its present.
LST-4782,PRP-0097,AGT-0015,1800900.0,2021-11-21,2022-02-03,Sold,339.0,Some mention finish religious economic.
LST-4783,PRP-1729,AGT-0188,360000.0,2021-04-15,2021-08-19,Active,325.0,Company friend practice. Ground any work condition bank wrong about.
LST-4784,PRP-3520,AGT-0096,2120400.0,2021-05-13,2021-06-21,Pending,4.0,Skill environmental friend admit approach. Help smile our ask natural although season.
LST-4785,PRP-2966,AGT-0117,1273600.0,2020-04-25,2020-06-20,Expired,172.0,Significant various travel four learn special.
LST-4786,PRP-3868,AGT-0144,1229800.0,2021-05-02,2021-09-01,Active,201.0,A foot fine human special fish old meeting. Manager southern green whether.
LST-4787,PRP-0246,AGT-0011,1588200.0,2023-09-20,2023-12-28,Active,191.0,The energy during top hair indeed quickly. Off us mention everything get happen.
LST-4788,PRP-3915,AGT-0217,539000.0,2020-11-10,2021-02-25,Sold,161.0,Drug quickly suddenly stand.
LST-4789,PRP-3522,AGT-0286,1942300.0,2024-06-03,2024-11-24,Sold,,Structure direction social fire per eat possible if.
LST-4790,PRP-1742,AGT-0145,478800.0,2020-01-31,2020-06-20,Expired,256.0,Tonight compare century two. Decision community about relate hundred either level.
LST-4791,PRP-1186,AGT-0237,196300.0,2020-08-03,2020-12-14,Withdrawn,61.0,Woman gas national along perhaps why. Red really keep poor too address.
LST-4792,PRP-4539,AGT-0061,1088900.0,2022-01-04,2022-04-06,Sold,300.0,Several safe because day customer.
LST-4793,PRP-2997,AGT-0132,1047400.0,2021-11-27,2022-01-24,Sold,186.0,Good kind government thus score resource.
LST-4794,PRP-1517,AGT-0152,2418200.0,2024-04-12,2024-08-25,Sold,233.0,Myself dog low add TV.
LST-4795,PRP-4672,AGT-0212,2301500.0,2023-07-17,2023-06-25,Sold,229.0,Actually reflect statement road security kid.
LST-4796,PRP-3001,AGT-0188,1458600.0,2021-11-13,2022-01-26,Pending,234.0,Without seem reason teacher under. Fight success finish include leg inside great big.
LST-4797,PRP-2023,AGT-0040,1038700.0,2024-06-04,2024-07-07,Sold,220.0,Away nature bad simply medical material herself.
LST-4798,PRP-3598,AGT-0285,1228900.0,2022-12-15,2023-04-20,Active,106.0,Stay guess price mother tonight care.
LST-4799,PRP-2807,AGT-0047,1097600.0,2020-12-13,2021-01-14,Sold,173.0,Each claim that professor yard.
LST-4800,PRP-0546,AGT-0031,526500.0,2023-06-02,2023-08-18,Expired,72.0,Practice weight later general I recent old other.
LST-4801,PRP-2457,AGT-0216,2480000.0,2020-03-13,2020-03-11,Sold,,Last behavior word skill morning.
LST-4802,PRP-4428,AGT-0157,2463000.0,2022-04-01,2022-05-31,Sold,22.0,Effect author answer along.
LST-4803,PRP-0847,AGT-0249,1236800.0,2021-11-07,2022-03-08,Sold,323.0,Foot address along create culture. Process must task arm usually while station.
LST-4804,PRP-4736,AGT-0285,724300.0,2021-09-27,2022-01-22,Withdrawn,365.0,Seek deep break take.
LST-4805,PRP-3194,AGT-0113,1558300.0,2022-09-20,2022-10-21,Sold,,Exactly cause admit generation. Better leg purpose value before great.
LST-4806,PRP-2927,AGT-0002,2187900.0,2020-07-05,2020-10-03,Active,144.0,Research family film money main speech trouble easy.
LST-4807,PRP-2147,AGT-0113,2100400.0,2022-05-06,2022-08-24,Active,277.0,Thus perhaps military. Southern prove attorney financial message money candidate.
LST-4808,PRP-3162,AGT-0147,250900.0,2022-11-17,2023-03-25,Pending,281.0,Sometimes least pressure leave region appear director.
LST-4809,PRP-0961,AGT-0236,1030100.0,2021-10-20,2022-03-25,Active,105.0,Say mind pass as real pull special.
LST-4810,PRP-3722,AGT-0290,104300.0,2024-01-31,2024-03-06,Sold,353.0,Perhaps leg well close exactly individual. Study skill price.
LST-4811,PRP-3268,AGT-0293,2202400.0,2023-03-30,2023-03-19,Withdrawn,25.0,Star nice enjoy left reduce. Few cause chance for specific stage project.
LST-4812,PRP-4474,AGT-0107,2346100.0,2023-10-04,2023-12-23,Sold,105.0,Improve nation clearly Democrat Mr nearly again.
LST-4813,PRP-0403,AGT-0086,2828600.0,2022-03-07,2022-04-16,Expired,179.0,Far detail less fire fight edge.
LST-4814,PRP-4100,AGT-0106,1760200.0,2023-03-09,2023-07-09,Active,352.0,Close night source determine ask step message friend.
LST-4815,PRP-4373,AGT-0132,263900.0,2023-09-14,2024-03-01,Expired,179.0,Positive road work notice court.
LST-4816,PRP-1144,AGT-0257,300000.0,2022-08-02,2022-10-22,Sold,303.0,Might sport require way fish lot use.
LST-4817,PRP-0359,AGT-0108,1068300.0,2020-04-17,2020-05-17,Expired,255.0,Side sit media face garden. Only in pay rich a might scientist door.
LST-4818,PRP-2441,AGT-0069,1258600.0,2021-07-28,2021-10-18,Active,71.0,Billion class pass sing. Edge happen ten live this speak five all.
LST-4819,PRP-2338,AGT-0003,691100.0,2020-11-19,2021-01-23,Expired,90.0,Must foreign should fast where home. Necessary political choose cost generation.
LST-4820,PRP-3631,AGT-0123,1100500.0,2020-06-19,2020-10-22,Pending,83.0,Popular front hospital feeling hour return. State center of team continue try.
LST-4821,PRP-3055,AGT-0102,714800.0,2021-06-20,2021-06-15,Sold,16.0,Health on occur address add special fight. Hospital man view box between.
LST-4822,PRP-2064,AGT-0149,1865000.0,2023-03-30,2023-07-24,Expired,296.0,Everything join light effect.
LST-4823,PRP-3305,AGT-0038,2269500.0,2021-11-04,2021-12-21,Active,,Happen big blue.
LST-4824,PRP-2507,AGT-0158,1017900.0,2022-11-23,2022-11-15,Sold,354.0,Family moment action public physical left.
LST-4825,PRP-1764,AGT-0218,1335300.0,2022-04-26,2022-06-02,Pending,259.0,Impact analysis health worker choice call travel. Plant enjoy while argue.
LST-4826,PRP-3180,AGT-0029,1808300.0,2023-11-30,2024-03-25,Pending,274.0,Actually human walk Mr. Happen agreement goal American factor at history.
LST-4827,PRP-0488,AGT-0018,1244400.0,2022-09-09,2022-11-29,Sold,,Mrs north wall low draw.
LST-4828,PRP-1165,AGT-0275,2434600.0,2020-12-22,2021-04-17,Sold,337.0,Of song eye hundred ok right up.
LST-4829,PRP-2951,AGT-0253,2463000.0,2021-04-11,2021-06-07,Active,133.0,Matter foot nothing box despite. Ok idea important activity current could.
LST-4830,PRP-1774,AGT-0189,1178600.0,2022-05-08,2022-08-07,Active,6.0,Couple business service deep knowledge manage.
LST-4831,PRP-2314,AGT-0127,1714400.0,2021-08-11,2021-10-22,Expired,176.0,Place morning single cell. Point year rule once.
LST-4832,PRP-1183,AGT-0084,1542300.0,2023-02-02,2023-06-15,Sold,209.0,Contain play soldier mission compare. Yard fund man positive team expect.
LST-4833,PRP-1585,AGT-0198,2135800.0,2021-12-17,2022-05-15,Sold,216.0,Firm culture month.
LST-4834,PRP-0116,AGT-0246,998400.0,2022-08-12,2022-12-08,Expired,311.0,They contain pull report light candidate.
LST-4835,PRP-1733,AGT-0252,1401300.0,2020-02-05,2020-06-21,Sold,,Amount they front notice fire. Physical be become company west.
LST-4836,PRP-4518,AGT-0131,2351700.0,2022-01-21,2022-05-25,Withdrawn,301.0,Term animal last community at.
LST-4837,PRP-2040,AGT-0203,1966800.0,2024-04-21,2024-08-24,Sold,,Letter former future home general speech.
LST-4838,PRP-4272,AGT-0044,2548500.0,2022-08-27,2022-12-17,Expired,60.0,Hotel through position moment peace.
LST-4839,PRP-1705,AGT-0007,1246900.0,2024-04-14,2024-08-06,Sold,350.0,Nation doctor mean dinner. Strategy check method mind machine ten.
LST-4840,PRP-2634,AGT-0026,549200.0,2022-10-28,2023-02-08,Sold,289.0,Become list however.
LST-4841,PRP-1272,AGT-0089,2458500.0,2024-02-15,2024-05-07,Sold,331.0,Receive strategy role. The before security realize drug.
LST-4842,PRP-1773,AGT-0110,523500.0,2022-12-19,2023-03-18,Expired,25.0,Forward husband quite situation dinner score reflect.
LST-4843,PRP-2916,AGT-0246,209100.0,2020-05-19,2020-04-30,Expired,,Report notice oil speech look.
LST-4844,PRP-0982,AGT-0050,2468500.0,2020-05-17,2020-08-27,Sold,355.0,Quality space stop begin. Apply some break town remember rise.
LST-4845,PRP-3642,AGT-0209,2347700.0,2021-12-21,2022-01-23,Active,302.0,Central west health hit policy seem here. Beyond group significant water cause black method.
LST-4846,PRP-1360,AGT-0120,1770500.0,2021-11-17,2022-03-07,Withdrawn,46.0,Kind politics traditional. Himself education political tonight.
LST-4847,PRP-0674,AGT-0060,1944800.0,2022-10-10,2022-11-09,Sold,241.0,Economy bed specific need most personal wall.
LST-4848,PRP-2702,AGT-0163,86900.0,2024-05-29,2024-08-31,Active,307.0,Pull bank catch our price return pass.
LST-4849,PRP-3989,AGT-0067,917600.0,2020-10-15,2021-03-02,Expired,333.0,General section drop question short add the consumer.
LST-4850,PRP-0454,AGT-0070,341700.0,2022-02-02,2022-05-04,Expired,6.0,Down smile draw candidate father.
LST-4851,PRP-0922,AGT-0059,552800.0,2021-06-07,2021-10-30,Withdrawn,249.0,Customer upon compare value. Discover however image likely situation office later wish.
LST-4852,PRP-4400,AGT-0120,2628200.0,2020-07-16,2020-10-05,Sold,335.0,Source score poor. Will coach event many learn weight.
LST-4853,PRP-1122,AGT-0186,379500.0,2022-06-02,2022-07-08,Sold,184.0,Data seem particular. Full animal theory long property.
LST-4854,PRP-4970,AGT-0014,1071700.0,2023-04-14,2023-08-03,Expired,328.0,Choice soldier movement available much better value. News woman life move.
LST-4855,PRP-1752,AGT-0177,793400.0,2024-04-05,2024-08-14,Active,138.0,News road start case Republican. Civil above positive like house matter but.
LST-4856,PRP-2573,AGT-0003,654100.0,2024-01-19,2024-07-13,Sold,3.0,Either short hear program method season evidence. How card color himself.
LST-4857,PRP-1943,AGT-0053,1716800.0,2023-11-15,2024-05-03,Withdrawn,75.0,Office TV nor yes.
LST-4858,PRP-2213,AGT-0149,1029600.0,2020-11-29,2021-01-19,Sold,356.0,Tell toward music mission push development think.
LST-4859,PRP-2385,AGT-0060,2284300.0,2021-05-22,2021-04-30,Withdrawn,179.0,Address long discover always brother finally.
LST-4860,PRP-1945,AGT-0202,2989400.0,2021-06-14,2021-11-22,Active,254.0,Sure mention indicate. Tax firm follow thus.
LST-4861,PRP-3512,AGT-0277,1922900.0,2023-01-31,2023-07-05,Sold,290.0,Best spring challenge financial. Green special building movement.
LST-4862,PRP-1203,AGT-0269,1308000.0,2020-08-17,2020-10-02,Sold,296.0,Friend standard view.
LST-4863,PRP-2347,AGT-0162,639300.0,2023-04-26,2023-10-04,Pending,85.0,Sure environmental series record husband.
LST-4864,PRP-0615,AGT-0054,1478400.0,2022-09-20,2023-01-03,Sold,230.0,Particular practice through second loss. Dinner capital center.
LST-4865,PRP-3043,AGT-0130,2193400.0,2020-09-23,2020-10-27,Sold,89.0,Success while others.
LST-4866,PRP-2685,AGT-0143,1406900.0,2020-01-07,2020-06-03,Active,57.0,Service need but sport. Miss address alone lead black fear.
LST-4867,PRP-1343,AGT-0271,1127900.0,2021-06-17,2021-09-13,Withdrawn,122.0,Herself still meet send gun total. Beyond hand great large item tonight choose.
LST-4868,PRP-3245,AGT-0211,2674900.0,2022-09-27,2023-02-24,Active,77.0,Bill into admit window.
LST-4869,PRP-3545,AGT-0016,215000.0,2022-05-16,2022-10-17,Sold,184.0,Where outside technology. Speech protect worker maybe.
LST-4870,PRP-2212,AGT-0124,1936600.0,2020-05-02,2020-09-06,Sold,364.0,How always enough buy staff hold painting scene.
LST-4871,PRP-3602,AGT-0268,1838300.0,2021-05-27,2021-09-05,Expired,121.0,Be manage both through each why carry worry.
LST-4872,PRP-0056,AGT-0210,1858900.0,2020-05-19,2020-11-04,Sold,221.0,Chance pay season administration security.
LST-4873,PRP-4212,AGT-0298,1537200.0,2022-07-14,2022-12-16,Expired,273.0,Physical interesting enter such with can.
LST-4874,PRP-4694,AGT-0234,1844300.0,2023-12-29,2024-06-26,Withdrawn,165.0,Daughter receive federal structure present. Necessary paper building fall need.
LST-4875,PRP-3096,AGT-0075,424600.0,2022-11-03,2023-02-19,Sold,,Usually act prove.
LST-4876,PRP-2134,AGT-0255,557100.0,2021-03-28,2021-05-14,Sold,280.0,Either level act bill field. Several stop spring social whole agency.
LST-4877,PRP-2135,AGT-0004,2006400.0,2023-01-16,2023-06-12,Sold,12.0,Organization seat future trouble employee notice lead.
LST-4878,PRP-0493,AGT-0058,1969400.0,2023-07-13,2023-11-16,Sold,17.0,Team should but task.
LST-4879,PRP-4590,AGT-0144,644200.0,2023-05-14,2023-08-01,Active,182.0,Character agent out else sure own. Lawyer threat stop room.
LST-4880,PRP-3199,AGT-0299,548800.0,2020-05-17,2020-07-16,Withdrawn,10.0,Effect hit stay. Team hear meet hope exactly administration church.
LST-4881,PRP-3172,AGT-0232,1936000.0,2021-07-05,2021-11-03,Sold,188.0,Human example deep executive he hold true.
LST-4882,PRP-2344,AGT-0228,1765900.0,2021-08-26,2021-12-16,Sold,343.0,Claim goal travel want.
LST-4883,PRP-4750,AGT-0103,1874000.0,2020-01-06,2020-04-30,Withdrawn,104.0,Development field behavior idea thought unit.
LST-4884,PRP-2111,AGT-0139,1943600.0,2023-04-12,2023-08-20,Sold,361.0,Factor understand future small politics phone imagine.
LST-4885,PRP-3534,AGT-0185,2495000.0,2022-11-04,2023-04-30,Active,,Space do out.
LST-4886,PRP-1290,AGT-0270,824700.0,2023-08-26,2024-01-09,Active,276.0,Mention nature right know. Production student involve.
LST-4887,PRP-1570,AGT-0003,2776500.0,2024-04-12,2024-05-29,Sold,35.0,Include work meet. Cause picture when sea particularly major seat same.
LST-4888,PRP-3485,AGT-0058,2689400.0,2021-04-30,2021-06-20,Sold,364.0,Phone born hotel maintain during vote factor home.
LST-4889,PRP-3288,AGT-0210,1498900.0,2020-12-13,2021-05-21,Expired,207.0,Bank week instead west charge. Ten certainly need.
LST-4890,PRP-4928,AGT-0291,503100.0,2024-04-11,2024-07-11,Sold,317.0,Follow hand show notice.
LST-4891,PRP-3544,AGT-0088,1932100.0,2023-05-27,2023-08-18,Withdrawn,318.0,Rock two special military usually. Whatever always teach.
LST-4892,PRP-1820,AGT-0269,1809100.0,2023-11-27,2024-02-02,Withdrawn,95.0,Director other party talk answer color power look.
LST-4893,PRP-0801,AGT-0136,1134600.0,2023-08-27,2024-02-10,Expired,269.0,Chair energy senior range. Lay sell ever school be direction.
LST-4894,PRP-4110,AGT-0145,1862600.0,2020-06-12,2020-07-15,Sold,172.0,Them remember result act likely police.
LST-4895,PRP-2858,AGT-0157,999300.0,2024-03-20,2024-06-24,Active,329.0,Direction edge cut item.
LST-4896,PRP-3539,AGT-0199,786300.0,2022-12-20,2023-06-13,Active,16.0,Stay scientist seek spend scientist president.
LST-4897,PRP-3322,AGT-0012,465700.0,2021-06-03,2021-07-21,Withdrawn,269.0,Company prevent interview government according these bar foot. Develop support which.
LST-4898,PRP-4857,AGT-0095,1754300.0,2020-01-13,2020-03-17,Pending,131.0,Kind another among such create material. Rich camera say yourself act.
LST-4899,PRP-2930,AGT-0181,1790800.0,2023-07-07,2023-09-22,Sold,309.0,Point card left effect professional low. Dog hear every suggest thus.
LST-4900,PRP-0381,AGT-0168,2990300.0,2024-06-11,2024-08-12,Pending,12.0,Old economy a no stock level player produce. Per none son yes interview number.
LST-4901,PRP-2753,AGT-0028,2145800.0,2021-09-06,2022-03-03,Sold,240.0,Material ten blood argue consider.
LST-4902,PRP-2996,AGT-0027,956500.0,2021-01-03,2021-04-26,Sold,95.0,Budget message shoulder include.
LST-4903,PRP-1277,AGT-0201,1655500.0,2023-11-15,2024-01-24,Withdrawn,314.0,Decision yard occur that though.
LST-4904,PRP-3003,AGT-0114,2454900.0,2022-01-13,2022-04-06,Active,88.0,Performance safe while center protect. Billion southern election court learn.
LST-4905,PRP-1443,AGT-0100,1032900.0,2024-02-17,2024-03-20,Sold,36.0,Quite bit second fear daughter organization.
LST-4906,PRP-3674,AGT-0095,1437700.0,2021-11-03,2022-01-24,Sold,261.0,Size surface expect degree specific.
LST-4907,PRP-2219,AGT-0035,1549700.0,2021-02-09,2021-06-18,Active,354.0,Phone nature cultural fast industry. Begin know letter.
LST-4908,PRP-0695,AGT-0160,1299300.0,2020-09-20,2020-10-28,Withdrawn,,Yourself occur activity.
LST-4909,PRP-0337,AGT-0189,434100.0,2022-02-08,2022-03-18,Sold,1.0,Others determine wife least deep official. Likely heavy economic.
LST-4910,PRP-0176,AGT-0202,543200.0,2022-05-16,2022-11-04,Sold,,Career crime body bag.
LST-4911,PRP-4015,AGT-0145,1057600.0,2024-01-14,2024-04-17,Withdrawn,356.0,Party lose decade unit agent hotel.
LST-4912,PRP-0064,AGT-0100,2822600.0,2020-05-27,2020-07-11,Withdrawn,314.0,Sister behind happen girl care individual outside security.
LST-4913,PRP-2848,AGT-0237,1351100.0,2021-05-29,2021-09-02,Expired,129.0,Long senior tell method entire change. Current yard anything throughout.
LST-4914,PRP-1431,AGT-0170,1904900.0,2024-03-09,2024-08-21,Expired,326.0,Goal hit sell group wish large section doctor. He argue arrive spend.
LST-4915,PRP-1262,AGT-0122,1693500.0,2023-03-01,2023-05-21,Sold,255.0,Around among actually.
LST-4916,PRP-1512,AGT-0011,1387800.0,2022-09-09,2022-08-13,Sold,239.0,Day green between particular student up.
LST-4917,PRP-3081,AGT-0148,436300.0,2021-07-30,2021-11-01,Active,334.0,Light manage industry drop.
LST-4918,PRP-3261,AGT-0048,2013500.0,2023-08-24,2023-11-29,Sold,57.0,Least this protect house cultural mean natural offer.
LST-4919,PRP-0831,AGT-0075,1957300.0,2022-11-28,2023-02-09,Sold,,Eye suddenly rise democratic his Republican.
LST-4920,PRP-3333,AGT-0075,1961400.0,2020-10-13,2021-03-26,Sold,50.0,Early wonder road read doctor item he.
LST-4921,PRP-2334,AGT-0108,2366000.0,2021-07-06,2021-12-30,Sold,78.0,Nor family sense voice beat anyone someone. Miss region music point town.
LST-4922,PRP-2837,AGT-0035,252900.0,2020-05-05,2020-04-17,Withdrawn,,Young man officer ask wind. Contain suffer simply program throw now.
LST-4923,PRP-1433,AGT-0255,485900.0,2021-01-03,2021-03-04,Sold,141.0,Sport easy story break.
LST-4924,PRP-4959,AGT-0219,935900.0,2023-07-05,2023-08-30,Sold,353.0,Service amount sort learn enter with plant you. Size receive tonight employee full off sometimes think.
LST-4925,PRP-0636,AGT-0057,2059600.0,2020-09-03,2020-08-26,Expired,335.0,Message make data practice time happen capital discuss.
LST-4926,PRP-0303,AGT-0007,158900.0,2024-03-04,2024-06-09,Sold,353.0,Candidate cup collection certain compare. True campaign important anything month.
LST-4927,PRP-0131,AGT-0088,2424000.0,2024-02-19,2024-06-17,Sold,199.0,Whom since remember analysis.
LST-4928,PRP-4376,AGT-0275,651200.0,2021-12-14,2022-01-17,Sold,17.0,Southern provide black. Tv cause claim month away spring.
LST-4929,PRP-2402,AGT-0024,1489900.0,2024-04-06,2024-06-11,Withdrawn,322.0,Serve business next large.
LST-4930,PRP-3373,AGT-0072,2015400.0,2020-02-23,2020-02-07,Withdrawn,339.0,Visit collection hot why church even thus another. Rock country oil his difference politics the.
LST-4931,PRP-3107,AGT-0201,415400.0,2022-06-04,2022-11-08,Active,61.0,Be walk wish size.
LST-4932,PRP-0525,AGT-0043,2202400.0,2021-06-06,2021-10-17,Active,214.0,Happen drive receive hard reveal turn. Draw face election might perhaps.
LST-4933,PRP-0921,AGT-0103,2400100.0,2023-06-08,2023-08-10,Withdrawn,45.0,Require economy tend book thus. Ten sense into group.
LST-4934,PRP-4979,AGT-0271,1067700.0,2023-09-30,2024-03-20,Expired,143.0,Mouth environment part man left skill.
LST-4935,PRP-2416,AGT-0152,2329700.0,2021-09-05,2021-11-24,Sold,359.0,Race figure surface campaign. Everyone together by peace.
LST-4936,PRP-0403,AGT-0084,1768600.0,2023-06-01,2023-07-06,Expired,337.0,Cold daughter adult body skill huge.
LST-4937,PRP-4427,AGT-0117,2656100.0,2022-04-18,2022-07-11,Sold,85.0,Federal sound least white lot part push purpose. When step population yes make.
LST-4938,PRP-3310,AGT-0147,1509100.0,2021-03-03,2021-06-21,Active,150.0,Build stay return short worker baby.
LST-4939,PRP-1176,AGT-0087,2573500.0,2021-01-11,2021-03-13,Expired,233.0,Case find technology article out.
LST-4940,PRP-2000,AGT-0142,1285300.0,2020-12-04,2021-03-07,Sold,168.0,Picture camera pull quickly. Outside your old kitchen need follow.
LST-4941,PRP-2039,AGT-0277,234600.0,2021-01-22,2021-04-17,Sold,341.0,Black goal high capital glass. Cold during these will voice.
LST-4942,PRP-1292,AGT-0147,954900.0,2021-01-07,2021-03-17,Active,186.0,Face white entire loss stand hour.
LST-4943,PRP-0660,AGT-0129,1839600.0,2020-03-05,2020-08-29,Sold,313.0,Own center always fire. Cold training change along money.
LST-4944,PRP-0547,AGT-0229,995200.0,2022-03-11,2022-09-01,Pending,331.0,Describe we current since quality.
LST-4945,PRP-3360,AGT-0128,180000.0,2022-01-12,2022-06-14,Withdrawn,,Program risk under garden yes.
LST-4946,PRP-0063,AGT-0122,422700.0,2023-12-02,2024-01-10,Sold,148.0,Chance person one lot necessary book. What whole plan rock election sport.
LST-4947,PRP-2665,AGT-0268,1743900.0,2024-04-02,2024-08-03,Withdrawn,354.0,Try red establish modern science lay. Term reach plant Mrs family.
LST-4948,PRP-2849,AGT-0063,732900.0,2022-06-24,2022-10-30,Active,327.0,Ten sport own others. Sort foreign wear perhaps.
LST-4949,PRP-2475,AGT-0088,828900.0,2023-04-13,2023-10-02,Sold,238.0,Should run start choice lot almost. Admit specific nearly information international reveal generation evening.
LST-4950,PRP-1605,AGT-0009,1059800.0,2022-07-09,2022-08-23,Sold,340.0,Half large say loss not present box.
LST-4951,PRP-0177,AGT-0023,824800.0,2022-12-16,2023-02-07,Withdrawn,269.0,Onto cause citizen material certainly cause. Magazine never much seat yeah under.
LST-4952,PRP-1800,AGT-0157,2137700.0,2021-07-06,2021-12-14,Sold,47.0,Let speak language your time site we available. Ahead sing dinner for save.
LST-4953,PRP-3251,AGT-0300,2641000.0,2020-03-07,2020-05-02,Sold,312.0,Start film tell various. Whatever beyond work weight.
LST-4954,PRP-0677,AGT-0006,1049700.0,2024-03-02,2024-06-26,Sold,51.0,Quite public thus opportunity response spring. Business national him whose staff behavior.
LST-4955,PRP-2353,AGT-0010,1352800.0,2020-10-26,2021-02-19,Expired,141.0,Wind father five second. Simply can him case great peace.
LST-4956,PRP-4336,AGT-0077,1612700.0,2020-02-08,2020-05-06,Withdrawn,166.0,Dark appear yourself challenge as citizen.
LST-4957,PRP-1687,AGT-0107,1442700.0,2022-10-26,2023-02-09,Sold,159.0,Father always professional attack pass also.
LST-4958,PRP-3236,AGT-0111,2047000.0,2022-11-14,2023-02-28,Expired,359.0,Education miss design actually first.
LST-4959,PRP-3992,AGT-0190,988900.0,2022-09-05,2022-11-11,Sold,105.0,Themselves assume baby white dinner very determine never. Account training cut interview.
LST-4960,PRP-4953,AGT-0210,867700.0,2021-05-11,2021-10-21,Expired,59.0,Still fill weight throw business wind thought.
LST-4961,PRP-4335,AGT-0136,1034100.0,2021-01-19,2021-06-23,Sold,264.0,Garden step ground travel civil choice. Test manager response sea try scientist.
LST-4962,PRP-3352,AGT-0111,137700.0,2023-08-30,2024-02-25,Sold,184.0,Check prevent recently to family heart.
LST-4963,PRP-3896,AGT-0053,1752800.0,2023-07-29,2023-11-06,Sold,71.0,Voice spend there pick.
LST-4964,PRP-0467,AGT-0264,2407300.0,2022-03-18,2022-02-25,Sold,18.0,View of doctor event race.
LST-4965,PRP-2946,AGT-0103,438000.0,2021-06-17,2021-12-14,Sold,318.0,Town cover fast behind teacher themselves sign. Could data Republican wear whether.
LST-4966,PRP-4470,AGT-0010,310700.0,2022-03-21,2022-06-02,Active,329.0,This life dark sure instead bar.
LST-4967,PRP-1763,AGT-0005,1270000.0,2020-08-18,2021-01-02,Sold,171.0,Drug analysis child partner mother shoulder training if. Garden section business bank develop conference.
LST-4968,PRP-3639,AGT-0093,182700.0,2024-04-09,2024-09-24,Sold,245.0,Event our camera weight very see conference point.
LST-4969,PRP-1872,AGT-0295,2908300.0,2022-12-16,2023-01-16,Sold,231.0,Mind try unit wish issue easy point.
LST-4970,PRP-1720,AGT-0292,2499100.0,2021-10-08,2022-02-01,Sold,284.0,Successful imagine back book. In chance assume want man.
LST-4971,PRP-0105,AGT-0141,1090800.0,2023-06-27,2023-10-25,Sold,22.0,Surface design event science character. Place whether Republican notice really foreign chair.
LST-4972,PRP-4561,AGT-0050,2120400.0,2020-02-08,2020-05-06,Sold,283.0,Letter teacher him we study oil soldier.
LST-4973,PRP-1978,AGT-0151,1980900.0,2023-02-16,2023-06-21,Pending,186.0,Scene design laugh.
LST-4974,PRP-1187,AGT-0085,2405000.0,2022-06-11,2022-11-13,Sold,271.0,Half vote charge support collection director cell. Stand state industry win agree quickly.
LST-4975,PRP-0776,AGT-0264,1256500.0,2022-10-06,2023-03-19,Active,110.0,Economic card eat stuff.
LST-4976,PRP-1917,AGT-0176,706500.0,2022-03-23,2022-05-17,Expired,30.0,Whole Democrat better few.
LST-4977,PRP-4722,AGT-0063,422600.0,2020-11-28,2021-03-23,Sold,,Simple role company lead phone production laugh war. Though policy water.
LST-4978,PRP-0754,AGT-0096,2221500.0,2020-11-16,2021-04-08,Expired,341.0,Almost myself art politics.
LST-4979,PRP-0475,AGT-0014,530100.0,2023-05-10,2023-06-15,Withdrawn,364.0,Loss affect doctor day safe home table.
LST-4980,PRP-4335,AGT-0224,1232100.0,2024-06-20,2024-08-31,Sold,57.0,Professor with bag young common. Rather attack present style produce group.
LST-4981,PRP-3577,AGT-0246,2332900.0,2021-02-15,2021-03-30,Sold,28.0,Medical miss you.
LST-4982,PRP-2409,AGT-0171,617300.0,2021-07-29,2022-01-15,Sold,40.0,Team management home above girl add necessary house. Large marriage push career.
LST-4983,PRP-3227,AGT-0026,390800.0,2020-10-14,2020-12-06,Expired,283.0,Indeed election drop. Majority positive player through look soon.
LST-4984,PRP-1240,AGT-0115,1637000.0,2021-05-07,2021-08-03,Sold,346.0,Tend cover particular also.
LST-4985,PRP-2205,AGT-0138,1310100.0,2021-04-25,2021-06-02,Sold,18.0,Order evening source these opportunity trade idea. Exactly politics door suggest.
LST-4986,PRP-2579,AGT-0160,575300.0,2023-12-16,2024-03-20,Withdrawn,37.0,Most concern remain southern.
LST-4987,PRP-3312,AGT-0251,1078200.0,2020-12-23,2021-06-15,Expired,,Town old fly.
LST-4988,PRP-4519,AGT-0048,461100.0,2021-10-07,2022-01-12,Expired,247.0,Religious behind public something either new. Animal themselves among boy successful discuss.
LST-4989,PRP-2561,AGT-0083,1135700.0,2021-05-25,2021-11-07,Pending,229.0,Operation blue maybe not hit month. Create collection open truth man couple anyone.
LST-4990,PRP-2554,AGT-0122,1222200.0,2021-07-29,2021-10-07,Expired,101.0,Sport win cover happy production chair. Democratic mouth deal meeting news.
LST-4991,PRP-3495,AGT-0222,2610600.0,2021-10-20,2021-11-27,Sold,261.0,Approach now but season identify.
LST-4992,PRP-4771,AGT-0241,894500.0,2023-07-27,2023-10-12,Sold,172.0,This get spend activity. Oil glass court rich five reduce American PM.
LST-4993,PRP-4891,AGT-0297,557000.0,2022-01-08,2022-03-03,Expired,,Own he wear support president read. Leave ground these.
LST-4994,PRP-0197,AGT-0084,2131700.0,2022-09-14,2022-11-28,Sold,194.0,Agent field sister. Dinner himself herself suddenly.
LST-4995,PRP-0221,AGT-0060,2120900.0,2022-12-02,2023-01-10,Sold,13.0,Lawyer station TV common. Word his bag market medical tell.
LST-4996,PRP-2276,AGT-0249,473500.0,2022-02-02,2022-07-08,Sold,143.0,Himself commercial these after thank. Interesting small new carry how.
LST-4997,PRP-2310,AGT-0213,330100.0,2021-11-24,2022-03-07,Sold,227.0,Tough positive more model information share. Husband why lawyer financial country.
LST-4998,PRP-0616,AGT-0155,2146500.0,2022-08-16,2022-11-27,Active,152.0,Production power cut light area.
LST-4999,PRP-2151,AGT-0054,1981400.0,2021-01-02,2021-07-01,Sold,85.0,Floor interest chance tell concern live. War white pass service.
LST-5000,PRP-0213,AGT-0277,2331600.0,2020-09-01,2020-12-21,Expired,141.0,Might according example financial authority Republican clearly. Road major reduce fly.
LST-5001,PRP-3551,AGT-0241,801200.0,2021-12-18,2022-02-08,Active,,Language set leader add worker think phone. Pass child notice data.
LST-5002,PRP-4384,AGT-0202,1491400.0,2021-03-25,2021-06-04,Sold,67.0,So support beat its time material. Mean might word three second say.
LST-5003,PRP-4467,AGT-0287,2925300.0,2023-01-13,2023-05-02,Expired,330.0,Grow seek personal board common ball ten.
LST-5004,PRP-0244,AGT-0260,852500.0,2020-12-07,2021-01-24,Sold,193.0,Pattern many medical firm stand develop.
LST-5005,PRP-1631,AGT-0029,2550100.0,2022-10-20,2023-02-19,Expired,16.0,He will firm which. Situation ball issue for apply economy.
LST-5006,PRP-2463,AGT-0055,1929900.0,2022-11-04,2023-02-28,Active,34.0,Front thousand world green.
LST-5007,PRP-1113,AGT-0184,409800.0,2020-03-08,2020-06-13,Sold,,Lay expect measure be history. How join whose herself market.
LST-5008,PRP-2628,AGT-0096,818600.0,2021-03-07,2021-08-03,Sold,280.0,Trouble glass pick their own peace relationship. Expert song lead case draw.
LST-5009,PRP-1171,AGT-0132,370600.0,2020-02-17,2020-06-28,Sold,274.0,Eight three whether sell discuss. Agent read soldier main measure choose protect whatever.
LST-5010,PRP-4502,AGT-0244,1394300.0,2023-03-19,2023-07-10,Active,163.0,Tonight natural particular card memory song.
LST-5011,PRP-2883,AGT-0043,915900.0,2021-06-13,2021-08-31,Sold,84.0,Economic source allow trade. Give material protect central paper.
LST-5012,PRP-2873,AGT-0161,2225900.0,2021-03-02,2021-06-30,Withdrawn,9.0,Consider hand less method start. Think also city paper certainly none.
LST-5013,PRP-0584,AGT-0243,1567900.0,2022-09-01,2023-02-10,Expired,38.0,Involve training story fall soldier.
LST-5014,PRP-4195,AGT-0240,457500.0,2022-10-30,2023-03-30,Sold,194.0,Beautiful yard nor animal plan training. Leave community him carry.
LST-5015,PRP-3509,AGT-0093,830900.0,2021-06-06,2021-07-27,Sold,284.0,Answer feel reduce outside painting. Set interest opportunity seat anyone money by what.
LST-5016,PRP-1521,AGT-0140,804600.0,2022-01-08,2022-07-02,Expired,229.0,Yeah environment against wish economic billion reason tend. Seat century art account old save movie national.
LST-5017,PRP-0253,AGT-0262,1958500.0,2024-03-22,2024-06-02,Active,,Wish nothing left company I generation. Water sense least finish bill.
LST-5018,PRP-1178,AGT-0073,1327600.0,2023-04-23,2023-07-20,Sold,196.0,Interesting probably wonder light site tonight national item.
LST-5019,PRP-0316,AGT-0294,1895200.0,2021-10-29,2022-04-06,Sold,334.0,Determine despite break wonder ability color.
LST-5020,PRP-1498,AGT-0201,2189800.0,2021-08-12,2021-09-20,Sold,56.0,Standard strategy physical speak theory.
LST-5021,PRP-4470,AGT-0029,364500.0,2022-07-12,2022-09-20,Sold,,North fly sense discuss director realize.
LST-5022,PRP-0088,AGT-0171,1510400.0,2022-05-09,2022-08-30,Withdrawn,162.0,Lose thought each return piece.
LST-5023,PRP-0055,AGT-0210,979200.0,2020-11-10,2021-05-05,Sold,124.0,Live strong look better.
LST-5024,PRP-4684,AGT-0206,53800.0,2022-03-05,2022-04-05,Sold,16.0,Conference mission lead serious traditional. Community month large focus walk agreement size.
LST-5025,PRP-4602,AGT-0255,1936900.0,2020-08-11,2021-02-01,Sold,314.0,Kind partner national.
LST-5026,PRP-4218,AGT-0247,173600.0,2020-01-06,2020-02-20,Active,92.0,Buy program personal hand all kind final.
LST-5027,PRP-2960,AGT-0040,1105200.0,2022-03-01,2022-08-08,Active,205.0,Raise answer inside manage.
LST-5028,PRP-4042,AGT-0213,347500.0,2021-08-06,2021-10-17,Active,236.0,Anything modern experience free piece wall record.
LST-5029,PRP-0395,AGT-0020,1644300.0,2024-06-22,2024-12-01,Sold,28.0,Daughter court deal piece cell step. Particular bag church Mrs save see system.
LST-5030,PRP-2290,AGT-0010,674700.0,2021-05-08,2021-06-12,Expired,265.0,During fine everything Mr reduce Republican side product. Before pressure list camera.
LST-5031,PRP-1454,AGT-0058,562200.0,2021-02-21,2021-05-04,Active,301.0,Policy social because medical production power why.
LST-5032,PRP-0448,AGT-0050,783300.0,2023-01-11,2023-05-16,Sold,108.0,Magazine agency arrive situation law what expert.
LST-5033,PRP-0418,AGT-0136,1247200.0,2021-09-03,2021-08-25,Sold,152.0,Board provide they something necessary quality now.
LST-5034,PRP-4190,AGT-0273,1189700.0,2021-10-10,2022-01-24,Sold,62.0,Per world above wish. Affect analysis plan important far day.
LST-5035,PRP-1826,AGT-0117,1565200.0,2023-08-27,2023-10-19,Sold,81.0,Item writer give anyone that wind.
LST-5036,PRP-0601,AGT-0238,1573100.0,2022-04-11,2022-08-16,Active,311.0,On man final maybe floor future across.
LST-5037,PRP-0917,AGT-0163,366300.0,2022-12-18,2023-04-11,Sold,26.0,Animal young positive foreign officer fall partner.
LST-5038,PRP-4058,AGT-0191,1897000.0,2020-06-08,2020-06-03,Pending,,Character land treat whose end worry recognize. Detail top watch director glass take contain.
LST-5039,PRP-3906,AGT-0206,2096400.0,2024-05-04,2024-09-04,Expired,186.0,Seat page mind when score fact who. Realize hair involve than.
LST-5040,PRP-4956,AGT-0019,799500.0,2023-06-03,2023-11-24,Active,183.0,Its green choice Democrat growth company.
LST-5041,PRP-1488,AGT-0008,1126500.0,2023-07-25,2023-10-31,Sold,302.0,Respond politics during year language different mission history.
LST-5042,PRP-3550,AGT-0287,2466800.0,2023-01-11,2023-06-29,Withdrawn,78.0,Board full increase own.
LST-5043,PRP-4393,AGT-0274,198200.0,2024-02-20,2024-07-29,Expired,272.0,Feeling enough thousand lay realize. Structure public why add chair.
LST-5044,PRP-2190,AGT-0222,1718900.0,2023-08-03,2024-01-24,Sold,210.0,Chance field yes draw agent trouble.
LST-5045,PRP-3928,AGT-0129,1573000.0,2023-06-23,2023-12-17,Sold,153.0,Shake that impact wide than chair necessary. Work activity level.
LST-5046,PRP-2769,AGT-0271,516900.0,2022-03-18,2022-07-22,Sold,,Property affect nearly.
LST-5047,PRP-4331,AGT-0184,289700.0,2022-12-16,2023-04-19,Expired,17.0,Bag six range same. Never light Republican war while.
LST-5048,PRP-0423,AGT-0206,2618600.0,2020-03-29,2020-07-08,Active,,Both computer behind goal. Scientist everyone for hard.
LST-5049,PRP-4815,AGT-0155,1357800.0,2020-11-03,2021-01-15,Sold,258.0,Including our ever laugh determine do.
LST-5050,PRP-3982,AGT-0009,232000.0,2021-09-23,2022-02-05,Expired,125.0,Play themselves other evening. Since meet section without effect bed thought suggest.
LST-5051,PRP-1561,AGT-0296,1150400.0,2022-04-11,2022-07-03,Active,250.0,Sometimes report everything few set.
LST-5052,PRP-1547,AGT-0171,200000.0,2020-11-21,2021-03-27,Sold,240.0,Box me open never view.
LST-5053,PRP-0697,AGT-0199,2422700.0,2023-12-05,2024-05-12,Expired,258.0,Economic even concern apply nice fire. Behind safe fine human manage.
LST-5054,PRP-4087,AGT-0212,614400.0,2021-11-30,2021-12-30,Sold,3.0,Pull between of resource reach magazine yeah cause.
LST-5055,PRP-0817,AGT-0275,2099000.0,2023-12-28,2024-03-28,Sold,343.0,Either eat word line least cold out include. Pattern mission his mind according.
LST-5056,PRP-0946,AGT-0221,2340800.0,2022-09-14,2023-01-16,Sold,358.0,Response heart kid possible often audience. Sport whatever cultural culture factor who north role.
LST-5057,PRP-2218,AGT-0214,112600.0,2022-11-19,2023-01-11,Sold,331.0,Theory ability room between money. Keep exist respond place those peace interesting.
LST-5058,PRP-3234,AGT-0300,670600.0,2021-12-24,2022-06-05,Sold,86.0,Easy dark man it sing. Practice office air table.
LST-5059,PRP-4963,AGT-0287,472400.0,2021-04-26,2021-07-26,Sold,363.0,Mind sign car in test employee.
LST-5060,PRP-1042,AGT-0235,1009200.0,2024-03-01,2024-08-18,Sold,269.0,Network born authority wrong security. List sense before opportunity any.
LST-5061,PRP-2121,AGT-0085,781200.0,2021-11-16,2021-12-19,Expired,132.0,Modern those program feel. Various several financial agent owner manage cause.
LST-5062,PRP-1165,AGT-0204,581600.0,2022-06-19,2022-11-03,Sold,248.0,Bank action rest how sure inside really. Wrong yet budget two strong likely sure.
LST-5063,PRP-4289,AGT-0025,2490400.0,2022-01-15,2022-03-08,Active,273.0,Watch check team perform sound bag issue. Modern late write.
LST-5064,PRP-1123,AGT-0246,179500.0,2021-05-20,2021-11-08,Sold,99.0,Public three measure include participant minute. Middle form reduce relate.
LST-5065,PRP-4468,AGT-0133,1965100.0,2023-09-25,2024-01-12,Sold,105.0,Step century despite treatment dinner operation.
LST-5066,PRP-2906,AGT-0064,2329900.0,2021-01-26,2021-04-21,Sold,,Opportunity tell modern.
LST-5067,PRP-0752,AGT-0084,1257900.0,2024-01-12,2024-07-01,Sold,311.0,Man floor structure kitchen people wish story. Share hospital whether meet society after professional.
LST-5068,PRP-3426,AGT-0151,413700.0,2024-06-10,2024-08-20,Sold,262.0,Develop dinner of himself social. Bank really young light ten prove debate.
LST-5069,PRP-1456,AGT-0265,2687000.0,2023-12-02,2024-04-26,Withdrawn,293.0,Recognize resource rather themselves save. Power company industry.
LST-5070,PRP-0874,AGT-0191,2972200.0,2023-11-27,2024-03-04,Sold,187.0,Tend control light return.
LST-5071,PRP-1217,AGT-0226,515800.0,2022-02-05,2022-06-10,Sold,167.0,Price relationship onto artist that yet.
LST-5072,PRP-3487,AGT-0002,666400.0,2020-12-02,2021-01-17,Sold,340.0,Claim area manage account culture off heavy center. Amount authority leader ago.
LST-5073,PRP-1474,AGT-0294,322900.0,2024-01-10,2024-05-04,Sold,10.0,School out appear prepare. Learn old play finish Mr sense themselves.
LST-5074,PRP-2126,AGT-0021,2529400.0,2020-10-08,2020-12-08,Active,36.0,Away they writer risk guess also. Person thought finish agree who it.
LST-5075,PRP-0568,AGT-0122,161300.0,2021-08-26,2022-02-03,Expired,141.0,Ready plan hit pull oil one plant. Memory cold meeting strategy tend mean.
LST-5076,PRP-3507,AGT-0034,766500.0,2021-01-17,2021-04-28,Sold,356.0,Him sign professor again young. Bag music energy four ten impact surface.
LST-5077,PRP-1066,AGT-0175,940800.0,2024-01-18,2024-05-25,Sold,114.0,Strategy sign including before audience western shoulder. Hair style step majority if.
LST-5078,PRP-3797,AGT-0254,868400.0,2023-04-23,2023-07-11,Sold,176.0,Foreign century show model season structure.
LST-5079,PRP-4960,AGT-0241,422800.0,2023-04-01,2023-06-19,Sold,162.0,Traditional message everybody likely chance help dark.
LST-5080,PRP-2745,AGT-0151,1853200.0,2022-04-20,2022-05-29,Sold,94.0,Statement be score lot their.
LST-5081,PRP-3849,AGT-0018,1972500.0,2021-05-01,2021-07-10,Active,210.0,Business believe film different realize believe.
LST-5082,PRP-1079,AGT-0086,521000.0,2023-12-15,2024-01-14,Sold,,Quite voice population nor. Bank staff article board decade.
LST-5083,PRP-2674,AGT-0035,939600.0,2023-10-03,2023-11-26,Pending,40.0,Parent some agency inside finally red.
LST-5084,PRP-0712,AGT-0076,1127200.0,2023-12-25,2024-06-06,Sold,85.0,Budget party land smile. Concern car machine.
LST-5085,PRP-0834,AGT-0247,1511200.0,2023-09-17,2024-01-09,Active,326.0,Often in by we guess discover. Part sister control kind mention assume industry.
LST-5086,PRP-4465,AGT-0187,68600.0,2020-08-14,2021-01-03,Active,285.0,Still customer happen arrive big.
LST-5087,PRP-3051,AGT-0036,2661900.0,2023-07-17,2023-11-19,Withdrawn,198.0,Fly less occur drug. Score draw live role.
LST-5088,PRP-0263,AGT-0136,430800.0,2022-05-08,2022-07-14,Sold,41.0,Age and sort baby produce international federal rule.
LST-5089,PRP-1165,AGT-0263,610600.0,2021-04-09,2021-07-05,Active,59.0,Act success quite speak stuff reality radio. Always customer more investment.
LST-5090,PRP-4917,AGT-0079,1841000.0,2022-08-24,2022-09-23,Active,285.0,Factor see pick various.
LST-5091,PRP-3509,AGT-0230,728100.0,2022-05-30,2022-05-16,Withdrawn,355.0,Environmental mouth measure end pay. Evening painting accept billion collection attack.
LST-5092,PRP-4717,AGT-0011,1029900.0,2020-01-26,2020-07-03,Sold,,Effect kitchen establish. According really truth now.
LST-5093,PRP-0073,AGT-0278,1745900.0,2020-01-25,2020-03-03,Sold,272.0,Important member way.
LST-5094,PRP-3655,AGT-0274,2860500.0,2023-07-27,2023-10-30,Active,103.0,Head kid top picture career around allow.
LST-5095,PRP-3956,AGT-0241,826000.0,2021-09-25,2021-11-23,Sold,289.0,Himself music threat continue sense.
LST-5096,PRP-1497,AGT-0237,1988200.0,2021-05-12,2021-08-01,Sold,136.0,Face table study model interesting. Under short involve report seven want deep.
LST-5097,PRP-3769,AGT-0185,461500.0,2023-09-01,2023-11-21,Active,39.0,Three role doctor soon here. Seem stop toward perhaps bag budget specific.
LST-5098,PRP-0353,AGT-0191,735100.0,2023-04-27,2023-10-11,Sold,318.0,Least claim argue let turn rock law.
LST-5099,PRP-0695,AGT-0159,1741600.0,2022-07-07,2022-10-22,Pending,195.0,Expert into response evidence.
LST-5100,PRP-2393,AGT-0193,1349900.0,2020-12-10,2021-02-05,Expired,145.0,Wait task tell show put not religious. Long style degree career information.
LST-5101,PRP-1399,AGT-0192,2439900.0,2023-05-01,2023-09-11,Sold,26.0,Standard film ask condition.
LST-5102,PRP-3682,AGT-0136,2955200.0,2022-07-30,2023-01-20,Sold,323.0,Help game eat movement deal option perform. Head role until well.
LST-5103,PRP-1010,AGT-0190,167700.0,2024-05-12,2024-10-31,Sold,153.0,Voice success network occur find.
LST-5104,PRP-3069,AGT-0300,1818400.0,2024-01-29,2024-04-04,Active,54.0,Human enter lead provide idea visit.
LST-5105,PRP-1502,AGT-0001,224800.0,2020-04-02,2020-07-11,Sold,136.0,Police thought half rather home. Measure purpose total care.
LST-5106,PRP-3980,AGT-0019,580300.0,2024-01-06,2024-05-26,Sold,221.0,Price save form into available edge seek. Own cold whom tonight health.
LST-5107,PRP-4483,AGT-0249,488000.0,2023-04-16,2023-08-31,Pending,317.0,Idea to perform. Pull work career move challenge vote dinner.
LST-5108,PRP-2734,AGT-0285,2663200.0,2022-02-22,2022-07-26,Sold,336.0,Another smile happen.
LST-5109,PRP-1936,AGT-0297,1542200.0,2021-12-29,2022-02-12,Active,247.0,Arm beyond sure blood my actually.
LST-5110,PRP-3135,AGT-0060,68200.0,2020-12-22,2021-03-28,Sold,224.0,True player form everyone thousand.
LST-5111,PRP-4155,AGT-0194,2362000.0,2023-07-04,2023-10-20,Active,143.0,Conference order less join.
LST-5112,PRP-1079,AGT-0004,2780500.0,2024-02-18,2024-06-12,Sold,354.0,Talk note event firm upon avoid movement. Risk style look lot hold.
LST-5113,PRP-4156,AGT-0228,202400.0,2020-10-08,2021-03-13,Withdrawn,256.0,Manager mention lead response claim owner around responsibility. Song ahead this must help sell make.
LST-5114,PRP-1138,AGT-0289,1681700.0,2021-10-30,2022-01-01,Expired,171.0,Sound somebody eat leave citizen.
LST-5115,PRP-4881,AGT-0271,783300.0,2021-07-02,2021-12-16,Sold,106.0,Result themselves growth summer eat reach traditional way. Hot than especially how.
LST-5116,PRP-1294,AGT-0024,2231600.0,2022-07-01,2022-09-01,Active,343.0,Benefit significant far tax late among respond. Suffer hard third sound wonder.
LST-5117,PRP-3767,AGT-0063,348900.0,2023-04-16,2023-07-10,Active,103.0,Step onto argue.
LST-5118,PRP-0273,AGT-0189,127700.0,2023-07-11,2023-12-29,Expired,203.0,Edge charge step leg. Power body country really author yet seven.
LST-5119,PRP-3559,AGT-0100,1056900.0,2023-09-17,2023-11-01,Sold,218.0,Mouth door billion middle mind.
LST-5120,PRP-1603,AGT-0103,1111000.0,2024-04-09,2024-09-11,Sold,341.0,Small perform treatment answer require physical.
LST-5121,PRP-2407,AGT-0182,364700.0,2020-06-28,2020-08-20,Active,234.0,Southern role hotel consider respond. Stage claim throughout girl can.
LST-5122,PRP-3955,AGT-0121,2809100.0,2023-12-30,2024-06-26,Sold,332.0,Operation law as human bad artist believe mouth.
LST-5123,PRP-3967,AGT-0240,567700.0,2021-02-05,2021-08-04,Sold,170.0,Fly score sister pretty room.
LST-5124,PRP-3022,AGT-0144,2121300.0,2020-10-10,2021-04-05,Active,357.0,Answer range service husband century. Party detail threat figure manage speak.
LST-5125,PRP-1147,AGT-0162,168900.0,2021-06-01,2021-11-06,Active,152.0,Reflect yet factor join candidate. Economic he fine five table federal.
LST-5126,PRP-2501,AGT-0036,1692500.0,2020-08-14,2020-10-29,Active,331.0,Owner nature forget treatment. Really easy result establish reveal present.
LST-5127,PRP-3084,AGT-0003,2320300.0,2020-10-27,2021-01-11,Sold,167.0,Many pay between save size key.
LST-5128,PRP-0861,AGT-0057,1028000.0,2023-12-31,2024-03-05,Sold,39.0,Public thank power community series free know.
LST-5129,PRP-2789,AGT-0258,1805700.0,2020-10-18,2020-10-13,Sold,185.0,Wonder from above. Very price state nature reality range.
LST-5130,PRP-4584,AGT-0051,2621300.0,2021-01-13,2021-05-15,Sold,327.0,Bed bar religious camera direction. Never relate fall most.
LST-5131,PRP-0852,AGT-0137,2481400.0,2024-02-06,2024-06-27,Withdrawn,106.0,Ground election behind into energy.
LST-5132,PRP-3607,AGT-0130,1140000.0,2023-03-16,2023-07-14,Sold,340.0,Television indicate wait hold. Or assume care garden sort.
LST-5133,PRP-0218,AGT-0146,425600.0,2020-10-25,2020-12-01,Expired,134.0,Full politics church figure. Before budget business executive.
LST-5134,PRP-0483,AGT-0036,1248800.0,2022-06-19,2022-07-29,Expired,219.0,Certain change key job money doctor television. Southern measure if car drug catch.
LST-5135,PRP-2741,AGT-0206,2273800.0,2023-12-22,2024-02-11,Expired,318.0,Offer country in general prove young relate. Customer hold deep open employee box.
LST-5136,PRP-3998,AGT-0244,1850500.0,2023-09-29,2024-03-19,Sold,305.0,Measure seven also final hundred prepare.
LST-5137,PRP-0893,AGT-0227,1179800.0,2023-11-05,2024-03-30,Sold,60.0,Whom happen seek bed degree assume. Discover discussion summer commercial.
LST-5138,PRP-1502,AGT-0142,2037400.0,2021-09-19,2021-11-02,Sold,104.0,Law than character analysis I now theory identify.
LST-5139,PRP-2726,AGT-0065,1169300.0,2023-12-20,2024-02-15,Active,,Local PM speech laugh tax throughout fund.
LST-5140,PRP-4224,AGT-0122,713600.0,2020-06-18,2020-10-07,Sold,279.0,Property other nice such. Security well painting quality option myself career.
LST-5141,PRP-3597,AGT-0286,498000.0,2023-08-30,2023-10-18,Expired,305.0,Before meeting later commercial believe.
LST-5142,PRP-3266,AGT-0119,948300.0,2020-06-22,2020-12-04,Active,17.0,Leader food anything ability order quality assume. Want customer newspaper partner.
LST-5143,PRP-4085,AGT-0041,345400.0,2021-12-24,2022-02-02,Pending,,Tough question we themselves.
LST-5144,PRP-1584,AGT-0177,1611900.0,2021-01-20,2021-03-13,Sold,244.0,Black eight us society fill many prepare. Help less arrive turn more Mrs work there.
LST-5145,PRP-4867,AGT-0019,588200.0,2021-07-02,2021-10-27,Sold,327.0,Land level ok.
LST-5146,PRP-1367,AGT-0055,1900300.0,2024-03-01,2024-06-14,Pending,312.0,Only audience economic word seat. Ready person television commercial month clear.
LST-5147,PRP-4360,AGT-0120,163900.0,2021-03-12,2021-06-03,Sold,8.0,Hear wall side car drug of gas teacher. Card produce factor station.
LST-5148,PRP-4332,AGT-0049,1604500.0,2023-07-05,2023-09-17,Sold,,Check rest million which specific.
LST-5149,PRP-0066,AGT-0031,1982000.0,2022-08-25,2022-10-23,Sold,322.0,Phone fall college student mention face cold.
LST-5150,PRP-4396,AGT-0200,2203200.0,2021-12-20,2022-05-13,Sold,219.0,Administration product us beautiful. Face especially recently structure institution policy test.
LST-5151,PRP-3821,AGT-0224,2131300.0,2021-05-06,2021-10-27,Sold,1.0,Forget image media nice number.
LST-5152,PRP-0884,AGT-0208,309000.0,2022-09-21,2022-12-12,Active,235.0,Reality mission discuss consider full. Article strong environment main.
LST-5153,PRP-2940,AGT-0094,1061100.0,2024-05-18,2024-11-03,Sold,222.0,Action rise feeling able. Walk product your lose not.
LST-5154,PRP-1595,AGT-0147,1707400.0,2024-06-22,2024-08-29,Sold,83.0,Vote next walk yard. Goal matter like environment she.
LST-5155,PRP-4925,AGT-0153,2076900.0,2023-01-12,2023-05-02,Sold,73.0,Age rate tell natural best little peace. Not always possible cell.
LST-5156,PRP-3400,AGT-0044,711000.0,2024-01-29,2024-05-07,Sold,45.0,Meet shoulder all story building part.
LST-5157,PRP-2114,AGT-0236,1432400.0,2023-07-27,2023-12-30,Withdrawn,96.0,Human marriage today each. Relate simply space news and together.
LST-5158,PRP-4371,AGT-0236,2449500.0,2020-05-21,2020-10-12,Sold,290.0,Material enter sign sit join firm clear.
LST-5159,PRP-3986,AGT-0203,1161100.0,2021-03-17,2021-05-10,Expired,,Front seat production teacher capital. Type new ago training treatment enjoy.
LST-5160,PRP-0293,AGT-0239,612700.0,2022-06-14,2022-08-08,Pending,364.0,Still top age.
LST-5161,PRP-0847,AGT-0281,1854300.0,2022-07-08,2022-12-21,Sold,62.0,End condition finally memory outside second. Since crime section first.
LST-5162,PRP-2037,AGT-0270,1683500.0,2020-08-09,2021-01-14,Sold,54.0,Product expert culture exist wish behind. White term natural item than heart.
LST-5163,PRP-0036,AGT-0018,549900.0,2021-02-09,2021-05-28,Withdrawn,,Boy important majority cause red. Way notice political difficult.
LST-5164,PRP-2904,AGT-0186,2385700.0,2020-08-17,2020-11-18,Withdrawn,234.0,Always worker reach skin high.
LST-5165,PRP-4722,AGT-0192,2164000.0,2023-01-28,2023-07-23,Sold,70.0,If scene car if office order usually camera. Ground computer test or member wait doctor or.
LST-5166,PRP-0742,AGT-0088,1157500.0,2020-06-09,2020-11-13,Active,335.0,Environment rate after choose social almost. During under feeling story real than.
LST-5167,PRP-3204,AGT-0206,2444200.0,2020-09-24,2021-03-05,Active,,Play coach situation amount some feeling science loss.
LST-5168,PRP-1507,AGT-0052,325800.0,2020-04-03,2020-08-04,Expired,,Policy development investment position. Would citizen investment nature follow four entire region.
LST-5169,PRP-1424,AGT-0133,197500.0,2024-02-23,2024-08-03,Sold,153.0,Because crime chair itself ever. Exist less year blue.
LST-5170,PRP-2791,AGT-0029,1015500.0,2022-02-20,2022-06-04,Sold,207.0,Short strong hit network. Force day you economy.
LST-5171,PRP-4021,AGT-0106,2382700.0,2023-12-11,2024-05-14,Active,182.0,Drive party know camera throw.
LST-5172,PRP-4224,AGT-0101,142400.0,2022-12-17,2023-02-21,Sold,15.0,Here item whether amount score send.
LST-5173,PRP-4683,AGT-0215,408200.0,2024-04-22,2024-09-08,Active,,Establish record poor test. Not again country these mean century cup.
LST-5174,PRP-4307,AGT-0169,392200.0,2020-09-11,2021-02-03,Withdrawn,297.0,Move science manage amount fear issue administration. Tell return tough conference.
LST-5175,PRP-1719,AGT-0189,2020900.0,2021-08-03,2021-10-11,Active,341.0,Just structure it foot join everybody two.
LST-5176,PRP-1105,AGT-0231,2974500.0,2020-05-29,2020-09-13,Sold,54.0,Country option agency hope he rock include improve. Well yeah body glass into.
LST-5177,PRP-4961,AGT-0280,1791700.0,2023-11-16,2023-10-20,Sold,106.0,Far too listen. Hand church safe ask.
LST-5178,PRP-3753,AGT-0001,2809300.0,2021-03-11,2021-05-09,Sold,329.0,Just time outside level responsibility opportunity catch particular. Dream become market appear.
LST-5179,PRP-4768,AGT-0074,1864900.0,2020-10-15,2021-02-07,Active,301.0,Value TV food treatment. Environment level already fact.
LST-5180,PRP-2611,AGT-0261,1257200.0,2022-07-31,2022-10-25,Pending,23.0,Loss character memory more put they kind. Environment fire structure job bank.
LST-5181,PRP-1227,AGT-0126,1584500.0,2022-09-16,2022-11-01,Active,118.0,If culture in any.
LST-5182,PRP-3834,AGT-0287,1498900.0,2020-07-11,2020-12-18,Sold,249.0,May eight wrong each mission along analysis. Rate year wind year newspaper will.
LST-5183,PRP-2502,AGT-0253,2040200.0,2022-10-13,2023-01-05,Sold,,Section window say street. Fall financial doctor.
LST-5184,PRP-2103,AGT-0170,2562200.0,2024-01-16,2024-03-08,Active,1.0,Nation so push apply however.
LST-5185,PRP-3057,AGT-0262,1054400.0,2022-09-25,2023-01-24,Active,,Seat beautiful against people degree court.
LST-5186,PRP-3152,AGT-0078,57100.0,2021-04-24,2021-08-16,Expired,,Wide agreement trial spend gas threat individual.
LST-5187,PRP-0864,AGT-0078,653500.0,2021-05-17,2021-09-24,Active,,Wish tough carry type their together recent. Stock maybe boy as court play.
LST-5188,PRP-4508,AGT-0274,1796600.0,2023-09-06,2023-12-25,Sold,82.0,Early paper site process check.
LST-5189,PRP-1976,AGT-0192,1448200.0,2023-04-05,2023-06-16,Sold,240.0,Raise relationship per buy finish white chance. Appear operation television page benefit but.
LST-5190,PRP-1824,AGT-0206,917000.0,2021-04-04,2021-08-23,Sold,163.0,Note believe each participant less hard. Test all particularly foot also.
LST-5191,PRP-0297,AGT-0064,848300.0,2024-05-14,2024-10-19,Active,185.0,Against citizen ability paper include themselves cut child.
LST-5192,PRP-4035,AGT-0176,559300.0,2023-04-08,2023-07-20,Expired,138.0,Long policy court region. Institution hotel against eight.
LST-5193,PRP-0758,AGT-0118,2488300.0,2020-08-27,2021-02-23,Sold,207.0,Indicate likely provide least public.
LST-5194,PRP-2876,AGT-0199,1716600.0,2020-02-18,2020-05-20,Active,90.0,Green back support do prevent.
LST-5195,PRP-0004,AGT-0174,1561200.0,2021-12-18,2022-02-23,Sold,8.0,Red choice finally. Door lay much management message.
LST-5196,PRP-1710,AGT-0267,2256400.0,2020-06-25,2020-09-04,Sold,204.0,Under piece experience management. Agree bag establish debate.
LST-5197,PRP-2872,AGT-0179,2590200.0,2020-06-06,2020-08-22,Sold,,New yard admit.
LST-5198,PRP-2442,AGT-0190,1970000.0,2022-08-01,2023-01-19,Expired,,A it goal manage address moment. Body cover speech better green.
LST-5199,PRP-3976,AGT-0204,1187100.0,2024-05-08,2024-08-29,Sold,325.0,Month chance entire best.
LST-5200,PRP-4843,AGT-0092,1023900.0,2020-11-29,2021-04-17,Sold,,Follow peace order want. Number society artist decade scene operation space.
LST-5201,PRP-0493,AGT-0221,866800.0,2022-11-04,2023-03-17,Active,25.0,Card lot outside many source song.
LST-5202,PRP-3505,AGT-0155,1329400.0,2020-12-04,2021-02-26,Withdrawn,209.0,Everything job whatever executive cut them. Energy build arrive.
LST-5203,PRP-1513,AGT-0155,1260600.0,2022-04-15,2022-07-14,Active,205.0,Writer enter catch require young Democrat gun purpose.
LST-5204,PRP-4827,AGT-0059,1089600.0,2023-10-29,2024-04-06,Withdrawn,352.0,Issue loss through worry real analysis fire. Water focus culture song fight give member.
LST-5205,PRP-2996,AGT-0180,2586300.0,2021-02-26,2021-03-31,Sold,287.0,Ten example peace within. Mr friend north catch go raise why.
LST-5206,PRP-3441,AGT-0187,2160600.0,2022-02-20,2022-06-12,Expired,56.0,Camera anything rather read well. His remain all shoulder claim nice.
LST-5207,PRP-1948,AGT-0169,2359900.0,2023-07-31,2023-07-07,Expired,121.0,Foot group stock. Have establish floor full rule.
LST-5208,PRP-1959,AGT-0056,564000.0,2020-09-15,2021-01-22,Sold,210.0,Song law oil meet option yeah number. Environmental take concern pass stay.
LST-5209,PRP-0761,AGT-0075,463800.0,2020-11-06,2021-01-26,Sold,254.0,Perhaps around receive eye debate.
LST-5210,PRP-1996,AGT-0151,599400.0,2020-06-27,2020-06-14,Sold,87.0,College Mrs official end.
LST-5211,PRP-3257,AGT-0249,929500.0,2020-04-06,2020-07-17,Active,122.0,Who human southern just those of. Sometimes name eat major try suffer.
LST-5212,PRP-2189,AGT-0224,2945100.0,2021-10-28,2022-03-24,Sold,192.0,Threat sister others. Entire child model even.
LST-5213,PRP-1628,AGT-0005,2011900.0,2022-09-14,2022-11-03,Withdrawn,259.0,Forget life since but option of son career. Above material check job wait.
LST-5214,PRP-1938,AGT-0281,599000.0,2020-12-04,2021-03-13,Sold,163.0,Pretty and relationship their.
LST-5215,PRP-0336,AGT-0268,1899100.0,2024-06-21,2024-09-02,Sold,186.0,Financial court yet.
LST-5216,PRP-2536,AGT-0153,2539800.0,2021-04-18,2021-10-09,Sold,364.0,Cell everybody turn something. Also opportunity stay middle different.
LST-5217,PRP-4523,AGT-0125,1605100.0,2021-11-05,2022-04-12,Sold,59.0,Agency these nation.
LST-5218,PRP-4821,AGT-0103,1422100.0,2021-11-11,2021-12-24,Withdrawn,60.0,Lot set task already cold state exactly. Pull pick them baby no.
LST-5219,PRP-4953,AGT-0100,1941400.0,2023-09-29,2024-03-25,Sold,227.0,Rate interest thousand society.
LST-5220,PRP-2579,AGT-0206,332200.0,2024-06-14,2024-09-28,Active,,We character fly various color. Magazine wrong maintain.
LST-5221,PRP-1849,AGT-0100,1848100.0,2024-03-25,2024-04-25,Sold,117.0,Share month student. Power out trade respond man our.
LST-5222,PRP-4444,AGT-0035,1086700.0,2023-11-04,2023-12-29,Active,170.0,She street research some coach increase style. Direction son however choose.
LST-5223,PRP-4234,AGT-0122,1748400.0,2020-12-03,2021-02-15,Sold,253.0,Strategy speak model vote eye street. Us whether employee I.
LST-5224,PRP-4736,AGT-0179,686100.0,2023-04-28,2023-07-27,Sold,,East fill second majority must Congress. Else outside figure education.
LST-5225,PRP-3599,AGT-0198,2508700.0,2023-07-11,2023-09-08,Sold,137.0,Film court management individual.
LST-5226,PRP-4484,AGT-0235,1410100.0,2021-08-17,2022-01-12,Sold,306.0,Learn final drive off former. Physical exactly none player condition.
LST-5227,PRP-1534,AGT-0128,2991100.0,2023-10-19,2024-04-11,Sold,,Itself edge president bank also.
LST-5228,PRP-3241,AGT-0082,2276000.0,2023-01-27,2023-07-23,Sold,102.0,About above week bar always hotel authority.
LST-5229,PRP-3501,AGT-0094,698000.0,2020-06-08,2020-11-26,Pending,241.0,Today yes four behind occur learn reveal.
LST-5230,PRP-3534,AGT-0048,2034700.0,2021-12-22,2022-03-18,Withdrawn,361.0,Increase level animal nation learn call see. Begin section military line call.
LST-5231,PRP-0240,AGT-0246,266500.0,2023-05-11,2023-09-17,Sold,22.0,Boy mission smile standard enough fire herself.
LST-5232,PRP-0563,AGT-0265,2316700.0,2020-12-12,2021-05-01,Active,214.0,Century happen measure consider program. Part talk range avoid water.
LST-5233,PRP-0190,AGT-0120,2076200.0,2020-10-20,2020-12-02,Sold,52.0,Fear break player send. Stage change record page.
LST-5234,PRP-4431,AGT-0113,221400.0,2023-05-31,2023-10-03,Sold,183.0,Attention edge never central meeting air group.
LST-5235,PRP-0694,AGT-0142,1232700.0,2021-03-10,2021-07-08,Active,285.0,Improve company look.
LST-5236,PRP-4337,AGT-0090,1616700.0,2023-06-06,2023-07-07,Sold,273.0,Wife garden national start probably.
LST-5237,PRP-3620,AGT-0182,115300.0,2022-06-07,2022-08-12,Expired,350.0,View charge order though beautiful effect. Fall value party join discussion maintain research.
LST-5238,PRP-0768,AGT-0014,400600.0,2023-06-09,2023-09-05,Sold,108.0,Notice reality skill capital challenge.
LST-5239,PRP-1197,AGT-0060,2634500.0,2022-06-26,2022-09-09,Sold,331.0,Perform test fund unit everything almost off growth. Skin message computer magazine grow woman.
LST-5240,PRP-2481,AGT-0229,302700.0,2023-02-22,2023-08-04,Expired,101.0,Soldier base American environment thing.
LST-5241,PRP-3396,AGT-0085,1103900.0,2020-03-27,2020-06-11,Expired,105.0,True certainly war far brother.
LST-5242,PRP-2716,AGT-0109,2148300.0,2021-03-10,2021-08-24,Active,,Seat prepare still executive free region third.
LST-5243,PRP-3896,AGT-0239,570400.0,2021-05-16,2021-07-02,Expired,26.0,Language special cause kitchen open these such. Along happy now partner.
LST-5244,PRP-0190,AGT-0288,1082100.0,2020-10-20,2020-12-03,Sold,,Sense easy together group a official letter. Check same close some rock.
LST-5245,PRP-4360,AGT-0076,1382200.0,2021-07-31,2021-10-06,Sold,258.0,Room center ability owner inside. Letter threat yourself science four tell.
LST-5246,PRP-3154,AGT-0265,445000.0,2021-10-08,2022-03-01,Expired,163.0,Debate player because walk.
LST-5247,PRP-0213,AGT-0230,2740500.0,2023-02-11,2023-05-14,Sold,115.0,South heavy keep job attack send information. Culture matter woman card meeting reduce.
LST-5248,PRP-2562,AGT-0256,1458100.0,2020-12-23,2021-05-08,Sold,197.0,Matter car above computer effort whose.
LST-5249,PRP-3966,AGT-0237,1748600.0,2020-09-10,2021-03-09,Sold,4.0,Claim official owner try.
LST-5250,PRP-0319,AGT-0016,1163700.0,2024-05-18,2024-07-08,Expired,2.0,Eye explain attention environmental. Change central carry computer fear offer picture.
LST-5251,PRP-1830,AGT-0120,1187000.0,2021-04-03,2021-09-21,Expired,59.0,Organization nearly better various happy she.
LST-5252,PRP-1729,AGT-0248,2469000.0,2020-10-16,2020-12-11,Active,49.0,Live mother early hit pressure name lot central.
LST-5253,PRP-4599,AGT-0062,1715600.0,2021-04-04,2021-07-14,Sold,56.0,Tv community perhaps finish plan our collection.
LST-5254,PRP-1250,AGT-0217,2251900.0,2021-02-28,2021-06-05,Sold,280.0,Imagine bring only she.
LST-5255,PRP-0393,AGT-0107,687600.0,2023-10-22,2024-02-17,Sold,83.0,In determine yourself.
LST-5256,PRP-2260,AGT-0101,2750000.0,2021-12-05,2022-01-30,Active,232.0,Left themselves skill national per management.
LST-5257,PRP-2782,AGT-0271,1869600.0,2020-09-14,2021-03-06,Expired,13.0,Peace experience believe art serve fall large. Sign kind possible course spend experience.
LST-5258,PRP-1176,AGT-0156,596100.0,2022-02-25,2022-03-28,Active,,Story technology quickly them public shake try.
LST-5259,PRP-3008,AGT-0254,2006100.0,2022-09-06,2023-02-23,Expired,,Huge thing forget good receive only name.
LST-5260,PRP-0088,AGT-0278,749500.0,2024-05-27,2024-11-05,Sold,266.0,Adult standard environment discussion mother let customer.
LST-5261,PRP-4654,AGT-0021,116700.0,2021-01-06,2021-04-21,Expired,296.0,Close improve me. Example employee feel administration.
LST-5262,PRP-2201,AGT-0220,540300.0,2022-11-16,2023-01-19,Sold,162.0,Economic little born itself garden them. Soon information believe leave garden wait main.
LST-5263,PRP-1266,AGT-0108,592200.0,2020-01-31,2020-05-08,Sold,333.0,Can buy time it each. Near change too issue add cold ago anything.
LST-5264,PRP-1132,AGT-0089,1956900.0,2023-01-09,2023-06-29,Expired,65.0,Seat page here across however figure.
LST-5265,PRP-0737,AGT-0150,2225500.0,2020-12-01,2020-11-16,Sold,6.0,Chance seem if goal better.
LST-5266,PRP-1499,AGT-0281,346300.0,2024-03-27,2024-05-11,Sold,76.0,Within rest role share interesting green resource. Open ago require service we ground.
LST-5267,PRP-0272,AGT-0194,507300.0,2022-04-29,2022-06-26,Active,320.0,Energy let agreement open where far.
LST-5268,PRP-3977,AGT-0155,1936900.0,2024-02-02,2024-06-20,Sold,10.0,Election see early lose first sure quickly.
LST-5269,PRP-4056,AGT-0152,607300.0,2024-04-12,2024-05-31,Expired,39.0,Paper yeah cultural they.
LST-5270,PRP-2404,AGT-0164,2432600.0,2022-09-07,2023-02-26,Expired,50.0,Similar research information finally. Fund avoid television brother poor look.
LST-5271,PRP-1500,AGT-0064,2618200.0,2020-09-06,2021-01-24,Pending,314.0,Amount recognize and type discussion agency ago. Sell notice force parent.
LST-5272,PRP-4916,AGT-0251,562800.0,2021-10-15,2022-02-08,Expired,203.0,Human chance large. Man high deal product woman budget return.
LST-5273,PRP-0052,AGT-0112,240000.0,2023-08-21,2023-12-06,Sold,222.0,Relationship candidate alone line again talk. Reason relate situation kind everyone base.
LST-5274,PRP-2304,AGT-0179,2184900.0,2020-08-27,2020-10-16,Sold,154.0,Generation day just discussion imagine compare four.
LST-5275,PRP-3608,AGT-0039,2127100.0,2023-07-05,2023-12-26,Expired,43.0,Others wind back individual.
LST-5276,PRP-2240,AGT-0082,1340800.0,2023-03-26,2023-07-22,Active,150.0,Loss within something window among pick opportunity. Agency allow hit finish think heart beyond.
LST-5277,PRP-2624,AGT-0030,2463000.0,2023-02-02,2023-06-24,Sold,49.0,Get involve sort environmental matter they. Newspaper everybody thus agency black.
LST-5278,PRP-2747,AGT-0091,975700.0,2020-06-22,2020-12-17,Pending,52.0,Mind against physical series PM. Site from near worker.
LST-5279,PRP-3790,AGT-0021,2552800.0,2021-04-07,2021-08-08,Withdrawn,313.0,Figure money white true stay.
LST-5280,PRP-0017,AGT-0112,499000.0,2021-07-02,2021-11-29,Sold,169.0,Reduce short watch shake against painting. Fire control suggest rather.
LST-5281,PRP-2972,AGT-0024,316700.0,2021-08-14,2021-10-31,Sold,253.0,Relate mouth year require foreign however.
LST-5282,PRP-2575,AGT-0186,1921600.0,2021-12-11,2022-01-27,Sold,117.0,Something send wall plant true. Strategy rest maybe seek.
LST-5283,PRP-2721,AGT-0197,306900.0,2020-03-21,2020-05-01,Expired,15.0,Economic main watch world.
LST-5284,PRP-3763,AGT-0254,1938400.0,2021-09-03,2021-12-18,Expired,,Appear yet money often strong board. Kid oil officer.
LST-5285,PRP-0737,AGT-0216,2766500.0,2024-02-19,2024-04-22,Sold,97.0,Another end tell easy face.
LST-5286,PRP-4544,AGT-0294,1414300.0,2020-01-03,2020-04-11,Sold,,Act represent school per quality thought. Mean total task lead.
LST-5287,PRP-4942,AGT-0143,2381800.0,2024-05-03,2024-07-07,Active,333.0,Left discover sit type.
LST-5288,PRP-3871,AGT-0113,2243800.0,2020-12-17,2021-04-04,Active,260.0,South among return room. Entire perhaps democratic anything.
LST-5289,PRP-4470,AGT-0285,152700.0,2021-02-04,2021-04-01,Sold,330.0,Nearly fine clearly home show.
LST-5290,PRP-4720,AGT-0237,1467900.0,2021-06-10,2021-10-16,Withdrawn,181.0,Customer debate could town.
LST-5291,PRP-0675,AGT-0300,2418000.0,2022-12-08,2023-04-14,Expired,188.0,Become another while research education.
LST-5292,PRP-0769,AGT-0215,790800.0,2022-08-26,2023-01-12,Withdrawn,193.0,Space situation position can without.
LST-5293,PRP-1465,AGT-0294,1954500.0,2020-02-10,2020-07-03,Withdrawn,273.0,Quality indicate card study one ground person.
LST-5294,PRP-3536,AGT-0153,1466000.0,2024-05-05,2024-07-12,Sold,25.0,Ago idea will carry. Focus else boy same science family something.
LST-5295,PRP-4201,AGT-0222,1485300.0,2020-02-06,2020-05-11,Sold,296.0,Glass rich purpose have seat attention.
LST-5296,PRP-1282,AGT-0300,1533000.0,2020-08-21,2020-10-12,Pending,,Believe will heavy. Feel guess receive important.
LST-5297,PRP-1131,AGT-0096,1897200.0,2024-02-20,2024-08-07,Sold,189.0,Security of bag provide few speak.
LST-5298,PRP-3322,AGT-0089,2515600.0,2023-06-25,2023-12-12,Active,145.0,Huge level now we art claim ever.
LST-5299,PRP-3160,AGT-0214,2474800.0,2021-08-04,2022-01-27,Sold,181.0,Whole assume assume director back people.
LST-5300,PRP-1134,AGT-0223,1181500.0,2020-10-30,2021-01-16,Active,67.0,Either coach natural walk speech research. Maybe help scientist surface.
LST-5301,PRP-0391,AGT-0047,778100.0,2024-01-15,2024-04-04,Sold,331.0,Growth too speak recent table.
LST-5302,PRP-0408,AGT-0085,2245500.0,2024-05-02,2024-06-13,Active,,Budget style herself process result film stop. Page effect above hotel need such.
LST-5303,PRP-1963,AGT-0104,1683000.0,2022-02-04,2022-03-13,Sold,178.0,White indeed arm wall same property interest dinner. American hold opportunity wrong.
LST-5304,PRP-1283,AGT-0180,879600.0,2022-04-07,2022-08-24,Sold,245.0,She activity hand claim study different democratic significant. Gun pattern whatever a recently senior.
LST-5305,PRP-3699,AGT-0070,1666600.0,2023-04-17,2023-08-07,Sold,332.0,State worry outside heavy before think agency. Light by across help.
LST-5306,PRP-2597,AGT-0250,1186900.0,2022-10-11,2023-03-14,Expired,15.0,Candidate something free similar goal explain necessary.
LST-5307,PRP-2101,AGT-0134,1412200.0,2023-08-05,2023-10-08,Sold,122.0,Effort create indicate theory seek.
LST-5308,PRP-3829,AGT-0120,97600.0,2020-07-29,2020-09-22,Active,42.0,Whatever seat especially forget hospital card.
LST-5309,PRP-2773,AGT-0271,664200.0,2020-10-02,2020-12-16,Sold,198.0,Western early fight. Quite magazine education star strategy candidate.
LST-5310,PRP-0626,AGT-0135,756300.0,2020-07-22,2020-12-09,Active,127.0,Man rich author drug. Receive alone opportunity thus present according traditional.
LST-5311,PRP-2569,AGT-0248,387500.0,2021-02-26,2021-04-22,Sold,74.0,Place alone four.
LST-5312,PRP-4970,AGT-0290,1055500.0,2021-11-21,2022-03-16,Active,,Control it economy early couple control story threat.
LST-5313,PRP-2100,AGT-0166,999000.0,2021-03-01,2021-08-13,Sold,82.0,Tree himself green. Throw there family.
LST-5314,PRP-4833,AGT-0072,1082300.0,2024-02-27,2024-05-29,Sold,,Site possible participant financial page pressure produce fine.
LST-5315,PRP-3494,AGT-0151,759700.0,2023-10-07,2023-11-13,Withdrawn,54.0,News traditional anyone develop behavior. Community bad opportunity magazine test enjoy do policy.
LST-5316,PRP-0112,AGT-0117,152200.0,2022-07-02,2022-08-12,Active,96.0,Partner thought computer total. Example through agree wish.
LST-5317,PRP-1151,AGT-0104,812800.0,2024-05-24,2024-08-13,Active,14.0,Increase sometimes difference capital hold. Number security each party despite.
LST-5318,PRP-1511,AGT-0016,2381300.0,2021-11-24,2022-03-01,Active,234.0,Speech sound Mr learn. Bring ability less.
LST-5319,PRP-3008,AGT-0054,2707100.0,2022-04-30,2022-07-21,Sold,31.0,She president usually often room key available. Later especially reason avoid.
LST-5320,PRP-3044,AGT-0186,1701000.0,2022-09-05,2023-01-22,Sold,232.0,Number involve against avoid where including. Sing choice standard peace need old.
LST-5321,PRP-2660,AGT-0270,2794300.0,2022-07-15,2022-10-24,Sold,3.0,Wife rate teach ok soldier rather. Piece program effect wind population inside.
LST-5322,PRP-1248,AGT-0186,1494900.0,2021-08-25,2021-10-23,Sold,318.0,Travel administration skin middle left.
LST-5323,PRP-3865,AGT-0206,1199500.0,2023-07-18,2024-01-01,Sold,79.0,Them anything environment whole present watch clearly. Easy both different over.
LST-5324,PRP-1489,AGT-0070,1391100.0,2022-04-15,2022-10-07,Pending,349.0,Star state real. Significant per great serve.
LST-5325,PRP-3223,AGT-0137,2101900.0,2020-06-15,2020-08-09,Expired,21.0,Use wind part doctor get.
LST-5326,PRP-0081,AGT-0029,1302900.0,2021-05-02,2021-06-29,Sold,186.0,Church future agency likely. Stock politics defense see.
LST-5327,PRP-4066,AGT-0039,755400.0,2024-04-12,2024-08-22,Active,283.0,Present sure win cost director. Customer to machine remain hard.
LST-5328,PRP-3227,AGT-0286,1180300.0,2021-06-20,2021-11-29,Sold,289.0,Several rule simply. Able actually human already.
LST-5329,PRP-3600,AGT-0293,1776500.0,2020-03-28,2020-05-28,Sold,222.0,Happy establish whatever last figure expect baby.
LST-5330,PRP-3897,AGT-0088,1006700.0,2024-06-30,2024-11-26,Sold,281.0,Growth expect any strategy reveal money art.
LST-5331,PRP-4394,AGT-0267,1709400.0,2020-05-27,2020-10-21,Active,197.0,Letter moment hospital grow. Represent smile effect security research.
LST-5332,PRP-1604,AGT-0054,1179000.0,2024-03-05,2024-05-12,Sold,256.0,Anyone dream should move record city.
LST-5333,PRP-3427,AGT-0046,2421200.0,2020-07-18,2020-12-28,Active,255.0,Sport become science trouble or anything growth.
LST-5334,PRP-1265,AGT-0135,1013100.0,2022-09-24,2022-11-23,Sold,147.0,Sister goal whole prove region gas.
LST-5335,PRP-1875,AGT-0252,1365200.0,2021-04-05,2021-09-26,Sold,364.0,Keep deal teacher receive own serious. What everyone kind.
LST-5336,PRP-0812,AGT-0209,1716900.0,2020-09-09,2021-02-01,Withdrawn,284.0,Reality price house will recognize. Include Mrs understand issue education red paper.
LST-5337,PRP-0147,AGT-0293,1897900.0,2020-09-30,2021-03-08,Sold,298.0,Shoulder weight push list small bit. Reduce hour season drop issue.
LST-5338,PRP-3592,AGT-0118,496200.0,2024-06-11,2024-11-01,Sold,348.0,Down expert yourself none agency.
LST-5339,PRP-0636,AGT-0100,1428600.0,2021-09-14,2021-12-05,Sold,351.0,Road thus population hit on.
LST-5340,PRP-1284,AGT-0265,2210300.0,2022-01-31,2022-05-23,Expired,,Behavior several approach against. Stop film shoulder production my manager.
LST-5341,PRP-4429,AGT-0167,2471700.0,2020-03-09,2020-07-22,Sold,,Four player next various stuff international possible.
LST-5342,PRP-2490,AGT-0053,809000.0,2024-05-27,2024-07-14,Active,290.0,Military gun foreign expert. Score now free western.
LST-5343,PRP-1258,AGT-0029,2741100.0,2022-10-30,2023-03-10,Sold,7.0,Less card ball dark. Answer art land believe bill.
LST-5344,PRP-2374,AGT-0103,772500.0,2024-06-09,2024-07-14,Withdrawn,43.0,Exactly part if painting interview city brother.
LST-5345,PRP-4085,AGT-0170,2128800.0,2023-07-14,2023-09-19,Sold,,Carry staff ground.
LST-5346,PRP-0776,AGT-0269,1760200.0,2024-01-20,2024-02-24,Sold,26.0,Quite able front past room on.
LST-5347,PRP-0808,AGT-0178,2799900.0,2022-12-01,2023-01-31,Pending,87.0,Sing sell above law service similar bar.
LST-5348,PRP-2960,AGT-0213,779600.0,2024-06-07,2024-07-12,Sold,237.0,Recent computer indeed follow indeed book. Reason green improve expert require.
LST-5349,PRP-3933,AGT-0066,626600.0,2021-11-21,2022-03-10,Sold,291.0,Here continue top drop floor source gun.
LST-5350,PRP-0391,AGT-0114,346100.0,2022-06-29,2022-10-19,Withdrawn,77.0,Those good ok speak option. Market story coach receive fast Mr back.
LST-5351,PRP-0318,AGT-0080,335700.0,2023-04-19,2023-09-03,Sold,320.0,Stuff just read water ago.
LST-5352,PRP-0997,AGT-0099,2090500.0,2021-10-11,2021-09-17,Expired,18.0,Only state issue range store. Somebody president single sure any reveal travel much.
LST-5353,PRP-1817,AGT-0186,2170600.0,2023-01-31,2023-05-28,Sold,211.0,Training mother situation college find woman. Travel PM feeling little then whose buy.
LST-5354,PRP-1803,AGT-0254,2651100.0,2021-09-30,2021-09-15,Active,248.0,Wish politics best sell kitchen head television.
LST-5355,PRP-3475,AGT-0171,2069800.0,2021-12-16,2021-12-02,Sold,17.0,Fast question professor expect democratic safe should. Practice left describe become big.
LST-5356,PRP-4481,AGT-0048,78000.0,2022-03-05,2022-07-19,Active,183.0,Professional black ever science goal event specific according.
LST-5357,PRP-3595,AGT-0055,748100.0,2022-07-15,2022-10-06,Sold,303.0,Coach student teach particularly. Look hope vote sell build happen friend.
LST-5358,PRP-2139,AGT-0041,2378900.0,2020-11-18,2020-12-28,Active,144.0,Teacher poor friend win area chair.
LST-5359,PRP-0638,AGT-0078,2809100.0,2021-09-09,2022-02-01,Pending,243.0,Major never military if. If company peace less difference rule if choose.
LST-5360,PRP-1955,AGT-0135,1384200.0,2023-06-08,2023-11-27,Active,240.0,Energy see military these they cell center.
LST-5361,PRP-2717,AGT-0286,1744800.0,2022-04-09,2022-05-14,Sold,243.0,Special western perform. Share use coach reveal crime include free.
LST-5362,PRP-4603,AGT-0245,1222600.0,2020-11-08,2021-03-24,Sold,180.0,Course purpose or quite officer population each. Once join need assume defense reduce professor.
LST-5363,PRP-1492,AGT-0149,578700.0,2020-05-20,2020-07-27,Sold,169.0,Foreign color lot dark after product.
LST-5364,PRP-1799,AGT-0244,420100.0,2024-01-13,2024-06-14,Active,304.0,Evidence natural deep and drop recent. Center could himself grow factor when.
LST-5365,PRP-2415,AGT-0099,310900.0,2021-09-20,2021-11-01,Active,214.0,Court idea born theory painting.
LST-5366,PRP-1026,AGT-0241,641500.0,2022-07-21,2022-12-08,Active,300.0,Fast national somebody mission. Surface event six bad.
LST-5367,PRP-4539,AGT-0185,2862000.0,2021-04-17,2021-06-07,Expired,296.0,Rich pressure happen role reason speech. Successful trouble ready treat store.
LST-5368,PRP-1450,AGT-0271,1690100.0,2020-08-10,2020-12-30,Active,,Involve common near kitchen production just. Our cultural Mrs eight ground really strong.
LST-5369,PRP-1804,AGT-0256,2555000.0,2020-08-10,2020-08-02,Withdrawn,198.0,Particularly force let interesting police series far face. Service also become enough that fill.
LST-5370,PRP-0632,AGT-0050,782300.0,2023-07-14,2023-11-03,Sold,335.0,Back sit practice determine may whatever program. Expert mission fact necessary here.
LST-5371,PRP-0457,AGT-0049,2937700.0,2021-11-21,2022-04-18,Withdrawn,303.0,True no audience above law music safe.
LST-5372,PRP-4456,AGT-0263,1738600.0,2020-01-21,2020-04-30,Sold,237.0,Machine seem training entire have decision. Hair interest join.
LST-5373,PRP-3277,AGT-0286,1908200.0,2024-06-10,2024-07-28,Active,15.0,Window chair which enter structure.
LST-5374,PRP-3409,AGT-0002,1516400.0,2021-03-15,2021-06-24,Sold,,Real agree my none religious clear. Public market several.
LST-5375,PRP-4803,AGT-0205,2855200.0,2020-05-14,2020-07-02,Sold,272.0,Color can tell green.
LST-5376,PRP-0537,AGT-0088,674300.0,2023-06-18,2023-08-14,Active,28.0,Figure move imagine yeah recognize.
LST-5377,PRP-3376,AGT-0041,2682300.0,2023-12-07,2024-03-12,Sold,133.0,My sit call soon.
LST-5378,PRP-4171,AGT-0294,1578900.0,2022-06-04,2022-08-07,Sold,,Ten since thousand material stop.
LST-5379,PRP-3240,AGT-0264,2254700.0,2020-09-13,2021-01-21,Pending,257.0,Anyone possible those tend power bring. Fish opportunity soldier.
LST-5380,PRP-1737,AGT-0230,1425900.0,2020-11-06,2021-04-06,Expired,181.0,Key task few area reveal trade operation. Much collection drive range color worker college experience.
LST-5381,PRP-0527,AGT-0281,1895400.0,2024-03-19,2024-07-20,Sold,,Who participant again site year.
LST-5382,PRP-3523,AGT-0118,859100.0,2020-11-26,2021-02-10,Expired,85.0,Quality lot call final decide teacher watch party. Camera peace system imagine issue surface.
LST-5383,PRP-3631,AGT-0057,1836500.0,2021-11-30,2022-03-01,Sold,190.0,Today process off west movement.
LST-5384,PRP-1585,AGT-0241,2129300.0,2021-06-01,2021-10-13,Sold,8.0,Reduce stuff others use. Sound course thousand sort.
LST-5385,PRP-0209,AGT-0101,636500.0,2024-03-19,2024-07-24,Sold,58.0,Democrat popular thousand ever. Picture billion close international week.
LST-5386,PRP-4724,AGT-0203,1840600.0,2024-02-15,2024-04-10,Sold,23.0,Compare seek bit soon contain leader. Once receive side score.
LST-5387,PRP-2033,AGT-0205,646000.0,2023-12-15,2024-03-12,Active,210.0,Property open entire could listen.
LST-5388,PRP-3168,AGT-0199,1413500.0,2021-02-18,2021-04-04,Expired,193.0,Leader card perhaps body determine. So early wall Democrat end.
LST-5389,PRP-0546,AGT-0189,690000.0,2021-10-18,2022-01-10,Sold,9.0,Sit turn report myself hard home. Free goal very method.
LST-5390,PRP-0716,AGT-0200,1936400.0,2021-03-27,2021-07-30,Sold,202.0,Follow someone successful whether.
LST-5391,PRP-1794,AGT-0224,2402500.0,2021-01-11,2021-03-20,Sold,301.0,Type thing other page role.
LST-5392,PRP-2597,AGT-0145,2370200.0,2021-07-19,2021-12-03,Sold,221.0,Easy put their property daughter serious suffer color. Share tend talk enough magazine.
LST-5393,PRP-3288,AGT-0031,433300.0,2023-08-10,2023-09-12,Expired,52.0,Ask remember one source.
LST-5394,PRP-4164,AGT-0053,2355700.0,2020-05-19,2020-08-06,Active,64.0,Season whether dark continue. Suggest red range eye song just.
LST-5395,PRP-3276,AGT-0211,706600.0,2020-05-01,2020-08-25,Sold,248.0,Defense common somebody table.
LST-5396,PRP-0519,AGT-0238,1079300.0,2023-02-18,2023-07-01,Sold,117.0,Continue color assume car.
LST-5397,PRP-0080,AGT-0176,821700.0,2024-05-04,2024-09-15,Sold,280.0,Put war truth party reach. Bag project effect.
LST-5398,PRP-0827,AGT-0182,383700.0,2023-03-13,2023-08-08,Sold,331.0,Community debate foreign reduce represent. School myself continue play side.
LST-5399,PRP-3070,AGT-0276,2841800.0,2024-01-16,2024-06-26,Expired,265.0,World trade everyone smile opportunity close worry. Indeed investment state.
LST-5400,PRP-4584,AGT-0244,232200.0,2021-12-21,2022-06-08,Pending,13.0,Nice state form degree challenge. Throw though last vote identify there.
LST-5401,PRP-1691,AGT-0178,2536400.0,2020-11-16,2021-05-02,Sold,7.0,Reveal it else mother kind which teach. Few close benefit development meeting.
LST-5402,PRP-4957,AGT-0008,350600.0,2023-02-19,2023-08-05,Sold,154.0,Nor environment next many.
LST-5403,PRP-2615,AGT-0292,841500.0,2020-08-19,2020-07-27,Active,7.0,May soldier room growth always themselves.
LST-5404,PRP-0456,AGT-0232,225400.0,2023-11-02,2023-12-28,Sold,288.0,Reduce policy here face area. Guess tough mind citizen lay.
LST-5405,PRP-0915,AGT-0099,2504200.0,2021-10-02,2021-12-09,Sold,19.0,Might smile receive his time charge really.
LST-5406,PRP-2466,AGT-0002,2105700.0,2021-09-23,2022-02-01,Pending,8.0,Family later day be.
LST-5407,PRP-2287,AGT-0100,2543500.0,2021-07-08,2021-06-27,Sold,76.0,Eye yeah film degree like white ball. Chair response key mother many allow shoulder.
LST-5408,PRP-1512,AGT-0046,1809600.0,2020-11-08,2021-04-23,Sold,270.0,Side about size past. Investment investment seat.
LST-5409,PRP-1038,AGT-0245,1039500.0,2023-05-04,2023-07-19,Sold,159.0,Throw manager minute social fall. Population the age rich.
LST-5410,PRP-2173,AGT-0182,423400.0,2023-11-25,2024-02-13,Sold,44.0,Never be sound.
LST-5411,PRP-3704,AGT-0202,1156700.0,2020-06-13,2020-07-21,Sold,346.0,Decide number kid modern company. Day country rule.
LST-5412,PRP-1941,AGT-0084,230500.0,2021-06-02,2021-05-15,Active,7.0,Thing maintain risk TV. Offer century whose.
LST-5413,PRP-4677,AGT-0169,2789200.0,2024-06-09,2024-08-06,Expired,163.0,According pull beat. Area American tough officer situation audience positive.
LST-5414,PRP-1920,AGT-0172,1829100.0,2021-05-15,2021-10-16,Active,242.0,Treatment box character term system behavior develop any.
LST-5415,PRP-2881,AGT-0132,2356800.0,2020-03-17,2020-09-03,Active,71.0,Per lose food thank. Measure life evidence fill.
LST-5416,PRP-4960,AGT-0285,2214400.0,2022-01-25,2022-06-25,Pending,87.0,Travel bed loss especially. End candidate method every consider large writer.
LST-5417,PRP-3916,AGT-0128,511200.0,2023-12-25,2024-03-23,Expired,,Action right southern player those career.
LST-5418,PRP-3490,AGT-0158,535900.0,2023-12-10,2023-11-10,Sold,347.0,Heavy situation design evidence. Foot he inside reveal office.
LST-5419,PRP-4704,AGT-0272,2339100.0,2023-11-12,2024-04-02,Pending,301.0,Beyond fish skill sure.
LST-5420,PRP-0878,AGT-0280,658900.0,2021-01-25,2021-06-28,Withdrawn,230.0,Poor leave fast that bar art far.
LST-5421,PRP-2511,AGT-0050,359200.0,2024-04-08,2024-05-26,Pending,188.0,Fast method property away option energy carry throw.
LST-5422,PRP-0449,AGT-0175,2535200.0,2020-02-20,2020-03-28,Sold,218.0,Teach light fine box.
LST-5423,PRP-2966,AGT-0295,1404500.0,2020-02-13,2020-06-12,Expired,292.0,Book look three fish pick dinner military huge.
LST-5424,PRP-3217,AGT-0098,113500.0,2021-12-31,2022-06-02,Sold,296.0,Door then production community deal get. Amount character network their drive.
LST-5425,PRP-1094,AGT-0083,2529400.0,2021-08-01,2021-07-25,Expired,54.0,Us across can knowledge many. Sit network beautiful experience debate sound ever drug.
LST-5426,PRP-0477,AGT-0242,1545000.0,2021-04-10,2021-07-06,Active,85.0,Mr much family vote debate appear.
LST-5427,PRP-3974,AGT-0092,206000.0,2021-07-22,2021-09-02,Sold,,Pass maybe concern again already church. Surface dinner real group.
LST-5428,PRP-2938,AGT-0130,1674700.0,2020-10-18,2020-09-18,Sold,65.0,Force rather before explain such early in. Offer road small how sign.
LST-5429,PRP-4609,AGT-0233,515300.0,2022-12-19,2023-05-09,Sold,88.0,Field purpose add simply through.
LST-5430,PRP-2402,AGT-0032,2213900.0,2023-03-12,2023-05-09,Sold,332.0,Without car animal chair.
LST-5431,PRP-3832,AGT-0147,2103700.0,2020-07-04,2020-10-23,Sold,23.0,Similar TV wait son. Great value perform old assume.
LST-5432,PRP-3586,AGT-0080,1353900.0,2023-07-11,2023-12-24,Sold,293.0,Several relationship voice prepare. Somebody recent growth rather hundred building.
LST-5433,PRP-2651,AGT-0097,2829100.0,2023-07-03,2023-11-14,Sold,78.0,Guy southern personal. Teach with step idea me close.
LST-5434,PRP-4279,AGT-0172,2921400.0,2021-12-08,2022-04-08,Sold,257.0,Almost story theory information really cultural hair. Benefit easy note.
LST-5435,PRP-2791,AGT-0006,2399900.0,2023-04-19,2023-10-14,Sold,228.0,Whom late quickly mention fall. Expect environmental conference we.
LST-5436,PRP-0290,AGT-0198,271700.0,2023-12-26,2024-03-07,Pending,181.0,Hot sister once large bar yeah never.
LST-5437,PRP-2766,AGT-0114,188400.0,2023-04-29,2023-08-17,Active,162.0,National picture line. Prevent government throughout create employee six for defense.
LST-5438,PRP-2653,AGT-0196,616500.0,2024-02-07,2024-06-21,Sold,153.0,Suddenly reduce clear clearly room. Thank serious must before easy fund government thousand.
LST-5439,PRP-0154,AGT-0176,2392100.0,2020-10-11,2020-10-10,Pending,197.0,South push American significant.
LST-5440,PRP-4804,AGT-0127,597000.0,2023-02-13,2023-03-29,Sold,183.0,Long language dog tree how. Growth result beat family other center build.
LST-5441,PRP-2448,AGT-0214,1792200.0,2021-11-10,2021-12-16,Sold,328.0,Quality someone push as especially evening herself name.
LST-5442,PRP-1496,AGT-0258,2225500.0,2020-10-09,2021-04-07,Pending,,From natural world foreign approach style discuss.
LST-5443,PRP-0575,AGT-0205,1909000.0,2021-06-14,2021-08-08,Expired,351.0,Live again answer amount.
LST-5444,PRP-2679,AGT-0033,1453300.0,2021-03-11,2021-07-31,Sold,59.0,Just lead data form report change forward civil. Available send idea certain end.
LST-5445,PRP-4634,AGT-0139,1996600.0,2024-01-11,2024-03-09,Expired,211.0,Culture stuff happen best clearly.
LST-5446,PRP-4041,AGT-0021,1242900.0,2023-06-10,2023-11-04,Withdrawn,266.0,Also green agree effect fast all later. Task rate as strategy energy myself region plan.
LST-5447,PRP-1263,AGT-0128,2050500.0,2020-06-20,2020-09-17,Sold,361.0,Live seat American. Author begin next inside can trouble Republican heart.
LST-5448,PRP-4555,AGT-0271,1491500.0,2022-07-29,2022-09-06,Sold,254.0,Last determine easy Mrs national.
LST-5449,PRP-1185,AGT-0221,1085600.0,2020-06-16,2020-11-19,Sold,304.0,Like herself hit.
LST-5450,PRP-2805,AGT-0027,795300.0,2024-02-10,2024-05-01,Sold,8.0,Stay line take door.
LST-5451,PRP-2535,AGT-0021,1440400.0,2020-11-03,2021-02-06,Expired,62.0,Apply everything cause. Much be or often.
LST-5452,PRP-0442,AGT-0177,1887000.0,2021-01-05,2021-02-23,Expired,238.0,Clear water official onto bar police. Region reduce Congress six kitchen crime.
LST-5453,PRP-3681,AGT-0008,1685900.0,2023-06-24,2023-05-26,Active,100.0,Design dark five respond water top own.
LST-5454,PRP-1853,AGT-0270,580300.0,2020-07-17,2020-09-12,Active,,Where its drug size southern answer whether vote. Reach place although high take might bill common.
LST-5455,PRP-2514,AGT-0160,1997300.0,2022-11-20,2023-02-25,Pending,174.0,Must institution PM surface off.
LST-5456,PRP-0650,AGT-0021,2202500.0,2020-09-11,2020-10-21,Sold,,Form place five reach low manage the.
LST-5457,PRP-2187,AGT-0146,876600.0,2022-05-26,2022-08-04,Sold,241.0,Foot president early instead firm site wife. Event population interest picture cause.
LST-5458,PRP-4495,AGT-0290,422600.0,2024-03-21,2024-09-12,Sold,38.0,Which easy newspaper difficult final measure.
LST-5459,PRP-2959,AGT-0126,2701500.0,2021-07-17,2021-12-17,Sold,151.0,Baby sense knowledge any cut the course. Really back get likely throughout east maintain teacher.
LST-5460,PRP-3393,AGT-0243,386600.0,2021-11-07,2021-10-31,Expired,215.0,Rate project community window. Painting identify piece.
LST-5461,PRP-1864,AGT-0091,1678900.0,2022-06-19,2022-11-07,Active,108.0,War occur minute doctor call debate wide.
LST-5462,PRP-0328,AGT-0224,122500.0,2024-02-06,2024-05-17,Sold,325.0,Never house move carry land.
LST-5463,PRP-3553,AGT-0148,530200.0,2021-02-05,2021-08-04,Sold,317.0,Each pass thought system action expert wrong firm.
LST-5464,PRP-1964,AGT-0049,1260600.0,2020-08-28,2021-02-17,Expired,99.0,Hear court itself.
LST-5465,PRP-2282,AGT-0201,1527700.0,2020-02-25,2020-08-23,Sold,275.0,Sort good catch late commercial character else. Represent them ground.
LST-5466,PRP-1654,AGT-0017,581700.0,2022-05-14,2022-06-21,Sold,333.0,Set nation story.
LST-5467,PRP-2673,AGT-0214,144000.0,2023-02-22,2023-06-21,Sold,135.0,Mention term those doctor nor likely. Trade wall TV either never fill opportunity.
LST-5468,PRP-4193,AGT-0041,2728700.0,2020-05-08,2020-08-19,Expired,173.0,Next surface decision trouble investment still.
LST-5469,PRP-3660,AGT-0090,578900.0,2020-07-11,2020-11-01,Pending,332.0,Whom artist material energy democratic structure. Share despite table who.
LST-5470,PRP-4652,AGT-0216,1284900.0,2023-10-28,2024-01-27,Active,263.0,Account since truth economic training Republican health.
LST-5471,PRP-0198,AGT-0299,1426800.0,2020-04-14,2020-08-01,Sold,54.0,Role test enjoy blue I order.
LST-5472,PRP-1754,AGT-0094,891000.0,2024-05-17,2024-08-08,Sold,127.0,Travel Republican and able police good. Sure data bring too notice laugh.
LST-5473,PRP-3888,AGT-0065,769000.0,2021-04-26,2021-06-07,Sold,295.0,West out garden.
LST-5474,PRP-1157,AGT-0036,406400.0,2023-09-26,2024-03-10,Sold,4.0,Pass American worker every claim. Rock girl crime hair.
LST-5475,PRP-4733,AGT-0027,511400.0,2021-10-21,2022-02-21,Expired,109.0,Other affect admit place nature. Try quite science language.
LST-5476,PRP-4209,AGT-0139,2455600.0,2021-11-25,2022-02-03,Expired,206.0,Animal both performance level try stay. Town step environmental sister.
LST-5477,PRP-4604,AGT-0038,2408800.0,2023-07-24,2023-07-09,Expired,306.0,Short listen so analysis.
LST-5478,PRP-3162,AGT-0275,2324800.0,2021-02-21,2021-04-17,Active,274.0,But treat speak. Somebody attention medical speech seat.
LST-5479,PRP-2495,AGT-0266,1222500.0,2020-08-02,2020-12-23,Sold,160.0,Relate left present include look. Determine dream sing cultural from everyone short.
LST-5480,PRP-4517,AGT-0004,1051400.0,2021-11-04,2021-12-29,Active,233.0,Manage suffer gas step simply.
LST-5481,PRP-1308,AGT-0021,332800.0,2024-06-06,2024-11-30,Sold,76.0,Man how serious play final.
LST-5482,PRP-2181,AGT-0126,2510200.0,2021-03-25,2021-09-10,Active,233.0,Order rule budget someone that person. Guy accept able sea threat call network his.
LST-5483,PRP-4819,AGT-0176,2879600.0,2022-07-13,2022-09-06,Sold,176.0,Teacher affect course near make. Reach point expert hard people heart.
LST-5484,PRP-0357,AGT-0154,2797100.0,2024-02-21,2024-07-07,Pending,211.0,Stay character person since smile wall process. Movie music successful finish stand.
LST-5485,PRP-1253,AGT-0273,2119200.0,2022-02-02,2022-06-14,Expired,275.0,Land sing town scene benefit ahead force.
LST-5486,PRP-0968,AGT-0227,2258200.0,2022-04-11,2022-06-28,Active,,While amount discussion great Democrat peace.
LST-5487,PRP-3613,AGT-0017,1303100.0,2020-09-17,2020-12-22,Sold,300.0,Also live lot effect very.
LST-5488,PRP-2397,AGT-0146,1386600.0,2023-09-24,2024-01-23,Sold,,Particularly east could treatment answer. Job stop hour.
LST-5489,PRP-2398,AGT-0146,2220100.0,2023-08-27,2024-01-26,Sold,163.0,Dog parent can contain make rich.
LST-5490,PRP-0024,AGT-0268,289500.0,2020-08-22,2020-12-23,Expired,301.0,Life run hit according mind station. Behavior only us tree include doctor reason.
LST-5491,PRP-0994,AGT-0247,776700.0,2022-11-13,2023-04-04,Active,227.0,Remain his across practice agreement door different health. Hair team side officer executive use red.
LST-5492,PRP-1710,AGT-0178,861300.0,2022-11-18,2023-01-29,Withdrawn,352.0,Issue beat view challenge.
LST-5493,PRP-2865,AGT-0022,2012900.0,2024-02-25,2024-01-29,Sold,83.0,Project hand small character cause be give.
LST-5494,PRP-4138,AGT-0013,2299800.0,2020-01-23,2020-06-19,Active,110.0,Hold benefit wall sure run wish what.
LST-5495,PRP-2075,AGT-0096,145400.0,2024-06-03,2024-08-09,Expired,269.0,Too let society firm.
LST-5496,PRP-0099,AGT-0174,156600.0,2024-05-24,2024-07-27,Pending,199.0,Wear with cultural wonder case.
LST-5497,PRP-4806,AGT-0065,639500.0,2020-11-01,2021-02-18,Withdrawn,304.0,Hard success third whether.
LST-5498,PRP-0237,AGT-0085,738600.0,2023-08-30,2023-11-04,Active,66.0,Hard carry thought identify student.
LST-5499,PRP-4629,AGT-0211,2078600.0,2021-12-09,2022-05-17,Active,31.0,Win often wish agency.
LST-5500,PRP-3387,AGT-0070,2784800.0,2021-03-15,2021-08-03,Sold,219.0,Political last walk computer. Structure pressure me often toward first follow no.
LST-5501,PRP-0663,AGT-0066,2319400.0,2021-12-20,2022-03-23,Expired,7.0,Door home develop vote. Assume guess live word.
LST-5502,PRP-1134,AGT-0249,2299400.0,2020-01-20,2020-07-02,Sold,223.0,Himself son action.
LST-5503,PRP-2166,AGT-0151,1337700.0,2021-01-10,2021-02-16,Sold,13.0,Before not organization however do physical.
LST-5504,PRP-3378,AGT-0215,1608900.0,2022-04-01,2022-07-08,Sold,2.0,Ok develop in our reason seem. Marriage century central.
LST-5505,PRP-4424,AGT-0152,431900.0,2022-06-02,2022-10-24,Withdrawn,312.0,Themselves what society religious. Over family among dinner from during institution.
LST-5506,PRP-3842,AGT-0149,2774500.0,2023-12-27,2024-04-15,Active,339.0,Weight somebody suffer magazine east guess nice.
LST-5507,PRP-1323,AGT-0005,2112000.0,2020-08-13,2020-11-28,Pending,288.0,Edge yeah show create skin couple.
LST-5508,PRP-3086,AGT-0261,1373700.0,2024-04-01,2024-05-02,Pending,270.0,Job author bit leave he. Radio energy within law plan single ability.
LST-5509,PRP-2634,AGT-0127,2212600.0,2020-04-25,2020-07-03,Sold,45.0,Example someone for recognize deal physical. When sport change think film television kid.
LST-5510,PRP-1604,AGT-0296,2458300.0,2024-05-11,2024-09-06,Expired,75.0,City serious floor teach sure international. Study include small happy plan.
LST-5511,PRP-4136,AGT-0275,2392200.0,2020-02-19,2020-05-17,Expired,204.0,Picture agent black occur. Society table let box protect.
LST-5512,PRP-0624,AGT-0153,2366200.0,2021-03-02,2021-07-14,Active,,Treat tax reason statement central rate trouble.
LST-5513,PRP-3185,AGT-0155,1566500.0,2022-04-13,2022-08-29,Pending,,Community war actually prove get. Chance commercial medical break economic staff.
LST-5514,PRP-4530,AGT-0267,575400.0,2021-05-28,2021-07-20,Active,49.0,Open still require drop develop nothing her me. Reduce college research president since rather certainly.
LST-5515,PRP-2098,AGT-0185,461800.0,2024-05-30,2024-07-09,Sold,27.0,Seven cultural bit high.
LST-5516,PRP-4972,AGT-0181,1816700.0,2021-08-16,2021-11-06,Sold,98.0,Wrong send sense idea oil shake coach. Process main truth fish.
LST-5517,PRP-0276,AGT-0214,968000.0,2021-08-02,2022-01-10,Withdrawn,146.0,East nor surface spend receive.
LST-5518,PRP-1056,AGT-0160,1731800.0,2021-05-19,2021-08-23,Sold,224.0,Democrat lose participant true production study.
LST-5519,PRP-3729,AGT-0229,715000.0,2024-05-11,2024-09-25,Pending,349.0,Present identify mean yes.
LST-5520,PRP-1023,AGT-0297,1230200.0,2022-02-26,2022-05-14,Sold,161.0,Baby scientist add read two hospital.
LST-5521,PRP-0002,AGT-0230,1185000.0,2024-02-15,2024-04-19,Sold,157.0,Ago Democrat might end seat. Energy quickly information surface campaign cause trial.
LST-5522,PRP-3307,AGT-0017,636100.0,2021-03-14,2021-03-08,Sold,107.0,Simply without memory when building both.
LST-5523,PRP-1020,AGT-0131,586000.0,2023-06-14,2023-09-04,Sold,161.0,Two bill already stand tough. Drive whom good detail.
LST-5524,PRP-0846,AGT-0213,715400.0,2021-10-27,2022-01-10,Expired,313.0,Middle along four song organization.
LST-5525,PRP-0145,AGT-0286,336100.0,2023-12-18,2024-01-17,Pending,256.0,Executive stay wide training attention.
LST-5526,PRP-1126,AGT-0122,2209000.0,2021-06-18,2021-06-08,Withdrawn,55.0,Movement pressure more occur beyond.
LST-5527,PRP-2881,AGT-0223,1977400.0,2023-01-10,2023-05-10,Expired,,Though much outside authority yard.
LST-5528,PRP-2197,AGT-0129,853800.0,2022-09-07,2022-10-12,Withdrawn,219.0,Move season face movie break surface film. Participant thought need start.
LST-5529,PRP-2774,AGT-0259,2469700.0,2020-06-03,2020-08-23,Expired,49.0,List tend my forward case. President yeah so stuff PM nearly central.
LST-5530,PRP-0569,AGT-0076,1318000.0,2023-03-07,2023-07-17,Expired,150.0,Organization spend ability maintain.
LST-5531,PRP-0604,AGT-0151,1629800.0,2024-01-22,2023-12-24,Expired,246.0,Billion defense some sense.
LST-5532,PRP-0972,AGT-0152,1880600.0,2023-02-02,2023-03-18,Expired,116.0,Ten guess cause sign including single good food.
LST-5533,PRP-0090,AGT-0043,623200.0,2022-12-29,2023-06-22,Withdrawn,333.0,Quickly man our rise attention until. Yeah always campaign coach service car challenge.
LST-5534,PRP-0196,AGT-0207,1111800.0,2020-10-16,2021-04-11,Sold,317.0,Goal fish trouble choice sense thousand official. Story news fire able hot just husband.
LST-5535,PRP-2733,AGT-0037,483600.0,2020-10-30,2021-03-15,Sold,341.0,Pay so assume teach others difference. Your might raise more control civil least.
LST-5536,PRP-3631,AGT-0041,1525500.0,2021-05-12,2021-05-04,Pending,264.0,Us tree current she analysis good question.
LST-5537,PRP-3079,AGT-0294,1444500.0,2021-01-10,2021-02-16,Sold,254.0,Over economy toward toward on.
LST-5538,PRP-1755,AGT-0187,2651000.0,2022-12-13,2023-03-25,Sold,281.0,Building remain smile air shoulder young likely.
LST-5539,PRP-1958,AGT-0062,1519800.0,2023-07-02,2023-09-06,Sold,327.0,Environmental long in style improve. Prove manage operation draw cost change.
LST-5540,PRP-3579,AGT-0268,2348000.0,2022-07-07,2022-12-01,Expired,232.0,Keep area consumer. Everyone religious including religious.
LST-5541,PRP-1080,AGT-0276,300700.0,2022-09-08,2022-12-30,Active,335.0,Budget spring enjoy note realize my why. Student edge medical door eight.
LST-5542,PRP-4467,AGT-0127,2244800.0,2021-07-25,2021-10-24,Pending,12.0,Actually government case. Fly law back positive free save.
LST-5543,PRP-4134,AGT-0257,278700.0,2022-05-30,2022-09-28,Sold,354.0,Two style candidate travel world create.
LST-5544,PRP-0277,AGT-0288,2240600.0,2020-01-13,2020-04-20,Pending,304.0,Degree myself writer fall floor especially without through.
LST-5545,PRP-4303,AGT-0234,2866900.0,2020-03-20,2020-07-09,Expired,264.0,Cover drug give late.
LST-5546,PRP-4481,AGT-0029,1079200.0,2022-05-06,2022-06-20,Sold,113.0,Back technology common science half different. Fish represent fast pressure father.
LST-5547,PRP-0290,AGT-0044,330800.0,2024-05-19,2024-07-13,Withdrawn,363.0,Camera heart receive gun. Now remember how.
LST-5548,PRP-4197,AGT-0164,1150900.0,2021-06-28,2021-10-11,Expired,181.0,Security understand team ever.
LST-5549,PRP-1160,AGT-0097,1970500.0,2022-09-19,2022-10-24,Sold,154.0,Despite body firm unit improve by not.
LST-5550,PRP-3097,AGT-0284,614700.0,2023-01-19,2023-05-15,Active,140.0,Door TV interesting system middle. Realize sometimes development many arm.
LST-5551,PRP-3449,AGT-0235,1504000.0,2021-04-15,2021-10-01,Active,28.0,Her reflect usually ability old save.
LST-5552,PRP-2241,AGT-0122,544600.0,2023-05-23,2023-08-28,Sold,351.0,Commercial like than beyond quite reality situation time. Reason allow during require.
LST-5553,PRP-1116,AGT-0077,932900.0,2020-09-05,2020-08-11,Withdrawn,51.0,Pm once traditional may.
LST-5554,PRP-2019,AGT-0269,2056600.0,2020-01-24,2020-05-20,Expired,240.0,Plant unit kid suffer speech for.
LST-5555,PRP-2002,AGT-0293,1478800.0,2020-05-02,2020-09-14,Pending,194.0,Kid assume mother trouble bank science already.
LST-5556,PRP-0934,AGT-0291,1474400.0,2020-04-19,2020-09-27,Expired,316.0,Feel movie impact chance remember. Accept short TV this bank century sea.
LST-5557,PRP-0629,AGT-0093,2467400.0,2023-09-11,2023-12-27,Expired,194.0,Although black difficult system physical hand green lot. Process security tree subject.
LST-5558,PRP-0670,AGT-0209,1931400.0,2023-07-18,2023-09-01,Sold,345.0,Chair design yeah media certainly lay.
LST-5559,PRP-1262,AGT-0211,717200.0,2022-11-04,2023-03-19,Sold,71.0,Cup probably international try.
LST-5560,PRP-4936,AGT-0068,1964100.0,2023-11-26,2024-04-02,Sold,321.0,When follow or improve character.
LST-5561,PRP-4751,AGT-0121,1518600.0,2021-03-24,2021-03-19,Expired,98.0,Once front truth school style by chair. Business attention as fight.
LST-5562,PRP-4131,AGT-0134,606200.0,2023-08-13,2024-01-10,Sold,152.0,Especially cold discuss. To few car would suddenly evening different.
LST-5563,PRP-0553,AGT-0120,405300.0,2021-06-29,2021-11-26,Expired,363.0,Significant type possible which success. Rich study spring population sign available professor.
LST-5564,PRP-2791,AGT-0120,1950500.0,2023-11-16,2024-05-08,Sold,298.0,Find project window away able a. Democratic notice race always animal.
LST-5565,PRP-0496,AGT-0087,394700.0,2022-09-14,2023-02-17,Active,344.0,Soldier start detail bring fill mention office. Baby usually medical.
LST-5566,PRP-0393,AGT-0001,1822500.0,2024-02-24,2024-05-07,Sold,184.0,Surface probably hit foot mission.
LST-5567,PRP-4915,AGT-0211,483200.0,2021-07-24,2021-11-17,Sold,242.0,Place officer partner minute security whether type. Interesting middle truth box.
LST-5568,PRP-3588,AGT-0272,911000.0,2022-10-28,2022-12-19,Sold,149.0,Become center right glass. Send hear treat.
LST-5569,PRP-2710,AGT-0172,2780600.0,2022-04-22,2022-07-13,Active,200.0,Major draw grow take moment according training. Region leave check scene range stay.
LST-5570,PRP-1525,AGT-0088,2275300.0,2024-03-07,2024-08-24,Sold,126.0,Decision movement business building keep clear seat. Like market throughout born mission tree.
LST-5571,PRP-2334,AGT-0266,2208100.0,2022-10-20,2023-02-07,Sold,,Mr only such always when sense away. Race wear identify deal hear.
LST-5572,PRP-0943,AGT-0160,1149200.0,2020-10-02,2021-01-02,Sold,45.0,Head say certainly home Democrat mission often data. Discussion doctor with wish us.
LST-5573,PRP-2575,AGT-0130,1715700.0,2020-07-13,2020-09-20,Pending,105.0,Pull recently no easy network. Suddenly stop character decision itself.
LST-5574,PRP-0677,AGT-0080,2611600.0,2021-04-27,2021-06-26,Active,78.0,Class film respond ever allow recently. Matter sort popular this also over.
LST-5575,PRP-3508,AGT-0213,891700.0,2023-10-19,2023-11-25,Sold,5.0,Risk vote measure back likely area.
LST-5576,PRP-4602,AGT-0112,2078400.0,2024-02-08,2024-03-27,Sold,17.0,Process force recently whatever everyone skin save.
LST-5577,PRP-1906,AGT-0047,1227600.0,2021-01-20,2021-07-07,Sold,300.0,Main nothing though.
LST-5578,PRP-1762,AGT-0247,1688100.0,2021-04-12,2021-05-29,Sold,135.0,Week talk church health experience still four onto. Continue exist identify hospital up material.
LST-5579,PRP-2617,AGT-0119,1935900.0,2024-01-09,2024-02-10,Expired,306.0,Push new east glass send school bring wrong. Want bill artist because near wait.
LST-5580,PRP-0125,AGT-0069,1224200.0,2021-05-02,2021-07-24,Sold,298.0,Yard show usually learn Democrat condition open. Hope reduce state allow herself.
LST-5581,PRP-0292,AGT-0045,1878200.0,2022-10-24,2022-12-29,Expired,40.0,Its news spend PM red.
LST-5582,PRP-2812,AGT-0091,215900.0,2023-03-25,2023-07-23,Sold,,Quite I carry amount maybe claim. Sure newspaper glass lawyer expert into suddenly push.
LST-5583,PRP-4508,AGT-0156,414500.0,2023-12-01,2024-02-02,Active,206.0,Effort individual control. Win trip similar few.
LST-5584,PRP-1859,AGT-0055,1979000.0,2021-07-19,2021-09-17,Active,73.0,Maybe opportunity group skill fall accept business. Trade future source next.
LST-5585,PRP-4531,AGT-0087,1533800.0,2022-01-03,2022-03-22,Withdrawn,120.0,Prevent human same finish.
LST-5586,PRP-2889,AGT-0249,2024800.0,2020-12-03,2021-01-11,Sold,188.0,Majority sure some.
LST-5587,PRP-3393,AGT-0286,920400.0,2022-02-23,2022-07-18,Sold,248.0,Push chance market these stock.
LST-5588,PRP-2614,AGT-0197,2590000.0,2020-03-28,2020-06-24,Active,2.0,Deep nation manage Mrs training magazine. Action well compare painting agree subject.
LST-5589,PRP-3191,AGT-0096,1116200.0,2020-10-30,2020-12-31,Sold,316.0,Such cold for stop federal process week. Which goal reflect him health third.
LST-5590,PRP-2971,AGT-0034,1954100.0,2024-03-30,2024-07-16,Sold,251.0,Bed indicate seem.
LST-5591,PRP-2693,AGT-0258,1047600.0,2020-04-14,2020-07-09,Sold,239.0,Doctor water military country effect former walk start.
LST-5592,PRP-2242,AGT-0053,565600.0,2023-06-10,2023-08-07,Active,67.0,Include one leader fill.
LST-5593,PRP-3296,AGT-0030,129700.0,2022-04-04,2022-09-18,Sold,67.0,Experience agency already game rule piece bag.
LST-5594,PRP-2398,AGT-0192,1016600.0,2022-12-18,2023-03-16,Withdrawn,104.0,Mean soon network really ago.
LST-5595,PRP-1476,AGT-0034,770000.0,2020-08-30,2021-01-19,Sold,34.0,Artist ahead national role.
LST-5596,PRP-2775,AGT-0250,2672400.0,2021-11-24,2022-05-22,Sold,342.0,Effort already approach health doctor TV anything.
LST-5597,PRP-1011,AGT-0261,2352500.0,2020-11-24,2021-03-24,Expired,14.0,Big phone upon.
LST-5598,PRP-2393,AGT-0023,1551000.0,2024-06-16,2024-09-14,Active,350.0,Far respond community response western.
LST-5599,PRP-0508,AGT-0136,1036900.0,2020-12-02,2021-01-18,Sold,199.0,Director there happen suddenly design girl.
LST-5600,PRP-4856,AGT-0124,808600.0,2021-12-12,2022-04-28,Withdrawn,89.0,Husband inside agent wish while along. Particularly hold sister want dinner Mr.
LST-5601,PRP-1556,AGT-0160,1157600.0,2022-02-01,2022-06-11,Active,333.0,Answer institution interest so song pattern bad. Claim central likely will television back continue.
LST-5602,PRP-4795,AGT-0234,390900.0,2020-08-30,2020-12-24,Withdrawn,258.0,Fact place piece.
LST-5603,PRP-4119,AGT-0136,506700.0,2020-11-10,2021-01-27,Sold,90.0,Learn knowledge attorney seem build production vote recently.
LST-5604,PRP-0553,AGT-0195,57200.0,2022-12-03,2023-04-24,Active,164.0,Major Mrs begin. Yard among much because.
LST-5605,PRP-0033,AGT-0221,2438800.0,2021-12-04,2022-01-05,Withdrawn,279.0,Public oil range move commercial last. Score long man record.
LST-5606,PRP-0510,AGT-0240,2358200.0,2022-05-23,2022-07-16,Sold,38.0,Seat accept case change candidate.
LST-5607,PRP-0504,AGT-0155,1008600.0,2022-01-22,2022-01-21,Expired,88.0,Sell scene music blue her number. Bag market check result.
LST-5608,PRP-0278,AGT-0019,1143700.0,2023-02-12,2023-05-05,Sold,11.0,Than interview but draw green guy popular.
LST-5609,PRP-1383,AGT-0215,2326100.0,2022-08-28,2022-12-19,Sold,,So over share civil fly.
LST-5610,PRP-0739,AGT-0050,1233300.0,2021-12-15,2022-05-10,Active,18.0,Scene push education statement. Congress southern name share rock industry.
LST-5611,PRP-0761,AGT-0288,2424900.0,2022-02-23,2022-05-22,Sold,69.0,Should anyone difficult but page democratic federal.
LST-5612,PRP-1151,AGT-0046,1662000.0,2020-07-27,2021-01-13,Expired,143.0,Generation range you stuff responsibility community.
LST-5613,PRP-1279,AGT-0076,1708800.0,2023-05-05,2023-08-20,Pending,250.0,North parent network pressure sit.
LST-5614,PRP-1983,AGT-0241,1156200.0,2022-03-15,2022-05-09,Pending,51.0,Represent become almost. Summer modern yeah reflect store.
LST-5615,PRP-2846,AGT-0289,1887300.0,2024-03-25,2024-05-20,Sold,36.0,Speak pass should career worry science like.
LST-5616,PRP-1881,AGT-0192,2053700.0,2021-06-22,2021-05-31,Sold,95.0,Ask baby movie policy try contain under.
LST-5617,PRP-4964,AGT-0157,905100.0,2023-12-06,2024-05-20,Sold,223.0,There prepare gun lot physical. Anyone remain state sister same first.
LST-5618,PRP-4259,AGT-0273,561100.0,2024-03-23,2024-05-16,Expired,347.0,Star season service just threat loss require.
LST-5619,PRP-0940,AGT-0138,1904900.0,2024-02-29,2024-04-03,Sold,73.0,Leader we car lawyer. Tend budget simple.
LST-5620,PRP-2334,AGT-0002,1983300.0,2021-03-07,2021-06-04,Sold,29.0,Artist stuff song team.
LST-5621,PRP-4418,AGT-0009,1062300.0,2022-10-14,2023-04-05,Active,40.0,Four month everything article debate after coach.
LST-5622,PRP-0321,AGT-0198,1611400.0,2022-06-20,2022-07-20,Expired,17.0,Space owner raise our policy music end. Then could hotel member Mr painting decide situation.
LST-5623,PRP-1277,AGT-0076,1655500.0,2022-08-04,2022-09-27,Sold,274.0,Town state deal gun explain available.
LST-5624,PRP-4383,AGT-0007,2387300.0,2020-04-19,2020-09-14,Sold,243.0,Parent I huge risk every ground.
LST-5625,PRP-3267,AGT-0189,1552400.0,2020-04-07,2020-05-14,Active,165.0,Pay suddenly sing according clearly cell plan contain.
LST-5626,PRP-2941,AGT-0213,2213800.0,2024-04-14,2024-06-15,Withdrawn,,More measure husband full direction rule. Fall wear political spring civil.
LST-5627,PRP-1452,AGT-0089,1649300.0,2023-05-13,2023-06-19,Expired,,Kind appear response here marriage go half. Out church economy shoulder in field.
LST-5628,PRP-2007,AGT-0158,600900.0,2023-05-22,2023-10-19,Sold,190.0,Again professor place official hear church before. Charge case evening this outside exactly.
LST-5629,PRP-4377,AGT-0194,1287800.0,2021-08-17,2021-12-01,Active,301.0,Including voice difficult site level.
LST-5630,PRP-2486,AGT-0116,1981000.0,2022-11-12,2023-02-04,Sold,123.0,Court still stop especially know yes. Deep natural ask.
LST-5631,PRP-4677,AGT-0193,334600.0,2022-03-27,2022-09-12,Withdrawn,2.0,Hundred hair authority green responsibility.
LST-5632,PRP-0378,AGT-0293,1090300.0,2024-04-01,2024-08-15,Sold,233.0,Southern necessary wind against item recent local. Together itself strategy hundred room.
LST-5633,PRP-1552,AGT-0257,873000.0,2022-12-13,2023-05-30,Sold,356.0,Recent probably image realize. Investment community oil.
LST-5634,PRP-0096,AGT-0007,2227200.0,2023-01-27,2023-06-03,Withdrawn,138.0,Despite capital hold prove national seat computer.
LST-5635,PRP-2933,AGT-0263,1102000.0,2021-03-25,2021-03-02,Sold,358.0,Perhaps spring week again official us. Each various type society PM herself heavy.
LST-5636,PRP-1937,AGT-0051,1946400.0,2023-07-10,2023-10-16,Active,,Level present end either local student eye.
LST-5637,PRP-4834,AGT-0146,786500.0,2021-02-22,2021-06-23,Expired,,Network structure material into cold. Whom Mr and big.
LST-5638,PRP-1991,AGT-0264,1512100.0,2022-09-08,2022-11-10,Sold,272.0,Long recognize choose movie industry. Class again same accept.
LST-5639,PRP-0364,AGT-0241,2314300.0,2024-01-19,2024-04-14,Sold,103.0,Three and personal. Huge room task create she center.
LST-5640,PRP-1443,AGT-0270,585400.0,2021-04-26,2021-08-22,Expired,,Suffer power attention success.
LST-5641,PRP-3809,AGT-0022,2081900.0,2024-04-07,2024-08-10,Sold,206.0,Billion prepare final a challenge stop road develop.
LST-5642,PRP-4185,AGT-0074,2206900.0,2020-07-24,2020-12-20,Sold,212.0,Relate represent Mr life return discussion. Poor since also decade two cause police wind.
LST-5643,PRP-4770,AGT-0051,2187400.0,2020-10-04,2021-02-05,Sold,101.0,Land only role reach.
LST-5644,PRP-4685,AGT-0297,595200.0,2021-02-21,2021-04-18,Active,,Impact simple decide court state sister job now.
LST-5645,PRP-3595,AGT-0057,2598800.0,2021-01-18,2021-05-25,Active,350.0,Myself then cold break nature same fear.
LST-5646,PRP-1540,AGT-0184,2066500.0,2023-04-27,2023-06-07,Withdrawn,77.0,Record apply entire.
LST-5647,PRP-0276,AGT-0284,315400.0,2022-11-28,2023-04-16,Withdrawn,296.0,Event memory cell full three fall toward. Can maintain ready movie camera become three.
LST-5648,PRP-2976,AGT-0137,2103200.0,2021-05-23,2021-10-16,Sold,88.0,Same structure sea policy social.
LST-5649,PRP-3872,AGT-0192,692400.0,2020-12-12,2021-01-29,Sold,45.0,Itself school store fund summer open majority.
LST-5650,PRP-3095,AGT-0257,606100.0,2022-03-29,2022-03-20,Expired,157.0,Experience book follow matter authority certainly reveal. Anything range man site church morning.
LST-5651,PRP-2228,AGT-0100,2319700.0,2020-02-18,2020-06-04,Expired,168.0,Right meet according day education knowledge occur. Attack lose hand about choice money area.
LST-5652,PRP-4543,AGT-0145,2032100.0,2023-10-10,2023-11-11,Expired,,Attention center place appear attorney. Police national year lose she carry our.
LST-5653,PRP-0164,AGT-0191,1162300.0,2021-03-09,2021-06-25,Sold,,Financial ready role respond.
LST-5654,PRP-0487,AGT-0294,1179500.0,2021-02-14,2021-07-16,Sold,240.0,Cell major food. Arm bank all student.
LST-5655,PRP-0236,AGT-0201,625400.0,2021-02-11,2021-05-03,Active,,Media should she organization. Teacher range plan involve size election.
LST-5656,PRP-1673,AGT-0200,545300.0,2023-04-04,2023-06-09,Sold,,Return even economy stop bed.
LST-5657,PRP-1691,AGT-0286,2883600.0,2023-06-22,2023-07-25,Sold,130.0,Line training factor concern lawyer statement. Compare director cell country contain.
LST-5658,PRP-0512,AGT-0130,667100.0,2020-09-25,2021-03-02,Sold,206.0,Military but interesting watch hotel cell reality.
LST-5659,PRP-1164,AGT-0036,1027600.0,2020-08-09,2020-09-29,Sold,263.0,Phone sort wait store necessary thing.
LST-5660,PRP-3868,AGT-0051,2460400.0,2020-05-02,2020-09-09,Sold,255.0,Me card difference together charge.
LST-5661,PRP-3257,AGT-0113,2787300.0,2023-08-13,2023-10-17,Sold,262.0,Use effect factor full. International consider mission factor.
LST-5662,PRP-1745,AGT-0112,1546300.0,2020-09-20,2020-12-24,Expired,32.0,Concern past hot sing eight employee human.
LST-5663,PRP-2888,AGT-0103,780500.0,2023-12-30,2024-04-09,Active,218.0,And girl media site one.
LST-5664,PRP-2063,AGT-0071,1743000.0,2021-03-13,2021-06-06,Sold,307.0,Act nature success live allow keep pass.
LST-5665,PRP-1030,AGT-0196,1383700.0,2023-03-30,2023-06-21,Sold,130.0,Sport us skill third interesting reality.
LST-5666,PRP-3536,AGT-0076,2122300.0,2023-05-09,2023-07-01,Sold,77.0,The his budget land.
LST-5667,PRP-1045,AGT-0149,1968800.0,2020-07-23,2020-09-23,Sold,,Receive difference across design thousand century.
LST-5668,PRP-2845,AGT-0205,2714800.0,2020-10-26,2021-02-12,Sold,312.0,Itself cell ahead leader issue. Message focus inside local may.
LST-5669,PRP-1499,AGT-0113,1310000.0,2023-04-30,2023-06-14,Expired,290.0,Including according analysis future base. House rate firm pressure yet hospital individual.
LST-5670,PRP-3469,AGT-0276,284100.0,2021-06-28,2021-11-16,Sold,104.0,Kid chair read strong.
LST-5671,PRP-1504,AGT-0118,1431600.0,2021-08-13,2021-11-22,Active,139.0,International do generation themselves hotel role source. Possible PM job.
LST-5672,PRP-3416,AGT-0154,1203400.0,2023-02-01,2023-05-23,Sold,57.0,Child production effort response at dog find.
LST-5673,PRP-1235,AGT-0213,2041300.0,2020-03-04,2020-05-18,Sold,143.0,Bar go return billion.
LST-5674,PRP-4835,AGT-0203,2730300.0,2024-02-01,2024-06-04,Withdrawn,66.0,Their six pressure support perhaps apply someone.
LST-5675,PRP-0859,AGT-0223,751700.0,2021-08-28,2022-01-21,Sold,275.0,Easy listen finish test.
LST-5676,PRP-1902,AGT-0153,446000.0,2023-08-12,2023-11-11,Sold,85.0,Court keep garden clear believe.
LST-5677,PRP-3942,AGT-0159,1959400.0,2020-08-10,2020-12-22,Sold,61.0,A throughout model after. Simple own win majority.
LST-5678,PRP-4172,AGT-0292,869100.0,2021-12-08,2022-05-12,Active,160.0,Miss control young pretty economic always boy. Gas vote help expert.
LST-5679,PRP-4887,AGT-0189,1072000.0,2022-12-15,2023-05-03,Sold,123.0,Mean last man no.
LST-5680,PRP-1960,AGT-0246,979400.0,2023-05-21,2023-10-29,Pending,194.0,Sort window respond out. Stop economy main throw.
LST-5681,PRP-3132,AGT-0223,1295500.0,2020-11-15,2021-04-25,Sold,288.0,Certainly key though attention.
LST-5682,PRP-2219,AGT-0091,465100.0,2020-10-28,2021-02-27,Expired,93.0,Cold class skin. Risk according stock base three up.
LST-5683,PRP-4138,AGT-0204,382300.0,2023-11-09,2024-04-15,Expired,17.0,Star we determine while economy kid if. Former religious market different them social rich ever.
LST-5684,PRP-1224,AGT-0010,587200.0,2022-11-02,2023-02-01,Sold,26.0,Most central administration within part. Near could western understand.
LST-5685,PRP-2591,AGT-0010,958700.0,2021-11-17,2022-03-28,Sold,,Everybody truth author.
LST-5686,PRP-0759,AGT-0207,616700.0,2023-01-02,2023-05-28,Pending,,Use mention do although specific. Today pressure hard majority cell image writer.
LST-5687,PRP-4107,AGT-0061,1368900.0,2023-07-13,2023-10-01,Expired,139.0,Image project seven difference can himself edge.
LST-5688,PRP-2688,AGT-0102,2115200.0,2020-03-14,2020-05-18,Sold,123.0,Look right manage support attention.
LST-5689,PRP-3666,AGT-0152,137600.0,2021-10-29,2022-04-18,Active,187.0,Data machine bed.
LST-5690,PRP-1068,AGT-0127,1572600.0,2021-09-23,2021-09-22,Sold,281.0,Despite board forward wrong senior. Majority would wind investment yeah prove feeling.
LST-5691,PRP-4152,AGT-0017,2280900.0,2023-11-10,2024-03-27,Sold,296.0,Describe top believe. Keep accept which beyond think.
LST-5692,PRP-1175,AGT-0024,1668300.0,2022-01-28,2022-05-15,Active,285.0,General few issue.
LST-5693,PRP-1491,AGT-0018,1159800.0,2023-06-11,2023-07-25,Expired,144.0,Deal picture wish TV performance.
LST-5694,PRP-4237,AGT-0293,1239600.0,2023-02-08,2023-07-23,Sold,336.0,Leg move dark air tax. Say as resource feeling.
LST-5695,PRP-4929,AGT-0124,2254900.0,2020-02-26,2020-07-31,Sold,237.0,See his hot total. She require cell staff that.
LST-5696,PRP-2732,AGT-0157,865000.0,2023-01-28,2023-06-27,Sold,276.0,Development allow finally close. Many head them.
LST-5697,PRP-2980,AGT-0070,1582600.0,2020-01-06,2020-02-14,Sold,40.0,Cut follow play perhaps rate. Miss camera democratic forward result threat less.
LST-5698,PRP-3819,AGT-0032,2332300.0,2020-07-12,2020-09-04,Sold,180.0,Best little paper investment rise. Cover analysis allow join.
LST-5699,PRP-3678,AGT-0022,2486400.0,2024-04-04,2024-05-29,Sold,216.0,Maybe commercial brother PM yet. Task determine happen both must daughter central.
LST-5700,PRP-0394,AGT-0207,358400.0,2024-01-05,2024-07-03,Sold,45.0,Community they task run. Police you entire.
LST-5701,PRP-4795,AGT-0130,987600.0,2022-04-10,2022-07-23,Sold,95.0,Every firm treat task.
LST-5702,PRP-4957,AGT-0133,1961700.0,2020-08-09,2020-12-10,Sold,203.0,Audience back man join continue yeah support. Husband wear participant moment.
LST-5703,PRP-1361,AGT-0082,573100.0,2022-08-12,2023-02-05,Expired,292.0,Live claim full move behind may grow. Window world list why hotel major three.
LST-5704,PRP-3728,AGT-0102,2207300.0,2022-11-27,2023-03-11,Pending,188.0,Call control phone lead. Fine eye painting section available.
LST-5705,PRP-2707,AGT-0023,1110200.0,2023-03-10,2023-05-03,Sold,109.0,Business you line process career film worker.
LST-5706,PRP-4688,AGT-0087,493500.0,2020-03-12,2020-04-17,Active,341.0,Scientist their participant per image institution success.
LST-5707,PRP-4154,AGT-0162,461300.0,2020-05-14,2020-05-02,Sold,328.0,Example lead close election reason how beautiful.
LST-5708,PRP-1953,AGT-0237,2514600.0,2023-06-18,2023-07-19,Sold,274.0,Fly if traditional. Out world health will whole table.
LST-5709,PRP-2737,AGT-0186,1113500.0,2020-01-07,2020-03-11,Sold,61.0,Expert task decade laugh air government pick. Magazine board community weight.
LST-5710,PRP-0673,AGT-0114,1906900.0,2022-12-13,2023-04-23,Sold,143.0,Section computer trouble. Spend air audience son.
LST-5711,PRP-1564,AGT-0144,2073500.0,2022-09-15,2023-02-25,Sold,281.0,Film husband miss himself resource move computer. Those center American political officer sit now police.
LST-5712,PRP-0078,AGT-0099,583400.0,2024-03-20,2024-06-08,Sold,126.0,Across allow team detail whether prove soon purpose. Do recent site notice worker government.
LST-5713,PRP-1305,AGT-0045,2856900.0,2021-01-06,2020-12-07,Sold,216.0,New late top marriage budget political. Bring reflect stand economy travel.
LST-5714,PRP-2026,AGT-0253,2290200.0,2020-06-11,2020-11-14,Active,308.0,Lead look seat husband.
LST-5715,PRP-4001,AGT-0213,1676900.0,2021-12-06,2021-11-17,Expired,331.0,Remember miss pass house himself half turn. Worry run question paper whom.
LST-5716,PRP-4276,AGT-0194,1532100.0,2022-12-09,2023-01-18,Sold,344.0,Dinner defense tell resource able. Protect interview similar wife garden.
LST-5717,PRP-2038,AGT-0010,234200.0,2023-07-25,2023-07-19,Sold,200.0,Pick total life.
LST-5718,PRP-2318,AGT-0002,901200.0,2021-07-07,2021-08-10,Withdrawn,73.0,Single religious would of.
LST-5719,PRP-3756,AGT-0083,1253000.0,2020-03-08,2020-05-18,Pending,118.0,Her section new general suggest interview. Discussion at painting year instead.
LST-5720,PRP-3342,AGT-0223,1645200.0,2023-03-02,2023-05-22,Sold,92.0,Onto factor game now officer time reach. Reduce staff case chance.
LST-5721,PRP-3178,AGT-0122,701300.0,2021-09-04,2022-02-07,Active,9.0,Discussion sign live citizen just bank or.
LST-5722,PRP-4386,AGT-0251,2359400.0,2023-08-27,2023-10-14,Sold,356.0,Tell chance from plant up simply money. Common though despite.
LST-5723,PRP-2803,AGT-0218,2002400.0,2022-04-01,2022-06-18,Sold,105.0,Several similar catch smile rather plant.
LST-5724,PRP-1567,AGT-0012,480500.0,2023-05-26,2023-10-31,Active,49.0,Evidence season executive happy.
LST-5725,PRP-1932,AGT-0095,1965500.0,2024-05-15,2024-04-18,Sold,193.0,Tend public minute hour.
LST-5726,PRP-1579,AGT-0028,898200.0,2020-04-02,2020-07-15,Sold,77.0,Interview will product step. Hundred bag deep product ability among.
LST-5727,PRP-3783,AGT-0004,2541700.0,2023-12-24,2024-06-06,Sold,158.0,Either safe fall expert find attention.
LST-5728,PRP-3986,AGT-0060,1101200.0,2023-09-12,2023-11-16,Sold,39.0,Sell suffer visit girl knowledge. Tonight music enter girl apply until task manage.
LST-5729,PRP-1354,AGT-0218,784600.0,2020-11-19,2021-03-03,Sold,62.0,Unit central southern customer national fear admit number. Heavy visit nation from apply conference really.
LST-5730,PRP-4223,AGT-0099,1327200.0,2022-08-16,2023-01-22,Sold,217.0,Scene huge quite defense tough. Fall measure say treatment decide.
LST-5731,PRP-3271,AGT-0175,2351100.0,2020-01-22,2020-06-20,Pending,152.0,Though film season chair government. First material side oil tough you.
LST-5732,PRP-2871,AGT-0162,2042800.0,2024-03-11,2024-07-17,Withdrawn,347.0,Everyone street executive product parent cover might. Question improve Mr look.
LST-5733,PRP-1996,AGT-0211,1974900.0,2021-05-23,2021-11-11,Sold,258.0,Certainly enter notice ground she learn yes behavior. Even he then field difficult approach body travel.
LST-5734,PRP-3472,AGT-0194,1846000.0,2023-05-28,2023-11-12,Sold,217.0,Little management develop generation heavy new likely.
LST-5735,PRP-3129,AGT-0228,632100.0,2020-02-23,2020-04-12,Sold,78.0,Once owner strategy nothing model.
LST-5736,PRP-2029,AGT-0271,375400.0,2021-05-25,2021-06-29,Sold,320.0,Her could themselves research fight human. Again play political movement.
LST-5737,PRP-1923,AGT-0152,1456800.0,2021-11-04,2022-01-24,Sold,354.0,Reduce nothing each mother us.
LST-5738,PRP-4650,AGT-0116,2487500.0,2023-07-30,2023-10-05,Expired,187.0,Easy road better TV turn event realize. Travel sort red figure bring language.
LST-5739,PRP-2842,AGT-0090,2467800.0,2022-01-06,2022-03-02,Active,316.0,Learn garden six. Today mother character wind.
LST-5740,PRP-2048,AGT-0018,2390500.0,2022-05-09,2022-10-31,Sold,11.0,Language information modern put general sea his vote. Scene own citizen.
LST-5741,PRP-1761,AGT-0125,1290300.0,2022-08-10,2022-12-21,Active,,World measure street way.
LST-5742,PRP-0025,AGT-0298,800600.0,2022-03-28,2022-05-18,Sold,352.0,Brother his popular read executive.
LST-5743,PRP-2741,AGT-0018,150500.0,2022-10-20,2023-01-08,Withdrawn,205.0,Hard someone seem key event.
LST-5744,PRP-4669,AGT-0145,1089200.0,2024-05-30,2024-10-19,Sold,156.0,Mean tree better popular black. Character sport fly.
LST-5745,PRP-1940,AGT-0162,462600.0,2020-04-10,2020-05-26,Sold,249.0,Personal former although program view. Wind write body this community.
LST-5746,PRP-3416,AGT-0213,2162300.0,2024-02-28,2024-08-12,Sold,81.0,Ten economic fine enough almost voice traditional.
LST-5747,PRP-4923,AGT-0172,1619600.0,2020-02-08,2020-05-20,Expired,118.0,Glass teacher main us those.
LST-5748,PRP-1909,AGT-0096,600100.0,2024-05-21,2024-06-28,Sold,359.0,Human although computer experience young great will. Item take once with.
LST-5749,PRP-0363,AGT-0003,1421100.0,2021-12-24,2022-03-27,Active,348.0,My media culture career forward. Thing chair act meet allow.
LST-5750,PRP-0950,AGT-0073,2071900.0,2024-06-24,2024-07-31,Sold,230.0,Position tend nor skin. Scene condition benefit not character beautiful.
LST-5751,PRP-4466,AGT-0167,2378300.0,2021-12-21,2022-04-27,Sold,46.0,Policy back feel standard hair explain.
LST-5752,PRP-1127,AGT-0251,274800.0,2021-02-08,2021-04-09,Expired,338.0,That together century everything want pass.
LST-5753,PRP-4740,AGT-0035,940500.0,2024-02-27,2024-06-10,Withdrawn,322.0,Nation talk person arrive her perform.
LST-5754,PRP-3073,AGT-0134,856100.0,2022-06-13,2022-09-21,Withdrawn,35.0,Partner wide page my yet. May week understand.
LST-5755,PRP-0972,AGT-0287,1232300.0,2021-10-14,2022-03-06,Sold,50.0,Century audience be doctor stand box. Response enter add perform.
LST-5756,PRP-3332,AGT-0047,660800.0,2021-06-21,2021-10-15,Active,33.0,Few environmental relate cup better.
LST-5757,PRP-4235,AGT-0256,1507200.0,2021-04-09,2021-07-05,Sold,147.0,Perform sure quickly. Month whether rule forget.
LST-5758,PRP-0905,AGT-0103,390200.0,2020-11-28,2021-01-20,Withdrawn,310.0,Court particular method.
LST-5759,PRP-1477,AGT-0089,2503100.0,2020-07-26,2020-10-24,Expired,313.0,One report avoid meet. Word administration major wrong.
LST-5760,PRP-3633,AGT-0020,2376500.0,2024-01-30,2024-05-24,Sold,212.0,Sense south out hospital medical determine result figure. Hope model own rule.
LST-5761,PRP-3183,AGT-0083,1614200.0,2022-08-04,2022-10-10,Expired,73.0,Fear contain kitchen dark table job toward successful. Help cover evidence fine sell tree.
LST-5762,PRP-3008,AGT-0088,829900.0,2022-10-17,2023-02-07,Active,120.0,Difficult hair my responsibility water reduce soldier.
LST-5763,PRP-1993,AGT-0029,2533100.0,2020-01-05,2020-04-16,Sold,217.0,Around follow during image street hot lead.
LST-5764,PRP-1478,AGT-0072,1545700.0,2024-03-05,2024-05-30,Expired,243.0,Student look eye lose determine hospital game letter.
LST-5765,PRP-4225,AGT-0292,691900.0,2021-11-19,2022-04-25,Sold,,Operation per event.
LST-5766,PRP-0530,AGT-0059,2911900.0,2023-07-25,2023-12-17,Sold,271.0,Above poor pattern career two. History reveal why present.
LST-5767,PRP-1137,AGT-0088,2323800.0,2023-05-19,2023-10-09,Sold,319.0,Difficult hour risk easy.
LST-5768,PRP-2864,AGT-0182,216600.0,2021-09-03,2021-12-31,Sold,309.0,Response energy what almost follow.
LST-5769,PRP-4942,AGT-0062,1863700.0,2023-06-10,2023-08-01,Active,305.0,Much notice military.
LST-5770,PRP-4046,AGT-0298,643200.0,2020-02-08,2020-03-19,Expired,32.0,Down care against mission hair fine.
LST-5771,PRP-1203,AGT-0077,1970700.0,2021-07-06,2021-08-26,Sold,124.0,Southern believe major best stay thousand. Could garden fund language here place catch enough.
LST-5772,PRP-2474,AGT-0071,2029400.0,2021-06-11,2021-07-31,Sold,287.0,Collection on get simply charge feel have. Check sell discover offer necessary agent down.
LST-5773,PRP-0997,AGT-0104,973800.0,2021-04-29,2021-06-28,Sold,290.0,Allow myself tend peace pull drug really.
LST-5774,PRP-0796,AGT-0201,1604000.0,2020-05-20,2020-06-22,Expired,54.0,Near focus sound week face college.
LST-5775,PRP-1854,AGT-0018,1269200.0,2022-02-24,2022-08-14,Withdrawn,,Work exist need send week. Design east necessary son organization next subject.
LST-5776,PRP-0489,AGT-0215,1474300.0,2024-04-22,2024-09-23,Sold,292.0,Pull prove start. Group physical deal push create police.
LST-5777,PRP-2670,AGT-0075,413600.0,2021-08-25,2021-12-10,Sold,26.0,Despite page thousand opportunity name food remember.
LST-5778,PRP-4908,AGT-0090,926400.0,2023-02-20,2023-06-20,Sold,51.0,Ready house end amount.
LST-5779,PRP-0570,AGT-0151,1406500.0,2023-07-22,2023-11-26,Sold,359.0,Ago political quality despite difference final.
LST-5780,PRP-0144,AGT-0079,1926900.0,2022-05-21,2022-10-14,Sold,39.0,It past parent some market than. Challenge interesting consider player professor among.
LST-5781,PRP-2787,AGT-0152,2078300.0,2022-01-22,2022-06-22,Sold,298.0,Loss be property strong.
LST-5782,PRP-3170,AGT-0069,1132700.0,2022-12-15,2023-03-25,Expired,58.0,Whatever its chance subject plan seven she.
LST-5783,PRP-3398,AGT-0081,1919100.0,2023-10-09,2024-01-22,Expired,73.0,Race sit kitchen good management say order. Music only art environment eat south.
LST-5784,PRP-4262,AGT-0069,1046200.0,2021-10-18,2021-12-05,Sold,59.0,Western see last light between. Current wide second none.
LST-5785,PRP-0248,AGT-0253,485600.0,2021-03-28,2021-08-02,Active,23.0,Attorney notice religious main my.
LST-5786,PRP-4650,AGT-0173,569000.0,2021-04-22,2021-05-30,Sold,246.0,Into single strategy them or.
LST-5787,PRP-2977,AGT-0062,1998300.0,2021-06-01,2021-07-20,Pending,171.0,Key matter rock house table.
LST-5788,PRP-0356,AGT-0160,1314900.0,2021-06-02,2021-10-20,Sold,324.0,Whatever explain through process. Street point action section exist.
LST-5789,PRP-2468,AGT-0008,1763200.0,2023-02-05,2023-01-17,Expired,226.0,Enough media within expect. Build describe skill raise imagine particular.
LST-5790,PRP-3556,AGT-0174,611000.0,2023-07-21,2023-08-31,Sold,184.0,Reason night hour Mrs right good try. Thus common see particular child hospital.
LST-5791,PRP-0069,AGT-0221,522200.0,2023-02-04,2023-04-23,Sold,322.0,Together drop federal win indicate surface generation.
LST-5792,PRP-1065,AGT-0180,306600.0,2022-01-06,2022-04-27,Sold,209.0,Out wear several run himself. Theory many specific see final.
LST-5793,PRP-4167,AGT-0191,588400.0,2020-02-28,2020-08-06,Sold,45.0,Voice resource popular unit before food condition. Investment or spring.
LST-5794,PRP-2362,AGT-0050,811800.0,2022-08-12,2022-11-26,Active,76.0,Make position five every.
LST-5795,PRP-1967,AGT-0297,143500.0,2020-02-26,2020-06-26,Active,238.0,Fish central minute. Practice state just evidence director trade theory.
LST-5796,PRP-3058,AGT-0228,1700200.0,2020-12-11,2021-01-11,Sold,241.0,Former detail environmental mission.
LST-5797,PRP-2391,AGT-0086,344100.0,2022-12-13,2023-05-07,Sold,82.0,Finally range suddenly world line campaign change.
LST-5798,PRP-2991,AGT-0043,1747500.0,2022-04-08,2022-07-26,Sold,337.0,Teach author year. Generation order my indicate summer.
LST-5799,PRP-3947,AGT-0228,2147900.0,2023-04-25,2023-07-16,Sold,179.0,Beat about history note guess piece. Hair sit reflect.
LST-5800,PRP-2862,AGT-0158,119800.0,2024-04-25,2024-10-04,Sold,3.0,Film as arrive protect friend Mr suddenly interest.
LST-5801,PRP-4293,AGT-0056,2071200.0,2021-10-23,2021-10-19,Active,95.0,Concern civil control result bar heart. People speak lot pull party.
LST-5802,PRP-1194,AGT-0299,1188900.0,2020-04-30,2020-10-18,Pending,69.0,Anyone law into long church company within.
LST-5803,PRP-2228,AGT-0091,2370100.0,2022-12-26,2023-06-18,Active,147.0,Live why yet design back focus.
LST-5804,PRP-1200,AGT-0149,480300.0,2023-07-19,2023-10-24,Active,,Throughout dream ever under.
LST-5805,PRP-4376,AGT-0026,877200.0,2022-03-03,2022-04-18,Sold,268.0,Among news message college television. Big rather couple scientist fish player above.
LST-5806,PRP-4502,AGT-0243,1068400.0,2021-07-09,2021-10-15,Active,270.0,Process today store move hit. Safe together blue Mrs.
LST-5807,PRP-4622,AGT-0069,981600.0,2020-02-14,2020-06-16,Sold,350.0,Religious issue us traditional. Agency road air door dark nation let.
LST-5808,PRP-0778,AGT-0074,677700.0,2020-10-08,2020-11-29,Withdrawn,25.0,Range there since condition.
LST-5809,PRP-1266,AGT-0103,1680000.0,2020-07-31,2020-07-02,Expired,125.0,Relationship consumer himself difference national recent Mr movement. Just miss citizen this manager.
LST-5810,PRP-3574,AGT-0035,1639900.0,2020-07-03,2020-09-25,Active,331.0,Seek body up improve.
LST-5811,PRP-4574,AGT-0266,1943800.0,2020-04-06,2020-06-13,Withdrawn,85.0,Before friend interest send. Always form forget relationship may.
LST-5812,PRP-3345,AGT-0108,1762800.0,2020-01-05,2020-05-01,Active,55.0,Industry husband book ball off.
LST-5813,PRP-3831,AGT-0143,2450100.0,2023-04-26,2023-10-10,Sold,57.0,Themselves story billion vote until standard. Economic into arm.
LST-5814,PRP-0585,AGT-0151,601100.0,2022-11-01,2023-03-26,Active,198.0,Executive to add I. Sure through budget daughter simple election.
LST-5815,PRP-4838,AGT-0115,772900.0,2020-11-04,2020-12-11,Withdrawn,45.0,Not talk mission generation in. Animal tend car hear.
LST-5816,PRP-0004,AGT-0134,2219000.0,2020-07-25,2020-09-08,Sold,247.0,Him specific these whom benefit. Data citizen majority nature within.
LST-5817,PRP-2323,AGT-0097,2683500.0,2022-10-12,2023-03-12,Withdrawn,1.0,Message which next behavior course defense. Customer organization form wear their describe.
LST-5818,PRP-3290,AGT-0011,1994700.0,2020-02-25,2020-08-03,Sold,23.0,Happen building inside else many.
LST-5819,PRP-0836,AGT-0260,1181700.0,2023-11-16,2024-03-19,Sold,302.0,Region modern seven past become economy yeah.
LST-5820,PRP-4387,AGT-0178,614000.0,2023-04-12,2023-07-12,Active,34.0,Mr fly modern.
LST-5821,PRP-0307,AGT-0245,759300.0,2020-11-20,2020-12-28,Expired,3.0,Performance Republican role fall. More really magazine give statement.
LST-5822,PRP-2618,AGT-0066,1718400.0,2023-12-07,2024-02-10,Sold,18.0,Kind institution law life fast small. Movement perhaps from line.
LST-5823,PRP-4197,AGT-0103,900100.0,2024-01-26,2024-02-25,Pending,242.0,Main lead so candidate rate.
LST-5824,PRP-1464,AGT-0275,1636800.0,2020-10-29,2021-02-01,Expired,41.0,Tonight experience generation be onto.
LST-5825,PRP-3360,AGT-0145,2475900.0,2021-01-14,2021-04-01,Sold,223.0,We production about baby amount most.
LST-5826,PRP-0713,AGT-0232,71800.0,2020-05-13,2020-10-23,Active,73.0,Last water memory.
LST-5827,PRP-2755,AGT-0292,1956100.0,2022-10-03,2022-12-09,Sold,,Can hard several week product.
LST-5828,PRP-4516,AGT-0149,1117600.0,2022-04-24,2022-06-28,Sold,183.0,Eight world citizen there occur. Data write foot popular treatment summer.
LST-5829,PRP-4209,AGT-0091,1020500.0,2021-05-11,2021-06-13,Sold,318.0,Organization improve over popular including wait personal.
LST-5830,PRP-3884,AGT-0095,1551000.0,2023-10-08,2024-03-13,Sold,141.0,Animal together simple far job century different east. Here economy first.
LST-5831,PRP-0335,AGT-0135,162800.0,2020-04-02,2020-07-13,Sold,194.0,Somebody financial trip entire.
LST-5832,PRP-1937,AGT-0055,1150100.0,2020-11-09,2021-01-27,Sold,112.0,Hospital rise figure why. Painting million piece much simple.
LST-5833,PRP-0689,AGT-0079,720300.0,2021-07-18,2021-12-23,Sold,278.0,Visit agree million. Before look theory decide test everybody deal force.
LST-5834,PRP-2233,AGT-0207,2691300.0,2023-06-30,2023-12-12,Expired,,Gun system recognize rich teacher.
LST-5835,PRP-0983,AGT-0271,357700.0,2023-02-24,2023-05-20,Sold,210.0,None by require it. Go same trouble Democrat gas law.
LST-5836,PRP-2024,AGT-0198,1725200.0,2020-07-09,2020-11-18,Active,205.0,Mother team all from run.
LST-5837,PRP-4494,AGT-0289,268000.0,2023-09-05,2023-10-29,Sold,352.0,Create because responsibility ball option Mrs. Practice among bill become bed.
LST-5838,PRP-2862,AGT-0075,2267100.0,2021-01-05,2021-04-10,Sold,278.0,Paper force near opportunity will. Standard have case.
LST-5839,PRP-4526,AGT-0012,1689600.0,2022-07-12,2022-08-30,Sold,124.0,Within environmental investment with.
LST-5840,PRP-2464,AGT-0279,701700.0,2020-07-13,2020-10-02,Pending,187.0,Reduce firm true score level participant agent.
LST-5841,PRP-3113,AGT-0189,2040300.0,2023-11-11,2024-04-17,Sold,78.0,Magazine describe man top church away system plant. Room what put hope seem.
LST-5842,PRP-2774,AGT-0189,726600.0,2022-05-07,2022-08-18,Active,143.0,Everything point serious.
LST-5843,PRP-4185,AGT-0253,1381000.0,2021-12-15,2022-04-05,Withdrawn,218.0,His total maintain provide.
LST-5844,PRP-1587,AGT-0271,605800.0,2023-05-08,2023-08-25,Sold,,Dinner yard second tell development response.
LST-5845,PRP-1695,AGT-0189,2931200.0,2020-12-01,2021-01-08,Sold,,Voice fish into his. Almost attention case exactly listen practice compare.
LST-5846,PRP-3709,AGT-0136,1927900.0,2021-11-07,2022-01-16,Sold,10.0,Again stuff site shoulder organization star. Vote address present skin.
LST-5847,PRP-3146,AGT-0137,753000.0,2022-08-26,2022-12-06,Active,205.0,Out use know consumer wall report.
LST-5848,PRP-3275,AGT-0110,1047500.0,2022-05-16,2022-07-09,Sold,281.0,News without speak message more.
LST-5849,PRP-3310,AGT-0145,961200.0,2021-01-31,2021-04-30,Sold,120.0,Training Republican loss outside Democrat and.
LST-5850,PRP-1703,AGT-0213,2349100.0,2024-02-05,2024-06-09,Active,17.0,Traditional good across maybe evidence little yet.
LST-5851,PRP-2258,AGT-0111,395900.0,2021-10-10,2022-01-03,Sold,331.0,Carry technology man say personal join must. Discover north leader matter happy.
LST-5852,PRP-2943,AGT-0137,832700.0,2021-03-18,2021-07-02,Withdrawn,331.0,Tend drive group recent friend successful skill. I else page again stock.
LST-5853,PRP-2828,AGT-0132,2782700.0,2023-06-11,2023-09-04,Sold,115.0,History data appear. Draw agreement space yard Republican the range beautiful.
LST-5854,PRP-2115,AGT-0131,307400.0,2023-03-21,2023-07-03,Sold,242.0,Minute pass thank total star. Third pay policy place program five consider degree.
LST-5855,PRP-1562,AGT-0286,996300.0,2020-01-13,2020-03-24,Sold,18.0,Floor clear finish bag surface.
LST-5856,PRP-4461,AGT-0148,1106300.0,2024-05-12,2024-09-18,Sold,227.0,Site yet according cultural measure prevent.
LST-5857,PRP-4835,AGT-0249,486300.0,2023-03-17,2023-04-27,Sold,78.0,Example free field add fall.
LST-5858,PRP-3215,AGT-0200,431700.0,2021-07-29,2021-09-12,Withdrawn,19.0,Significant represent rock manage finish actually school.
LST-5859,PRP-0920,AGT-0191,1915000.0,2022-02-25,2022-05-14,Expired,53.0,Understand build buy oil. Apply rest second level late.
LST-5860,PRP-2041,AGT-0296,502300.0,2022-11-26,2023-04-06,Sold,160.0,Decision scene recent west.
LST-5861,PRP-4932,AGT-0287,1010100.0,2024-01-26,2024-04-30,Sold,22.0,Kid site contain son well sit.
LST-5862,PRP-4399,AGT-0024,1884400.0,2020-08-16,2020-11-21,Active,168.0,Five guess simple air maybe very approach but. Identify system lose article accept.
LST-5863,PRP-3277,AGT-0063,2958300.0,2022-09-06,2022-12-31,Sold,131.0,Heavy although out yard.
LST-5864,PRP-0320,AGT-0194,2819600.0,2020-12-03,2021-04-21,Sold,70.0,Nation concern Mrs guy. Everything out fill method.
LST-5865,PRP-3772,AGT-0167,265800.0,2021-07-28,2021-11-01,Expired,96.0,Marriage city person individual trouble always.
LST-5866,PRP-4266,AGT-0007,1524000.0,2024-04-09,2024-05-25,Sold,33.0,Already role glass notice.
LST-5867,PRP-3699,AGT-0076,176900.0,2021-08-13,2021-12-05,Active,31.0,Company candidate unit power increase most. Law leader finally likely.
LST-5868,PRP-2773,AGT-0080,2119100.0,2020-06-18,2020-12-09,Active,,Hold popular mouth bill impact tend. Account need follow degree writer provide story.
LST-5869,PRP-2058,AGT-0164,1370600.0,2023-06-29,2023-12-21,Pending,150.0,Remain require modern owner.
LST-5870,PRP-2224,AGT-0251,431300.0,2020-10-18,2021-03-25,Sold,184.0,Long together two accept. World where group everybody.
LST-5871,PRP-0575,AGT-0120,535200.0,2021-02-09,2021-04-12,Withdrawn,84.0,Benefit public one hundred. Time information public speech.
LST-5872,PRP-4354,AGT-0189,1582200.0,2020-02-05,2020-01-18,Sold,275.0,Performance long beautiful view. Stage technology sometimes Republican theory season.
LST-5873,PRP-3846,AGT-0216,1140100.0,2023-07-21,2023-12-19,Withdrawn,253.0,Born end need age difficult. Attack from health.
LST-5874,PRP-0459,AGT-0022,1269400.0,2021-03-18,2021-04-22,Active,304.0,Lose growth fund pull anything sport pick.
LST-5875,PRP-3305,AGT-0207,1385700.0,2022-12-27,2023-02-20,Sold,205.0,Turn early kid home across time politics. Always politics treatment might.
LST-5876,PRP-4719,AGT-0042,101500.0,2023-12-14,2024-01-31,Expired,246.0,But front fight fight record.
LST-5877,PRP-1732,AGT-0157,2014600.0,2022-02-10,2022-04-06,Sold,217.0,Because available health. Economic society place part billion clear design later.
LST-5878,PRP-3237,AGT-0024,347000.0,2022-05-31,2022-07-12,Sold,31.0,Leave push each knowledge ten debate.
LST-5879,PRP-0076,AGT-0030,2994100.0,2022-03-16,2022-04-25,Withdrawn,220.0,Magazine life conference government include. Quickly wind week heavy mind blood on.
LST-5880,PRP-1328,AGT-0119,566000.0,2021-11-14,2021-12-25,Withdrawn,144.0,Myself follow grow Democrat we entire along.
LST-5881,PRP-1930,AGT-0142,1822300.0,2024-04-02,2024-06-26,Sold,174.0,Huge population night defense break positive quite. Strong provide ok safe certain.
LST-5882,PRP-2055,AGT-0114,1730000.0,2020-03-29,2020-09-20,Active,141.0,Various including program street mind story computer. Book bed two middle partner.
LST-5883,PRP-1928,AGT-0084,2298700.0,2023-05-27,2023-09-25,Expired,178.0,Consider feeling very since stop.
LST-5884,PRP-0400,AGT-0227,1279700.0,2023-12-12,2024-02-21,Expired,136.0,Military mother several month near.
LST-5885,PRP-3657,AGT-0103,541700.0,2020-08-27,2020-11-30,Expired,314.0,Art late community avoid by.
LST-5886,PRP-2815,AGT-0042,833500.0,2022-04-13,2022-07-26,Pending,36.0,Conference current pull structure.
LST-5887,PRP-0922,AGT-0026,2575700.0,2020-09-14,2020-11-17,Sold,270.0,Writer feeling sure kid. Trip significant structure wrong attorney decide once.
LST-5888,PRP-2744,AGT-0272,2068000.0,2020-11-03,2021-05-01,Pending,,Program off third he measure ground type.
LST-5889,PRP-3262,AGT-0193,1781000.0,2020-03-26,2020-05-04,Sold,148.0,Animal issue black word.
LST-5890,PRP-4373,AGT-0019,823400.0,2022-11-02,2023-03-06,Sold,,Sure effort east teacher north mention. Perhaps standard itself of ready.
LST-5891,PRP-3125,AGT-0287,2193500.0,2023-09-12,2024-02-23,Expired,311.0,Month sound must explain power room peace. Score well eat child mean political.
LST-5892,PRP-2897,AGT-0210,346500.0,2022-09-12,2023-02-14,Active,71.0,Theory us create financial former.
LST-5893,PRP-3116,AGT-0192,1336400.0,2022-02-19,2022-08-06,Sold,194.0,There house either traditional. Force product great.
LST-5894,PRP-3993,AGT-0233,596000.0,2022-06-24,2022-10-27,Expired,293.0,Argue build story box religious clearly.
LST-5895,PRP-4032,AGT-0089,2726400.0,2020-04-13,2020-05-25,Pending,37.0,Order movie group computer beat compare customer room. Government Mr show contain two.
LST-5896,PRP-4595,AGT-0110,584400.0,2022-06-16,2022-12-02,Pending,137.0,Some go pretty then into serve budget. Feel necessary not among.
LST-5897,PRP-4546,AGT-0216,1211700.0,2023-08-16,2023-10-26,Active,3.0,Music activity identify then check.
LST-5898,PRP-1877,AGT-0235,587700.0,2022-06-27,2022-07-27,Sold,68.0,Stock sister call open time big. Friend test another place family then.
LST-5899,PRP-3966,AGT-0074,1992400.0,2024-06-19,2024-09-15,Sold,338.0,Now grow character central glass become tell. Among summer old carry itself meeting model.
LST-5900,PRP-3923,AGT-0096,2427000.0,2024-01-27,2024-03-21,Expired,17.0,Southern expert control ok week.
LST-5901,PRP-0117,AGT-0215,1285400.0,2021-02-28,2021-06-03,Active,213.0,Throughout those voice and. Kid class wide long must.
LST-5902,PRP-1860,AGT-0195,1166600.0,2020-05-06,2020-06-22,Active,236.0,Its article company four character experience. Campaign play wide performance.
LST-5903,PRP-3129,AGT-0019,650900.0,2020-12-12,2021-05-06,Sold,,Recent thousand leave oil occur.
LST-5904,PRP-0944,AGT-0067,212700.0,2022-06-28,2022-11-15,Sold,180.0,Beat notice if range idea. Daughter contain age respond left while.
LST-5905,PRP-0158,AGT-0210,1592600.0,2020-07-20,2020-10-01,Withdrawn,342.0,Main pressure one those. Country film magazine serve speech easy who.
LST-5906,PRP-3921,AGT-0023,529900.0,2021-01-21,2021-03-24,Sold,50.0,Price fear owner country range near ever forward. Try finally yes feel when police.
LST-5907,PRP-1387,AGT-0040,2461000.0,2022-01-02,2021-12-27,Active,201.0,Claim sense prepare light find next. Choose product instead traditional beautiful job.
LST-5908,PRP-2574,AGT-0168,1330100.0,2021-10-13,2021-12-09,Withdrawn,104.0,Tax cup up age subject. Stuff different where heavy key.
LST-5909,PRP-2937,AGT-0273,1245000.0,2022-01-27,2022-04-12,Sold,97.0,Leave machine gas director safe. Support onto throughout main.
LST-5910,PRP-4516,AGT-0275,1157500.0,2023-06-17,2023-10-10,Sold,123.0,Stage goal clear.
LST-5911,PRP-2423,AGT-0221,694400.0,2022-05-21,2022-09-23,Active,364.0,Professor often edge up career last note. His sound ever inside enjoy effort.
LST-5912,PRP-4628,AGT-0271,2995300.0,2022-02-16,2022-07-04,Expired,1.0,Capital reduce usually significant effort.
LST-5913,PRP-4958,AGT-0081,491500.0,2021-03-25,2021-02-25,Expired,137.0,Event enjoy card care stock reduce board. Question more guy record partner.
LST-5914,PRP-4161,AGT-0138,2831800.0,2022-07-06,2022-08-29,Sold,22.0,We job response either writer.
LST-5915,PRP-2098,AGT-0066,2063700.0,2022-01-09,2022-05-14,Sold,,Every relate analysis exactly stuff phone process.
LST-5916,PRP-2465,AGT-0131,1183200.0,2021-11-22,2022-04-16,Sold,17.0,Particularly range manager make point.
LST-5917,PRP-3798,AGT-0152,1439700.0,2020-11-11,2021-02-13,Expired,159.0,Could but less pretty old easy security. Bit interesting strategy process own night.
LST-5918,PRP-3686,AGT-0190,990400.0,2023-12-06,2024-03-22,Sold,78.0,Trial something show third sit billion. Fire beautiful more part.
LST-5919,PRP-0381,AGT-0142,221600.0,2021-05-07,2021-06-06,Sold,18.0,Ask black that operation treat short. Leg last participant trial happy he.
LST-5920,PRP-4584,AGT-0197,1903500.0,2024-02-14,2024-05-14,Expired,173.0,Management kitchen manage out nearly clear result and. Behind network central down too value girl.
LST-5921,PRP-2065,AGT-0217,1091900.0,2020-09-01,2020-10-13,Expired,33.0,Sort third magazine peace look reflect into. Conference week garden action politics show public.
LST-5922,PRP-3695,AGT-0033,2413800.0,2023-12-06,2023-11-14,Sold,156.0,Situation almost thank.
LST-5923,PRP-1764,AGT-0137,1728900.0,2022-12-17,2023-05-20,Active,216.0,Decide step style between pull sound. Address society sure fill if business.
LST-5924,PRP-1130,AGT-0010,1929700.0,2021-09-20,2022-01-27,Expired,,Beautiful despite live no movement. Especially time article matter.
LST-5925,PRP-4234,AGT-0257,933200.0,2023-05-17,2023-09-26,Sold,138.0,Night collection claim future deal. Money also bring let may how follow.
LST-5926,PRP-2422,AGT-0249,2184200.0,2020-08-29,2021-01-28,Sold,40.0,Rock charge campaign have power truth kid. When television situation whole page fish inside so.
LST-5927,PRP-2324,AGT-0034,2490000.0,2021-05-07,2021-09-12,Active,226.0,Minute through sound. Know reflect instead prevent middle.
LST-5928,PRP-1263,AGT-0286,443000.0,2021-09-14,2021-11-09,Sold,14.0,Employee federal much bad while imagine.
LST-5929,PRP-0495,AGT-0149,1537900.0,2024-05-16,2024-05-12,Expired,,Describe money democratic field leave wrong. News place fire we father.
LST-5930,PRP-3147,AGT-0029,421300.0,2020-02-15,2020-05-23,Pending,105.0,Participant security know resource.
LST-5931,PRP-3005,AGT-0216,1247500.0,2020-02-25,2020-05-07,Withdrawn,94.0,Anyone risk cold town resource seven become season. Sure draw grow dark effort.
LST-5932,PRP-3549,AGT-0106,722500.0,2022-04-07,2022-09-02,Active,48.0,Under only ground save type letter mouth. Dinner toward name these.
LST-5933,PRP-4836,AGT-0238,588400.0,2024-04-07,2024-05-10,Sold,176.0,Late others something star interview its. Everyone tell past.
LST-5934,PRP-4000,AGT-0228,845200.0,2023-12-11,2024-06-07,Active,126.0,Right institution same rate toward. Hotel ten news though democratic body local.
LST-5935,PRP-0273,AGT-0273,591400.0,2024-02-08,2024-06-25,Expired,74.0,Business middle already.
LST-5936,PRP-0058,AGT-0287,866300.0,2023-11-22,2024-02-11,Sold,139.0,Southern set environmental technology information check parent minute. Last common perform firm quickly turn.
LST-5937,PRP-2117,AGT-0246,481800.0,2021-12-21,2022-02-10,Sold,7.0,Newspaper nearly him certainly say condition. Today any green father end.
LST-5938,PRP-4720,AGT-0037,1890600.0,2021-09-08,2021-10-21,Sold,188.0,Find road sell model. Smile stand work prepare way.
LST-5939,PRP-3753,AGT-0150,1985600.0,2021-10-25,2021-10-15,Sold,299.0,Class next back throw. Economic through statement common yard bed election into.
LST-5940,PRP-2931,AGT-0018,1324900.0,2023-06-19,2023-09-09,Sold,331.0,Oil those music industry.
LST-5941,PRP-0952,AGT-0284,493600.0,2022-04-12,2022-08-28,Sold,38.0,Simple movie glass wind. Soldier according issue follow.
LST-5942,PRP-4328,AGT-0104,161400.0,2022-12-22,2023-06-04,Sold,199.0,Both social tend professor. Way yard anything else.
LST-5943,PRP-4677,AGT-0200,1185700.0,2021-02-03,2021-05-11,Active,275.0,Natural manage garden black.
LST-5944,PRP-0291,AGT-0075,1730500.0,2020-05-25,2020-07-04,Withdrawn,337.0,Model yes spring work back ready. News away resource resource first.
LST-5945,PRP-1867,AGT-0238,2086500.0,2020-02-23,2020-08-05,Withdrawn,348.0,Ability special mention professor set yourself forward.
LST-5946,PRP-3441,AGT-0267,1193800.0,2020-08-19,2020-10-28,Expired,346.0,Trial choice everyone surface picture. Together production race capital husband single.
LST-5947,PRP-1860,AGT-0138,2727800.0,2022-10-28,2023-04-06,Sold,5.0,Perhaps sort natural able accept film.
LST-5948,PRP-1895,AGT-0270,1873700.0,2023-05-02,2023-07-05,Withdrawn,45.0,Class among should PM production tend recent.
LST-5949,PRP-0723,AGT-0152,626800.0,2021-11-17,2022-05-02,Sold,348.0,Truth gas challenge bar guess.
LST-5950,PRP-1452,AGT-0086,165300.0,2023-11-19,2024-04-04,Expired,321.0,Court thousand letter movement car question. Pattern work suggest middle mind.
LST-5951,PRP-2754,AGT-0092,672400.0,2020-06-26,2020-10-24,Sold,50.0,Them her safe anyone scene theory. Learn commercial test compare.
LST-5952,PRP-3312,AGT-0297,1141500.0,2023-05-14,2023-08-30,Sold,,There begin great thing anyone quality. Responsibility then eye minute and project to.
LST-5953,PRP-2011,AGT-0144,596300.0,2022-10-02,2022-11-18,Sold,5.0,Scientist then explain should buy.
LST-5954,PRP-0473,AGT-0237,1522700.0,2022-09-03,2022-11-15,Sold,,Upon now society parent quickly kind forward off.
LST-5955,PRP-2005,AGT-0233,424300.0,2021-02-11,2021-07-11,Expired,307.0,Agency future authority recent.
LST-5956,PRP-1549,AGT-0126,2019700.0,2020-09-01,2021-01-26,Pending,270.0,Fall important always issue then represent goal. Thought meet issue build.
LST-5957,PRP-0573,AGT-0270,2442200.0,2021-04-14,2021-08-20,Expired,299.0,Be participant child blue value start blue. Federal subject among somebody consider travel.
LST-5958,PRP-1204,AGT-0179,1493300.0,2020-03-02,2020-07-17,Active,261.0,Heart record himself mission born. Art environmental able accept back kid.
LST-5959,PRP-4187,AGT-0262,259300.0,2024-01-25,2024-05-25,Expired,129.0,Red two cost policy structure.
LST-5960,PRP-3338,AGT-0116,2518000.0,2021-07-19,2021-08-26,Active,9.0,Color Democrat administration long training.
LST-5961,PRP-0501,AGT-0160,95500.0,2021-04-21,2021-09-28,Sold,,Everyone edge assume get against look tough.
LST-5962,PRP-1257,AGT-0147,410700.0,2020-07-19,2020-10-20,Active,239.0,Argue against beyond standard listen. Staff accept debate indicate.
LST-5963,PRP-0187,AGT-0244,1927000.0,2021-03-18,2021-09-08,Active,,Especially sound human brother. Poor student age suffer get.
LST-5964,PRP-4673,AGT-0212,2308500.0,2022-02-08,2022-06-16,Sold,174.0,Laugh write catch dog.
LST-5965,PRP-3045,AGT-0156,789600.0,2020-09-09,2020-10-16,Sold,,History never recognize statement teach.
LST-5966,PRP-3084,AGT-0053,1570400.0,2021-08-31,2021-11-25,Sold,2.0,End rather effect let would office shake. Including student about key.
LST-5967,PRP-2058,AGT-0185,302300.0,2022-06-29,2022-08-02,Sold,309.0,Fine outside decision suggest court college.
LST-5968,PRP-4202,AGT-0283,2361700.0,2020-08-04,2020-12-04,Active,1.0,Keep shake since local.
LST-5969,PRP-3531,AGT-0227,1798200.0,2023-07-01,2023-11-09,Active,129.0,Spring along another policy chair.
LST-5970,PRP-4364,AGT-0022,1891200.0,2021-06-17,2021-09-12,Expired,98.0,Simply official good. Other anyone girl laugh body.
LST-5971,PRP-2767,AGT-0148,1130300.0,2023-10-06,2024-01-13,Withdrawn,116.0,Third after raise share.
LST-5972,PRP-3574,AGT-0028,2081800.0,2022-08-22,2022-11-27,Sold,72.0,Age exactly case its civil more.
LST-5973,PRP-2415,AGT-0299,1356500.0,2021-01-15,2021-06-19,Active,81.0,Management measure individual notice machine best. Notice much travel very.
LST-5974,PRP-0726,AGT-0179,1529800.0,2022-03-04,2022-06-20,Active,332.0,Yard partner north tell.
LST-5975,PRP-1943,AGT-0282,330200.0,2020-08-01,2020-12-19,Sold,3.0,Arm staff south. Rate future account culture risk rock road.
LST-5976,PRP-0205,AGT-0122,2229200.0,2021-12-10,2022-01-24,Active,88.0,Project will poor station. Sell ago reduce.
LST-5977,PRP-0177,AGT-0256,1164300.0,2023-03-12,2023-07-23,Sold,336.0,Lead beyond member movement per.
LST-5978,PRP-1346,AGT-0151,1264900.0,2024-05-06,2024-06-18,Active,33.0,Hot establish project line particular. Seek movie adult wall.
LST-5979,PRP-0289,AGT-0133,2459500.0,2021-08-30,2021-12-27,Sold,275.0,Fast military present thank.
LST-5980,PRP-1938,AGT-0093,1711100.0,2022-09-07,2022-12-02,Sold,126.0,Company poor whose lose carry majority have improve.
LST-5981,PRP-3580,AGT-0081,2353600.0,2020-08-26,2020-08-01,Active,108.0,Develop ok material pattern claim major human.
LST-5982,PRP-4676,AGT-0002,1255600.0,2020-10-29,2021-04-17,Sold,133.0,Group other partner social. Born resource reason individual gas rich.
LST-5983,PRP-3878,AGT-0068,2264000.0,2022-12-15,2023-05-30,Sold,365.0,Street low with.
LST-5984,PRP-2707,AGT-0090,1320900.0,2023-03-18,2023-09-11,Sold,272.0,Those job win. Million door opportunity produce American teacher.
LST-5985,PRP-0280,AGT-0176,774700.0,2020-12-19,2021-03-30,Sold,,Growth west care free gas. Other huge rock.
LST-5986,PRP-4410,AGT-0262,2553700.0,2020-05-13,2020-10-03,Sold,279.0,Question evening natural short single teach billion ground. Wait them doctor town.
LST-5987,PRP-0613,AGT-0135,800800.0,2023-04-12,2023-07-04,Sold,351.0,As amount brother second.
LST-5988,PRP-1468,AGT-0040,1256200.0,2021-09-05,2021-12-10,Active,140.0,All deal always above. But approach look ever.
LST-5989,PRP-2992,AGT-0121,1389300.0,2022-05-06,2022-09-16,Pending,354.0,Already morning agency sure Republican price.
LST-5990,PRP-4674,AGT-0086,2384200.0,2023-08-15,2023-10-09,Active,331.0,Talk this body.
LST-5991,PRP-4654,AGT-0062,1458400.0,2021-08-15,2022-01-22,Withdrawn,,Just anything meeting agency training style green.
LST-5992,PRP-1116,AGT-0255,581500.0,2022-03-30,2022-06-16,Sold,13.0,Old product may. Common card represent far.
LST-5993,PRP-2371,AGT-0053,1282100.0,2023-01-11,2023-05-06,Sold,,If most wish once will raise. Yes those ahead tax.
LST-5994,PRP-4747,AGT-0187,1639600.0,2021-11-13,2022-04-08,Active,213.0,These local nearly debate. Would add middle against.
LST-5995,PRP-2449,AGT-0109,2266200.0,2022-05-15,2022-11-05,Sold,,Economy player early scene tonight.
LST-5996,PRP-2672,AGT-0241,2125700.0,2023-02-10,2023-03-14,Sold,359.0,Sing bad so program author kind particularly eye. Tend anyone husband film clear rate decade.
LST-5997,PRP-0347,AGT-0209,2228000.0,2020-11-13,2021-05-03,Active,10.0,Increase night break campaign author important sometimes.
LST-5998,PRP-1394,AGT-0036,1663500.0,2022-02-05,2022-07-12,Active,72.0,Economy store should.
LST-5999,PRP-4900,AGT-0153,1637300.0,2022-05-22,2022-09-09,Withdrawn,168.0,Data school operation method like. Hundred spring campaign.
LST-6000,PRP-3539,AGT-0036,247100.0,2022-06-22,2022-09-09,Sold,65.0,Push night field audience always. Only traditional bill sign.
LST-1201,PRP-1590,AGT-0042,1974700.0,2021-05-17,2021-08-02,Sold,,Themselves fire or it class under education. Near buy check assume real program.
LST-1114,PRP-1074,AGT-0002,198400.0,2023-11-13,2024-02-02,Withdrawn,255.0,Such possible fact activity one child. Analysis exist newspaper.
LST-3266,PRP-1955,AGT-0058,1130600.0,2023-05-29,2023-08-14,Withdrawn,258.0,Prevent employee without lose tend allow. Turn evidence level once worry fear.
LST-3444,PRP-4849,AGT-0121,2769000.0,2021-06-20,2021-09-06,Sold,283.0,Purpose throw theory least suddenly tell. Girl return its may.
LST-2293,PRP-3276,AGT-0154,725600.0,2023-12-06,2024-01-26,Sold,233.0,Pm evidence development trade capital sister last cultural.
LST-5991,PRP-4654,AGT-0062,1458400.0,2021-08-15,2022-01-22,Withdrawn,,Just anything meeting agency training style green.
LST-3842,PRP-1277,AGT-0226,2857700.0,2020-04-21,2020-10-13,Pending,85.0,Happy never language enough television but.
LST-5871,PRP-0575,AGT-0120,535200.0,2021-02-09,2021-04-12,Withdrawn,84.0,Benefit public one hundred. Time information public speech.
LST-0512,PRP-1394,AGT-0296,1809900.0,2023-03-05,2023-05-30,Active,17.0,War now key director nothing.
LST-5734,PRP-3472,AGT-0194,1846000.0,2023-05-28,2023-11-12,Sold,217.0,Little management develop generation heavy new likely.
LST-2267,PRP-4215,AGT-0034,383900.0,2021-04-20,2021-06-22,Sold,302.0,Lose attack process skin. Not morning world raise training next enjoy.
LST-1757,PRP-0038,AGT-0271,2367200.0,2024-06-14,2024-10-29,Active,265.0,Picture while save within dog fact. Happy live trouble.
LST-5140,PRP-4224,AGT-0122,713600.0,2020-06-18,2020-10-07,Sold,279.0,Property other nice such. Security well painting quality option myself career.
LST-4184,PRP-1818,AGT-0036,2972200.0,2024-05-21,2024-10-19,Sold,303.0,Learn crime public focus trial. Account end sit beautiful again half.
LST-0879,PRP-3872,AGT-0227,1052300.0,2020-03-28,2020-05-03,Sold,24.0,Down success director all travel reason. Author society spring young likely.
LST-2546,PRP-4780,AGT-0225,2478700.0,2020-08-13,2020-10-22,Sold,245.0,House blue health win girl. Travel factor on actually top.
LST-2174,PRP-4756,AGT-0194,311000.0,2021-01-08,2021-05-19,Sold,294.0,Miss nor company eye. Soon remain degree before avoid seven.
LST-1076,PRP-3965,AGT-0217,1353600.0,2024-01-03,2024-04-23,Expired,303.0,Become we behind chair account will gun. Pattern financial somebody eat structure ahead.
LST-2014,PRP-4253,AGT-0268,413100.0,2023-10-31,2024-03-18,Sold,237.0,Fill too relate great idea contain. Media focus position.
LST-2841,PRP-4258,AGT-0087,505600.0,2023-12-21,2024-05-27,Expired,235.0,Beat specific happen theory most. Cold weight low accept population others sit beautiful.
LST-0356,PRP-3229,AGT-0002,2413600.0,2020-12-13,2021-05-05,Active,81.0,Sound relate best against with. Candidate something easy section finally picture lawyer.
LST-0170,PRP-0973,AGT-0090,1460500.0,2022-03-25,2022-05-12,Withdrawn,91.0,Human actually exist message firm.
LST-1968,PRP-0553,AGT-0012,2271500.0,2022-07-11,2023-01-04,Sold,212.0,Table policy event third everything.
LST-0041,PRP-2436,AGT-0248,2064900.0,2023-11-24,2024-04-08,Sold,8.0,Outside artist resource wife. Stay maintain current oil side.
LST-3973,PRP-2290,AGT-0198,1754100.0,2022-10-23,2023-04-01,Pending,215.0,Cup section you exactly stop moment a.
LST-2489,PRP-2606,AGT-0045,1815700.0,2021-10-17,2021-09-24,Expired,46.0,Newspaper officer east set option firm doctor inside.
LST-0927,PRP-0718,AGT-0279,420500.0,2024-02-24,2024-04-13,Sold,254.0,Beat where cell name specific. End just home ahead growth often eat production.
LST-2118,PRP-3610,AGT-0096,1009900.0,2020-11-03,2021-04-25,Pending,104.0,Best relationship cut goal. Successful method happen build.
LST-0263,PRP-2038,AGT-0129,359600.0,2020-07-17,2020-09-23,Sold,356.0,Young benefit use begin right.
LST-1870,PRP-1974,AGT-0075,2179100.0,2020-01-16,2020-04-15,Pending,125.0,Another if something once change media spring. Game case life test name likely use.
LST-0079,PRP-3209,AGT-0062,1134200.0,2021-05-16,2021-08-16,Active,,Play peace future fire black factor. Upon eye natural camera expert able.
LST-1370,PRP-2279,AGT-0117,2323500.0,2022-10-23,2023-01-20,Sold,338.0,Quality laugh little that assume mouth.
LST-3681,PRP-0177,AGT-0204,1184600.0,2022-10-02,2023-03-08,Active,356.0,Character inside hospital. Test write statement half.
LST-4801,PRP-2457,AGT-0216,2480000.0,2020-03-13,2020-03-11,Sold,,Last behavior word skill morning.
LST-1539,PRP-1349,AGT-0146,2747400.0,2022-04-11,2022-10-05,Sold,78.0,Common these anyone now happy rather past.
LST-0986,PRP-4840,AGT-0277,602100.0,2022-01-05,2022-02-13,Active,192.0,Find even box well.
LST-1536,PRP-2109,AGT-0180,1193800.0,2024-05-28,2024-08-20,Sold,42.0,Evidence member most everything than without political.
LST-3600,PRP-2214,AGT-0249,1933100.0,2022-05-08,2022-06-13,Active,34.0,Suggest news upon list. Call police green doctor.
LST-3669,PRP-4541,AGT-0108,1059100.0,2022-12-19,2023-02-03,Withdrawn,10.0,Something describe civil sport.
LST-5310,PRP-0626,AGT-0135,756300.0,2020-07-22,2020-12-09,Active,127.0,Man rich author drug. Receive alone opportunity thus present according traditional.
LST-5175,PRP-1719,AGT-0189,2020900.0,2021-08-03,2021-10-11,Active,341.0,Just structure it foot join everybody two.
LST-2681,PRP-1357,AGT-0233,938200.0,2023-06-05,2023-09-29,Sold,,Space hard best office.
LST-1946,PRP-2472,AGT-0005,1468100.0,2023-08-08,2023-09-07,Sold,,Traditional address could behind soldier still. Water strategy debate order onto food TV.
LST-2507,PRP-0595,AGT-0058,2553800.0,2023-06-28,2023-10-30,Active,213.0,Level many happen glass. Heart none opportunity financial.
LST-2385,PRP-1083,AGT-0047,2374400.0,2023-04-29,2023-10-05,Sold,238.0,Stay process the who. Pay draw mouth charge yourself left give.
LST-3405,PRP-1581,AGT-0210,464200.0,2023-11-26,2024-01-27,Sold,124.0,Down just letter business beautiful agreement. But bed improve draw education Democrat.
LST-2035,PRP-2497,AGT-0299,368900.0,2023-11-19,2024-01-31,Sold,309.0,Present early indeed. Nor management exist black happy for economy direction.
LST-4503,PRP-0831,AGT-0285,352300.0,2022-07-26,2022-11-06,Expired,230.0,Community either leg fear on political pick consumer.
LST-3176,PRP-0837,AGT-0132,732300.0,2024-05-02,2024-06-27,Expired,304.0,Item plan drug parent business son southern pick.
LST-2591,PRP-3463,AGT-0167,1825100.0,2020-02-14,2020-05-21,Active,82.0,Box movie occur suddenly.
LST-4059,PRP-3946,AGT-0125,447800.0,2022-12-13,2023-04-08,Active,183.0,Only less page whom idea guy anyone. Into traditional focus do parent threat.
LST-1037,PRP-0191,AGT-0108,278400.0,2020-12-29,2021-03-20,Active,60.0,Bar opportunity effort. Leg partner machine pattern him early.
LST-3855,PRP-3287,AGT-0271,2099900.0,2020-08-07,2021-01-17,Expired,33.0,Why answer writer teacher. Affect some mission effect.
LST-3450,PRP-0034,AGT-0267,308500.0,2020-04-13,2020-08-21,Withdrawn,7.0,Require car maybe particular through consider radio stage.
LST-0072,PRP-1190,AGT-0130,381100.0,2022-01-17,2022-07-13,Sold,15.0,Whatever guess into there at early admit. Senior foreign condition ago.
LST-4590,PRP-3570,AGT-0078,1139500.0,2022-08-04,2023-01-31,Active,275.0,Avoid record defense point color director beat. Remain scientist ball tell must Congress affect.
LST-5506,PRP-3842,AGT-0149,2774500.0,2023-12-27,2024-04-15,Active,339.0,Weight somebody suffer magazine east guess nice.
LST-4255,PRP-0051,AGT-0284,565200.0,2023-07-05,2023-10-15,Withdrawn,45.0,Too may possible hold attack cultural exist.
LST-0701,PRP-1594,AGT-0147,385900.0,2021-11-18,2022-04-11,Expired,207.0,Degree adult point assume.
LST-4179,PRP-1935,AGT-0152,694100.0,2022-08-24,2022-11-14,Sold,342.0,According decade ball. But must they interview already response.
LST-3651,PRP-0550,AGT-0273,2291600.0,2020-01-26,2020-07-09,Expired,191.0,Some style money total forget car sort create.
LST-5201,PRP-0493,AGT-0221,866800.0,2022-11-04,2023-03-17,Active,25.0,Card lot outside many source song.
LST-1560,PRP-0815,AGT-0270,1531900.0,2023-06-05,2023-06-02,Active,141.0,Receive clear center across home case establish.
LST-1819,PRP-2161,AGT-0192,937800.0,2020-01-06,2020-02-16,Sold,320.0,Degree with or physical.
LST-1459,PRP-3086,AGT-0174,311000.0,2022-02-27,2022-07-23,Expired,42.0,Wrong measure part reason your. Price fund yourself treat.
LST-1466,PRP-3595,AGT-0204,1261700.0,2023-02-11,2023-07-12,Sold,145.0,Store despite within may sea describe group magazine.
LST-2939,PRP-0969,AGT-0109,1686500.0,2020-10-21,2021-01-15,Withdrawn,284.0,Strategy according until wear theory seek.
LST-5982,PRP-4676,AGT-0002,1255600.0,2020-10-29,2021-04-17,Sold,133.0,Group other partner social. Born resource reason individual gas rich.
LST-2243,PRP-2325,AGT-0077,2356600.0,2021-12-28,2022-02-01,Pending,222.0,Like body single whatever start television.
LST-3558,PRP-4699,AGT-0009,562900.0,2024-03-09,2024-05-12,Active,316.0,Wonder growth war entire expect.
LST-0468,PRP-3124,AGT-0219,1829200.0,2022-06-22,2022-09-13,Sold,71.0,Debate total support read them cut chair.
LST-0804,PRP-2431,AGT-0122,2408500.0,2024-04-09,2024-07-16,Sold,77.0,Sport forward situation able charge. Protect part million doctor we personal college.
LST-5300,PRP-1134,AGT-0223,1181500.0,2020-10-30,2021-01-16,Active,67.0,Either coach natural walk speech research. Maybe help scientist surface.
LST-2937,PRP-0098,AGT-0299,1554600.0,2022-08-31,2023-02-09,Sold,147.0,Rule writer recent poor first.
LST-3287,PRP-0650,AGT-0024,1515800.0,2023-10-02,2023-12-04,Active,251.0,Lay realize story music expert. Rather can research maintain.
LST-3031,PRP-4281,AGT-0107,1750800.0,2023-03-08,2023-06-12,Sold,345.0,Draw security deep name. West two couple space sort dream where next.
LST-4109,PRP-4997,AGT-0277,2742700.0,2021-07-30,2021-12-12,Expired,23.0,New them only still visit throw surface.
LST-5748,PRP-1909,AGT-0096,600100.0,2024-05-21,2024-06-28,Sold,359.0,Human although computer experience young great will. Item take once with.
LST-1450,PRP-4033,AGT-0248,1259100.0,2023-12-30,2024-03-06,Active,242.0,Ago star top weight. Gas democratic half up type.
LST-4094,PRP-2244,AGT-0199,1514300.0,2024-06-20,2024-07-26,Sold,36.0,Red majority rest lose foot. Agree let front vote coach let range.
LST-0492,PRP-1562,AGT-0076,1290000.0,2022-06-02,2022-07-11,Expired,139.0,Physical bar really student system there. Professional field close.
LST-0469,PRP-3339,AGT-0067,1681000.0,2020-03-15,2020-08-28,Active,321.0,Notice live wear clear city.
LST-2553,PRP-0211,AGT-0083,1449400.0,2022-02-08,2022-04-03,Sold,310.0,Second recognize animal prove board reveal war. Wait evidence his.
LST-0450,PRP-0963,AGT-0134,2751000.0,2021-04-19,2021-09-09,Sold,212.0,May maintain forget someone. Grow operation build piece.
LST-2221,PRP-1572,AGT-0103,1142600.0,2024-06-29,2024-09-25,Sold,202.0,Education every stay step couple direction kind.
LST-4946,PRP-0063,AGT-0122,422700.0,2023-12-02,2024-01-10,Sold,148.0,Chance person one lot necessary book. What whole plan rock election sport.
LST-3013,PRP-0469,AGT-0205,284900.0,2021-06-02,2021-10-13,Pending,42.0,Piece him hair help.
LST-1117,PRP-0479,AGT-0139,1585000.0,2022-01-15,2022-03-06,Sold,346.0,Must Congress early produce gas hotel.
LST-1078,PRP-0829,AGT-0207,1220500.0,2022-08-19,2022-10-14,Sold,,Method only thought send. Though activity Mr physical shake tax media.
LST-0886,PRP-3180,AGT-0062,1860700.0,2021-06-14,2021-11-19,Sold,,Never apply well movement owner.
LST-0059,PRP-0387,AGT-0018,1971600.0,2022-11-26,2023-04-11,Active,210.0,Adult too minute enter your personal information anything.
LST-3292,PRP-3533,AGT-0141,779600.0,2020-08-06,2020-09-23,Active,16.0,Dinner during baby produce break beyond. Reach run time everything.
LST-1703,PRP-3554,AGT-0097,2077000.0,2021-12-08,2022-05-16,Sold,291.0,Officer often cell final you wear rock.
LST-3231,PRP-1035,AGT-0121,2052900.0,2021-08-22,2021-07-23,Active,268.0,Director again knowledge data table. Finally even everyone here activity.
LST-3322,PRP-3483,AGT-0245,1802900.0,2023-07-15,2023-09-28,Pending,253.0,Just country far international.
LST-3332,PRP-0384,AGT-0049,1957700.0,2022-07-30,2022-09-09,Sold,218.0,Than everything summer five similar ago have piece. Bill drive able artist health draw.
LST-2466,PRP-3736,AGT-0040,1635300.0,2021-09-08,2022-02-23,Sold,92.0,Their voice leader skill organization attorney.
LST-5432,PRP-3586,AGT-0080,1353900.0,2023-07-11,2023-12-24,Sold,293.0,Several relationship voice prepare. Somebody recent growth rather hundred building.
LST-5266,PRP-1499,AGT-0281,346300.0,2024-03-27,2024-05-11,Sold,76.0,Within rest role share interesting green resource. Open ago require service we ground.
LST-1556,PRP-3896,AGT-0104,1480600.0,2023-10-12,2024-01-10,Sold,295.0,Upon newspaper tend house cold for economic. Fact surface window boy ability.
LST-0156,PRP-4232,AGT-0189,2381400.0,2021-01-30,2021-05-26,Sold,249.0,Choose here attorney.
LST-4876,PRP-2134,AGT-0255,557100.0,2021-03-28,2021-05-14,Sold,280.0,Either level act bill field. Several stop spring social whole agency.
LST-0336,PRP-3271,AGT-0292,633400.0,2022-06-18,2022-08-19,Sold,50.0,Site rock course move thousand.
LST-1907,PRP-0361,AGT-0130,2009000.0,2023-06-18,2023-08-03,Active,64.0,Anyone apply less doctor officer very peace up. Conference certainly play whose.
LST-5231,PRP-0240,AGT-0246,266500.0,2023-05-11,2023-09-17,Sold,22.0,Boy mission smile standard enough fire herself.
LST-5852,PRP-2943,AGT-0137,832700.0,2021-03-18,2021-07-02,Withdrawn,331.0,Tend drive group recent friend successful skill. I else page again stock.
LST-4791,PRP-1186,AGT-0237,196300.0,2020-08-03,2020-12-14,Withdrawn,61.0,Woman gas national along perhaps why. Red really keep poor too address.
LST-2562,PRP-1455,AGT-0147,2152500.0,2024-04-29,2024-06-03,Active,195.0,Move seek wrong chance.
LST-2263,PRP-0393,AGT-0148,2424300.0,2020-05-26,2020-10-09,Sold,256.0,Lay market movement budget form least.
LST-4713,PRP-4559,AGT-0074,2210700.0,2020-12-08,2021-04-10,Active,196.0,Real region even soon strong.
LST-1331,PRP-4808,AGT-0122,1061800.0,2023-11-27,2023-12-27,Expired,65.0,After food entire security professional compare window above. Help send necessary wrong why specific.
LST-0430,PRP-0637,AGT-0002,1197100.0,2020-12-16,2021-06-13,Active,325.0,Say front discussion lose himself hospital top. Stuff agreement TV tend book put.
LST-0108,PRP-0953,AGT-0246,2494900.0,2021-10-25,2022-03-23,Sold,349.0,Look join piece modern far open.
LST-3921,PRP-0719,AGT-0290,537100.0,2021-05-26,2021-07-10,Sold,141.0,Billion dark head help range black response whatever.
LST-4650,PRP-2081,AGT-0176,961600.0,2020-12-19,2021-02-15,Active,327.0,Box beyond food hit field somebody. Really project nature bank whom six yourself.
LST-0599,PRP-4866,AGT-0180,2729100.0,2021-01-30,2021-06-06,Sold,252.0,Size one her few into citizen. Happen quality police always nearly civil.
LST-1605,PRP-3649,AGT-0272,623000.0,2021-09-04,2022-02-10,Withdrawn,329.0,Source bit culture personal third hospital.
LST-4926,PRP-0303,AGT-0007,158900.0,2024-03-04,2024-06-09,Sold,353.0,Candidate cup collection certain compare. True campaign important anything month.
LST-4230,PRP-1704,AGT-0099,2095200.0,2022-09-19,2023-01-06,Withdrawn,47.0,People right imagine.
LST-2085,PRP-1064,AGT-0141,680100.0,2020-09-24,2021-01-01,Expired,103.0,Sign conference or up never wonder. Last thousand account popular.
