location_id,street_address,city,state,zip_code,county,latitude,longitude,metro_area
LOC-0001,3136 Nicholas Forges,Arlington,TX,53583,Jones County,33.102878,-104.702806,Dallas-Fort Worth Metro
LOC-0002,62397 Paul Dale Suite 354,Elizabeth,NJ,72722,Harris County,43.664447,-120.403269,New York Metro
LOC-0003,90421 Ellis Extension,aurora,IL,36144,Wolf County,32.258704,-106.325675,Chicago Metro
LOC-0004,9292 Christopher Walks,columbus,GA,94790,Boyd County,33.210406,-79.492031,Atlanta Metro
LOC-0005,774 Jessica Street,Arlington,TX,62431,Salas County,45.576662,-101.961248,Dallas-Fort Worth Metro
LOC-0006,6939 Robin Avenue,Columbus,GA,78062,Butler County,26.900065,-99.803519,Atlanta Metro
LOC-0007,78068 Mendoza Union,Fort Lauderdale,FL,23447-5843,Horton County,32.049405,-89.650567,Miami Metro
LOC-0008,7318 Heather Lodge,erie,PA,56210,Dodson County,35.003632,-87.550249,Philadelphia Metro
LOC-0009,4310 Caldwell Estates,Woodbridge,NJ,77251,Warner County,40.626444,-69.691004,New York Metro
LOC-0010,7262 Sims Squares,vancouver,WA,18812,Schultz County,39.838746,-103.357417,Seattle Metro
LOC-0011,5804 Mullins Square,Naples,FL,58623,Shah County,42.550943,-91.286459,Miami Metro
LOC-0012,195 Zachary Spring,Paterson,NJ,2486,Cox County,29.279105,-94.488519,New York Metro
LOC-0013,65790 Richardson Rue,Tacoma,WA,38124,Hansen County,31.568268,-71.760702,Seattle Metro
LOC-0014,325 Amber Run,Phoenix,AZ,68341,Mendoza County,43.641804,-68.84901,Phoenix Metro
LOC-0015,355 Gordon Manors,Virginia Beach,VA,48058,Ramirez County,44.581327,-83.426881,Washington DC Metro
LOC-0016,5778 Theodore Place,Tacoma,WA,25907,Gregory County,43.21751,-110.506037,Seattle Metro
LOC-0017,9513 Miller Lock Apt. 411,Warren,MI,82305,Martin County,45.337668,-120.252358,Detroit Metro
LOC-0018,272 Abigail Road,Athens,GA,63665,Johnson County,26.696266,-68.574355,Atlanta Metro
LOC-0019,827 Fisher Street Apt. 431,Edison,NJ,82260,Johnson County,29.185152,-68.922917,New York Metro
LOC-0020,569 Rios Turnpike,Oakland,CA,30056,Nguyen County,28.72524,-70.719943,Los Angeles Metro
LOC-0021,4924 Kristina Forks Suite 540,Greensboro,NC,42847,Hernandez County,46.996087,-108.356291,Charlotte Metro
LOC-0022,2928 White Extensions Apt. 231,Fort Worth,TX,87569,Williams County,28.546468,-86.452226,Dallas-Fort Worth Metro
LOC-0023,274 Lopez Points Apt. 552,scottsdale,AZ,13718-5336,Watson County,39.975989,-80.283337,Phoenix Metro
LOC-0024,410 Velazquez Trafficway,Sandy Springs,GA,94136,Thomas County,36.107731,-78.132775,Atlanta Metro
LOC-0025,2088 Holland Hill Suite 492,EL PASO,TX,67619,Marsh County,35.68217,-104.609024,Dallas-Fort Worth Metro
LOC-0026,1702 Kyle Locks Apt. 751,Scranton,PA,55268,Nguyen County,28.007621,-102.879209,Philadelphia Metro
LOC-0027,834 Andrew Plain,Atlanta,GA,42495,Atkinson County,26.163922,-70.113061,Atlanta Metro
LOC-0028,637 Morrison Pass,Tucson,AZ,85718,Harding County,29.366184,-114.917483,Phoenix Metro
LOC-0029,2656 Smith Key Suite 478,Aurora,CO,21802,Miller County,36.625223,-68.898862,Denver Metro
LOC-0030,674 Linda Manors Suite 299,San Diego,CA,95755,Miller County,31.572213,-123.533888,Los Angeles Metro
LOC-0031,7851 Davis Lodge,Springfield,IL,62855,Fowler County,34.213377,-91.493946,Chicago Metro
LOC-0032,2879 James Village Suite 487,San Antonio,TX,82070,Williams County,47.749086,-85.217278,Dallas-Fort Worth Metro
LOC-0033,478 Walker Turnpike Apt. 244,Cincinnati,OH,54444,Blanchard County,33.408947,-115.776761,Columbus Metro
LOC-0034,46273 David Harbor Suite 195,los angeles,CA,53652,Perkins County,36.944652,-115.510382,Los Angeles Metro
LOC-0035,7158 Megan Estates Apt. 257,Lakewood,CO,61505,Johns County,42.004345,-106.943642,Denver Metro
LOC-0036,2045 Fields Knolls,Durham,NC,49294,Williams County,25.38265,-105.119343,Charlotte Metro
LOC-0037,183 Kathy Rapid Apt. 855,Peoria,IL,9247,Serrano County,35.915575,-68.87697,Chicago Metro
LOC-0038,5189 Morrow Bridge Apt. 845,Grand Rapids,MI,86483,Maxwell County,37.057344,-82.892578,Detroit Metro
LOC-0039,2132 Marie Underpass Apt. 671,Glendale,AZ,85047,Wilson County,27.527597,-122.92057,Phoenix Metro
LOC-0040,75452 Preston Ranch,Norfolk,VA,90147,Mills County,45.074807,-82.057276,Washington DC Metro
LOC-0041,40132 Hailey Inlet Apt. 321,Syracuse,NY,96799,Coleman County,33.66697,-69.468927,New York Metro
LOC-0042,07603 Antonio Shoals,Greensboro,NC,99226,Palmer County,40.946206,-89.225635,Charlotte Metro
LOC-0043,1401 Contreras Throughway,Greensboro,NC,49008,Davis County,41.212722,-84.656325,Charlotte Metro
LOC-0044,393 Ellen Burgs,Cary,NC,47721,Davis County,40.562312,-102.357431,Charlotte Metro
LOC-0045,552 William Cliff Apt. 908,Redmond,WA,15513,Robinson County,41.42525,-104.25728,Seattle Metro
LOC-0046,2801 Samantha Vista,Augusta,GA,80592,Zimmerman County,37.926414,-108.517576,Atlanta Metro
LOC-0047,927 Henry Knoll Suite 638,BUFFALO,NY,79604,Perez County,30.355241,-118.288716,New York Metro
LOC-0048,1718 Tyler Lake,Lakewood,NJ,82135,Bush County,28.632645,-86.785111,New York Metro
LOC-0049,57164 Burke Inlet,Jersey City,NJ,47649,Mcdaniel County,39.855652,-72.247593,New York Metro
LOC-0050,86463 Patricia Unions Suite 520,Fayetteville,NC,14888,Lutz County,29.02649,-73.712037,Charlotte Metro
LOC-0051,167 David Locks Suite 912,Chandler,AZ,34420,Brown County,47.129022,,Phoenix Metro
LOC-0052,3961 Mary Stream,Ann  Arbor,MI,53914,Porter County,47.749288,-93.031872,Detroit Metro
LOC-0053,657 Archer Pass Suite 271,Scottsdale,AZ,35272,Martinez County,32.605734,-82.326204,Phoenix Metro
LOC-0054,3201 Maria Parks Apt. 269,Fresno,CA,48669,Shelton County,42.417503,-113.99679,Los Angeles Metro
LOC-0055,9911 Sparks Flats,Chandler,AZ,21368,Carter County,27.193857,-68.043944,Phoenix Metro
LOC-0056,8485 Stephanie Bypass Suite 167,San Diego,CA,68554,Edwards County,46.942801,,Los Angeles Metro
LOC-0057,7002 Dyer Expressway Suite 624,Paterson,NJ,18142,Baldwin County,35.704085,-114.896141,New York Metro
LOC-0058,97889 Alvarez Walk Apt. 806,Thornton,CO,25389,Baker County,46.634619,-103.049998,Denver Metro
LOC-0059,545 Anthony Cape Apt. 559,Augusta,GA,89395,Johnson County,41.144637,-71.970577,Atlanta Metro
LOC-0060,1655 Bell Shore Apt. 334,Tucson,AZ,99173,Watkins County,45.082106,-119.333393,Phoenix Metro
LOC-0061,1520 Johnson Shoals,Fort  Worth,TX,81781,Boyer County,29.649606,-93.410371,Dallas-Fort Worth Metro
LOC-0062,0790 Gray Loaf Suite 917,Atlanta,GA,86434,Garcia County,45.674455,-98.607487,Atlanta Metro
LOC-0063,7852 Cox Mews,Toledo,OH,83242,Harris County,43.559053,-82.773035,Columbus Metro
LOC-0064,344 Kenneth Ports,Norfolk,VA,15936,Morales County,41.108852,-93.15368,Washington DC Metro
LOC-0065,191 Nelson Port,fort collins,CO,63591,Solis County,28.114864,-87.433075,Denver Metro
LOC-0066,3514 Reynolds Plains Suite 366,Erie,PA,59479,King County,40.702798,-86.277825,Philadelphia Metro
LOC-0067,820 Barbara Forest Suite 489,Philadelphia,PA,80419,Farrell County,27.928983,-68.212711,Philadelphia Metro
LOC-0068,083 Ford Garden Apt. 466,Joliet,IL,81361,Flores County,33.723359,-110.909148,Chicago Metro
LOC-0069,364 Lucas Glens,Yonkers,NY,14222,Mcdaniel County,34.642534,,New York Metro
LOC-0070,3123 John Views,New  York,NY,14400,Collins County,40.456544,-74.283892,New York Metro
LOC-0071,660 Erik Dale Apt. 448,Augusta,GA,17398,Thompson County,47.850119,-110.652794,Atlanta Metro
LOC-0072,700 Lee Hills,Ann Arbor,MI,52030,Camacho County,45.153941,-67.815353,Detroit Metro
LOC-0073,1623 Ashley Parkway Apt. 898,Chicago,IL,87550,King County,45.966286,-88.318391,Chicago Metro
LOC-0074,91559 Shaffer Summit,Scranton,PA,78742,Young County,34.575467,-115.494596,Philadelphia Metro
LOC-0075,21234 Ortiz Wall Apt. 785,Augusta,GA,49418,Lyons County,28.32009,-97.607566,Atlanta Metro
LOC-0076,8673 Suarez Drive,Akron,OH,60910,Cox County,29.676745,-87.137766,Columbus Metro
LOC-0077,0900 Johnny Lights Suite 518,Fort Worth,TX,3496,Camacho County,33.674863,-89.516742,Dallas-Fort Worth Metro
LOC-0078,0644 Sharon Throughway Apt. 432,Redmond,WA,98008,Moon County,36.026067,-74.43999,Seattle Metro
LOC-0079,604 Madeline Overpass Suite 656,San Francisco,CA,25376,Mcdowell County,42.349607,-71.876846,Los Angeles Metro
LOC-0080,48156 Chavez Burgs,Cleveland,OH,47101,Gill County,37.273953,-103.522205,Columbus Metro
LOC-0081,720 Gonzalez Inlet,SAVANNAH,GA,71537,Edwards County,32.365366,-112.421733,Atlanta Metro
LOC-0082,23829 Sparks Island,Tucson,AZ,12125,Hayes County,46.49944,-90.988853,Phoenix Metro
LOC-0083,2954 Christopher Land,Pittsburgh,PA,42208,White County,40.055983,-84.963743,Philadelphia Metro
LOC-0084,300 Rebecca Mountain Apt. 420,Alexandria,VA,70401,Morales County,43.284437,-114.351854,Washington DC Metro
LOC-0085,421 Jackson Port Apt. 086,Lakewood,CO,17698,Ayala County,44.298575,-119.763167,Denver Metro
LOC-0086,713 James Wall Suite 476,Sacramento,CA,92667,Anderson County,41.2649,-123.478937,Los Angeles Metro
LOC-0087,343 White Turnpike,Lansing,MI,90808,Thomas County,40.16354,-123.103289,Detroit Metro
LOC-0088,3973 Aguilar Rue Suite 107,San Jose,CA,80220,Anderson County,25.39428,-77.650038,Los Angeles Metro
LOC-0089,636 Fitzgerald Glens Apt. 180,Colorado  Springs,CO,22624,Williams County,30.542283,-88.672492,Denver Metro
LOC-0090,5990 Jon River,VANCOUVER,WA,63218,James County,30.593782,-84.25753,Seattle Metro
LOC-0091,528 Beverly Green Apt. 875,El Paso,TX,95182,Humphrey County,27.150512,-102.381951,Dallas-Fort Worth Metro
LOC-0092,58624 Lawrence Crossroad,Fresno,CA,75517,Porter County,39.832867,-105.117575,Los Angeles Metro
LOC-0093,564 Austin Trace Suite 856,Lakewood,CO,40115,Stafford County,44.966688,-73.409404,Denver Metro
LOC-0094,728 Brown Drive Apt. 320,El Paso,TX,81176,Harrison County,25.756741,-71.060317,Dallas-Fort Worth Metro
LOC-0095,761 Williams Knolls,Grand Rapids,MI,62205,Zhang County,31.883368,-91.854383,Detroit Metro
LOC-0096,7121 Davis Ways Suite 228,Edison,NJ,28343,Carson County,40.854142,-119.529622,New York Metro
LOC-0097,089 Robert Club,San Antonio,TX,19963,Sanchez County,42.68713,-69.573071,Dallas-Fort Worth Metro
LOC-0098,150 Maldonado Springs Apt. 659,Fresno,CA,69054,Hickman County,33.183658,-70.354858,Los Angeles Metro
LOC-0099,2017 Gibson Grove,ELIZABETH,NJ,91083,Wheeler County,30.668345,-119.810119,New York Metro
LOC-0100,0975 Jason Causeway,Kirkland,WA,61068,Solis County,27.450671,-123.703872,Seattle Metro
LOC-0101,0189 Davis Glens Apt. 361,Chicago,IL,34561,Smith County,37.810656,-94.790872,Chicago Metro
LOC-0102,66421 Henry Meadows,Charlotte,NC,52523,Fitzgerald County,25.283834,-100.412826,Charlotte Metro
LOC-0103,925 Marilyn Passage Apt. 776,Raleigh,NC,32227,Alvarez County,28.89854,-108.671619,Charlotte Metro
LOC-0104,65926 Davis Passage Suite 732,Jacksonville,FL,49289,Arias County,26.769191,-109.653115,Miami Metro
LOC-0105,7617 Hernandez Crossroad,Ann Arbor,MI,24021,Sutton County,25.155649,-101.445557,Detroit Metro
LOC-0106,86490 Samantha Passage Apt. 866,Mesa,AZ,66441,Davis County,44.768695,-68.469154,Phoenix Metro
LOC-0107,4918 Daniel Shore Suite 226,Norfolk,VA,33283,Williams County,47.28068,-107.387455,Washington DC Metro
LOC-0108,459 Todd Mission Suite 523,Flint,MI,59290,Lopez County,43.07493,-103.194114,Detroit Metro
LOC-0109,168 Adam Crescent Apt. 277,Raleigh,NC,8210,Holt County,41.725907,-70.25043,Charlotte Metro
LOC-0110,9956 Miller Dale Apt. 310,GLENDALE,AZ,63627,Horton County,28.20112,-106.738539,Phoenix Metro
LOC-0111,37236 Christopher Trail,Parma,OH,68860,Ford County,36.022398,-101.154109,Columbus Metro
LOC-0112,0122 Maynard Mountains Apt. 793,Richmond,VA,57124,Harris County,43.68283,-90.152263,Washington DC Metro
LOC-0113,50166 Mclaughlin Ranch Suite 076,Yonkers,NY,31802,Tucker County,26.018824,-67.934332,New York Metro
LOC-0114,08069 Tran Grove Suite 717,Tacoma,WA,N/A,Dean County,27.267951,-111.345938,Seattle Metro
LOC-0115,6024 Taylor Mill Apt. 839,Newport News,VA,59036,Stout County,42.763871,-90.450372,Washington DC Metro
LOC-0116,724 Moyer Village Suite 729,Sacramento,CA,64522,Clark County,26.97466,-76.614889,Los Angeles Metro
LOC-0117,722 Eric Overpass,Erie,PA,78303,Garcia County,35.951738,-99.024542,Philadelphia Metro
LOC-0118,4338 Yvette Knolls Suite 522,Chicago,IL,2508,Clayton County,32.890793,-117.766327,Chicago Metro
LOC-0119,56193 Anna Oval,Norfolk,VA,82339,Scott County,37.876526,-69.367631,Washington DC Metro
LOC-0120,0842 Jasmine Mill Suite 119,Orlando,FL,66640,Lynch County,41.959932,-73.66345,Miami Metro
LOC-0121,081 Crystal Ways,Fresno,CA,46483,Harris County,43.600785,-120.433866,Los Angeles Metro
LOC-0122,47871 Deborah Isle Apt. 137,Tampa,FL,N/A,Montes County,40.426133,-96.099413,Miami Metro
LOC-0123,75482 Joseph Stravenue,Akron,OH,24972,Fischer County,44.446909,-88.810327,Columbus Metro
LOC-0124,328 Cobb Dam Suite 667,Rockford,IL,98094,Crane County,27.710818,-106.59334,Chicago Metro
LOC-0125,72081 Matthew Locks Apt. 606,Durham,NC,28070,Malone County,34.729892,-96.259798,Charlotte Metro
LOC-0126,084 Morales Springs,Colorado Springs,CO,74178,Haynes County,29.303267,-76.006843,Denver Metro
LOC-0127,550 Mccullough Ridge Apt. 673,Sacramento,CA,60324,Clay County,36.625074,-95.786719,Los Angeles Metro
LOC-0128,563 Miller Plain Suite 628,Chandler,AZ,20835,Braun County,43.30526,-111.429818,Phoenix Metro
LOC-0129,18848 Sherman Estate Apt. 089,Aurora,IL,84140,Green County,42.61615,-92.665607,Chicago Metro
LOC-0130,681 Mckenzie Green Suite 101,Bellevue,WA,58085,West County,42.406084,-80.679765,Seattle Metro
LOC-0131,5399 Michael Haven,Columbus,OH,95678,Estrada County,31.847306,-67.039178,Columbus Metro
LOC-0132,683 Mark Prairie,Phoenix,AZ,25386,Lee County,30.449759,-77.789945,Phoenix Metro
LOC-0133,1266 Christopher Manors Apt. 737,Newport News,VA,31755,Miller County,43.051534,-77.628798,Washington DC Metro
LOC-0134,886 Silva Roads Suite 776,Greensboro,NC,32069,Colon County,41.193237,-107.508005,Charlotte Metro
LOC-0135,277 Tammy Passage,Thornton,CO,27771,Boyer County,43.070894,-71.630183,Denver Metro
LOC-0136,377 Julie Points,Naples,FL,42725,Wood County,32.408224,-109.88938,Miami Metro
LOC-0137,611 Armstrong Canyon,Fort Lauderdale,FL,92288,Mills County,35.39581,-87.883217,Miami Metro
LOC-0138,4544 Johnson Divide,Fayetteville,NC,58374,Thomas County,36.225023,-90.828534,Charlotte Metro
LOC-0139,44327 David Keys Apt. 067,El Paso,TX,93209,Berry County,33.239123,-120.390151,Dallas-Fort Worth Metro
LOC-0140,6792 William Mount Suite 725,Parma,OH,45197,Davis County,31.522641,-92.803299,Columbus Metro
LOC-0141,3658 Susan Mills Suite 120,Tacoma,WA,1634,Armstrong County,,-76.307976,Seattle Metro
LOC-0142,181 Stephanie Plains Apt. 983,Jacksonville,FL,66072,Christensen County,40.837613,-116.480954,Miami Metro
LOC-0143,82043 Maria Villages,AURORA,CO,57242,Clay County,33.552407,-72.483385,Denver Metro
LOC-0144,89569 Travis Brooks Suite 626,Springfield,IL,40689,Johnson County,27.097581,-118.57453,Chicago Metro
LOC-0145,4111 Justin Falls Suite 124,Grand Rapids,MI,6833,Farley County,40.998733,-77.424785,Detroit Metro
LOC-0146,95200 Price Island,JACKSONVILLE,FL,60209-2678,Thomas County,27.373635,-103.048984,Miami Metro
LOC-0147,6103 Karen Radial Apt. 788,Tempe,AZ,94092,Cruz County,,-93.761028,Phoenix Metro
LOC-0148,0578 Jones Burgs,Columbus,GA,92323,Russell County,46.157565,-88.883667,Atlanta Metro
LOC-0149,48913 Kevin Lodge,Denver,CO,26142,Griffin County,33.832734,-69.094823,Denver Metro
LOC-0150,58238 Ali Point,SPRINGFIELD,IL,82534,Hayes County,41.587132,-107.759514,Chicago Metro
LOC-0151,9420 Sarah Orchard,Glendale,AZ,36928,Nelson County,36.719019,-81.372912,Phoenix Metro
LOC-0152,653 Williams Streets Apt. 416,Arvada,CO,74865,Hale County,30.54488,-87.629307,Denver Metro
LOC-0153,846 Cheryl Unions,San Diego,CA,27299,Flores County,44.296386,-100.010779,Los Angeles Metro
LOC-0154,474 Eileen Islands Suite 379,MACON,GA,86986-5295,Murphy County,29.962088,-71.412981,Atlanta Metro
LOC-0155,097 Rachel Spring,Springfield,IL,64451,Thompson County,34.25238,-87.489375,Chicago Metro
LOC-0156,8118 Patricia Via Suite 156,AUSTIN,TX,36633,Carey County,28.573674,-105.375233,Dallas-Fort Worth Metro
LOC-0157,2017 Mayer Mills Apt. 304,Woodbridge,NJ,50654,Becker County,41.789043,-75.751317,New York Metro
LOC-0158,19433 Coffey Camp Suite 793,Columbus,OH,8980,Smith County,40.31983,,Columbus Metro
LOC-0159,49872 Donna Port Apt. 192,naples,FL,75065,Reese County,37.029123,-79.369735,Miami Metro
LOC-0160,9384 Melanie Brooks,Naples,FL,45227,Braun County,27.715305,-72.705847,Miami Metro
LOC-0161,870 Davidson Run Apt. 566,Charlotte,NC,85582,Hill County,36.411394,-94.885433,Charlotte Metro
LOC-0162,5803 Joshua Manor Suite 506,Tampa,FL,23487,Lee County,40.50477,,Miami Metro
LOC-0163,036 Sally Flat,tempe,AZ,16026,Martin County,33.808528,-115.445174,Phoenix Metro
LOC-0164,10760 Pittman Gateway Apt. 735,Cary,NC,95944,Wall County,32.401446,-100.273374,Charlotte Metro
LOC-0165,319 Duran Road Suite 911,Fort Worth,TX,75803,Villegas County,26.211459,-111.278452,Dallas-Fort Worth Metro
LOC-0166,5120 Brown Ridge,Columbus,OH,47002,Sims County,32.146049,-119.076025,Columbus Metro
LOC-0167,08046 Davis Terrace,Rockford,IL,91620,Jenkins County,33.470293,-68.604109,Chicago Metro
LOC-0168,6769 Matthew Spring,Newport News,VA,42129,Logan County,46.445143,-122.637115,Washington DC Metro
LOC-0169,593 Curtis Ranch Apt. 939,Virginia Beach,VA,10191,Martinez County,33.654321,-81.929288,Washington DC Metro
LOC-0170,6797 John Union Apt. 024,Albany,NY,17850,Silva County,28.27459,-108.04996,New York Metro
LOC-0171,9822 Parker Junctions Suite 508,Scottsdale,AZ,58823,Willis County,42.201686,-90.896074,Phoenix Metro
LOC-0172,38806 Gonzalez Flats,Columbus,OH,18163,Davidson County,47.17702,-110.504011,Columbus Metro
LOC-0173,53779 Christian Port,Vancouver,WA,52762,Mccarty County,31.254985,-119.742816,Seattle Metro
LOC-0174,5217 Tyler Alley Apt. 379,Detroit,MI,31544,Lewis County,32.222766,-117.118006,Detroit Metro
LOC-0175,563 Lopez Avenue Suite 015,Columbus,GA,25717-5984,Johnson County,44.006894,-84.277955,Atlanta Metro
LOC-0176,47395 Theresa Flat,PITTSBURGH,PA,42534,Gonzalez County,34.113623,-121.209815,Philadelphia Metro
LOC-0177,42583 James Fall,Miami,FL,69270,Cameron County,37.652781,-118.600659,Miami Metro
LOC-0178,26153 Bryant Land,HOUSTON,TX,39135,Pacheco County,43.944489,-102.782335,Dallas-Fort Worth Metro
LOC-0179,961 Drew Curve,Ann Arbor,MI,1982,Norton County,26.482857,-72.557723,Detroit Metro
LOC-0180,655 Rowland Gardens,Arvada,CO,53456,Mccall County,46.672455,-121.113651,Denver Metro
LOC-0181,425 Brian Underpass,Richmond,VA,60165,Ramirez County,28.974566,-111.761182,Washington DC Metro
LOC-0182,973 Kristen Turnpike,colorado springs,CO,91156,Alvarado County,39.887403,-95.563178,Denver Metro
LOC-0183,86857 White Station,Austin,TX,64949,Brooks County,45.347008,-94.028599,Dallas-Fort Worth Metro
LOC-0184,774 Little Turnpike Apt. 333,Seattle,WA,57069,Hayes County,42.973007,-104.390055,Seattle Metro
LOC-0185,3466 Selena Landing,aurora,IL,88265,Scott County,45.60259,-79.623318,Chicago Metro
LOC-0186,14785 Brandy Mountain,Greensboro,NC,40508,Hunt County,27.30309,-86.558728,Charlotte Metro
LOC-0187,7766 Ballard Island Suite 602,THORNTON,CO,38758,Alexander County,47.601287,-101.859916,Denver Metro
LOC-0188,151 Kirby Passage Apt. 431,Orlando,FL,51681,Wilson County,41.045411,-71.90314,Miami Metro
LOC-0189,83535 Turner Via Suite 392,Ann  Arbor,MI,34672,Murillo County,43.639227,-68.687901,Detroit Metro
LOC-0190,44566 Thomas Passage Apt. 633,LOS ANGELES,CA,88861,Cummings County,37.108316,-123.961041,Los Angeles Metro
LOC-0191,3898 Sharp Mountain,Tampa,FL,5241,Peterson County,28.397376,-83.832309,Miami Metro
LOC-0192,3663 Cole Point,Cary,NC,19506,Johnson County,46.664234,-101.451053,Charlotte Metro
LOC-0193,240 Cochran Village,Orlando,FL,67261,Gomez County,47.095228,-86.996725,Miami Metro
LOC-0194,6684 Matthews Port,Newport News,VA,39260,Floyd County,43.732447,-102.432106,Washington DC Metro
LOC-0195,59999 Baird Ford,naples,FL,85082,Fry County,47.868512,-68.984515,Miami Metro
LOC-0196,637 Mark Mission,Arvada,CO,38953,Fowler County,27.394535,-95.717452,Denver Metro
LOC-0197,21820 Johnson Flat Apt. 643,Allentown,PA,21629,Hall County,40.410565,,Philadelphia Metro
LOC-0198,0580 Mark Loop,Buffalo,NY,55938,Myers County,27.484796,-123.926974,New York Metro
LOC-0199,86716 David Ford,Jacksonville,FL,59638,Collins County,33.632994,-76.758002,Miami Metro
LOC-0200,99493 Hill Avenue Apt. 716,Kirkland,WA,69151-1547,Jacobs County,31.782898,-105.833136,Seattle Metro
LOC-0201,597 Ford Canyon,Jacksonville,FL,19830,Mclaughlin County,45.656856,-118.693033,Miami Metro
LOC-0202,754 Austin Valleys Apt. 632,sandy springs,GA,95673,Yoder County,45.464325,-115.045085,Atlanta Metro
LOC-0203,6291 Hale Cape Apt. 248,Albany,NY,80795,Carter County,31.475031,-110.459748,New York Metro
LOC-0204,376 Wanda Club,Chandler,AZ,5729,Campos County,27.015452,-77.037853,Phoenix Metro
LOC-0205,7243 Steven Cliffs Suite 656,Houston,TX,93648,Foley County,26.88453,-75.905163,Dallas-Fort Worth Metro
LOC-0206,04125 Washington Cliff Apt. 837,Sandy Springs,GA,94130,Taylor County,29.252268,-73.526917,Atlanta Metro
LOC-0207,20912 Martinez Streets Suite 210,Joliet,IL,39654,Byrd County,37.977672,-115.385552,Chicago Metro
LOC-0208,5230 Scott Causeway,Paterson,NJ,64262,Copeland County,38.563708,-92.444691,New York Metro
LOC-0209,4709 Brandon Lane,Akron,OH,72236,Wang County,30.419766,-106.96543,Columbus Metro
LOC-0210,3310 Johnson Bridge,San Jose,CA,77740,Rogers County,40.583302,-88.644432,Los Angeles Metro
LOC-0211,131 Jennifer Cape,Orlando,FL,35260,Perry County,34.737623,-67.668044,Miami Metro
LOC-0212,5839 Sarah Locks,Jersey City,NJ,43801,Mcmillan County,41.723369,-77.981411,New York Metro
LOC-0213,31552 Richard Island,Greensboro,NC,78116,Smith County,45.089724,-79.166614,Charlotte Metro
LOC-0214,3149 Williams Forge,Columbus,OH,29424,Jenkins County,38.401573,-69.004595,Columbus Metro
LOC-0215,89241 Jarvis Square Suite 252,Seattle,WA,80206,Reid County,45.191552,-108.944212,Seattle Metro
LOC-0216,715 Charlotte Prairie Suite 683,Atlanta,GA,62818,Gordon County,38.999071,-84.461309,Atlanta Metro
LOC-0217,09143 Todd River,Scranton,PA,72287,Miller County,45.631721,-122.846725,Philadelphia Metro
LOC-0218,7432 Harris Camp,Peoria,IL,99764-4734,Young County,28.090867,-68.469493,Chicago Metro
LOC-0219,524 Schneider Trace Apt. 864,Springfield,IL,94614-8237,Christensen County,29.861982,-77.033742,Chicago Metro
LOC-0220,553 Amber Shores,Mesa,AZ,77537,Mcneil County,26.50919,-83.554544,Phoenix Metro
LOC-0221,685 Scott Avenue,winston-salem,NC,35265,Brown County,29.616716,-120.715232,Charlotte Metro
LOC-0222,30232 Glenn Plaza Apt. 381,Scranton,PA,58280,Simmons County,36.617907,-87.781641,Philadelphia Metro
LOC-0223,2336 Catherine Hollow Suite 973,Erie,PA,33276,Nelson County,35.915393,-92.573978,Philadelphia Metro
LOC-0224,56627 Henderson Ridge Suite 270,Springfield,IL,21847,Gill County,33.89101,-114.714278,Chicago Metro
LOC-0225,49828 Jonathan Mountain Suite 746,Tucson,AZ,98826,Hart County,39.986509,-94.74297,Phoenix Metro
LOC-0226,52732 Adam Wall Suite 766,Newark,NJ,27342,Bentley County,38.826265,-123.517568,New York Metro
LOC-0227,7491 Dyer Crossing Suite 923,Springfield,IL,94245,Hines County,45.596108,-75.459588,Chicago Metro
LOC-0228,587 Horton Run Suite 633,Springfield,IL,91737,Woods County,27.353178,-94.843718,Chicago Metro
LOC-0229,024 Blackburn Drive Suite 399,Reading,PA,89829,Lynn County,40.741502,-96.54091,Philadelphia Metro
LOC-0230,11669 April Field,Bethlehem,PA,95998,Liu County,45.524597,-106.968907,Philadelphia Metro
LOC-0231,4488 Willis Street,Denver,CO,88647,Jenkins County,32.350472,-116.024018,Denver Metro
LOC-0232,95243 Hale Avenue,Naperville,IL,63031,Benitez County,25.812337,-83.640069,Chicago Metro
LOC-0233,11686 Quinn Extension Apt. 522,Alexandria,VA,80075,Gonzalez County,35.94191,-70.381927,Washington DC Metro
LOC-0234,179 Jacob Circle,Sarasota,FL,83170,Brady County,27.24487,-116.707184,Miami Metro
LOC-0235,6791 Christopher Corner,Spokane,WA,53992,Gray County,30.111831,-111.270308,Seattle Metro
LOC-0236,50937 Chambers Courts Apt. 040,Aurora,CO,86751,Ortega County,44.577919,-97.179416,Denver Metro
LOC-0237,38069 Frederick Mountains,Detroit,MI,35499,Sherman County,44.952448,-102.244854,Detroit Metro
LOC-0238,5553 Ortega Lane Apt. 551,Tucson,AZ,36253,Smith County,47.705407,-73.107828,Phoenix Metro
LOC-0239,209 Misty Harbors Apt. 579,Glendale,AZ,20592,Parks County,39.513754,,Phoenix Metro
LOC-0240,630 Smith Lake Apt. 573,Aurora,IL,32099,Lawson County,28.644008,-79.242978,Chicago Metro
LOC-0241,915 Crosby Mountains Apt. 649,Dayton,OH,66233,Lee County,33.816278,-121.849657,Columbus Metro
LOC-0242,980 Tyler Corners,San Diego,CA,79603,Turner County,40.565207,-88.278845,Los Angeles Metro
LOC-0243,71783 Jason Terrace Apt. 160,Allentown,PA,60272,Martin County,32.040647,-120.27864,Philadelphia Metro
LOC-0244,4347 Elizabeth Place Suite 153,Sandy Springs,GA,78697,Huynh County,45.423403,-67.258073,Atlanta Metro
LOC-0245,566 Stokes Fork,Bethlehem,PA,6287,Green County,30.159391,-67.861867,Philadelphia Metro
LOC-0246,11593 Ashley Crossroad Suite 690,Raleigh,NC,95267,Collins County,33.629426,-87.501698,Charlotte Metro
LOC-0247,6552 Daniel Branch,Detroit,MI,95664,Medina County,26.109406,-117.39998,Detroit Metro
LOC-0248,2437 Hernandez Haven Apt. 095,Joliet,IL,36934,Parker County,39.497161,-106.836362,Chicago Metro
LOC-0249,9737 Padilla Lane,Rockford,IL,27978,Brown County,45.668304,-94.839667,Chicago Metro
LOC-0250,33027 Evans Via Apt. 086,Seattle,WA,89823,Rogers County,31.04886,-94.180672,Seattle Metro
LOC-0251,6618 Campbell Fields Suite 125,aurora,IL,75058,Goodwin County,40.82869,,Chicago Metro
LOC-0252,472 Scott Orchard,Houston,TX,97690,Carter County,46.837258,-79.567005,Dallas-Fort Worth Metro
LOC-0253,33059 Erika Walks,Aurora,CO,69867,Hernandez County,31.80851,-97.536191,Denver Metro
LOC-0254,201 Mccann Fall Apt. 185,Oakland,CA,98705,Watkins County,41.986425,-118.585087,Los Angeles Metro
LOC-0255,630 John Overpass,Tucson,AZ,32349,Turner County,45.574135,-69.559918,Phoenix Metro
LOC-0256,617 Hill Shoal,Bethlehem,PA,24920,Wallace County,47.133128,-108.505514,Philadelphia Metro
LOC-0257,11178 Andrew Ports,Vancouver,WA,N/A,Archer County,41.011907,-120.657155,Seattle Metro
LOC-0258,1926 Cooke Squares Suite 492,Akron,OH,84572,Garcia County,29.168993,-102.354206,Columbus Metro
LOC-0259,826 Phillip Viaduct,Lakewood,NJ,27125,Herrera County,36.226824,-73.407146,New York Metro
LOC-0260,89813 Henry Rapid Apt. 087,paterson,NJ,98857,Mcbride County,42.103348,-82.744908,New York Metro
LOC-0261,29321 York Bypass,Mesa,AZ,91033-5072,Miller County,36.084383,-86.168493,Phoenix Metro
LOC-0262,458 Rodney Shoals,Scottsdale,AZ,9033,Smith County,39.79817,-115.05514,Phoenix Metro
LOC-0263,84872 Neal Pike Suite 988,TUCSON,AZ,74441,Clark County,32.610581,-108.145044,Phoenix Metro
LOC-0264,030 Donald Walks,Toledo,OH,20332,Wall County,43.42901,-98.458381,Columbus Metro
LOC-0265,839 Ramirez Stream,San Antonio,TX,N/A,Dean County,,-92.243532,Dallas-Fort Worth Metro
LOC-0266,446 Ricardo Corner,Ann Arbor,MI,76628,Duffy County,40.055708,-97.996148,Detroit Metro
LOC-0267,283 Crystal Grove Apt. 598,Tucson,AZ,53512,Jacobs County,39.254433,-97.03138,Phoenix Metro
LOC-0268,56609 Chris Crossing Apt. 861,Houston,TX,3906,Murphy County,33.168197,-87.881313,Dallas-Fort Worth Metro
LOC-0269,5423 Smith Lane,Scranton,PA,31516,Petty County,43.902289,-81.676879,Philadelphia Metro
LOC-0270,1128 Chapman Valley,Buffalo,NY,61497,Burns County,43.964745,-113.13701,New York Metro
LOC-0271,948 Lawson Causeway Apt. 562,Fresno,CA,87176,Reed County,45.51035,-97.928891,Los Angeles Metro
LOC-0272,9240 Diane Divide Suite 940,Atlanta,GA,16366,Sellers County,34.954639,-90.648119,Atlanta Metro
LOC-0273,396 White Knoll Suite 844,Colorado Springs,CO,32760,Cisneros County,27.952781,-101.917882,Denver Metro
LOC-0274,1465 Cynthia Club,Durham,NC,89822,Blair County,42.534617,-108.405035,Charlotte Metro
LOC-0275,90148 Stokes Branch,Macon,GA,64099,Hayden County,45.388048,-94.799207,Atlanta Metro
LOC-0276,827 Robertson Springs Apt. 609,Scranton,PA,82559,Lee County,29.620449,-88.422447,Philadelphia Metro
LOC-0277,685 Virginia Shore,Jersey City,NJ,95208,Tapia County,29.089692,-93.077986,New York Metro
LOC-0278,728 Gregory Lakes,Tacoma,WA,86389,Franco County,40.344616,-100.203758,Seattle Metro
LOC-0279,67625 Matthew Springs Apt. 814,Peoria,IL,11673,Evans County,25.581259,-115.716377,Chicago Metro
LOC-0280,3096 Sandra Row Apt. 797,Redmond,WA,47567,Brown County,28.367853,-120.464129,Seattle Metro
LOC-0281,754 Rodriguez Keys,Charlotte,NC,N/A,Zamora County,44.964814,-81.848929,Charlotte Metro
LOC-0282,5016 Gonzalez Pines,Durham,NC,47701,Robertson County,26.080537,-102.24979,Charlotte Metro
LOC-0283,1702 Perez Locks,Paterson,NJ,1705,Brooks County,30.780846,-88.627983,New York Metro
LOC-0284,2841 Douglas Mill Apt. 256,Tucson,AZ,94886,Smith County,38.532863,-81.908348,Phoenix Metro
LOC-0285,34026 Manning Bypass,Rochester,NY,99477-3847,Martin County,41.906828,-117.196833,New York Metro
LOC-0286,4167 Marsh Station,Aurora,IL,4342,Anderson County,35.725621,-70.562816,Chicago Metro
LOC-0287,621 Laura Crossroad Apt. 580,Detroit,MI,91968,Saunders County,40.223475,-96.038596,Detroit Metro
LOC-0288,56906 Roberts Oval,Kirkland,WA,38830,Miller County,36.973945,-79.18328,Seattle Metro
LOC-0289,92823 Wang Way Suite 363,Columbus,OH,37964,Wells County,32.61453,-107.266262,Columbus Metro
LOC-0290,892 Victoria Ramp,Athens,GA,9510,Fuller County,40.385585,-98.596967,Atlanta Metro
LOC-0291,12604 Sarah Meadow,Grand Rapids,MI,99463,Smith County,33.77157,-78.616225,Detroit Metro
LOC-0292,06684 Jeffrey Meadow,chesapeake,VA,77746,Mendoza County,33.624035,-78.239446,Washington DC Metro
LOC-0293,041 Cox Keys Suite 350,Thornton,CO,77357-2572,White County,28.850081,,Denver Metro
LOC-0294,53474 Ryan Glen,Dallas,TX,37941,Vaughan County,34.756817,-118.076172,Dallas-Fort Worth Metro
LOC-0295,4110 Mark Streets Suite 989,Hampton,VA,19452,Watson County,28.536355,-97.824162,Washington DC Metro
LOC-0296,96112 Blake Shoal Apt. 371,San Francisco,CA,83149-4729,Jones County,45.952691,-100.764932,Los Angeles Metro
LOC-0297,7382 David Manor Suite 855,Philadelphia,PA,25506,West County,39.752723,-88.754087,Philadelphia Metro
LOC-0298,1768 Gary Harbor,HAMPTON,VA,N/A,Horton County,43.098514,-106.82301,Washington DC Metro
LOC-0299,0903 Simpson Place,Savannah,GA,9660,Berg County,28.59544,-111.467654,Atlanta Metro
LOC-0300,78686 Lawson Ford,Scottsdale,AZ,93105,White County,40.577648,-71.892372,Phoenix Metro
LOC-0301,390 Gordon Stravenue,Philadelphia,PA,82754,Warren County,25.960782,-91.35504,Philadelphia Metro
LOC-0302,44812 Brandon Freeway Suite 024,Austin,TX,55069,Ho County,45.829445,-75.466845,Dallas-Fort Worth Metro
LOC-0303,33810 Chen Land Suite 184,Flint,MI,25023,Bowen County,43.392181,-75.421686,Detroit Metro
LOC-0304,450 Madison Forges Suite 240,Durham,NC,19587,Medina County,26.549343,-118.402463,Charlotte Metro
LOC-0305,649 Lisa Forges,Allentown,PA,95914,Nguyen County,31.558154,-120.020894,Philadelphia Metro
LOC-0306,627 Jessica Mews,Reading,PA,86568,Richardson County,38.037824,-77.961113,Philadelphia Metro
LOC-0307,72722 Ashley Stream Apt. 404,Pittsburgh,PA,93995,Martin County,44.322531,-116.344568,Philadelphia Metro
LOC-0308,9312 Ronald Motorway,Savannah,GA,50038,Stout County,27.503151,-87.203559,Atlanta Metro
LOC-0309,82091 Cruz Creek Apt. 023,Tucson,AZ,35746,Carrillo County,45.385724,,Phoenix Metro
LOC-0310,90018 Farrell Corner Apt. 279,fayetteville,NC,86269,Stafford County,42.691606,-111.872641,Charlotte Metro
LOC-0311,5723 Amy Grove,Lakewood,CO,29481,Burton County,30.136053,-79.987744,Denver Metro
LOC-0312,01841 Thomas Fork,Athens,GA,62007,Johnson County,25.243609,-110.383794,Atlanta Metro
LOC-0313,2543 Mcdaniel Stravenue Apt. 721,Jersey City,NJ,28398,Walker County,29.120339,-69.923426,New York Metro
LOC-0314,1951 Mclean Corner Apt. 922,Alexandria,VA,5702,Patterson County,42.513865,-110.790255,Washington DC Metro
LOC-0315,262 Weber Heights Suite 147,Jersey City,NJ,57349,Stanley County,46.111745,-73.751537,New York Metro
LOC-0316,102 Luke Loaf Suite 711,El Paso,TX,93042,Lane County,44.202062,-108.990984,Dallas-Fort Worth Metro
LOC-0317,15226 Flores Manors Suite 695,Elizabeth,NJ,95634,Taylor County,26.790262,-109.659575,New York Metro
LOC-0318,6878 Patel View,Cincinnati,OH,55224,Hall County,36.088532,-89.559974,Columbus Metro
LOC-0319,689 Jacqueline Freeway,ORLANDO,FL,94341,Ward County,28.455529,-115.030631,Miami Metro
LOC-0320,58721 Rhonda Lake,Jersey City,NJ,53283,Allison County,36.074883,-96.707565,New York Metro
LOC-0321,7286 Jason Fork,chandler,AZ,15655,Brown County,38.623996,-116.320729,Phoenix Metro
LOC-0322,26065 Jacqueline Shore,Miami,FL,33597,Perkins County,34.325495,-68.75311,Miami Metro
LOC-0323,202 Thomas Gardens Apt. 096,Alexandria,VA,21239,Hernandez County,38.950096,-97.129433,Washington DC Metro
LOC-0324,2847 Sharp Mills,Akron,OH,86368,Harrington County,29.183335,-86.400021,Columbus Metro
LOC-0325,1200 Wesley Branch,Erie,PA,19023,Sanders County,33.865623,-117.811504,Philadelphia Metro
LOC-0326,784 Fletcher Manors Apt. 418,Fayetteville,NC,29603,Gray County,29.08071,-72.608332,Charlotte Metro
LOC-0327,369 Jeffery Ferry,Winston-Salem,NC,22214,Carson County,27.997563,-89.601945,Charlotte Metro
LOC-0328,775 Wilcox Expressway,Kirkland,WA,78425,Brown County,45.120959,-84.23436,Seattle Metro
LOC-0329,634 Dan Lake Suite 034,Macon,GA,55943,Martin County,42.052063,-80.592264,Atlanta Metro
LOC-0330,39043 Danielle Bypass,Tampa,FL,40475,Allen County,26.927804,-89.897336,Miami Metro
LOC-0331,909 Williams Island,Fresno,CA,10932,Davis County,27.710058,-123.589939,Los Angeles Metro
LOC-0332,54683 Walton Stream Suite 215,Erie,PA,30287,Russell County,38.463514,-109.105735,Philadelphia Metro
LOC-0333,209 Woods Ways,Warren,MI,62095,Christian County,34.504248,-79.32406,Detroit Metro
LOC-0334,27113 Lindsey Shoal Apt. 288,Durham,NC,50193,Gay County,42.806473,-101.306604,Charlotte Metro
LOC-0335,2545 Williams Station Suite 339,El Paso,TX,N/A,Lawson County,36.691901,-79.193376,Dallas-Fort Worth Metro
LOC-0336,710 Katie Inlet,WOODBRIDGE,NJ,61000,Payne County,25.121685,-118.807951,New York Metro
LOC-0337,1752 Martin Harbors,COLUMBUS,OH,39067,Ray County,39.007664,-82.703801,Columbus Metro
LOC-0338,12747 Hines Mills Apt. 197,Edison,NJ,8831,Williams County,42.792994,,New York Metro
LOC-0339,6927 Hunt Road Suite 516,Glendale,AZ,77915,Hunter County,25.773015,-89.82765,Phoenix Metro
LOC-0340,090 Holly Points Apt. 214,naples,FL,41359,Bennett County,47.439856,-119.04996,Miami Metro
LOC-0341,36715 Mcdonald Place Suite 112,Elizabeth,NJ,36255,Dennis County,41.949287,-120.088821,New York Metro
LOC-0342,3651 Peterson Rapids Suite 371,Scottsdale,AZ,55625,Ramirez County,43.756842,-111.101156,Phoenix Metro
LOC-0343,272 Luke Bypass,akron,OH,32942,Huerta County,27.448694,-119.874,Columbus Metro
LOC-0344,56730 Miranda Trace Suite 442,Bellevue,WA,80504,Miller County,38.222559,-84.431064,Seattle Metro
LOC-0345,6147 Warren Skyway,Spokane,WA,70142,Orozco County,45.620048,-74.864673,Seattle Metro
LOC-0346,16542 Michael Manor,Dayton,OH,38885,Olson County,30.288393,-106.00335,Columbus Metro
LOC-0347,659 Morrow Points,Fresno,CA,42539,Logan County,34.175405,-81.319076,Los Angeles Metro
LOC-0348,99255 Edward Mount,Jacksonville,FL,38647,Peck County,31.188743,-70.014268,Miami Metro
LOC-0349,1648 Vanessa Village Apt. 791,Sandy Springs,GA,41726,Johnson County,29.755909,-112.442306,Atlanta Metro
LOC-0350,8296 Michael Field,Sarasota,FL,20287,Bonilla County,40.258754,-89.011862,Miami Metro
LOC-0351,5044 Holly Run,Oakland,CA,91352,Duarte County,45.656788,-73.783727,Los Angeles Metro
LOC-0352,5586 Wilson Fall Suite 652,Sarasota,FL,46735,Tran County,42.253896,-116.689981,Miami Metro
LOC-0353,664 Walters Squares,Charlotte,NC,61605,Oliver County,42.845791,-97.939826,Charlotte Metro
LOC-0354,11096 Tyler Terrace,scranton,PA,98356,Hanson County,38.363189,-105.450137,Philadelphia Metro
LOC-0355,789 Elizabeth Walk,Greensboro,NC,71780,Fisher County,32.891219,-113.516921,Charlotte Metro
LOC-0356,8613 Sampson Keys,Tacoma,WA,62506,Ponce County,29.137452,-116.525068,Seattle Metro
LOC-0357,6053 Adams Shoals Suite 463,El Paso,TX,40907,Smith County,44.695101,-112.824397,Dallas-Fort Worth Metro
LOC-0358,00258 Rogers Ports Suite 386,macon,GA,65249,Lee County,47.897921,-75.584775,Atlanta Metro
LOC-0359,96262 Strong Path Apt. 631,Vancouver,WA,83680,Mckinney County,26.097314,-118.358436,Seattle Metro
LOC-0360,196 Hood Estate,Joliet,IL,22622,Fry County,32.6971,-103.425165,Chicago Metro
LOC-0361,10609 Anthony Station,naperville,IL,25890,Stephens County,40.630475,-89.482166,Chicago Metro
LOC-0362,602 Walters Tunnel,Raleigh,NC,47304,Howard County,40.483435,-96.212857,Charlotte Metro
LOC-0363,343 Jessica Valley,Akron,OH,92799,Hartman County,44.969926,-87.486903,Columbus Metro
LOC-0364,041 Courtney Route Apt. 179,Ann Arbor,MI,19351-6629,Martinez County,30.249013,-105.93794,Detroit Metro
LOC-0365,4211 Kirk Villages,Elizabeth,NJ,68313,Clark County,46.591706,-81.369957,New York Metro
LOC-0366,0617 Jason Manor,Orlando,FL,26389,Brooks County,40.226519,-70.395072,Miami Metro
LOC-0367,722 Smith Fall Apt. 155,Jacksonville,FL,18361,Webb County,35.883273,-120.93195,Miami Metro
LOC-0368,84139 Amanda Path,Houston,TX,30352-7387,Hunt County,32.115525,-109.898398,Dallas-Fort Worth Metro
LOC-0369,51305 Jeffrey Stream,Fort Lauderdale,FL,1374,Holt County,33.207349,-71.829474,Miami Metro
LOC-0370,4731 Erickson Run,Scottsdale,AZ,81898,Phillips County,47.299472,-84.235496,Phoenix Metro
LOC-0371,8634 James Vista Suite 619,Woodbridge,NJ,83922,Mcguire County,39.71509,-93.574305,New York Metro
LOC-0372,37676 Cabrera Road Apt. 966,NEW ROCHELLE,NY,50352,Gonzalez County,,-106.696344,New York Metro
LOC-0373,1720 Matthews Hill Suite 601,Tucson,AZ,71498,White County,40.818709,-95.959896,Phoenix Metro
LOC-0374,2531 Diane Landing Apt. 510,Vancouver,WA,88250,Flores County,25.166014,-102.702299,Seattle Metro
LOC-0375,537 Roach Points,Cleveland,OH,94671,Jones County,33.702235,-109.010124,Columbus Metro
LOC-0376,383 Ann Stravenue Apt. 966,Redmond,WA,99737,Stewart County,39.914512,-93.679177,Seattle Metro
LOC-0377,30770 Fisher Crossing Suite 295,Dallas,TX,24464,Garza County,39.207777,-108.488355,Dallas-Fort Worth Metro
LOC-0378,040 Rhonda Haven,san francisco,CA,8011,Anderson County,47.36365,-107.919471,Los Angeles Metro
LOC-0379,88050 Terry Village Suite 445,SAN FRANCISCO,CA,11930,Molina County,32.863996,-106.240129,Los Angeles Metro
LOC-0380,85790 Evans Motorway Suite 159,Sandy Springs,GA,53286-3393,Garcia County,26.288882,-79.787784,Atlanta Metro
LOC-0381,02156 George Field,New Rochelle,NY,60014,Ramsey County,27.805116,-80.215697,New York Metro
LOC-0382,004 Daniel Hollow Apt. 459,Augusta,GA,14392,Conner County,41.912424,-118.644263,Atlanta Metro
LOC-0383,2297 David Wall Apt. 967,Dayton,OH,52344,Barnett County,41.749453,-81.550699,Columbus Metro
LOC-0384,774 Barton Orchard,Sandy Springs,GA,57241,Perez County,44.864126,-111.58607,Atlanta Metro
LOC-0385,1583 Heather Club Suite 030,Philadelphia,PA,46188,Santiago County,34.103591,-110.143908,Philadelphia Metro
LOC-0386,3715 Lisa Trace Suite 472,Richmond,VA,30315,Abbott County,27.058038,-115.011188,Washington DC Metro
LOC-0387,35679 Kimberly Field,Arvada,CO,17834,Jones County,28.540124,-93.42786,Denver Metro
LOC-0388,49127 Julie Garden Apt. 724,Reading,PA,55523,Johnson County,35.090535,-113.000978,Philadelphia Metro
LOC-0389,4181 Reynolds Drive Suite 868,Tampa,FL,73609,Cook County,37.85757,-93.064158,Miami Metro
LOC-0390,5106 Lee Field Suite 294,Greensboro,NC,71393,Moreno County,44.121041,-71.874982,Charlotte Metro
LOC-0391,610 Susan Forges Apt. 009,Jacksonville,FL,44517,Adams County,35.443817,-79.772679,Miami Metro
LOC-0392,143 Myers Courts,Denver,CO,57720,Robinson County,30.492091,-82.902797,Denver Metro
LOC-0393,3235 Mccarthy Heights Apt. 128,Cleveland,OH,75214,Velez County,28.545025,-107.861642,Columbus Metro
LOC-0394,432 Maldonado Expressway Apt. 572,Fort Worth,TX,15737,Rivers County,27.984808,-74.210912,Dallas-Fort Worth Metro
LOC-0395,5024 George Trace Apt. 957,Houston,TX,60934,Aguilar County,37.093891,-84.025101,Dallas-Fort Worth Metro
LOC-0396,71009 Conley Pine Apt. 211,LANSING,MI,37359,Torres County,46.353286,-76.571571,Detroit Metro
LOC-0397,7584 King Mount Apt. 545,Reading,PA,64519,Vance County,43.26774,-120.676899,Philadelphia Metro
LOC-0398,48026 Donna Divide Suite 703,Virginia Beach,VA,20215,Lane County,47.093495,-118.464203,Washington DC Metro
LOC-0399,3136 Tammy Wells Suite 824,Buffalo,NY,42605,Lozano County,46.792577,-92.169862,New York Metro
LOC-0400,6964 Lee Prairie Suite 916,Kirkland,WA,98407,Pope County,40.300574,-73.679031,Seattle Metro
LOC-0401,1072 Becker Pike Suite 982,Akron,OH,30732,Torres County,38.798062,-70.789362,Columbus Metro
LOC-0402,40703 Petersen Crossing Apt. 740,Bethlehem,PA,93000,Jordan County,41.694957,-89.320438,Philadelphia Metro
LOC-0403,42548 Stephanie Station,Bellevue,WA,43303,Nelson County,,-69.290007,Seattle Metro
LOC-0404,9143 Thomas Knoll,rockford,IL,27705,Wright County,31.942358,-106.880964,Chicago Metro
LOC-0405,6144 Thompson Mews Suite 923,Oakland,CA,46170,Wright County,36.759244,-91.471912,Los Angeles Metro
LOC-0406,344 Kenneth Road Suite 826,Columbus,GA,44732,Patton County,38.389581,-110.719334,Atlanta Metro
LOC-0407,28758 Mcdonald Meadow Suite 667,Akron,OH,20118,Johnson County,43.236796,-114.144558,Columbus Metro
LOC-0408,1294 Betty Landing,Flint,MI,88018,Martinez County,25.859547,-77.924553,Detroit Metro
LOC-0409,62607 Combs Corner Apt. 415,Arvada,CO,66925,Wheeler County,44.960115,-74.422169,Denver Metro
LOC-0410,750 Joy Spring Apt. 382,Detroit,MI,92862,Hart County,32.010018,-121.652612,Detroit Metro
LOC-0411,32440 Hanson Flats Apt. 102,Fayetteville,NC,16621,Munoz County,47.939448,-68.650706,Charlotte Metro
LOC-0412,133 Thomas Village,Dallas,TX,61684,Wagner County,32.731868,-96.876285,Dallas-Fort Worth Metro
LOC-0413,14672 Meagan Plains Suite 979,Chicago,IL,66949,Martinez County,27.998629,-116.312366,Chicago Metro
LOC-0414,022 George Streets,Edison,NJ,90739,Lyons County,37.057699,-110.18804,New York Metro
LOC-0415,7441 Richardson Harbor,EDISON,NJ,98047,Myers County,33.401156,-113.142085,New York Metro
LOC-0416,6620 Bryant Port,Tacoma,WA,55838,Price County,47.773661,-98.794024,Seattle Metro
LOC-0417,97052 Khan Mount Suite 025,Tucson,AZ,58997,Mason County,41.755195,-119.108577,Phoenix Metro
LOC-0418,8681 Diana Knoll,Grand Rapids,MI,4770,Rios County,40.95729,-117.657154,Detroit Metro
LOC-0419,2446 Sabrina Rue Suite 679,Yonkers,NY,36712,Hopkins County,42.258168,-92.718397,New York Metro
LOC-0420,59959 Jones Burgs Apt. 311,Alexandria,VA,59362,Porter County,40.261152,-121.521526,Washington DC Metro
LOC-0421,3312 Campos Manor Apt. 094,Kirkland,WA,16957,Wilson County,46.739059,-120.203926,Seattle Metro
LOC-0422,5902 Rodriguez Mission,Thornton,CO,2414,Gray County,44.95044,-86.983565,Denver Metro
LOC-0423,47743 Judy Mews,Virginia Beach,VA,73525,Cervantes County,37.225895,-113.374209,Washington DC Metro
LOC-0424,90130 Patricia Lake,thornton,CO,42426,Schroeder County,32.013333,,Denver Metro
LOC-0425,2873 Ashley Mountains,Paterson,NJ,49626,Mason County,47.499618,-95.428667,New York Metro
LOC-0426,821 Patterson Lane Apt. 912,Fort Collins,CO,13862,Patton County,46.829678,-111.141786,Denver Metro
LOC-0427,17309 Johnson View Suite 465,Miami,FL,78251,Jones County,39.086313,-88.345098,Miami Metro
LOC-0428,1893 Ross Centers,Jacksonville,FL,89346,Gardner County,37.471376,-112.214835,Miami Metro
LOC-0429,740 Matthew Green,Spokane,WA,50501,Gonzalez County,45.668793,-72.154925,Seattle Metro
LOC-0430,38503 Jones Port,Spokane,WA,84035,Strong County,32.302413,-92.231603,Seattle Metro
LOC-0431,1699 Paige Neck,Bethlehem,PA,13864,Potts County,45.243034,-100.399711,Philadelphia Metro
LOC-0432,010 Romero Run Suite 674,Arvada,CO,45887,Harrington County,29.322473,-116.501885,Denver Metro
LOC-0433,00389 Fleming Street,Warren,MI,90263,Smith County,30.340198,-84.819461,Detroit Metro
LOC-0434,66266 Darrell Crest Suite 535,Augusta,GA,89260,Kim County,39.940077,-113.513341,Atlanta Metro
LOC-0435,31903 Burgess Valley,Orlando,FL,63554,Mcguire County,25.345328,-108.618054,Miami Metro
LOC-0436,30102 White Cape,New Rochelle,NY,33209,Edwards County,47.669436,-74.573647,New York Metro
LOC-0437,2967 Diane Club,Augusta,GA,15482,Wright County,43.959556,-82.948548,Atlanta Metro
LOC-0438,5374 Deleon Highway,Ann Arbor,MI,94068,Melton County,43.099157,-94.323002,Detroit Metro
LOC-0439,458 Brian Loop,San Francisco,CA,61853,Thornton County,25.902787,-101.918322,Los Angeles Metro
LOC-0440,1328 Kevin Plaza Apt. 152,Rochester,NY,49918,Johnson County,31.576036,-114.510264,New York Metro
LOC-0441,771 Victor Bypass,Newport News,VA,70762,Nelson County,35.389056,-82.809133,Washington DC Metro
LOC-0442,1049 Simpson Wall Suite 670,Thornton,CO,61520,Walker County,35.370375,-113.803921,Denver Metro
LOC-0443,68040 Pineda Rest Suite 493,ALBANY,NY,52477,Todd County,45.864737,-78.600285,New York Metro
LOC-0444,966 Lindsay Plaza Suite 487,El Paso,TX,57571-7292,Coleman County,41.718098,-68.414089,Dallas-Fort Worth Metro
LOC-0445,67320 Marsh Harbor Apt. 384,durham,NC,32398,Morgan County,38.006306,-86.406771,Charlotte Metro
LOC-0446,94544 David Port Suite 427,Sarasota,FL,64995,Ford County,41.79372,-69.224932,Miami Metro
LOC-0447,70578 Ricky Prairie Apt. 498,Colorado Springs,CO,10463,Edwards County,30.821552,-97.857369,Denver Metro
LOC-0448,2444 Martinez Roads,San Jose,CA,41179,Thompson County,40.167824,-98.136906,Los Angeles Metro
LOC-0449,10287 Williams Stravenue,San Francisco,CA,46452,Perez County,37.823619,-76.960607,Los Angeles Metro
LOC-0450,0580 Michael Club Suite 181,paterson,NJ,14250,Young County,44.274332,-106.988832,New York Metro
LOC-0451,561 Liu Divide Apt. 595,Cleveland,OH,47274,Rogers County,40.904813,-90.086768,Columbus Metro
LOC-0452,574 Ethan Cape Suite 290,Sandy Springs,GA,14697-5903,Rodriguez County,32.424903,-72.840803,Atlanta Metro
LOC-0453,8895 Nicholas Prairie,SCOTTSDALE,AZ,71710,Johnson County,40.976247,-108.358143,Phoenix Metro
LOC-0454,1139 Ryan Crossing,Norfolk,VA,24326,Abbott County,47.525049,-93.850042,Washington DC Metro
LOC-0455,788 Stewart Fields,Flint,MI,47642,Huff County,44.499353,-109.199378,Detroit Metro
LOC-0456,53537 Goodman Crescent Apt. 765,Colorado Springs,CO,75063,Miller County,39.532725,-95.927246,Denver Metro
LOC-0457,7937 Hall Views,Chesapeake,VA,N/A,Serrano County,35.69237,-78.586244,Washington DC Metro
LOC-0458,369 Catherine Underpass,Sterling Heights,MI,53750,Mitchell County,43.539001,-111.896738,Detroit Metro
LOC-0459,16682 Chen Trail Apt. 270,PEORIA,IL,49358,Jackson County,32.450248,-123.650518,Chicago Metro
LOC-0460,8712 Mary Burg Apt. 128,Newport News,VA,13816,Camacho County,29.462358,-76.471958,Washington DC Metro
LOC-0461,5268 Jennifer Crest Suite 599,macon,GA,27793,Jensen County,39.425611,-73.152675,Atlanta Metro
LOC-0462,57676 Todd Squares,Redmond,WA,17342,Taylor County,31.884906,-82.677043,Seattle Metro
LOC-0463,981 Paula Ramp,Syracuse,NY,56346-3446,Watkins County,31.450581,-122.22313,New York Metro
LOC-0464,5728 Duffy Court Apt. 475,Tucson,AZ,61061,Williams County,27.687427,-79.406396,Phoenix Metro
LOC-0465,5652 Bobby Street Apt. 684,Virginia Beach,VA,21376,Andrews County,30.465772,-98.241339,Washington DC Metro
LOC-0466,54214 Tucker Fork Apt. 449,Aurora,IL,14901,Molina County,46.007138,-98.704877,Chicago Metro
LOC-0467,421 Andrea Pass,Raleigh,NC,73369,Fischer County,37.043443,-79.794607,Charlotte Metro
LOC-0468,088 Adam Village,Scottsdale,AZ,27395,Carson County,25.840708,-101.907472,Phoenix Metro
LOC-0469,49678 Mariah Hill Apt. 176,Chicago,IL,87894,Snyder County,32.665664,-73.316405,Chicago Metro
LOC-0470,41513 Mark Parkways,chesapeake,VA,50913,Rogers County,29.826451,-112.568336,Washington DC Metro
LOC-0471,815 Ryan Squares Suite 380,Vancouver,WA,45737,Avery County,31.293648,-123.130367,Seattle Metro
LOC-0472,29633 Harrison Oval,Syracuse,NY,51744,Cervantes County,46.69539,-78.171838,New York Metro
LOC-0473,2318 Aaron Cliff Suite 893,Rockford,IL,80854,Mckinney County,27.991702,-97.168072,Chicago Metro
LOC-0474,4969 Dana Orchard,Los Angeles,CA,33459,Moreno County,45.499346,-88.120171,Los Angeles Metro
LOC-0475,3477 Harper Plains,Allentown,PA,35971,Castillo County,40.430016,-93.591359,Philadelphia Metro
LOC-0476,14675 Elaine Crescent,Athens,GA,71377-6085,Thompson County,40.742993,-83.517694,Atlanta Metro
LOC-0477,156 Kim Orchard Suite 963,Buffalo,NY,90863,Johnson County,33.359335,-113.548875,New York Metro
LOC-0478,360 Green Island Suite 676,Mesa,AZ,13966-2849,Ross County,33.083139,-97.709224,Phoenix Metro
LOC-0479,7350 West Forges,Ann  Arbor,MI,23491,Armstrong County,41.428281,-117.902066,Detroit Metro
LOC-0480,319 Anderson Plains,Rockford,IL,87402,Smith County,39.280121,-92.766906,Chicago Metro
LOC-0481,1558 Diana Path,Pittsburgh,PA,87459,Clark County,47.54472,-91.668962,Philadelphia Metro
LOC-0482,86342 Rivera Forge,Naples,FL,85260,Tran County,27.629426,-90.023697,Miami Metro
LOC-0483,00818 Moody Canyon,Augusta,GA,63188-2781,Moore County,40.7667,-90.004891,Atlanta Metro
LOC-0484,33041 Rios Curve Suite 111,WOODBRIDGE,NJ,38522,Wagner County,45.407015,,New York Metro
LOC-0485,08921 Lee Rest Suite 568,Naples,FL,79632,Paul County,39.15816,-98.511893,Miami Metro
LOC-0486,7314 Bennett Meadow Apt. 368,Rockford,IL,99071,Ramirez County,46.696666,-99.220559,Chicago Metro
LOC-0487,883 Smith Parks Suite 581,fort worth,TX,76902,Chavez County,27.933781,-107.231474,Dallas-Fort Worth Metro
LOC-0488,3757 Dawn Isle,Los Angeles,CA,N/A,Thomas County,31.490813,-122.22247,Los Angeles Metro
LOC-0489,82379 Christopher Lodge,Paterson,NJ,63219,Jensen County,37.537732,-86.238209,New York Metro
LOC-0490,930 King Inlet Suite 205,Parma,OH,64687,Barker County,47.941489,-85.806233,Columbus Metro
LOC-0491,43878 Edwards Run Apt. 577,San Francisco,CA,73792,Robertson County,47.424426,-116.260783,Los Angeles Metro
LOC-0492,61620 April Crossing,Chandler,AZ,89223,Martin County,39.334715,-98.099522,Phoenix Metro
LOC-0493,06728 Taylor Well Suite 604,Cincinnati,OH,65675,Wilson County,38.292586,-75.732178,Columbus Metro
LOC-0494,485 Elliott Expressway Apt. 483,Akron,OH,14385,Lang County,38.06744,-83.821695,Columbus Metro
LOC-0495,947 Clark Isle Apt. 287,Virginia  Beach,VA,78997,Smith County,47.624373,-79.60442,Washington DC Metro
LOC-0496,27104 James Court Suite 510,LAKEWOOD,CO,71925,Weber County,40.26595,-85.883123,Denver Metro
LOC-0497,58350 Joshua View,Warren,MI,55029,Buck County,25.248018,-98.120018,Detroit Metro
LOC-0498,459 Villa Points Apt. 192,Erie,PA,48616,Garcia County,25.812504,-71.396723,Philadelphia Metro
LOC-0499,2491 Laura Radial,WARREN,MI,72018,Newman County,38.17578,-86.589766,Detroit Metro
LOC-0500,9994 Clark Alley Apt. 319,San Diego,CA,26622,Thomas County,44.583241,-108.162619,Los Angeles Metro
LOC-0501,0510 William Mill,mesa,AZ,24621,Coleman County,45.933024,-81.878868,Phoenix Metro
LOC-0502,4813 Bennett Lights Suite 548,Tampa,FL,40958,Stewart County,43.385556,-74.865178,Miami Metro
LOC-0503,324 Mary Points,Fort Lauderdale,FL,30204,Alexander County,42.31351,-100.461971,Miami Metro
LOC-0504,186 Thompson Way Suite 756,Alexandria,VA,85727,Lewis County,32.936742,-87.391117,Washington DC Metro
LOC-0505,5203 Ward Fields,Jacksonville,FL,49500,Smith County,46.809791,-71.419823,Miami Metro
LOC-0506,1548 Catherine Bypass Suite 760,Toledo,OH,79526,Forbes County,25.27285,-71.148316,Columbus Metro
LOC-0507,0907 Henry Mountains Apt. 050,Fayetteville,NC,22761,Salazar County,39.660755,-69.497532,Charlotte Metro
LOC-0508,221 Flowers Crest,Mesa,AZ,45007,Brown County,30.87291,-90.70192,Phoenix Metro
LOC-0509,1843 Marvin Spring,Yonkers,NY,35549,Charles County,40.587518,,New York Metro
LOC-0510,295 Shelia Lodge Suite 013,OAKLAND,CA,63903-2702,Bryan County,40.76649,-103.963564,Los Angeles Metro
LOC-0511,412 Williams Rest,Los Angeles,CA,17455,Gonzalez County,40.101927,-76.378829,Los Angeles Metro
LOC-0512,04485 Matthew Port Apt. 971,VIRGINIA BEACH,VA,89257,Wilson County,40.097076,-72.705859,Washington DC Metro
LOC-0513,12590 Kristina Forge,Denver,CO,43205,Little County,40.19099,-119.684292,Denver Metro
LOC-0514,34324 Nicolas Heights Apt. 429,Vancouver,WA,97500,Stewart County,32.438295,-114.767936,Seattle Metro
LOC-0515,43244 Baker Overpass,Toledo,OH,17872,Kelly County,43.69442,-113.858019,Columbus Metro
LOC-0516,8720 Moore Port Apt. 654,Syracuse,NY,94604,Clark County,28.30907,-80.183683,New York Metro
LOC-0517,83437 Johnson Crescent Apt. 727,Fort Collins,CO,2353,Willis County,26.619484,,Denver Metro
LOC-0518,690 Haynes Roads Suite 026,Augusta,GA,10113,Alvarez County,40.285934,-108.813121,Atlanta Metro
LOC-0519,125 Martin Plains Apt. 079,Detroit,MI,74314,Bryant County,34.289993,-82.517257,Detroit Metro
LOC-0520,673 Cummings Rapid Suite 764,New York,NY,73185,Williams County,37.311994,-67.478721,New York Metro
LOC-0521,166 Finley Locks,Fresno,CA,94813-9759,Watkins County,44.626868,-104.616421,Los Angeles Metro
LOC-0522,249 Stephanie Port,Springfield,IL,8267,Walton County,33.835765,-113.11282,Chicago Metro
LOC-0523,501 Mcguire Divide,Woodbridge,NJ,21123,Solis County,35.073626,-113.200524,New York Metro
LOC-0524,2702 Nicole Hollow Suite 123,Grand Rapids,MI,18256,Hodge County,39.798376,-95.518003,Detroit Metro
LOC-0525,32850 Moore Courts Suite 863,Los Angeles,CA,54265,Durham County,25.984734,-117.263335,Los Angeles Metro
LOC-0526,3162 Hines Dale Suite 546,Sandy Springs,GA,80328,Carlson County,38.324951,-71.285499,Atlanta Metro
LOC-0527,7903 Katrina Land,Newark,NJ,9105,Cox County,41.129827,-116.559349,New York Metro
LOC-0528,961 Devin Field,Peoria,IL,69793,Williams County,44.2131,-120.354416,Chicago Metro
LOC-0529,1562 Hernandez Inlet Suite 704,Flint,MI,18271,Mullen County,34.802864,-77.743301,Detroit Metro
LOC-0530,26817 Michael Street Apt. 602,Philadelphia,PA,85493,Flores County,32.396567,-69.012534,Philadelphia Metro
LOC-0531,707 Henderson Center Suite 641,TAMPA,FL,45899,Munoz County,34.548549,-84.31114,Miami Metro
LOC-0532,575 Rodriguez Fall Suite 861,lakewood,CO,23102,Hernandez County,39.540476,-102.56053,Denver Metro
LOC-0533,943 Graham Mountain Suite 017,houston,TX,21683,Stevens County,38.655802,-107.827302,Dallas-Fort Worth Metro
LOC-0534,546 Leonard Trafficway,Sandy  Springs,GA,28754,Fuentes County,37.030998,-100.514215,Atlanta Metro
LOC-0535,45607 Evans Camp Apt. 508,San Jose,CA,75521,Rodgers County,27.024487,-76.890435,Los Angeles Metro
LOC-0536,18122 Jordan Harbor,Raleigh,NC,79494,Reed County,39.235182,-74.82433,Charlotte Metro
LOC-0537,938 Williams Islands Suite 029,Macon,GA,37277,Davila County,29.455537,-78.593061,Atlanta Metro
LOC-0538,8154 Morales Ferry,Savannah,GA,97836,Clements County,26.242635,-103.240995,Atlanta Metro
LOC-0539,161 Ashley Hollow Apt. 059,Flint,MI,6939,Kennedy County,42.029588,-71.282903,Detroit Metro
LOC-0540,2480 Browning Springs Suite 406,Athens,GA,40841,Clark County,38.632253,-105.419578,Atlanta Metro
LOC-0541,244 George Roads Suite 133,Pittsburgh,PA,52746,Smith County,30.453722,-100.482059,Philadelphia Metro
LOC-0542,19497 Walters Isle Suite 780,San Antonio,TX,17122,Cooper County,28.333649,-71.110434,Dallas-Fort Worth Metro
LOC-0543,7277 Amanda Extension Suite 460,Jacksonville,FL,92840,Guerrero County,31.202974,-104.854194,Miami Metro
LOC-0544,785 Jared Pines,Aurora,IL,71018,Wood County,28.93763,-104.416168,Chicago Metro
LOC-0545,7702 Claudia Port Suite 604,Redmond,WA,90154,Hawkins County,38.296793,-92.492929,Seattle Metro
LOC-0546,68269 Collin Forge Apt. 194,Durham,NC,38369,White County,44.250748,-108.08726,Charlotte Metro
LOC-0547,686 Potter Manor,Buffalo,NY,85951,Lester County,46.332033,-70.063616,New York Metro
LOC-0548,5158 Perez Lodge Suite 747,columbus,OH,71689,Moore County,36.596976,-99.735234,Columbus Metro
LOC-0549,4085 Douglas Springs,HAMPTON,VA,74918,Solomon County,37.8452,-123.291889,Washington DC Metro
LOC-0550,666 Dana River Apt. 299,Tampa,FL,94887,Gordon County,25.366394,-85.86497,Miami Metro
LOC-0551,960 Bishop Expressway,Lansing,MI,69616,Hudson County,28.18835,-83.921311,Detroit Metro
LOC-0552,150 Arnold Way Apt. 275,Elizabeth,NJ,10178,Sharp County,26.626068,-73.074237,New York Metro
LOC-0553,73524 Patricia Ford,Parma,OH,90281,Lane County,43.273011,-79.101565,Columbus Metro
LOC-0554,97327 Linda Villages Suite 237,Virginia Beach,VA,98428,Bowen County,26.185939,-102.171565,Washington DC Metro
LOC-0555,06876 Krista Green,Pittsburgh,PA,18782,Ware County,42.792237,-116.110869,Philadelphia Metro
LOC-0556,980 Castillo Stream,Elizabeth,NJ,86037,Brown County,41.165403,-81.069111,New York Metro
LOC-0557,056 Patterson Crossing Apt. 249,Aurora,CO,65434,Molina County,26.457491,-104.322085,Denver Metro
LOC-0558,256 Thomas Gardens,San Antonio,TX,98907,Pope County,45.687378,-98.237232,Dallas-Fort Worth Metro
LOC-0559,1517 Goodwin Throughway,Hampton,VA,18601,Green County,45.331517,-119.023401,Washington DC Metro
LOC-0560,757 Carroll Ranch Apt. 228,Houston,TX,24683,Roberts County,36.415561,-74.125391,Dallas-Fort Worth Metro
LOC-0561,9544 Ashley Inlet,Joliet,IL,80966,Alvarez County,35.899813,-100.052592,Chicago Metro
LOC-0562,422 Catherine Walks Suite 430,new york,NY,40451,Rosales County,36.951271,-104.85499,New York Metro
LOC-0563,90458 Woods Extension Suite 298,Tacoma,WA,97274,Edwards County,44.363881,-98.620391,Seattle Metro
LOC-0564,7287 Timothy Light Apt. 153,Tacoma,WA,44079,Parker County,33.553753,-107.575661,Seattle Metro
LOC-0565,49135 Stevens Route,Joliet,IL,91085,Escobar County,41.37168,-107.740945,Chicago Metro
LOC-0566,350 Sims Isle,Alexandria,VA,31135,Romero County,25.946483,-105.952327,Washington DC Metro
LOC-0567,881 Sean Pike Apt. 342,Orlando,FL,14546,Norris County,47.494519,-115.56718,Miami Metro
LOC-0568,72094 Davis Field,Greensboro,NC,13266,Quinn County,36.486589,-115.713118,Charlotte Metro
LOC-0569,84033 Brenda Prairie,Fresno,CA,76507,Woods County,41.225381,-96.987092,Los Angeles Metro
LOC-0570,051 Timothy Mills,Lansing,MI,84086,Miller County,46.212718,-104.694987,Detroit Metro
LOC-0571,89397 Hudson Prairie,San Francisco,CA,25319,Jordan County,34.237488,-76.070016,Los Angeles Metro
LOC-0572,739 Gay Glen,San Jose,CA,86471,Webster County,42.969517,-80.275578,Los Angeles Metro
LOC-0573,2587 Bean Hills Suite 835,Chandler,AZ,21452,Hill County,34.071743,-96.043474,Phoenix Metro
LOC-0574,712 Smith Pass Suite 722,Fresno,CA,29391,Jones County,,-101.991581,Los Angeles Metro
LOC-0575,417 Little Plain Apt. 313,Joliet,IL,21481,Lewis County,45.419512,-81.732922,Chicago Metro
LOC-0576,8714 Ashley Drives Suite 236,Sarasota,FL,65552,Floyd County,34.526457,-76.375843,Miami Metro
LOC-0577,258 Valdez Turnpike,Joliet,IL,78852,Butler County,26.520663,-69.274568,Chicago Metro
LOC-0578,47452 Cook Knoll Suite 746,Dayton,OH,64331,Elliott County,35.628759,-91.62877,Columbus Metro
LOC-0579,60652 Wang Brook Apt. 344,Chandler,AZ,7430,Wall County,44.003711,-76.428644,Phoenix Metro
LOC-0580,6658 Lauren River,augusta,GA,10320,Shaw County,31.903896,-87.488353,Atlanta Metro
LOC-0581,13257 Crane Cape Suite 734,Paterson,NJ,74472,Benitez County,39.830074,-122.378773,New York Metro
LOC-0582,10548 Kim Haven Apt. 721,Fort Worth,TX,86161,Nguyen County,35.029576,-109.299042,Dallas-Fort Worth Metro
LOC-0583,29493 Samuel Islands Suite 884,Phoenix,AZ,8540,Norris County,30.969355,-90.845694,Phoenix Metro
LOC-0584,55732 Mcdonald Mount,Norfolk,VA,16932,Cox County,34.648822,-72.010037,Washington DC Metro
LOC-0585,449 Donald Row,Fayetteville,NC,77353,Jenkins County,39.444689,-80.412705,Charlotte Metro
LOC-0586,0808 Smith Mews Apt. 858,Bethlehem,PA,99780,Vasquez County,31.243556,-84.215852,Philadelphia Metro
LOC-0587,119 Terri Tunnel Apt. 828,Bethlehem,PA,27950,Mathis County,33.579326,-96.360756,Philadelphia Metro
LOC-0588,793 Katie Meadows,Dallas,TX,38981,Meyers County,43.287455,-92.156653,Dallas-Fort Worth Metro
LOC-0589,2512 Gibson Tunnel Suite 069,Scottsdale,AZ,24937,Carter County,46.068717,,Phoenix Metro
LOC-0590,03562 Foley Prairie Suite 873,Allentown,PA,28220,Carrillo County,45.463707,-89.934028,Philadelphia Metro
LOC-0591,923 Jamie Falls Apt. 089,chesapeake,VA,25544,Blackburn County,44.70675,-115.885518,Washington DC Metro
LOC-0592,85155 Dominique Flats,Miami,FL,24643-8934,Turner County,42.418683,-121.576534,Miami Metro
LOC-0593,3350 Natalie Mill Apt. 607,WINSTON-SALEM,NC,25587,Dillon County,,-106.806189,Charlotte Metro
LOC-0594,0776 Jamie Light,Fort Worth,TX,36217,Lawrence County,33.085274,-118.825579,Dallas-Fort Worth Metro
LOC-0595,28981 Katherine Crest,Warren,MI,75619,Shepard County,39.097998,-95.220174,Detroit Metro
LOC-0596,563 Tracie Union Suite 748,Seattle,WA,35106,Rodriguez County,,-81.020981,Seattle Metro
LOC-0597,06661 Ward Inlet Apt. 643,Colorado Springs,CO,72221,Key County,38.555753,-98.939048,Denver Metro
LOC-0598,670 Blair Islands,Erie,PA,77403,Williams County,27.595446,-67.877073,Philadelphia Metro
LOC-0599,90282 Heather Track,Jacksonville,FL,47784,Williams County,25.933997,-105.297422,Miami Metro
LOC-0600,459 Morrow Manor,Lansing,MI,68190,Thompson County,34.367491,-67.857147,Detroit Metro
LOC-0601,251 Anthony Ford,Arvada,CO,99015,Torres County,25.294074,-85.572942,Denver Metro
LOC-0602,9500 Johnson Mountains Apt. 260,Fayetteville,NC,25626,Ryan County,34.214359,-90.338238,Charlotte Metro
LOC-0603,10531 Mcneil Creek,Miami,FL,36094,Novak County,38.684099,-67.532305,Miami Metro
LOC-0604,8729 Larry Mountains Suite 258,Richmond,VA,86273,Diaz County,42.394968,-78.343899,Washington DC Metro
LOC-0605,7932 Zachary Valley,Edison,NJ,73508,Dunlap County,28.389604,-98.08582,New York Metro
LOC-0606,116 Eaton Cove,Yonkers,NY,13895-1865,Wright County,44.097187,-95.60631,New York Metro
LOC-0607,45798 Wolf Curve Suite 652,Lansing,MI,49682,Riley County,27.215673,-119.638516,Detroit Metro
LOC-0608,603 Alexis Roads,Vancouver,WA,96781,Johnson County,36.610279,-93.081027,Seattle Metro
LOC-0609,65097 Mathews Field,oakland,CA,66414,Fuller County,27.740084,-98.343415,Los Angeles Metro
LOC-0610,3794 Wilson Harbors Suite 524,Los Angeles,CA,96430,Peterson County,31.970025,-83.754625,Los Angeles Metro
LOC-0611,715 Brown Lakes Suite 082,Richmond,VA,24336,Davis County,36.282735,-92.434318,Washington DC Metro
LOC-0612,18425 Chavez Plaza Apt. 826,Cary,NC,17305,Wilkins County,36.377896,-68.660367,Charlotte Metro
LOC-0613,30358 Anna Pines,NAPERVILLE,IL,8739,Warren County,44.249485,-104.114023,Chicago Metro
LOC-0614,382 Moore Springs Apt. 932,Thornton,CO,22759,Fernandez County,47.814747,-100.520013,Denver Metro
LOC-0615,40646 English Mountain Suite 240,Yonkers,NY,21133,Jones County,26.506505,,New York Metro
LOC-0616,99106 Douglas View Apt. 362,Philadelphia,PA,65374,Lucas County,45.732426,-108.802724,Philadelphia Metro
LOC-0617,335 Jeremy Harbor Apt. 619,Erie,PA,52260,Blackburn County,43.591511,-118.296769,Philadelphia Metro
LOC-0618,72450 Abigail Pine,Cary,NC,54504,Garcia County,31.888981,-68.742618,Charlotte Metro
LOC-0619,74189 Hernandez Throughway Suite 406,Seattle,WA,80232,Massey County,31.098567,-107.052745,Seattle Metro
LOC-0620,76927 Walker Cove Apt. 995,Lansing,MI,85784-6518,Allen County,31.287393,-91.713587,Detroit Metro
LOC-0621,660 Michelle Harbors Suite 485,BETHLEHEM,PA,49563,Barnes County,31.897907,-86.182968,Philadelphia Metro
LOC-0622,1017 Brenda Forges Suite 417,Rockford,IL,98022,Castro County,29.15382,-122.939611,Chicago Metro
LOC-0623,860 Brittany Underpass Apt. 911,Sterling Heights,MI,71249,Levy County,39.672306,-77.890792,Detroit Metro
LOC-0624,9966 Michael Turnpike,Lakewood,CO,17848,Alexander County,33.378317,-115.57861,Denver Metro
LOC-0625,806 Caldwell Burg Apt. 920,Peoria,IL,51766,Mccoy County,45.956169,-87.866133,Chicago Metro
LOC-0626,46074 Cardenas Key Suite 347,Springfield,IL,88804,Bowers County,30.485119,-115.452152,Chicago Metro
LOC-0627,4238 Yang Terrace Suite 271,Joliet,IL,67164,Cook County,45.830079,-112.486541,Chicago Metro
LOC-0628,4116 Howell Route,Redmond,WA,82182,Lopez County,44.607983,,Seattle Metro
LOC-0629,47557 Fischer Extension Suite 013,Phoenix,AZ,49056,Perkins County,45.713222,-100.800609,Phoenix Metro
LOC-0630,826 James Course Suite 425,San Antonio,TX,28423,Patel County,38.132388,-95.485834,Dallas-Fort Worth Metro
LOC-0631,61499 Mario Fork Suite 038,Flint,MI,43004,Moore County,27.075722,-89.810185,Detroit Metro
LOC-0632,73333 Wong Forge Apt. 043,Scottsdale,AZ,40924,Oconnell County,30.014193,-117.911601,Phoenix Metro
LOC-0633,6889 Robert Vista Suite 964,Cincinnati,OH,17330,Mann County,33.618215,-69.923479,Columbus Metro
LOC-0634,6553 Fernandez Club Apt. 538,Jersey City,NJ,28993,Riley County,41.460438,-77.182174,New York Metro
LOC-0635,785 Lindsay Rapids,Detroit,MI,96798,Perez County,26.257464,-71.704935,Detroit Metro
LOC-0636,837 Andrews Center Suite 977,Cincinnati,OH,57560,Garza County,40.760712,-93.510091,Columbus Metro
LOC-0637,08780 Woods Squares,Sacramento,CA,43493,Hernandez County,46.535415,-80.869928,Los Angeles Metro
LOC-0638,49409 Jordan Track Apt. 637,Jacksonville,FL,94466,Collins County,25.779279,-74.612658,Miami Metro
LOC-0639,3986 Katie Springs Suite 090,Sandy Springs,GA,53610,Joseph County,45.165508,-77.246245,Atlanta Metro
LOC-0640,119 Alyssa Stream Apt. 339,Charlotte,NC,88920,Ayala County,37.597738,-105.374205,Charlotte Metro
LOC-0641,07151 Sophia Ports,Woodbridge,NJ,68117,Haynes County,28.130121,-101.162275,New York Metro
LOC-0642,6725 Cody Knoll Apt. 647,Houston,TX,77681,Davis County,42.654969,-86.996708,Dallas-Fort Worth Metro
LOC-0643,3351 Hayes Court Suite 090,Parma,OH,69177,Hendrix County,41.908959,-109.141247,Columbus Metro
LOC-0644,512 Tamara Pines,Tacoma,WA,64328,Smith County,34.050366,-102.492758,Seattle Metro
LOC-0645,4099 Villarreal Extensions Apt. 972,Los Angeles,CA,94817,Nichols County,30.260267,-118.928336,Los Angeles Metro
LOC-0646,29592 Mccarthy Trail Apt. 827,tucson,AZ,91003,Johnson County,30.983629,-118.923508,Phoenix Metro
LOC-0647,144 Michael Falls,Houston,TX,67037,Lawrence County,46.350552,-76.846325,Dallas-Fort Worth Metro
LOC-0648,73929 Pace Shoals,Buffalo,NY,44891,Kelley County,36.365868,-116.578638,New York Metro
LOC-0649,1815 Michael Garden Suite 360,Mesa,AZ,34820,Howard County,34.396054,-115.681257,Phoenix Metro
LOC-0650,918 Elizabeth Islands Suite 834,Sterling Heights,MI,58449,Flores County,39.886418,-119.112896,Detroit Metro
LOC-0651,46666 Tracy Overpass Apt. 587,Richmond,VA,60265,Lynch County,41.930394,-109.395141,Washington DC Metro
LOC-0652,4080 Stacey Inlet Apt. 508,Pittsburgh,PA,56439,Johnson County,46.604405,-68.869039,Philadelphia Metro
LOC-0653,3580 Rodgers Pine Apt. 850,Los Angeles,CA,91219,Lozano County,47.483049,-85.738065,Los Angeles Metro
LOC-0654,2351 Tyler Ports,San Jose,CA,32264,Bowman County,46.39752,-73.959885,Los Angeles Metro
LOC-0655,63140 Donna Village,Durham,NC,25314,Rivera County,47.505882,-95.544995,Charlotte Metro
LOC-0656,3560 Donald Gateway,Erie,PA,44500,Howell County,42.51597,-108.965797,Philadelphia Metro
LOC-0657,9434 Vaughn Mall Suite 643,Scranton,PA,29826,Montoya County,46.225614,-87.710825,Philadelphia Metro
LOC-0658,9060 Anderson Spurs Apt. 111,San Francisco,CA,71636,Moore County,41.237146,-99.123498,Los Angeles Metro
LOC-0659,28524 Mitchell Heights Suite 941,Sacramento,CA,83512,Juarez County,36.338737,-75.787214,Los Angeles Metro
LOC-0660,18732 Taylor Coves Apt. 306,Dallas,TX,33678,Lopez County,42.248543,-77.11341,Dallas-Fort Worth Metro
LOC-0661,69572 Harper Canyon,Syracuse,NY,10540,Bates County,38.12812,-100.264117,New York Metro
LOC-0662,50902 Villarreal Glen,Newark,NJ,13402,Weeks County,47.570693,-117.046516,New York Metro
LOC-0663,3066 Stacey Parkways Apt. 323,Arlington,TX,13784-8861,Rogers County,35.443277,,Dallas-Fort Worth Metro
LOC-0664,71398 Hawkins Divide Suite 011,Fresno,CA,69388,Ortiz County,41.82554,-82.143785,Los Angeles Metro
LOC-0665,255 Douglas Cove,new rochelle,NY,94363,Sutton County,43.35738,-81.6034,New York Metro
LOC-0666,0906 Melody Track,San Antonio,TX,41467,Fuller County,44.906857,-118.916266,Dallas-Fort Worth Metro
LOC-0667,79649 Cole Summit,Vancouver,WA,95729,Young County,31.866573,-78.337276,Seattle Metro
LOC-0668,457 Calhoun Drives Suite 853,Thornton,CO,57060,Thomas County,44.137216,-94.778766,Denver Metro
LOC-0669,4250 Trujillo Divide,Columbus,GA,65452-7922,Williams County,43.65287,-89.009536,Atlanta Metro
LOC-0670,836 Mary Knoll Apt. 666,San Jose,CA,70755,Murray County,39.895044,-83.322777,Los Angeles Metro
LOC-0671,6755 Ortega Dale Apt. 333,EDISON,NJ,71370,Carroll County,45.865777,-96.776152,New York Metro
LOC-0672,8654 Philip Mountains Apt. 874,Aurora,CO,78562,Conway County,38.076321,-92.593323,Denver Metro
LOC-0673,33582 Giles Meadows Apt. 703,Durham,NC,70903,Cruz County,38.074999,-109.557321,Charlotte Metro
LOC-0674,9269 Edward Island,Charlotte,NC,96714,Mcdonald County,43.082073,-75.95414,Charlotte Metro
LOC-0675,5998 Erica Turnpike,Chesapeake,VA,69637,Jones County,35.348802,-77.953458,Washington DC Metro
LOC-0676,05155 Julia Forest,Spokane,WA,20252,Parker County,38.893216,-74.3179,Seattle Metro
LOC-0677,9597 Morgan Extensions,Sacramento,CA,32509,Roberts County,35.583749,-100.909779,Los Angeles Metro
LOC-0678,222 Wilson River,Richmond,VA,90837,Ortiz County,40.497472,-84.653279,Washington DC Metro
LOC-0679,431 Regina Court Apt. 267,orlando,FL,24668,Gray County,41.008746,-113.271397,Miami Metro
LOC-0680,95799 Seth Brooks,Naples,FL,92058,Waller County,37.387398,-119.092668,Miami Metro
LOC-0681,1512 Claire Springs Suite 213,Columbus,OH,29978,Nixon County,,-96.35233,Columbus Metro
LOC-0682,1597 Christy Ramp Suite 254,Buffalo,NY,6134,Lee County,25.181108,-88.066637,New York Metro
LOC-0683,075 Brett Garden Suite 476,Chandler,AZ,88097,Morgan County,47.977606,-121.890019,Phoenix Metro
LOC-0684,715 David Road Apt. 904,Newport News,VA,73950,James County,26.396208,-122.915879,Washington DC Metro
LOC-0685,6046 Richardson Passage Suite 652,Springfield,IL,N/A,Hahn County,39.322024,-87.167751,Chicago Metro
LOC-0686,374 Miller Mission Apt. 581,Tampa,FL,71504,Johnson County,30.338372,-111.476966,Miami Metro
LOC-0687,31251 Ashley Freeway,Flint,MI,96108,Maxwell County,45.312988,-82.789285,Detroit Metro
LOC-0688,05912 Welch Isle,Woodbridge,NJ,71908,Hartman County,44.42422,-88.554984,New York Metro
LOC-0689,102 Samantha Common,Elizabeth,NJ,36146,Lopez County,36.320272,-78.7715,New York Metro
LOC-0690,63301 Flores Pines,Buffalo,NY,12376,Lee County,30.998584,-85.415112,New York Metro
LOC-0691,792 Roberts Springs,Charlotte,NC,54267,Vargas County,39.203947,-117.120782,Charlotte Metro
LOC-0692,2801 Terri Greens,Bethlehem,PA,16117,Thomas County,37.811514,-72.909891,Philadelphia Metro
LOC-0693,113 Melinda Throughway,Lansing,MI,16608,Braun County,35.070014,-97.943269,Detroit Metro
LOC-0694,9496 Robinson Glen,Arlington,TX,23352,Summers County,25.965297,-117.991568,Dallas-Fort Worth Metro
LOC-0695,044 Calvin Circles,Aurora,CO,48289,Snyder County,42.525188,-95.591713,Denver Metro
LOC-0696,617 Tiffany Spring,Allentown,PA,26119,Davis County,35.099495,-100.302259,Philadelphia Metro
LOC-0697,919 Acosta Island Suite 575,Vancouver,WA,76194,Porter County,31.118359,-83.233615,Seattle Metro
LOC-0698,8339 Brad Knoll Suite 775,Buffalo,NY,79422,Mclean County,30.248186,-78.299185,New York Metro
LOC-0699,7722 Barnes Burg Apt. 562,Macon,GA,99417,Ross County,,-115.701695,Atlanta Metro
LOC-0700,2292 Cody Lock,Houston,TX,62645,Kennedy County,28.779468,-120.496305,Dallas-Fort Worth Metro
LOC-0701,3076 Kevin Walk Suite 337,Jersey City,NJ,17577,Lawson County,47.541083,-78.452966,New York Metro
LOC-0702,6270 Ali Cliff Suite 794,Toledo,OH,82562,Thomas County,41.595674,-106.119372,Columbus Metro
LOC-0703,67042 Mccoy Spur Suite 919,Lakewood,CO,29249,Anderson County,35.262348,-112.307386,Denver Metro
LOC-0704,5259 Brown Mission Suite 633,Elizabeth,NJ,95033,Blackburn County,29.537802,-106.812709,New York Metro
LOC-0705,7485 Hale Crossroad,Alexandria,VA,26515,Sheppard County,37.438175,-111.817133,Washington DC Metro
LOC-0706,993 Tracy Mountains,Bethlehem,PA,1306,Zamora County,43.32177,-90.227295,Philadelphia Metro
LOC-0707,162 Miller Overpass Suite 941,Richmond,VA,24475,Cole County,44.356419,-109.193882,Washington DC Metro
LOC-0708,2507 Jeffrey Alley,Kirkland,WA,68816,Murphy County,41.94775,-98.170612,Seattle Metro
LOC-0709,245 Galloway Rapids Apt. 399,Ann Arbor,MI,92279,Martinez County,44.423403,-110.67124,Detroit Metro
LOC-0710,388 Wright Lane,Glendale,AZ,28346,Henderson County,36.952333,-109.8849,Phoenix Metro
LOC-0711,4324 Anthony Row,Tempe,AZ,22843,Farmer County,34.790919,-100.512982,Phoenix Metro
LOC-0712,7276 Brittney Trace,Jacksonville,FL,20233,Edwards County,37.103879,-90.470351,Miami Metro
LOC-0713,4397 Martin Crossroad Suite 010,Rockford,IL,65498,Parrish County,40.847411,-69.974258,Chicago Metro
LOC-0714,2568 Cristina Rue Suite 625,Orlando,FL,73539,Austin County,27.975859,-83.842093,Miami Metro
LOC-0715,459 Nicole Centers,Albany,NY,30557,Sharp County,33.494637,-69.74616,New York Metro
LOC-0716,1122 Alexandra Station,Austin,TX,15279,Young County,27.708071,-106.619298,Dallas-Fort Worth Metro
LOC-0717,5165 Travis Plains Apt. 866,Oakland,CA,87283,Neal County,46.546875,-106.605654,Los Angeles Metro
LOC-0718,72143 Brian Springs,richmond,VA,81766,Grant County,45.01981,-100.198216,Washington DC Metro
LOC-0719,370 Jeffery Fort,Aurora,CO,72289,Dodson County,44.17472,-116.429852,Denver Metro
LOC-0720,556 Smith Track,Vancouver,WA,29527,Roberts County,32.479975,-78.410738,Seattle Metro
LOC-0721,681 James Camp,Albany,NY,16005,Clark County,45.470993,-82.052971,New York Metro
LOC-0722,51958 Randy Drive Apt. 944,Virginia Beach,VA,50481,Hawkins County,27.846977,-92.116889,Washington DC Metro
LOC-0723,39453 Hurst Lock Apt. 470,FLINT,MI,84743,Griffin County,,-95.349588,Detroit Metro
LOC-0724,21061 James Port Suite 394,Raleigh,NC,46039,Ward County,30.641594,-83.779791,Charlotte Metro
LOC-0725,394 William Inlet,Bellevue,WA,62664,Smith County,36.30388,-70.770619,Seattle Metro
LOC-0726,3765 Joyce Rapids,Oakland,CA,60070,Molina County,27.636826,-118.337983,Los Angeles Metro
LOC-0727,8943 Christina Alley Apt. 900,PEORIA,IL,50212,Arroyo County,40.607997,-120.641917,Chicago Metro
LOC-0728,7692 Brian Forge,Virginia Beach,VA,22942,Brewer County,34.494925,-105.519586,Washington DC Metro
LOC-0729,514 Valdez Hills Apt. 142,Houston,TX,88250,Baker County,36.338527,-81.113771,Dallas-Fort Worth Metro
LOC-0730,07201 Jenny Motorway,San Diego,CA,63356-1473,Kane County,34.372357,-110.676794,Los Angeles Metro
LOC-0731,0971 Jason Locks Suite 007,Lansing,MI,82706,Reynolds County,27.888141,-91.609999,Detroit Metro
LOC-0732,2090 Susan Wells Suite 473,Raleigh,NC,28660,Pham County,47.6621,-79.424651,Charlotte Metro
LOC-0733,433 Patrick Run,Lakewood,CO,10131,Williams County,47.105632,-88.618395,Denver Metro
LOC-0734,730 Cox Rapid Suite 778,Sacramento,CA,42884,Martin County,33.743531,-103.969179,Los Angeles Metro
LOC-0735,882 Moss Key Suite 296,greensboro,NC,80004,Watson County,31.914682,-101.467621,Charlotte Metro
LOC-0736,2786 Ali Corners Suite 255,Greensboro,NC,37636,Brewer County,47.020595,-105.856675,Charlotte Metro
LOC-0737,205 Carol Plains Apt. 923,Peoria,IL,45784,Summers County,47.609505,-104.527101,Chicago Metro
LOC-0738,61880 Barbara Glens Apt. 357,Fresno,CA,10268,Wilson County,25.098423,-123.454019,Los Angeles Metro
LOC-0739,686 Barbara Summit Suite 137,Alexandria,VA,61483,Moore County,43.10802,-87.001455,Washington DC Metro
LOC-0740,081 Thomas Cliffs,Tempe,AZ,98112,Neal County,47.356898,-102.546542,Phoenix Metro
LOC-0741,64381 Andrew Burgs Suite 132,Tempe,AZ,11105,Carey County,,-112.999521,Phoenix Metro
LOC-0742,47165 Smith Ranch,Tacoma,WA,56900,Evans County,43.774459,-88.361516,Seattle Metro
LOC-0743,3469 Reid Ramp Apt. 707,columbus,GA,74597,Flores County,41.260264,-112.08208,Atlanta Metro
LOC-0744,7681 Barker River,Columbus,OH,84593,Gilmore County,28.920973,-112.955095,Columbus Metro
LOC-0745,60717 Stephens Corner Apt. 176,Ann Arbor,MI,87091,Curry County,26.496134,-109.201405,Detroit Metro
LOC-0746,705 Tran Squares,Fayetteville,NC,35146,Bond County,25.531703,-68.720787,Charlotte Metro
LOC-0747,610 Brittney Spring,Edison,NJ,10256,Norman County,39.742225,-70.244769,New York Metro
LOC-0748,82749 Solis Plain Apt. 491,Parma,OH,45918,Wolfe County,36.920791,-95.752241,Columbus Metro
LOC-0749,74204 Simmons Spur Apt. 137,norfolk,VA,65058,Tucker County,32.273565,-101.664044,Washington DC Metro
LOC-0750,2604 Jeffrey Way,Seattle,WA,39573,Vega County,34.747866,-119.756899,Seattle Metro
LOC-0751,71122 Joy Rapids Apt. 775,Chicago,IL,2267,Bauer County,34.934826,-122.630659,Chicago Metro
LOC-0752,85816 Johnson Mews Suite 111,Mesa,AZ,72072,Baker County,32.838445,-120.897327,Phoenix Metro
LOC-0753,6832 Andrew Corners Apt. 378,Arlington,TX,67478,Brooks County,39.383021,-91.000735,Dallas-Fort Worth Metro
LOC-0754,1296 Anita Fort Apt. 242,Sacramento,CA,18523,Francis County,26.426051,-78.263935,Los Angeles Metro
LOC-0755,50801 Richards Branch Suite 253,Columbus,OH,17312,Valencia County,31.783086,-102.257037,Columbus Metro
LOC-0756,77731 Paul Roads,New Rochelle,NY,96471,Sims County,35.428459,-97.540082,New York Metro
LOC-0757,28217 Ashlee Gateway,Austin,TX,98575,Sims County,35.443766,-105.292961,Dallas-Fort Worth Metro
LOC-0758,534 Brown Meadows Apt. 560,LANSING,MI,35377,Lee County,27.897577,-94.992814,Detroit Metro
LOC-0759,7932 Mendez Turnpike Suite 239,Sterling Heights,MI,28045,Boyd County,26.391297,-106.234989,Detroit Metro
LOC-0760,69061 Janet Trail Apt. 054,Tacoma,WA,80928,Long County,28.390408,-106.405558,Seattle Metro
LOC-0761,548 Calhoun Walk Suite 876,San Jose,CA,98906,Todd County,30.459909,-77.306524,Los Angeles Metro
LOC-0762,5175 John Grove,Pittsburgh,PA,93958,Villa County,43.061068,-104.53154,Philadelphia Metro
LOC-0763,835 Solomon Port Apt. 543,Athens,GA,85813,Petersen County,32.720191,-106.920999,Atlanta Metro
LOC-0764,4963 Leah Spurs Suite 358,Arvada,CO,75002,Tran County,25.085033,-111.28757,Denver Metro
LOC-0765,9821 Little Ford,Albany,NY,53452,George County,33.645971,,New York Metro
LOC-0766,75367 Randolph Mount Suite 249,Los Angeles,CA,N/A,Jones County,31.683253,-112.919004,Los Angeles Metro
LOC-0767,8601 Lisa Glens,Los Angeles,CA,47237,Reilly County,45.363791,-83.02631,Los Angeles Metro
LOC-0768,948 Gonzalez Center Suite 791,orlando,FL,44313,Alvarez County,25.482856,-85.385214,Miami Metro
LOC-0769,1221 Wolf Center Apt. 141,Austin,TX,49986,Dunn County,33.501735,-102.776035,Dallas-Fort Worth Metro
LOC-0770,16309 Alejandro Junction Suite 463,Bellevue,WA,N/A,Hall County,45.302632,-116.544703,Seattle Metro
LOC-0771,532 Angela Island Apt. 263,Chesapeake,VA,66300,Weaver County,30.624642,-121.366874,Washington DC Metro
LOC-0772,19947 Cody Vista,Greensboro,NC,52949,Russell County,39.47756,-108.035822,Charlotte Metro
LOC-0773,9223 Rodriguez Garden,Sterling Heights,MI,20670,Lambert County,43.192936,-88.951472,Detroit Metro
LOC-0774,967 Jesse Vista Apt. 677,Thornton,CO,59055,Hernandez County,35.678147,-105.656081,Denver Metro
LOC-0775,608 Harris Spring Suite 685,Richmond,VA,86177,Morris County,46.18726,-90.712991,Washington DC Metro
LOC-0776,967 Nathan Squares Apt. 962,Albany,NY,61891,French County,34.775526,-102.506271,New York Metro
LOC-0777,55643 Roach Light,ROCKFORD,IL,21013,Burke County,36.932877,-110.879878,Chicago Metro
LOC-0778,93170 Armstrong Lake Suite 076,Erie,PA,66689,Ramsey County,43.503603,-105.929836,Philadelphia Metro
LOC-0779,64534 Buck Green Suite 223,Rochester,NY,57067,Nash County,31.77391,-95.3994,New York Metro
LOC-0780,65031 Christopher Square,AURORA,IL,19351,Tran County,37.558599,-104.975803,Chicago Metro
LOC-0781,84724 Michele Harbors Apt. 364,Hampton,VA,45974,Jackson County,38.892783,-116.141688,Washington DC Metro
LOC-0782,19092 Kelley Manors,greensboro,NC,49252,Jacobson County,32.972544,-67.179987,Charlotte Metro
LOC-0783,39111 Roth Fall,kirkland,WA,95733,Ferguson County,42.506692,-115.490975,Seattle Metro
LOC-0784,522 John Branch Suite 248,Norfolk,VA,77610,Li County,37.710151,-97.281915,Washington DC Metro
LOC-0785,2207 Meghan Garden,Austin,TX,66202,Hensley County,41.052649,-112.053669,Dallas-Fort Worth Metro
LOC-0786,473 Thompson Creek Apt. 290,Pittsburgh,PA,26822,Jones County,41.969516,-95.511388,Philadelphia Metro
LOC-0787,04787 Pierce Stream Suite 878,Albany,NY,62870,Gomez County,40.881928,-106.920679,New York Metro
LOC-0788,8628 Martinez Camp Apt. 195,San Francisco,CA,53286,Wilkinson County,43.380353,-71.916125,Los Angeles Metro
LOC-0789,666 Brooks Island,Cleveland,OH,18350,Freeman County,29.33179,-117.807614,Columbus Metro
LOC-0790,62792 Sanders Divide,AURORA,CO,23672,Smith County,29.08563,-76.890935,Denver Metro
LOC-0791,4767 Watson Ford,New York,NY,60579,Ford County,30.359907,-86.404516,New York Metro
LOC-0792,32145 Michael Lights Suite 194,Charlotte,NC,63852,Kelly County,47.760688,-116.639153,Charlotte Metro
LOC-0793,71553 Weeks Expressway Apt. 128,Parma,OH,36958,Nelson County,43.81161,-86.106819,Columbus Metro
LOC-0794,385 Shane Isle,Rockford,IL,99762,Lindsey County,29.639163,-67.508149,Chicago Metro
LOC-0795,9545 Laurie Prairie Apt. 776,Flint,MI,53108,Gallagher County,45.222506,-97.76834,Detroit Metro
LOC-0796,898 Yolanda Drives,Springfield,IL,69809,Fitzpatrick County,44.380708,-78.836233,Chicago Metro
LOC-0797,7422 Christopher Lights Suite 630,Tucson,AZ,33537,Williams County,41.864611,-97.903795,Phoenix Metro
LOC-0798,36936 Ronald Port,Detroit,MI,15723,Scott County,45.022411,-108.394752,Detroit Metro
LOC-0799,12047 Jeffery Expressway,Denver,CO,38476,Buckley County,34.459398,-80.573934,Denver Metro
LOC-0800,17595 Sosa Green Suite 582,Seattle,WA,52731,Contreras County,28.791299,-112.179791,Seattle Metro
LOC-0801,330 Webb Isle Suite 760,Woodbridge,NJ,70542,Crane County,42.157021,,New York Metro
LOC-0802,1283 Nicole Gateway Suite 218,El Paso,TX,52875,Wagner County,35.677648,-97.702651,Dallas-Fort Worth Metro
LOC-0803,669 Evans Gardens Apt. 971,Richmond,VA,46587,Hampton County,28.923549,-122.970231,Washington DC Metro
LOC-0804,6626 Good Isle,Fayetteville,NC,20169,Pace County,25.257844,-108.424621,Charlotte Metro
LOC-0805,3776 Richard Vista,Virginia Beach,VA,79769,Young County,41.025074,-76.319435,Washington DC Metro
LOC-0806,252 Watkins Walk,Alexandria,VA,61199,Miller County,35.211694,-89.902295,Washington DC Metro
LOC-0807,02867 Sarah Underpass,Buffalo,NY,41265,Morton County,,-122.407182,New York Metro
LOC-0808,07202 Terrell Lakes,WOODBRIDGE,NJ,22661,Shelton County,44.100365,-114.430675,New York Metro
LOC-0809,910 Patricia Isle Apt. 091,Arlington,TX,83669,Mcneil County,39.367487,-70.74334,Dallas-Fort Worth Metro
LOC-0810,26714 Gilbert Pine,Buffalo,NY,52384,Jones County,34.249208,-105.974307,New York Metro
LOC-0811,17942 Tyler Fork Suite 065,El Paso,TX,95189,Ortega County,26.010596,-73.528777,Dallas-Fort Worth Metro
LOC-0812,5844 Butler Freeway Suite 533,Atlanta,GA,84606,Murray County,47.057798,-89.807573,Atlanta Metro
LOC-0813,10912 Whitney Crossroad,Lakewood,NJ,53522,Hernandez County,42.519475,-84.805369,New York Metro
LOC-0814,5593 Graham Crossing,austin,TX,86681,Spears County,36.753601,-81.716606,Dallas-Fort Worth Metro
LOC-0815,370 Moore Fields Suite 100,san francisco,CA,26260,Randall County,41.972006,-80.836993,Los Angeles Metro
LOC-0816,2776 Cole Via Suite 659,Erie,PA,29879,Parrish County,39.766895,-110.430354,Philadelphia Metro
LOC-0817,24617 Hernandez Dam,Sandy Springs,GA,27598,Allen County,39.802848,-80.651849,Atlanta Metro
LOC-0818,3260 Crystal Station Suite 955,Lakewood,NJ,13105,Smith County,41.856082,-104.46448,New York Metro
LOC-0819,332 Becker Walks Suite 868,Thornton,CO,39156,Chaney County,33.774176,,Denver Metro
LOC-0820,0798 Ryan Throughway,CHANDLER,AZ,3522,Bryant County,47.816289,-70.518352,Phoenix Metro
LOC-0821,0691 Gallegos Mall Suite 993,Cary,NC,36787,Leblanc County,26.797784,-82.675621,Charlotte Metro
LOC-0822,4403 Foster Avenue,Albany,NY,42632,Schmidt County,38.257702,-68.839629,New York Metro
LOC-0823,73606 Susan Unions,Atlanta,GA,57131,Pratt County,28.858619,-98.841564,Atlanta Metro
LOC-0824,84907 Amanda Plaza Suite 136,Spokane,WA,7317,Castro County,33.772644,-75.319594,Seattle Metro
LOC-0825,83061 Lucas Neck Apt. 124,Ann Arbor,MI,33029,Jackson County,35.663978,-98.144623,Detroit Metro
LOC-0826,462 Harris Estates Suite 144,Austin,TX,71506,Cuevas County,46.071035,-123.761709,Dallas-Fort Worth Metro
LOC-0827,21031 Sanford Crescent,Erie,PA,64502,Hubbard County,47.321331,-102.730741,Philadelphia Metro
LOC-0828,88781 Contreras Harbors Apt. 515,Detroit,MI,15089,Thompson County,27.862983,-70.868615,Detroit Metro
LOC-0829,409 Victoria Estates,Peoria,IL,55688,Thomas County,36.238302,-84.756104,Chicago Metro
LOC-0830,837 Johnson Walk,Fort Collins,CO,41765,Price County,46.193777,-103.399386,Denver Metro
LOC-0831,86323 Ayala Summit Apt. 378,Woodbridge,NJ,89355,Townsend County,40.664529,-109.505582,New York Metro
LOC-0832,5300 Lopez Ports Suite 055,tucson,AZ,22098,Perry County,46.088306,-101.332985,Phoenix Metro
LOC-0833,7121 Brittany Mountains,Raleigh,NC,31734,Snyder County,30.816038,-106.773485,Charlotte Metro
LOC-0834,90534 Carter Walks Apt. 042,Akron,OH,63950,Dominguez County,46.259374,-74.443176,Columbus Metro
LOC-0835,45618 Jones Inlet Suite 600,Tacoma,WA,45261,Zavala County,46.390388,-101.315697,Seattle Metro
LOC-0836,12899 Michael Court Suite 551,chandler,AZ,19154,White County,34.610311,-100.239988,Phoenix Metro
LOC-0837,130 Collins Trace,Tampa,FL,27607,Pierce County,29.18564,-69.936451,Miami Metro
LOC-0838,898 Escobar Shoals,ORLANDO,FL,33950,Evans County,29.413351,-67.972014,Miami Metro
LOC-0839,46154 Derrick Court Apt. 170,Lakewood,CO,93418,Harrison County,31.741888,-102.469473,Denver Metro
LOC-0840,8142 Christopher Extension Apt. 910,Grand Rapids,MI,98185,Ruiz County,25.218651,-108.833397,Detroit Metro
LOC-0841,83608 Ray Stream,SEATTLE,WA,78463,Parsons County,33.640313,-94.355775,Seattle Metro
LOC-0842,8306 Christina Loaf,Savannah,GA,89216,Lee County,33.528058,-73.261325,Atlanta Metro
LOC-0843,2696 Adams Ridges Apt. 649,Scranton,PA,9005,Jimenez County,33.188672,-105.175451,Philadelphia Metro
LOC-0844,9342 Lisa Prairie,Richmond,VA,2820,Wilson County,27.826574,-93.754128,Washington DC Metro
LOC-0845,03301 Anderson Forge,Rochester,NY,99939,Hill County,35.929587,-100.451784,New York Metro
LOC-0846,031 Robert Junctions,mesa,AZ,57212,Clark County,47.300744,-82.058657,Phoenix Metro
LOC-0847,15566 Ramos Flats,Savannah,GA,20665,Hodge County,46.598949,-70.335776,Atlanta Metro
LOC-0848,65337 Avery Mews,Virginia Beach,VA,48517,Williams County,41.374665,-74.418053,Washington DC Metro
LOC-0849,7200 Warren Ford,newport news,VA,75264,Gutierrez County,31.931011,-85.635457,Washington DC Metro
LOC-0850,44260 Floyd Pines Apt. 975,Jacksonville,FL,73198,Turner County,30.540737,-111.936473,Miami Metro
LOC-0851,3476 Martin Forges,Houston,TX,13830,Kim County,46.366249,-72.549034,Dallas-Fort Worth Metro
LOC-0852,37638 Daniel Stravenue,Springfield,IL,97897,Wood County,28.122398,-93.531032,Chicago Metro
LOC-0853,148 Francis Brooks Apt. 913,Chesapeake,VA,85493,Roach County,38.815627,-87.292767,Washington DC Metro
LOC-0854,89982 Madden Alley Apt. 058,Alexandria,VA,94161,Barnes County,47.223704,-99.093152,Washington DC Metro
LOC-0855,73214 King Unions Suite 936,Chicago,IL,54595,Santiago County,46.555845,-81.556788,Chicago Metro
LOC-0856,67933 Williams Junction Suite 738,Mesa,AZ,85617,Cook County,32.148375,-90.366592,Phoenix Metro
LOC-0857,8011 Jesse Way,Cincinnati,OH,99037,Williams County,27.905069,-86.166662,Columbus Metro
LOC-0858,8118 Higgins Forges Apt. 351,San Jose,CA,51409,Johnson County,46.686468,-76.278651,Los Angeles Metro
LOC-0859,614 Orozco Course,Warren,MI,97208,Peterson County,44.03828,-122.0424,Detroit Metro
LOC-0860,114 Bradley Spurs,Virginia Beach,VA,85231,Hill County,44.059808,-95.783545,Washington DC Metro
LOC-0861,073 Clay Courts,Tacoma,WA,37605,Davis County,46.491957,-111.170911,Seattle Metro
LOC-0862,406 Michael Terrace,Spokane,WA,61355,Chavez County,43.74528,-71.994547,Seattle Metro
LOC-0863,19043 Lynn Fort,Cincinnati,OH,72052,Mclaughlin County,42.427426,-101.709404,Columbus Metro
LOC-0864,33247 Dorothy Fork,Norfolk,VA,81828,Montgomery County,28.010716,-81.120811,Washington DC Metro
LOC-0865,35462 Martha Estate,Glendale,AZ,95804,Wells County,28.163902,-84.330535,Phoenix Metro
LOC-0866,50826 Christopher Estate,New Rochelle,NY,9535,Lewis County,41.697023,-91.18612,New York Metro
LOC-0867,1632 Reeves Station,Jacksonville,FL,65982,Peters County,28.869127,-120.789104,Miami Metro
LOC-0868,2989 Stephanie Manors Apt. 974,Los Angeles,CA,95209,Stewart County,34.977893,-115.531606,Los Angeles Metro
LOC-0869,036 Bennett Plain,Dallas,TX,49674,Marshall County,46.954773,-86.790573,Dallas-Fort Worth Metro
LOC-0870,120 Jillian Place,Kirkland,WA,70774,Herring County,39.957152,-108.312686,Seattle Metro
LOC-0871,769 Brian Falls,HOUSTON,TX,74122,Ryan County,45.895004,-111.178703,Dallas-Fort Worth Metro
LOC-0872,30898 John Plaza,Columbus,GA,22393,Miller County,29.165222,-96.401086,Atlanta Metro
LOC-0873,4582 Bradley Overpass,GRAND RAPIDS,MI,18322,Horn County,44.830841,-93.361869,Detroit Metro
LOC-0874,31829 Jones Stravenue,Akron,OH,79479,Schultz County,36.934726,-90.670872,Columbus Metro
LOC-0875,572 Haney Junction,Arlington,TX,96321,Johnson County,29.155276,-89.851151,Dallas-Fort Worth Metro
LOC-0876,00152 Christopher Field,Tacoma,WA,26884,Castillo County,40.010732,-118.994207,Seattle Metro
LOC-0877,8509 Jennifer Knoll,Houston,TX,57652,Edwards County,28.946874,-68.305123,Dallas-Fort Worth Metro
LOC-0878,444 Christopher Via,San Jose,CA,48456,Hernandez County,35.233167,-91.106926,Los Angeles Metro
LOC-0879,7812 Madison Heights Apt. 567,Reading,PA,37504,Williams County,40.240191,-121.450073,Philadelphia Metro
LOC-0880,0090 Ebony Gardens Suite 551,Tempe,AZ,27590,Ward County,29.968919,-103.533286,Phoenix Metro
LOC-0881,266 Joe Drive Suite 835,Fort Worth,TX,60040,Wood County,28.756346,-98.004138,Dallas-Fort Worth Metro
LOC-0882,4296 Angela Canyon,Norfolk,VA,19248,Weber County,31.196193,-87.912169,Washington DC Metro
LOC-0883,3369 Montgomery Turnpike,Lansing,MI,77033,Lutz County,34.652789,-115.25099,Detroit Metro
LOC-0884,10401 King Pines,San Jose,CA,45405,Martinez County,27.529773,-92.742979,Los Angeles Metro
LOC-0885,4287 Gilmore Gateway,Allentown,PA,29179,Black County,30.192606,-123.43779,Philadelphia Metro
LOC-0886,381 Adams Drives Apt. 269,Columbus,OH,26187,Gregory County,41.751531,-106.526675,Columbus Metro
LOC-0887,946 Moore Gardens,Greensboro,NC,46961,Suarez County,38.97174,-72.895496,Charlotte Metro
LOC-0888,8631 Yu Glen,Cleveland,OH,98842,Miller County,37.228689,-90.106832,Columbus Metro
LOC-0889,4625 Todd Way,tampa,FL,77314,Marks County,40.123948,-115.867802,Miami Metro
LOC-0890,3558 Kelly Way,Thornton,CO,58516,Pruitt County,30.729567,-89.30393,Denver Metro
LOC-0891,176 Jenkins Harbors,Bethlehem,PA,47594,Roy County,34.838597,-70.32441,Philadelphia Metro
LOC-0892,15388 Maria Harbor,Springfield,IL,50063,Rivera County,32.192949,-118.861986,Chicago Metro
LOC-0893,9050 Mcdaniel Centers,Dallas,TX,21086,Kaiser County,37.745675,-95.90752,Dallas-Fort Worth Metro
LOC-0894,33353 Matthews Station Apt. 632,Dayton,OH,27881,Shaffer County,36.845264,-67.116598,Columbus Metro
LOC-0895,97871 Catherine Flat,Columbus,OH,10955,Allen County,41.159609,-81.268927,Columbus Metro
LOC-0896,373 Richard Islands,Arvada,CO,79220,Key County,25.974188,-98.426834,Denver Metro
LOC-0897,0119 Chang Islands,Bellevue,WA,32913-3184,Esparza County,36.814743,-69.708435,Seattle Metro
LOC-0898,8688 Alex Ferry,Philadelphia,PA,99006,Clark County,37.399751,-80.314407,Philadelphia Metro
LOC-0899,91561 Mary Pine,Naperville,IL,92729,Glass County,30.001653,-106.625271,Chicago Metro
LOC-0900,657 Baker Haven,Phoenix,AZ,90969,Morrow County,26.322425,-123.664207,Phoenix Metro
LOC-0901,609 Peter Ridge,Houston,TX,34400,Conner County,25.203866,-99.444182,Dallas-Fort Worth Metro
LOC-0902,14911 Rodriguez Highway,Colorado Springs,CO,7388,Perez County,42.697295,-109.742319,Denver Metro
LOC-0903,750 Katherine Lodge Apt. 223,Erie,PA,80310,Obrien County,27.499985,-99.001392,Philadelphia Metro
LOC-0904,37455 Jones Glens,Scranton,PA,57085,Peck County,41.312047,-117.692058,Philadelphia Metro
LOC-0905,88605 Kimberly Junction Apt. 766,Dayton,OH,14142,Graham County,29.576814,-96.680186,Columbus Metro
LOC-0906,112 Deleon Brook,Toledo,OH,99356,Mcmillan County,32.472417,-80.429616,Columbus Metro
LOC-0907,83566 Lisa Track,Thornton,CO,60967,Johnson County,47.026608,-78.815361,Denver Metro
LOC-0908,715 Cory Extensions,Oakland,CA,16820,Saunders County,32.869243,-68.343004,Los Angeles Metro
LOC-0909,5068 Ryan Coves Suite 768,Naperville,IL,66223,Schneider County,28.507402,-94.859329,Chicago Metro
LOC-0910,384 Brady Canyon,Mesa,AZ,42421,Wilson County,34.870655,-96.988109,Phoenix Metro
LOC-0911,087 Matthew Freeway Suite 882,Newport News,VA,34729,Russell County,38.597513,-87.8348,Washington DC Metro
LOC-0912,59101 Hayes Square,San Diego,CA,29163,Smith County,39.178749,-118.81668,Los Angeles Metro
LOC-0913,599 Linda Heights,Springfield,IL,40333,Andrews County,34.799745,-120.503066,Chicago Metro
LOC-0914,749 Richard Rapid,Austin,TX,56009,Mccarthy County,30.680279,,Dallas-Fort Worth Metro
LOC-0915,964 Davis Pike Suite 285,Woodbridge,NJ,47397,Riley County,45.895085,-118.256583,New York Metro
LOC-0916,59140 Hudson Turnpike,Allentown,PA,22699,Proctor County,40.708115,-80.083572,Philadelphia Metro
LOC-0917,31234 Kimberly Meadows,Tacoma,WA,87189,Powell County,33.546623,-86.935844,Seattle Metro
LOC-0918,9087 Raymond Crest,Denver,CO,88883,Bryant County,38.490913,-72.005921,Denver Metro
LOC-0919,72348 Abigail Forges Suite 953,Richmond,VA,19814,Roach County,39.237238,-106.815844,Washington DC Metro
LOC-0920,804 Phyllis Lodge,Fayetteville,NC,26755,Clay County,37.661401,-109.606046,Charlotte Metro
LOC-0921,99650 Richard Track,Lakewood,CO,57973,Howard County,41.498495,-72.081597,Denver Metro
LOC-0922,4186 Cooper Roads,Lakewood,CO,31880,Jones County,41.024243,-116.650749,Denver Metro
LOC-0923,87612 Lindsay Island,Kirkland,WA,62100,Duncan County,37.246807,-94.731201,Seattle Metro
LOC-0924,3468 John Underpass,Durham,NC,61150,Mejia County,31.244366,-113.508219,Charlotte Metro
LOC-0925,002 Goodwin Alley Apt. 869,Virginia Beach,VA,77213,Myers County,41.278342,-94.070827,Washington DC Metro
LOC-0926,01683 Christopher Fields Suite 001,Chesapeake,VA,32427,Brooks County,37.272013,-107.364932,Washington DC Metro
LOC-0927,414 Michaela Islands,Aurora,IL,16752,Brown County,30.727186,,Chicago Metro
LOC-0928,83976 Brent Land Apt. 440,Scranton,PA,58380,Huang County,46.76784,-73.612776,Philadelphia Metro
LOC-0929,9462 Jennifer Mission Apt. 662,Lakewood,CO,17505,Carlson County,25.239388,-103.73746,Denver Metro
LOC-0930,81776 Tina Port Apt. 406,Chicago,IL,N/A,Zuniga County,42.152705,-102.227084,Chicago Metro
LOC-0931,33373 Sharon Island Suite 235,Edison,NJ,67958,Moon County,31.182251,-90.845163,New York Metro
LOC-0932,78170 Melissa Expressway Apt. 192,Jacksonville,FL,66872,Smith County,45.749867,-118.659609,Miami Metro
LOC-0933,63852 Simpson Ports,Tucson,AZ,74293,Bray County,29.149353,-107.923478,Phoenix Metro
LOC-0934,33718 Parker Ramp Apt. 295,Chandler,AZ,34621-2180,Williams County,34.807086,-98.063623,Phoenix Metro
LOC-0935,8016 Mitchell Center Apt. 734,Newport  News,VA,11545,Collier County,33.691128,-122.819193,Washington DC Metro
LOC-0936,8127 Contreras Extension Apt. 102,Newark,NJ,20957,Fowler County,46.587763,,New York Metro
LOC-0937,821 Jose Manor Apt. 985,Seattle,WA,54353,Navarro County,26.954199,-116.063884,Seattle Metro
LOC-0938,973 Delacruz Fort Apt. 182,Tucson,AZ,72771,Stephens County,26.285137,-84.553652,Phoenix Metro
LOC-0939,0539 Moyer Brooks Suite 986,Phoenix,AZ,N/A,Powell County,,-100.328774,Phoenix Metro
LOC-0940,7067 Rachel Path,Albany,NY,56309,Chan County,30.195341,-73.897564,New York Metro
LOC-0941,50682 Donna Extension,Phoenix,AZ,24435,White County,46.998729,-107.936586,Phoenix Metro
LOC-0942,2165 Kimberly Plains Suite 146,Philadelphia,PA,89233,Hudson County,34.858453,-104.913888,Philadelphia Metro
LOC-0943,219 Mark Locks,Thornton,CO,91888,Novak County,33.012871,-118.076414,Denver Metro
LOC-0944,984 Russell Rest,Aurora,CO,20009,Weaver County,44.819421,-68.251183,Denver Metro
LOC-0945,20509 Eileen Plains,Jacksonville,FL,72709,Hamilton County,27.602773,-99.63517,Miami Metro
LOC-0946,424 Mathis Ridge Apt. 145,Pittsburgh,PA,60465,Hayes County,36.366749,-96.566553,Philadelphia Metro
LOC-0947,71523 West Neck Apt. 820,Paterson,NJ,95715,Peck County,33.81326,-92.687662,New York Metro
LOC-0948,6191 Simpson Place Suite 682,Cary,NC,20959,Vincent County,34.702338,-91.061043,Charlotte Metro
LOC-0949,722 Black Flat Suite 085,Virginia Beach,VA,10375,Maldonado County,44.563688,-103.343289,Washington DC Metro
LOC-0950,2350 Ware Shore,Houston,TX,57298,Kline County,44.935768,-77.316404,Dallas-Fort Worth Metro
LOC-0951,6957 Anthony Crossing Apt. 482,Scottsdale,AZ,65191,Osborne County,44.039902,-120.815657,Phoenix Metro
LOC-0952,4428 Murray Lock Apt. 259,Norfolk,VA,13453,Phillips County,34.768301,-120.917249,Washington DC Metro
LOC-0953,289 Clarke Village,Macon,GA,3073,Delacruz County,33.400617,-119.497382,Atlanta Metro
LOC-0954,915 Martin Common,Chandler,AZ,33910,Cohen County,28.222585,-93.935348,Phoenix Metro
LOC-0955,85725 Jackson Ports Apt. 693,Chesapeake,VA,94521,Oneill County,31.595689,-115.114422,Washington DC Metro
LOC-0956,8951 Michelle Parkways,Spokane,WA,11424,Rodriguez County,34.743278,-69.950208,Seattle Metro
LOC-0957,5078 Huber Vista Suite 095,Rockford,IL,39794,Avila County,28.606415,-68.532027,Chicago Metro
LOC-0958,3034 Natalie Passage Apt. 179,Naples,FL,9113,Washington County,34.022692,-77.117217,Miami Metro
LOC-0959,85934 Christopher Lakes,Arlington,TX,72575,Clark County,39.763489,-76.84654,Dallas-Fort Worth Metro
LOC-0960,54715 Harris Forge Apt. 593,Elizabeth,NJ,N/A,Roth County,33.342137,-79.608556,New York Metro
LOC-0961,813 West Island Apt. 094,Fort  Lauderdale,FL,37775,Cisneros County,42.399993,-106.380154,Miami Metro
LOC-0962,141 Kimberly Fall,San Francisco,CA,84727,Bryant County,37.966004,-78.957135,Los Angeles Metro
LOC-0963,987 Cassie Village,Chicago,IL,47015,Anderson County,36.50497,-106.075071,Chicago Metro
LOC-0964,45238 Morales Dam Suite 866,Naples,FL,53426,Brown County,42.053381,-118.242836,Miami Metro
LOC-0965,867 Ramirez Wall Apt. 275,Flint,MI,86855,Dixon County,25.860391,-114.810289,Detroit Metro
LOC-0966,596 Hogan Island Suite 282,Newark,NJ,40352,Torres County,43.571949,-86.709451,New York Metro
LOC-0967,65020 Brad Unions,Winston-Salem,NC,89788,Parker County,46.395226,-104.539329,Charlotte Metro
LOC-0968,313 Dawn Views,Reading,PA,6647,Ware County,41.393537,-85.076212,Philadelphia Metro
LOC-0969,5130 Morgan Bypass,Detroit,MI,84304,Boyd County,36.443025,-78.130593,Detroit Metro
LOC-0970,214 Mitchell Pike Suite 699,Cary,NC,21425,Carney County,35.460581,-114.326095,Charlotte Metro
LOC-0971,73677 Day Drive Apt. 258,Warren,MI,19323,Mercer County,42.754632,-109.297186,Detroit Metro
LOC-0972,4318 Linda Extensions,Fort Collins,CO,28408,Zimmerman County,47.348655,-96.169237,Denver Metro
LOC-0973,231 James Divide,Parma,OH,99205,Johns County,33.434842,-75.844368,Columbus Metro
LOC-0974,491 Nicholas Branch,Elizabeth,NJ,44449,Mcclure County,47.798707,-121.567492,New York Metro
LOC-0975,4723 Cooper Place,Spokane,WA,8350,Martin County,44.620375,-107.432346,Seattle Metro
LOC-0976,8172 Rachel Neck Suite 545,Dallas,TX,70591,Hart County,33.025573,-97.296144,Dallas-Fort Worth Metro
LOC-0977,2629 Mark River Apt. 876,Houston,TX,24201,Yoder County,46.217287,-80.211651,Dallas-Fort Worth Metro
LOC-0978,160 Jennifer Crest,Allentown,PA,73739,Brewer County,42.04955,-117.483393,Philadelphia Metro
LOC-0979,73373 Sue Burgs,Augusta,GA,51967,Nguyen County,47.719647,-79.870285,Atlanta Metro
LOC-0980,99936 Stephanie Street,Vancouver,WA,3797,Simmons County,44.964474,-69.699234,Seattle Metro
LOC-0981,914 Angela Divide Apt. 255,JERSEY CITY,NJ,19077,Park County,26.87931,-74.194774,New York Metro
LOC-0982,835 Adams Crossing,Yonkers,NY,34127,Burns County,27.126149,-72.606421,New York Metro
LOC-0983,732 Roberts Brooks Suite 449,Orlando,FL,64932,Cochran County,37.316645,-79.320129,Miami Metro
LOC-0984,127 Smith Ports Apt. 712,Thornton,CO,11301,Brown County,45.556924,-112.682081,Denver Metro
LOC-0985,978 Higgins Forest,Tampa,FL,5148,Henry County,45.619526,-70.772294,Miami Metro
LOC-0986,98832 Anthony Spring Apt. 256,Kirkland,WA,78248,Daniel County,47.729488,-70.230547,Seattle Metro
LOC-0987,320 Joseph Plaza,EDISON,NJ,38655,Burns County,29.31611,-84.302573,New York Metro
LOC-0988,889 Bailey Fords Suite 852,Rochester,NY,35055,Young County,38.267238,,New York Metro
LOC-0989,03044 Sandra Rue Apt. 995,Aurora,CO,26350,Rodriguez County,39.924969,-98.008143,Denver Metro
LOC-0990,2391 Kimberly Row,Durham,NC,N/A,Ray County,29.043718,-99.582134,Charlotte Metro
LOC-0991,014 Timothy Shoal Apt. 093,Durham,NC,96455,Buck County,35.062354,-107.854843,Charlotte Metro
LOC-0992,1397 Charlotte Crescent Apt. 602,Phoenix,AZ,23606-1269,Dennis County,39.173989,-100.557059,Phoenix Metro
LOC-0993,21767 Brian Rest,LAKEWOOD,CO,68209,Wise County,43.535025,-85.940522,Denver Metro
LOC-0994,16612 Bobby River,Vancouver,WA,25007,Griffith County,35.800208,-116.906888,Seattle Metro
LOC-0995,58733 Benjamin Ports Apt. 665,Parma,OH,6187,Clark County,33.616807,-111.235614,Columbus Metro
LOC-0996,274 Edward Tunnel,Naperville,IL,64357,Campbell County,25.095624,-72.183634,Chicago Metro
LOC-0997,40868 Sandra Wall,Tacoma,WA,78021,Smith County,38.798751,-104.899874,Seattle Metro
LOC-0998,29462 Mary Ramp Apt. 556,Syracuse,NY,35252,Franco County,34.046308,-121.059883,New York Metro
LOC-0999,039 Anderson Square,Elizabeth,NJ,32769,Silva County,32.316874,-114.968712,New York Metro
LOC-1000,37124 Rodney Knolls,Fort  Lauderdale,FL,85619,Dunn County,44.389707,-88.242852,Miami Metro
LOC-1001,4230 David Summit Apt. 027,PITTSBURGH,PA,13360,Conrad County,39.464565,-90.182573,Philadelphia Metro
LOC-1002,59273 Ramirez Expressway Apt. 716,Denver,CO,13314,Simmons County,28.002604,-98.138743,Denver Metro
LOC-1003,3224 Matthew Green,Yonkers,NY,48918,Benton County,44.330506,-82.600181,New York Metro
LOC-1004,034 John Crossing,SPRINGFIELD,IL,20874,Smith County,39.431074,-87.611966,Chicago Metro
LOC-1005,7975 Orozco Inlet Apt. 579,Athens,GA,28590,Rhodes County,45.57591,-118.711703,Atlanta Metro
LOC-1006,4623 Mendoza Coves Apt. 476,Tucson,AZ,74361,Smith County,34.516138,-96.268514,Phoenix Metro
LOC-1007,018 Benjamin Burg,Toledo,OH,93040,Shaffer County,,-113.751033,Columbus Metro
LOC-1008,317 Hill Course Suite 268,Lansing,MI,N/A,Williams County,32.88464,-104.233328,Detroit Metro
LOC-1009,157 Eddie Burgs,San Francisco,CA,43357,Oneill County,29.435441,-122.315351,Los Angeles Metro
LOC-1010,0713 Ricky Cove,Orlando,FL,25045,Wright County,25.678445,-116.101794,Miami Metro
LOC-1011,351 Lisa Heights Suite 847,Tampa,FL,36114,Evans County,33.016728,-92.564664,Miami Metro
LOC-1012,13009 White Place Suite 766,Savannah,GA,62421,Carlson County,30.752142,-112.721043,Atlanta Metro
LOC-1013,31805 Yvonne Unions Apt. 962,Columbus,OH,87015,Carson County,43.264289,-69.635562,Columbus Metro
LOC-1014,6662 Michael Circles Apt. 270,Akron,OH,51779,Johnson County,38.9678,-99.52916,Columbus Metro
LOC-1015,6614 Sims Burg Apt. 107,LAKEWOOD,NJ,31921,Chapman County,47.036241,-109.575371,New York Metro
LOC-1016,40049 Amy Plaza Apt. 949,Thornton,CO,79533,Smith County,25.688619,-113.745459,Denver Metro
LOC-1017,152 Jonathan Rest,PITTSBURGH,PA,96108,Shaw County,,-106.076185,Philadelphia Metro
LOC-1018,976 Fowler Rue Apt. 379,Chesapeake,VA,84379,Gonzales County,45.671111,-91.986487,Washington DC Metro
LOC-1019,6984 Robert Light,Raleigh,NC,46444,Moses County,46.764234,-77.97669,Charlotte Metro
LOC-1020,74077 Wright Village,Elizabeth,NJ,67043,Thompson County,32.362792,-112.763975,New York Metro
LOC-1021,2389 Aguilar Crescent Suite 014,Joliet,IL,69347,Martin County,32.518119,-102.177121,Chicago Metro
LOC-1022,203 Williams Mount Apt. 116,Lakewood,NJ,10609,Brown County,31.540414,-76.026357,New York Metro
LOC-1023,041 Joe Spur,lakewood,CO,9451,Miles County,35.807547,-76.698538,Denver Metro
LOC-1024,11708 Reilly Pass Apt. 186,Bethlehem,PA,20455,Shannon County,32.203017,-89.097723,Philadelphia Metro
LOC-1025,221 Arroyo Knolls Apt. 978,Savannah,GA,25913,Brooks County,46.567186,-118.143614,Atlanta Metro
LOC-1026,200 Fernandez Manor,Miami,FL,67105,Wells County,27.024385,-82.725849,Miami Metro
LOC-1027,123 Elliott Hills Suite 112,Charlotte,NC,16880,Dixon County,43.053713,-117.684195,Charlotte Metro
LOC-1028,942 Castro Parkways Apt. 769,Scranton,PA,59749,Harding County,28.917788,-116.14749,Philadelphia Metro
LOC-1029,040 Perez Crest Suite 196,Tucson,AZ,64171,Rodriguez County,40.369411,-94.259469,Phoenix Metro
LOC-1030,78327 Craig Valley Apt. 565,Columbus,GA,73269,Rodriguez County,31.067677,-107.114651,Atlanta Metro
LOC-1031,624 Nicole Manor Suite 966,Tucson,AZ,36986,Payne County,26.728321,-95.807472,Phoenix Metro
LOC-1032,604 Hunt Drive Apt. 702,Macon,GA,N/A,Hoffman County,29.799214,-90.340183,Atlanta Metro
LOC-1033,2259 Margaret Lodge,Tacoma,WA,95890,Hill County,36.603762,-71.89486,Seattle Metro
LOC-1034,89348 Patel Parkway,Macon,GA,36610,Perez County,29.32293,-108.163209,Atlanta Metro
LOC-1035,2467 Vicki Terrace,Scottsdale,AZ,29305,Rose County,,-117.718647,Phoenix Metro
LOC-1036,0911 Jones Village,Chicago,IL,79584,Rodriguez County,31.108311,-71.16512,Chicago Metro
LOC-1037,9236 Jesse Mountains,Jacksonville,FL,76574,Cortez County,35.150834,-102.922502,Miami Metro
LOC-1038,2304 Hawkins Court,Fort Collins,CO,34831,Morales County,38.663131,-93.814923,Denver Metro
LOC-1039,54472 Martinez Court,Newark,NJ,24559,Patterson County,26.222169,-121.965786,New York Metro
LOC-1040,44096 Bruce Mountains,Austin,TX,91293,Campos County,34.304866,-101.605531,Dallas-Fort Worth Metro
LOC-1041,182 Wheeler Ports Apt. 880,Chesapeake,VA,32417,Cline County,32.995562,-107.584425,Washington DC Metro
LOC-1042,214 Scott Loop Apt. 359,Dallas,TX,91542,Lopez County,32.022456,-72.319937,Dallas-Fort Worth Metro
LOC-1043,648 Jensen Plain Apt. 969,Dallas,TX,69666,Dunn County,25.292901,-96.947761,Dallas-Fort Worth Metro
LOC-1044,694 Mark Radial Suite 501,Chicago,IL,11275,Martinez County,47.299455,-90.759945,Chicago Metro
LOC-1045,920 Vang Gateway,Houston,TX,84352,Terry County,31.685147,-110.987603,Dallas-Fort Worth Metro
LOC-1046,051 Thomas Manors Apt. 398,SEATTLE,WA,53997,Mullins County,41.900745,-67.581792,Seattle Metro
LOC-1047,65362 Xavier Green Suite 590,erie,PA,56219,Gray County,32.675994,-94.48363,Philadelphia Metro
LOC-1048,09942 Moreno Prairie,Scottsdale,AZ,45381,Wright County,41.748957,-122.818545,Phoenix Metro
LOC-1049,6648 Reynolds Loop,Jersey City,NJ,14050,Williams County,42.043286,-68.522436,New York Metro
LOC-1050,2045 Grimes Overpass Suite 580,Albany,NY,45903,Duncan County,40.612435,-72.744381,New York Metro
LOC-1051,3389 Ronald Gardens Suite 466,Raleigh,NC,99006,Logan County,32.6175,-90.418573,Charlotte Metro
LOC-1052,5401 Chen Rapids,New York,NY,54993,Franklin County,27.828109,-78.666024,New York Metro
LOC-1053,06221 Edwin Falls,Allentown,PA,11092,Richmond County,40.767114,-97.419904,Philadelphia Metro
LOC-1054,7746 Kathryn Ridge Apt. 601,Ann Arbor,MI,49799,Miller County,26.486179,-107.200576,Detroit Metro
LOC-1055,115 Ferguson Path Suite 008,Scottsdale,AZ,74011,Smith County,,-86.365561,Phoenix Metro
LOC-1056,867 Frey Crossroad Apt. 129,Allentown,PA,75797,Larson County,42.684364,-115.16289,Philadelphia Metro
LOC-1057,0472 Sparks Walk Apt. 612,Norfolk,VA,20579,Cross County,25.739144,-70.822718,Washington DC Metro
LOC-1058,38437 Perez Key,Toledo,OH,22863,Horton County,46.164465,-89.968789,Columbus Metro
LOC-1059,078 Beltran Roads Apt. 548,Aurora,CO,28242,Thompson County,29.588653,-116.265627,Denver Metro
LOC-1060,83854 Robles Grove,Austin,TX,92355,Williams County,29.21756,-79.402873,Dallas-Fort Worth Metro
LOC-1061,4547 Singh Ways Apt. 112,Durham,NC,76036,Blackburn County,41.389766,-97.302404,Charlotte Metro
LOC-1062,748 Fleming River,toledo,OH,8325,Quinn County,42.635703,-118.959548,Columbus Metro
LOC-1063,7633 Newman Springs,Spokane,WA,58904,Newton County,37.4952,-91.762248,Seattle Metro
LOC-1064,03886 Lori Mountains Suite 080,Cleveland,OH,10780,Solis County,42.548897,-94.473528,Columbus Metro
LOC-1065,630 Murphy Roads,Peoria,IL,24031,Lee County,27.240178,-107.437115,Chicago Metro
LOC-1066,358 Joseph Forks Suite 340,Los Angeles,CA,98396,Johnson County,41.489882,-84.010358,Los Angeles Metro
LOC-1067,167 Wagner Passage,Augusta,GA,98562,Stein County,28.559836,-88.190351,Atlanta Metro
LOC-1068,2444 Green Meadow Apt. 838,Vancouver,WA,N/A,Koch County,25.000821,-89.583932,Seattle Metro
LOC-1069,9937 Alexis Spur,New York,NY,76296,Curtis County,26.280023,-117.056749,New York Metro
LOC-1070,91287 Sawyer Street Suite 999,Tucson,AZ,81659,Coleman County,39.093481,-98.969599,Phoenix Metro
LOC-1071,904 Olson Squares,naples,FL,28571,Anderson County,40.121703,-114.265797,Miami Metro
LOC-1072,47246 Benjamin Corners Suite 424,Savannah,GA,N/A,Anderson County,38.541567,-103.061654,Atlanta Metro
LOC-1073,397 Adrienne Freeway,Seattle,WA,65683,Bradley County,31.518711,-117.15279,Seattle Metro
LOC-1074,18706 Sherry Port,Fresno,CA,96139,Clark County,25.980531,-72.297669,Los Angeles Metro
LOC-1075,809 Gary Crossing,Richmond,VA,30750,Williams County,44.68431,-95.31728,Washington DC Metro
LOC-1076,23200 Heather Lights,AKRON,OH,95972,Murray County,40.086468,-91.900577,Columbus Metro
LOC-1077,00898 Espinoza Crossing Apt. 814,Tampa,FL,96303,Lopez County,34.060361,-71.778879,Miami Metro
LOC-1078,40384 Santos Row Apt. 980,Athens,GA,85502,Hartman County,36.660545,-86.442409,Atlanta Metro
LOC-1079,8235 Ortiz Radial Suite 100,Ann Arbor,MI,90933,Gonzalez County,26.554109,-122.317255,Detroit Metro
LOC-1080,6205 Harding Summit,Newark,NJ,99040,Chapman County,42.477913,-68.064281,New York Metro
LOC-1081,50066 Henderson Course Apt. 065,New York,NY,32806,Evans County,33.83392,-68.520776,New York Metro
LOC-1082,134 Lindsey Plains,chicago,IL,19552,Nguyen County,33.609409,-88.016239,Chicago Metro
LOC-1083,949 Williams Ridges Apt. 583,El Paso,TX,27460,Jordan County,38.196932,-112.615138,Dallas-Fort Worth Metro
LOC-1084,8268 Moore Rest,Aurora,IL,31245,Stevens County,37.156177,-78.96976,Chicago Metro
LOC-1085,386 Thomas Springs,Newark,NJ,28423,Guerrero County,33.269903,-100.74244,New York Metro
LOC-1086,150 Pratt Meadow Apt. 571,Naples,FL,94178,Hudson County,29.373149,-112.173938,Miami Metro
LOC-1087,93201 Ryan Squares Suite 789,Reading,PA,28071,Hansen County,35.094195,-88.34817,Philadelphia Metro
LOC-1088,0418 Kathleen Ports,Sarasota,FL,N/A,Richardson County,30.303191,-89.715094,Miami Metro
LOC-1089,75585 Steven Motorway,Peoria,IL,56911-3586,Carter County,47.266641,-119.737704,Chicago Metro
LOC-1090,274 Guzman Tunnel,Lakewood,CO,62326,Jones County,37.556657,-73.166923,Denver Metro
LOC-1091,1996 Ryan Fall,springfield,IL,54308,Martin County,29.611759,-73.382402,Chicago Metro
LOC-1092,8917 Lisa Greens Suite 421,Glendale,AZ,96944,Morrow County,26.433556,-95.867358,Phoenix Metro
LOC-1093,457 Luis Tunnel Apt. 092,Lansing,MI,14634,Martinez County,26.627551,-100.27431,Detroit Metro
LOC-1094,0900 Crystal Forges Suite 640,Lakewood,CO,26969,Stevens County,25.960042,-121.970795,Denver Metro
LOC-1095,47282 Clay Turnpike,Toledo,OH,3985,Ramirez County,26.273201,-79.904045,Columbus Metro
LOC-1096,78822 Love Garden,Chandler,AZ,12371,Davis County,26.19923,-80.356154,Phoenix Metro
LOC-1097,68507 Brian Keys Apt. 119,Akron,OH,N/A,Watson County,39.160024,-72.497576,Columbus Metro
LOC-1098,271 Leslie Meadow,Denver,CO,22057,Miller County,30.223895,-81.393886,Denver Metro
LOC-1099,537 Lori Dale,Detroit,MI,11952,Gonzalez County,30.748215,-120.757632,Detroit Metro
LOC-1100,1695 Adam Orchard,Chicago,IL,88959,Scott County,30.61762,-107.332475,Chicago Metro
LOC-1101,948 Lyons Forks,EL PASO,TX,42794,Cochran County,29.734802,-83.800454,Dallas-Fort Worth Metro
LOC-1102,876 Michelle Loop,Tucson,AZ,49677,Cooper County,42.944793,-107.317045,Phoenix Metro
LOC-1103,7161 Tiffany Flats Suite 813,Naperville,IL,N/A,Winters County,32.972615,-100.58247,Chicago Metro
LOC-1104,45025 Walker Falls,Dallas,TX,78287,Jones County,42.063899,-111.986131,Dallas-Fort Worth Metro
LOC-1105,57483 Savage Drive Suite 806,Miami,FL,67708,Atkins County,35.436549,-117.488398,Miami Metro
LOC-1106,67398 Veronica Glen Suite 883,Rockford,IL,2107,Payne County,,-102.115633,Chicago Metro
LOC-1107,3646 Amber Isle,Atlanta,GA,59719,Cook County,34.914954,-121.0212,Atlanta Metro
LOC-1108,4065 Harvey Knoll Apt. 562,Philadelphia,PA,54068,Harris County,45.87134,-77.81611,Philadelphia Metro
LOC-1109,090 Barrera Islands,Scranton,PA,66895,Rodriguez County,43.000092,-71.071711,Philadelphia Metro
LOC-1110,409 Pamela Courts Apt. 178,Durham,NC,98862,Pugh County,47.790497,-93.518601,Charlotte Metro
LOC-1111,025 Padilla Mills,Bellevue,WA,59976,Fleming County,47.830101,-110.421066,Seattle Metro
LOC-1112,220 Love Land,PATERSON,NJ,42759,Calhoun County,31.803973,-91.44829,New York Metro
LOC-1113,1201 Ian Island Suite 002,Springfield,IL,95594,Heath County,38.983981,-116.914534,Chicago Metro
LOC-1114,51532 Levy Shoal,Peoria,IL,7065,Parks County,25.204026,-121.890786,Chicago Metro
LOC-1115,9507 Williams Village Suite 173,Raleigh,NC,85965,Richard County,31.35825,-89.211274,Charlotte Metro
LOC-1116,805 Schneider Fort Apt. 006,Tampa,FL,46194,Roberts County,36.383365,-111.037122,Miami Metro
LOC-1117,0391 Joshua Crossroad,Newark,NJ,9579,Pace County,40.742152,-74.947494,New York Metro
LOC-1118,0894 Charles Hills,NORFOLK,VA,43954,Sims County,25.370718,-75.838939,Washington DC Metro
LOC-1119,59928 Reed Terrace,San Jose,CA,24308-8271,Sanchez County,27.603199,-119.585337,Los Angeles Metro
LOC-1120,952 Michael Cliffs Apt. 067,Tempe,AZ,19357,Hudson County,45.144622,-115.84447,Phoenix Metro
LOC-1121,069 Hahn Views,Erie,PA,59114,Kelley County,47.390528,-88.550767,Philadelphia Metro
LOC-1122,677 Williams Square,Colorado Springs,CO,N/A,Woodard County,29.864032,-106.152971,Denver Metro
LOC-1123,423 Ashley Heights Suite 953,Bellevue,WA,38163,Smith County,38.401784,-86.547618,Seattle Metro
LOC-1124,7625 Smith Estates Suite 017,Newark,NJ,39436,Lewis County,47.949698,-88.071511,New York Metro
LOC-1125,4262 Rodriguez Plain Suite 290,Arlington,TX,16741,Burton County,40.161548,-94.340848,Dallas-Fort Worth Metro
LOC-1126,34511 Jo Bypass,Warren,MI,53081,Duncan County,42.655799,-103.367997,Detroit Metro
LOC-1127,053 Dana Plains Suite 843,El Paso,TX,63729,Smith County,33.095646,-95.178324,Dallas-Fort Worth Metro
LOC-1128,66732 Juan Springs,Grand Rapids,MI,64899,Cook County,44.039885,-67.755537,Detroit Metro
LOC-1129,9887 Vincent Wall Apt. 129,Fort Collins,CO,97281,Mclaughlin County,30.986416,-107.647544,Denver Metro
LOC-1130,2603 Robert Unions Apt. 027,Akron,OH,85499,Wood County,45.273149,-112.70806,Columbus Metro
LOC-1131,47709 Aaron Mills,Miami,FL,82689,Wilson County,35.806786,-118.243264,Miami Metro
LOC-1132,38023 Graves Extension Apt. 921,Fresno,CA,19570,Gomez County,44.93824,-71.638489,Los Angeles Metro
LOC-1133,970 Cunningham Mews,Dayton,OH,N/A,Rodriguez County,45.640805,-72.793828,Columbus Metro
LOC-1134,638 Cook Plaza,VIRGINIA BEACH,VA,56525,Miller County,45.945507,-88.042576,Washington DC Metro
LOC-1135,772 Patrick Path Apt. 053,Vancouver,WA,34045,Mendoza County,38.559837,-77.253954,Seattle Metro
LOC-1136,86928 Nolan Unions,San Jose,CA,98330,Hicks County,33.725615,-99.000539,Los Angeles Metro
LOC-1137,0182 Jennifer Neck Apt. 002,Seattle,WA,74656,Arnold County,37.975021,-72.853807,Seattle Metro
LOC-1138,232 Brian Corners Suite 474,Cincinnati,OH,51756,Pena County,46.930814,-121.609738,Columbus Metro
LOC-1139,811 Dickson Lake,Norfolk,VA,46471,Ray County,39.155982,-118.330408,Washington DC Metro
LOC-1140,020 Barry Fords,Joliet,IL,32193,Irwin County,46.106941,-67.638082,Chicago Metro
LOC-1141,232 Jennifer Parks Suite 213,Paterson,NJ,37111,Watson County,36.700058,-114.375412,New York Metro
LOC-1142,28165 Richard Locks,Lakewood,CO,3557,Gonzalez County,44.147603,-122.530694,Denver Metro
LOC-1143,9377 Kelly Prairie,Sterling Heights,MI,78274,Davis County,35.438536,-71.674274,Detroit Metro
LOC-1144,10291 Fleming Via,San Antonio,TX,74651,Jennings County,44.883563,-67.394597,Dallas-Fort Worth Metro
LOC-1145,4690 Brandi Pines,BETHLEHEM,PA,39155,Robinson County,32.523661,-95.09757,Philadelphia Metro
LOC-1146,3841 Myers Drive,Fayetteville,NC,51262,Bradley County,25.882207,-118.274988,Charlotte Metro
LOC-1147,67080 Sullivan Land,New Rochelle,NY,9206,Novak County,39.593435,-123.545676,New York Metro
LOC-1148,7063 Spears Corner Suite 550,Yonkers,NY,71618,Turner County,43.718984,-82.187041,New York Metro
LOC-1149,4076 Petty Spur Suite 933,Denver,CO,3807,Bradley County,26.547009,-92.208982,Denver Metro
LOC-1150,49627 David Extension Suite 261,Dayton,OH,59845,Davis County,30.398463,-104.123885,Columbus Metro
LOC-1151,3625 Adams Drive,Aurora,CO,48288,Garcia County,36.275105,-88.088433,Denver Metro
LOC-1152,799 Jodi Lodge,Chicago,IL,47653,Hernandez County,35.284977,-109.898413,Chicago Metro
LOC-1153,419 Baker Flats,Scranton,PA,62178,Castro County,42.794681,-96.426892,Philadelphia Metro
LOC-1154,47250 Schmidt Fork,Dayton,OH,48132,Sanchez County,29.947442,-75.493664,Columbus Metro
LOC-1155,31158 Sullivan Landing,Allentown,PA,63900,Baird County,35.164886,-101.275268,Philadelphia Metro
LOC-1156,7694 Rivera Motorway Suite 945,Norfolk,VA,15980,Arroyo County,34.425665,-91.367175,Washington DC Metro
LOC-1157,65974 Hughes Stream Suite 163,Newark,NJ,90386,Bullock County,27.971953,-93.233263,New York Metro
LOC-1158,25450 Ashley Villages,Columbus,OH,53684,Giles County,42.637367,-92.485031,Columbus Metro
LOC-1159,152 Carlson Islands Suite 966,Reading,PA,30577,Turner County,34.097105,-83.084231,Philadelphia Metro
LOC-1160,13074 John Trail Apt. 426,Allentown,PA,82476,Martinez County,46.620317,-121.943727,Philadelphia Metro
LOC-1161,48933 Shelley Viaduct Apt. 454,Fort Worth,TX,7355,Lewis County,31.511064,-122.618071,Dallas-Fort Worth Metro
LOC-1162,9637 Damon Springs,San Diego,CA,59526,Mckee County,28.017443,-81.790033,Los Angeles Metro
LOC-1163,178 Gillespie Divide,Fort Worth,TX,6444,Frederick County,42.080996,-93.123217,Dallas-Fort Worth Metro
LOC-1164,8718 Flores Fords,Flint,MI,89389,Cox County,43.04975,-99.766296,Detroit Metro
LOC-1165,268 Green Vista Suite 017,AUGUSTA,GA,95989,Lee County,33.661357,-99.51653,Atlanta Metro
LOC-1166,086 Hutchinson View,Joliet,IL,79888,Hernandez County,33.795392,-67.390225,Chicago Metro
LOC-1167,7296 Fleming Lodge Apt. 370,Bellevue,WA,69279,Rodriguez County,47.429384,-101.351129,Seattle Metro
LOC-1168,052 Randolph Circles,Detroit,MI,53572,Johnson County,39.488018,-119.232831,Detroit Metro
LOC-1169,8000 Timothy Springs Apt. 214,Athens,GA,28524,Lopez County,44.275619,-94.165877,Atlanta Metro
LOC-1170,316 Cassandra Forks Apt. 368,Oakland,CA,63983,Drake County,32.770975,-115.415117,Los Angeles Metro
LOC-1171,2031 Nicholas Key,parma,OH,37423,Bell County,43.278003,-92.901442,Columbus Metro
LOC-1172,620 Barbara Roads,Erie,PA,77427,Chase County,42.012755,-82.215049,Philadelphia Metro
LOC-1173,2595 Renee Drive,San  Antonio,TX,11785,Jackson County,42.207422,-114.526773,Dallas-Fort Worth Metro
LOC-1174,93899 Aaron Lakes Suite 353,Sacramento,CA,92072,Anderson County,36.205448,-81.307374,Los Angeles Metro
LOC-1175,1850 Sanders Causeway Suite 082,Chicago,IL,48564,Price County,45.245202,-108.546865,Chicago Metro
LOC-1176,82360 Alexis Crossing Apt. 615,Lansing,MI,48036,Newman County,29.702622,-89.00201,Detroit Metro
LOC-1177,821 Wade Ville,Joliet,IL,53276,Mccoy County,41.562996,-75.413418,Chicago Metro
LOC-1178,467 Mark Terrace Suite 223,chandler,AZ,64565,Petty County,,-67.381312,Phoenix Metro
LOC-1179,222 Cynthia Throughway,YONKERS,NY,70108,Lawson County,26.405479,-97.284436,New York Metro
LOC-1180,58922 Jessica Knoll Suite 062,Raleigh,NC,11851,Nicholson County,31.315354,-77.216997,Charlotte Metro
LOC-1181,50637 Carl Rue Apt. 804,Naperville,IL,62857,Sanders County,37.905583,-87.428837,Chicago Metro
LOC-1182,1307 Perez Points Suite 185,El Paso,TX,33373,Hernandez County,27.353409,-78.577585,Dallas-Fort Worth Metro
LOC-1183,62608 Beck Forks,Reading,PA,87616,Duncan County,47.233154,-81.975865,Philadelphia Metro
LOC-1184,561 Cross Turnpike Suite 055,buffalo,NY,40386,King County,27.10078,-78.208832,New York Metro
LOC-1185,15164 Chris Trafficway,Phoenix,AZ,16840,Hull County,43.566391,-99.751873,Phoenix Metro
LOC-1186,6409 Barbara Lane Apt. 957,Seattle,WA,61543,Payne County,33.867187,-96.954754,Seattle Metro
LOC-1187,07020 Jackson Estate Apt. 197,Charlotte,NC,38036,Davis County,46.746268,-76.484519,Charlotte Metro
LOC-1188,41393 Bullock River,Durham,NC,42838,Powell County,37.831817,-99.181438,Charlotte Metro
LOC-1189,0987 Charles Meadow Suite 731,Bethlehem,PA,97823,Yates County,34.753792,-88.832471,Philadelphia Metro
LOC-1190,76075 Wong Manor,Albany,NY,11398,Gomez County,33.302802,-112.891349,New York Metro
LOC-1191,943 Carrie Roads,Aurora,CO,75902,Carrillo County,38.955812,-122.088893,Denver Metro
LOC-1192,3089 White Crossing Apt. 021,Fresno,CA,45936,Willis County,47.336236,-77.070435,Los Angeles Metro
LOC-1193,57644 Marsh Haven Suite 000,Lansing,MI,32776,Taylor County,45.123547,-81.216578,Detroit Metro
LOC-1194,4486 Morales Ports Suite 974,San Jose,CA,30079,Dyer County,29.068876,-75.496243,Los Angeles Metro
LOC-1195,3656 Jonathan Isle,Houston,TX,18169,Johnson County,44.731477,-108.183745,Dallas-Fort Worth Metro
LOC-1196,55373 Brianna Lights Suite 969,Virginia Beach,VA,98079,Lopez County,32.279047,-83.56939,Washington DC Metro
LOC-1197,1195 Ashley Light Apt. 530,reading,PA,97096,Neal County,44.267483,-85.830453,Philadelphia Metro
LOC-1198,025 Rodriguez Pines Apt. 763,Raleigh,NC,21005,Simmons County,26.023694,-89.313846,Charlotte Metro
LOC-1199,59489 Carr Keys,Woodbridge,NJ,10422,Livingston County,37.892866,-117.290269,New York Metro
LOC-1200,634 Molina Well Suite 344,Fort Worth,TX,N/A,Floyd County,27.08292,-82.415629,Dallas-Fort Worth Metro
LOC-1201,169 Karen Gardens Suite 497,Oakland,CA,11368,Mitchell County,33.61418,-119.367329,Los Angeles Metro
LOC-1202,4088 Dustin Causeway Suite 862,Glendale,AZ,35046,Jacobs County,41.976541,-106.302237,Phoenix Metro
LOC-1203,398 Garcia Estate Apt. 097,Aurora,IL,64261,Anderson County,29.329642,-73.636591,Chicago Metro
LOC-1204,70754 Lee Roads,Richmond,VA,74210,Mckinney County,33.363104,-79.974879,Washington DC Metro
LOC-1205,5792 Benjamin Branch Apt. 449,Lakewood,NJ,86706,Reynolds County,37.372822,-111.992221,New York Metro
LOC-1206,1293 Mackenzie Divide Suite 121,Kirkland,WA,37190,Harris County,47.27528,-92.558161,Seattle Metro
LOC-1207,6589 Lee Prairie Suite 708,Cary,NC,38607,Case County,25.723305,-117.428003,Charlotte Metro
LOC-1208,931 Mccarthy Plaza,Jacksonville,FL,58795,Evans County,40.141011,-72.627331,Miami Metro
LOC-1209,566 Christopher Fork Suite 034,Bethlehem,PA,30807,Zamora County,32.698387,-87.070765,Philadelphia Metro
LOC-1210,2203 Kyle Highway,Aurora,IL,34400,White County,35.0972,-88.853097,Chicago Metro
LOC-1211,10437 Gordon Square Suite 800,Richmond,VA,41927,Arnold County,33.58394,-104.740939,Washington DC Metro
LOC-1212,294 Mullins Causeway Apt. 177,Colorado Springs,CO,N/A,Small County,34.795567,-108.646424,Denver Metro
LOC-1213,4304 Mckenzie Centers,Fort Lauderdale,FL,49397,Moore County,47.200419,-70.257759,Miami Metro
LOC-1214,22894 Myers Falls Suite 523,Spokane,WA,53666,Harris County,26.237402,-118.847277,Seattle Metro
LOC-1215,302 Dennis Locks,Erie,PA,7037,Berry County,28.392293,-73.67158,Philadelphia Metro
LOC-1216,30303 Jon Mountain,New Rochelle,NY,21818,Alexander County,28.545173,,New York Metro
LOC-1217,675 Samuel Meadow,TAMPA,FL,82067,Thomas County,41.071934,-71.968516,Miami Metro
LOC-1218,955 Rachel Centers Apt. 453,Norfolk,VA,22559,Brown County,32.322204,-70.690043,Washington DC Metro
LOC-1219,98472 Anthony Groves,Peoria,IL,65652,Moran County,37.284649,-104.22857,Chicago Metro
LOC-1220,28471 Christopher Stravenue,San Francisco,CA,33351,Martin County,33.490049,-104.628496,Los Angeles Metro
LOC-1221,240 Brown Via,Vancouver,WA,94617,Johns County,36.498843,-121.477869,Seattle Metro
LOC-1222,8717 Morris Green Suite 199,Dayton,OH,29758,Walls County,33.896757,-77.187324,Columbus Metro
LOC-1223,0658 Amanda Mill,Cleveland,OH,99435,Moore County,27.447903,-78.044951,Columbus Metro
LOC-1224,258 Hector Island Apt. 956,Lakewood,NJ,11602,Long County,27.961009,,New York Metro
LOC-1225,482 Todd Road Apt. 791,Woodbridge,NJ,17144,Bauer County,30.948928,-87.855321,New York Metro
LOC-1226,11018 Church Canyon,Athens,GA,72068,Young County,44.415873,-68.609096,Atlanta Metro
LOC-1227,869 Elizabeth Cliffs Suite 074,Akron,OH,98436-1113,Steele County,32.753661,-70.751907,Columbus Metro
LOC-1228,251 Benson Fall,Scottsdale,AZ,69636,George County,35.689553,-121.728867,Phoenix Metro
LOC-1229,1222 Dougherty Summit,San Jose,CA,43072,Scott County,40.524914,-80.290476,Los Angeles Metro
LOC-1230,722 Michael Highway,Naperville,IL,68559,Hernandez County,39.627602,-90.040602,Chicago Metro
LOC-1231,2654 Horn Fields,Richmond,VA,21016,Stout County,27.899256,-115.755274,Washington DC Metro
LOC-1232,833 Phillips Mills,Erie,PA,41994,Wiley County,45.782351,-70.86082,Philadelphia Metro
LOC-1233,8878 Smith Mountain,Los Angeles,CA,15018,Smith County,47.467397,-87.644574,Los Angeles Metro
LOC-1234,59685 Cheryl Well,Virginia Beach,VA,93458,Edwards County,34.718188,-122.724142,Washington DC Metro
LOC-1235,4926 Walters Fords Apt. 956,Woodbridge,NJ,66811,Hall County,43.25383,-91.458978,New York Metro
LOC-1236,7752 Rhonda Port,Cary,NC,16400,Hernandez County,35.877123,-80.639014,Charlotte Metro
LOC-1237,65812 Anthony Land Apt. 294,Spokane,WA,9800,Wilson County,34.169425,,Seattle Metro
LOC-1238,3029 Stewart Shores Suite 363,New York,NY,96142,Ford County,31.142225,-89.852471,New York Metro
LOC-1239,629 Beck Falls,buffalo,NY,52547,Williams County,39.061884,-82.494654,New York Metro
LOC-1240,54980 Davis Ford Apt. 380,Dayton,OH,80969,Williams County,46.387072,-123.283668,Columbus Metro
LOC-1241,211 Melissa Court,Augusta,GA,75401,Herring County,41.047683,-85.639801,Atlanta Metro
LOC-1242,54815 Molly Plains,Scottsdale,AZ,92756,Butler County,47.653786,-119.263756,Phoenix Metro
LOC-1243,4019 Alyssa Greens Apt. 644,Naperville,IL,69178,Brady County,25.679985,-88.382826,Chicago Metro
LOC-1244,62987 Little Neck,Toledo,OH,13068,Sanchez County,31.529417,-81.589035,Columbus Metro
LOC-1245,566 Bautista Locks Suite 196,Raleigh,NC,26186-4576,Ramsey County,29.860019,-117.693932,Charlotte Metro
LOC-1246,2192 Stokes Fall,Redmond,WA,62575,Jones County,33.096566,-111.588102,Seattle Metro
LOC-1247,41042 Patel Underpass,Tacoma,WA,97062,Kaufman County,47.085506,-80.580071,Seattle Metro
LOC-1248,789 Christopher Wall Suite 269,Cleveland,OH,74858,Lynch County,31.584519,-71.300631,Columbus Metro
LOC-1249,812 Daniel Plaza Apt. 036,cincinnati,OH,53785,Henderson County,40.092384,-85.048949,Columbus Metro
LOC-1250,200 Michael Flat,Toledo,OH,9341,Adkins County,30.15643,-89.246754,Columbus Metro
LOC-1251,86310 Welch Islands Apt. 438,Lansing,MI,12992,Nolan County,30.748637,-91.54955,Detroit Metro
LOC-1252,8269 Donna Port,Philadelphia,PA,95736,Saunders County,36.760715,-112.9972,Philadelphia Metro
LOC-1253,76862 Avila Gardens,Hampton,VA,71888,Hodge County,46.191871,-105.60472,Washington DC Metro
LOC-1254,389 Nunez Ford,Syracuse,NY,42118,Lewis County,35.204024,-110.212632,New York Metro
LOC-1255,1851 Thompson Motorway Apt. 368,Newark,NJ,53418,Torres County,45.904208,-110.042783,New York Metro
LOC-1256,13282 Rachel Stravenue,Virginia Beach,VA,63260,Lynch County,47.897295,-74.856369,Washington DC Metro
LOC-1257,883 Hurst Mountain,Springfield,IL,89557,Mclaughlin County,37.285929,-122.647953,Chicago Metro
LOC-1258,750 Cisneros Orchard,Peoria,IL,15230,Snyder County,41.482366,-94.841097,Chicago Metro
LOC-1259,065 Adam Plain,Houston,TX,44406,Mills County,38.335676,-78.877743,Dallas-Fort Worth Metro
LOC-1260,19279 Huber Crescent Suite 815,Paterson,NJ,41859,Booker County,29.831955,-118.463835,New York Metro
LOC-1261,838 Bell Parks Apt. 026,Thornton,CO,42077,Bennett County,32.876187,-84.715935,Denver Metro
LOC-1262,629 Andrews Court Apt. 573,Rockford,IL,14685,Parker County,28.404551,-107.559465,Chicago Metro
LOC-1263,5394 Fuller Branch,Scranton,PA,30749,Gallagher County,32.009051,-83.354506,Philadelphia Metro
LOC-1264,99074 Thomas River Suite 694,Kirkland,WA,89619,Brown County,33.837214,-87.704547,Seattle Metro
LOC-1265,967 Anna Plaza Suite 474,Aurora,IL,44002,Hansen County,36.697606,-74.396744,Chicago Metro
LOC-1266,4183 Rodriguez Mountain Apt. 478,Colorado Springs,CO,94390,Acevedo County,44.610041,-106.085115,Denver Metro
LOC-1267,69881 Carter Prairie Apt. 445,Sandy Springs,GA,78843,Smith County,36.131964,-102.347275,Atlanta Metro
LOC-1268,860 Hanna Crest,Rochester,NY,29672,Houston County,42.89433,-79.011368,New York Metro
LOC-1269,62706 Roberts Rapids,Athens,GA,11599,Winters County,44.452156,-79.364016,Atlanta Metro
LOC-1270,248 Howard Cove,Rochester,NY,62231,Carrillo County,46.89665,-95.077259,New York Metro
LOC-1271,898 Nancy Unions,Glendale,AZ,20413,Williams County,26.28742,-91.697977,Phoenix Metro
LOC-1272,8839 Green Walk Apt. 856,Norfolk,VA,95302,Joyce County,30.251818,-83.109321,Washington DC Metro
LOC-1273,27500 Jason Springs,Rockford,IL,34905,Cooper County,46.101737,-72.349965,Chicago Metro
LOC-1274,619 Newman Brook Suite 641,Buffalo,NY,86188,Grant County,27.260215,-73.74648,New York Metro
LOC-1275,8467 Wayne Neck,Dallas,TX,67920-4234,Sloan County,27.297146,-90.405575,Dallas-Fort Worth Metro
LOC-1276,187 Robert Row,San Jose,CA,24617,Lara County,35.180762,-87.370241,Los Angeles Metro
LOC-1277,36510 Joseph Hill,Vancouver,WA,42997,Turner County,38.831145,-95.921507,Seattle Metro
LOC-1278,99067 Ortega Manors Suite 524,Greensboro,NC,49274,Case County,37.240371,-104.55489,Charlotte Metro
LOC-1279,21559 Brennan Dam Suite 622,Elizabeth,NJ,33878,Mcmillan County,32.341774,-68.4618,New York Metro
LOC-1280,90533 Gonzales Burgs,Arlington,TX,49929-8261,Green County,32.87593,-84.843341,Dallas-Fort Worth Metro
LOC-1281,6484 Watson Fork Suite 521,Arlington,TX,50265,Charles County,32.360365,-93.767227,Dallas-Fort Worth Metro
LOC-1282,350 Rivas Dam,Grand Rapids,MI,30263,Roberts County,29.413794,-101.414321,Detroit Metro
LOC-1283,12900 Preston Shoals Apt. 117,Jersey City,NJ,77694,Young County,40.030284,-79.041328,New York Metro
LOC-1284,772 Barton Plain,Aurora,CO,49795,Day County,32.043345,-82.577551,Denver Metro
LOC-1285,585 Spencer Extension,Joliet,IL,6467,White County,46.619708,-120.847477,Chicago Metro
LOC-1286,52516 Tiffany Islands Suite 591,Jacksonville,FL,12553,West County,29.650901,-86.262886,Miami Metro
LOC-1287,0805 Greene Green,San Diego,CA,60122,West County,37.879362,-112.631228,Los Angeles Metro
LOC-1288,7353 Barton Hills Suite 841,Mesa,AZ,41868,Whitaker County,41.62553,-70.334833,Phoenix Metro
LOC-1289,59497 Jordan Vista Apt. 053,Oakland,CA,73837,Freeman County,47.699372,-90.591481,Los Angeles Metro
LOC-1290,31836 Morgan Cliff,Allentown,PA,67425,Barker County,27.553708,-116.34577,Philadelphia Metro
LOC-1291,892 Mayer Passage,Kirkland,WA,29893,Wells County,38.565591,-91.276977,Seattle Metro
LOC-1292,152 Daniels Flat,Reading,PA,96598,Smith County,37.213632,-107.389095,Philadelphia Metro
LOC-1293,51521 Holt Lodge Suite 353,Arlington,TX,51151,Webb County,33.308281,-79.95593,Dallas-Fort Worth Metro
LOC-1294,89156 Lopez Harbors,Erie,PA,57474,Booth County,40.586382,-83.868562,Philadelphia Metro
LOC-1295,77629 Chapman Circles Suite 336,San  Francisco,CA,63841,Taylor County,43.539491,-78.508471,Los Angeles Metro
LOC-1296,6450 Hannah Creek Apt. 898,greensboro,NC,67305,Peterson County,47.07513,-74.23439,Charlotte Metro
LOC-1297,083 Martin Squares,Rockford,IL,18796,Miller County,38.002057,-68.46903,Chicago Metro
LOC-1298,844 Debra Loaf Suite 884,Bellevue,WA,21498,Harvey County,35.774276,-86.940082,Seattle Metro
LOC-1299,572 Colon Overpass Suite 958,Elizabeth,NJ,71042,Martinez County,45.252434,-81.880614,New York Metro
LOC-1300,022 Scott Prairie,Edison,NJ,79168,Ford County,42.007548,-69.93529,New York Metro
LOC-1301,48839 Roach Mountain,Chicago,IL,6111,Smith County,30.180289,-99.65247,Chicago Metro
LOC-1302,844 Cochran Turnpike Suite 367,Lakewood,NJ,69998,Hodges County,29.607626,-77.173089,New York Metro
LOC-1303,681 Ian Forge,Hampton,VA,34752,Little County,29.741316,-113.649557,Washington DC Metro
LOC-1304,856 Kimberly Ports,Phoenix,AZ,80788,Sanchez County,26.593138,-74.378305,Phoenix Metro
LOC-1305,145 Paige Brooks Apt. 177,Rochester,NY,45530,Ray County,46.1572,-79.976316,New York Metro
LOC-1306,2866 Jeffrey Turnpike Suite 158,Atlanta,GA,5916,Ryan County,44.953254,-75.311278,Atlanta Metro
LOC-1307,705 David Locks,Savannah,GA,59873,Smith County,27.866934,-68.753104,Atlanta Metro
LOC-1308,93910 Susan Place,Charlotte,NC,37477,Martinez County,36.249494,-89.523641,Charlotte Metro
LOC-1309,2551 Jennifer Canyon Apt. 858,Buffalo,NY,76441,Salinas County,30.871544,,New York Metro
LOC-1310,45024 Jennifer Ford,Vancouver,WA,23115,Morales County,46.751831,-76.317526,Seattle Metro
LOC-1311,873 Todd Dam Suite 135,Aurora,IL,21069,Hicks County,,-74.071316,Chicago Metro
LOC-1312,335 Lauren Circle Apt. 585,Alexandria,VA,15946,Cantrell County,30.726957,-91.818983,Washington DC Metro
LOC-1313,54731 Valencia View Suite 397,Richmond,VA,18019,Carroll County,29.825989,-81.828595,Washington DC Metro
LOC-1314,1164 Philip Springs Apt. 283,Tucson,AZ,32890,Ruiz County,47.201904,-81.7079,Phoenix Metro
LOC-1315,0289 Barajas Run,Denver,CO,13929,Gray County,32.039491,-88.357188,Denver Metro
LOC-1316,3428 Nicholas Glens,Philadelphia,PA,5346,Scott County,35.821553,-82.107802,Philadelphia Metro
LOC-1317,01975 Matthew Well Suite 640,Durham,NC,78839,Hester County,27.302651,-104.126015,Charlotte Metro
LOC-1318,38802 Baird Branch,Houston,TX,70874,Baker County,44.69123,-93.40655,Dallas-Fort Worth Metro
LOC-1319,3628 Jose Green Suite 718,Newark,NJ,71536,Fischer County,30.907817,-105.596042,New York Metro
LOC-1320,530 Andrews Cape,WOODBRIDGE,NJ,74592,Barnes County,44.595275,-112.811636,New York Metro
LOC-1321,9092 William Track Suite 987,Orlando,FL,22424,Hubbard County,31.492895,-88.94417,Miami Metro
LOC-1322,1358 Taylor Overpass Apt. 743,Alexandria,VA,70574,Smith County,36.958089,-91.101475,Washington DC Metro
LOC-1323,811 Combs View Suite 034,Tampa,FL,96665,Valentine County,41.937438,-75.50734,Miami Metro
LOC-1324,738 Ramos Summit,Newark,NJ,3387,Howard County,39.596505,-76.383392,New York Metro
LOC-1325,336 Juarez Mission,San Jose,CA,55075,Smith County,44.999094,-68.665553,Los Angeles Metro
LOC-1326,30909 Sheri Keys Apt. 860,Athens,GA,N/A,Lopez County,31.424019,-80.19487,Atlanta Metro
LOC-1327,2542 Sandra Cliff,Colorado Springs,CO,73878,Rios County,35.495268,-118.499306,Denver Metro
LOC-1328,19057 Anderson Grove,Chicago,IL,65904,Chang County,47.189332,-116.804994,Chicago Metro
LOC-1329,07941 Erik Landing,Houston,TX,48759,Cuevas County,32.995358,-98.203805,Dallas-Fort Worth Metro
LOC-1330,109 Klein Inlet,Scottsdale,AZ,76965,Garcia County,,-111.354146,Phoenix Metro
LOC-1331,48709 Hernandez Loaf,Reading,PA,29892,Bird County,37.202915,-121.321272,Philadelphia Metro
LOC-1332,22517 Leon Ferry Suite 043,Newport News,VA,N/A,Jackson County,28.809617,-87.844181,Washington DC Metro
LOC-1333,89003 Reyes Meadows,Kirkland,WA,89910,Garcia County,29.650511,-121.212006,Seattle Metro
LOC-1334,07028 West Shoal Apt. 020,Akron,OH,72461,Johnson County,,-70.52583,Columbus Metro
LOC-1335,66219 Gonzalez Plains Apt. 057,Fayetteville,NC,90362,Alvarez County,26.53674,-80.955335,Charlotte Metro
LOC-1336,01732 Moses Port Apt. 073,Sarasota,FL,41780,Gilbert County,28.667189,-100.116471,Miami Metro
LOC-1337,07221 James Via,Philadelphia,PA,46204,James County,34.233132,-82.619199,Philadelphia Metro
LOC-1338,871 Simpson Ferry,Albany,NY,46106,Wilson County,25.247688,-117.314355,New York Metro
LOC-1339,4617 Ashley Plaza Apt. 707,Edison,NJ,96562,Scott County,43.911528,-93.14821,New York Metro
LOC-1340,0234 Vincent Curve,Arvada,CO,54744,White County,46.838222,-121.664617,Denver Metro
LOC-1341,60252 Rhonda Groves,Elizabeth,NJ,32079,Campos County,40.903049,-78.71603,New York Metro
LOC-1342,094 Harmon Mission,Houston,TX,89077,Salinas County,44.896957,-110.246322,Dallas-Fort Worth Metro
LOC-1343,69032 May Knoll Suite 132,Richmond,VA,N/A,Ruiz County,42.708748,-75.987475,Washington DC Metro
LOC-1344,794 Tara Springs,Edison,NJ,97422,Anderson County,47.610992,-119.263678,New York Metro
LOC-1345,598 Rodriguez Camp Apt. 119,Syracuse,NY,87474,Contreras County,31.112346,-67.153755,New York Metro
LOC-1346,912 Fernandez Lodge Suite 986,Flint,MI,89511,Scott County,46.280591,-102.192528,Detroit Metro
LOC-1347,623 Gray Circle Apt. 884,Kirkland,WA,85448-4909,Collins County,33.296119,-85.661265,Seattle Metro
LOC-1348,83781 Ashley Overpass Suite 992,Dayton,OH,55521,Miller County,35.125637,-97.737651,Columbus Metro
LOC-1349,06983 Franklin Stream Apt. 353,Parma,OH,66596,Ramirez County,25.589733,-91.68499,Columbus Metro
LOC-1350,647 William Crest Apt. 986,Austin,TX,13719,Flores County,44.536892,-109.549689,Dallas-Fort Worth Metro
LOC-1351,20212 Julia Overpass Apt. 055,Rochester,NY,16265,Smith County,41.079402,-87.815982,New York Metro
LOC-1352,00008 Wright Highway,Cary,NC,94972,Manning County,34.23038,-104.133269,Charlotte Metro
LOC-1353,3919 Aaron Pike Apt. 141,Phoenix,AZ,90793,Sullivan County,43.518581,-68.943493,Phoenix Metro
LOC-1354,91692 Dominic Park,THORNTON,CO,63223,Harris County,36.435432,-113.387048,Denver Metro
LOC-1355,989 Singh River Apt. 608,Richmond,VA,67379,Pope County,42.359729,-69.319425,Washington DC Metro
LOC-1356,8186 Cooke Loaf Apt. 000,Warren,MI,94188,Morse County,42.405723,-93.319502,Detroit Metro
LOC-1357,336 Pamela Stream Apt. 711,NEW YORK,NY,88377,Mills County,40.253374,-75.424098,New York Metro
LOC-1358,1985 Rivera Divide,Erie,PA,N/A,Malone County,46.989724,-77.569334,Philadelphia Metro
LOC-1359,03401 Harris Track Apt. 466,Detroit,MI,39468,Johnson County,25.937775,-92.764729,Detroit Metro
LOC-1360,9994 Perkins Squares Suite 667,Augusta,GA,38701,Hernandez County,30.194151,,Atlanta Metro
LOC-1361,08240 Jasmine Plains,New York,NY,73343,Kent County,34.534094,-92.580109,New York Metro
LOC-1362,38794 Edward Lock,Scottsdale,AZ,92215,Taylor County,45.753882,-101.935084,Phoenix Metro
LOC-1363,174 Conway Mountain Apt. 536,Bethlehem,PA,66533,Collins County,45.701216,-70.595436,Philadelphia Metro
LOC-1364,7004 Erik Court,Norfolk,VA,42361,Riddle County,38.316045,-118.49258,Washington DC Metro
LOC-1365,518 Glenda Cliff,Richmond,VA,23737,Fuller County,38.894106,-82.953944,Washington DC Metro
LOC-1366,9046 Nicole Circle Suite 923,Cary,NC,70986,Brown County,44.242108,-97.766384,Charlotte Metro
LOC-1367,0012 Alexandra Mount Apt. 012,dallas,TX,68781,Gonzalez County,26.323553,-104.186623,Dallas-Fort Worth Metro
LOC-1368,615 David Shoal,PATERSON,NJ,46187,Conway County,46.789076,-82.517651,New York Metro
LOC-1369,76653 Collins Stream Apt. 422,Hampton,VA,61936,Good County,35.39857,-93.311445,Washington DC Metro
LOC-1370,46019 Mason Avenue Suite 734,Flint,MI,63364,Vasquez County,37.41109,,Detroit Metro
LOC-1371,3586 Travis Lodge,Detroit,MI,56969,Nichols County,42.816281,-119.952236,Detroit Metro
LOC-1372,1272 Chavez Alley,Naples,FL,88843,Hicks County,47.760574,-76.362853,Miami Metro
LOC-1373,656 Melissa Harbor Apt. 976,Virginia Beach,VA,22341,Phelps County,38.202066,-69.905296,Washington DC Metro
LOC-1374,494 Mcdonald Common Apt. 903,Richmond,VA,54996,Ward County,32.157494,-113.887576,Washington DC Metro
LOC-1375,1848 Holder Drive,Dallas,TX,36293,Martinez County,47.669629,-87.918582,Dallas-Fort Worth Metro
LOC-1376,3404 Koch Terrace Suite 821,greensboro,NC,89450-1969,Hernandez County,,-118.557052,Charlotte Metro
LOC-1377,649 Martin Glens Apt. 064,Los Angeles,CA,5014,Owen County,45.818336,-91.888212,Los Angeles Metro
LOC-1378,19738 Amanda Mountain,Yonkers,NY,33827,Wright County,47.442811,-118.47295,New York Metro
LOC-1379,43594 Jennifer Pines Suite 968,Reading,PA,67763,Johnson County,45.232455,-113.882955,Philadelphia Metro
LOC-1380,4051 Victoria Falls Apt. 254,san jose,CA,80462,Gonzalez County,43.253892,-117.143864,Los Angeles Metro
LOC-1381,23016 Larry Summit Suite 037,Austin,TX,87346,Thomas County,45.705304,-95.63389,Dallas-Fort Worth Metro
LOC-1382,03203 Brooke Plaza Apt. 114,Aurora,CO,96309,Johnson County,33.943454,-98.467672,Denver Metro
LOC-1383,47131 Adkins Radial,Pittsburgh,PA,41385,Carson County,36.287667,-78.738924,Philadelphia Metro
LOC-1384,16259 Jennifer Green Apt. 947,Fort Collins,CO,96462,Underwood County,44.298431,-118.369519,Denver Metro
LOC-1385,0113 Peterson Junction Apt. 107,Reading,PA,79720,Livingston County,42.40924,-87.337685,Philadelphia Metro
LOC-1386,072 George Centers Apt. 716,Spokane,WA,92095,Rodriguez County,35.008193,-119.303833,Seattle Metro
LOC-1387,819 Daugherty Drives,Durham,NC,50094,Anderson County,43.086279,-107.629946,Charlotte Metro
LOC-1388,996 Castillo Trail,Phoenix,AZ,21689,Martinez County,38.511807,-72.684248,Phoenix Metro
LOC-1389,5307 Castro Coves,Virginia Beach,VA,16187,Yoder County,33.852732,-103.94936,Washington DC Metro
LOC-1390,48085 Owens Parkway,Lakewood,NJ,76633,Johnson County,29.100673,-102.863036,New York Metro
LOC-1391,443 Jason Locks,San Antonio,TX,39041,Maynard County,26.67816,-112.394331,Dallas-Fort Worth Metro
LOC-1392,69069 Arnold Vista,Los Angeles,CA,37004,Bryant County,27.675614,-107.444824,Los Angeles Metro
LOC-1393,706 Fleming Knolls Apt. 691,Arvada,CO,33207,Sanchez County,44.011161,-102.808325,Denver Metro
LOC-1394,215 Jill Villages Suite 426,Fort Lauderdale,FL,97625,Jones County,46.210089,-85.217444,Miami Metro
LOC-1395,33508 Orozco Estate Suite 319,Aurora,IL,95634,Medina County,31.270144,-84.653968,Chicago Metro
LOC-1396,248 Gordon Forges,Peoria,IL,73991,Johnson County,25.239883,-84.526181,Chicago Metro
LOC-1397,69105 Brandon Courts Suite 167,Naples,FL,19243,Cortez County,27.651403,-72.573623,Miami Metro
LOC-1398,463 Elizabeth Ridges Suite 348,Pittsburgh,PA,43619,Davis County,41.445538,-84.383904,Philadelphia Metro
LOC-1399,0147 Green Drives,Scottsdale,AZ,25650,Henry County,45.368792,-112.478812,Phoenix Metro
LOC-1400,57385 Garner Way Apt. 281,Buffalo,NY,14678,Bullock County,27.51491,-110.96723,New York Metro
LOC-1401,1239 Hubbard Parks Apt. 554,Kirkland,WA,41686,Moore County,33.530744,-81.914259,Seattle Metro
LOC-1402,972 Jessica Brook,Edison,NJ,34768,Hernandez County,,-121.5058,New York Metro
LOC-1403,5467 Thomas Knolls Apt. 710,Mesa,AZ,55890,Murray County,45.735945,-120.783595,Phoenix Metro
LOC-1404,715 Trujillo Throughway,Charlotte,NC,92210,Pearson County,40.134281,-98.984319,Charlotte Metro
LOC-1405,0317 Parker Forks,Syracuse,NY,82987,Moreno County,37.583837,-105.899447,New York Metro
LOC-1406,4148 Thornton Skyway,winston-salem,NC,32271,White County,32.398094,-121.809489,Charlotte Metro
LOC-1407,92546 Zavala Mission,sacramento,CA,17656,Lopez County,42.679995,-117.180401,Los Angeles Metro
LOC-1408,76642 Sean Lane Apt. 271,ANN ARBOR,MI,95047,Heath County,35.95785,-91.424963,Detroit Metro
LOC-1409,3867 Holt Knolls,Toledo,OH,41151,Munoz County,39.089996,-104.326664,Columbus Metro
LOC-1410,687 Richard Skyway,Colorado Springs,CO,57203,Benson County,31.597861,-82.334224,Denver Metro
LOC-1411,869 Gregory Square Suite 534,Aurora,IL,12744,Smith County,31.896726,-121.574371,Chicago Metro
LOC-1412,892 Gonzalez Manor,Tucson,AZ,26387,Harmon County,33.117652,-70.312778,Phoenix Metro
LOC-1413,764 Leon Springs Suite 670,Richmond,VA,60913,Doyle County,32.769431,-86.073715,Washington DC Metro
LOC-1414,5542 Jefferson Radial Apt. 384,Buffalo,NY,84499,Thomas County,45.092941,-86.418419,New York Metro
LOC-1415,3627 Henry Squares,Cary,NC,63504,Thompson County,32.058677,-101.608715,Charlotte Metro
LOC-1416,1117 Curtis Overpass,Columbus,GA,91735,Simmons County,29.586424,-104.75206,Atlanta Metro
LOC-1417,1620 Moore Plains,Lakewood,CO,6806,Watson County,29.748425,-91.658604,Denver Metro
LOC-1418,8698 Antonio Extensions Apt. 690,Edison,NJ,94048,Clark County,42.982755,-112.724844,New York Metro
LOC-1419,02698 Cody Grove,Glendale,AZ,73790,Lopez County,46.459465,-89.097481,Phoenix Metro
LOC-1420,7106 Miranda Mission Suite 031,Newark,NJ,2123,Ross County,46.163951,-74.440567,New York Metro
LOC-1421,0500 Aguilar Fords,Aurora,CO,29739,Lopez County,32.073922,-120.236684,Denver Metro
LOC-1422,44693 Michelle Mill Apt. 947,Arvada,CO,54383,Hamilton County,31.664044,-118.214529,Denver Metro
LOC-1423,083 Judith Throughway,Orlando,FL,79770,Spears County,34.422637,-91.985148,Miami Metro
LOC-1424,25998 Rodriguez Rapids Apt. 932,Springfield,IL,42688,Murray County,40.268989,-115.641161,Chicago Metro
LOC-1425,2812 Lynn Forges,Jacksonville,FL,72505,Bailey County,25.458945,-84.777075,Miami Metro
LOC-1426,9602 Higgins Mission,Ann Arbor,MI,12602,Foster County,46.771894,-91.693369,Detroit Metro
LOC-1427,72845 Brianna Greens Suite 070,AURORA,CO,27687,Wagner County,40.579583,-71.744452,Denver Metro
LOC-1428,0675 Mathis Brooks Apt. 080,Jersey City,NJ,52034,Ortega County,43.233983,-79.165096,New York Metro
LOC-1429,290 Jacob Club,Atlanta,GA,87374,Strong County,28.888384,-75.478589,Atlanta Metro
LOC-1430,90448 Brenda Extensions Apt. 533,Charlotte,NC,3187,Clark County,30.49249,-106.521741,Charlotte Metro
LOC-1431,35102 Bullock Valley,San Diego,CA,96074,Rivera County,26.845616,-92.577376,Los Angeles Metro
LOC-1432,93545 Jeremy Lodge,Detroit,MI,12518,Carpenter County,29.591775,-97.203105,Detroit Metro
LOC-1433,393 James Estates Suite 362,Springfield,IL,58076,Vargas County,44.633413,-79.30514,Chicago Metro
LOC-1434,80598 David Village,Scranton,PA,35284,Church County,31.133468,-71.938631,Philadelphia Metro
LOC-1435,1290 Deleon Terrace Suite 599,Paterson,NJ,2487,Mendez County,27.956094,-80.562389,New York Metro
LOC-1436,23763 Timothy Inlet,Dallas,TX,41056,Chapman County,,-123.450221,Dallas-Fort Worth Metro
LOC-1437,10629 Davidson Port Apt. 759,SCOTTSDALE,AZ,86382,Odom County,45.041036,-97.736509,Phoenix Metro
LOC-1438,226 Jones Forks,Fort  Worth,TX,28181,Garcia County,42.159474,-119.374131,Dallas-Fort Worth Metro
LOC-1439,62647 Hernandez Walk Suite 461,Sacramento,CA,40549,Merritt County,41.490521,-101.946646,Los Angeles Metro
LOC-1440,096 Shane Trafficway,Tucson,AZ,74920,Perez County,29.279492,-107.580381,Phoenix Metro
LOC-1441,928 Stewart Dam,Sacramento,CA,10827-4239,Nelson County,31.055017,-73.943931,Los Angeles Metro
LOC-1442,11535 Smith Court,El Paso,TX,34667,Nelson County,32.392325,-67.457116,Dallas-Fort Worth Metro
LOC-1443,91430 Washington Ramp,Warren,MI,76408,Murray County,30.019939,-109.695861,Detroit Metro
LOC-1444,7925 Heath Drives,Fresno,CA,99591,Arellano County,42.348833,-120.31476,Los Angeles Metro
LOC-1445,458 Brittany Street,Virginia Beach,VA,66373-8306,Pennington County,25.275976,-81.576684,Washington DC Metro
LOC-1446,8770 Vasquez Light,Aurora,CO,89364,Gallegos County,26.515213,-109.041074,Denver Metro
LOC-1447,32998 Gomez Knolls,Hampton,VA,75496,Salas County,36.249012,-92.882737,Washington DC Metro
LOC-1448,57846 Brown Pike,Miami,FL,63704,Cook County,35.617725,-71.363577,Miami Metro
LOC-1449,883 Teresa Islands Suite 726,Macon,GA,69267,Kramer County,41.970761,-102.022843,Atlanta Metro
LOC-1450,846 Martinez Prairie,Tacoma,WA,92862,Maxwell County,33.411331,-99.240268,Seattle Metro
LOC-1451,3551 Jackson Estate Apt. 250,Fort Lauderdale,FL,38441-7410,Fischer County,35.862629,-108.559265,Miami Metro
LOC-1452,6247 Andrea Field,Tampa,FL,82001,Chapman County,29.368759,-89.410975,Miami Metro
LOC-1453,01223 Miller Port Apt. 900,Tucson,AZ,9726,Jacobs County,47.113107,-120.186353,Phoenix Metro
LOC-1454,2702 Ross Greens Suite 095,Aurora,IL,74779,Jordan County,34.575945,-123.260847,Chicago Metro
LOC-1455,74003 Brendan Trace,Paterson,NJ,66229,Miller County,38.779664,-93.810707,New York Metro
LOC-1456,53892 Ethan Villages,Hampton,VA,84098,Ford County,26.451875,-98.516542,Washington DC Metro
LOC-1457,360 Robert Brooks,Scranton,PA,50964,Huynh County,45.74232,-96.857302,Philadelphia Metro
LOC-1458,7056 Ross Spur,Tacoma,WA,26663,Goodman County,42.976688,-91.380327,Seattle Metro
LOC-1459,6264 Jeanne Station,Grand Rapids,MI,42649,Ayers County,35.804308,-122.894354,Detroit Metro
LOC-1460,95372 Joseph Course,Spokane,WA,20657,Wallace County,35.641853,-72.675459,Seattle Metro
LOC-1461,231 Tonya Flat Suite 109,San Antonio,TX,35320,Green County,31.352838,-115.844249,Dallas-Fort Worth Metro
LOC-1462,4231 Bailey Viaduct,Buffalo,NY,52888,Roberts County,39.275008,-91.97296,New York Metro
LOC-1463,2776 Woods Manor,Columbus,GA,80295,Shannon County,43.646758,-113.272882,Atlanta Metro
LOC-1464,3494 Cindy Cape,SPRINGFIELD,IL,35551,Fuentes County,36.594973,-109.851091,Chicago Metro
LOC-1465,75518 Smith Corners Suite 999,Phoenix,AZ,36770,Lopez County,25.581525,-86.856807,Phoenix Metro
LOC-1466,202 Castro Mills Suite 441,Macon,GA,29348,Mack County,33.786448,-115.05223,Atlanta Metro
LOC-1467,45653 Armstrong Mission,Aurora,CO,35923,Hudson County,35.42667,-114.714638,Denver Metro
LOC-1468,54853 Wilkinson Dam,Houston,TX,82427,Barnes County,28.260315,-76.587153,Dallas-Fort Worth Metro
LOC-1469,7238 Gross Grove,Dayton,OH,33330,Brown County,44.229686,-122.031563,Columbus Metro
LOC-1470,95385 Olson Grove,Detroit,MI,17321,Thompson County,41.414275,-95.689433,Detroit Metro
LOC-1471,435 Mary Bypass Apt. 781,Fort Worth,TX,40803-6903,Green County,47.363347,-104.724991,Dallas-Fort Worth Metro
LOC-1472,47614 Stanley Pike Suite 437,Savannah,GA,78770,Williams County,43.16376,-84.408563,Atlanta Metro
LOC-1473,87564 Sweeney Curve Suite 368,Albany,NY,44177,Middleton County,26.299826,-85.03925,New York Metro
LOC-1474,4185 Shawna Drive,Norfolk,VA,15528,Chavez County,30.35131,-115.300047,Washington DC Metro
LOC-1475,108 Cook Square,Erie,PA,97852,Gibson County,36.73568,-107.490554,Philadelphia Metro
LOC-1476,43566 Matthew Camp Apt. 374,AKRON,OH,36230,Melendez County,,-90.783866,Columbus Metro
LOC-1477,06773 Lisa Mountains,Warren,MI,31519,Haynes County,28.501885,-123.581053,Detroit Metro
LOC-1478,222 Jenkins Walks,Rockford,IL,60910,Alvarez County,29.636476,-89.365745,Chicago Metro
LOC-1479,90878 Murphy Parkway Suite 906,Joliet,IL,47405,Ruiz County,35.247499,-68.839118,Chicago Metro
LOC-1480,634 Heather Square,Buffalo,NY,60784,Williamson County,42.084708,-74.168644,New York Metro
LOC-1481,0550 Duncan Dam Apt. 704,Chesapeake,VA,98369,Wong County,38.644938,-106.707876,Washington DC Metro
LOC-1482,186 Johnson Lock Apt. 201,Syracuse,NY,43073,Morales County,25.547688,-123.295461,New York Metro
LOC-1483,073 Katie Pass,Albany,NY,60930,Combs County,35.53134,-101.727,New York Metro
LOC-1484,982 Wilson Drives,Athens,GA,97428,Barnes County,30.715924,-88.866892,Atlanta Metro
LOC-1485,37170 Short Inlet Suite 269,Detroit,MI,45944,Carter County,31.979271,-102.259008,Detroit Metro
LOC-1486,98313 Turner Route,San Diego,CA,35006,Guzman County,42.062469,-102.749205,Los Angeles Metro
LOC-1487,45996 Johnson Light,peoria,IL,25738,George County,31.04269,-70.982832,Chicago Metro
LOC-1488,587 Aaron Green,New York,NY,99368,Davies County,45.246683,-70.873539,New York Metro
LOC-1489,3884 Lisa Square,Norfolk,VA,85992,Thomas County,31.282095,-122.71414,Washington DC Metro
LOC-1490,8167 Paul Lane,Norfolk,VA,62106,Finley County,25.687657,-95.646864,Washington DC Metro
LOC-1491,315 Dakota Run Suite 928,San Jose,CA,96063-5601,Davis County,41.32774,-83.024362,Los Angeles Metro
LOC-1492,70170 Robert Hills,Paterson,NJ,34650,Williams County,35.30375,-123.888931,New York Metro
LOC-1493,08808 Shawn Locks,Tempe,AZ,74032,Hernandez County,41.458094,-81.67602,Phoenix Metro
LOC-1494,682 Whitaker Ville,Erie,PA,81380,Rose County,40.147831,-102.83748,Philadelphia Metro
LOC-1495,072 Bean Ferry,Alexandria,VA,32801,May County,33.558528,-67.939771,Washington DC Metro
LOC-1496,411 Fernandez Manors Apt. 961,Lakewood,NJ,98566,Jackson County,33.287564,-99.392454,New York Metro
LOC-1497,6208 Alyssa Ville Apt. 391,Allentown,PA,69083,Bryant County,44.821399,-114.636259,Philadelphia Metro
LOC-1498,3444 Mark Ranch,Glendale,AZ,54780,James County,44.136301,-114.912606,Phoenix Metro
LOC-1499,458 Yoder Common,Tempe,AZ,61950-7864,White County,45.256629,-67.541276,Phoenix Metro
LOC-1500,242 Lewis Ranch Apt. 912,Detroit,MI,82148,Frye County,28.788144,-111.073407,Detroit Metro
LOC-1501,3028 Hudson Lodge Apt. 396,Austin,TX,58932,Banks County,34.084092,-86.557162,Dallas-Fort Worth Metro
LOC-1502,24365 Megan Spurs Suite 055,Richmond,VA,23949,Walker County,39.809752,-115.125033,Washington DC Metro
LOC-1503,8187 Maxwell Harbors Apt. 364,Virginia Beach,VA,76127,Pittman County,36.389667,-71.796909,Washington DC Metro
LOC-1504,59773 Hill Station,Vancouver,WA,37426,Ross County,27.221506,-77.573822,Seattle Metro
LOC-1505,23606 Roman Rapids,Dallas,TX,99192-5152,Rowe County,35.409785,-117.219683,Dallas-Fort Worth Metro
LOC-1506,9125 Bradley Oval Apt. 204,Fresno,CA,54979,Lopez County,29.794313,-99.574139,Los Angeles Metro
LOC-1507,26992 Patrick Locks Apt. 799,ann arbor,MI,74400,Russell County,36.499881,-103.964673,Detroit Metro
LOC-1508,6999 Brianna Street,Vancouver,WA,22845,Morrison County,38.503868,-73.803762,Seattle Metro
LOC-1509,58768 Mckinney Mission,sacramento,CA,73890,Carr County,26.997058,-109.627086,Los Angeles Metro
LOC-1510,0413 Fox Causeway Suite 931,Glendale,AZ,22321,Murphy County,42.228201,-110.241418,Phoenix Metro
LOC-1511,122 Smith Avenue,Rockford,IL,69139,Prince County,34.443963,-123.413245,Chicago Metro
LOC-1512,0762 Sue Inlet Apt. 049,Seattle,WA,68252-3969,Jones County,35.653139,-84.26353,Seattle Metro
LOC-1513,03897 Hernandez Roads Suite 209,woodbridge,NJ,N/A,Salazar County,36.884935,-114.086635,New York Metro
LOC-1514,564 Julia Shores Apt. 405,San Diego,CA,N/A,Oliver County,28.560312,-76.269657,Los Angeles Metro
LOC-1515,82353 Ashley Oval,Sacramento,CA,95704,Holder County,42.766641,-121.499143,Los Angeles Metro
LOC-1516,194 Martinez Port Apt. 568,Edison,NJ,39980,Anderson County,43.593626,-69.961655,New York Metro
LOC-1517,75307 Ortiz Pine,Naples,FL,89325,Jordan County,35.076238,-103.099488,Miami Metro
LOC-1518,2404 Laura Inlet Suite 412,Fayetteville,NC,N/A,Stewart County,35.894134,-108.102574,Charlotte Metro
LOC-1519,379 Jefferson Court,Houston,TX,97123,Smith County,34.23052,-71.601356,Dallas-Fort Worth Metro
LOC-1520,7321 Ewing Keys Apt. 361,Houston,TX,84766,Todd County,29.519892,-86.387868,Dallas-Fort Worth Metro
LOC-1521,25999 Brittany Path,Atlanta,GA,96017,Washington County,34.504883,-92.099005,Atlanta Metro
LOC-1522,0342 Christian Inlet,Naples,FL,11467,Hill County,36.734509,-123.306571,Miami Metro
LOC-1523,8904 Reynolds Mills Suite 235,Charlotte,NC,27964,Downs County,30.604551,-96.617817,Charlotte Metro
LOC-1524,765 Kimberly Rest,Savannah,GA,32599,Jones County,39.568121,-93.140039,Atlanta Metro
LOC-1525,085 Timothy Garden Apt. 895,Sarasota,FL,18912,Miller County,47.766939,-119.862365,Miami Metro
LOC-1526,3409 Angela Knoll Apt. 558,Parma,OH,39536,Harmon County,34.347004,-81.114856,Columbus Metro
LOC-1527,7449 Caldwell Gateway,Columbus,OH,58979,Guzman County,38.94804,-74.584681,Columbus Metro
LOC-1528,0770 Justin Radial,Flint,MI,63284,Sanchez County,42.374894,-115.034748,Detroit Metro
LOC-1529,454 Amber Brook,Seattle,WA,14051,Vang County,37.918793,-83.844961,Seattle Metro
LOC-1530,822 Linda Burg,San Diego,CA,46809,Becker County,43.556662,-71.724686,Los Angeles Metro
LOC-1531,2038 Herman Plains Suite 407,Allentown,PA,71592,Ferguson County,33.880159,-74.343934,Philadelphia Metro
LOC-1532,65295 Tara Light,Thornton,CO,96639,Campbell County,28.157149,-104.78671,Denver Metro
LOC-1533,933 Matthew Mall Apt. 303,Winston-Salem,NC,18248,Jacobs County,31.168867,-108.538682,Charlotte Metro
LOC-1534,4088 Kathleen Ville Suite 708,Allentown,PA,84188,Cortez County,47.363836,-113.064747,Philadelphia Metro
LOC-1535,92019 Amber Stream Suite 311,Naperville,IL,97776,Gonzalez County,42.671223,-73.238627,Chicago Metro
LOC-1536,6115 Spencer Points,Aurora,IL,57380,Williams County,37.716773,-112.345524,Chicago Metro
LOC-1537,3211 Johnson Motorway,El Paso,TX,48202,Lindsey County,29.731878,-78.973134,Dallas-Fort Worth Metro
LOC-1538,05397 Thomas Groves,Lakewood,NJ,42195,Cox County,41.491953,-70.848417,New York Metro
LOC-1539,7082 Christopher Terrace Apt. 461,ROCKFORD,IL,26309,Carson County,,-67.919549,Chicago Metro
LOC-1540,394 Walter Oval Suite 626,Aurora,CO,69606,White County,37.664816,-77.19398,Denver Metro
LOC-1541,960 Hall Bridge Apt. 618,Chicago,IL,92327,Turner County,38.691251,-96.847015,Chicago Metro
LOC-1542,7870 Rebecca Path,Miami,FL,1714,Morales County,26.61644,-117.874687,Miami Metro
LOC-1543,63066 Ryan Branch Suite 028,El Paso,TX,3685,Eaton County,40.18683,-120.586847,Dallas-Fort Worth Metro
LOC-1544,640 Alex Forge,Chesapeake,VA,41546,Willis County,39.221174,-91.474825,Washington DC Metro
LOC-1545,03025 Andrew Greens,Tucson,AZ,82575,Morgan County,42.534078,-114.204987,Phoenix Metro
LOC-1546,5979 Hall Creek,winston-salem,NC,31023-5419,Andrews County,43.619658,-116.899893,Charlotte Metro
LOC-1547,0098 Williams Wall,Albany,NY,32746,Rasmussen County,31.427826,-123.819403,New York Metro
LOC-1548,4544 Bradley Heights Suite 453,Scottsdale,AZ,68479,Palmer County,27.308432,-119.326163,Phoenix Metro
LOC-1549,081 Bailey Keys,Richmond,VA,5982,Moreno County,42.596284,-112.30766,Washington DC Metro
LOC-1550,5662 Carla Spur Suite 217,Lakewood,CO,12715,Jensen County,39.15967,-76.22152,Denver Metro
LOC-1551,6603 Garcia Manor,Virginia Beach,VA,99558,Pittman County,43.125609,-112.193538,Washington DC Metro
LOC-1552,607 Kenneth Way Apt. 660,Yonkers,NY,40263,Anderson County,45.187803,-69.242661,New York Metro
LOC-1553,58501 Friedman Springs Apt. 173,WOODBRIDGE,NJ,12867,Shelton County,32.939235,-102.284657,New York Metro
LOC-1554,7156 Michael Mill,FORT COLLINS,CO,43413,Armstrong County,31.189798,-72.038877,Denver Metro
LOC-1555,24413 Brittany Inlet Suite 940,New Rochelle,NY,77786,Mckinney County,43.63327,-75.783555,New York Metro
LOC-1556,531 Benson Mountain Apt. 571,SPOKANE,WA,30808-1820,Armstrong County,30.758996,-94.060529,Seattle Metro
LOC-1557,898 Graham Summit,Sarasota,FL,34382,Zuniga County,32.166762,-94.331046,Miami Metro
LOC-1558,365 Mcclure Plaza Apt. 359,San Jose,CA,33061,Simpson County,35.815712,,Los Angeles Metro
LOC-1559,8057 Kelsey Gardens Suite 718,Syracuse,NY,18831,Baker County,31.188015,-79.360815,New York Metro
LOC-1560,192 Anthony Lake,Cary,NC,33451,Reynolds County,,-109.998147,Charlotte Metro
LOC-1561,32973 Jason Wall,Tacoma,WA,12715,Sullivan County,45.581278,-101.553076,Seattle Metro
LOC-1562,28253 Lisa Unions Suite 699,Tucson,AZ,89818,Delgado County,38.198884,-108.081208,Phoenix Metro
LOC-1563,77392 Jennifer Ways Suite 202,El Paso,TX,93903,Allen County,25.972291,-67.977191,Dallas-Fort Worth Metro
LOC-1564,91401 Jensen Forks,Cary,NC,61775,Juarez County,41.703404,-73.338816,Charlotte Metro
LOC-1565,442 Suzanne Park,Greensboro,NC,85690,Keller County,42.234896,-81.157018,Charlotte Metro
LOC-1566,075 Atkins Isle,Cary,NC,14773,Cameron County,38.795359,-103.052428,Charlotte Metro
LOC-1567,60756 James Forges Apt. 006,Toledo,OH,5897,Kramer County,36.206097,-81.232252,Columbus Metro
LOC-1568,22622 Cole Mountain,Spokane,WA,87388,Robinson County,42.232182,-87.002935,Seattle Metro
LOC-1569,8066 Blair Burgs,San Francisco,CA,43150,Schaefer County,35.726028,-97.483332,Los Angeles Metro
LOC-1570,38503 Salinas Isle Suite 298,Columbus,OH,29075,Flynn County,46.223175,-107.161169,Columbus Metro
LOC-1571,410 Moody Hills,Dayton,OH,20239,Luna County,33.159811,-94.783994,Columbus Metro
LOC-1572,4067 Hunter Meadow,Tempe,AZ,56200,Chavez County,,-95.117099,Phoenix Metro
LOC-1573,9062 Megan Gardens,Alexandria,VA,1784,Mann County,30.029957,-94.297811,Washington DC Metro
LOC-1574,564 Daniel Haven,Bellevue,WA,91496,Berry County,33.463253,-78.330234,Seattle Metro
LOC-1575,9793 Alexandra Forge Suite 984,Vancouver,WA,7736,Wilkinson County,42.924081,-82.466127,Seattle Metro
LOC-1576,9860 Cervantes Bridge,Sarasota,FL,96588,Delacruz County,41.823346,-87.793333,Miami Metro
LOC-1577,66432 Julie Ramp,New York,NY,46144,Scott County,25.963508,-106.734113,New York Metro
LOC-1578,21289 Donna Cove Suite 948,Grand Rapids,MI,29876,Cantu County,38.068297,-67.545701,Detroit Metro
LOC-1579,0012 Kim Square,sarasota,FL,73263,Huerta County,30.039172,-71.837361,Miami Metro
LOC-1580,39847 Thompson Route,Houston,TX,54923,Martin County,47.527537,-75.516152,Dallas-Fort Worth Metro
LOC-1581,787 Melanie Trail Apt. 237,Winston-Salem,NC,53332,Fox County,32.510261,-115.130895,Charlotte Metro
LOC-1582,58416 Patrick Club Apt. 495,Fayetteville,NC,87837,Morales County,30.64182,-77.548884,Charlotte Metro
LOC-1583,998 Myers Terrace Suite 867,Greensboro,NC,6304,Hanson County,38.608935,-78.304593,Charlotte Metro
LOC-1584,83097 James Unions Apt. 080,Raleigh,NC,38698,Berry County,30.720974,-72.405044,Charlotte Metro
LOC-1585,1662 Corey Islands,Greensboro,NC,62409,Kelly County,32.617902,-119.375635,Charlotte Metro
LOC-1586,786 Rivera Shores Suite 555,THORNTON,CO,51150,Beasley County,26.30877,-100.862292,Denver Metro
LOC-1587,24764 Adam Lights Suite 586,San Diego,CA,25496,Stokes County,36.189959,-67.125484,Los Angeles Metro
LOC-1588,0516 Gomez Islands,Albany,NY,40816,Rodriguez County,39.043173,-114.601018,New York Metro
LOC-1589,4418 Fitzpatrick Avenue,PARMA,OH,20760-1139,Thomas County,28.451064,-99.573071,Columbus Metro
LOC-1590,86860 Mary View,Redmond,WA,29908,Harrison County,25.048007,-113.878335,Seattle Metro
LOC-1591,170 Ricky Cape,Scranton,PA,56825,Macias County,27.012964,-114.582371,Philadelphia Metro
LOC-1592,2386 Glenn Union Suite 089,Detroit,MI,9052,Fitzgerald County,46.218676,-78.996067,Detroit Metro
LOC-1593,94134 Brandy Meadows,Atlanta,GA,48198,Little County,37.100012,-76.587274,Atlanta Metro
LOC-1594,797 Mary Junction Apt. 841,Flint,MI,94340,Clark County,36.842503,-95.704315,Detroit Metro
LOC-1595,480 Stewart Canyon Suite 356,Parma,OH,31339,Walton County,43.636228,-103.55114,Columbus Metro
LOC-1596,8095 Bowman Fork Suite 059,Hampton,VA,40818,Clayton County,44.483826,-86.023444,Washington DC Metro
LOC-1597,60294 Thomas Well,norfolk,VA,17700,Stokes County,27.707517,-117.862554,Washington DC Metro
LOC-1598,15892 Meyer Ridge,Austin,TX,51936,Skinner County,41.528731,-99.185914,Dallas-Fort Worth Metro
LOC-1599,3420 Cole Summit,Edison,NJ,49655,Alexander County,29.824753,-97.025988,New York Metro
LOC-1600,4867 Lynch Crescent Suite 186,ROCHESTER,NY,14112,Rojas County,43.48343,-101.795133,New York Metro
LOC-1601,08829 Buchanan Pike,Parma,OH,52412,Russo County,43.762967,-81.518968,Columbus Metro
LOC-1602,96233 Tasha Meadow Apt. 586,Arvada,CO,3411,Moran County,43.013754,-69.605494,Denver Metro
LOC-1603,76748 Corey Mills Apt. 066,pittsburgh,PA,28394,White County,38.890202,-69.447431,Philadelphia Metro
LOC-1604,151 Taylor Parkway,Columbus,OH,92776,Hernandez County,32.888149,-88.952015,Columbus Metro
LOC-1605,5594 Dean Ramp,Redmond,WA,36438,Huff County,32.647912,-86.456058,Seattle Metro
LOC-1606,32723 Wilson Road Apt. 223,Durham,NC,87396,Ruiz County,39.081164,-99.208553,Charlotte Metro
LOC-1607,65487 Emily Plaza,Sandy Springs,GA,48036,Ramirez County,42.382792,-121.462721,Atlanta Metro
LOC-1608,9541 Fisher Island Suite 398,LAKEWOOD,NJ,64689,Jones County,46.02442,-89.300654,New York Metro
LOC-1609,3781 Aguilar Islands,Grand Rapids,MI,49358,Snyder County,44.599789,-77.446033,Detroit Metro
LOC-1610,945 Jackson Views,cincinnati,OH,4004,Pierce County,46.896198,-98.392754,Columbus Metro
LOC-1611,876 Alicia Wall Apt. 076,Arlington,TX,80157,Miller County,37.570556,-100.244962,Dallas-Fort Worth Metro
LOC-1612,612 Shari Turnpike,Redmond,WA,50134,Contreras County,40.256226,-95.691771,Seattle Metro
LOC-1613,518 Eric Port,Greensboro,NC,40780,Holland County,33.94761,-82.63389,Charlotte Metro
LOC-1614,182 Deborah Overpass Apt. 669,Fresno,CA,53093,Johnson County,46.771307,-122.820619,Los Angeles Metro
LOC-1615,79237 Bridget Divide,Aurora,IL,98055,Hughes County,28.722814,-99.692385,Chicago Metro
LOC-1616,48649 Morse Gardens,Tacoma,WA,81082,Reeves County,39.69752,-119.655131,Seattle Metro
LOC-1617,7578 Atkins Tunnel,Denver,CO,18648,Blair County,43.27181,-70.171258,Denver Metro
LOC-1618,55707 Young Courts,Columbus,GA,80070,Cannon County,27.808243,-85.924092,Atlanta Metro
LOC-1619,55505 Lowe Bypass,Seattle,WA,60840,Howard County,,-109.734273,Seattle Metro
LOC-1620,799 Zachary Station,Redmond,WA,18314,Short County,32.868327,-94.241058,Seattle Metro
LOC-1621,45883 Teresa Inlet Apt. 470,Arvada,CO,13904,Curtis County,33.953399,-80.86489,Denver Metro
LOC-1622,35036 Wilson Road,Vancouver,WA,34922,Brady County,36.118732,-90.577795,Seattle Metro
LOC-1623,097 Williamson Plain,Norfolk,VA,74798,Brown County,35.530623,-105.633802,Washington DC Metro
LOC-1624,44568 Baker Mountains,Sacramento,CA,84834,Andrews County,47.716235,-70.766557,Los Angeles Metro
LOC-1625,36640 Ryan Dale Suite 737,Phoenix,AZ,70749-2572,Hunter County,38.676915,-91.9995,Phoenix Metro
LOC-1626,59757 Carolyn Squares,Athens,GA,N/A,Caldwell County,43.649074,-79.189665,Atlanta Metro
LOC-1627,18683 Derrick Village Apt. 585,Cary,NC,15103,Dorsey County,26.262999,-106.888308,Charlotte Metro
LOC-1628,233 Kevin Lane Suite 185,Peoria,IL,30058,Sims County,44.543951,-68.065315,Chicago Metro
LOC-1629,396 Johnson Mountain Apt. 446,Columbus,GA,6332,Bradford County,47.568839,-105.318031,Atlanta Metro
LOC-1630,2159 Gardner Run Apt. 749,Lakewood,CO,23123,Wilson County,27.188617,-108.940608,Denver Metro
LOC-1631,0502 Chase Shores,Fort Lauderdale,FL,20333,Davis County,31.359843,-76.03637,Miami Metro
LOC-1632,413 Monroe Shores,Phoenix,AZ,81950,Mendoza County,45.01691,-92.874316,Phoenix Metro
LOC-1633,948 Heather Valleys,San Antonio,TX,15339,Cole County,45.193178,-118.700854,Dallas-Fort Worth Metro
LOC-1634,292 Roberts Route,MIAMI,FL,8711,Shea County,45.502255,-121.576084,Miami Metro
LOC-1635,26509 Mann Ferry,Austin,TX,83556,Wilson County,30.694243,-104.958419,Dallas-Fort Worth Metro
LOC-1636,6771 Fritz Loop,Hampton,VA,12207,Graham County,41.761219,-116.780299,Washington DC Metro
LOC-1637,25634 Lisa Bypass,Edison,NJ,6346,Taylor County,37.028428,-108.421078,New York Metro
LOC-1638,34998 Charles Fords,Albany,NY,17781,Hardy County,39.104933,-101.858855,New York Metro
LOC-1639,367 Williamson Brook Apt. 779,Jacksonville,FL,63941,Jones County,31.616243,-109.805251,Miami Metro
LOC-1640,446 Joshua Burg,Cincinnati,OH,7523,Jensen County,27.636047,-90.327971,Columbus Metro
LOC-1641,51746 Hamilton Inlet,Grand Rapids,MI,N/A,Taylor County,40.433547,-116.450431,Detroit Metro
LOC-1642,18637 Noah Cliff Suite 695,Virginia Beach,VA,99662,Kelly County,47.200058,,Washington DC Metro
LOC-1643,277 Rosales Greens,Yonkers,NY,11803,Cain County,32.851211,-98.516753,New York Metro
LOC-1644,003 Smith Fall Suite 513,Arlington,TX,63887,Decker County,36.933916,-108.321318,Dallas-Fort Worth Metro
LOC-1645,4867 Henry Plain Apt. 904,Orlando,FL,34641,Harrison County,44.736612,-86.248697,Miami Metro
LOC-1646,14546 Nathaniel Orchard,Columbus,OH,66792,Carter County,26.412306,-73.330609,Columbus Metro
LOC-1647,51149 Fox Mountain,Aurora,IL,47645,Lawrence County,,-99.70932,Chicago Metro
LOC-1648,12040 Mitchell Mill Suite 661,Charlotte,NC,55592,Palmer County,30.159262,-112.547332,Charlotte Metro
LOC-1649,858 Brian Stream,Cincinnati,OH,38909,Horton County,28.070195,-79.482555,Columbus Metro
LOC-1650,14391 Davis Circles Suite 367,Winston-Salem,NC,N/A,Nichols County,41.588581,-94.244391,Charlotte Metro
LOC-1651,107 Ana Court,Edison,NJ,6291,Williams County,38.044585,-73.565908,New York Metro
LOC-1652,856 Anderson Trace Suite 068,Spokane,WA,97614,Pearson County,44.684554,-91.258421,Seattle Metro
LOC-1653,69331 Mcmahon Fall,Elizabeth,NJ,10441,Mann County,25.450111,-80.195892,New York Metro
LOC-1654,60023 Jackson Parkway,Philadelphia,PA,N/A,Reynolds County,32.045775,-80.442754,Philadelphia Metro
LOC-1655,505 Gary Streets Apt. 142,Grand Rapids,MI,97796,Johnson County,38.836164,-91.850746,Detroit Metro
LOC-1656,0151 Flores Radial Apt. 016,Buffalo,NY,54059,Coleman County,42.45531,-93.648299,New York Metro
LOC-1657,82222 Johnson Island,Charlotte,NC,23525,Hall County,28.150902,-100.588088,Charlotte Metro
LOC-1658,20562 Cody Shore,FAYETTEVILLE,NC,99254,Stevenson County,37.617065,-83.049435,Charlotte Metro
LOC-1659,13484 Jeffrey Courts,philadelphia,PA,11533,Lee County,34.410178,-67.495012,Philadelphia Metro
LOC-1660,2861 Eric Street,COLORADO SPRINGS,CO,41025,Harper County,27.150734,-109.731949,Denver Metro
LOC-1661,4523 Lopez Locks Suite 497,spokane,WA,46317,Patterson County,,-84.335475,Seattle Metro
LOC-1662,49866 Joseph Summit,Tucson,AZ,N/A,Brown County,36.58511,,Phoenix Metro
LOC-1663,67734 Thompson Mountains Apt. 561,Chesapeake,VA,69291,Cook County,28.77877,-81.88266,Washington DC Metro
LOC-1664,6559 Joseph Track,Paterson,NJ,30572,Merritt County,26.039696,-113.774681,New York Metro
LOC-1665,3809 Butler Cove,JOLIET,IL,68912,Adams County,28.093846,-117.281055,Chicago Metro
LOC-1666,36952 Humphrey Tunnel Suite 665,Lakewood,NJ,49268,Estrada County,34.931918,-84.788724,New York Metro
LOC-1667,89629 Adkins Drives Suite 367,Columbus,OH,14604,Bradshaw County,40.742112,-73.104678,Columbus Metro
LOC-1668,1571 Danielle Way,New York,NY,24213,Newman County,41.092813,-114.527217,New York Metro
LOC-1669,83543 Jenkins Isle Suite 390,Thornton,CO,87553,Gutierrez County,46.094171,-67.888771,Denver Metro
LOC-1670,8249 Lawrence Freeway,Ann Arbor,MI,38257,Gilbert County,34.772385,-89.175921,Detroit Metro
LOC-1671,1538 Craig Tunnel,Rockford,IL,12625,Robertson County,31.797287,-79.96419,Chicago Metro
LOC-1672,710 Andrew Valley,Detroit,MI,26617,Clark County,30.28397,-84.084634,Detroit Metro
LOC-1673,0720 Joshua Ridges,Savannah,GA,86108,Henderson County,43.7842,-120.988593,Atlanta Metro
LOC-1674,082 Dennis Ports Apt. 121,Spokane,WA,16652,Werner County,38.958732,-73.588002,Seattle Metro
LOC-1675,94762 Day Villages Apt. 926,Reading,PA,44033,Kirby County,37.624871,-76.797724,Philadelphia Metro
LOC-1676,6339 Steve Summit Suite 036,Tucson,AZ,38902,Hoover County,27.055811,-115.574133,Phoenix Metro
LOC-1677,112 Park Lights Suite 971,EDISON,NJ,52184,Oliver County,40.670796,-67.413142,New York Metro
LOC-1678,068 Jeffery Forges Apt. 016,oakland,CA,97147,Rodriguez County,44.846373,-82.783869,Los Angeles Metro
LOC-1679,016 Ashley Groves Apt. 133,Hampton,VA,20625-4119,Hall County,36.057937,-78.093723,Washington DC Metro
LOC-1680,76734 Juan Views Suite 101,PATERSON,NJ,92686,Hancock County,38.912028,-83.004152,New York Metro
LOC-1681,301 Kerr Course Apt. 604,Newark,NJ,76062,Lane County,42.308175,-109.134168,New York Metro
LOC-1682,04202 Castaneda Crest,Lansing,MI,72492,Powell County,37.01111,-80.224735,Detroit Metro
LOC-1683,199 John Divide,Rockford,IL,15565,Martinez County,35.784111,-95.09281,Chicago Metro
LOC-1684,8548 Beasley Circle,Los Angeles,CA,42192,Clark County,39.643362,-118.944752,Los Angeles Metro
LOC-1685,60791 Hood Ramp,Jacksonville,FL,26114,Garcia County,28.43328,-108.643671,Miami Metro
LOC-1686,15711 Wilson Wells Apt. 194,Newark,NJ,32313,Howe County,33.632487,-121.61323,New York Metro
LOC-1687,47028 Keith Crest,Sacramento,CA,63763,Anderson County,39.126803,-97.778652,Los Angeles Metro
LOC-1688,452 Peck Club Apt. 678,Bellevue,WA,78920,Richardson County,26.483834,-108.734791,Seattle Metro
LOC-1689,6391 Angela Common Apt. 749,Cincinnati,OH,26287,Arellano County,46.050403,-81.905146,Columbus Metro
LOC-1690,94232 Michael Wells Apt. 131,Glendale,AZ,72081,Mora County,46.410695,-94.607189,Phoenix Metro
LOC-1691,0696 Paul Lodge,FAYETTEVILLE,NC,45101,Kelley County,40.478995,-115.934446,Charlotte Metro
LOC-1692,2527 Barry Alley Apt. 547,Norfolk,VA,94565,Le County,41.802691,-100.764451,Washington DC Metro
LOC-1693,798 Meyer Knolls,Parma,OH,58268,Simmons County,44.435911,-99.439325,Columbus Metro
LOC-1694,993 Anthony Coves Suite 675,Chicago,IL,15344,Crosby County,31.707382,-68.014122,Chicago Metro
LOC-1695,55842 Shane Stream Apt. 726,Tacoma,WA,15546,Powell County,43.139157,-82.895925,Seattle Metro
LOC-1696,5046 Thomas Shore Apt. 144,Tampa,FL,13049,Rodriguez County,35.806137,-106.45942,Miami Metro
LOC-1697,68624 Kristin Passage,Winston-Salem,NC,79514,Wallace County,46.115183,-79.993897,Charlotte Metro
LOC-1698,06689 Emily Unions,Fayetteville,NC,33390,Malone County,31.334963,-82.646804,Charlotte Metro
LOC-1699,82076 James Stravenue Apt. 152,Virginia Beach,VA,5455,Taylor County,40.797031,-120.721165,Washington DC Metro
LOC-1700,222 Justin Plain,Colorado Springs,CO,56538,Ramirez County,37.102888,-90.534071,Denver Metro
LOC-1701,83599 Johnson Groves Apt. 084,Norfolk,VA,23392-8450,Chavez County,37.102863,-82.888652,Washington DC Metro
LOC-1702,51135 Margaret Trail,Grand Rapids,MI,21982,Edwards County,29.553774,-111.643411,Detroit Metro
LOC-1703,2289 Sandra Avenue Suite 415,New York,NY,14555,Huber County,46.992844,-71.666567,New York Metro
LOC-1704,783 David Plains,Tacoma,WA,22492,Smith County,36.515721,-100.789743,Seattle Metro
LOC-1705,41945 Kevin Ridge,denver,CO,34225,Cook County,25.611093,-77.79083,Denver Metro
LOC-1706,144 Peters Union,Columbus,OH,88275,Gibson County,25.301765,-84.761388,Columbus Metro
LOC-1707,021 Andrew Forges,Columbus,GA,N/A,Avila County,,-100.315878,Atlanta Metro
LOC-1708,037 Elizabeth Court Apt. 974,Albany,NY,55323,Velazquez County,26.332736,-106.260012,New York Metro
LOC-1709,699 Luis Isle,Fayetteville,NC,N/A,Tran County,31.7216,-110.813078,Charlotte Metro
LOC-1710,5994 Amy Harbors Apt. 906,San  Jose,CA,63382,Morrison County,43.743768,-115.012348,Los Angeles Metro
LOC-1711,045 April Unions Suite 061,Miami,FL,46047,Luna County,34.620187,-118.74319,Miami Metro
LOC-1712,6733 Avila Landing Suite 016,Glendale,AZ,78115,Flores County,46.635358,-121.557354,Phoenix Metro
LOC-1713,1368 Kent Plaza Apt. 253,Tacoma,WA,61838,Reid County,47.224621,-81.605843,Seattle Metro
LOC-1714,76992 Phillips Hollow Suite 725,Norfolk,VA,12355,Lang County,46.708503,-74.134742,Washington DC Metro
LOC-1715,423 Rachel Extensions,Erie,PA,89616-1446,Lewis County,33.884535,-84.960239,Philadelphia Metro
LOC-1716,41724 Jennifer Junctions,New York,NY,38652,Wright County,32.832268,-121.033032,New York Metro
LOC-1717,158 Stewart Haven Apt. 627,Akron,OH,92100,Hart County,34.762892,-92.001861,Columbus Metro
LOC-1718,24257 John Track Apt. 329,Cary,NC,N/A,Norton County,31.992143,-92.391749,Charlotte Metro
LOC-1719,2315 Alicia Fork Apt. 402,Spokane,WA,41119,Jacobs County,40.343456,-92.633572,Seattle Metro
LOC-1720,99172 Todd Estate Apt. 204,San Francisco,CA,59060,Miller County,27.855154,-118.15894,Los Angeles Metro
LOC-1721,215 Brittany Lodge Suite 937,San Jose,CA,76505,Garrison County,37.982621,-83.669809,Los Angeles Metro
LOC-1722,3250 David Fort,Miami,FL,69389,Willis County,38.406679,-114.560741,Miami Metro
LOC-1723,8502 Brandon Court,Lansing,MI,91852,Powers County,33.644964,-79.510434,Detroit Metro
LOC-1724,93335 Tracy Oval,Flint,MI,98592,Miller County,47.568422,-97.996472,Detroit Metro
LOC-1725,00295 Garcia Drive,Cary,NC,60344,Lopez County,38.081508,-115.624884,Charlotte Metro
LOC-1726,4718 Gomez Rapid Suite 079,Bellevue,WA,84643,Bright County,47.421636,-112.916294,Seattle Metro
LOC-1727,04532 Christopher Lights,Sarasota,FL,39232,Curtis County,28.249721,-68.760727,Miami Metro
LOC-1728,8145 Roberts Street Suite 370,Sacramento,CA,13009,Patton County,35.878484,-101.314354,Los Angeles Metro
LOC-1729,453 Samantha Skyway,Denver,CO,32795,Hayes County,32.11854,-70.247204,Denver Metro
LOC-1730,6650 Thompson Mountains Suite 120,Rochester,NY,88957,Bowers County,39.954361,-72.784252,New York Metro
LOC-1731,157 Richard Cliffs,cary,NC,47316,Robles County,45.636768,-69.278829,Charlotte Metro
LOC-1732,23116 Garrett Springs,Naples,FL,66904,Ho County,37.632801,-75.608611,Miami Metro
LOC-1733,7635 Derek Flat,Reading,PA,66904,Sutton County,27.15044,-92.615005,Philadelphia Metro
LOC-1734,592 Misty Lane,Newark,NJ,3839,Cardenas County,36.084369,-99.720633,New York Metro
LOC-1735,856 Rhonda Corner Apt. 429,Sarasota,FL,79272,Collins County,32.747607,-71.341918,Miami Metro
LOC-1736,03753 Morgan Squares,Tacoma,WA,29523,Terry County,43.314522,-106.287666,Seattle Metro
LOC-1737,46598 James Fords,oakland,CA,31527,Martinez County,30.145898,-123.62874,Los Angeles Metro
LOC-1738,417 Laurie Parks Suite 591,TOLEDO,OH,N/A,Khan County,47.531963,-101.930316,Columbus Metro
LOC-1739,82011 Contreras Burgs Suite 526,New Rochelle,NY,1334,Long County,26.523116,-93.914695,New York Metro
LOC-1740,7351 Tony Harbors,Springfield,IL,5212,Stewart County,34.379194,-113.900215,Chicago Metro
LOC-1741,37565 Austin Loop Suite 878,Sterling Heights,MI,92179,Carter County,41.789457,,Detroit Metro
LOC-1742,24945 Andrew Lodge Apt. 506,Savannah,GA,46896,Lane County,26.338186,-70.252937,Atlanta Metro
LOC-1743,6851 Loretta Center Suite 276,Redmond,WA,27043,Dawson County,32.924661,-92.338524,Seattle Metro
LOC-1744,350 Silva Forge,Alexandria,VA,60393,Scott County,47.585596,-91.770982,Washington DC Metro
LOC-1745,12914 Melton Shoals Suite 022,tacoma,WA,78679,Cobb County,31.044379,-68.693073,Seattle Metro
LOC-1746,7804 Compton Stream Suite 251,Dallas,TX,51182,Shields County,46.404054,-112.450741,Dallas-Fort Worth Metro
LOC-1747,070 Jerry Ridge Apt. 147,Athens,GA,7085,Peters County,44.539546,-72.750506,Atlanta Metro
LOC-1748,37209 Stewart Stravenue,grand rapids,MI,24761,Nielsen County,34.70369,-76.96546,Detroit Metro
LOC-1749,7063 Mccoy Skyway Apt. 863,Savannah,GA,55215,Smith County,29.378906,-98.493107,Atlanta Metro
LOC-1750,20084 Martinez Viaduct,Naperville,IL,32111,King County,32.429521,-115.971486,Chicago Metro
LOC-1751,36796 Stacey Pass,Phoenix,AZ,47324,Jackson County,30.439673,-112.321252,Phoenix Metro
LOC-1752,1360 Bowman Glen Suite 692,Athens,GA,28582,Johnson County,42.041079,-95.519477,Atlanta Metro
LOC-1753,4901 Dustin Road Suite 193,Houston,TX,93763-9053,Brooks County,45.568123,-90.427395,Dallas-Fort Worth Metro
LOC-1754,15461 Cooper Pines,Rochester,NY,65032,Baldwin County,37.560877,-82.130766,New York Metro
LOC-1755,038 Justin Route,Sterling Heights,MI,65839,Jones County,30.327462,-77.114985,Detroit Metro
LOC-1756,43156 English Junctions Apt. 353,Raleigh,NC,51738,Boyd County,32.784839,-91.371754,Charlotte Metro
LOC-1757,8374 Flores Parkways,Macon,GA,81381,Williams County,34.859852,-85.197517,Atlanta Metro
LOC-1758,016 James Mission,Virginia Beach,VA,75072,Rodriguez County,34.316948,-79.546506,Washington DC Metro
LOC-1759,401 Eric Mountain Apt. 698,bethlehem,PA,80860,Benson County,40.154942,-114.256405,Philadelphia Metro
LOC-1760,1611 Black Loaf,JERSEY CITY,NJ,61558,Coleman County,40.169768,-123.154567,New York Metro
LOC-1761,19976 Kelly Street Apt. 326,Denver,CO,63075,Jones County,41.847262,-94.198265,Denver Metro
LOC-1762,505 Nicholas Glens,Grand Rapids,MI,62157,Kelly County,42.364149,-69.571201,Detroit Metro
LOC-1763,565 Thornton Plains,Paterson,NJ,91715,Wood County,,-92.836611,New York Metro
LOC-1764,39982 Moore Locks Apt. 177,Denver,CO,14444,Rogers County,40.911245,-110.901453,Denver Metro
LOC-1765,58466 Jacobs Fords,Newport News,VA,42869,Smith County,31.712955,-116.590674,Washington DC Metro
LOC-1766,28532 White Throughway,Newport News,VA,92511-2376,Cruz County,31.522016,-98.243771,Washington DC Metro
LOC-1767,5150 Luis Well,Redmond,WA,95830,Holmes County,33.209571,-113.794589,Seattle Metro
LOC-1768,1308 Meyers Avenue Suite 207,Toledo,OH,96078,Cannon County,46.4798,-98.235634,Columbus Metro
LOC-1769,277 Bryant Summit,Detroit,MI,96991,Clements County,36.38266,-93.664753,Detroit Metro
LOC-1770,84252 Delgado Loaf,Ann Arbor,MI,76296,Gonzalez County,44.446759,-76.288435,Detroit Metro
LOC-1771,71210 Jennifer Harbors,Albany,NY,15004,Taylor County,,-85.150924,New York Metro
LOC-1772,473 Michael Shoals Suite 771,Woodbridge,NJ,5832,Todd County,31.194526,-122.295828,New York Metro
LOC-1773,99716 Mckinney Mews Suite 667,Toledo,OH,53499,Russell County,38.09145,-122.253854,Columbus Metro
LOC-1774,968 James Tunnel,Raleigh,NC,54909,Adams County,31.171416,-113.594306,Charlotte Metro
LOC-1775,522 Landry Spring,Cleveland,OH,90135,James County,39.680928,-87.864906,Columbus Metro
LOC-1776,79322 Bethany Trace Suite 390,Flint,MI,61299,Ellis County,30.110534,-70.385502,Detroit Metro
LOC-1777,473 Williams Crescent Suite 791,Detroit,MI,31551,Miller County,40.742793,-71.788164,Detroit Metro
LOC-1778,10162 Smith Parkways Apt. 265,Richmond,VA,55003,Castro County,47.278444,-114.20414,Washington DC Metro
LOC-1779,475 Boyer Walk,Norfolk,VA,89683,Harris County,33.511193,-111.257442,Washington DC Metro
LOC-1780,8835 Kline Rapid Apt. 149,Fayetteville,NC,5794,Powell County,39.853879,-94.420706,Charlotte Metro
LOC-1781,6386 Farrell Springs,greensboro,NC,52000,Decker County,42.779075,,Charlotte Metro
LOC-1782,31726 Diaz Tunnel,Springfield,IL,98529,Stone County,43.959557,-119.75295,Chicago Metro
LOC-1783,8549 Vanessa Parks Apt. 400,Sterling Heights,MI,36102,Cochran County,41.207781,-90.827313,Detroit Metro
LOC-1784,86014 Tyler Island,Mesa,AZ,50315-5811,Miller County,35.434565,-105.374234,Phoenix Metro
LOC-1785,543 Tyler Crescent,Norfolk,VA,38110,Morales County,35.94468,-75.785102,Washington DC Metro
LOC-1786,033 Roach Vista,Toledo,OH,1600,Rios County,39.277728,-69.694356,Columbus Metro
LOC-1787,9301 Brian Camp,Seattle,WA,2142,Lawrence County,33.138769,-97.97192,Seattle Metro
LOC-1788,87810 Nash Place,El Paso,TX,71982,Coffey County,38.916651,,Dallas-Fort Worth Metro
LOC-1789,354 Matthew Rapid,Pittsburgh,PA,77404,Avila County,44.698428,-104.145973,Philadelphia Metro
LOC-1790,304 Cynthia Mall,Reading,PA,66118,Coleman County,46.977559,-74.750038,Philadelphia Metro
LOC-1791,6280 Donald Dam,Vancouver,WA,46639,Craig County,28.854567,-95.915424,Seattle Metro
LOC-1792,159 Chan Square Suite 705,Alexandria,VA,92860,Pruitt County,38.531388,-69.021482,Washington DC Metro
LOC-1793,10583 Alan Ridge,Hampton,VA,33301,Reynolds County,32.004459,-88.980196,Washington DC Metro
LOC-1794,798 Irwin Court,Richmond,VA,13328,Grant County,44.573302,-73.69807,Washington DC Metro
LOC-1795,426 Thomas Lodge,Scranton,PA,94848,Quinn County,26.673208,-110.523989,Philadelphia Metro
LOC-1796,016 Simmons Spurs Apt. 877,Phoenix,AZ,51599-1091,Sanders County,32.451462,-96.609836,Phoenix Metro
LOC-1797,883 Mcintosh Meadows,Akron,OH,N/A,Gardner County,31.975036,-75.486039,Columbus Metro
LOC-1798,16276 Brittany Ferry Suite 667,Ann Arbor,MI,74307,Robertson County,47.151191,-84.649443,Detroit Metro
LOC-1799,376 Stefanie Viaduct,Thornton,CO,48360,Nguyen County,28.443208,-123.637173,Denver Metro
LOC-1800,989 Steven Prairie,Alexandria,VA,58343,Silva County,46.843173,-120.033187,Washington DC Metro
LOC-1801,812 Peterson Neck Suite 726,Newport News,VA,23875,Morris County,29.379746,-120.413812,Washington DC Metro
LOC-1802,4083 Moyer Place Apt. 501,glendale,AZ,49959,Sellers County,26.356643,-81.917102,Phoenix Metro
LOC-1803,71657 Ashley View Apt. 956,Cincinnati,OH,36733,Bell County,35.65328,-122.619153,Columbus Metro
LOC-1804,871 Mckenzie Inlet,FAYETTEVILLE,NC,69772,Fox County,29.1553,-104.045001,Charlotte Metro
LOC-1805,50092 Nelson Squares,Reading,PA,73417,Little County,28.559364,-91.440527,Philadelphia Metro
LOC-1806,757 Courtney Row Apt. 293,Fort Worth,TX,97789,Smith County,33.795494,-86.512362,Dallas-Fort Worth Metro
LOC-1807,250 Dawn Lock,San Jose,CA,67610,Houston County,39.844667,-113.993707,Los Angeles Metro
LOC-1808,4290 Stanley Rapid,Macon,GA,38478,Cooper County,40.07411,-68.902647,Atlanta Metro
LOC-1809,33693 Cynthia Brook,Pittsburgh,PA,85582,Cruz County,45.921755,-111.796386,Philadelphia Metro
LOC-1810,73024 Rebecca Run,El Paso,TX,52854,Page County,38.459065,-87.499622,Dallas-Fort Worth Metro
LOC-1811,9753 Landry Street,Buffalo,NY,57669,Reid County,30.623987,-91.076506,New York Metro
LOC-1812,571 Torres Shore,Greensboro,NC,26011,Woodward County,39.825949,-81.984449,Charlotte Metro
LOC-1813,7406 Mccormick Lake Suite 453,Vancouver,WA,12563,King County,31.003872,-109.527914,Seattle Metro
LOC-1814,6688 Gomez Well,Lansing,MI,33653,Palmer County,38.882971,,Detroit Metro
LOC-1815,348 Donna Knoll Suite 267,Grand Rapids,MI,3124,Lewis County,30.669255,-72.638862,Detroit Metro
LOC-1816,8532 Michelle Valleys Suite 758,Sandy  Springs,GA,74268,Ruiz County,43.802506,-116.118304,Atlanta Metro
LOC-1817,26983 Turner Well Suite 958,Raleigh,NC,13680,Johnson County,42.313227,-118.382285,Charlotte Metro
LOC-1818,450 Vang Bypass,Kirkland,WA,81824,Carlson County,25.866114,-121.46546,Seattle Metro
LOC-1819,7200 Gonzalez Extensions Apt. 907,Kirkland,WA,77977,Griffin County,44.86333,-99.012913,Seattle Metro
LOC-1820,95450 Anna Burgs Apt. 625,Alexandria,VA,97470,Hansen County,29.247093,-87.666653,Washington DC Metro
LOC-1821,50204 Johnson Ferry Apt. 435,Tempe,AZ,15300,Perez County,31.396994,-106.780099,Phoenix Metro
LOC-1822,79433 Oliver Village,Scottsdale,AZ,85215,Chang County,35.58494,-104.227414,Phoenix Metro
LOC-1823,11235 Joshua Ways,Glendale,AZ,2226,Jackson County,28.431954,-91.100259,Phoenix Metro
LOC-1824,74286 Escobar Valley Suite 108,Lansing,MI,13149-4257,Cox County,35.993281,-86.735982,Detroit Metro
LOC-1825,385 Carter Common,Flint,MI,10643,Green County,47.820104,-119.289074,Detroit Metro
LOC-1826,91935 Christian Shores Suite 555,Detroit,MI,16346,Campos County,41.830375,-117.413103,Detroit Metro
LOC-1827,706 Thomas Plains,Thornton,CO,63754,Bruce County,40.184205,-120.950303,Denver Metro
LOC-1828,3374 Davis Ville Apt. 157,Houston,TX,N/A,Brooks County,46.005561,-121.614486,Dallas-Fort Worth Metro
LOC-1829,264 Glenn Manors Apt. 848,Naples,FL,79357,Wilson County,46.445255,-112.716774,Miami Metro
LOC-1830,2099 Rodney Fort Apt. 963,San Diego,CA,66550,Smith County,29.793244,-123.235683,Los Angeles Metro
LOC-1831,951 Garner Circle,Lakewood,NJ,N/A,Collins County,42.580282,-107.923436,New York Metro
LOC-1832,599 Samantha Crossroad,Bellevue,WA,91965,Rocha County,46.204367,-74.988901,Seattle Metro
LOC-1833,3123 Harrington Views Apt. 485,Orlando,FL,59227,Horn County,44.319802,-90.290131,Miami Metro
LOC-1834,420 Mike Via,Scranton,PA,18653,Allen County,41.927615,-123.929543,Philadelphia Metro
LOC-1835,0282 Daniel Glens Apt. 755,Ann Arbor,MI,86475,Alexander County,25.393036,-118.461421,Detroit Metro
LOC-1836,99115 Garza Summit Suite 431,Aurora,IL,57056,Boyd County,37.411705,-101.919981,Chicago Metro
LOC-1837,436 Walker Underpass,Phoenix,AZ,19823,Miller County,42.905984,-122.538204,Phoenix Metro
LOC-1838,297 Wilson Row,Columbus,OH,31227,Rodriguez County,37.823153,-108.157946,Columbus Metro
LOC-1839,2917 Peter Tunnel,Sandy Springs,GA,21190,Choi County,44.825179,-122.724318,Atlanta Metro
LOC-1840,3281 Thomas Ridges,Rockford,IL,24029,Miller County,31.004423,-74.748855,Chicago Metro
LOC-1841,873 Eric Ramp,Newark,NJ,4741,Pierce County,26.348899,-123.038972,New York Metro
LOC-1842,157 Erin Mews Suite 105,Athens,GA,93864,Taylor County,34.73335,-79.150145,Atlanta Metro
LOC-1843,0745 Nathaniel Flat Apt. 445,Lansing,MI,55617,Williams County,34.778912,-114.168497,Detroit Metro
LOC-1844,26838 Peters Bypass,Dallas,TX,42912,Eaton County,25.062837,-121.484955,Dallas-Fort Worth Metro
LOC-1845,502 Shaw Mission Suite 030,Bellevue,WA,3716,Nelson County,45.963761,-78.825794,Seattle Metro
LOC-1846,6754 Amanda Stream,Cincinnati,OH,21793,Thomas County,,-121.570464,Columbus Metro
LOC-1847,810 Pamela Village Apt. 721,Alexandria,VA,24077,Williams County,25.701087,-82.971821,Washington DC Metro
LOC-1848,33460 Amy Estate Apt. 013,Atlanta,GA,15564,Nichols County,27.338328,-120.928664,Atlanta Metro
LOC-1849,3208 Gina Club,Oakland,CA,57332,Keith County,46.939413,-95.954112,Los Angeles Metro
LOC-1850,163 Randall Freeway Apt. 736,El Paso,TX,12284,Burke County,29.179695,-93.693574,Dallas-Fort Worth Metro
LOC-1851,894 Patterson Ferry Apt. 005,Dayton,OH,43260,Anderson County,29.704924,-92.008302,Columbus Metro
LOC-1852,107 Stephen Mews Apt. 485,Redmond,WA,89555,Savage County,43.919465,-71.590996,Seattle Metro
LOC-1853,895 Henry Mount,Toledo,OH,29518-2049,Smith County,37.066166,-76.650497,Columbus Metro
LOC-1854,19194 Cox Lakes Suite 972,Los Angeles,CA,62819,Jensen County,27.303845,-68.990386,Los Angeles Metro
LOC-1855,6192 Patterson Common Apt. 771,Arlington,TX,68580,Watts County,40.33034,,Dallas-Fort Worth Metro
LOC-1856,63956 Dennis Locks Suite 783,Paterson,NJ,81287,Case County,37.696797,-77.228796,New York Metro
LOC-1857,7371 Amy Walk Suite 402,Alexandria,VA,8525,Blair County,30.733682,-67.143355,Washington DC Metro
LOC-1858,461 Phillips Lock,San Diego,CA,7577,Blackwell County,38.561852,-87.144708,Los Angeles Metro
LOC-1859,6330 Bean Creek,Fort Collins,CO,79361,Jones County,39.694277,-87.062466,Denver Metro
LOC-1860,1421 Lopez Pass Apt. 196,Newark,NJ,60098,Mooney County,42.247855,-118.182841,New York Metro
LOC-1861,64704 Edwards Plain Suite 987,Orlando,FL,16436,Mcintosh County,38.133412,-109.850217,Miami Metro
LOC-1862,8830 Joshua Forges,Cleveland,OH,77552,Tucker County,38.687791,-90.776756,Columbus Metro
LOC-1863,3159 Julie Drive,macon,GA,44617,Chan County,34.908101,-67.681427,Atlanta Metro
LOC-1864,270 Rivera Fork,Atlanta,GA,80851,Ramirez County,27.430897,-100.587711,Atlanta Metro
LOC-1865,0629 Christopher Mission,Newark,NJ,96565,Jackson County,27.186795,-70.939336,New York Metro
LOC-1866,7183 Christopher Crescent,Seattle,WA,99698,Griffin County,39.149818,-94.761551,Seattle Metro
LOC-1867,075 Fox Stream Suite 974,Sterling Heights,MI,24674-8281,Perkins County,47.137942,-82.335466,Detroit Metro
LOC-1868,905 Sarah Dale Apt. 711,Springfield,IL,19254,Ramirez County,46.345742,-73.032675,Chicago Metro
LOC-1869,6581 Wanda Branch Suite 173,Seattle,WA,56668,Welch County,41.961248,-110.711144,Seattle Metro
LOC-1870,3163 Gary Mountain Suite 572,Erie,PA,80660,Garner County,43.673017,-109.208461,Philadelphia Metro
LOC-1871,69496 Tony Points Apt. 193,SANDY SPRINGS,GA,33570,Fox County,33.745748,-119.147702,Atlanta Metro
LOC-1872,8201 Dawn Bridge,WOODBRIDGE,NJ,30687,Porter County,36.49274,-77.422897,New York Metro
LOC-1873,5321 Walker Spurs Apt. 613,Elizabeth,NJ,76150,Jones County,41.702725,-101.650042,New York Metro
LOC-1874,9004 John Spring Apt. 954,Chandler,AZ,16556,Watson County,38.543359,-110.927776,Phoenix Metro
LOC-1875,356 Erin Radial Apt. 274,Arlington,TX,24744,Kidd County,26.012487,-72.723542,Dallas-Fort Worth Metro
LOC-1876,225 Rodriguez Valleys,Springfield,IL,82510,Nelson County,32.666059,-102.48895,Chicago Metro
LOC-1877,8147 Villanueva Coves,Flint,MI,96328,Fuentes County,34.157638,-107.307557,Detroit Metro
LOC-1878,360 Heather Locks,Dayton,OH,89930,Hall County,37.576364,-82.939769,Columbus Metro
LOC-1879,4138 Flores Court Suite 630,Joliet,IL,29882-1190,Morrison County,28.517833,-104.732979,Chicago Metro
LOC-1880,9685 Debra Meadow,Aurora,CO,41871,Dominguez County,34.352512,-93.07068,Denver Metro
LOC-1881,9872 Melendez Bypass Apt. 177,Flint,MI,44854,Fields County,37.252179,-95.396899,Detroit Metro
LOC-1882,1668 Carl Ford,Tampa,FL,29836,Lewis County,42.316591,-98.625064,Miami Metro
LOC-1883,67072 Timothy Fork Suite 024,FLINT,MI,49308-2850,Anderson County,38.489453,-80.86875,Detroit Metro
LOC-1884,241 Lisa Circle,Bellevue,WA,31396,Jenkins County,45.082054,-83.260118,Seattle Metro
LOC-1885,36540 Patricia Courts,Richmond,VA,54791,Banks County,30.718383,-71.654014,Washington DC Metro
LOC-1886,4248 Moore Skyway Apt. 243,Cincinnati,OH,12874,Stokes County,33.287272,-69.499549,Columbus Metro
LOC-1887,94765 David Street Suite 156,Chicago,IL,66219,Fritz County,25.726013,-112.984829,Chicago Metro
LOC-1888,941 Simpson Fields,Sterling Heights,MI,18281,Oliver County,42.027718,-72.895185,Detroit Metro
LOC-1889,70542 Roberson Course,Raleigh,NC,87928,Cohen County,42.319188,-88.062246,Charlotte Metro
LOC-1890,261 Anthony Flats,Virginia Beach,VA,70519,Flores County,28.345584,-108.52458,Washington DC Metro
LOC-1891,429 Austin Extensions Apt. 766,Phoenix,AZ,52788,Reynolds County,46.139685,-88.284364,Phoenix Metro
LOC-1892,229 Hall Plain Suite 194,Lansing,MI,42633,Davis County,38.380701,-84.30068,Detroit Metro
LOC-1893,839 Mary Underpass,Durham,NC,21835,Hall County,38.5321,-68.202917,Charlotte Metro
LOC-1894,42406 Nunez Passage Apt. 463,Fort  Worth,TX,88526,Harris County,26.347526,-84.8152,Dallas-Fort Worth Metro
LOC-1895,889 Stephanie Glens Apt. 751,Richmond,VA,15831,Crosby County,26.618824,-119.519439,Washington DC Metro
LOC-1896,9408 Parsons Lake Suite 243,Scottsdale,AZ,82776,Luna County,29.764255,-106.079883,Phoenix Metro
LOC-1897,9285 Smith Grove,Miami,FL,44066,Harris County,,-102.397973,Miami Metro
LOC-1898,528 Lynch Neck,Woodbridge,NJ,27810,Bridges County,47.339319,-109.737588,New York Metro
LOC-1899,96964 Clark Rapid,Dayton,OH,82974,Davis County,34.92082,-100.603763,Columbus Metro
LOC-1900,5047 Leah Pike Apt. 009,Miami,FL,50729,Yates County,44.899103,-96.06833,Miami Metro
LOC-1901,2887 Sarah Haven Suite 686,San Jose,CA,50438,Jordan County,47.18943,-113.039611,Los Angeles Metro
LOC-1902,0617 Monica Way Suite 901,Cleveland,OH,58434,Mathis County,34.302041,-102.268157,Columbus Metro
LOC-1903,10384 Garcia Lock Suite 566,Vancouver,WA,4790,Luna County,34.119279,-104.961881,Seattle Metro
LOC-1904,518 Acevedo Spur,Los Angeles,CA,98508,Davis County,44.678236,-117.250386,Los Angeles Metro
LOC-1905,449 James Square Apt. 596,Redmond,WA,72700,Johnston County,35.900814,-101.129543,Seattle Metro
LOC-1906,45056 Vincent Ports Apt. 754,Columbus,OH,33183,Williams County,47.62036,-118.738891,Columbus Metro
LOC-1907,86178 Rachel Unions Suite 140,Mesa,AZ,77773,Richard County,47.847591,-123.651201,Phoenix Metro
LOC-1908,38576 Karla Well Suite 816,San Antonio,TX,61915,Hodges County,36.374287,-92.146726,Dallas-Fort Worth Metro
LOC-1909,493 Villarreal Ways,Ann Arbor,MI,56971,Williams County,43.06865,-123.223661,Detroit Metro
LOC-1910,58530 Andrew Common Apt. 789,Richmond,VA,31510,Bennett County,34.774728,-115.60534,Washington DC Metro
LOC-1911,93048 Hernandez Ways Suite 758,Syracuse,NY,72747,Bennett County,34.891925,-84.303245,New York Metro
LOC-1912,36562 Sierra Summit Suite 344,Charlotte,NC,55921,Frazier County,39.617834,-102.99574,Charlotte Metro
LOC-1913,946 Burgess Stravenue,Aurora,IL,83071,Sanchez County,30.348897,-105.514964,Chicago Metro
LOC-1914,123 Nathan Springs,chicago,IL,66260,Fisher County,40.014889,-107.743204,Chicago Metro
LOC-1915,073 Norma Hollow Suite 577,Tucson,AZ,N/A,Mercado County,46.72268,-115.212662,Phoenix Metro
LOC-1916,626 Sherry Mills,Bellevue,WA,74389,Medina County,39.278171,-77.510862,Seattle Metro
LOC-1917,989 Cervantes Greens,Vancouver,WA,41836,Bowers County,39.836493,-85.324462,Seattle Metro
LOC-1918,443 Combs Station Suite 295,New Rochelle,NY,80634,Allison County,28.903467,-119.85177,New York Metro
LOC-1919,740 Thomas Mountain Suite 874,EDISON,NJ,18817,Johnson County,33.901572,-109.924535,New York Metro
LOC-1920,76751 Carlson Keys,jersey city,NJ,89807,Gonzalez County,47.5138,-105.475017,New York Metro
LOC-1921,57330 Kristina Row,Rockford,IL,53387,Robbins County,45.265221,-123.326528,Chicago Metro
LOC-1922,065 Kelly Parkways Apt. 344,Kirkland,WA,77463-7493,Cooper County,35.132457,-95.206081,Seattle Metro
LOC-1923,653 Mckay Flats Apt. 660,Cincinnati,OH,46549,Welch County,46.086165,-69.535844,Columbus Metro
LOC-1924,47091 Brian Gardens,Scottsdale,AZ,80134,Briggs County,40.833983,-96.918648,Phoenix Metro
LOC-1925,1199 Bass Common Apt. 815,Bellevue,WA,94120,Shaw County,42.379991,-78.374176,Seattle Metro
LOC-1926,6614 Ruiz Manors Apt. 868,Detroit,MI,69833,Tucker County,36.787324,-109.438964,Detroit Metro
LOC-1927,7966 Kelley Drive,Ann Arbor,MI,86850,Erickson County,42.857458,-73.566445,Detroit Metro
LOC-1928,525 Cooper Rapid,Naperville,IL,27412,Willis County,27.407045,-76.134497,Chicago Metro
LOC-1929,914 Jacqueline Square,New York,NY,88409,Hall County,47.160659,-83.503062,New York Metro
LOC-1930,276 Wyatt Island,New Rochelle,NY,39672,Ramirez County,28.742883,-110.578448,New York Metro
LOC-1931,398 Thompson Drives Apt. 405,El Paso,TX,7553,Jones County,46.158864,-115.044367,Dallas-Fort Worth Metro
LOC-1932,660 Washington Mission,Fort Lauderdale,FL,16471,Dillon County,37.812054,-111.910806,Miami Metro
LOC-1933,914 Quinn Parkway,Houston,TX,33033,Morgan County,25.374381,-84.575097,Dallas-Fort Worth Metro
LOC-1934,4420 Mark Greens Suite 102,Houston,TX,76574,Hendricks County,38.72793,-74.533365,Dallas-Fort Worth Metro
LOC-1935,735 Amanda Summit,Richmond,VA,81793-5841,Fleming County,29.355069,-102.128194,Washington DC Metro
LOC-1936,4774 James Ford Suite 183,Norfolk,VA,47927,Smith County,39.94714,-87.454263,Washington DC Metro
LOC-1937,534 Barton Place Apt. 539,Oakland,CA,65199,Walls County,42.62799,-92.631107,Los Angeles Metro
LOC-1938,217 Cooper Road Apt. 984,Parma,OH,51470,Mccarthy County,43.172426,-122.012455,Columbus Metro
LOC-1939,86558 Nicholas Key,Sacramento,CA,62989,Chang County,25.080691,-77.409925,Los Angeles Metro
LOC-1940,83193 Patel Ports,Newport News,VA,19769,Davis County,45.767606,-121.373599,Washington DC Metro
LOC-1941,038 Lori Way,Toledo,OH,1967,Cruz County,39.888011,-71.780027,Columbus Metro
LOC-1942,92421 Andrews Summit Apt. 091,El Paso,TX,39464,Thompson County,25.03647,-98.519806,Dallas-Fort Worth Metro
LOC-1943,73411 Cummings Corners Apt. 315,Scottsdale,AZ,91082,Andrade County,37.024233,-123.14247,Phoenix Metro
LOC-1944,3015 Benjamin Circle Suite 407,Toledo,OH,48561,Alexander County,33.692175,-82.639911,Columbus Metro
LOC-1945,109 Ward Plaza,Akron,OH,12021,Turner County,37.418519,-92.192286,Columbus Metro
LOC-1946,7663 Nguyen Hollow Apt. 829,San Antonio,TX,99407,Garza County,36.161787,-88.981182,Dallas-Fort Worth Metro
LOC-1947,9945 Brian Inlet,Sterling Heights,MI,69445,Cohen County,38.095043,-72.882846,Detroit Metro
LOC-1948,61669 Andre Terrace,Miami,FL,27393,Beasley County,41.135471,-67.669685,Miami Metro
LOC-1949,42168 Robert Parkway,Winston-Salem,NC,34480,Buckley County,31.96269,-119.51642,Charlotte Metro
LOC-1950,175 Jackson Tunnel,Lakewood,CO,28245,James County,43.031197,-103.411206,Denver Metro
LOC-1951,08347 Julie Branch Suite 932,San Antonio,TX,48114,Bates County,40.432177,-116.135725,Dallas-Fort Worth Metro
LOC-1952,2287 Jade Estate Apt. 007,SEATTLE,WA,98208,Durham County,39.834564,-115.754755,Seattle Metro
LOC-1953,597 Jonathan Field Suite 129,Cleveland,OH,33203,Bailey County,38.872646,-96.780907,Columbus Metro
LOC-1954,2058 Jasmine Drive Suite 060,Oakland,CA,44646,Roberts County,33.428151,-71.773874,Los Angeles Metro
LOC-1955,24065 Tanner Greens,Paterson,NJ,15946,Hayes County,42.928553,-116.794114,New York Metro
LOC-1956,950 Jonathan Corner Suite 664,Tempe,AZ,10007,Harris County,25.415422,-82.143912,Phoenix Metro
LOC-1957,5562 Zachary Overpass,Thornton,CO,63740,Schmidt County,26.215346,-114.214407,Denver Metro
LOC-1958,656 Charles Loaf Apt. 622,Chandler,AZ,75942,Bridges County,37.87977,-105.298394,Phoenix Metro
LOC-1959,13860 Olson Radial,LOS ANGELES,CA,78179,Hill County,45.985522,-94.547521,Los Angeles Metro
LOC-1960,99038 Jared Crossing Suite 895,AUGUSTA,GA,65008-9884,Blair County,46.256508,-78.694046,Atlanta Metro
LOC-1961,944 Brianna Terrace,Oakland,CA,83722,Martinez County,42.320337,-120.636894,Los Angeles Metro
LOC-1962,053 Alexander Points Apt. 951,San Jose,CA,70794,Bernard County,27.511768,-77.471948,Los Angeles Metro
LOC-1963,3095 David Stream Suite 708,El Paso,TX,57543,Scott County,43.789631,-78.74513,Dallas-Fort Worth Metro
LOC-1964,865 Barker Drive Apt. 582,new york,NY,19290,Salas County,,-85.212331,New York Metro
LOC-1965,280 Alison Drives,Thornton,CO,95674-9260,Sanchez County,38.202057,-106.201273,Denver Metro
LOC-1966,68856 Maldonado Village,New Rochelle,NY,84381,Henderson County,34.5037,-92.346024,New York Metro
LOC-1967,780 Ramirez Unions Apt. 744,Pittsburgh,PA,46572,Andrews County,42.617795,-100.435083,Philadelphia Metro
LOC-1968,2135 Christopher Neck Suite 559,Kirkland,WA,28514,Fuller County,29.650245,-106.281286,Seattle Metro
LOC-1969,8741 Janice Highway Suite 267,Kirkland,WA,14655,Morris County,26.044291,-103.947685,Seattle Metro
LOC-1970,199 Coleman Isle,Yonkers,NY,71377,Walker County,29.906722,-73.746027,New York Metro
LOC-1971,5156 Tanner Ridge Suite 789,Rockford,IL,41713,Simmons County,46.123114,-100.021419,Chicago Metro
LOC-1972,93582 Mary Locks,durham,NC,66264,Mueller County,38.530578,-111.515324,Charlotte Metro
LOC-1973,59722 Thomas Pine,Rockford,IL,81717,Campbell County,29.068165,-78.38849,Chicago Metro
LOC-1974,9276 Tran Port,Thornton,CO,49048,Fuller County,28.171694,-121.296328,Denver Metro
LOC-1975,0180 Smith Ford Apt. 480,Columbus,GA,61573,Jones County,39.257116,-103.910965,Atlanta Metro
LOC-1976,73586 Hatfield Oval Apt. 554,Syracuse,NY,11275,Nelson County,37.43937,-105.00153,New York Metro
LOC-1977,3926 Christina Mews,Sandy Springs,GA,13611,Washington County,38.802033,-73.299457,Atlanta Metro
LOC-1978,627 Brandon Isle Apt. 649,San Antonio,TX,60842-1312,Berry County,28.273457,-78.089845,Dallas-Fort Worth Metro
LOC-1979,285 Wallace Road,Columbus,OH,33219,Schaefer County,25.547239,-83.126055,Columbus Metro
LOC-1980,502 Natasha Knolls,Mesa,AZ,20899,Booker County,47.958851,-73.100778,Phoenix Metro
LOC-1981,307 Peterson Island,Aurora,CO,84172,Dunn County,47.125515,-123.397186,Denver Metro
LOC-1982,62643 Sanders Row,VIRGINIA BEACH,VA,24548,Hunt County,44.844944,-70.96142,Washington DC Metro
LOC-1983,607 Marie Village Suite 199,Kirkland,WA,87096,Hurley County,39.57548,-88.794793,Seattle Metro
LOC-1984,7551 Ashley Spurs,CHANDLER,AZ,68057,Ramirez County,44.424071,-97.569351,Phoenix Metro
LOC-1985,9253 Ruben Harbor,Alexandria,VA,57992,Harvey County,46.009472,-86.013657,Washington DC Metro
LOC-1986,385 Nelson Mills,Cincinnati,OH,91532,Hamilton County,31.993436,-82.88204,Columbus Metro
LOC-1987,9070 Nguyen Stream Suite 343,Houston,TX,26522,Riggs County,45.200598,-99.58073,Dallas-Fort Worth Metro
LOC-1988,771 Heath Union Apt. 209,TACOMA,WA,81140,Baker County,39.108911,-118.65367,Seattle Metro
LOC-1989,6341 Clark Ramp,Lakewood,CO,32840,Ford County,33.261006,-80.681984,Denver Metro
LOC-1990,01154 Gibson Forks,Warren,MI,57362,Miranda County,25.764926,-100.769247,Detroit Metro
LOC-1991,14872 Michael Lakes Suite 856,fresno,CA,84867,Scott County,46.022165,-77.017875,Los Angeles Metro
LOC-1992,4741 Ferguson Wells,Richmond,VA,15778,Wong County,45.595088,-67.221393,Washington DC Metro
LOC-1993,95232 Levy Keys Apt. 957,Naples,FL,38548,Burgess County,38.116348,-107.528366,Miami Metro
LOC-1994,5816 Williams Turnpike Suite 136,Bethlehem,PA,10364,Jackson County,35.544954,-80.750521,Philadelphia Metro
LOC-1995,470 Smith Cove,San Francisco,CA,55605,King County,26.676206,-111.886556,Los Angeles Metro
LOC-1996,147 Le Valley Apt. 418,Fort Collins,CO,23863,Bailey County,30.859737,-90.819562,Denver Metro
LOC-1997,508 Victor Haven Suite 601,Lansing,MI,38683,Murray County,32.077451,-75.207346,Detroit Metro
LOC-1998,610 Steve Ridges,san jose,CA,65280,Byrd County,26.067082,-110.075738,Los Angeles Metro
LOC-1999,70679 Andrews Overpass,Durham,NC,4184,Daniels County,45.387164,-117.351049,Charlotte Metro
LOC-2000,551 Mckee Drives,Spokane,WA,10851,Rodriguez County,40.601781,-69.411797,Seattle Metro
LOC-2001,389 Wallace Springs Apt. 536,Bellevue,WA,81176,Tucker County,44.715827,-74.939886,Seattle Metro
LOC-2002,5896 Tracy Motorway,Flint,MI,31952,Anderson County,30.311739,-75.939638,Detroit Metro
LOC-2003,1335 Karen Ridge,sarasota,FL,28542,Smith County,33.135632,-113.367299,Miami Metro
LOC-2004,09742 Reid Ridges Apt. 663,Denver,CO,2652,Edwards County,35.233106,-118.822456,Denver Metro
LOC-2005,1480 Jane Walk Apt. 073,Hampton,VA,33715,Ballard County,41.109753,-114.409836,Washington DC Metro
LOC-2006,8260 Terri Junctions Apt. 637,JERSEY CITY,NJ,78738,Pacheco County,37.011841,-72.137933,New York Metro
LOC-2007,128 Patterson Prairie Apt. 122,Detroit,MI,24688,Krueger County,29.863028,-102.828582,Detroit Metro
LOC-2008,42526 Sandra Prairie,Warren,MI,70784,Burns County,35.820239,-83.873271,Detroit Metro
LOC-2009,9465 Stuart Roads,FRESNO,CA,54521,Soto County,36.011255,-80.361491,Los Angeles Metro
LOC-2010,3255 Mitchell Club Apt. 818,Fort Worth,TX,89777,Wade County,36.695967,-90.832586,Dallas-Fort Worth Metro
LOC-2011,36738 Gloria Divide Apt. 388,Naperville,IL,50762,Garcia County,40.1192,-67.260551,Chicago Metro
LOC-2012,6841 Atkins Common,augusta,GA,33282,Green County,39.145964,-93.410689,Atlanta Metro
LOC-2013,01483 John Grove,Buffalo,NY,3038,Proctor County,27.039652,-108.111557,New York Metro
LOC-2014,27283 Smith Alley,Norfolk,VA,78799,Romero County,26.518897,-68.485529,Washington DC Metro
LOC-2015,7709 Victoria Shore Suite 618,Norfolk,VA,98228,Young County,39.427964,-123.256391,Washington DC Metro
LOC-2016,2950 Fisher Orchard Apt. 621,San Diego,CA,29564,Porter County,28.017613,-83.134447,Los Angeles Metro
LOC-2017,8886 Diane Cove,Naples,FL,41942,Mason County,29.461156,-72.784865,Miami Metro
LOC-2018,32645 Scott Meadow,Cincinnati,OH,63367,Mcdonald County,29.531953,-85.11563,Columbus Metro
LOC-2019,916 Marcus Spur,Bellevue,WA,67667,Mullins County,33.184755,-72.523678,Seattle Metro
LOC-2020,4909 Brewer Forks,SARASOTA,FL,13003,Evans County,47.785372,-118.889446,Miami Metro
LOC-2021,197 David Cliff Suite 891,Virginia Beach,VA,59560,Lopez County,25.940163,-70.141255,Washington DC Metro
LOC-2022,670 Ramirez Crest,New York,NY,13823,Yu County,44.369378,-81.713179,New York Metro
LOC-2023,93625 Richard Alley,Toledo,OH,84381-4326,Taylor County,,-100.071425,Columbus Metro
LOC-2024,9088 Richardson Harbor,Akron,OH,64746,Robertson County,45.870457,-97.751239,Columbus Metro
LOC-2025,335 Katelyn Views,Cleveland,OH,30050-9390,Evans County,43.496183,-103.363105,Columbus Metro
LOC-2026,65735 Timothy Junction,Redmond,WA,49387,Hull County,35.142431,-99.405345,Seattle Metro
LOC-2027,351 Nancy Street Apt. 401,Flint,MI,39454,Hernandez County,32.907168,-106.768851,Detroit Metro
LOC-2028,19558 Knight Bridge,Buffalo,NY,60507,Huynh County,45.287477,-117.304145,New York Metro
LOC-2029,717 Miller Oval Apt. 305,New Rochelle,NY,28015,Jenkins County,41.993412,-70.372215,New York Metro
LOC-2030,94124 Smith Course Suite 483,Jersey  City,NJ,77461,Hodges County,39.633341,-69.567293,New York Metro
LOC-2031,37684 Katelyn Motorway Suite 776,Lansing,MI,91628,Mathews County,28.392935,-110.314181,Detroit Metro
LOC-2032,4345 Rhodes Skyway,El Paso,TX,99482,Wilkinson County,30.073872,-92.09678,Dallas-Fort Worth Metro
LOC-2033,730 Jeremiah Greens,Chesapeake,VA,34465,Carpenter County,40.33434,-103.213781,Washington DC Metro
LOC-2034,757 Vang Junctions Apt. 048,new rochelle,NY,41573-6993,Campbell County,44.511808,-93.846886,New York Metro
LOC-2035,473 Amber Key,Chesapeake,VA,71198,Hughes County,33.979299,-84.679749,Washington DC Metro
LOC-2036,2707 Roth Stravenue Suite 761,Vancouver,WA,45160,Garcia County,46.683053,-71.777363,Seattle Metro
LOC-2037,9764 Cox Spring,Albany,NY,71890,Paul County,31.229654,-101.960424,New York Metro
LOC-2038,7289 Hernandez Loaf Apt. 485,PARMA,OH,37344,Adams County,27.908883,-113.906258,Columbus Metro
LOC-2039,90984 Rice Keys,Virginia Beach,VA,91045,Harmon County,32.046038,-119.010313,Washington DC Metro
LOC-2040,6992 Jones Path,Grand Rapids,MI,58655,Anderson County,34.132722,-75.878349,Detroit Metro
LOC-2041,709 Ware Motorway Suite 957,New York,NY,46199,Williams County,33.462683,-83.107945,New York Metro
LOC-2042,962 Walker Mountain,Columbus,OH,4747,Lawrence County,40.357051,-108.908001,Columbus Metro
LOC-2043,10735 David Ranch Suite 220,Spokane,WA,25249,Russell County,32.284902,-106.390063,Seattle Metro
LOC-2044,3233 Brett Divide,Sterling Heights,MI,70017,Lewis County,,-85.201832,Detroit Metro
LOC-2045,4606 Mary Lane,Woodbridge,NJ,79576,Knight County,46.154309,-115.900941,New York Metro
LOC-2046,306 Pena Field Suite 786,DURHAM,NC,83004,Morris County,28.597624,-103.323358,Charlotte Metro
LOC-2047,412 Sanchez Stravenue,Colorado Springs,CO,76255,Davenport County,30.974517,-75.883933,Denver Metro
LOC-2048,4488 Mitchell Neck,Los Angeles,CA,94255,Chan County,45.002954,-70.775747,Los Angeles Metro
LOC-2049,11980 Jackson Keys Suite 280,Parma,OH,29344,Nguyen County,35.22832,-98.180918,Columbus Metro
LOC-2050,4255 Timothy Wall Suite 887,Erie,PA,7134,Stephens County,31.409119,-120.469112,Philadelphia Metro
LOC-2051,203 Gary Gateway,Woodbridge,NJ,29988,Barron County,46.445868,-120.415737,New York Metro
LOC-2052,19586 Nielsen Ramp Apt. 879,Edison,NJ,1598,Warren County,46.177822,-96.420839,New York Metro
LOC-2053,87314 Linda Port Suite 629,Austin,TX,70701,Roth County,46.74335,-117.16484,Dallas-Fort Worth Metro
LOC-2054,964 Wilson Branch Apt. 328,Lansing,MI,38523,Hawkins County,37.168992,-88.229848,Detroit Metro
LOC-2055,0051 Harold Oval,Denver,CO,35967,Collins County,32.954854,-83.576324,Denver Metro
LOC-2056,02201 Ward Lakes,thornton,CO,94525,Valentine County,41.70385,-75.211124,Denver Metro
LOC-2057,4879 Donna Square,Chesapeake,VA,56169,Jones County,44.775559,-85.075526,Washington DC Metro
LOC-2058,6275 Kimberly Knolls Apt. 697,Naples,FL,68024,King County,39.166818,-73.063576,Miami Metro
LOC-2059,36078 Carter Plains,Naperville,IL,39105,Frederick County,30.186542,-111.081681,Chicago Metro
LOC-2060,09587 Rachel Spurs,Sacramento,CA,16416,Peters County,35.559638,-94.847313,Los Angeles Metro
LOC-2061,060 Michelle Isle Suite 923,Arlington,TX,30761,Taylor County,,-121.80126,Dallas-Fort Worth Metro
LOC-2062,48581 Smith Lakes Apt. 196,Columbus,OH,82564,Crawford County,47.143155,-85.367058,Columbus Metro
LOC-2063,209 Michael Ports Apt. 018,Arlington,TX,92610,Moore County,41.271384,-109.058113,Dallas-Fort Worth Metro
LOC-2064,33297 Marie Ports Apt. 795,Augusta,GA,44426,Wagner County,29.825864,-68.71772,Atlanta Metro
LOC-2065,8551 Ruben Forest,Orlando,FL,7663,Pham County,27.441003,-89.376593,Miami Metro
LOC-2066,49207 Rivas Mount Suite 142,Fayetteville,NC,84196,Evans County,43.760796,-67.523693,Charlotte Metro
LOC-2067,96262 Burke Path Apt. 124,Chesapeake,VA,59417,Delgado County,45.433841,-67.404541,Washington DC Metro
LOC-2068,736 Castillo Terrace Suite 434,Sacramento,CA,93287,Gonzalez County,36.012135,-78.471932,Los Angeles Metro
LOC-2069,9787 Cassandra Way Suite 571,Charlotte,NC,99610,Morgan County,,-76.82263,Charlotte Metro
LOC-2070,438 Mary Ridges Apt. 348,New Rochelle,NY,49962,Holland County,,-105.534345,New York Metro
LOC-2071,47960 Jennifer Port Suite 091,New Rochelle,NY,62598,Barnes County,36.700514,-107.651044,New York Metro
LOC-2072,3762 Koch Lodge Suite 225,Richmond,VA,60609-5535,Green County,43.187346,-121.433123,Washington DC Metro
LOC-2073,36930 Jennifer Grove,Spokane,WA,96466-2416,Leblanc County,34.846738,-82.938347,Seattle Metro
LOC-2074,52731 Karen Ferry,Thornton,CO,66133,Weiss County,38.100235,-85.78006,Denver Metro
LOC-2075,1475 Duncan Turnpike Apt. 018,Syracuse,NY,81712,Adams County,43.511632,-120.568707,New York Metro
LOC-2076,59847 Martin Ports,San Diego,CA,30748,Ryan County,26.635775,-74.587999,Los Angeles Metro
LOC-2077,596 Buck Orchard,Newark,NJ,19606,Cobb County,38.146193,-81.141827,New York Metro
LOC-2078,3902 Ryan Estates,Toledo,OH,94838,Harmon County,25.835721,-69.571209,Columbus Metro
LOC-2079,365 Brad Flats Apt. 990,Toledo,OH,40320-4037,Andrews County,28.032587,-86.834044,Columbus Metro
LOC-2080,4761 Turner Mission,Scranton,PA,79522,Gordon County,35.928549,-92.952292,Philadelphia Metro
LOC-2081,554 Jennifer Haven,Colorado Springs,CO,99776,Thompson County,46.064392,-84.500776,Denver Metro
LOC-2082,69792 Jessica Mills,Lakewood,NJ,50470,Clements County,46.937697,-85.689531,New York Metro
LOC-2083,393 Blanchard Spur Suite 904,Orlando,FL,15987,Flores County,38.480151,-103.937548,Miami Metro
LOC-2084,925 William Point,Vancouver,WA,47065,Benson County,35.490181,-71.465333,Seattle Metro
LOC-2085,3381 John Orchard Apt. 453,San Francisco,CA,83565,Soto County,32.041918,-92.948935,Los Angeles Metro
LOC-2086,23641 Elijah Trace,Rockford,IL,69000,Alvarez County,45.350711,-118.925467,Chicago Metro
LOC-2087,98537 Brian Forks Suite 051,Erie,PA,14426,Ross County,32.604395,-122.685945,Philadelphia Metro
LOC-2088,25107 Michael Knolls,Albany,NY,87183,Nguyen County,47.426184,-91.792361,New York Metro
LOC-2089,94042 Paula Viaduct Suite 564,Atlanta,GA,93229,Jones County,33.236148,-91.549344,Atlanta Metro
LOC-2090,5125 William Via,Fresno,CA,71073,Johnson County,29.122664,-104.063419,Los Angeles Metro
LOC-2091,191 Lynn Street Suite 053,Dayton,OH,49283,Daniel County,26.802352,-106.101227,Columbus Metro
LOC-2092,419 Rodriguez Square Suite 557,Scottsdale,AZ,53961,Avery County,33.019662,-107.943501,Phoenix Metro
LOC-2093,3282 Ortiz Brook Suite 162,Bethlehem,PA,48293,Bruce County,32.070006,-109.328322,Philadelphia Metro
LOC-2094,856 Leslie Branch,Detroit,MI,89099,Sawyer County,42.318574,-110.179891,Detroit Metro
LOC-2095,6150 Moore Island,Rockford,IL,39676,Lawson County,,-100.634682,Chicago Metro
LOC-2096,569 Murray Club Suite 336,Glendale,AZ,32457,Johnson County,26.098117,-105.293284,Phoenix Metro
LOC-2097,901 Christian Haven,Sandy Springs,GA,85447,Hubbard County,37.263108,-80.07939,Atlanta Metro
LOC-2098,103 Todd Passage Apt. 893,Chicago,IL,23580,Johnson County,47.947246,-80.665818,Chicago Metro
LOC-2099,163 Rickey Pass Suite 851,Miami,FL,15682,Rose County,31.931248,-75.457337,Miami Metro
LOC-2100,9050 Cook Locks Apt. 672,Hampton,VA,54129,Warren County,38.468918,-75.02882,Washington DC Metro
LOC-2101,2720 Emily Way,San Diego,CA,66732,Roberts County,33.774533,-120.346967,Los Angeles Metro
LOC-2102,373 Fisher Brook,oakland,CA,N/A,Owens County,42.912058,-112.369711,Los Angeles Metro
LOC-2103,083 Kayla Rapids,Parma,OH,87975,Ramos County,32.607649,-104.769236,Columbus Metro
LOC-2104,45498 Robert Common Suite 674,San Jose,CA,20339,Elliott County,39.018131,-70.170235,Los Angeles Metro
LOC-2105,8867 Jones Points Suite 711,Aurora,IL,52894,Coleman County,30.089607,-119.868698,Chicago Metro
LOC-2106,0595 Clark Hollow Apt. 180,San Francisco,CA,34060,Moon County,34.370101,-70.831076,Los Angeles Metro
LOC-2107,92002 Moreno Key Suite 533,Buffalo,NY,48371,Townsend County,,-86.606673,New York Metro
LOC-2108,3031 Simpson Point Suite 192,Sandy Springs,GA,76117,Franco County,40.520335,-86.492134,Atlanta Metro
LOC-2109,4872 Melissa Divide,Los Angeles,CA,95344,Baker County,41.280467,-115.970507,Los Angeles Metro
LOC-2110,54550 Wendy Hill,Detroit,MI,95697-8983,Lawrence County,35.077546,-107.695357,Detroit Metro
LOC-2111,099 Ashley Park,San Diego,CA,5175,Morales County,30.252761,-78.745465,Los Angeles Metro
LOC-2112,88724 Davis Forest Apt. 343,Orlando,FL,89888,Fox County,34.708859,-104.714594,Miami Metro
LOC-2113,09143 Moore Inlet,Tempe,AZ,30903,Montgomery County,28.069961,-67.341072,Phoenix Metro
LOC-2114,74179 Edwards Groves,Miami,FL,62595,Gutierrez County,,-112.348563,Miami Metro
LOC-2115,89735 Alejandra Union Suite 225,Rochester,NY,67799-3012,Moore County,40.417533,-99.616752,New York Metro
LOC-2116,600 David Camp Apt. 340,Sacramento,CA,28611,Watson County,39.022468,-104.199713,Los Angeles Metro
LOC-2117,1251 Stone Street Apt. 418,Virginia Beach,VA,94116,Rosales County,26.289151,-70.330959,Washington DC Metro
LOC-2118,051 Powell Cape,Ann Arbor,MI,73915,Mckinney County,25.667998,-108.561366,Detroit Metro
LOC-2119,39278 Wise Oval,San Francisco,CA,70090-1268,Reid County,27.089941,-83.091138,Los Angeles Metro
LOC-2120,863 Miller Dam,TAMPA,FL,5892,Wells County,43.729457,-82.833897,Miami Metro
LOC-2121,444 Alexis Estate Suite 824,Lakewood,CO,23315,Herrera County,35.954602,-87.744449,Denver Metro
LOC-2122,13737 Kevin Canyon Apt. 118,Columbus,OH,88737,Johnson County,29.206165,-108.96855,Columbus Metro
LOC-2123,6914 Cassandra Gateway,Syracuse,NY,67764,Caldwell County,40.58568,-88.151428,New York Metro
LOC-2124,61047 Morgan Port Apt. 199,Dallas,TX,8848,Martinez County,46.983064,-79.429357,Dallas-Fort Worth Metro
LOC-2125,9247 Castro Skyway Apt. 410,Greensboro,NC,76470,Robinson County,28.390956,-109.897891,Charlotte Metro
LOC-2126,1318 Daniel Walks,Flint,MI,34419-2385,Key County,26.976912,-121.312662,Detroit Metro
LOC-2127,0513 Leslie Crescent,San Francisco,CA,82456,Wallace County,46.118904,-88.991128,Los Angeles Metro
LOC-2128,4708 Gutierrez Ports,Denver,CO,16485,Garner County,36.148819,-84.465601,Denver Metro
LOC-2129,7148 Rose Cliff,Grand Rapids,MI,87038,Johnson County,39.196762,-84.416639,Detroit Metro
LOC-2130,5645 Martinez Track,Arvada,CO,23372,Hernandez County,28.268414,-95.942891,Denver Metro
LOC-2131,794 Spencer Grove Apt. 337,Syracuse,NY,3143,Baker County,44.714565,-115.469749,New York Metro
LOC-2132,93391 Phillip Ridges Suite 126,Paterson,NJ,44166,Richmond County,39.859127,-75.550149,New York Metro
LOC-2133,60326 Bell Circles,Virginia Beach,VA,35624,Warner County,31.667626,-106.78361,Washington DC Metro
LOC-2134,7631 Christopher Place,Rockford,IL,75417,Morrison County,38.342544,-105.156163,Chicago Metro
LOC-2135,6125 Randy Loaf Suite 004,Miami,FL,90458,Alexander County,42.61697,-84.991781,Miami Metro
LOC-2136,9486 Hicks Path Apt. 703,Pittsburgh,PA,68745,Sullivan County,39.350023,-72.484896,Philadelphia Metro
LOC-2137,07701 Tucker Track,Buffalo,NY,88346,Hensley County,34.524641,-108.723575,New York Metro
LOC-2138,9493 Lisa Camp Suite 811,Bethlehem,PA,57014,Huynh County,25.403348,-119.408456,Philadelphia Metro
LOC-2139,1960 Joshua Burg,Sarasota,FL,13640,Jackson County,38.172206,-71.135552,Miami Metro
LOC-2140,4415 Sweeney Manors,Austin,TX,63806,West County,28.4876,-105.888472,Dallas-Fort Worth Metro
LOC-2141,38496 Brooks Estates,Cleveland,OH,70722,Perez County,43.684372,-87.192102,Columbus Metro
LOC-2142,0335 Rebecca Wells,Springfield,IL,3357,Zuniga County,33.670614,-104.892204,Chicago Metro
LOC-2143,9992 Sims Keys,Woodbridge,NJ,22726,Lewis County,41.648581,-111.286988,New York Metro
LOC-2144,197 Young Motorway Apt. 946,San Diego,CA,39419,Benson County,28.61178,-77.321443,Los Angeles Metro
LOC-2145,8723 Singleton Lane,Arlington,TX,19996,Hodge County,31.809668,-86.223462,Dallas-Fort Worth Metro
LOC-2146,276 Beck Green,Raleigh,NC,81229,Haynes County,36.488581,-101.116587,Charlotte Metro
LOC-2147,9317 Alexander Bypass,Detroit,MI,44359,Jordan County,26.345216,-106.369678,Detroit Metro
LOC-2148,8173 Ford Crossroad Apt. 162,glendale,AZ,60890,Morgan County,46.345579,-71.812722,Phoenix Metro
LOC-2149,989 Sarah Land Suite 646,Augusta,GA,78259,Clark County,41.945226,-101.900143,Atlanta Metro
LOC-2150,14557 Melanie Fort Apt. 427,Dayton,OH,25565,Dominguez County,41.657071,-111.590443,Columbus Metro
LOC-2151,866 Michael Crossroad,Naples,FL,28983,Munoz County,29.446083,-123.024858,Miami Metro
LOC-2152,0926 Adrian Shores,Fort Lauderdale,FL,38437,Miller County,27.593662,-82.233881,Miami Metro
LOC-2153,015 Jones Cliffs,Flint,MI,24669-8315,Mathis County,28.528758,-80.65997,Detroit Metro
LOC-2154,84498 Donald Corners Apt. 008,Warren,MI,79054-3635,Hunt County,36.814807,,Detroit Metro
LOC-2155,469 Kathryn Spur,Albany,NY,12744,Clements County,42.137899,-83.744869,New York Metro
LOC-2156,2331 Joseph Greens Apt. 773,Yonkers,NY,54126,Fuller County,,-74.240814,New York Metro
LOC-2157,5619 David Cliffs Apt. 206,Bethlehem,PA,42017,Lewis County,,-92.659501,Philadelphia Metro
LOC-2158,641 Cruz Route,Norfolk,VA,90733,Soto County,42.902128,-80.263537,Washington DC Metro
LOC-2159,23641 Lawson Manors,Fayetteville,NC,69950,Hunter County,46.471935,-75.10571,Charlotte Metro
LOC-2160,991 Abbott Mews Suite 032,Colorado Springs,CO,75745,Perez County,33.863384,-78.992584,Denver Metro
LOC-2161,932 Taylor Place,Savannah,GA,20918,Hernandez County,39.604994,-73.653449,Atlanta Metro
LOC-2162,1269 Steven Green Suite 225,Redmond,WA,33204,Lopez County,27.409362,-99.258954,Seattle Metro
LOC-2163,4484 Laurie Summit Suite 868,Los Angeles,CA,97008,Rodriguez County,28.607579,-72.696071,Los Angeles Metro
LOC-2164,43306 Johnson Station,Edison,NJ,39334,Stone County,29.297204,-81.981132,New York Metro
LOC-2165,771 Stewart Keys Apt. 627,Columbus,GA,12593,Schmidt County,45.60002,-95.898525,Atlanta Metro
LOC-2166,59120 Blevins Freeway,Kirkland,WA,86284,Mcdonald County,39.600493,-70.743055,Seattle Metro
LOC-2167,2660 Dustin Islands,Mesa,AZ,19838,Hicks County,35.743044,-98.658103,Phoenix Metro
LOC-2168,029 Cooper River,Fayetteville,NC,87780,Lawrence County,44.624262,-87.334664,Charlotte Metro
LOC-2169,3793 Davila Walk Suite 519,Elizabeth,NJ,9854,Nixon County,41.472381,-82.282593,New York Metro
LOC-2170,7411 Timothy Forge,Hampton,VA,60393,Huerta County,39.067618,-103.827594,Washington DC Metro
LOC-2171,38625 Rosario Mountain Suite 112,Augusta,GA,76483,Diaz County,45.49551,-114.737064,Atlanta Metro
LOC-2172,233 Laura Plains Apt. 563,Elizabeth,NJ,11183,Johnson County,41.978005,-73.464117,New York Metro
LOC-2173,248 William Fork,Columbus,GA,28706,Nixon County,34.476132,-90.354857,Atlanta Metro
LOC-2174,07883 George Mill,Athens,GA,7349,Perez County,25.088486,-79.434728,Atlanta Metro
LOC-2175,4852 Aaron Dale Apt. 197,Columbus,GA,99860,Kirk County,38.132507,-100.879198,Atlanta Metro
LOC-2176,87416 Tracy Square Suite 365,Bellevue,WA,N/A,Jones County,35.626997,-107.52841,Seattle Metro
LOC-2177,5100 Dyer Bypass Apt. 948,Pittsburgh,PA,86221,Mack County,37.264013,-67.157235,Philadelphia Metro
LOC-2178,62300 Robert Mission,San Diego,CA,11294,Taylor County,28.833302,-87.519445,Los Angeles Metro
LOC-2179,0283 Janice Field,Pittsburgh,PA,14115,Caldwell County,28.209443,-97.855187,Philadelphia Metro
LOC-2180,437 Roman Ports,detroit,MI,81350,Wilson County,37.29675,-109.598228,Detroit Metro
LOC-2181,280 Monica Station Suite 316,San Jose,CA,85121,Larsen County,45.123483,-78.14362,Los Angeles Metro
LOC-2182,687 Smith Ford Apt. 454,Scottsdale,AZ,91114,Browning County,35.895717,-76.495769,Phoenix Metro
LOC-2183,61664 Smith Spur,Erie,PA,4100,Payne County,46.28545,,Philadelphia Metro
LOC-2184,580 Mark Shoal Apt. 764,san francisco,CA,55208,Thomas County,42.474763,-101.012068,Los Angeles Metro
LOC-2185,280 Kenneth Crest Suite 050,Warren,MI,12265,Pena County,46.857258,-101.918054,Detroit Metro
LOC-2186,961 David Villages Apt. 552,Grand Rapids,MI,80957,Wolfe County,45.635661,-107.231187,Detroit Metro
LOC-2187,80588 Tracey Rue,Vancouver,WA,12556,Wallace County,37.208848,-114.766258,Seattle Metro
LOC-2188,54047 Thompson Junctions Apt. 950,Los Angeles,CA,36744,Ingram County,45.436779,-116.996111,Los Angeles Metro
LOC-2189,52558 Davenport Mountain,Naperville,IL,88027,Griffin County,34.048077,-108.367252,Chicago Metro
LOC-2190,0317 Schmidt Brook,Fort Collins,CO,59050,Montes County,46.619966,-102.463701,Denver Metro
LOC-2191,5880 Wilson Plains,Allentown,PA,67172,Reynolds County,28.149321,-70.850983,Philadelphia Metro
LOC-2192,29355 Guerrero Lakes Apt. 055,Tucson,AZ,11037,Elliott County,29.955462,-87.793471,Phoenix Metro
LOC-2193,7799 Daniel Field Suite 983,San Diego,CA,72967,Smith County,31.982202,-107.551299,Los Angeles Metro
LOC-2194,7627 Nguyen Ways Apt. 160,Syracuse,NY,32376-4797,Dunn County,37.290684,-106.18523,New York Metro
LOC-2195,970 Natalie Shoals Apt. 213,Tampa,FL,55573,Harris County,28.823155,-76.75273,Miami Metro
LOC-2196,08347 Becker Cliffs Apt. 898,Norfolk,VA,96299,Willis County,27.102305,-74.471471,Washington DC Metro
LOC-2197,74611 Jessica Ports,New Rochelle,NY,93008,Munoz County,36.37703,-99.740875,New York Metro
LOC-2198,927 Cynthia Isle Suite 033,Norfolk,VA,82834,Meyer County,40.527456,-92.413801,Washington DC Metro
LOC-2199,885 William Street Suite 818,Aurora,IL,55387,Mejia County,44.761999,-118.22002,Chicago Metro
LOC-2200,97630 Deanna Mountains Apt. 794,Columbus,GA,68802-6504,Gilbert County,46.07345,-93.841698,Atlanta Metro
LOC-2201,5744 Rodriguez Cape Suite 692,Detroit,MI,69520,Manning County,35.847166,-80.412911,Detroit Metro
LOC-2202,5434 Greer Port,Tampa,FL,79327,Rodriguez County,44.623021,-107.139594,Miami Metro
LOC-2203,43598 Samantha Path Suite 907,Austin,TX,84852,Burnett County,30.979022,-75.697893,Dallas-Fort Worth Metro
LOC-2204,8578 Sandra Parks Suite 681,Albany,NY,13969,Gray County,27.870671,-111.586925,New York Metro
LOC-2205,40730 Pearson Courts Suite 761,Norfolk,VA,94450,Beard County,38.820134,-113.61347,Washington DC Metro
LOC-2206,0078 Paul Estate,Winston-Salem,NC,82983-3852,Hernandez County,,-96.912583,Charlotte Metro
LOC-2207,854 Joel Field,Cleveland,OH,18204,Ortiz County,27.811224,-84.583958,Columbus Metro
LOC-2208,85023 Kathy Dam Suite 532,Rochester,NY,73259,Ellis County,43.037725,-121.149855,New York Metro
LOC-2209,514 Moore Ranch Apt. 322,Erie,PA,34640,Sanchez County,44.9952,-95.695851,Philadelphia Metro
LOC-2210,1469 Mercado Prairie Apt. 555,Cleveland,OH,62099,Cooper County,26.502001,-106.307677,Columbus Metro
LOC-2211,20061 King Fields Suite 445,Ann Arbor,MI,59292,Elliott County,34.890267,-68.614879,Detroit Metro
LOC-2212,1218 Sara Ranch Apt. 270,Ann Arbor,MI,N/A,Cameron County,37.242118,-92.416096,Detroit Metro
LOC-2213,76122 Rebecca Plains Apt. 056,Raleigh,NC,99621,Phillips County,28.765694,-83.856511,Charlotte Metro
LOC-2214,530 Watson Islands Suite 950,Greensboro,NC,32308,Martinez County,33.966836,-82.041014,Charlotte Metro
LOC-2215,56077 Tate Rest Suite 332,Flint,MI,97817,Freeman County,35.529887,-102.869407,Detroit Metro
LOC-2216,904 Johnson Pike,Bethlehem,PA,74261,Thompson County,41.329511,-104.13382,Philadelphia Metro
LOC-2217,9626 Isaiah Spur,Virginia Beach,VA,16729,White County,26.643513,-81.524032,Washington DC Metro
LOC-2218,755 Richard Mount,Woodbridge,NJ,19696,Mejia County,31.882514,-93.194469,New York Metro
LOC-2219,7015 Gerald Centers,Atlanta,GA,53013,Clark County,37.169781,-71.793467,Atlanta Metro
LOC-2220,4907 Greene Estates,Arlington,TX,37015,Gaines County,42.492637,-114.88707,Dallas-Fort Worth Metro
LOC-2221,18333 Joy Estate Suite 921,Houston,TX,38526,Smith County,29.828161,-95.341683,Dallas-Fort Worth Metro
LOC-2222,07122 Williams Centers Apt. 283,ARLINGTON,TX,42212,Pearson County,47.674321,-76.445347,Dallas-Fort Worth Metro
LOC-2223,427 Leslie River Suite 788,reading,PA,12970,Small County,39.195488,-71.735567,Philadelphia Metro
LOC-2224,206 Edward Square,Lakewood,NJ,23810,Keller County,38.27312,-102.886828,New York Metro
LOC-2225,26980 Green Squares,Fort Collins,CO,38968,Barnes County,33.594383,-88.203764,Denver Metro
LOC-2226,47609 Cardenas View Apt. 647,cary,NC,70906,Moore County,25.273441,-76.340332,Charlotte Metro
LOC-2227,2573 Pierce Square Suite 778,Columbus,OH,25930,Escobar County,,-90.683897,Columbus Metro
LOC-2228,70946 Mendoza Mount Apt. 612,Raleigh,NC,72168,Stein County,39.865321,-106.0365,Charlotte Metro
LOC-2229,84268 Laura Dale Apt. 616,SAN JOSE,CA,79614,Scott County,37.305264,-118.239333,Los Angeles Metro
LOC-2230,05371 Johnson Loaf Suite 880,NAPERVILLE,IL,27777,Norton County,41.436574,-112.224708,Chicago Metro
LOC-2231,664 Montes Ports,Hampton,VA,75036,Massey County,42.423098,-116.027928,Washington DC Metro
LOC-2232,79831 Kathleen Greens,Reading,PA,62552,Anderson County,29.806673,-110.206314,Philadelphia Metro
LOC-2233,54160 Barbara Corner Suite 808,Paterson,NJ,66387-5782,Gonzales County,35.358344,-109.960315,New York Metro
LOC-2234,0867 Michael Canyon,Chandler,AZ,73877,Mendoza County,33.212572,-78.978327,Phoenix Metro
LOC-2235,074 Justin Fork,Albany,NY,9040,Coleman County,28.08255,-95.040688,New York Metro
LOC-2236,796 Lyons Rue Suite 610,Atlanta,GA,81395,Murphy County,47.925675,-86.941056,Atlanta Metro
LOC-2237,09007 Lisa Parks,Rochester,NY,20775,Peters County,30.862411,-120.084784,New York Metro
LOC-2238,20502 Ortega Port Suite 239,Los Angeles,CA,70532,Thompson County,32.436586,-73.176311,Los Angeles Metro
LOC-2239,29759 Adams Mount,Paterson,NJ,4481,Craig County,33.586014,-116.906936,New York Metro
LOC-2240,396 Larson Summit Suite 442,San Francisco,CA,3804,Reed County,28.282328,-100.07719,Los Angeles Metro
LOC-2241,942 Juan Lodge Suite 153,Cary,NC,93068,Alexander County,31.223528,-117.384623,Charlotte Metro
LOC-2242,513 Stephen Tunnel,Bethlehem,PA,12832,Lucero County,38.228052,-121.440495,Philadelphia Metro
LOC-2243,6699 Gray Crescent,Redmond,WA,89536,Paul County,40.917274,-123.795154,Seattle Metro
LOC-2244,85571 Turner Shoals Apt. 584,Redmond,WA,90434,Gilbert County,42.600998,-74.34338,Seattle Metro
LOC-2245,814 Chapman Bypass Apt. 358,Glendale,AZ,53076,Morales County,45.533403,-116.260267,Phoenix Metro
LOC-2246,057 Baker Burg Suite 324,colorado springs,CO,65681,Brooks County,47.076677,-67.8482,Denver Metro
LOC-2247,2791 Rachel Course,Tempe,AZ,14602,Holt County,46.783554,-90.333086,Phoenix Metro
LOC-2248,851 Jenkins Manors,Durham,NC,71589,Prince County,42.190497,-69.177367,Charlotte Metro
LOC-2249,321 Michael Ports Suite 183,Cincinnati,OH,6891,Williams County,,,Columbus Metro
LOC-2250,348 Natalie Canyon Apt. 264,Denver,CO,55758,Moore County,43.995807,-74.219183,Denver Metro
LOC-2251,205 Phillips Views Apt. 987,Jacksonville,FL,44669,Morse County,47.307434,-71.341707,Miami Metro
LOC-2252,921 Ruiz Springs,Tempe,AZ,21140,Scott County,41.655707,,Phoenix Metro
LOC-2253,4604 Brandy Motorway Apt. 784,TACOMA,WA,17418,Fleming County,36.379202,-90.280787,Seattle Metro
LOC-2254,46172 Rogers Causeway,Buffalo,NY,41483,Stokes County,39.794671,-120.608658,New York Metro
LOC-2255,92676 Lawrence Plains Suite 754,El Paso,TX,28900,Ramirez County,37.511681,-97.459883,Dallas-Fort Worth Metro
LOC-2256,4134 Darrell Ridge Apt. 936,Augusta,GA,43522,Vang County,38.209734,-112.332892,Atlanta Metro
LOC-2257,596 Heather Isle,Macon,GA,28894,Alvarado County,25.321742,-76.554241,Atlanta Metro
LOC-2258,934 Huang Path,JACKSONVILLE,FL,79936,Morrison County,26.187207,-113.032122,Miami Metro
LOC-2259,48447 Robert Turnpike,Richmond,VA,7224,Caldwell County,37.561573,-98.426904,Washington DC Metro
LOC-2260,15686 Janet Squares Apt. 070,Colorado Springs,CO,14167,Sandoval County,42.926954,-110.522595,Denver Metro
LOC-2261,480 Faulkner Cove Suite 022,Miami,FL,35767,Cole County,37.505131,-122.222896,Miami Metro
LOC-2262,30372 Jones Loop Apt. 447,PHILADELPHIA,PA,74871,Brennan County,32.671382,-78.517344,Philadelphia Metro
LOC-2263,3112 Jason Square Apt. 782,Augusta,GA,21727,Grant County,42.909924,-86.702136,Atlanta Metro
LOC-2264,066 Luis Hills Suite 985,Syracuse,NY,8423,Palmer County,36.71427,-73.577829,New York Metro
LOC-2265,56541 Frederick Walk Apt. 521,miami,FL,43277,Hurley County,46.207135,-79.911983,Miami Metro
LOC-2266,9059 Price Station Suite 288,Atlanta,GA,81717,Zamora County,,-96.984223,Atlanta Metro
LOC-2267,0520 Christian Forges Apt. 988,ALBANY,NY,28966,Camacho County,42.470254,-107.291262,New York Metro
LOC-2268,23203 Duffy Pike Suite 427,Tampa,FL,94927,Noble County,28.313627,-113.678228,Miami Metro
LOC-2269,626 Lopez Divide Suite 603,Dallas,TX,97073,Hernandez County,38.416844,-106.609818,Dallas-Fort Worth Metro
LOC-2270,8347 Sue Avenue Suite 283,Augusta,GA,12962,Colon County,29.200526,-87.431491,Atlanta Metro
LOC-2271,557 Matthew Manors Apt. 327,Colorado Springs,CO,20341,Porter County,38.861592,-106.893847,Denver Metro
LOC-2272,45358 Thornton Mountains,Jersey City,NJ,55212,Robinson County,33.259077,-93.217156,New York Metro
LOC-2273,3228 Cabrera Valleys,Houston,TX,24475,West County,46.39324,-90.857796,Dallas-Fort Worth Metro
LOC-2274,2402 Peterson Highway,Akron,OH,47425,Odonnell County,43.453676,-73.56092,Columbus Metro
LOC-2275,770 Garcia Mall,Bellevue,WA,26633,Woods County,,-120.649117,Seattle Metro
LOC-2276,9646 Hall Lock,Joliet,IL,77000,Skinner County,35.081406,-86.531096,Chicago Metro
LOC-2277,9044 Reese Meadows Suite 332,fort worth,TX,48217,Dawson County,38.046837,-119.11202,Dallas-Fort Worth Metro
LOC-2278,248 Bell Mountain,Lansing,MI,79348,Hardin County,42.676304,-70.283904,Detroit Metro
LOC-2279,06239 Case Prairie Suite 264,Alexandria,VA,35871,Johnson County,47.531891,-108.119658,Washington DC Metro
LOC-2280,89530 David Stravenue Apt. 339,Atlanta,GA,25370,Hunt County,47.205677,-100.61755,Atlanta Metro
LOC-2281,87162 John Manors,hampton,VA,18640,Dunn County,29.583943,-82.56939,Washington DC Metro
LOC-2282,8108 Stacey Lakes,Phoenix,AZ,5310,Cardenas County,29.787158,,Phoenix Metro
LOC-2283,4356 Smith Roads,Durham,NC,48232,Rios County,47.86347,-98.154089,Charlotte Metro
LOC-2284,87156 Franklin Shoals Suite 794,San Jose,CA,84465,Gomez County,27.790316,-117.210676,Los Angeles Metro
LOC-2285,9599 Cherry Burg Suite 536,TEMPE,AZ,84411,Anderson County,39.438839,-77.237201,Phoenix Metro
LOC-2286,1485 Merritt Points,Fort Collins,CO,86280,Walker County,46.736632,-91.101329,Denver Metro
LOC-2287,52520 Shannon Trail Apt. 165,sacramento,CA,54150,Davis County,47.746815,-69.795572,Los Angeles Metro
LOC-2288,214 Henry Station,Durham,NC,43818,Phillips County,25.934501,-122.685713,Charlotte Metro
LOC-2289,30276 Ford Burg,Ann Arbor,MI,38720,Palmer County,27.731036,-118.483479,Detroit Metro
LOC-2290,0353 Jennifer Course,Houston,TX,21162,Floyd County,40.229514,-92.34813,Dallas-Fort Worth Metro
LOC-2291,0293 Hall Row Apt. 941,Raleigh,NC,50507,Thompson County,25.417936,-87.752448,Charlotte Metro
LOC-2292,052 Mendoza Island,Austin,TX,41348,Aguilar County,34.455664,-98.550771,Dallas-Fort Worth Metro
LOC-2293,047 Davis Union,Warren,MI,45826,Bartlett County,34.934676,-115.548619,Detroit Metro
LOC-2294,54601 Stephanie Tunnel,Tampa,FL,12101,Wilson County,41.245819,-93.272733,Miami Metro
LOC-2295,348 Kennedy Flats Apt. 996,Colorado Springs,CO,77284,Holt County,,-107.5278,Denver Metro
LOC-2296,8612 Allen Viaduct Apt. 112,cleveland,OH,55436,Johnson County,26.610639,-109.061443,Columbus Metro
LOC-2297,138 Victoria Canyon,New Rochelle,NY,93515,Davis County,34.466474,-114.893142,New York Metro
LOC-2298,029 Angela Rue Apt. 966,atlanta,GA,21428,Turner County,27.178129,-80.019397,Atlanta Metro
LOC-2299,31919 William Cliff Apt. 356,Philadelphia,PA,99996,Brandt County,26.597196,-113.928705,Philadelphia Metro
LOC-2300,72366 Brown Hills,Detroit,MI,N/A,Dickson County,25.729264,-97.515049,Detroit Metro
LOC-2301,1038 Christine Parkways,toledo,OH,21174,Mcguire County,30.572968,-115.830517,Columbus Metro
LOC-2302,0501 Jennifer Tunnel Apt. 034,Thornton,CO,36280,Cisneros County,27.924502,-82.104538,Denver Metro
LOC-2303,560 Jones Path Suite 650,Philadelphia,PA,95834,Mckenzie County,,-83.226183,Philadelphia Metro
LOC-2304,5257 Jeremy Views Suite 316,Parma,OH,43888,Johnson County,41.68434,-68.673232,Columbus Metro
LOC-2305,781 Denise Walk,Jacksonville,FL,38673,Powers County,31.896452,-76.962607,Miami Metro
LOC-2306,7039 Heath Ford,pittsburgh,PA,75433,Brown County,43.36664,-67.966974,Philadelphia Metro
LOC-2307,0059 Powell Ranch Suite 693,Tucson,AZ,55838,Callahan County,34.702682,-96.003365,Phoenix Metro
LOC-2308,37007 Judy Island,Bethlehem,PA,99048,Mills County,35.553488,-69.695299,Philadelphia Metro
LOC-2309,97140 Gonzalez Falls,Durham,NC,60780,Robinson County,46.433293,-79.359215,Charlotte Metro
LOC-2310,65874 Keith Plains,Chicago,IL,91448,Steele County,45.329105,-100.700123,Chicago Metro
LOC-2311,237 Greene Avenue,Mesa,AZ,48463,Pittman County,44.086995,-86.243687,Phoenix Metro
LOC-2312,28582 Pierce Junction Suite 551,philadelphia,PA,24267,Lewis County,31.976086,-91.759358,Philadelphia Metro
LOC-2313,603 Stone Expressway,Orlando,FL,45635,Osborne County,32.074789,-106.487402,Miami Metro
LOC-2314,7883 Gonzalez Wells,Akron,OH,24478,Hart County,32.734404,-87.679702,Columbus Metro
LOC-2315,38004 Robert Mill,Tacoma,WA,43656,Diaz County,28.957553,-68.715896,Seattle Metro
LOC-2316,6486 Acevedo Grove Apt. 637,Springfield,IL,N/A,Wang County,41.335921,-95.895716,Chicago Metro
LOC-2317,63175 Zamora Ports,Raleigh,NC,10330,Ramos County,34.867793,-106.516789,Charlotte Metro
LOC-2318,14584 William Creek Suite 415,Rockford,IL,75888,Gonzales County,41.65236,-93.8906,Chicago Metro
LOC-2319,436 Charles Plain,Charlotte,NC,63104,James County,42.805024,-104.202948,Charlotte Metro
LOC-2320,6036 Christopher Rest,SAN FRANCISCO,CA,58636,Jackson County,40.099765,-108.098944,Los Angeles Metro
LOC-2321,5546 Browning Extensions,Phoenix,AZ,6261,Figueroa County,39.059918,-69.789475,Phoenix Metro
LOC-2322,8437 Davis Grove,Albany,NY,94129,Roman County,33.856163,-67.715106,New York Metro
LOC-2323,4545 Craig Turnpike,Norfolk,VA,68552,Coleman County,38.621213,-89.549723,Washington DC Metro
LOC-2324,01196 Edwin Trail,tacoma,WA,11730,Hernandez County,46.136622,-96.933899,Seattle Metro
LOC-2325,697 Mcdaniel Spurs,Richmond,VA,87292,Garcia County,42.524335,-92.377775,Washington DC Metro
LOC-2326,368 Amanda Shoals Apt. 957,Thornton,CO,30393,Smith County,46.617855,-85.026654,Denver Metro
LOC-2327,0991 Vega Lake,Fresno,CA,22913,Johnson County,31.552593,-68.243586,Los Angeles Metro
LOC-2328,36403 Velasquez Road,Mesa,AZ,92403,King County,29.73876,-99.059678,Phoenix Metro
LOC-2329,77006 Lisa Ports Suite 951,virginia beach,VA,31819,Torres County,40.547901,,Washington DC Metro
LOC-2330,544 Patterson Isle,Sarasota,FL,17371,Carter County,35.76281,-70.106876,Miami Metro
LOC-2331,756 Thomas Extension,Newport  News,VA,90683,Mason County,44.20016,-116.602627,Washington DC Metro
LOC-2332,61734 Murray Shore,Bellevue,WA,60357,Logan County,36.27943,-117.124975,Seattle Metro
LOC-2333,235 Lisa Station Apt. 832,New York,NY,64948,Henderson County,27.438975,-72.532519,New York Metro
LOC-2334,100 Sean Mountain Apt. 294,Fresno,CA,81963,Fields County,33.093654,,Los Angeles Metro
LOC-2335,6130 Sawyer Tunnel Suite 841,Paterson,NJ,48425,Hale County,42.664744,-111.842625,New York Metro
LOC-2336,35528 Danielle Orchard Apt. 875,Phoenix,AZ,14987,Villarreal County,33.842391,-85.873289,Phoenix Metro
LOC-2337,813 Samantha Mall Suite 647,Columbus,GA,7188,Sampson County,43.419481,-85.112305,Atlanta Metro
LOC-2338,15882 Mary Way Suite 089,Virginia Beach,VA,57798,Ramirez County,46.61087,-70.230651,Washington DC Metro
LOC-2339,9116 Charles Locks,Arlington,TX,49084,Scott County,33.933089,-123.748526,Dallas-Fort Worth Metro
LOC-2340,119 Bruce Ports Suite 542,Philadelphia,PA,95036,Simon County,30.934636,-79.439118,Philadelphia Metro
LOC-2341,3885 John Stravenue Suite 487,Alexandria,VA,80542,Ellis County,38.291408,-107.552171,Washington DC Metro
LOC-2342,8812 Allen Isle,new york,NY,24042,Velazquez County,38.815801,-77.859095,New York Metro
LOC-2343,80822 Webb Prairie,New  York,NY,58273,Brown County,33.672311,-82.977376,New York Metro
LOC-2344,660 Amber Lake Apt. 839,Dayton,OH,42121,Lucas County,44.957927,-88.975524,Columbus Metro
LOC-2345,1646 Theresa Trafficway Apt. 037,houston,TX,12238,Smith County,45.250682,-108.260175,Dallas-Fort Worth Metro
LOC-2346,0378 Allison Passage,Jacksonville,FL,86704,Walton County,44.677023,-117.030069,Miami Metro
LOC-2347,693 Benjamin Union Apt. 983,Scranton,PA,24570,Nelson County,42.719853,-72.367528,Philadelphia Metro
LOC-2348,267 Fernandez Way Suite 296,Dallas,TX,58773,Bailey County,36.448262,-118.387645,Dallas-Fort Worth Metro
LOC-2349,4565 Anderson Mountains Suite 541,glendale,AZ,98007,Ayala County,35.622775,-111.056283,Phoenix Metro
LOC-2350,179 Jimenez Ports,Tacoma,WA,58471,Bell County,34.725585,-97.633169,Seattle Metro
LOC-2351,45220 Samuel Fall,atlanta,GA,36682-9192,Sanders County,35.668441,-103.385733,Atlanta Metro
LOC-2352,32645 Stephanie Landing,Athens,GA,40130,Farley County,41.621182,-111.658757,Atlanta Metro
LOC-2353,09074 Jessica Forks,syracuse,NY,34341,Rogers County,31.819658,-119.84493,New York Metro
LOC-2354,522 Marshall Summit Suite 512,Richmond,VA,6024,Cooper County,37.940317,-105.057145,Washington DC Metro
LOC-2355,9900 Pittman Fords,Durham,NC,69096,Ross County,36.872472,-106.885329,Charlotte Metro
LOC-2356,332 Hamilton Forge Suite 228,aurora,IL,95551,Acevedo County,40.713431,-115.80244,Chicago Metro
LOC-2357,83723 Craig Ferry Suite 931,Norfolk,VA,37295,Johnson County,47.238588,-101.149456,Washington DC Metro
LOC-2358,700 Thomas Fords,Grand Rapids,MI,79338,King County,36.590843,-96.914541,Detroit Metro
LOC-2359,70433 Olivia Flat,Virginia Beach,VA,77765,Vega County,37.036258,-101.577093,Washington DC Metro
LOC-2360,456 David Rue,Chesapeake,VA,40843,Tucker County,32.977622,-122.552237,Washington DC Metro
LOC-2361,7371 Mullins Spur,Spokane,WA,85721,Byrd County,26.927584,-72.426087,Seattle Metro
LOC-2362,9680 Phillips Vista Suite 442,peoria,IL,35146,Davis County,41.970933,-100.544849,Chicago Metro
LOC-2363,837 Ryan Burgs Suite 327,Sterling Heights,MI,54433,Gonzalez County,28.65206,-75.519313,Detroit Metro
LOC-2364,859 Jose Curve Apt. 903,New Rochelle,NY,44035,Morrison County,29.161337,-112.0267,New York Metro
LOC-2365,833 Heather Brooks Apt. 219,Sandy Springs,GA,17816,Hicks County,29.035148,-87.322498,Atlanta Metro
LOC-2366,5102 Smith Mews Suite 860,Arlington,TX,58626,Powell County,36.272202,-89.415405,Dallas-Fort Worth Metro
LOC-2367,47671 Poole Ports Suite 328,Miami,FL,30658,Silva County,37.493493,-117.500857,Miami Metro
LOC-2368,038 Lopez Drive,Ann Arbor,MI,59125,Gates County,27.382003,-99.78462,Detroit Metro
LOC-2369,21559 Allen Springs Suite 439,Tempe,AZ,13878,Rhodes County,42.178179,-67.290597,Phoenix Metro
LOC-2370,99495 Smith Point Suite 546,Los Angeles,CA,44883,Cox County,34.142975,-95.759027,Los Angeles Metro
LOC-2371,17087 Anthony Drive Apt. 027,OAKLAND,CA,70889,Case County,42.467884,-71.469304,Los Angeles Metro
LOC-2372,632 Fitzgerald Shoals Suite 322,Colorado Springs,CO,15156,Valentine County,40.76077,-70.342349,Denver Metro
LOC-2373,8749 Carmen Circles,Jacksonville,FL,34056,Simmons County,31.432248,-91.078391,Miami Metro
LOC-2374,19109 Kevin Path Suite 607,Augusta,GA,68143,Clark County,30.558318,-92.3532,Atlanta Metro
LOC-2375,4478 Elizabeth Passage,Fresno,CA,52611,Howard County,28.594296,-104.061739,Los Angeles Metro
LOC-2376,417 Norton Turnpike Apt. 937,Greensboro,NC,89118,Davis County,38.908359,-116.748428,Charlotte Metro
LOC-2377,5810 Bell Overpass Apt. 466,Augusta,GA,21404,Ali County,38.169614,-77.131952,Atlanta Metro
LOC-2378,7338 Tate Centers Suite 289,Peoria,IL,6626,Johnson County,44.100239,-83.044001,Chicago Metro
LOC-2379,6518 Scott Union Suite 771,Tucson,AZ,31784,Watkins County,31.985615,-68.297862,Phoenix Metro
LOC-2380,4345 Catherine Lodge,Alexandria,VA,13066,Romero County,25.013122,-75.027739,Washington DC Metro
LOC-2381,062 Brown Garden,Dayton,OH,57629,Williams County,44.469213,,Columbus Metro
LOC-2382,6924 Kenneth Well Apt. 548,Virginia Beach,VA,32512,Sullivan County,28.815791,-80.016108,Washington DC Metro
LOC-2383,12156 Lynn Parkways Suite 108,Peoria,IL,14269,Gardner County,37.47092,-71.909425,Chicago Metro
LOC-2384,4694 Simmons Hills,Tampa,FL,42409,Matthews County,25.150892,-114.436955,Miami Metro
LOC-2385,76474 Jordan Prairie,Tacoma,WA,53435,Martinez County,47.388785,-117.52924,Seattle Metro
LOC-2386,1221 Williams Throughway,Allentown,PA,99515,Young County,30.198835,-100.925253,Philadelphia Metro
LOC-2387,558 Mckinney Station Apt. 900,Greensboro,NC,37282,French County,42.366219,-110.000615,Charlotte Metro
LOC-2388,58933 Nathan Vista Suite 601,Albany,NY,87607,Briggs County,25.166577,-93.367993,New York Metro
LOC-2389,0029 Floyd Orchard Apt. 801,Fayetteville,NC,26557,Frey County,43.139183,-81.098461,Charlotte Metro
LOC-2390,24571 Rhonda Points,Sacramento,CA,88439,Brown County,45.876491,-89.131474,Los Angeles Metro
LOC-2391,499 Jake Locks,Dallas,TX,75065,Garrett County,26.730841,-97.792213,Dallas-Fort Worth Metro
LOC-2392,55191 Martha Ports Suite 871,Houston,TX,88026,Shaw County,31.168639,-118.704315,Dallas-Fort Worth Metro
LOC-2393,70804 Carla Ford Apt. 850,FLINT,MI,27359,Henry County,35.265787,-83.929534,Detroit Metro
LOC-2394,612 Jared Dam,Richmond,VA,65515,Jones County,31.303598,-105.845391,Washington DC Metro
LOC-2395,9522 Anna Wall,Fort Collins,CO,23485,Ingram County,28.262941,-122.551924,Denver Metro
LOC-2396,03717 Cox Point Suite 627,Redmond,WA,10591,Scott County,28.641801,-81.715878,Seattle Metro
LOC-2397,6112 Mccormick Streets,Tucson,AZ,35041,Anderson County,27.435579,-103.831526,Phoenix Metro
LOC-2398,306 Hahn Meadow,SAN DIEGO,CA,37509,Stewart County,28.210202,-90.832459,Los Angeles Metro
LOC-2399,11860 Amber Crossing,Phoenix,AZ,67883,Contreras County,38.599433,-87.650459,Phoenix Metro
LOC-2400,399 James Falls,Tampa,FL,42941,Nguyen County,28.526485,-118.674814,Miami Metro
LOC-2401,206 Jeffrey Turnpike Suite 596,Springfield,IL,52118,Peters County,37.413114,-117.760704,Chicago Metro
LOC-2402,96196 Tammy Knolls,San Diego,CA,73321,Johnson County,34.922707,-87.859301,Los Angeles Metro
LOC-2403,12036 April Lodge,Buffalo,NY,87189,Hartman County,37.83837,-103.805461,New York Metro
LOC-2404,804 Burgess Valley,San Francisco,CA,81159,Russell County,47.080805,-108.328584,Los Angeles Metro
LOC-2405,197 Jonathan Unions,Cary,NC,79113,Schroeder County,44.079474,-93.135305,Charlotte Metro
LOC-2406,6954 Knight Knoll,Dayton,OH,27691,Johnson County,28.953725,-81.839604,Columbus Metro
LOC-2407,95806 Heather Motorway Suite 566,Edison,NJ,57502,Wheeler County,29.984249,-79.532051,New York Metro
LOC-2408,985 Tony Divide,Arlington,TX,32121,Franklin County,,-74.434146,Dallas-Fort Worth Metro
LOC-2409,42904 Gibson Wall Suite 625,Tampa,FL,96990,Charles County,34.331905,-80.854821,Miami Metro
LOC-2410,6691 Lee Court Suite 472,Durham,NC,43023,Warren County,39.860739,-118.833539,Charlotte Metro
LOC-2411,74685 Dennis Tunnel Suite 297,ROCHESTER,NY,84675,Bernard County,38.662498,-79.080523,New York Metro
LOC-2412,66286 Smith Field,Cleveland,OH,6811,Parker County,34.427915,-123.985937,Columbus Metro
LOC-2413,6896 Santos Crossing,TEMPE,AZ,86115,Foster County,29.466722,-120.195061,Phoenix Metro
LOC-2414,77402 Penny View Suite 231,Fresno,CA,1981,Love County,42.485939,-91.229513,Los Angeles Metro
LOC-2415,2423 Hernandez Views,Winston-Salem,NC,31013,Newton County,35.664648,-119.049921,Charlotte Metro
LOC-2416,85894 Johns Mission,fresno,CA,12787,White County,28.302022,-96.306348,Los Angeles Metro
LOC-2417,52053 Gonzalez Corners Apt. 184,Columbus,OH,64786,Watson County,26.262537,-68.389862,Columbus Metro
LOC-2418,59934 John Crossroad Apt. 091,Yonkers,NY,5639,Ware County,38.166187,-110.988657,New York Metro
LOC-2419,3141 Atkins Valley Suite 834,San Antonio,TX,96381,Neal County,30.127422,-117.654523,Dallas-Fort Worth Metro
LOC-2420,779 Hannah Hollow,Vancouver,WA,94268,Williams County,39.196018,-107.862485,Seattle Metro
LOC-2421,16823 Jay Road,Orlando,FL,60998,Bentley County,45.698348,-107.600791,Miami Metro
LOC-2422,100 Hernandez Inlet,Jacksonville,FL,60903,Martin County,35.962002,-100.047274,Miami Metro
LOC-2423,7896 Erin Lake Suite 745,Glendale,AZ,42900,Camacho County,29.141397,-68.443351,Phoenix Metro
LOC-2424,48882 Kaitlyn Park Apt. 544,Seattle,WA,N/A,Adkins County,37.661017,-122.872949,Seattle Metro
LOC-2425,535 Carlos Mountain,Ann Arbor,MI,32601,Cordova County,29.203299,-73.714326,Detroit Metro
LOC-2426,050 Johnathan Lakes,Naperville,IL,20193,Hall County,28.86902,-108.68591,Chicago Metro
LOC-2427,720 Alexander Mountains,Syracuse,NY,85051,Graham County,38.11627,-67.146306,New York Metro
LOC-2428,082 Evans Squares Suite 120,Bellevue,WA,39542,Garrett County,42.504498,-100.172768,Seattle Metro
LOC-2429,13685 Curtis Trail Apt. 621,Augusta,GA,66868,Douglas County,31.12307,,Atlanta Metro
LOC-2430,4144 Adam Viaduct,Pittsburgh,PA,54199,Martinez County,32.197903,-81.710644,Philadelphia Metro
LOC-2431,44529 Velazquez Knoll Suite 443,Chesapeake,VA,87328,Lewis County,44.210269,-122.147421,Washington DC Metro
LOC-2432,15333 Floyd Mission Apt. 969,Austin,TX,16541,Mcdonald County,44.467889,-87.799812,Dallas-Fort Worth Metro
LOC-2433,03434 Greene Parks,Athens,GA,78491,Diaz County,29.882409,-121.079928,Atlanta Metro
LOC-2434,618 Mary Mountains Suite 021,Vancouver,WA,56059,Diaz County,30.897366,-100.396651,Seattle Metro
LOC-2435,9437 Levine Forges,Parma,OH,82542,Robertson County,45.730567,-79.417534,Columbus Metro
LOC-2436,9033 Ethan Ferry Apt. 954,Virginia Beach,VA,77833,Hawkins County,38.138828,-70.5122,Washington DC Metro
LOC-2437,47314 Lauren Point Suite 477,Norfolk,VA,2441,Sharp County,36.891533,-104.932274,Washington DC Metro
LOC-2438,0703 Cruz Wall Suite 600,Scottsdale,AZ,48018,Chambers County,33.356841,-81.08477,Phoenix Metro
LOC-2439,2282 Michelle Falls Apt. 193,San Francisco,CA,68223,Trevino County,34.770533,-94.975825,Los Angeles Metro
LOC-2440,278 Farmer Dale Suite 439,Elizabeth,NJ,12916,Harris County,35.833074,-78.886868,New York Metro
LOC-2441,5969 Eileen Camp,Orlando,FL,65132,Mccullough County,44.725299,-72.0602,Miami Metro
LOC-2442,604 Hinton Court Apt. 344,Detroit,MI,69260,Harris County,36.662534,-105.241481,Detroit Metro
LOC-2443,498 Daniel Pike Suite 651,Flint,MI,60752,Moore County,29.720663,-100.361528,Detroit Metro
LOC-2444,10637 Thomas Station Apt. 483,Newport News,VA,76022,Mccormick County,47.710463,-122.627987,Washington DC Metro
LOC-2445,811 Barber Prairie Suite 585,Paterson,NJ,97915,Armstrong County,38.133039,-116.077062,New York Metro
LOC-2446,19379 Sandra Fords Suite 365,Springfield,IL,65389,Johnston County,42.591374,-92.931292,Chicago Metro
LOC-2447,6768 Alvarez Lakes,Sacramento,CA,34486,Bradley County,42.538342,-101.073509,Los Angeles Metro
LOC-2448,613 Davis Glens Apt. 953,Newark,NJ,86050,Schroeder County,42.634967,-94.988699,New York Metro
LOC-2449,842 Buchanan Walk,Flint,MI,30937,Anderson County,37.922603,-100.135265,Detroit Metro
LOC-2450,907 Wilson Way,New Rochelle,NY,70771-1099,Johnson County,37.27955,-77.125564,New York Metro
LOC-2451,13915 Fox Alley,Akron,OH,13959,Parker County,40.995489,-93.472952,Columbus Metro
LOC-2452,364 Montgomery Trace,Denver,CO,41117,Jones County,31.957199,,Denver Metro
LOC-2453,08616 Petersen Squares,Naperville,IL,90018,Jacobs County,35.341747,-67.348618,Chicago Metro
LOC-2454,991 Zavala Orchard Apt. 806,Bethlehem,PA,3488,Gibson County,30.944662,-89.386284,Philadelphia Metro
LOC-2455,3672 Brandy Lock Apt. 023,Syracuse,NY,46429,Ellis County,30.643226,-120.904701,New York Metro
LOC-2456,3205 Bradley Mill Apt. 459,Lakewood,NJ,71067,Joyce County,27.567859,,New York Metro
LOC-2457,557 Eric Wells,Elizabeth,NJ,45530,Burns County,40.589419,-104.40683,New York Metro
LOC-2458,15491 Lowe Ford,Redmond,WA,N/A,Garrett County,39.961302,-109.601928,Seattle Metro
LOC-2459,609 Romero Lodge,Jersey City,NJ,95727,Romero County,32.557054,-112.61635,New York Metro
LOC-2460,08597 Shelly Parkway Suite 794,Atlanta,GA,30457,Calderon County,31.861908,-98.562807,Atlanta Metro
LOC-2461,4470 Patrick Drive,edison,NJ,93967,Burns County,47.101615,-120.261371,New York Metro
LOC-2462,659 Stokes Union Suite 587,Fort Lauderdale,FL,82124,Rios County,45.012732,-107.129001,Miami Metro
LOC-2463,9494 Garner Keys Suite 347,Seattle,WA,12521,Meadows County,36.875823,-86.393048,Seattle Metro
LOC-2464,024 Kim Garden Suite 729,Naples,FL,92751,Holland County,26.731025,-93.229297,Miami Metro
LOC-2465,896 Johns Row Suite 503,El Paso,TX,60446,Alexander County,28.944282,,Dallas-Fort Worth Metro
LOC-2466,8078 Nicholas Place Apt. 385,San  Jose,CA,12194,Buckley County,27.761078,-120.761341,Los Angeles Metro
LOC-2467,91369 Turner Streets,Fort Collins,CO,44676,Warren County,30.021867,-78.225089,Denver Metro
LOC-2468,73730 Miller Alley Suite 324,Paterson,NJ,78409,Roberson County,45.126034,,New York Metro
LOC-2469,02658 Molly Mission Suite 334,Chesapeake,VA,96212,Middleton County,28.733045,-74.016399,Washington DC Metro
LOC-2470,6466 John Vista Apt. 739,Detroit,MI,30474,Harvey County,35.546175,-109.827291,Detroit Metro
LOC-2471,59209 Meyers Cliff Apt. 102,Sterling Heights,MI,17706,Fuller County,,-80.620431,Detroit Metro
LOC-2472,78195 Peter Path Suite 977,Aurora,IL,27427,Knight County,45.502137,-106.424695,Chicago Metro
LOC-2473,83306 Joseph Forge Suite 754,Vancouver,WA,20375,Mccarthy County,43.748508,-78.982948,Seattle Metro
LOC-2474,935 Sonya Key Apt. 602,San Francisco,CA,45648,Hodges County,45.673813,-92.833292,Los Angeles Metro
LOC-2475,687 Reynolds Mountains,Sterling Heights,MI,42606,Brown County,31.35824,-83.398889,Detroit Metro
LOC-2476,812 John Stravenue,Orlando,FL,59959,Ross County,35.662632,-79.798619,Miami Metro
LOC-2477,91237 King Rapid,Detroit,MI,86215,Newman County,43.781722,-68.835935,Detroit Metro
LOC-2478,133 Jenkins Parkway Suite 058,Orlando,FL,43629,Osborne County,37.062002,-113.482423,Miami Metro
LOC-2479,9106 Wilson Burgs,Miami,FL,62186-8433,Cardenas County,46.818438,-91.555831,Miami Metro
LOC-2480,70783 Alexander Street Suite 830,Erie,PA,87333,Perez County,46.80361,-86.533656,Philadelphia Metro
LOC-2481,3654 Miranda Wells Suite 927,Flint,MI,81848,Lopez County,32.374174,-92.487776,Detroit Metro
LOC-2482,031 Spencer Viaduct,Winston-Salem,NC,74937,Hunter County,29.307694,-71.767222,Charlotte Metro
LOC-2483,3167 Reese Parkway Suite 440,Rochester,NY,16403,Pierce County,44.939472,-109.666285,New York Metro
LOC-2484,930 Wendy Road Apt. 756,Pittsburgh,PA,34851,Smith County,38.788283,,Philadelphia Metro
LOC-2485,69901 Moore Village Apt. 299,Los Angeles,CA,16510,Barrett County,40.13916,-97.414609,Los Angeles Metro
LOC-2486,3309 Renee Knolls Suite 540,Alexandria,VA,49971,Good County,40.210704,-75.384297,Washington DC Metro
LOC-2487,9915 Trujillo Ville,Detroit,MI,2549,Brown County,36.881483,-91.230028,Detroit Metro
LOC-2488,732 David Way,Scottsdale,AZ,14347,Villegas County,37.423362,-87.26764,Phoenix Metro
LOC-2489,18500 Anderson Common Apt. 068,Naples,FL,27751,Martinez County,25.2612,-88.598171,Miami Metro
LOC-2490,8109 Renee Centers,Raleigh,NC,4042,Blankenship County,46.447225,-67.380407,Charlotte Metro
LOC-2491,8473 Ramos Views Suite 973,Fort Worth,TX,83229,Matthews County,34.215612,-71.823699,Dallas-Fort Worth Metro
LOC-2492,5538 Nicholas Corner,Bellevue,WA,14450,Nichols County,44.71805,,Seattle Metro
LOC-2493,38264 Brenda Ways Apt. 852,Sandy Springs,GA,92306,Pitts County,35.317108,-100.716003,Atlanta Metro
LOC-2494,768 Matthew Junction Apt. 308,Warren,MI,30045,Martinez County,39.98766,-82.245235,Detroit Metro
LOC-2495,954 Harmon Motorway Suite 150,Phoenix,AZ,50285,Summers County,27.771867,-114.688093,Phoenix Metro
LOC-2496,849 Nicole Vista Suite 089,Albany,NY,51385,Taylor County,27.229462,-121.045701,New York Metro
LOC-2497,6403 Johnson Vista Suite 955,Miami,FL,55824-7865,Bowers County,26.981703,-91.190872,Miami Metro
LOC-2498,5881 William Station,Naples,FL,91528,Anderson County,38.428059,-82.832691,Miami Metro
LOC-2499,7547 Burton Park,Buffalo,NY,34887,Nelson County,29.228515,-107.246377,New York Metro
LOC-2500,4123 Hernandez Heights,Columbus,GA,10011,Doyle County,36.347793,-122.536657,Atlanta Metro
LOC-2501,9790 Trevor Station,Tucson,AZ,51315,Mitchell County,46.229115,-73.563266,Phoenix Metro
LOC-2502,9484 Murray Greens Apt. 662,Philadelphia,PA,89731-8720,Gonzalez County,39.487124,-68.284948,Philadelphia Metro
LOC-2503,7125 Willis Junctions Apt. 276,Philadelphia,PA,41312,Griffin County,28.82855,-93.321865,Philadelphia Metro
LOC-2504,4122 Hernandez Orchard,Cleveland,OH,14854,Sanders County,26.687615,-78.697206,Columbus Metro
LOC-2505,45134 Tyler Route,FAYETTEVILLE,NC,22509,Fuentes County,44.20886,-109.147394,Charlotte Metro
LOC-2506,4558 Kristy Knoll,Paterson,NJ,N/A,Kelly County,34.162549,,New York Metro
LOC-2507,6216 James Underpass Suite 668,Chicago,IL,11651,Brown County,32.335464,-106.229781,Chicago Metro
LOC-2508,49108 Malone Center Suite 317,Spokane,WA,81556,Davis County,26.873003,-93.241224,Seattle Metro
LOC-2509,785 Clayton Stravenue Suite 933,Parma,OH,15230,Myers County,33.550175,-77.21624,Columbus Metro
LOC-2510,93160 Lucas Burg Apt. 055,Springfield,IL,12757,Tyler County,37.286099,-123.290488,Chicago Metro
LOC-2511,111 Randall Extensions,CHESAPEAKE,VA,60087,Williams County,35.058575,-89.78215,Washington DC Metro
LOC-2512,0093 Jasmine Ports Suite 379,Scranton,PA,3622,Williams County,29.36709,-67.829143,Philadelphia Metro
LOC-2513,388 Stone Shoal,Winston-Salem,NC,66623,Gamble County,36.62855,-68.997591,Charlotte Metro
LOC-2514,893 Campbell Mission,San Jose,CA,99063,Stone County,38.78816,-88.937382,Los Angeles Metro
LOC-2515,6634 Jocelyn Plains Apt. 481,Alexandria,VA,46981,Lopez County,26.813798,-112.617547,Washington DC Metro
LOC-2516,664 Ramirez Stream,Toledo,OH,53946,Cabrera County,37.731531,-92.029999,Columbus Metro
LOC-2517,0478 Katie Track Apt. 796,Buffalo,NY,24606,Russell County,34.275391,-107.169689,New York Metro
LOC-2518,581 Wallace Walk Suite 499,orlando,FL,39607,Jackson County,35.818826,-123.600406,Miami Metro
LOC-2519,714 Cruz Ridge Apt. 995,Chesapeake,VA,17432,Wright County,40.61461,-85.30204,Washington DC Metro
LOC-2520,6642 Christina Branch Apt. 690,New York,NY,18326,Bradford County,42.15565,-77.096167,New York Metro
LOC-2521,9666 Susan Crossing Apt. 292,Warren,MI,73690,Sanchez County,47.94945,-116.46058,Detroit Metro
LOC-2522,6872 Rebecca Fork,Hampton,VA,10363,Mcdonald County,47.45313,-116.14153,Washington DC Metro
LOC-2523,8406 James Loop,Chicago,IL,73722,Vasquez County,45.865967,-123.661553,Chicago Metro
LOC-2524,857 Brett Greens Suite 596,San Diego,CA,16793,Parks County,25.955189,,Los Angeles Metro
LOC-2525,765 Shaw Points Apt. 055,San Francisco,CA,94026-8027,Jones County,31.117583,-123.543186,Los Angeles Metro
LOC-2526,7644 Lewis Mall,Tucson,AZ,N/A,Sexton County,28.792903,-78.086837,Phoenix Metro
LOC-2527,0561 Hayden Knoll,pittsburgh,PA,44379,Lee County,40.83687,-80.258623,Philadelphia Metro
LOC-2528,2004 Christopher Spur Suite 747,Sandy Springs,GA,40312,Baldwin County,38.212996,-77.01035,Atlanta Metro
LOC-2529,03519 Ashley Pines Suite 056,Lansing,MI,15635,Brooks County,47.241186,-104.117438,Detroit Metro
LOC-2530,35850 Connie Field,Springfield,IL,45829,Gaines County,38.582325,-116.187455,Chicago Metro
LOC-2531,987 Jenkins Ford,Warren,MI,53172,Lopez County,27.082948,-92.226037,Detroit Metro
LOC-2532,904 Jared Plaza Apt. 060,Winston-Salem,NC,92477,Mora County,29.861312,-73.480044,Charlotte Metro
LOC-2533,700 Hernandez Rapids,Toledo,OH,32003,Miller County,40.774061,-115.483741,Columbus Metro
LOC-2534,7496 Montgomery Brooks Suite 270,Scranton,PA,11582,Warner County,43.667206,-118.154711,Philadelphia Metro
LOC-2535,961 Laurie Forge Suite 830,durham,NC,11374,Collins County,44.864933,-115.206988,Charlotte Metro
LOC-2536,775 Jeffrey Meadow,San Francisco,CA,18242,Jones County,33.398816,-119.952643,Los Angeles Metro
LOC-2537,16897 Morgan Flats,San Antonio,TX,93205,Morrow County,34.73269,-77.889092,Dallas-Fort Worth Metro
LOC-2538,7320 Sanchez Ridge,Durham,NC,58944,Martinez County,30.880181,-119.721961,Charlotte Metro
LOC-2539,12666 Sanders Cape Apt. 336,Athens,GA,59201,Miller County,41.834227,-103.174089,Atlanta Metro
LOC-2540,5806 John Islands Suite 526,Richmond,VA,51853,Bryant County,27.83149,-70.786178,Washington DC Metro
LOC-2541,36702 Ramsey Creek,Fayetteville,NC,62148,Smith County,42.10267,-106.880379,Charlotte Metro
LOC-2542,687 Ronald Alley Suite 711,Cincinnati,OH,26129,Mata County,29.480591,-105.630659,Columbus Metro
LOC-2543,816 Kane Rapid,Edison,NJ,81688,Harris County,33.607872,-97.283677,New York Metro
LOC-2544,53933 Crystal Land,Alexandria,VA,72134,Nelson County,27.04015,-108.874525,Washington DC Metro
LOC-2545,951 Rivera Viaduct Apt. 794,Fort Worth,TX,13346,Lopez County,34.947193,-110.211956,Dallas-Fort Worth Metro
LOC-2546,830 Joseph Locks,Alexandria,VA,72791,Vega County,40.700084,-112.011002,Washington DC Metro
LOC-2547,855 Ashley Divide Apt. 411,Chicago,IL,83488,Morris County,32.40968,-80.504066,Chicago Metro
LOC-2548,805 Brendan Forges Apt. 465,Fort Collins,CO,87822,Cummings County,30.940608,-98.960125,Denver Metro
LOC-2549,3305 Erickson Land,Norfolk,VA,80112,Graves County,39.989228,-121.336157,Washington DC Metro
LOC-2550,0098 Wilson Trail,Detroit,MI,10017-4094,Ewing County,30.242923,-78.492554,Detroit Metro
LOC-2551,7021 Smith Summit,Rochester,NY,19253,Adams County,,-73.300895,New York Metro
LOC-2552,25928 Michelle Road,Bethlehem,PA,21023,Weiss County,31.180767,-104.500499,Philadelphia Metro
LOC-2553,78568 Shawn Rapids Suite 505,Fort Collins,CO,84500,Munoz County,39.313722,-112.500848,Denver Metro
LOC-2554,393 Kathryn Cliff Apt. 559,Fresno,CA,47269,Miller County,29.909214,-115.180649,Los Angeles Metro
LOC-2555,833 Tony Forest Suite 470,Woodbridge,NJ,26814,Stone County,35.751107,-111.554396,New York Metro
LOC-2556,406 Padilla Unions Suite 525,Newport News,VA,14426,Duncan County,34.241609,-106.971948,Washington DC Metro
LOC-2557,0765 Barbara Lock Apt. 078,Atlanta,GA,5738,Gilmore County,33.704399,-122.030467,Atlanta Metro
LOC-2558,2271 Robert Trace Apt. 611,Cary,NC,92598,Hoffman County,41.742301,-121.857167,Charlotte Metro
LOC-2559,109 Ryan Alley,Virginia  Beach,VA,75019,Matthews County,40.534143,-74.493097,Washington DC Metro
LOC-2560,490 Desiree Causeway,Raleigh,NC,65082,Williams County,38.091017,-123.86204,Charlotte Metro
LOC-2561,76280 Hickman Unions,oakland,CA,63062,Barnett County,36.692203,-68.019622,Los Angeles Metro
LOC-2562,7701 Lambert Mountain Apt. 682,Parma,OH,63952,Ibarra County,31.502664,-98.474451,Columbus Metro
LOC-2563,95696 Hamilton Overpass,Grand  Rapids,MI,38519,Cole County,41.076605,-91.468224,Detroit Metro
LOC-2564,569 Veronica Viaduct Apt. 205,Fayetteville,NC,88401,Grimes County,30.926812,-71.907996,Charlotte Metro
LOC-2565,56397 Cross Tunnel,Newport News,VA,5110,Santiago County,31.4882,-83.974585,Washington DC Metro
LOC-2566,0075 Roger Summit,Parma,OH,48875,Baker County,28.031126,-111.321391,Columbus Metro
LOC-2567,735 Andrea Street Apt. 774,Dallas,TX,81834,Hicks County,46.494888,-93.580955,Dallas-Fort Worth Metro
LOC-2568,7935 Pena Inlet Apt. 835,Denver,CO,47790,Hughes County,,-109.665764,Denver Metro
LOC-2569,25201 Bryan Light Suite 691,Elizabeth,NJ,31410,Hernandez County,29.441497,-90.280032,New York Metro
LOC-2570,91969 Jason Garden Apt. 313,Columbus,GA,93489,Duran County,34.146908,-97.717576,Atlanta Metro
LOC-2571,305 Moreno Passage Suite 533,Scottsdale,AZ,78990,Rivera County,47.199393,-112.313316,Phoenix Metro
LOC-2572,62029 Rowe Overpass Suite 781,Atlanta,GA,81651,Wilson County,31.672831,-101.887828,Atlanta Metro
LOC-2573,9934 Martinez Fort,Norfolk,VA,43478,Duncan County,33.511791,-106.561001,Washington DC Metro
LOC-2574,29317 Dixon Isle,Cary,NC,6130,Bullock County,40.627307,-94.627108,Charlotte Metro
LOC-2575,94750 Nguyen Orchard,Flint,MI,35270,Schwartz County,37.456263,-68.649283,Detroit Metro
LOC-2576,791 Turner Cliffs Apt. 434,Augusta,GA,2564,Davidson County,37.489075,-91.285985,Atlanta Metro
LOC-2577,3811 Simpson Bypass,cleveland,OH,64879,Vincent County,45.719972,-82.250071,Columbus Metro
LOC-2578,2094 Jessica Field,Naperville,IL,78516,James County,32.416895,-81.158351,Chicago Metro
LOC-2579,5629 Gonzalez Ports Apt. 686,Dallas,TX,66485,Wu County,25.157518,-101.974355,Dallas-Fort Worth Metro
LOC-2580,88550 Armstrong Groves Apt. 944,Vancouver,WA,27405,Pham County,26.322266,-119.936406,Seattle Metro
LOC-2581,104 Michele Tunnel,Dallas,TX,43644,Goodman County,30.980278,-80.119107,Dallas-Fort Worth Metro
LOC-2582,9354 Danny Alley Apt. 818,Chicago,IL,36439,Gardner County,34.350326,-93.538593,Chicago Metro
LOC-2583,913 Kathryn Wall Apt. 575,New Rochelle,NY,71597,Clark County,41.794365,-98.199788,New York Metro
LOC-2584,111 Moran Camp Apt. 475,San Jose,CA,45098,Foster County,29.879698,-87.349698,Los Angeles Metro
LOC-2585,4262 Collier Isle,Chesapeake,VA,80851,Kerr County,37.297505,-122.267383,Washington DC Metro
LOC-2586,2021 Matthew Glen Suite 922,Virginia Beach,VA,97552,Alvarado County,38.429281,-99.304274,Washington DC Metro
LOC-2587,71734 Joshua Lights Apt. 954,Sterling Heights,MI,85478,Kennedy County,28.103378,-108.454049,Detroit Metro
LOC-2588,060 Sara Pine,Dallas,TX,89874,Castaneda County,25.303198,-105.886929,Dallas-Fort Worth Metro
LOC-2589,79516 Matthew Club,Redmond,WA,74506,Green County,36.717107,-67.930825,Seattle Metro
LOC-2590,202 Kelly Coves,Jersey City,NJ,9871,Freeman County,32.745995,-76.781939,New York Metro
LOC-2591,68095 King Village Apt. 854,elizabeth,NJ,90870,Martinez County,28.384194,-74.300962,New York Metro
LOC-2592,366 Simon Bridge,Austin,TX,88704,Taylor County,28.217977,-94.326682,Dallas-Fort Worth Metro
LOC-2593,156 Arnold Mill Apt. 578,Augusta,GA,3012,Jackson County,27.216488,-81.586198,Atlanta Metro
LOC-2594,524 George Via,Durham,NC,89909,Richards County,46.818239,-86.590557,Charlotte Metro
LOC-2595,142 Gordon Highway,Chesapeake,VA,78508,Rodriguez County,29.633732,-95.450965,Washington DC Metro
LOC-2596,38569 Beverly Haven,Warren,MI,78157,Bond County,41.015622,-78.059088,Detroit Metro
LOC-2597,2012 Daniel Hollow Apt. 209,Orlando,FL,38807,Barrera County,45.504505,-122.225706,Miami Metro
LOC-2598,469 Powell Road Suite 818,Dayton,OH,46693,Thomas County,34.65977,-96.607763,Columbus Metro
LOC-2599,136 Eaton Islands,Chandler,AZ,10326,Avery County,29.181246,-90.349737,Phoenix Metro
LOC-2600,4491 Lee Drive,Newark,NJ,79419,Ball County,43.359268,-118.851299,New York Metro
LOC-2601,13085 Jeff Knolls,Spokane,WA,57423,Powell County,37.951908,-100.383791,Seattle Metro
LOC-2602,42840 Dylan Stream,Fort Collins,CO,40876,Mcdowell County,41.673452,-111.456375,Denver Metro
LOC-2603,2671 Yvette Estate Apt. 253,winston-salem,NC,29857,Pineda County,30.243977,-85.27935,Charlotte Metro
LOC-2604,38670 Wells Burgs Suite 293,Tempe,AZ,66152,Pearson County,31.272853,-78.431167,Phoenix Metro
LOC-2605,667 Williams Plains Suite 721,Fresno,CA,46774,Williams County,47.641907,-90.887277,Los Angeles Metro
LOC-2606,40033 Nicole Land Apt. 097,Vancouver,WA,51151,Levy County,38.647014,-119.588546,Seattle Metro
LOC-2607,7254 Ryan Highway,Winston-Salem,NC,69301,Mcclure County,35.643685,-120.220392,Charlotte Metro
LOC-2608,893 Todd Vista Suite 398,Detroit,MI,49649,Flores County,47.714023,-80.559981,Detroit Metro
LOC-2609,81828 Rebecca Rue,Scottsdale,AZ,44547,Lee County,35.195759,-112.294308,Phoenix Metro
LOC-2610,8680 Wilkerson Street,Fresno,CA,20390,Sellers County,38.65459,-85.168251,Los Angeles Metro
LOC-2611,35731 Riley Cliffs Apt. 699,Kirkland,WA,92842,Lopez County,41.979238,-92.810624,Seattle Metro
LOC-2612,353 Mann Stravenue,Lakewood,CO,80781,Brown County,33.900231,-86.627194,Denver Metro
LOC-2613,0775 Jennifer Plaza,Sarasota,FL,95046,Ellison County,25.161985,-101.097972,Miami Metro
LOC-2614,499 Gonzalez Key Suite 686,Detroit,MI,16170,Bush County,28.034969,-96.580285,Detroit Metro
LOC-2615,13805 Jones Tunnel Suite 845,Akron,OH,40273,Ramirez County,45.821649,-94.851289,Columbus Metro
LOC-2616,59551 Lisa Views,Rockford,IL,16058,Lopez County,32.272205,-100.018782,Chicago Metro
LOC-2617,591 Phillips Prairie,Parma,OH,39528,Gutierrez County,29.393205,-103.804145,Columbus Metro
LOC-2618,10967 Cooper Spring Apt. 636,Augusta,GA,32388,Avila County,40.138604,-73.84841,Atlanta Metro
LOC-2619,0417 Tyler Divide,Newark,NJ,51719,Taylor County,45.816571,-103.623845,New York Metro
LOC-2620,67870 Nicole Views Apt. 381,Ann Arbor,MI,39182,Taylor County,41.350892,-108.031069,Detroit Metro
LOC-2621,1899 Michael Wall,Winston-Salem,NC,20007,Parker County,32.097082,-96.446355,Charlotte Metro
LOC-2622,521 Rebecca Mill Suite 963,Arlington,TX,39729,Todd County,43.245412,-75.502589,Dallas-Fort Worth Metro
LOC-2623,11493 Vicki Cove Apt. 886,Atlanta,GA,61582,Martin County,42.85822,-89.700792,Atlanta Metro
LOC-2624,65940 Jimmy Place,Macon,GA,68511,Davis County,45.095338,-115.898953,Atlanta Metro
LOC-2625,64851 Samantha Curve,Kirkland,WA,65882,Jones County,31.058306,-68.349378,Seattle Metro
LOC-2626,1408 Seth Dale,Arvada,CO,65477,Holmes County,34.827278,-107.004701,Denver Metro
LOC-2627,68787 Isaiah Circles Suite 999,Fort Lauderdale,FL,38656,Mendoza County,36.638734,-112.126181,Miami Metro
LOC-2628,20434 Scott Stream,Columbus,GA,30993,Harris County,41.175919,-115.603778,Atlanta Metro
LOC-2629,10651 Linda Hill Suite 010,Akron,OH,37312,Fuller County,28.144219,-76.697617,Columbus Metro
LOC-2630,13555 Duncan Dale,Alexandria,VA,31453,Williams County,30.215679,-114.02213,Washington DC Metro
LOC-2631,23956 Anderson Corner Suite 618,CHESAPEAKE,VA,55476,Owen County,30.848658,-109.895982,Washington DC Metro
LOC-2632,877 Alvarez Mill Suite 138,Augusta,GA,60371,Castillo County,41.307437,-101.839756,Atlanta Metro
LOC-2633,39818 Christina Row,Edison,NJ,47150,Fields County,46.196297,-96.237798,New York Metro
LOC-2634,48730 Ward Radial,Detroit,MI,6792,King County,25.301942,-114.790968,Detroit Metro
LOC-2635,868 Deanna Turnpike Suite 341,San Antonio,TX,19411,Ryan County,46.684214,-73.199301,Dallas-Fort Worth Metro
LOC-2636,9640 Connie Underpass,Peoria,IL,72850,Rodriguez County,45.455262,-83.801696,Chicago Metro
LOC-2637,8593 Katrina Plains Suite 362,Richmond,VA,4772,Johnson County,47.913148,-90.284994,Washington DC Metro
LOC-2638,9339 Shane Spring Suite 406,Cincinnati,OH,41636,Perez County,42.724962,-122.365707,Columbus Metro
LOC-2639,7020 Stuart Club Suite 378,Paterson,NJ,13875,Douglas County,39.853622,-102.085163,New York Metro
LOC-2640,55553 Adams Trace,Colorado Springs,CO,69299,Atkinson County,38.795013,-102.479426,Denver Metro
LOC-2641,967 Hale Parkway Apt. 210,Houston,TX,51084,Yang County,46.051224,-108.160564,Dallas-Fort Worth Metro
LOC-2642,04094 Wolf Cliff Apt. 246,Sarasota,FL,26777,Garcia County,41.075813,-111.449727,Miami Metro
LOC-2643,7804 Sherri Brooks Suite 866,Dallas,TX,65492,Webb County,45.495376,,Dallas-Fort Worth Metro
LOC-2644,4262 Turner Parks Apt. 498,Macon,GA,19459,Perry County,39.620288,-108.263544,Atlanta Metro
LOC-2645,01877 Jerry Estate,San Jose,CA,42153,Nguyen County,33.060623,-97.898491,Los Angeles Metro
LOC-2646,443 Steven Dale,Cincinnati,OH,59400,Parker County,27.531004,-102.127384,Columbus Metro
LOC-2647,689 Sandoval Glens Apt. 304,New York,NY,56753,Yates County,39.785455,-73.06321,New York Metro
LOC-2648,177 Jose Ville,Spokane,WA,73696,Berry County,33.639469,-73.794477,Seattle Metro
LOC-2649,0481 Sarah Springs Apt. 018,Los Angeles,CA,81771,Simmons County,47.374463,-81.651787,Los Angeles Metro
LOC-2650,23145 Ochoa Court Apt. 275,Norfolk,VA,45531,Wheeler County,46.283271,-109.418375,Washington DC Metro
LOC-2651,03437 Gonzalez Ville Apt. 567,Fort Lauderdale,FL,39975,Phillips County,31.915871,-80.963387,Miami Metro
LOC-2652,62512 David View Suite 411,Aurora,CO,20969,Wilson County,36.09064,-90.9252,Denver Metro
LOC-2653,206 Tracy Gateway,Austin,TX,87117,Mclaughlin County,36.892348,-90.390211,Dallas-Fort Worth Metro
LOC-2654,05221 Baker Rue,glendale,AZ,11830,Hancock County,31.564543,-98.873701,Phoenix Metro
LOC-2655,353 Santiago Island Suite 116,RALEIGH,NC,79250,Rodriguez County,36.547114,-120.592851,Charlotte Metro
LOC-2656,999 Nelson Divide Suite 184,New York,NY,86322-2508,Rosales County,46.581331,-109.740274,New York Metro
LOC-2657,3758 Richard Crossroad Suite 081,Naples,FL,11937,Nelson County,37.615577,-92.718819,Miami Metro
LOC-2658,23235 Watkins Views Suite 803,Dayton,OH,65475,Rush County,32.605375,-98.113933,Columbus Metro
LOC-2659,288 Matthew Valley Suite 507,lakewood,NJ,66074,Moran County,40.100551,-110.069706,New York Metro
LOC-2660,735 Kramer View,Aurora,IL,3571,Phillips County,25.764529,-113.472887,Chicago Metro
LOC-2661,2477 Olson Heights,Parma,OH,94807,Osborne County,32.708156,-84.363648,Columbus Metro
LOC-2662,649 Austin Meadow Suite 006,Orlando,FL,22527-3513,Smith County,25.628095,-100.695113,Miami Metro
LOC-2663,4862 Diaz Lakes,Naperville,IL,84237,Lang County,27.195315,-74.984772,Chicago Metro
LOC-2664,9385 Delgado Light Apt. 912,Glendale,AZ,26872,Martinez County,28.142492,-121.870579,Phoenix Metro
LOC-2665,72545 Carrie Cape Apt. 609,Grand Rapids,MI,3308,Bass County,33.688957,-86.664142,Detroit Metro
LOC-2666,47079 Randy Dale,flint,MI,N/A,Ward County,29.777895,-93.55145,Detroit Metro
LOC-2667,743 Gina Trail,Buffalo,NY,57660,Brown County,33.713146,-68.547122,New York Metro
LOC-2668,0394 Emily Ranch,Newport News,VA,63965,Romero County,32.664901,-111.655035,Washington DC Metro
LOC-2669,2789 Moore Gardens Suite 179,Redmond,WA,68027,Lozano County,25.11446,-108.968594,Seattle Metro
LOC-2670,454 Dawson Knoll Suite 812,Aurora,IL,86459,West County,30.692896,-81.229811,Chicago Metro
LOC-2671,174 Scott Coves,Arvada,CO,46271,Rice County,37.653369,-88.370067,Denver Metro
LOC-2672,40239 Phillip Shores,Rochester,NY,22073,Rocha County,29.083964,-102.132045,New York Metro
LOC-2673,1764 Katie Harbor Apt. 465,Reading,PA,45063,Beck County,45.636186,-69.254853,Philadelphia Metro
LOC-2674,28638 Susan Brook,EDISON,NJ,64598,Bell County,27.420207,-97.054246,New York Metro
LOC-2675,289 Benjamin Trail,Parma,OH,58610,Santos County,45.19761,-79.685082,Columbus Metro
LOC-2676,528 Scott Manor Suite 742,Toledo,OH,97414,Clark County,29.792702,-90.908067,Columbus Metro
LOC-2677,4337 Jessica Dale,Sarasota,FL,85574,Baldwin County,32.798929,-109.759026,Miami Metro
LOC-2678,692 Mallory Key,Hampton,VA,74730,Wilson County,28.466895,-118.114308,Washington DC Metro
LOC-2679,60772 Jonathan Road,Macon,GA,64833,Sims County,42.133773,-92.81802,Atlanta Metro
LOC-2680,653 Jones Knolls Suite 310,Paterson,NJ,53060,Kelly County,34.870816,-85.880915,New York Metro
LOC-2681,983 Angela Forges,Dayton,OH,48801,Johnson County,38.575467,-110.527239,Columbus Metro
LOC-2682,79337 Horn Forks Apt. 297,Cary,NC,64431-4679,Zhang County,40.497649,-95.494695,Charlotte Metro
LOC-2683,48502 Santiago Landing Apt. 826,Fayetteville,NC,70542-5011,Stephens County,25.531793,-78.035026,Charlotte Metro
LOC-2684,90722 Ann Road,Sandy Springs,GA,10533,Woods County,31.299003,-89.027959,Atlanta Metro
LOC-2685,89452 Caitlyn Row,thornton,CO,28341,Lyons County,31.327265,-112.143634,Denver Metro
LOC-2686,23315 Shah Crescent Suite 579,Joliet,IL,87614,Johnson County,43.008936,-98.804771,Chicago Metro
LOC-2687,08880 Shields Rapids,Tucson,AZ,92946,Campbell County,44.376304,-107.097349,Phoenix Metro
LOC-2688,5024 Stacey Burg,Tucson,AZ,70294,Williams County,46.407198,-74.947249,Phoenix Metro
LOC-2689,5875 Vega Junction Apt. 959,San Francisco,CA,85059,Mullins County,44.469053,-119.44434,Los Angeles Metro
LOC-2690,0497 Rachel Lock Suite 946,Dayton,OH,48290,Anderson County,27.033917,-100.630113,Columbus Metro
LOC-2691,651 Keith Spurs,Edison,NJ,53075,Taylor County,27.551564,-118.021882,New York Metro
LOC-2692,84504 Thomas Oval Suite 434,Redmond,WA,24888,Jacobs County,41.523552,-91.641871,Seattle Metro
LOC-2693,416 Cole Bypass,REDMOND,WA,39677,Alexander County,47.357445,-111.719682,Seattle Metro
LOC-2694,858 Griffin River Apt. 106,Sandy Springs,GA,99869,Brewer County,43.275016,-107.95753,Atlanta Metro
LOC-2695,2641 Weber Shoal Suite 895,CHESAPEAKE,VA,18136,Robinson County,44.89443,-95.863443,Washington DC Metro
LOC-2696,12493 Ryan Grove Suite 982,ROCKFORD,IL,6248,House County,31.507293,-86.69619,Chicago Metro
LOC-2697,78047 Kelly Orchard Apt. 651,seattle,WA,50835,Pham County,46.22212,-73.062973,Seattle Metro
LOC-2698,6926 Katherine Village Apt. 273,Chandler,AZ,25606,Maynard County,37.518699,-122.120118,Phoenix Metro
LOC-2699,25672 Eric Gateway Apt. 085,Detroit,MI,28924,Ellis County,44.449539,-112.567385,Detroit Metro
LOC-2700,153 Janice Falls Suite 660,Allentown,PA,30438,Smith County,29.819187,-112.743539,Philadelphia Metro
LOC-2701,7836 Heidi Ford,LANSING,MI,87552-9905,Johnson County,33.789624,-119.449264,Detroit Metro
LOC-2702,36532 Hamilton Plain Suite 997,Virginia Beach,VA,25205,Glenn County,28.110327,-83.790757,Washington DC Metro
LOC-2703,70600 Nelson Lane Apt. 433,tempe,AZ,27741,Wiggins County,35.6704,-74.556392,Phoenix Metro
LOC-2704,49174 Gonzalez Points,Cary,NC,47922-3171,Kim County,44.328803,-97.815536,Charlotte Metro
LOC-2705,87621 Mcclain Station Suite 405,Fort Collins,CO,19841,Scott County,38.974156,-68.72409,Denver Metro
LOC-2706,661 Kelly Plains Suite 414,Savannah,GA,66190,Jackson County,26.650195,-92.415859,Atlanta Metro
LOC-2707,14198 Thompson Fords Suite 921,Elizabeth,NJ,24575,Schultz County,33.715869,-79.399928,New York Metro
LOC-2708,39982 Lee Turnpike,Jersey  City,NJ,47219,Johnson County,26.751109,-110.46429,New York Metro
LOC-2709,132 Keith Groves Suite 567,Sacramento,CA,66799,Mclean County,29.26756,-120.21353,Los Angeles Metro
LOC-2710,54176 Smith Island Suite 893,Pittsburgh,PA,33003,Ray County,36.427507,-106.222391,Philadelphia Metro
LOC-2711,4576 Knapp Viaduct,Allentown,PA,18520,Contreras County,35.730528,-93.060201,Philadelphia Metro
LOC-2712,5766 Callahan Orchard Suite 085,Greensboro,NC,89234,Martinez County,38.114901,-69.870626,Charlotte Metro
LOC-2713,296 Rivera Islands Apt. 175,Philadelphia,PA,92400,Brown County,32.836862,-98.269191,Philadelphia Metro
LOC-2714,298 Ferrell Mountain Suite 442,Rochester,NY,76173,Jackson County,28.349825,-67.54019,New York Metro
LOC-2715,85069 Brooke Plain Suite 386,Augusta,GA,27467,Glover County,33.317382,-103.083375,Atlanta Metro
LOC-2716,06724 Valencia Meadows Apt. 903,Atlanta,GA,20879,Martin County,47.975503,-71.504063,Atlanta Metro
LOC-2717,3031 Zoe View,Chandler,AZ,65178,Hurst County,30.995571,-79.115162,Phoenix Metro
LOC-2718,11184 Richard Glen,houston,TX,93646,Shaw County,34.472551,-93.134763,Dallas-Fort Worth Metro
LOC-2719,8755 Heather Knolls Apt. 961,Redmond,WA,27770,Cooper County,25.177276,-100.764301,Seattle Metro
LOC-2720,69745 Zimmerman Pike Apt. 517,Austin,TX,96455,Rosario County,30.275475,-92.523791,Dallas-Fort Worth Metro
LOC-2721,871 Mark Locks,Chicago,IL,71740,Moses County,28.577527,-113.021528,Chicago Metro
LOC-2722,38958 Beck Cliff Suite 825,chicago,IL,2209,Blackburn County,42.280114,-108.725335,Chicago Metro
LOC-2723,19991 Anderson Wall Suite 947,Bethlehem,PA,25133,Fisher County,32.981673,-122.307029,Philadelphia Metro
LOC-2724,368 Taylor Pine,Rochester,NY,68064,Heath County,28.788836,-87.341675,New York Metro
LOC-2725,9736 Cunningham Villages,Oakland,CA,N/A,Obrien County,41.104804,-86.100426,Los Angeles Metro
LOC-2726,02719 Erin River,San Jose,CA,78706,Edwards County,27.935392,-93.194384,Los Angeles Metro
LOC-2727,38721 David Wall,Chicago,IL,53178,Solis County,26.77563,-105.023769,Chicago Metro
LOC-2728,045 Jackson Inlet,Cary,NC,95955,Ochoa County,35.799213,-100.630547,Charlotte Metro
LOC-2729,2201 Rogers Lodge Apt. 393,Jersey City,NJ,32975-9354,Duke County,40.505098,-71.198712,New York Metro
LOC-2730,82432 Anderson Garden Apt. 403,Tacoma,WA,83301,Brown County,47.265557,-85.599751,Seattle Metro
LOC-2731,5984 Emily Estate Apt. 248,Seattle,WA,22759,Evans County,40.195026,-82.653035,Seattle Metro
LOC-2732,74509 Joan Gateway Apt. 809,Colorado Springs,CO,62756,Bowman County,25.316038,-77.583692,Denver Metro
LOC-2733,24404 Christopher River Apt. 771,Fort Collins,CO,87641,Caldwell County,41.051073,-122.811215,Denver Metro
LOC-2734,53277 Tracy Knoll,thornton,CO,64932,Cooper County,34.888285,-87.654932,Denver Metro
LOC-2735,1727 Alvarez Fork Suite 548,Fort Lauderdale,FL,81201,Mcintosh County,33.67703,-82.5104,Miami Metro
LOC-2736,1266 Rodriguez Springs Apt. 939,Buffalo,NY,45830,Mcgee County,45.554638,-119.269322,New York Metro
LOC-2737,427 Marisa Cliff,Dallas,TX,83418-1959,Reed County,28.220309,-111.462736,Dallas-Fort Worth Metro
LOC-2738,43390 Moore River,Sandy Springs,GA,90449,Bond County,39.096001,-101.327129,Atlanta Metro
LOC-2739,247 Lopez Squares Apt. 299,Chandler,AZ,33638,Lin County,45.158106,-123.478433,Phoenix Metro
LOC-2740,1912 Reed Gardens,Norfolk,VA,32820,Bradley County,36.782527,-80.292836,Washington DC Metro
LOC-2741,7142 Kristine Corners Suite 220,Tampa,FL,53384,Whitaker County,46.672827,-101.295744,Miami Metro
LOC-2742,591 Adam Harbor Suite 364,Erie,PA,86671,Mcdowell County,33.835972,-76.456508,Philadelphia Metro
LOC-2743,4432 Chapman Glen Apt. 200,Tampa,FL,69267-4488,Ford County,30.097335,-115.769262,Miami Metro
LOC-2744,76835 Steven Causeway,Naperville,IL,39129,Boone County,32.409646,-93.34424,Chicago Metro
LOC-2745,571 Carolyn Forge Apt. 853,New York,NY,28326,Williams County,34.02313,-72.4252,New York Metro
LOC-2746,006 Cynthia Dam,AUGUSTA,GA,48730,Peterson County,38.805492,-76.734443,Atlanta Metro
LOC-2747,775 Powell Plaza Suite 172,Athens,GA,33177,Tran County,33.2612,-110.277938,Atlanta Metro
LOC-2748,0344 Little Forges Apt. 465,Grand Rapids,MI,10649,Wong County,47.682657,-77.293817,Detroit Metro
LOC-2749,415 Goodman Street Apt. 517,Arlington,TX,30564,Edwards County,31.947618,,Dallas-Fort Worth Metro
LOC-2750,1851 Foster Spring,Miami,FL,98004,Hughes County,27.443587,-110.356507,Miami Metro
LOC-2751,656 Bobby Route Apt. 375,Albany,NY,21108,Hernandez County,25.047418,-87.170724,New York Metro
LOC-2752,484 Christopher Port Apt. 225,ERIE,PA,29165,Davis County,32.831777,-83.214101,Philadelphia Metro
LOC-2753,5795 Shawn Curve Apt. 766,Fort Worth,TX,56386,Williams County,32.1094,-82.555636,Dallas-Fort Worth Metro
LOC-2754,2643 Jackson Vista,Colorado Springs,CO,47441,Ruiz County,32.91496,-78.183318,Denver Metro
LOC-2755,72298 David River,San Antonio,TX,71436,Maxwell County,42.982319,-80.202366,Dallas-Fort Worth Metro
LOC-2756,243 Gabriel Route Suite 014,Sandy Springs,GA,42120,Bradley County,42.994541,-117.258625,Atlanta Metro
LOC-2757,407 Rhodes Shores,Yonkers,NY,23685,Vargas County,40.41184,-68.480008,New York Metro
LOC-2758,90878 Donna Shoals Suite 767,CINCINNATI,OH,33172,Mcdaniel County,39.90636,-80.699052,Columbus Metro
LOC-2759,78244 Jordan Lock,Grand Rapids,MI,94935,Bennett County,37.591119,-100.813571,Detroit Metro
LOC-2760,836 Erin Port Suite 386,San  Francisco,CA,19076,Wagner County,33.988207,-88.314376,Los Angeles Metro
LOC-2761,085 Riley Isle Suite 297,Dayton,OH,92917,Sparks County,32.711892,-116.277453,Columbus Metro
LOC-2762,9232 West Via Apt. 734,Greensboro,NC,19386,Robbins County,33.706668,-87.761742,Charlotte Metro
LOC-2763,927 Jessica Groves Suite 233,Erie,PA,75271-5686,King County,44.453471,-89.442381,Philadelphia Metro
LOC-2764,6610 Garcia Hills Suite 180,Norfolk,VA,54125,Baird County,30.650137,-81.116535,Washington DC Metro
LOC-2765,88688 Bender Ridges Apt. 449,Tucson,AZ,19587,Shannon County,30.972021,-104.358962,Phoenix Metro
LOC-2766,39518 Howell Islands Suite 134,Toledo,OH,26621,Nelson County,42.364212,-93.48376,Columbus Metro
LOC-2767,318 Amy Crossing,Raleigh,NC,75133,Foster County,38.112868,-73.704075,Charlotte Metro
LOC-2768,7691 Deanna Turnpike,raleigh,NC,22892,Sellers County,40.347876,-122.27097,Charlotte Metro
LOC-2769,9398 Christopher Spring Apt. 201,Richmond,VA,34115,Cruz County,44.913369,-74.021011,Washington DC Metro
LOC-2770,520 Courtney Garden,Spokane,WA,46654,Carpenter County,32.944803,-69.152542,Seattle Metro
LOC-2771,31336 Erika Highway Apt. 982,Mesa,AZ,51158,Miller County,33.875766,-97.252085,Phoenix Metro
LOC-2772,23189 Webb Bypass Apt. 295,Greensboro,NC,30937,Munoz County,43.725356,-91.06789,Charlotte Metro
LOC-2773,77569 Alan Avenue,San Diego,CA,28099,Vaughn County,47.047199,-91.020116,Los Angeles Metro
LOC-2774,6532 Horn Pines,Akron,OH,24399,Allen County,40.45986,-74.617023,Columbus Metro
LOC-2775,715 Larry Stravenue,Fort Collins,CO,33504,Vasquez County,30.322546,-105.784129,Denver Metro
LOC-2776,117 Rachael Spurs Suite 027,Spokane,WA,45296,Taylor County,26.677832,-91.194902,Seattle Metro
LOC-2777,40093 Michelle Plains,Paterson,NJ,34385,Fitzpatrick County,29.505323,-73.100164,New York Metro
LOC-2778,9123 Daniel Shores,Hampton,VA,10819,Maldonado County,32.932445,-95.913442,Washington DC Metro
LOC-2779,9324 Amy Dam,Tampa,FL,78124,Vega County,40.075103,-97.839538,Miami Metro
LOC-2780,76252 Nicole Corners Apt. 116,RALEIGH,NC,69347,Mcdonald County,44.340146,-70.206616,Charlotte Metro
LOC-2781,428 Gary Lights Suite 011,Albany,NY,30455,Morales County,46.308691,-84.173144,New York Metro
LOC-2782,67862 Harry Court,Fort Collins,CO,6836,Cook County,29.533998,-88.08201,Denver Metro
LOC-2783,2673 George Canyon Suite 175,Redmond,WA,3627,Clark County,26.549363,-116.115857,Seattle Metro
LOC-2784,0531 Maxwell Circle,tempe,AZ,98590,Ortega County,36.577735,-108.699959,Phoenix Metro
LOC-2785,5508 Shaw Estates,Scottsdale,AZ,37854,Kelley County,35.381254,-91.153339,Phoenix Metro
LOC-2786,7037 Graham Ridge Suite 008,Naples,FL,63145,Pena County,42.021522,,Miami Metro
LOC-2787,76440 Peck Fort,Scranton,PA,89506,Morris County,45.485008,-74.027639,Philadelphia Metro
LOC-2788,72727 Sanchez Stream,Erie,PA,N/A,Taylor County,29.319336,-109.091595,Philadelphia Metro
LOC-2789,018 David Lake,Lakewood,CO,5904,Rodriguez County,,-73.27006,Denver Metro
LOC-2790,34063 Ferguson Cliffs,Allentown,PA,72284,Blackwell County,45.691496,-83.222473,Philadelphia Metro
LOC-2791,0240 Edwards Circles,Charlotte,NC,78671,Craig County,38.272773,-80.832069,Charlotte Metro
LOC-2792,1170 Nelson Knoll Suite 968,NEWARK,NJ,18052,Hawkins County,26.469111,-100.876988,New York Metro
LOC-2793,124 Seth Shore,Jersey City,NJ,35025,Munoz County,40.054194,-108.356894,New York Metro
LOC-2794,481 Amy Shoals Apt. 901,Columbus,GA,16545,Garcia County,39.362704,-123.314732,Atlanta Metro
LOC-2795,6767 Butler Cliffs Suite 249,Erie,PA,24416,Ross County,43.75976,-92.711853,Philadelphia Metro
LOC-2796,70921 Henderson Isle,Detroit,MI,70632,Jones County,40.112333,-100.926489,Detroit Metro
LOC-2797,0223 John Keys Apt. 478,Woodbridge,NJ,23478,Sawyer County,27.454171,-94.590457,New York Metro
LOC-2798,2532 Christina Knoll Apt. 848,Durham,NC,84547,Elliott County,44.01184,-102.033334,Charlotte Metro
LOC-2799,58727 Christine Wells Apt. 357,Raleigh,NC,30949,Snow County,35.959279,-121.623988,Charlotte Metro
LOC-2800,40939 Wade Flat,Raleigh,NC,43499,Reeves County,37.399726,-90.48044,Charlotte Metro
LOC-2801,4844 Erica Gateway Apt. 565,Fort Lauderdale,FL,57807,Anderson County,47.709944,-91.025361,Miami Metro
LOC-2802,188 Stanley Lodge,Tampa,FL,62452,Martin County,27.16808,-72.390972,Miami Metro
LOC-2803,3533 Jacobson Loaf,Los Angeles,CA,80703,Mccoy County,46.367702,-99.617851,Los Angeles Metro
LOC-2804,66334 Darryl Spurs,Oakland,CA,3652,Rich County,43.139942,-104.564574,Los Angeles Metro
LOC-2805,6345 Teresa Mall,Jacksonville,FL,66360,Lewis County,43.655738,-111.347222,Miami Metro
LOC-2806,862 James Mount,Kirkland,WA,31575,Johnson County,45.12012,-102.874849,Seattle Metro
LOC-2807,5514 Joseph Highway Apt. 111,New York,NY,71225,Mcdonald County,46.651668,-123.563718,New York Metro
LOC-2808,449 Woods Heights Apt. 188,Naples,FL,93743,Higgins County,44.058982,-92.332516,Miami Metro
LOC-2809,463 Rachel Club,Macon,GA,69753,Martin County,46.852908,-117.390643,Atlanta Metro
LOC-2810,64792 Guerrero Heights,Tampa,FL,73010,Thompson County,46.195459,-112.690087,Miami Metro
LOC-2811,47353 Brooks Rue Apt. 530,Atlanta,GA,16298,Brown County,41.475544,-108.11649,Atlanta Metro
LOC-2812,45183 Castillo Port Apt. 305,Augusta,GA,16793,Rosario County,40.148877,-75.620322,Atlanta Metro
LOC-2813,5310 Donald Lodge,Atlanta,GA,65993,Petty County,40.590682,-90.79384,Atlanta Metro
LOC-2814,786 Kyle Summit,Newport News,VA,62266,Williams County,35.470956,-107.128249,Washington DC Metro
LOC-2815,6066 Wilson Burg,Akron,OH,35529,Gray County,31.118328,-123.004472,Columbus Metro
LOC-2816,74912 April Overpass Apt. 650,Arvada,CO,28141,Coleman County,33.736823,-83.379151,Denver Metro
LOC-2817,1590 Daniel Expressway Suite 023,Yonkers,NY,21566,Miller County,42.485498,,New York Metro
LOC-2818,40272 Mccormick Wall,San Diego,CA,72683,Dixon County,34.690669,-80.551007,Los Angeles Metro
LOC-2819,212 Angela Common,DETROIT,MI,5309,Baker County,41.148277,-121.500196,Detroit Metro
LOC-2820,50796 Williamson Via Suite 842,jacksonville,FL,7604,Johnson County,34.230491,-92.050072,Miami Metro
LOC-2821,141 Massey Dale,Chandler,AZ,88364,Scott County,37.795029,-75.328231,Phoenix Metro
LOC-2822,737 John Vista,Fayetteville,NC,74486,Ferguson County,38.802829,-117.855574,Charlotte Metro
LOC-2823,59528 Singh Station Suite 757,Arlington,TX,41780,Terry County,41.350253,-71.324751,Dallas-Fort Worth Metro
LOC-2824,9829 Anthony Island,Springfield,IL,3041,Porter County,29.776374,-70.282559,Chicago Metro
LOC-2825,983 Wallace Brook Suite 410,Glendale,AZ,57823,Wood County,36.924297,-106.308457,Phoenix Metro
LOC-2826,481 Smith Harbors,Lakewood,CO,75281,Roth County,31.67226,-121.754332,Denver Metro
LOC-2827,035 Harmon Well,Woodbridge,NJ,81578,Anderson County,26.141478,-106.66093,New York Metro
LOC-2828,696 Moran Walk Suite 354,Philadelphia,PA,83331,Rhodes County,31.435477,-77.037614,Philadelphia Metro
LOC-2829,75121 Christopher Highway Apt. 622,Jersey City,NJ,94536,James County,29.557392,-110.635109,New York Metro
LOC-2830,80245 Brown Keys Apt. 565,Colorado Springs,CO,36315,Allen County,27.056411,-120.681893,Denver Metro
LOC-2831,3779 Johnson Mission,Cary,NC,40775-8264,Sharp County,36.983946,-82.554249,Charlotte Metro
LOC-2832,557 Todd Wall Suite 852,Scottsdale,AZ,32739,Rivera County,47.595136,-110.853465,Phoenix Metro
LOC-2833,58467 Christopher Overpass,Reading,PA,88661,Trujillo County,39.374846,-121.117376,Philadelphia Metro
LOC-2834,79294 Murphy Estates,Springfield,IL,68128,Clark County,27.035971,-80.092078,Chicago Metro
LOC-2835,4999 Douglas Viaduct Apt. 854,Newark,NJ,20793,Johnson County,28.153424,-87.794203,New York Metro
LOC-2836,84159 Shelly Haven,Tempe,AZ,70144,Thomas County,47.572032,-80.161097,Phoenix Metro
LOC-2837,5385 Jasmine Flats Suite 635,Thornton,CO,2157,Martin County,33.023585,-92.736632,Denver Metro
LOC-2838,1426 Andrew Circle Suite 206,New York,NY,66708,Gibbs County,29.664469,-98.471718,New York Metro
LOC-2839,6118 Fox Field,Fort Worth,TX,26356,Cole County,28.218409,-99.935128,Dallas-Fort Worth Metro
LOC-2840,659 Donna Square,Hampton,VA,13772,Romero County,27.388454,-77.699215,Washington DC Metro
LOC-2841,91716 Victoria Flats Apt. 085,Fort Worth,TX,62183,Carter County,27.881102,-93.746089,Dallas-Fort Worth Metro
LOC-2842,436 Brown Falls,Colorado Springs,CO,78939,Rhodes County,40.335669,-122.599237,Denver Metro
LOC-2843,37880 Gabrielle Cliff,Redmond,WA,70278,Johnson County,28.953644,-114.941828,Seattle Metro
LOC-2844,7677 Gibson Walk,Cary,NC,11467,Perry County,40.819091,-98.489863,Charlotte Metro
LOC-2845,4554 Williamson Centers Apt. 481,Mesa,AZ,82128,Austin County,38.851207,-73.156532,Phoenix Metro
LOC-2846,51102 Weber Ports Suite 533,Columbus,GA,41698,Carson County,38.008813,-117.948169,Atlanta Metro
LOC-2847,33135 Larry Shoal,Savannah,GA,52299,Meyer County,44.226755,-102.32963,Atlanta Metro
LOC-2848,070 Nicholas Brook Suite 260,Lakewood,CO,7975,Cruz County,25.674504,-119.870929,Denver Metro
LOC-2849,151 Torres Parkways Suite 621,Arlington,TX,60794,Cantu County,37.683029,-113.257153,Dallas-Fort Worth Metro
LOC-2850,8342 Terry Village Suite 302,Flint,MI,61967,Aguilar County,27.134689,-93.62602,Detroit Metro
LOC-2851,9572 Jackson Bypass,Rockford,IL,17350,Moore County,33.304403,-121.515547,Chicago Metro
LOC-2852,937 Tate Estates Suite 828,Rockford,IL,33717,Baker County,35.285732,-76.389573,Chicago Metro
LOC-2853,949 Lynn Lights,Fresno,CA,12183,Shelton County,38.561964,-122.972982,Los Angeles Metro
LOC-2854,919 Edwards Viaduct Suite 446,scranton,PA,94377,King County,44.219103,-121.940652,Philadelphia Metro
LOC-2855,39004 Tanya Extension Suite 286,Sacramento,CA,88738,Simpson County,47.895663,-114.763096,Los Angeles Metro
LOC-2856,4701 Gill Rapid Suite 014,New  Rochelle,NY,8350,Bennett County,28.867408,-121.614679,New York Metro
LOC-2857,936 Thomas Row,New York,NY,44298,Benton County,45.808066,-86.881129,New York Metro
LOC-2858,280 Lauren Inlet,Bellevue,WA,41354,Wade County,43.229916,-87.801789,Seattle Metro
LOC-2859,0734 Williams Gateway Apt. 613,Erie,PA,22061,Alvarado County,42.540724,-106.610695,Philadelphia Metro
LOC-2860,799 Laurie Summit,Erie,PA,75016,Miller County,41.568305,-93.063241,Philadelphia Metro
LOC-2861,7527 Roberts Fall Apt. 286,Paterson,NJ,58847,Burns County,32.597046,-120.261742,New York Metro
LOC-2862,50668 Michael Summit Suite 155,Winston-Salem,NC,64897,Houston County,45.101963,-112.678281,Charlotte Metro
LOC-2863,66894 Ariel Manor Apt. 646,New Rochelle,NY,39968,Fowler County,46.317069,-86.669894,New York Metro
LOC-2864,551 Wilson Cliffs Apt. 395,Chandler,AZ,38289,Perry County,34.007652,-106.916328,Phoenix Metro
LOC-2865,24518 Nathaniel Rest,Glendale,AZ,71965,Powell County,35.83299,-71.314236,Phoenix Metro
LOC-2866,26974 Riley Plaza,Sarasota,FL,63544,Torres County,39.031933,-111.548745,Miami Metro
LOC-2867,896 Christopher Manors Apt. 052,New Rochelle,NY,66442,Simpson County,40.881703,-74.608327,New York Metro
LOC-2868,3692 Kathleen Via,Hampton,VA,17808,Elliott County,41.576812,-90.034799,Washington DC Metro
LOC-2869,4230 Dennis Haven,Naples,FL,16702,Sullivan County,31.448374,-71.687339,Miami Metro
LOC-2870,76319 Ashley Parkway,Detroit,MI,68567,Atkins County,41.980993,-72.301829,Detroit Metro
LOC-2871,0855 Lisa Avenue,Springfield,IL,55266,Fisher County,47.298357,-123.727131,Chicago Metro
LOC-2872,30635 Ruiz Row,Cleveland,OH,N/A,Doyle County,25.884386,,Columbus Metro
LOC-2873,5694 Katie Pike Suite 104,Philadelphia,PA,83705-4436,Hobbs County,32.898607,-73.571054,Philadelphia Metro
LOC-2874,27303 Kyle Pine,Peoria,IL,98124,Thompson County,43.960376,-81.215983,Chicago Metro
LOC-2875,6352 Kristin Villages Suite 118,PITTSBURGH,PA,N/A,Robertson County,30.497014,-103.902208,Philadelphia Metro
LOC-2876,38069 Wagner Loop,Jacksonville,FL,70387,Levy County,28.426704,-99.254525,Miami Metro
LOC-2877,531 Clifford Estates,Kirkland,WA,16699,Shaw County,36.405934,-93.873806,Seattle Metro
LOC-2878,7903 Coleman Lock,Allentown,PA,20518,Perez County,42.401777,-68.322449,Philadelphia Metro
LOC-2879,2813 Robert Vista Suite 984,Newark,NJ,52490-8809,Rogers County,40.307931,-71.379907,New York Metro
LOC-2880,79029 Travis Burgs,Kirkland,WA,69474,Wall County,46.247545,-100.180896,Seattle Metro
LOC-2881,3531 Eric Glen Suite 275,San Antonio,TX,42433,Perry County,33.861239,-67.131813,Dallas-Fort Worth Metro
LOC-2882,503 Mike Parkway,Bethlehem,PA,65466,Gibson County,42.537419,-81.411676,Philadelphia Metro
LOC-2883,1265 Justin Walk,Dallas,TX,13767,Dean County,37.091538,-94.863652,Dallas-Fort Worth Metro
LOC-2884,529 William Extension,Miami,FL,17760,Blankenship County,30.382952,-89.600081,Miami Metro
LOC-2885,1497 Crawford Grove,Tucson,AZ,88343,Andrews County,26.696334,-81.550297,Phoenix Metro
LOC-2886,1657 Combs Dam,Fresno,CA,90680,Romero County,37.416616,-71.691938,Los Angeles Metro
LOC-2887,61954 Pamela Curve,Richmond,VA,98696,Hart County,46.795785,-69.720709,Washington DC Metro
LOC-2888,434 Ellis Village Suite 613,Tempe,AZ,82883,Sellers County,25.885001,-95.381337,Phoenix Metro
LOC-2889,5009 Heidi Ranch Suite 678,Springfield,IL,29038,Lopez County,43.765934,-101.157942,Chicago Metro
LOC-2890,593 Roman Crescent,Fort Lauderdale,FL,N/A,Riley County,30.873089,-97.131303,Miami Metro
LOC-2891,27066 Anna Islands Apt. 608,Augusta,GA,N/A,Vasquez County,32.618415,-90.343206,Atlanta Metro
LOC-2892,2020 Sara Station,New York,NY,36623,Lewis County,30.720827,-73.672853,New York Metro
LOC-2893,20996 Phelps Meadow,Houston,TX,30549,Good County,38.460882,-96.432285,Dallas-Fort Worth Metro
LOC-2894,03734 Gordon Lane Suite 670,Sacramento,CA,N/A,Stevens County,40.482372,-97.34113,Los Angeles Metro
LOC-2895,056 Henry Heights,BETHLEHEM,PA,69233,Combs County,28.719645,-117.642065,Philadelphia Metro
LOC-2896,677 Louis Lock,EL PASO,TX,75984,Cardenas County,43.86223,-115.129672,Dallas-Fort Worth Metro
LOC-2897,316 Swanson Avenue,Akron,OH,52239,Garza County,40.62614,-99.19648,Columbus Metro
LOC-2898,6887 Jennifer Causeway Suite 886,Pittsburgh,PA,99449,Ferguson County,25.022513,-87.322249,Philadelphia Metro
LOC-2899,53129 Roberto Manor,Flint,MI,58910,Anderson County,26.299033,-108.372649,Detroit Metro
LOC-2900,8009 Black Inlet Apt. 146,Miami,FL,94698,Martinez County,43.559082,-110.089959,Miami Metro
LOC-2901,700 Chad Prairie Apt. 073,Colorado Springs,CO,50590,Stone County,45.251449,-114.304243,Denver Metro
LOC-2902,6734 Campbell Vista Suite 939,vancouver,WA,95009,Fields County,31.260614,-89.538542,Seattle Metro
LOC-2903,941 Daniel Pines,Dayton,OH,99052,Stewart County,39.384976,-93.421241,Columbus Metro
LOC-2904,1832 James Bridge Suite 428,Akron,OH,15852-4990,Walsh County,44.092404,-86.093245,Columbus Metro
LOC-2905,1119 James Knoll,Tempe,AZ,41940,Burke County,33.63183,-118.268647,Phoenix Metro
LOC-2906,429 Brown Falls,Dallas,TX,81683,Edwards County,43.310167,-114.092681,Dallas-Fort Worth Metro
LOC-2907,990 Kathleen Dam Apt. 887,WOODBRIDGE,NJ,98095,Shelton County,27.795845,-79.555095,New York Metro
LOC-2908,6062 Kemp Villages Apt. 340,San Francisco,CA,98701,Holland County,26.976935,-70.510541,Los Angeles Metro
LOC-2909,387 Roberts Squares Apt. 081,akron,OH,76883,Dixon County,32.043901,-96.292759,Columbus Metro
LOC-2910,29397 Henry Terrace Suite 382,San  Diego,CA,43682,Rich County,27.293632,,Los Angeles Metro
LOC-2911,54818 Wilson Fork Apt. 178,San Antonio,TX,83482,Perry County,43.268372,-78.716016,Dallas-Fort Worth Metro
LOC-2912,7677 Brittany Squares Apt. 030,Philadelphia,PA,7013,Weeks County,33.540231,-80.409375,Philadelphia Metro
LOC-2913,7405 John Villages Apt. 360,Fort Worth,TX,94224,Gray County,30.969459,-103.287988,Dallas-Fort Worth Metro
LOC-2914,719 Joseph Ranch Suite 265,Cincinnati,OH,25058,Peterson County,35.430949,-95.584571,Columbus Metro
LOC-2915,36496 Gould Square Suite 145,Lakewood,NJ,98569,Perez County,34.551295,-115.942115,New York Metro
LOC-2916,57448 Tonya Islands Apt. 699,Columbus,OH,62654,Coffey County,33.778704,-79.747406,Columbus Metro
LOC-2917,511 Leonard Meadows,Allentown,PA,70131-9920,Alvarez County,44.459549,-94.089084,Philadelphia Metro
LOC-2918,85157 Mitchell Manor,San Francisco,CA,38497,Snyder County,46.335475,-80.598785,Los Angeles Metro
LOC-2919,506 Tara Plains,Austin,TX,61246,Harris County,29.045901,,Dallas-Fort Worth Metro
LOC-2920,93465 Gregory Oval,NEWARK,NJ,69910,Flores County,27.225533,-107.003154,New York Metro
LOC-2921,34563 Melissa Tunnel Apt. 349,Tampa,FL,24771,Mata County,47.778049,-81.984048,Miami Metro
LOC-2922,45705 Levi Well Suite 782,joliet,IL,42801,Powell County,33.673477,-68.313429,Chicago Metro
LOC-2923,324 Steven Lane,Atlanta,GA,82247,Rodriguez County,47.109697,-123.829575,Atlanta Metro
LOC-2924,86974 Butler Valley Apt. 370,Edison,NJ,39863,Clark County,30.221303,-75.95246,New York Metro
LOC-2925,478 Goodwin Square Apt. 681,Naples,FL,N/A,Duncan County,39.808529,-96.494407,Miami Metro
LOC-2926,92294 Kelsey Station,ROCHESTER,NY,4463,Mccarty County,42.085016,-84.921299,New York Metro
LOC-2927,80625 Gina Glen,Augusta,GA,30562,Dillon County,27.853776,-113.022966,Atlanta Metro
LOC-2928,545 Ramirez Ville,Newport News,VA,62491,Ryan County,44.503593,-96.613867,Washington DC Metro
LOC-2929,8831 Cannon Center,Hampton,VA,78241,Zamora County,44.150507,-96.807334,Washington DC Metro
LOC-2930,3032 Ryan Field Suite 490,ANN ARBOR,MI,31132,Parker County,28.100903,-96.051046,Detroit Metro
LOC-2931,865 Garcia Village Suite 213,Parma,OH,64723,Hernandez County,41.968695,-92.485159,Columbus Metro
LOC-2932,86286 Cruz Road Apt. 476,Denver,CO,74555,Williams County,43.41814,-75.313111,Denver Metro
LOC-2933,09258 Thompson Rapid,TUCSON,AZ,63468,Moody County,27.164723,-90.006472,Phoenix Metro
LOC-2934,7363 Randy Gardens Apt. 846,Erie,PA,N/A,Williams County,38.72372,-89.298262,Philadelphia Metro
LOC-2935,62803 Jacqueline Lodge Suite 908,CHARLOTTE,NC,37690,Bryan County,40.864054,-90.371286,Charlotte Metro
LOC-2936,749 Crystal Meadows Apt. 430,Akron,OH,31848,Perez County,27.618059,-112.190655,Columbus Metro
LOC-2937,16636 White Terrace,Toledo,OH,99557,Maddox County,27.643143,-111.357206,Columbus Metro
LOC-2938,5414 Amanda Isle Suite 962,Denver,CO,41729-9632,Martin County,32.576727,-91.031445,Denver Metro
LOC-2939,10848 Miller Light Suite 002,Newport News,VA,41807,Cline County,28.756871,-103.636343,Washington DC Metro
LOC-2940,6901 Green Shoals,Reading,PA,65194,Rogers County,43.867565,-110.638059,Philadelphia Metro
LOC-2941,624 Jones Burg,Redmond,WA,73154,Butler County,47.981382,-111.583846,Seattle Metro
LOC-2942,845 Russo Forges Apt. 165,Bethlehem,PA,N/A,Brown County,43.600605,-120.024829,Philadelphia Metro
LOC-2943,423 Michael Summit,Reading,PA,18751,King County,44.389983,-72.515974,Philadelphia Metro
LOC-2944,1107 Christina Landing,Chandler,AZ,23932,Johnson County,47.803527,-83.7199,Phoenix Metro
LOC-2945,050 Hamilton Court,Newport News,VA,84900,King County,33.234173,-118.43293,Washington DC Metro
LOC-2946,33171 Gibson Trace Suite 541,Naperville,IL,51150,Jackson County,,-89.622859,Chicago Metro
LOC-2947,9220 William Skyway,Athens,GA,96701,Lester County,42.828912,-88.559544,Atlanta Metro
LOC-2948,2089 Taylor Vista,Paterson,NJ,85929,Alexander County,28.119061,-108.178789,New York Metro
LOC-2949,012 Lawson Expressway Suite 050,Newport News,VA,33047,Woods County,35.600752,-87.745084,Washington DC Metro
LOC-2950,249 Jesse Rapid,Seattle,WA,76613-4378,Phillips County,29.963231,-88.563097,Seattle Metro
LOC-2951,25027 Burke Via,Sacramento,CA,25862,Hernandez County,,-107.257147,Los Angeles Metro
LOC-2952,384 Williams Springs,Aurora,IL,94716,Franco County,44.572631,-108.588749,Chicago Metro
LOC-2953,654 Caitlin Ramp Suite 285,Redmond,WA,18038,Mclaughlin County,45.984343,-113.464833,Seattle Metro
LOC-2954,30864 Karl Loop,DENVER,CO,81339-6079,Rios County,31.674353,-114.412834,Denver Metro
LOC-2955,085 Marvin Centers,Mesa,AZ,9757,Molina County,40.941927,-110.054909,Phoenix Metro
LOC-2956,871 Richards Villages Suite 182,Newport News,VA,63916,Pruitt County,45.572249,-118.820904,Washington DC Metro
LOC-2957,2109 Timothy Heights Suite 793,Newark,NJ,64595,Bradley County,25.185481,-78.245724,New York Metro
LOC-2958,1740 James Glens,Pittsburgh,PA,91270,Kelly County,45.636862,-97.354888,Philadelphia Metro
LOC-2959,657 Timothy Tunnel Suite 966,Tampa,FL,22234,Bennett County,39.342551,-95.01146,Miami Metro
LOC-2960,2366 Katrina Vista,El Paso,TX,1925,Keith County,29.591582,-102.150141,Dallas-Fort Worth Metro
LOC-2961,1208 Amy Fields Suite 893,Ann Arbor,MI,14618,Mason County,29.013489,-96.623761,Detroit Metro
LOC-2962,2894 Kevin Prairie,Elizabeth,NJ,32004,Wright County,30.375736,-93.376211,New York Metro
LOC-2963,60269 Webb Mill Suite 266,Phoenix,AZ,81010,Castro County,29.413115,-85.421984,Phoenix Metro
LOC-2964,16367 Steve Drive,Redmond,WA,46758,Green County,44.74922,-107.238802,Seattle Metro
LOC-2965,53764 Chelsea Passage,Fayetteville,NC,63754,Hall County,43.536929,-85.550888,Charlotte Metro
LOC-2966,39539 Taylor Square,Rochester,NY,N/A,Khan County,47.012523,-93.971822,New York Metro
LOC-2967,88532 Hobbs Highway Apt. 114,Virginia Beach,VA,57444,Harvey County,29.041741,-109.801906,Washington DC Metro
LOC-2968,475 Luna Flats Suite 704,Grand Rapids,MI,5502,Hodges County,31.186737,-104.618528,Detroit Metro
LOC-2969,678 Carrie Lakes,Pittsburgh,PA,83327,Carson County,46.526776,-78.003243,Philadelphia Metro
LOC-2970,9773 Davis Bypass Apt. 405,Fort Collins,CO,11082,Harrison County,34.81916,-72.454492,Denver Metro
LOC-2971,910 Kelly Creek Suite 569,Pittsburgh,PA,22599,Fowler County,35.817454,-105.296173,Philadelphia Metro
LOC-2972,72188 Stanley Unions,Winston-Salem,NC,14932,Jones County,43.357903,-104.607291,Charlotte Metro
LOC-2973,916 Hunter Falls Apt. 634,Augusta,GA,47329,Hines County,39.041974,-101.087986,Atlanta Metro
LOC-2974,48578 Cole Creek,Toledo,OH,90123,Everett County,35.510658,-100.710769,Columbus Metro
LOC-2975,7281 Mary Radial Apt. 278,glendale,AZ,66784,Hanson County,26.955081,-109.130852,Phoenix Metro
LOC-2976,249 Claudia Lodge Apt. 841,Oakland,CA,78629,Ball County,46.88215,-83.198018,Los Angeles Metro
LOC-2977,855 Steven Forks Apt. 437,Toledo,OH,64897,Nolan County,32.493225,-86.800703,Columbus Metro
LOC-2978,85596 Johnson View,Columbus,OH,60378,Martinez County,31.728217,-91.910418,Columbus Metro
LOC-2979,8144 Adam Summit Suite 075,Springfield,IL,58226,Jenkins County,39.712209,,Chicago Metro
LOC-2980,10640 Mack Rest,Aurora,CO,12180,Tucker County,42.975416,-100.713876,Denver Metro
LOC-2981,228 Curry Inlet Apt. 734,Albany,NY,15971,Green County,41.374461,-72.63155,New York Metro
LOC-2982,925 Laura Row Suite 366,Columbus,OH,80393,Welch County,45.688699,-78.312374,Columbus Metro
LOC-2983,7587 Stephanie Orchard Apt. 053,Tucson,AZ,99455,Dickson County,37.395098,-74.336283,Phoenix Metro
LOC-2984,9067 Martinez Islands,Sarasota,FL,49433,Lee County,43.160467,-88.136454,Miami Metro
LOC-2985,17430 Brown Estate Suite 600,Paterson,NJ,63373,Carter County,44.967965,-85.743128,New York Metro
LOC-2986,66775 Timothy Alley,New York,NY,2108,Kim County,26.827727,-80.44475,New York Metro
LOC-2987,9717 Lewis Islands,WARREN,MI,90005,Smith County,25.035277,-107.245085,Detroit Metro
LOC-2988,72990 Clark Plaza Apt. 767,Sarasota,FL,74189,Sanders County,37.05616,-80.737759,Miami Metro
LOC-2989,0254 Stephanie Locks,Erie,PA,35467,Bowman County,29.959535,-106.669459,Philadelphia Metro
LOC-2990,158 Forbes Groves,Joliet,IL,88348,Blackwell County,41.991239,-110.057506,Chicago Metro
LOC-2991,6046 Zhang Passage,Orlando,FL,67638,Moore County,27.041877,-83.298328,Miami Metro
LOC-2992,369 Peter Coves,Colorado Springs,CO,68523,Flores County,44.9269,-97.723907,Denver Metro
LOC-2993,26134 Jacqueline Ways Suite 312,Cleveland,OH,61434,Moore County,32.20272,-121.655011,Columbus Metro
LOC-2994,667 Sullivan Islands,Lakewood,CO,74998,Mitchell County,36.403291,-79.917155,Denver Metro
LOC-2995,3242 Heather Loop,Springfield,IL,47389,Levine County,41.395829,-116.114772,Chicago Metro
LOC-2996,53286 Steven Shores Apt. 581,Richmond,VA,13604,Allen County,43.032188,-96.856703,Washington DC Metro
LOC-2997,7321 Nicholas Valley,Chicago,IL,2969,Wallace County,44.931257,-99.988726,Chicago Metro
LOC-2998,5552 Rodriguez Crest Apt. 705,Columbus,GA,21569-8719,Wade County,42.630207,-86.85078,Atlanta Metro
LOC-2999,52950 Schmidt Union Suite 412,oakland,CA,16096,Barton County,31.388554,-122.090663,Los Angeles Metro
LOC-3000,998 Rios Island Suite 926,Newport News,VA,48077,Wright County,32.898321,-94.055976,Washington DC Metro
LOC-3001,06255 Michael Orchard Suite 519,Elizabeth,NJ,54820,Gonzalez County,46.017126,-74.699606,New York Metro
LOC-3002,531 Shawn Flat Suite 458,Fresno,CA,97963,Lucas County,44.819122,-121.901308,Los Angeles Metro
LOC-3003,762 James Grove,LANSING,MI,17855,Butler County,43.743453,-90.659884,Detroit Metro
LOC-3004,4615 Sheena Unions,COLUMBUS,OH,88361,Moon County,38.606095,-101.251174,Columbus Metro
LOC-3005,22247 Judith Pass Apt. 014,Charlotte,NC,51717,Rice County,42.224143,-98.474145,Charlotte Metro
LOC-3006,97198 Williams Ville,Austin,TX,71654,Peters County,46.236287,-94.888578,Dallas-Fort Worth Metro
LOC-3007,74812 Robertson Oval Apt. 008,sandy springs,GA,70497,Christian County,34.467001,-85.740763,Atlanta Metro
LOC-3008,899 Mark Shoal Apt. 814,Raleigh,NC,12073,Smith County,41.37634,-102.974974,Charlotte Metro
LOC-3009,0508 Heather Causeway,Philadelphia,PA,91110-3688,Morgan County,,-84.575641,Philadelphia Metro
LOC-3010,8699 Cynthia Coves,Norfolk,VA,47456,Strickland County,32.257552,-76.223973,Washington DC Metro
LOC-3011,66946 Pamela Roads,Cleveland,OH,18793,Jones County,33.154727,-111.671957,Columbus Metro
LOC-3012,7642 Edward Spur Suite 983,San Diego,CA,69122,Sanders County,29.903923,-90.325496,Los Angeles Metro
LOC-3013,74988 Richards Spurs,Newport News,VA,44229,Ramsey County,,-76.826013,Washington DC Metro
LOC-3014,60920 Jeffrey Stream,Naperville,IL,98106,Bridges County,41.606162,-79.36381,Chicago Metro
LOC-3015,6571 Myers Overpass Apt. 304,Philadelphia,PA,99385,Whitney County,44.766235,-100.423672,Philadelphia Metro
LOC-3016,43896 Banks Locks Suite 508,COLUMBUS,GA,21819,Cruz County,46.129485,,Atlanta Metro
LOC-3017,22307 Victoria Stream Suite 641,Reading,PA,45066,Rangel County,47.321382,-79.970576,Philadelphia Metro
LOC-3018,39557 Flores Locks Apt. 805,Syracuse,NY,80512,Wyatt County,28.859113,-117.221139,New York Metro
LOC-3019,340 Miguel Roads,Lakewood,CO,17587,Ochoa County,37.017833,-83.764736,Denver Metro
LOC-3020,78859 Bridget Bridge Suite 965,Colorado Springs,CO,82613,James County,32.596718,-77.963889,Denver Metro
LOC-3021,59627 Barker Dam,San Antonio,TX,91373,Allen County,37.37485,-70.279549,Dallas-Fort Worth Metro
LOC-3022,27534 Amanda Ridge,Cary,NC,22019,Stevenson County,41.478966,-121.660017,Charlotte Metro
LOC-3023,7802 Patricia Brook Apt. 771,Charlotte,NC,60486,Gregory County,27.924111,-89.418083,Charlotte Metro
LOC-3024,2945 Dennis Lights,Miami,FL,58493,Guerrero County,42.124945,-110.196726,Miami Metro
LOC-3025,7353 Davis Villages Suite 391,Lansing,MI,32726-6151,Johnson County,28.558966,-72.437646,Detroit Metro
LOC-3026,31866 Gates Route,Springfield,IL,35774,Williams County,32.643823,-87.456541,Chicago Metro
LOC-3027,7477 Karen Station Apt. 104,Austin,TX,3487,Smith County,32.068172,-123.415024,Dallas-Fort Worth Metro
LOC-3028,437 Phillip Turnpike,Virginia Beach,VA,90824,Miller County,42.029247,-103.447934,Washington DC Metro
LOC-3029,7953 Michelle Summit Suite 225,Allentown,PA,66643,Lewis County,43.405062,-105.444429,Philadelphia Metro
LOC-3030,224 Michael Track,Fayetteville,NC,88333,Vasquez County,28.251259,-70.490705,Charlotte Metro
LOC-3031,77457 Williams Coves Suite 211,PITTSBURGH,PA,50211,Walls County,46.503519,-71.710423,Philadelphia Metro
LOC-3032,460 Jennifer Field Apt. 968,El Paso,TX,93979,Burns County,39.164768,-123.015647,Dallas-Fort Worth Metro
LOC-3033,04759 Miguel Parkway Suite 770,Glendale,AZ,93420,Gilmore County,40.275537,-116.362136,Phoenix Metro
LOC-3034,928 Allen Rue,Jacksonville,FL,26507,Fowler County,26.92553,-77.798524,Miami Metro
LOC-3035,4616 Vargas Highway,Naples,FL,91039,Jenkins County,33.773546,-115.677396,Miami Metro
LOC-3036,781 Lewis Mall Apt. 395,Athens,GA,21318,Montgomery County,25.255816,-91.583925,Atlanta Metro
LOC-3037,592 Danny Points Suite 723,Woodbridge,NJ,26974,Benton County,37.679169,-98.015691,New York Metro
LOC-3038,019 Murray Park Suite 962,Los Angeles,CA,96639,Morales County,44.441559,-92.145165,Los Angeles Metro
LOC-3039,965 Cannon Port,Peoria,IL,70696,Acevedo County,28.329205,-104.070055,Chicago Metro
LOC-3040,791 Spencer Roads Apt. 200,hampton,VA,98721,Pierce County,45.345432,-78.23802,Washington DC Metro
LOC-3041,01428 Contreras Ranch,Thornton,CO,6235,Brown County,33.742377,-107.581941,Denver Metro
LOC-3042,1575 Rodriguez Way,Tucson,AZ,64854,Aguilar County,44.485563,-73.474694,Phoenix Metro
LOC-3043,671 Elizabeth Branch,Dayton,OH,5470,Smith County,38.330152,-109.340988,Columbus Metro
LOC-3044,587 Joshua Shoals Apt. 749,Newport News,VA,67101,Benjamin County,40.819646,-112.35845,Washington DC Metro
LOC-3045,2948 Melissa Key Apt. 719,Lakewood,NJ,27634,Marshall County,37.853872,-93.741942,New York Metro
LOC-3046,23433 Hall Meadows Suite 577,Fort Collins,CO,90392,Jimenez County,30.466065,-112.257796,Denver Metro
LOC-3047,2658 Morris Ford,Jersey City,NJ,28094,Wade County,25.529692,-118.973499,New York Metro
LOC-3048,9791 Smith Neck,Syracuse,NY,46627,Jones County,38.549799,-86.071679,New York Metro
LOC-3049,061 Timothy Greens,Bellevue,WA,38091,Davies County,29.768234,-117.088568,Seattle Metro
LOC-3050,697 Wells Underpass Apt. 712,Winston-Salem,NC,52290,Roberts County,37.882748,-69.80791,Charlotte Metro
LOC-3051,6683 Jeffery Keys,Lansing,MI,44028,Sherman County,37.957229,-121.276561,Detroit Metro
LOC-3052,525 Patel Stream Suite 735,Fort Lauderdale,FL,56977,Daniel County,47.018194,-100.696155,Miami Metro
LOC-3053,107 Alexandra Fork Suite 764,Warren,MI,26527,Valentine County,34.058394,-123.553887,Detroit Metro
LOC-3054,126 Jorge Square Apt. 631,Bellevue,WA,92154,Wise County,42.715123,-76.42135,Seattle Metro
LOC-3055,75644 Betty Track Apt. 951,Fort Lauderdale,FL,58176,Soto County,46.603005,-93.51662,Miami Metro
LOC-3056,6300 Harris Drive Apt. 051,Raleigh,NC,10211,Price County,27.54801,-111.554974,Charlotte Metro
LOC-3057,8704 Christopher Streets,Akron,OH,65980,Valdez County,31.854599,-70.299062,Columbus Metro
LOC-3058,739 Diaz Estate,Elizabeth,NJ,90060,Webb County,31.406463,-78.302521,New York Metro
LOC-3059,598 Alexander Mountains,Chesapeake,VA,85345,Terry County,28.370864,-110.830093,Washington DC Metro
LOC-3060,4899 Thomas Falls Suite 991,Columbus,GA,99611,Nguyen County,32.58432,-88.175031,Atlanta Metro
LOC-3061,0029 Jay Square,Columbus,GA,69946,Bryan County,27.000669,-84.90762,Atlanta Metro
LOC-3062,68937 Fisher Estate,Durham,NC,30511,Brown County,32.434302,-117.142881,Charlotte Metro
LOC-3063,841 Porter Corner Apt. 918,Ann Arbor,MI,43708,Adams County,31.169079,-100.843228,Detroit Metro
LOC-3064,95617 Estrada Lakes Suite 892,Bethlehem,PA,50721,Moore County,39.061679,-98.885816,Philadelphia Metro
LOC-3065,2858 Barnett Ways Suite 302,Virginia Beach,VA,16530,Saunders County,29.750533,-82.025316,Washington DC Metro
LOC-3066,335 Amy Mill,San Antonio,TX,14933-6362,Rose County,38.238966,-86.824162,Dallas-Fort Worth Metro
LOC-3067,53596 Washington Estate Suite 847,Orlando,FL,80968,Adams County,29.94423,-79.979277,Miami Metro
LOC-3068,550 Cohen Pike Apt. 101,akron,OH,92369,Lutz County,30.842915,-86.670311,Columbus Metro
LOC-3069,088 Sarah Neck Suite 645,Lakewood,NJ,14402,Christensen County,43.253579,,New York Metro
LOC-3070,105 Daniel Points Suite 797,Tempe,AZ,38727,Lara County,30.566249,-78.71005,Phoenix Metro
LOC-3071,7619 Sean Valleys Suite 636,Richmond,VA,55340,Floyd County,31.269009,-73.797182,Washington DC Metro
LOC-3072,5333 Roth Mills Suite 963,fort collins,CO,67333,Gonzalez County,31.14844,-81.3789,Denver Metro
LOC-3073,226 Wayne Ridges Apt. 502,Jacksonville,FL,92460,Robinson County,29.742833,-71.264807,Miami Metro
LOC-3074,87345 Marcus Expressway Apt. 940,Detroit,MI,30074,Flores County,43.883268,-104.105623,Detroit Metro
LOC-3075,7260 Lin Row,Jersey City,NJ,57766,Elliott County,28.926387,-119.126995,New York Metro
LOC-3076,145 Hayes Lodge,Scranton,PA,95066,Gray County,,-109.983692,Philadelphia Metro
LOC-3077,198 Scott Hills Suite 366,Bethlehem,PA,28187-3600,Diaz County,33.884379,-100.243256,Philadelphia Metro
LOC-3078,885 Drake Parkways Suite 571,Toledo,OH,44995,Sanchez County,34.094752,-98.588771,Columbus Metro
LOC-3079,4961 Sanchez Port Suite 257,Chandler,AZ,20772,King County,45.555344,-84.272861,Phoenix Metro
LOC-3080,4372 Donald Parkways Suite 877,San Antonio,TX,58539-5543,Wood County,31.875513,-78.77247,Dallas-Fort Worth Metro
LOC-3081,189 Rivera Park,Yonkers,NY,46122,Watkins County,29.090389,-80.717879,New York Metro
LOC-3082,29000 Lawrence Island,Paterson,NJ,72373,Mitchell County,35.23365,-104.021217,New York Metro
LOC-3083,3658 Mitchell Islands,sacramento,CA,52748,Daniel County,39.093412,-87.027396,Los Angeles Metro
LOC-3084,344 Kelly Crossroad,Aurora,IL,66611,Heath County,40.116582,-118.19463,Chicago Metro
LOC-3085,23933 Kim Track Suite 533,Orlando,FL,86318,Watson County,39.087305,-72.837096,Miami Metro
LOC-3086,597 Cantu View,Norfolk,VA,24752,Richards County,33.278666,-97.562666,Washington DC Metro
LOC-3087,628 Jessica Crest,Los  Angeles,CA,53650,Wheeler County,35.633904,-75.04793,Los Angeles Metro
LOC-3088,787 Chen Parkways,Aurora,IL,96410,Pearson County,37.340871,-116.390963,Chicago Metro
LOC-3089,737 Wright Radial,Greensboro,NC,23613,Frederick County,31.21836,-68.914982,Charlotte Metro
LOC-3090,98366 Johnson Parks Suite 855,Akron,OH,95026,Cherry County,29.921924,-86.084094,Columbus Metro
LOC-3091,445 Scott Dam,Greensboro,NC,55812,Burke County,44.181767,-85.573389,Charlotte Metro
LOC-3092,010 Salazar Station,Erie,PA,49506,White County,33.328884,-95.409649,Philadelphia Metro
LOC-3093,5278 Michael Lights,Sarasota,FL,79586,Young County,31.037303,-87.504323,Miami Metro
LOC-3094,415 Porter Cliff Suite 753,Buffalo,NY,95878,Silva County,39.675924,-98.689743,New York Metro
LOC-3095,45819 Lambert Parkways Suite 075,Joliet,IL,68273,Joseph County,27.208368,-82.416601,Chicago Metro
LOC-3096,805 Judith Junction,Hampton,VA,42185,Montgomery County,27.863168,-104.08993,Washington DC Metro
LOC-3097,68395 Kayla Streets Apt. 513,San Jose,CA,75446,Christian County,33.575856,-80.304756,Los Angeles Metro
LOC-3098,672 Kimberly Place Apt. 568,Syracuse,NY,2320,Allen County,35.582699,-88.900843,New York Metro
LOC-3099,27853 Carroll Via Apt. 149,Seattle,WA,14622,Jackson County,35.580274,-78.937075,Seattle Metro
LOC-3100,71730 Barker Port,Durham,NC,33343,Johnson County,32.189825,-85.245468,Charlotte Metro
LOC-3101,306 Vega Parkway Apt. 681,El Paso,TX,85799,Henderson County,30.436067,-92.668397,Dallas-Fort Worth Metro
LOC-3102,86656 Sarah Mountains,Savannah,GA,56260,Castillo County,43.183494,-96.251999,Atlanta Metro
LOC-3103,573 Roberts Valleys Apt. 577,Tacoma,WA,87902,Mccullough County,36.248145,-98.096089,Seattle Metro
LOC-3104,0402 Barker Unions,PEORIA,IL,38001,Goodman County,32.944337,,Chicago Metro
LOC-3105,85587 Jason Oval,aurora,IL,71354,Gordon County,32.127412,-95.927563,Chicago Metro
LOC-3106,2080 Keith Crescent Apt. 415,Toledo,OH,39493,Brown County,41.382152,-82.550742,Columbus Metro
LOC-3107,493 Richard Bridge Apt. 611,Denver,CO,45131,Cooper County,25.513974,-83.89516,Denver Metro
LOC-3108,661 Deborah Brook Suite 750,FRESNO,CA,69805,Williams County,30.251528,-103.240299,Los Angeles Metro
LOC-3109,8408 David Neck Apt. 699,Cary,NC,13301,Maldonado County,47.409117,-104.465807,Charlotte Metro
LOC-3110,9493 Kim Keys Apt. 363,Yonkers,NY,87502,Hart County,41.273466,-78.4046,New York Metro
LOC-3111,7224 Nguyen Pass Apt. 708,Bellevue,WA,N/A,Blair County,43.635701,-85.683509,Seattle Metro
LOC-3112,1424 Lucas Well,Miami,FL,96202,Logan County,44.934955,-78.109071,Miami Metro
LOC-3113,3900 Jordan Forest Apt. 488,Macon,GA,84397,Lloyd County,28.375175,-105.010638,Atlanta Metro
LOC-3114,2514 Grace Lane Apt. 709,Redmond,WA,44616,Riley County,31.275513,-71.861327,Seattle Metro
LOC-3115,17098 Paige Lodge Apt. 303,Lakewood,NJ,47540,Hodge County,27.515635,-118.439323,New York Metro
LOC-3116,9128 Michael Courts Suite 454,Tempe,AZ,54906-7259,Pennington County,46.191427,-113.307926,Phoenix Metro
LOC-3117,57312 Robinson Coves Apt. 769,Miami,FL,94943,Mason County,27.306148,-90.192615,Miami Metro
LOC-3118,29579 Freeman Lakes Apt. 809,Akron,OH,23070,Holland County,45.649606,-74.868546,Columbus Metro
LOC-3119,73315 Davis Manors Apt. 426,Jersey City,NJ,19764,Pace County,37.011234,-112.695403,New York Metro
LOC-3120,4716 Johnson Greens,Denver,CO,68053,Baker County,29.762353,-101.81746,Denver Metro
LOC-3121,2644 Fleming Parkway,Arvada,CO,48152,Singh County,,-82.25807,Denver Metro
LOC-3122,694 Scott Shoals,Elizabeth,NJ,81232,Nunez County,35.695738,,New York Metro
LOC-3123,78049 Poole Dale,Dayton,OH,18608,Smith County,29.267461,-118.652879,Columbus Metro
LOC-3124,373 Galvan Street,Cary,NC,8352,Martin County,31.8955,-95.442779,Charlotte Metro
LOC-3125,6074 Larry Green,New Rochelle,NY,60740,Kirk County,40.049851,-78.636819,New York Metro
LOC-3126,26135 Justin Islands Suite 561,Chicago,IL,20920,Hawkins County,32.426729,-72.346181,Chicago Metro
LOC-3127,2138 Mcmillan Wall,Sacramento,CA,42790,Watts County,38.089941,-68.980401,Los Angeles Metro
LOC-3128,09542 Mejia Way Suite 505,Newark,NJ,27129,Morales County,40.226085,-117.473918,New York Metro
LOC-3129,482 Samuel Mountains,Los Angeles,CA,58989,Jones County,27.296344,-101.364955,Los Angeles Metro
LOC-3130,34029 Tracy Cove Apt. 267,Atlanta,GA,N/A,Moore County,32.638618,-109.943637,Atlanta Metro
LOC-3131,26277 Gonzales Mews,Dayton,OH,54686,Macias County,34.23517,-123.803505,Columbus Metro
LOC-3132,819 Farmer Plain Suite 749,hampton,VA,76852,Parks County,43.231347,-94.679254,Washington DC Metro
LOC-3133,9931 Robert Key Suite 266,Grand Rapids,MI,58241,Wagner County,42.388123,-76.829303,Detroit Metro
LOC-3134,536 Merritt Rue,newark,NJ,57459,Mason County,45.363959,-105.402529,New York Metro
LOC-3135,31613 Timothy Ranch,Aurora,CO,38530,Smith County,41.238424,-117.039289,Denver Metro
LOC-3136,0388 Jaime Cove,Chicago,IL,21590,Pena County,37.490836,-113.204295,Chicago Metro
LOC-3137,016 Ramirez Viaduct,Edison,NJ,84221,Smith County,46.429833,-104.684138,New York Metro
LOC-3138,2801 Vincent Villages,San Antonio,TX,20675,Steele County,41.082954,-113.042002,Dallas-Fort Worth Metro
LOC-3139,11543 Stephens Court Suite 734,Denver,CO,49775-5155,Lamb County,,-84.177118,Denver Metro
LOC-3140,106 Smith Manor Apt. 365,Cincinnati,OH,40390,Brown County,39.517525,-90.335991,Columbus Metro
LOC-3141,26224 Arnold Rapids Apt. 251,Greensboro,NC,83053,Little County,44.152752,-97.92221,Charlotte Metro
LOC-3142,1350 Martinez Circle,Los Angeles,CA,39417,Moreno County,46.660074,-86.604861,Los Angeles Metro
LOC-3143,57997 Ralph Station,Richmond,VA,97594,Gilbert County,44.383447,-87.573993,Washington DC Metro
LOC-3144,99752 Schmidt Manor,Buffalo,NY,86040,Cantu County,42.213588,-82.813947,New York Metro
LOC-3145,368 Kathryn Point,Columbus,GA,N/A,Conrad County,25.007413,-93.057827,Atlanta Metro
LOC-3146,40737 Brian Spur,Warren,MI,67512,Beltran County,29.995981,-117.327144,Detroit Metro
LOC-3147,3903 Carrie Drives,Oakland,CA,47946,Johnson County,26.18368,-90.121965,Los Angeles Metro
LOC-3148,6260 Smith Fall,Bethlehem,PA,49176,Mercer County,34.511801,-117.310081,Philadelphia Metro
LOC-3149,4857 Bryan Extension Suite 381,Sterling Heights,MI,68926,Preston County,40.493051,-103.987682,Detroit Metro
LOC-3150,93229 Lambert Extensions,Flint,MI,31812,Maynard County,38.26215,-107.125533,Detroit Metro
LOC-3151,0149 Andrea Vista Suite 754,Newark,NJ,8601,Young County,36.671825,-69.471619,New York Metro
LOC-3152,864 Greene Motorway,richmond,VA,66868,Payne County,38.573053,-89.94483,Washington DC Metro
LOC-3153,9246 Ricardo Rapid,Hampton,VA,38637,Houston County,46.424224,-79.438097,Washington DC Metro
LOC-3154,5550 Decker Junction,Chandler,AZ,69797,Stephens County,33.61546,-121.669828,Phoenix Metro
LOC-3155,0077 Christina Center Apt. 172,Arvada,CO,59315,Davis County,35.774025,-113.526955,Denver Metro
LOC-3156,59804 Jason Creek,Atlanta,GA,2119,Drake County,35.069511,-110.413316,Atlanta Metro
LOC-3157,696 Smith Causeway Apt. 460,Sterling Heights,MI,96597,Davis County,34.357932,-68.89036,Detroit Metro
LOC-3158,52062 Lisa Lights,Buffalo,NY,99707,Brown County,30.562697,-79.095769,New York Metro
LOC-3159,64266 Jerry Light,Rochester,NY,12956,Davis County,43.731093,-73.292971,New York Metro
LOC-3160,231 Caleb Corner,Akron,OH,43893,Vazquez County,40.641172,-123.868551,Columbus Metro
LOC-3161,945 Morse Glen,Rochester,NY,61352,Williams County,28.23322,-106.585327,New York Metro
LOC-3162,950 Carly Station,Sandy Springs,GA,14326,Smith County,44.814175,-108.900638,Atlanta Metro
LOC-3163,7352 Cuevas Lakes Suite 176,Allentown,PA,54648,Allen County,27.678302,-91.016535,Philadelphia Metro
LOC-3164,1302 Linda Pine,Seattle,WA,57462,Logan County,32.153419,-115.839163,Seattle Metro
LOC-3165,1066 Newton Brooks Apt. 492,Savannah,GA,49673,Rasmussen County,33.398761,-78.35928,Atlanta Metro
LOC-3166,7741 Carpenter Land Suite 175,Akron,OH,68540,Lee County,25.6305,-113.715703,Columbus Metro
LOC-3167,799 Benson Springs,Orlando,FL,19851,Mack County,25.786201,-72.737989,Miami Metro
LOC-3168,1587 Richard Stream,Reading,PA,64356,Spencer County,46.882672,-79.785906,Philadelphia Metro
LOC-3169,71511 Jonathan Stream,Athens,GA,73443,Baker County,45.367604,-95.667407,Atlanta Metro
LOC-3170,8454 Gonzales Club,Peoria,IL,50594,Herman County,43.335682,-114.100175,Chicago Metro
LOC-3171,1741 Faith Locks,Edison,NJ,N/A,Harper County,25.191865,-112.902207,New York Metro
LOC-3172,0857 James Avenue Apt. 176,sacramento,CA,52491-1677,Andrade County,29.112341,-96.202912,Los Angeles Metro
LOC-3173,0613 Daniel Spring,San Francisco,CA,95994,Martinez County,26.892188,-73.415522,Los Angeles Metro
LOC-3174,318 Spencer Burgs,Chicago,IL,79445,Pineda County,28.162249,-74.701363,Chicago Metro
LOC-3175,9656 Smith Circles Apt. 542,Joliet,IL,71140,Harrington County,42.013593,-79.54462,Chicago Metro
LOC-3176,782 Jones Manor,Edison,NJ,46146,Berg County,26.168418,-74.539894,New York Metro
LOC-3177,2411 Johns Mountains,Arvada,CO,81152,Stewart County,43.515216,-112.505198,Denver Metro
LOC-3178,662 Browning Pines Apt. 230,Augusta,GA,82796,Newman County,37.3029,-87.276944,Atlanta Metro
LOC-3179,11684 Brown Path Suite 159,Mesa,AZ,87911,Hernandez County,28.09539,-96.330686,Phoenix Metro
LOC-3180,665 Calvin Terrace Suite 464,Reading,PA,91390,Nguyen County,25.160248,-103.195993,Philadelphia Metro
LOC-3181,64950 Johnson Islands,Athens,GA,73358,Brewer County,25.637302,-116.639785,Atlanta Metro
LOC-3182,13713 Davidson Summit Apt. 107,Arlington,TX,82051,Daniels County,33.115127,-110.418329,Dallas-Fort Worth Metro
LOC-3183,786 Chavez Lane,macon,GA,45212,Brown County,44.572923,-81.024802,Atlanta Metro
LOC-3184,41544 Torres Parks,Detroit,MI,92789,Allen County,46.033169,-77.798417,Detroit Metro
LOC-3185,359 Wright Trace Suite 016,Bellevue,WA,20915,Shaw County,28.792095,-122.894356,Seattle Metro
LOC-3186,53175 Jonathan Avenue Apt. 701,Fort Collins,CO,24509,Barr County,47.152961,-71.859803,Denver Metro
LOC-3187,596 Adams Brook,Tucson,AZ,30768,Rojas County,32.954022,-119.455479,Phoenix Metro
LOC-3188,90550 Webb Ports Apt. 818,Dallas,TX,85380,Adams County,47.260465,-71.848777,Dallas-Fort Worth Metro
LOC-3189,6806 Joyce Rest,Thornton,CO,70435,Obrien County,45.282976,-109.30067,Denver Metro
LOC-3190,1611 Hensley Camp,Paterson,NJ,91610,Burnett County,36.934517,-114.606918,New York Metro
LOC-3191,78908 Phillip Union Apt. 112,Atlanta,GA,63228,Choi County,44.582421,-111.300374,Atlanta Metro
LOC-3192,9592 Kimberly Estates,Oakland,CA,8488,Clark County,43.539857,,Los Angeles Metro
LOC-3193,56772 Smith Spurs,Aurora,IL,86176,Erickson County,47.103201,-88.2904,Chicago Metro
LOC-3194,561 Thompson Mount,SAN JOSE,CA,56443,Lyons County,35.991292,-116.735646,Los Angeles Metro
LOC-3195,34277 Douglas Island Suite 374,Hampton,VA,28143,White County,31.019078,-115.233986,Washington DC Metro
LOC-3196,420 Lopez Mill,GRAND RAPIDS,MI,21079,Wheeler County,31.173892,-76.6795,Detroit Metro
LOC-3197,1587 Christina Ridges Suite 250,Paterson,NJ,N/A,Madden County,41.347122,-81.127899,New York Metro
LOC-3198,253 Michelle Ports Suite 587,Chicago,IL,53025,Snyder County,,-123.27335,Chicago Metro
LOC-3199,4273 Richards Motorway,Aurora,IL,39199,Hernandez County,32.58906,-93.933174,Chicago Metro
LOC-3200,1292 John Cove,Aurora,IL,80609,Garcia County,44.183475,-69.118851,Chicago Metro
LOC-3201,30107 Lopez Track,Dayton,OH,73084,Rhodes County,43.336758,-119.302061,Columbus Metro
LOC-3202,6948 Dawson Wells,Oakland,CA,66528,Garcia County,28.761093,-106.831893,Los Angeles Metro
LOC-3203,22320 Floyd Pine,philadelphia,PA,36580,Goodwin County,37.943655,-91.244987,Philadelphia Metro
LOC-3204,94391 Timothy Pine Suite 878,Cincinnati,OH,63291-6107,Harris County,31.925439,-98.258224,Columbus Metro
LOC-3205,31682 Nicholas Center,Chesapeake,VA,96331,Black County,41.431167,-107.804009,Washington DC Metro
LOC-3206,1519 Charles Mission,Sterling Heights,MI,18017,Kirby County,35.186117,-103.269969,Detroit Metro
LOC-3207,9883 James Route Suite 738,Syracuse,NY,40303,Martinez County,34.205647,-122.904191,New York Metro
LOC-3208,70494 Jackson Ville,Kirkland,WA,34015,Diaz County,40.844462,-114.052504,Seattle Metro
LOC-3209,77005 Samantha Islands Apt. 348,Erie,PA,76970-4626,Cummings County,30.664286,-70.747536,Philadelphia Metro
LOC-3210,082 Zachary Islands,Lakewood,NJ,16615,Brown County,30.290064,-106.317109,New York Metro
LOC-3211,847 Vargas Plaza,Vancouver,WA,12836,Gallagher County,37.390874,-113.119987,Seattle Metro
LOC-3212,753 Jones Landing Suite 415,Buffalo,NY,52493,Henson County,34.194506,-116.845731,New York Metro
LOC-3213,07066 Becker Park,Phoenix,AZ,21766,Brown County,33.199379,-93.543679,Phoenix Metro
LOC-3214,31191 Terry Cove Suite 530,Springfield,IL,16858,Larson County,28.50319,-87.085074,Chicago Metro
LOC-3215,13403 Vasquez Club Suite 037,Erie,PA,20314,Armstrong County,28.594197,-77.658303,Philadelphia Metro
LOC-3216,61892 Paula Heights,Syracuse,NY,14665,Mercer County,42.72598,-119.70404,New York Metro
LOC-3217,207 Lindsay Lock Apt. 474,Chesapeake,VA,55782,Martinez County,30.133917,-84.750741,Washington DC Metro
LOC-3218,473 Michael Turnpike Suite 065,Seattle,WA,N/A,Davenport County,40.91615,-75.075674,Seattle Metro
LOC-3219,3679 David Via,San Antonio,TX,40227,Cole County,36.843415,-86.973078,Dallas-Fort Worth Metro
LOC-3220,095 Dunn Shore,Oakland,CA,25771,Booker County,28.084941,-75.431774,Los Angeles Metro
LOC-3221,55081 Ryan Union,Paterson,NJ,66698,Pineda County,,-74.181954,New York Metro
LOC-3222,5657 Madison Mission Suite 420,austin,TX,3016,Booker County,38.963608,-86.406764,Dallas-Fort Worth Metro
LOC-3223,51556 Salinas Harbors Apt. 920,Elizabeth,NJ,70369,Wilson County,32.039655,-84.907199,New York Metro
LOC-3224,759 Austin Burg Apt. 341,lakewood,CO,8770,Turner County,26.01502,-71.761743,Denver Metro
LOC-3225,8067 Ashley Ville,ARLINGTON,TX,38383,Scott County,36.16862,-94.733678,Dallas-Fort Worth Metro
LOC-3226,5484 Theresa Bridge Apt. 400,grand rapids,MI,61214,Carter County,33.875096,-110.14484,Detroit Metro
LOC-3227,5497 Rice Forest Suite 875,Durham,NC,56178-6787,Jackson County,46.44972,-70.93507,Charlotte Metro
LOC-3228,48992 Foster Dale Suite 760,Fresno,CA,53787,Miller County,42.451144,-93.430739,Los Angeles Metro
LOC-3229,079 Rodgers Corners,charlotte,NC,30458,Huerta County,28.601639,-123.898677,Charlotte Metro
LOC-3230,16525 Angela Crest,Woodbridge,NJ,48061,Richardson County,39.542293,-97.888221,New York Metro
LOC-3231,043 Matthew Brooks Suite 174,Athens,GA,13772,Jones County,30.104737,-80.187148,Atlanta Metro
LOC-3232,477 Humphrey Viaduct Apt. 032,Cary,NC,92419,Haynes County,33.538252,-87.432036,Charlotte Metro
LOC-3233,767 Francis Inlet,Raleigh,NC,20411,Richmond County,36.058537,-91.834977,Charlotte Metro
LOC-3234,8444 Wheeler Haven,Fayetteville,NC,58834-6531,Diaz County,42.545814,-73.086721,Charlotte Metro
LOC-3235,4183 William Trail,Columbus,OH,89641,Jones County,43.883617,-112.187991,Columbus Metro
LOC-3236,72447 Kimberly Mount,fort worth,TX,92027,Goodman County,,-70.876134,Dallas-Fort Worth Metro
LOC-3237,144 Smith Avenue Suite 658,Reading,PA,55364,Scott County,42.4437,-111.8061,Philadelphia Metro
LOC-3238,92488 Castro Row Suite 376,Macon,GA,98736,Wade County,33.706147,-84.811769,Atlanta Metro
LOC-3239,4973 Schmidt Islands Apt. 425,Sarasota,FL,58650,Rodriguez County,36.05119,-115.239161,Miami Metro
LOC-3240,716 Melanie Ports,Newark,NJ,59145,Griffin County,31.671664,-105.688756,New York Metro
LOC-3241,7666 Heather Common Apt. 935,Rockford,IL,76490,Martin County,41.558187,-86.048945,Chicago Metro
LOC-3242,59931 Graham Prairie Suite 085,Syracuse,NY,62620,Fisher County,30.448736,-94.929892,New York Metro
LOC-3243,9105 Gross Forest Suite 704,cleveland,OH,46975,Foley County,30.054457,-85.738722,Columbus Metro
LOC-3244,7140 Ballard Vista Suite 025,Aurora,IL,90620,Ferrell County,46.547283,-67.802799,Chicago Metro
LOC-3245,155 Scott Haven,Chicago,IL,84467,Johnson County,39.807814,-106.096761,Chicago Metro
LOC-3246,5256 Tracy Grove Suite 555,Fort Lauderdale,FL,35513,Mckinney County,37.002986,-78.488507,Miami Metro
LOC-3247,6335 Mata Alley Suite 095,Macon,GA,6298,Crane County,28.816473,-109.760733,Atlanta Metro
LOC-3248,727 Anderson Road,Chicago,IL,71354,Mann County,44.504158,-69.653129,Chicago Metro
LOC-3249,6958 Brown Stravenue,Reading,PA,15698,Peters County,27.352647,-94.554783,Philadelphia Metro
LOC-3250,66036 Shepherd Plains Apt. 276,Charlotte,NC,64108,Maldonado County,25.999224,-93.090897,Charlotte Metro
LOC-3251,8294 Heather Cape Apt. 796,Grand Rapids,MI,82525,Pham County,31.334451,-87.81152,Detroit Metro
LOC-3252,3777 Taylor Overpass Apt. 649,Spokane,WA,52779,Cooley County,33.990885,-105.591332,Seattle Metro
LOC-3253,3695 Melissa Spur,Mesa,AZ,3035,Ruiz County,28.681626,-68.306382,Phoenix Metro
LOC-3254,9250 Paul Cliffs,Winston-Salem,NC,35086,Bailey County,30.619276,-97.695101,Charlotte Metro
LOC-3255,079 Jared Neck Apt. 081,San Francisco,CA,24401,Gonzalez County,25.726022,-115.307524,Los Angeles Metro
LOC-3256,902 Stacey Neck Suite 326,Seattle,WA,25928,Andrews County,,-91.296069,Seattle Metro
LOC-3257,9418 Christopher Light,Joliet,IL,22126,Chambers County,38.060801,-81.571642,Chicago Metro
LOC-3258,911 Ashley Hills Suite 403,Redmond,WA,51330,Jones County,33.702397,-86.506682,Seattle Metro
LOC-3259,287 Jose Knolls,Richmond,VA,82379,Lawrence County,29.862623,-120.386739,Washington DC Metro
LOC-3260,20339 Victoria Rapids,Chicago,IL,19143,Crane County,27.54988,-75.101676,Chicago Metro
LOC-3261,694 Jay Highway Apt. 837,Chicago,IL,54801,Howard County,41.040374,-110.807015,Chicago Metro
LOC-3262,88463 Ball Garden Suite 850,Scottsdale,AZ,50595,Moss County,,-103.413967,Phoenix Metro
LOC-3263,277 Gabriela Common,Seattle,WA,60645,Cowan County,31.80598,-77.400892,Seattle Metro
LOC-3264,62505 Gonzalez Manors,San  Francisco,CA,56358,Ramos County,33.963686,-106.061958,Los Angeles Metro
LOC-3265,4837 Ralph Point,Columbus,GA,71917,Higgins County,43.182868,-98.065345,Atlanta Metro
LOC-3266,388 Valencia Common Apt. 867,Chandler,AZ,91033,Martin County,39.109048,-68.734155,Phoenix Metro
LOC-3267,4786 Brett Brook Suite 629,Buffalo,NY,39983,Bennett County,47.302421,-88.952374,New York Metro
LOC-3268,2415 Robinson Shores Apt. 204,CINCINNATI,OH,6050,Smith County,28.860083,-80.73258,Columbus Metro
LOC-3269,071 Dennis Trail,El Paso,TX,15960,Ballard County,46.285572,-101.395086,Dallas-Fort Worth Metro
LOC-3270,370 Robert Mill,Houston,TX,88978,Rice County,32.642607,-100.800789,Dallas-Fort Worth Metro
LOC-3271,9635 Johnson Prairie,Columbus,OH,4783,Clark County,31.460673,-107.436194,Columbus Metro
LOC-3272,10158 Wood Mills,Rockford,IL,93306,Bridges County,43.775097,-90.316305,Chicago Metro
LOC-3273,70017 Bradley Course,Atlanta,GA,42303,Stein County,27.450045,-67.671015,Atlanta Metro
LOC-3274,6073 Jackson Cove Suite 373,Atlanta,GA,68263,Young County,46.982373,-74.887512,Atlanta Metro
LOC-3275,010 Donna Highway Apt. 621,Aurora,CO,36475,Wilcox County,46.487337,-98.683381,Denver Metro
LOC-3276,40061 Alexandria Isle,San  Antonio,TX,65459,Nelson County,47.832111,-108.152176,Dallas-Fort Worth Metro
LOC-3277,0251 Wright Plains Apt. 471,Naperville,IL,56749,Brown County,38.614116,-98.478882,Chicago Metro
LOC-3278,45015 Sandra Station,Edison,NJ,84009,Rodriguez County,47.653319,-71.239787,New York Metro
LOC-3279,602 Sullivan Tunnel Apt. 477,Detroit,MI,9909,Lawson County,29.855666,,Detroit Metro
LOC-3280,54856 Logan Keys Apt. 422,ARVADA,CO,90896,Collins County,38.470331,-113.733598,Denver Metro
LOC-3281,69486 Kimberly Trace Suite 541,Yonkers,NY,24636,Rodgers County,39.108742,-87.087115,New York Metro
LOC-3282,7114 Patrick Land,Augusta,GA,49772,Oconnell County,40.972824,-115.17809,Atlanta Metro
LOC-3283,97557 Angela Locks,Orlando,FL,83420,Vasquez County,44.453343,-102.5614,Miami Metro
LOC-3284,0444 Rachel Harbors Apt. 942,Scottsdale,AZ,72804,Goodman County,33.924467,-98.165603,Phoenix Metro
LOC-3285,088 Holly Vista Apt. 151,Colorado Springs,CO,36313,Perez County,45.574563,-96.548512,Denver Metro
LOC-3286,68497 Kelly Glens Apt. 698,sacramento,CA,57688,Wilson County,27.329167,-74.255324,Los Angeles Metro
LOC-3287,76817 Bradley Place,Miami,FL,25916,Miller County,32.797027,-101.587516,Miami Metro
LOC-3288,65972 Caitlin Run Suite 661,Rochester,NY,61530,Vega County,29.798396,-90.225812,New York Metro
LOC-3289,1715 Anthony Park Suite 017,Austin,TX,92364,Bailey County,33.294242,-123.720553,Dallas-Fort Worth Metro
LOC-3290,800 Gaines Plaza,Rochester,NY,72316,Wright County,47.590342,-82.71498,New York Metro
LOC-3291,5761 Mccall Orchard Apt. 667,Newport News,VA,57463,Anderson County,38.899745,-75.422057,Washington DC Metro
LOC-3292,228 Kevin Way,Colorado Springs,CO,1702,Wilson County,40.336611,-79.325017,Denver Metro
LOC-3293,92152 Crane Summit,KIRKLAND,WA,52821,Cox County,34.551397,-75.772985,Seattle Metro
LOC-3294,336 Buck Harbors Apt. 891,Tacoma,WA,91721,Jackson County,26.883715,,Seattle Metro
LOC-3295,9944 Burton Trail,Woodbridge,NJ,28341,Myers County,29.443998,-75.339417,New York Metro
LOC-3296,22562 Amanda Mall,ANN ARBOR,MI,99181,Davis County,45.46211,-83.593535,Detroit Metro
LOC-3297,802 Henry Shoals,Orlando,FL,38580-5320,Johnson County,40.302142,-93.834158,Miami Metro
LOC-3298,2063 Brown Landing,Sandy Springs,GA,64092,Ho County,46.589847,-68.742655,Atlanta Metro
LOC-3299,151 Kim Lane Apt. 662,Orlando,FL,79508,Haas County,45.212088,-122.803498,Miami Metro
LOC-3300,8636 David Lake Apt. 687,Richmond,VA,25933,Lopez County,26.452002,-88.107493,Washington DC Metro
LOC-3301,92254 Williams Plaza,San Francisco,CA,44314,Gamble County,40.876392,-99.127369,Los Angeles Metro
LOC-3302,9409 Hansen Mountain,Scranton,PA,18666,Weiss County,35.636153,-108.386842,Philadelphia Metro
LOC-3303,83410 Danielle Mews Suite 584,Bellevue,WA,84916,Robertson County,40.147552,-68.281882,Seattle Metro
LOC-3304,930 Joshua Circle,Naples,FL,69534,Perez County,29.020512,-73.380384,Miami Metro
LOC-3305,608 Clay Lights Suite 937,Flint,MI,52058,Watson County,28.804564,-113.369496,Detroit Metro
LOC-3306,4790 Adkins View,Tacoma,WA,99626,Sanchez County,42.482774,-109.846184,Seattle Metro
LOC-3307,0278 Ernest Motorway Suite 451,Kirkland,WA,67017,Cuevas County,45.058488,-73.623757,Seattle Metro
LOC-3308,050 Patty Plains,buffalo,NY,4375,Pennington County,41.273246,-122.602257,New York Metro
LOC-3309,5473 Amber Falls Suite 406,Mesa,AZ,55576,Moore County,40.1783,-84.427641,Phoenix Metro
LOC-3310,507 Maxwell Fork,Norfolk,VA,79552,White County,39.024246,-114.211365,Washington DC Metro
LOC-3311,285 Luis Land Apt. 135,Miami,FL,44923,Moore County,46.93547,-97.326162,Miami Metro
LOC-3312,17887 Smith Lake Apt. 391,Richmond,VA,12947,Wiley County,29.376022,-95.002964,Washington DC Metro
LOC-3313,80514 David Station Apt. 740,Fort Lauderdale,FL,96231,Madden County,38.0588,-96.086765,Miami Metro
LOC-3314,56993 Leah Drives Suite 692,Arvada,CO,88858,Mueller County,47.465155,-75.395249,Denver Metro
LOC-3315,994 Perez Mountain Apt. 092,Lansing,MI,43404,Craig County,31.196944,-119.135711,Detroit Metro
LOC-3316,90605 Gonzalez Valleys,toledo,OH,79167,Williams County,47.109917,-101.602142,Columbus Metro
LOC-3317,41373 Gilbert Dam,Houston,TX,82825,Brewer County,44.553733,,Dallas-Fort Worth Metro
LOC-3318,366 Kane Meadows,San Diego,CA,4266,Evans County,46.797858,-84.132756,Los Angeles Metro
LOC-3319,3145 Watson Manor Apt. 508,Springfield,IL,77014,Silva County,47.115618,-76.202053,Chicago Metro
LOC-3320,6318 Williamson Prairie,Fort Collins,CO,78380,Mendoza County,26.914165,-87.709428,Denver Metro
LOC-3321,30230 Moore Views Apt. 338,Bethlehem,PA,81403,Warren County,,-97.099635,Philadelphia Metro
LOC-3322,96025 Cheryl Station,Phoenix,AZ,28052,Hopkins County,30.827839,-85.615176,Phoenix Metro
LOC-3323,40043 Hickman Meadow Suite 707,Athens,GA,37438,Pearson County,32.503684,-115.050421,Atlanta Metro
LOC-3324,27578 Farley Flats Suite 805,Philadelphia,PA,1255,Harris County,33.35894,-119.396449,Philadelphia Metro
LOC-3325,80882 James Walk Apt. 970,Newport News,VA,26894,Davis County,45.17361,-112.1445,Washington DC Metro
LOC-3326,7707 Garcia Square,Sacramento,CA,41539,Nielsen County,28.531437,-86.710957,Los Angeles Metro
LOC-3327,09863 Stevens Spur,Yonkers,NY,28657,Thompson County,39.714134,-112.742991,New York Metro
LOC-3328,8960 Nicholas Locks,Detroit,MI,85120,Castaneda County,47.004146,-122.282255,Detroit Metro
LOC-3329,79042 Jackson Spring,Richmond,VA,65315,Adams County,43.044871,-89.10367,Washington DC Metro
LOC-3330,068 Erica Ranch Apt. 241,paterson,NJ,37045,Wade County,30.847501,-108.128454,New York Metro
LOC-3331,703 Blake Circle Apt. 480,Columbus,OH,44590,Williamson County,25.098536,-84.910868,Columbus Metro
LOC-3332,448 Pierce Cape Suite 833,reading,PA,53148,Scott County,27.184625,-100.788643,Philadelphia Metro
LOC-3333,672 Brown Courts Apt. 180,Glendale,AZ,10470,Henderson County,,-117.216129,Phoenix Metro
LOC-3334,640 Weeks Rest Suite 430,Edison,NJ,63470,Schmidt County,47.499172,-100.304967,New York Metro
LOC-3335,378 Sandra Row,Austin,TX,53439,Parsons County,41.057011,-84.310094,Dallas-Fort Worth Metro
LOC-3336,1268 Johnson Common,Charlotte,NC,81859,Cook County,35.488669,-98.631942,Charlotte Metro
LOC-3337,8137 Jennifer Haven Apt. 175,SPRINGFIELD,IL,50116,Hughes County,34.305613,-70.510087,Chicago Metro
LOC-3338,7994 Sanchez Village,warren,MI,23960-6400,Rodriguez County,42.85475,-77.426933,Detroit Metro
LOC-3339,3059 Ortiz Dale,Tucson,AZ,81211,Johnson County,29.074871,-121.69852,Phoenix Metro
LOC-3340,78464 Kathryn Isle Suite 746,winston-salem,NC,4118,Waller County,45.894947,-103.55157,Charlotte Metro
LOC-3341,99785 Cooper Crossroad,Charlotte,NC,87726,Stewart County,44.245711,-99.389314,Charlotte Metro
LOC-3342,424 Hart Manors Suite 729,Peoria,IL,33342,White County,45.536092,-103.025357,Chicago Metro
LOC-3343,2267 Williams Shores,Tacoma,WA,57771,Johnson County,29.164073,-105.418856,Seattle Metro
LOC-3344,1382 Love Fort Suite 883,Columbus,GA,88588,Zhang County,44.609563,-117.902438,Atlanta Metro
LOC-3345,89862 Michael Glen,Flint,MI,12401,Henderson County,42.447711,-97.339054,Detroit Metro
LOC-3346,96610 Michael Landing Suite 480,Naperville,IL,N/A,Hansen County,47.938368,-123.967946,Chicago Metro
LOC-3347,71492 Thomas Fort Suite 060,Reading,PA,15108,Williams County,27.507684,-104.128059,Philadelphia Metro
LOC-3348,66460 Jones Rapids,Arlington,TX,59665,Logan County,,-102.570223,Dallas-Fort Worth Metro
LOC-3349,09166 Davenport Ramp,Joliet,IL,19220,Salas County,36.674508,-91.067275,Chicago Metro
LOC-3350,4300 Thomas Path Suite 627,New York,NY,74991,Acosta County,45.757589,-81.793006,New York Metro
LOC-3351,52258 Parks Views,Ann Arbor,MI,72805,Gonzalez County,44.786901,-90.119539,Detroit Metro
LOC-3352,21665 Hudson Coves Apt. 708,Aurora,CO,16375,Shelton County,44.694918,-111.441378,Denver Metro
LOC-3353,17134 Danielle Knolls Apt. 064,Winston-Salem,NC,29075,Thompson County,41.879248,-69.095572,Charlotte Metro
LOC-3354,4349 Farmer Loop Suite 265,Akron,OH,81578,Brown County,30.938661,-110.613432,Columbus Metro
LOC-3355,47741 Wendy Bridge Apt. 859,New York,NY,8451,Wiley County,25.093675,-110.47892,New York Metro
LOC-3356,887 Howard Route,Flint,MI,95652,Mccullough County,42.982177,-106.179923,Detroit Metro
LOC-3357,9204 Emily Islands Apt. 823,Peoria,IL,N/A,Williams County,47.149247,-98.24173,Chicago Metro
LOC-3358,4303 Carrie Park,Richmond,VA,93918,Ellis County,32.897276,-86.711047,Washington DC Metro
LOC-3359,4332 Reed Motorway Suite 740,Reading,PA,6124,Phillips County,43.40764,-109.230413,Philadelphia Metro
LOC-3360,2464 Hernandez Ways Apt. 419,Raleigh,NC,77597,Pope County,39.413517,-83.493608,Charlotte Metro
LOC-3361,1009 Hansen Highway Apt. 982,Bellevue,WA,85012,Riley County,33.369108,-75.260894,Seattle Metro
LOC-3362,64212 Rodney Parkways,Thornton,CO,64609,Bailey County,43.339469,-119.893528,Denver Metro
LOC-3363,24891 Matthew Lakes Suite 999,Tucson,AZ,9876,Davis County,44.343191,-84.474851,Phoenix Metro
LOC-3364,45651 Victoria Fork Suite 344,Newark,NJ,71075,Brown County,33.922378,-73.830799,New York Metro
LOC-3365,080 Castaneda Forge Apt. 395,scranton,PA,9210,Bishop County,36.680805,-111.579016,Philadelphia Metro
LOC-3366,57845 Julia Fords Apt. 282,Yonkers,NY,52145,Jones County,30.434815,-113.221847,New York Metro
LOC-3367,26421 Luis Greens,Fort Lauderdale,FL,15664,Tate County,30.156791,-80.39618,Miami Metro
LOC-3368,7070 Foley Mills,Lakewood,NJ,35633,Johnson County,30.471536,-84.421722,New York Metro
LOC-3369,062 Barnett Ferry Suite 624,Rockford,IL,44404,Reeves County,26.233492,-116.039716,Chicago Metro
LOC-3370,65720 Obrien Center,Atlanta,GA,90265,Scott County,25.767736,-110.147538,Atlanta Metro
LOC-3371,78937 Simpson Isle Apt. 399,Richmond,VA,15492,Howell County,28.42232,-121.665593,Washington DC Metro
LOC-3372,9184 Hill Coves,Albany,NY,44795,Cline County,43.238239,-91.874754,New York Metro
LOC-3373,579 Alison Locks,Arlington,TX,82222,Stokes County,46.324946,-89.96727,Dallas-Fort Worth Metro
LOC-3374,65159 Martin Haven,Woodbridge,NJ,11870,Griffin County,32.473338,-99.056831,New York Metro
LOC-3375,55333 Theresa Mission Apt. 134,Sarasota,FL,80912,Roth County,40.092951,-87.957736,Miami Metro
LOC-3376,1961 Gray Roads Apt. 210,Akron,OH,42549,Pham County,46.546628,-102.854232,Columbus Metro
LOC-3377,78649 Barron View,WARREN,MI,63462,Boyd County,32.655097,-123.622834,Detroit Metro
LOC-3378,05125 William Run Apt. 631,Flint,MI,38362,Mendez County,28.148665,-100.633276,Detroit Metro
LOC-3379,3769 George Point,Detroit,MI,6387,Mcdonald County,36.949618,-84.425988,Detroit Metro
LOC-3380,746 Harold Passage,Dayton,OH,28627,Rhodes County,,-71.039534,Columbus Metro
LOC-3381,3115 Elizabeth Trace Apt. 872,ORLANDO,FL,68212,Villarreal County,32.75465,-122.668265,Miami Metro
LOC-3382,5793 Lance Run,Sacramento,CA,7058,Evans County,41.589949,-69.497414,Los Angeles Metro
LOC-3383,99645 Thompson Greens Apt. 840,San Francisco,CA,37365,Church County,39.066832,-97.945539,Los Angeles Metro
LOC-3384,7157 Elizabeth Loop,Denver,CO,19684,Rice County,29.45366,-110.45277,Denver Metro
LOC-3385,705 Paula Drives,Alexandria,VA,19511,Bailey County,28.62368,-71.567706,Washington DC Metro
LOC-3386,31867 Wendy Neck,Houston,TX,3940,Kelly County,26.955913,-114.119829,Dallas-Fort Worth Metro
LOC-3387,4566 Christine Valley,Lakewood,CO,29047,Powell County,40.004459,-98.665128,Denver Metro
LOC-3388,601 Brown Groves Apt. 401,San Diego,CA,83355,Smith County,41.912777,-93.479473,Los Angeles Metro
LOC-3389,5576 Murray Manor,RALEIGH,NC,35364,Richard County,40.938299,-94.442472,Charlotte Metro
LOC-3390,7329 Castillo Hollow Apt. 050,Dallas,TX,85618,Hamilton County,45.735346,-109.254883,Dallas-Fort Worth Metro
LOC-3391,023 Brian Tunnel Suite 621,Warren,MI,45487,Collins County,25.302242,-91.631513,Detroit Metro
LOC-3392,061 Sampson Isle Apt. 730,Elizabeth,NJ,44769,Morris County,40.979813,-109.347031,New York Metro
LOC-3393,89078 Cynthia Village Suite 293,Erie,PA,82104,Brown County,30.763994,-95.795372,Philadelphia Metro
LOC-3394,50710 Sanders Locks Apt. 367,Atlanta,GA,89429,Brown County,32.315849,-97.318145,Atlanta Metro
LOC-3395,1179 Ramos Meadows,Columbus,OH,90585,Leonard County,38.953265,-69.650741,Columbus Metro
LOC-3396,946 Johnson Road,AKRON,OH,88477,Hughes County,43.322925,-115.642225,Columbus Metro
LOC-3397,749 Wilcox Wall,Alexandria,VA,N/A,Hernandez County,25.617453,-104.528793,Washington DC Metro
LOC-3398,87884 Chavez Port,durham,NC,60750,Ryan County,34.149726,-94.62727,Charlotte Metro
LOC-3399,3759 Andersen Streets,Glendale,AZ,50057,Myers County,47.296525,-91.097975,Phoenix Metro
LOC-3400,74823 Monique Camp Suite 154,Athens,GA,26149,Freeman County,42.502298,-67.187604,Atlanta Metro
LOC-3401,501 Melissa Unions Apt. 672,Rochester,NY,45396-7535,Acosta County,43.211475,-119.169773,New York Metro
LOC-3402,56781 Smith Estate,Fayetteville,NC,12584,Escobar County,25.063551,-83.960277,Charlotte Metro
LOC-3403,6491 Shannon Manor,Kirkland,WA,73687,Conner County,27.36375,-114.278648,Seattle Metro
LOC-3404,423 Nathaniel Port,Virginia Beach,VA,4738,Ortiz County,30.200044,-99.795017,Washington DC Metro
LOC-3405,8131 Michael Passage,Athens,GA,29879,Acosta County,31.754429,-119.255463,Atlanta Metro
LOC-3406,9004 Wheeler Hollow,Houston,TX,84796,Reynolds County,26.178558,-97.268036,Dallas-Fort Worth Metro
LOC-3407,9405 Mark Rapids Apt. 942,chesapeake,VA,3314,Simpson County,26.1055,-104.163112,Washington DC Metro
LOC-3408,192 Clarke Place,Lakewood,NJ,40099,Carlson County,,-122.13199,New York Metro
LOC-3409,860 Serrano Pike,Sterling Heights,MI,91837,Jones County,35.887533,-87.039933,Detroit Metro
LOC-3410,1666 Curtis Trace Suite 294,Mesa,AZ,88531,Martin County,38.68507,-81.337147,Phoenix Metro
LOC-3411,7080 Yang Summit,Tempe,AZ,29837,Irwin County,40.59863,-88.914785,Phoenix Metro
LOC-3412,0497 Dawson Radial,Miami,FL,63013,Proctor County,33.032104,-83.028473,Miami Metro
LOC-3413,724 Arthur Circle Apt. 151,Redmond,WA,58023-4074,Francis County,30.482176,-70.566381,Seattle Metro
LOC-3414,75989 Thompson Drive Suite 947,Chandler,AZ,61835,Barnes County,42.743267,-84.856559,Phoenix Metro
LOC-3415,495 Howard Lake,Alexandria,VA,10628,Jones County,32.365305,-95.704943,Washington DC Metro
LOC-3416,02633 Randolph Village,Rockford,IL,57601,Anderson County,39.153671,-101.713827,Chicago Metro
LOC-3417,7708 Ray Vista,ann arbor,MI,17643,Shelton County,43.848208,-104.767676,Detroit Metro
LOC-3418,239 Figueroa Greens Apt. 448,Fresno,CA,43487,French County,25.616611,-88.819448,Los Angeles Metro
LOC-3419,80115 Woods Rapids,Naperville,IL,51594,Hill County,35.151554,-90.30374,Chicago Metro
LOC-3420,513 Mcgrath Valley,Virginia Beach,VA,77905,Cherry County,40.938575,-119.963242,Washington DC Metro
LOC-3421,75083 Allen Mountain,Akron,OH,97596,Flores County,32.394662,-111.324767,Columbus Metro
LOC-3422,2324 John Drive,Scottsdale,AZ,75546,Davis County,26.203252,-86.432465,Phoenix Metro
LOC-3423,579 Nguyen Mews,Springfield,IL,7971,Martin County,42.46527,-73.569265,Chicago Metro
LOC-3424,3350 Robert Green,Aurora,IL,74925,Gates County,28.087881,-104.908051,Chicago Metro
LOC-3425,8048 Christie Highway Apt. 782,Sarasota,FL,73474,Stone County,37.6054,-118.187446,Miami Metro
LOC-3426,5872 Michelle Summit,Tempe,AZ,71666,Hayes County,30.87385,-82.455897,Phoenix Metro
LOC-3427,58736 Alexandra Land Suite 822,San Diego,CA,42493,Barnes County,47.043447,-96.538599,Los Angeles Metro
LOC-3428,167 Sweeney Circles,Macon,GA,20564,Miller County,26.806021,-113.559793,Atlanta Metro
LOC-3429,70341 Pineda Mills,Naperville,IL,91460,Woods County,29.161371,-98.577189,Chicago Metro
LOC-3430,8863 Davis Mill Suite 080,Lakewood,CO,91088,Hensley County,47.842468,-94.090012,Denver Metro
LOC-3431,82898 Lauren Squares Apt. 396,Naperville,IL,69233,Owen County,,-110.570791,Chicago Metro
LOC-3432,5376 Drake Isle Apt. 256,Colorado Springs,CO,86184,Moore County,47.625586,,Denver Metro
LOC-3433,08346 Rhodes Union,Reading,PA,69464,Haas County,47.794066,-67.691342,Philadelphia Metro
LOC-3434,38071 Williams Stream Suite 993,Colorado Springs,CO,N/A,Jacobs County,44.326813,-76.035121,Denver Metro
LOC-3435,1068 April Drive Apt. 162,Athens,GA,97697,Mccann County,27.733054,-73.436048,Atlanta Metro
LOC-3436,42785 Norton Coves Apt. 363,Vancouver,WA,27342,Walters County,30.519825,-72.913289,Seattle Metro
LOC-3437,9562 Sims Spur Suite 941,Fresno,CA,90385,Taylor County,25.695888,-105.98385,Los Angeles Metro
LOC-3438,88899 Erica Plaza Suite 081,Naples,FL,93317,Davis County,30.549266,-120.987121,Miami Metro
LOC-3439,1492 Jane Burg,Sarasota,FL,95271,Sanchez County,45.894115,-120.157871,Miami Metro
LOC-3440,085 Green Trail Suite 372,Naperville,IL,56156,Chan County,44.816281,-78.411358,Chicago Metro
LOC-3441,67763 Kimberly Cliffs,Syracuse,NY,74427,Espinoza County,29.278185,-72.467505,New York Metro
LOC-3442,804 William Hills,Fort Collins,CO,51805,Hale County,31.872576,-88.512775,Denver Metro
LOC-3443,797 Benjamin Lane,Cleveland,OH,52743,Hunt County,31.818391,-94.195536,Columbus Metro
LOC-3444,18180 Lisa Vista Suite 472,Fayetteville,NC,54379,George County,46.577257,-71.852399,Charlotte Metro
LOC-3445,12659 Parker Avenue,akron,OH,51431,Robinson County,39.109413,-101.763543,Columbus Metro
LOC-3446,312 Tracy Crescent,Tacoma,WA,75732,West County,47.85132,-76.080177,Seattle Metro
LOC-3447,2327 Fox Plaza,San Diego,CA,41790-4608,Davis County,44.313907,-114.448978,Los Angeles Metro
LOC-3448,592 Robert Burg,FORT COLLINS,CO,31965,Vincent County,28.664868,-123.044077,Denver Metro
LOC-3449,5272 Davis Port,Durham,NC,26616,Garcia County,46.377751,-81.308591,Charlotte Metro
LOC-3450,10017 Katherine Circles Apt. 622,Fayetteville,NC,54292,Lee County,28.312578,-97.6222,Charlotte Metro
LOC-3451,37020 Marissa Inlet,buffalo,NY,73323,Smith County,30.209424,-108.687656,New York Metro
LOC-3452,9613 Johnson Mountain Suite 272,Sacramento,CA,80378,Johnson County,30.102877,-87.649574,Los Angeles Metro
LOC-3453,0980 Fitzgerald Ford Suite 333,Kirkland,WA,72958,Cox County,45.486272,-114.111397,Seattle Metro
LOC-3454,2625 Austin Ville,Redmond,WA,75497,Bass County,42.643379,-120.811724,Seattle Metro
LOC-3455,1730 Wade Valleys Suite 133,Scranton,PA,38616-3061,Sandoval County,42.84683,-111.424297,Philadelphia Metro
LOC-3456,673 Michelle Radial,Fort Lauderdale,FL,68741,Conley County,25.520839,-83.57641,Miami Metro
LOC-3457,0741 Matthew Roads,Norfolk,VA,54269,Frazier County,34.442525,-89.593022,Washington DC Metro
LOC-3458,3390 Laura Fork Suite 743,Flint,MI,70051,Walker County,31.742949,-118.07206,Detroit Metro
LOC-3459,580 Anthony Plaza,Phoenix,AZ,86517,Evans County,43.039869,-107.727117,Phoenix Metro
LOC-3460,67501 Jordan Garden Apt. 465,Durham,NC,54993,Smith County,25.233662,-69.057152,Charlotte Metro
LOC-3461,94558 Price Summit,Aurora,CO,66522,Roberts County,30.250074,-113.317498,Denver Metro
LOC-3462,18190 Jason Alley,Norfolk,VA,88943,Davis County,37.297158,,Washington DC Metro
LOC-3463,98890 Manning Ville Apt. 750,Chandler,AZ,41346,Bryant County,31.020719,-106.171213,Phoenix Metro
LOC-3464,92677 Lang Harbors Suite 162,Aurora,IL,14164,Stanley County,25.552677,-92.355962,Chicago Metro
LOC-3465,96568 Mueller Expressway Apt. 204,naples,FL,42104,Bruce County,25.665525,-117.31229,Miami Metro
LOC-3466,03653 Freeman Terrace Suite 144,Arlington,TX,28845,Glover County,30.698276,-99.814993,Dallas-Fort Worth Metro
LOC-3467,97453 Michelle Lakes Suite 508,Lakewood,CO,1992,Woodward County,40.494147,-70.041192,Denver Metro
LOC-3468,90695 Ruiz Island,Columbus,GA,35916,Coleman County,35.542837,-116.629876,Atlanta Metro
LOC-3469,72943 Soto Camp Apt. 982,Cary,NC,51781,Green County,33.413729,-99.404876,Charlotte Metro
LOC-3470,814 Ortega Mills,Lakewood,CO,48773,Williams County,36.376661,-91.60428,Denver Metro
LOC-3471,0741 Brown Meadow,Philadelphia,PA,52494,Smith County,30.519781,-88.135959,Philadelphia Metro
LOC-3472,2553 Jacob Summit,San  Antonio,TX,77363,Davis County,45.472107,-76.129062,Dallas-Fort Worth Metro
LOC-3473,28095 Howe Overpass Suite 401,Warren,MI,51018,Price County,44.624528,-72.877579,Detroit Metro
LOC-3474,058 Spencer Plaza Apt. 739,Sandy Springs,GA,94572,Harris County,28.772588,-80.719475,Atlanta Metro
LOC-3475,108 Laurie Manors Suite 612,Phoenix,AZ,34244-7131,Burnett County,36.302799,-83.499645,Phoenix Metro
LOC-3476,6467 Green Point Suite 625,New York,NY,97138,Nolan County,39.505526,-80.39305,New York Metro
LOC-3477,0143 Michael Bridge Apt. 861,San Jose,CA,81686,Smith County,46.874643,-113.252488,Los Angeles Metro
LOC-3478,514 Allison Walks Apt. 552,Buffalo,NY,22001,Smith County,41.970014,,New York Metro
LOC-3479,865 Amanda Crossing,Norfolk,VA,67213,Callahan County,39.811672,-78.724964,Washington DC Metro
LOC-3480,2839 Melissa Junction,Sarasota,FL,82309,Lee County,33.31904,-76.664174,Miami Metro
LOC-3481,3083 Jeremy Pine Suite 016,Reading,PA,13527,Walsh County,43.797887,-89.356418,Philadelphia Metro
LOC-3482,9219 Jessica Isle Apt. 719,Thornton,CO,30167,Ellis County,34.352635,-119.078398,Denver Metro
LOC-3483,4454 Melissa Ramp Apt. 438,Seattle,WA,49662,Gibson County,41.786801,-110.706264,Seattle Metro
LOC-3484,3843 Kelsey Roads Suite 567,Atlanta,GA,88751,Coleman County,39.338493,-84.561441,Atlanta Metro
LOC-3485,792 White Lodge Apt. 273,Columbus,OH,41354,Jackson County,27.953709,-80.223813,Columbus Metro
LOC-3486,70391 Mark Lodge Suite 141,Detroit,MI,36714,Jennings County,47.860437,-121.752292,Detroit Metro
LOC-3487,07683 Stacy Tunnel Suite 681,Charlotte,NC,78897,Davidson County,26.167004,-92.932964,Charlotte Metro
LOC-3488,51917 Ethan Grove Apt. 363,Dayton,OH,57246,Alexander County,27.691396,-91.380089,Columbus Metro
LOC-3489,3801 Tara Pine,San Jose,CA,97910,Carney County,32.381469,-69.039139,Los Angeles Metro
LOC-3490,1357 Linda Summit,San Antonio,TX,40605,Hoffman County,45.263035,-88.315988,Dallas-Fort Worth Metro
LOC-3491,11476 Anthony Ford Suite 787,Thornton,CO,19070,Blackwell County,26.956751,-75.079318,Denver Metro
LOC-3492,541 Summers Islands,Detroit,MI,76345,Huynh County,36.020073,-121.961411,Detroit Metro
LOC-3493,7311 Hunt Islands Apt. 663,Yonkers,NY,3082,Kennedy County,45.409147,-109.806123,New York Metro
LOC-3494,88943 Brandon Hills,erie,PA,74630-9507,Payne County,35.919233,-101.722089,Philadelphia Metro
LOC-3495,8165 Smith Pines Apt. 418,Columbus,GA,30119,Sutton County,44.772257,-97.823873,Atlanta Metro
LOC-3496,244 Drake Ferry,Kirkland,WA,6169,Peters County,29.504464,-95.644602,Seattle Metro
LOC-3497,1734 Johnson Valleys,El Paso,TX,98059,Gardner County,42.690981,-106.018937,Dallas-Fort Worth Metro
LOC-3498,3149 Hannah Path,Phoenix,AZ,85147,Miller County,44.773414,-112.270867,Phoenix Metro
LOC-3499,29380 Morgan Run Apt. 083,Los Angeles,CA,89630,Ramirez County,46.02194,-74.828241,Los Angeles Metro
LOC-3500,164 Gutierrez Prairie,Grand Rapids,MI,27947,Lopez County,30.699828,-84.668758,Detroit Metro
LOC-3501,86813 Sara Mountains Apt. 278,Alexandria,VA,11166,Garcia County,38.339949,-74.601075,Washington DC Metro
LOC-3502,5392 Barker Place,Durham,NC,33934,Wright County,29.956329,-122.254614,Charlotte Metro
LOC-3503,36716 Denise Gardens,Cary,NC,47396,Gordon County,37.459361,-94.010433,Charlotte Metro
LOC-3504,787 Smith Pass,Orlando,FL,88614,Snyder County,44.336781,-95.905412,Miami Metro
LOC-3505,2648 Adam Square,Reading,PA,28530,Johnson County,37.659421,-104.753094,Philadelphia Metro
LOC-3506,7812 Sean Roads,Phoenix,AZ,24985,Walker County,46.960753,-79.441789,Phoenix Metro
LOC-3507,930 Tammy Turnpike Apt. 781,Cary,NC,40829,Hill County,37.481202,-72.194088,Charlotte Metro
LOC-3508,95369 John Trail Apt. 072,Akron,OH,35232,Chen County,30.531974,-123.031344,Columbus Metro
LOC-3509,15623 Lisa Loaf Suite 801,Joliet,IL,50789,Shelton County,45.667478,-108.412209,Chicago Metro
LOC-3510,7014 Melinda Points Apt. 447,CHESAPEAKE,VA,40262,Garcia County,27.03174,-121.800306,Washington DC Metro
LOC-3511,83624 Parker Isle,Pittsburgh,PA,73017,Powell County,27.80205,-103.574036,Philadelphia Metro
LOC-3512,8861 Mcintosh Unions,El Paso,TX,43169,Owen County,33.507043,-113.839031,Dallas-Fort Worth Metro
LOC-3513,6063 Davidson Squares Apt. 689,Yonkers,NY,18970-9831,Heath County,33.767811,-118.187284,New York Metro
LOC-3514,5741 Wheeler Glen,ALBANY,NY,77685,Newman County,34.192379,-81.344486,New York Metro
LOC-3515,3375 Norman Wall Suite 535,Alexandria,VA,55958,Olson County,29.035349,-101.300517,Washington DC Metro
LOC-3516,785 Hailey Harbor Suite 836,Tacoma,WA,40339,Jones County,27.058612,-108.785704,Seattle Metro
LOC-3517,4489 James River,Kirkland,WA,99913,Tanner County,47.813239,-75.686823,Seattle Metro
LOC-3518,42445 Ian Village Suite 702,columbus,OH,10910,Martinez County,27.132464,-69.54898,Columbus Metro
LOC-3519,295 Robin Trace Apt. 037,Macon,GA,38907,Le County,33.657367,-90.538438,Atlanta Metro
LOC-3520,94038 Kevin Overpass,Virginia Beach,VA,68329,Scott County,43.467195,-101.737005,Washington DC Metro
LOC-3521,9808 Flores Walks,Lakewood,NJ,86143,Wilson County,40.621145,-98.294057,New York Metro
LOC-3522,99707 Colleen Ford Apt. 329,Chicago,IL,89240,Torres County,34.346913,-71.632866,Chicago Metro
LOC-3523,759 White Canyon,Dallas,TX,44029,Jones County,42.333191,-70.010076,Dallas-Fort Worth Metro
LOC-3524,7555 Turner Lane Apt. 281,Paterson,NJ,34748,Kaufman County,47.107782,-77.661736,New York Metro
LOC-3525,056 Monica Junction Suite 738,Sarasota,FL,84765,Love County,40.197628,-104.883111,Miami Metro
LOC-3526,09600 Reilly Views Apt. 615,Fort Lauderdale,FL,43434,Lee County,42.223471,-99.618434,Miami Metro
LOC-3527,6602 Carter Landing,El Paso,TX,72387,Bennett County,41.057767,-103.837482,Dallas-Fort Worth Metro
LOC-3528,918 Kelly Forks Suite 975,fort lauderdale,FL,N/A,Ellis County,47.237402,-81.678302,Miami Metro
LOC-3529,6068 Joseph Falls Suite 053,Phoenix,AZ,68566,Young County,32.038758,-90.942377,Phoenix Metro
LOC-3530,499 Chapman Lane,Reading,PA,51031,Swanson County,43.770638,-83.438868,Philadelphia Metro
LOC-3531,758 Keith Highway,Cincinnati,OH,77421,Fowler County,41.523934,-84.849461,Columbus Metro
LOC-3532,3487 Cook Dam,san antonio,TX,82900,Pham County,27.379116,-85.063979,Dallas-Fort Worth Metro
LOC-3533,93790 Eric Summit Apt. 094,Erie,PA,19816,Phillips County,30.506376,-75.18321,Philadelphia Metro
LOC-3534,213 Chaney Station,Warren,MI,21778,Morris County,44.623309,-114.097377,Detroit Metro
LOC-3535,990 Thomas Junctions Suite 687,Arvada,CO,55954,Anderson County,43.105036,-73.441083,Denver Metro
LOC-3536,63657 Scott Cliffs,Albany,NY,80107,Holland County,41.397661,-75.01162,New York Metro
LOC-3537,04136 Gibson Light Suite 959,Charlotte,NC,16327,Douglas County,34.534788,-105.434446,Charlotte Metro
LOC-3538,224 Mendoza Mountain,RICHMOND,VA,20851,Miller County,37.888455,-73.638707,Washington DC Metro
LOC-3539,5579 Lisa Burgs Suite 540,Cary,NC,71439,Livingston County,40.528123,-94.260787,Charlotte Metro
LOC-3540,3882 Pittman Mission Suite 941,Virginia Beach,VA,85609,Young County,47.743447,-117.202165,Washington DC Metro
LOC-3541,7488 Randall Rapids Suite 908,Joliet,IL,20711,Miranda County,47.985245,-75.193257,Chicago Metro
LOC-3542,91418 Marcus Camp Suite 904,Columbus,GA,32604,Tyler County,31.945394,-71.656178,Atlanta Metro
LOC-3543,4270 Taylor Hills Suite 527,Kirkland,WA,81646,Castro County,42.604069,-68.706113,Seattle Metro
LOC-3544,95472 Ramirez Centers,Alexandria,VA,48324,Bryant County,44.291994,-82.503486,Washington DC Metro
LOC-3545,391 Reyes Avenue,Winston-Salem,NC,92906,Allen County,30.57176,-104.942944,Charlotte Metro
LOC-3546,035 Mills Rapid,Woodbridge,NJ,14036,Lynch County,28.758764,-114.538165,New York Metro
LOC-3547,085 Castillo Alley,San Jose,CA,63197,Macdonald County,25.44916,-93.154871,Los Angeles Metro
LOC-3548,0139 Mary Rapid Apt. 567,Syracuse,NY,84854,Monroe County,33.303163,-120.398893,New York Metro
LOC-3549,463 Kathryn Neck Suite 186,Edison,NJ,24210,White County,25.026768,-123.209303,New York Metro
LOC-3550,786 Richard Fort Apt. 863,Oakland,CA,87821,Moody County,25.487024,-121.34134,Los Angeles Metro
LOC-3551,03262 Cohen Ridges,San Jose,CA,64645,Black County,41.216121,-99.225315,Los Angeles Metro
LOC-3552,94665 Bradley Mission Apt. 536,Miami,FL,14603,Phillips County,45.453945,-94.65357,Miami Metro
LOC-3553,9541 Daniel Mountain,Naples,FL,67041,James County,32.002774,-98.90529,Miami Metro
LOC-3554,012 Peggy Parkways,Sterling Heights,MI,72229,Martin County,40.483545,-108.665777,Detroit Metro
LOC-3555,92053 Morris Heights,Jacksonville,FL,57244,Schultz County,27.065682,-89.909283,Miami Metro
LOC-3556,696 Benjamin Common Apt. 331,Warren,MI,85680,Floyd County,44.759404,-78.031477,Detroit Metro
LOC-3557,40415 Murphy Spurs Suite 276,Sarasota,FL,34366,Holmes County,29.129678,-89.146987,Miami Metro
LOC-3558,277 Linda Fork,Sarasota,FL,96940,Allen County,30.88085,-114.205662,Miami Metro
LOC-3559,9420 Andrea Glens Suite 766,buffalo,NY,14326,Miller County,35.613269,-79.809302,New York Metro
LOC-3560,506 Jones Forest,Richmond,VA,21343,Miller County,32.88508,-87.104121,Washington DC Metro
LOC-3561,73265 Jason Roads Suite 554,Columbus,GA,54905,Jordan County,29.60243,-80.676789,Atlanta Metro
LOC-3562,03846 Leonard Mews,Fresno,CA,37517,Green County,46.25544,-100.732906,Los Angeles Metro
LOC-3563,98928 Patricia Springs,Savannah,GA,43799,Clark County,37.254175,-103.767713,Atlanta Metro
LOC-3564,54256 Maria Place Suite 078,Bellevue,WA,28325,Miller County,44.15669,-77.619565,Seattle Metro
LOC-3565,475 John Track,Bethlehem,PA,2337,Scott County,43.628001,-83.104737,Philadelphia Metro
LOC-3566,4918 Smith Square,virginia beach,VA,86554,Mcdowell County,40.06454,-109.693952,Washington DC Metro
LOC-3567,405 Mack Mall,Atlanta,GA,35046,Joseph County,42.518255,-85.080411,Atlanta Metro
LOC-3568,06906 Cody Tunnel,Bellevue,WA,46822,Bowen County,39.596199,-68.808827,Seattle Metro
LOC-3569,72530 David Place Suite 643,Lakewood,CO,11656,Church County,30.039772,-118.241424,Denver Metro
LOC-3570,2805 Chambers Circle Apt. 319,Paterson,NJ,N/A,Kelly County,46.837984,,New York Metro
LOC-3571,8730 Cohen Prairie,Woodbridge,NJ,58434,Johnson County,33.200471,-106.760251,New York Metro
LOC-3572,43292 Thomas Isle,Erie,PA,80697,Maldonado County,35.662051,-85.883118,Philadelphia Metro
LOC-3573,562 Lawson Landing Suite 578,Yonkers,NY,69022,Holt County,47.303606,-68.807386,New York Metro
LOC-3574,399 Clark Burgs,Grand Rapids,MI,27404,Lane County,37.790131,-87.767424,Detroit Metro
LOC-3575,88857 Schmidt Ferry Apt. 957,Athens,GA,71439,White County,40.569586,-94.480748,Atlanta Metro
LOC-3576,783 Evelyn Cliffs,chesapeake,VA,31624-9352,Hoffman County,33.605011,-90.845714,Washington DC Metro
LOC-3577,9846 Marissa Terrace Suite 562,Tacoma,WA,99251,Caldwell County,25.686629,-105.097557,Seattle Metro
LOC-3578,703 Seth Place Suite 587,Thornton,CO,63056,Carson County,42.650502,-101.013472,Denver Metro
LOC-3579,802 Todd Shore,Savannah,GA,49038,Escobar County,38.271139,-93.68214,Atlanta Metro
LOC-3580,6907 Clark Brooks,Scranton,PA,10127,Chen County,32.703829,-106.306086,Philadelphia Metro
LOC-3581,477 Christina Canyon Apt. 444,Miami,FL,84184,Smith County,30.566309,-85.410737,Miami Metro
LOC-3582,19718 David Falls Apt. 367,Cleveland,OH,43707,Browning County,46.089938,-107.525269,Columbus Metro
LOC-3583,694 Patricia Corner,Bethlehem,PA,64363,Irwin County,42.90999,-86.783662,Philadelphia Metro
LOC-3584,6471 Tracy Ports Apt. 527,Durham,NC,17022,Peterson County,44.599966,-123.10509,Charlotte Metro
LOC-3585,08313 Denise Club Suite 183,Augusta,GA,59288,White County,42.086816,-114.438545,Atlanta Metro
LOC-3586,90074 Lindsay Lights Suite 430,Augusta,GA,34364,Pierce County,41.783419,-107.750381,Atlanta Metro
LOC-3587,2831 Henry Forest,Syracuse,NY,65847,Anderson County,25.117033,-118.525822,New York Metro
LOC-3588,4471 Oscar Turnpike Suite 067,Rockford,IL,61947,Chung County,41.72691,-81.375977,Chicago Metro
LOC-3589,7889 Charles Crossing,Jacksonville,FL,68625,Daniels County,37.825271,-91.451876,Miami Metro
LOC-3590,72908 Ruiz Valleys,Greensboro,NC,92588,Raymond County,27.101411,-67.471979,Charlotte Metro
LOC-3591,117 Jessica Trafficway,lansing,MI,35929,Myers County,46.124515,-107.319764,Detroit Metro
LOC-3592,658 Gibson Lakes Suite 903,Paterson,NJ,N/A,Shaffer County,31.567975,-81.180053,New York Metro
LOC-3593,7594 Huynh Corner,Toledo,OH,49340,Bass County,36.356424,-111.835742,Columbus Metro
LOC-3594,999 Julia Orchard,Macon,GA,17465,Moreno County,43.08672,-70.14871,Atlanta Metro
LOC-3595,2308 Keith Villages Apt. 343,Detroit,MI,60985,Johnson County,46.122989,-118.991084,Detroit Metro
LOC-3596,70002 Benton Mountain,Aurora,CO,68004-9661,Bailey County,46.214351,-93.234485,Denver Metro
LOC-3597,5396 Clarke Corners Suite 382,New Rochelle,NY,15688,Peterson County,34.275364,-105.822052,New York Metro
LOC-3598,2303 Hunter Corners,Naples,FL,29634,Wells County,36.764592,-91.47304,Miami Metro
LOC-3599,3308 Kirsten Summit,Joliet,IL,93857,Hardin County,46.397795,-107.004295,Chicago Metro
LOC-3600,861 Gabriel Land,Durham,NC,33174,Shaw County,29.293288,-118.178992,Charlotte Metro
LOC-3601,3065 Livingston Crossroad Apt. 127,Syracuse,NY,10669,Rodriguez County,26.035158,-105.183304,New York Metro
LOC-3602,109 Tamara Vista Suite 663,toledo,OH,49276,Durham County,26.347759,-96.814453,Columbus Metro
LOC-3603,52673 Wilson Bridge,Dayton,OH,26059,Hayes County,45.270838,-99.716333,Columbus Metro
LOC-3604,8686 Barnes Street,Philadelphia,PA,41161,Decker County,43.771402,-100.911555,Philadelphia Metro
LOC-3605,7359 Patterson Port,Vancouver,WA,19192,Rogers County,45.767639,-121.468376,Seattle Metro
LOC-3606,2525 Wallace Light Suite 739,Reading,PA,38161,Brooks County,28.013509,-93.002941,Philadelphia Metro
LOC-3607,603 Terri Run Apt. 701,Los Angeles,CA,77583,Baker County,42.231788,-80.314053,Los Angeles Metro
LOC-3608,507 Michael Trafficway,Redmond,WA,7798,Davis County,47.804918,-73.59618,Seattle Metro
LOC-3609,323 Debra Oval Suite 259,Tacoma,WA,22409,Barnes County,27.130779,-102.6374,Seattle Metro
LOC-3610,9533 Davis Crossroad,LAKEWOOD,NJ,48692,Glass County,42.726682,-117.391661,New York Metro
LOC-3611,2881 Cortez Stream,chesapeake,VA,56693,Ortiz County,38.238496,-85.704952,Washington DC Metro
LOC-3612,309 Michael Corner,Scottsdale,AZ,67412-8095,Fowler County,43.283928,-95.930057,Phoenix Metro
LOC-3613,3493 Wright Mews,Paterson,NJ,29346,Rose County,29.692172,-114.712638,New York Metro
LOC-3614,9347 Kenneth Squares Suite 167,Fayetteville,NC,5792,Hughes County,46.123408,-83.986302,Charlotte Metro
LOC-3615,743 Christina Heights,Grand Rapids,MI,28415-4190,Porter County,31.427316,-103.87818,Detroit Metro
LOC-3616,326 Jessica Pike,Tempe,AZ,4475,Webb County,26.199729,-67.454504,Phoenix Metro
LOC-3617,516 Ann Radial,San Antonio,TX,78439,Williams County,33.863208,,Dallas-Fort Worth Metro
LOC-3618,4826 Samuel Ford Apt. 125,COLUMBUS,OH,33765,Boyd County,43.146844,-81.782582,Columbus Metro
LOC-3619,876 Walker Avenue,Denver,CO,87582,Scott County,33.523761,-119.814374,Denver Metro
LOC-3620,744 Coleman Stravenue,Miami,FL,6657,White County,39.794063,-93.103582,Miami Metro
LOC-3621,6968 Bentley Crescent,Sarasota,FL,94550,Gutierrez County,45.120437,-88.968874,Miami Metro
LOC-3622,75171 Nathan Shoals,San Francisco,CA,86508,Thomas County,36.683274,-95.766683,Los Angeles Metro
LOC-3623,4705 Connie Knoll Suite 458,Parma,OH,25076,Friedman County,43.767865,-104.571913,Columbus Metro
LOC-3624,6487 Wilson Plains Apt. 127,Fayetteville,NC,23822,Graham County,45.273882,-83.878115,Charlotte Metro
LOC-3625,335 Fernandez Route Apt. 452,Parma,OH,47775,Mitchell County,32.906938,-118.923937,Columbus Metro
LOC-3626,0353 Rodriguez Manors,New Rochelle,NY,78008,Graves County,43.078538,-79.769479,New York Metro
LOC-3627,6141 Deanna Prairie Apt. 014,Seattle,WA,63355,Nunez County,45.158184,-84.016253,Seattle Metro
LOC-3628,91298 Shelia Island Suite 480,austin,TX,82326,Craig County,31.283028,-91.85639,Dallas-Fort Worth Metro
LOC-3629,7127 Terry Islands,Philadelphia,PA,11514,Cruz County,43.665766,-81.808462,Philadelphia Metro
LOC-3630,90917 Nelson Port Suite 080,Sacramento,CA,69864,Sandoval County,34.16262,-90.135102,Los Angeles Metro
LOC-3631,922 Michelle Green,Cary,NC,9570,Clayton County,30.931506,-89.32185,Charlotte Metro
LOC-3632,8402 Steven Glen Suite 265,Edison,NJ,48057,Peters County,35.44892,-75.014502,New York Metro
LOC-3633,023 Flores Fall,Tampa,FL,98405,Ewing County,37.274042,-98.114057,Miami Metro
LOC-3634,80598 Elizabeth Crest,Lakewood,CO,3559,Roy County,33.987161,-75.169207,Denver Metro
LOC-3635,30053 Medina Plains,Elizabeth,NJ,48468,Stanton County,33.632472,,New York Metro
LOC-3636,220 Alejandro Cliffs Apt. 816,Kirkland,WA,89790,Duncan County,47.018242,-119.166266,Seattle Metro
LOC-3637,39766 Daniel Grove,Kirkland,WA,6706,Jones County,29.361743,-89.984446,Seattle Metro
LOC-3638,807 Mary Springs,Akron,OH,92749,Jacobson County,40.527822,-96.462339,Columbus Metro
LOC-3639,292 Sweeney Drives Suite 358,Cleveland,OH,74365,Mack County,31.793105,-114.986186,Columbus Metro
LOC-3640,9263 Newman Grove,Augusta,GA,29335,Gilbert County,31.290877,-69.221634,Atlanta Metro
LOC-3641,109 Kelsey Summit Apt. 355,Richmond,VA,10090,Sweeney County,42.137871,-94.218612,Washington DC Metro
LOC-3642,2834 Pena Rue Apt. 619,Denver,CO,24155,Johnson County,44.532172,-104.649686,Denver Metro
LOC-3643,753 Helen Drive Suite 149,Thornton,CO,53313,Guzman County,27.016102,-83.017454,Denver Metro
LOC-3644,941 Mcdonald Islands,Columbus,OH,91746,Burton County,40.269278,-110.194577,Columbus Metro
LOC-3645,027 Joshua Vista,Houston,TX,29252,Baker County,38.309001,-71.764221,Dallas-Fort Worth Metro
LOC-3646,89172 Rogers Path,Arlington,TX,93974,Turner County,31.46386,-122.234775,Dallas-Fort Worth Metro
LOC-3647,9400 Robert Plaza Suite 580,Athens,GA,35799,Whitney County,39.609028,-74.070801,Atlanta Metro
LOC-3648,200 Michael Unions Apt. 197,Naples,FL,15915,Mitchell County,27.223384,-117.458837,Miami Metro
LOC-3649,575 Diane Ridges,Dallas,TX,84167,Anderson County,45.72763,-94.528436,Dallas-Fort Worth Metro
LOC-3650,568 Jacqueline Plaza Suite 690,Oakland,CA,60183,Smith County,32.146842,-68.514827,Los Angeles Metro
LOC-3651,812 Omar Drives Suite 249,Bellevue,WA,67045,Brewer County,40.623502,-103.387552,Seattle Metro
LOC-3652,0025 Ashley Canyon Suite 724,Redmond,WA,26711,Benson County,42.646626,-106.871062,Seattle Metro
LOC-3653,95772 Patel Oval Suite 763,Yonkers,NY,74748,Cisneros County,28.429157,-106.283466,New York Metro
LOC-3654,835 Anderson Plain,Pittsburgh,PA,18861,Morrison County,47.309937,-85.26489,Philadelphia Metro
LOC-3655,006 Joseph Mount,Philadelphia,PA,42999,Parker County,30.29923,-82.035648,Philadelphia Metro
LOC-3656,042 Erica Estate,Miami,FL,67852,Lee County,35.008408,-71.840343,Miami Metro
LOC-3657,757 Jason Trail Suite 828,Winston-Salem,NC,49220,Sweeney County,41.014824,-95.468425,Charlotte Metro
LOC-3658,7555 Martin Loop Suite 685,Fresno,CA,37211-4524,Johnson County,41.486003,-101.76852,Los Angeles Metro
LOC-3659,4878 Diane Inlet Suite 130,Bethlehem,PA,27860,Williams County,27.191481,-86.674133,Philadelphia Metro
LOC-3660,5464 Allison Garden,Denver,CO,44514,Mitchell County,39.618118,-117.058472,Denver Metro
LOC-3661,94844 Smith Viaduct Apt. 450,Aurora,CO,87447,Murphy County,38.742554,-70.911701,Denver Metro
LOC-3662,37069 Banks Walk Apt. 819,Aurora,IL,88008,Long County,44.554688,-118.488973,Chicago Metro
LOC-3663,87595 Elliott Estates,Buffalo,NY,46258,Thompson County,46.455248,-114.616223,New York Metro
LOC-3664,332 Jones Shores,los angeles,CA,15991,Mendez County,43.211939,-106.754959,Los Angeles Metro
LOC-3665,118 Michelle Station Suite 774,Columbus,GA,81137,Everett County,43.715628,-83.134354,Atlanta Metro
LOC-3666,0489 Michelle Pike,WINSTON-SALEM,NC,72411,Rivera County,26.234809,-83.498382,Charlotte Metro
LOC-3667,1436 Ruiz Rapids,Austin,TX,30112,Harris County,30.86792,-97.988362,Dallas-Fort Worth Metro
LOC-3668,6889 Jennifer Mall Apt. 618,Jacksonville,FL,86463,Ortega County,46.909296,-111.992602,Miami Metro
LOC-3669,4580 Lopez Turnpike Suite 521,New Rochelle,NY,44608,Stein County,46.375716,-98.978601,New York Metro
LOC-3670,005 Elizabeth Dale Suite 055,Austin,TX,78860,Terry County,34.115885,-97.59055,Dallas-Fort Worth Metro
LOC-3671,0284 Howell Plain Suite 695,columbus,GA,12359,Brooks County,33.854906,-75.001187,Atlanta Metro
LOC-3672,268 Jeremy Park,Los Angeles,CA,68888,Stone County,41.492118,-114.762908,Los Angeles Metro
LOC-3673,18359 Rodriguez Street Apt. 459,Arlington,TX,94543,Love County,27.781212,-76.747368,Dallas-Fort Worth Metro
LOC-3674,58024 Flores Parks,Parma,OH,31631,Jones County,43.173133,-80.534219,Columbus Metro
LOC-3675,2743 Garcia Tunnel,Spokane,WA,35894,Campbell County,45.845138,-82.850415,Seattle Metro
LOC-3676,632 Haynes Drives,Chandler,AZ,96803,Harris County,45.703081,-101.149459,Phoenix Metro
LOC-3677,0281 Suzanne Alley Suite 634,Rockford,IL,40357-4315,Hill County,30.804614,-71.893687,Chicago Metro
LOC-3678,6026 John Lakes,Kirkland,WA,83717-9533,Sanders County,40.129948,-68.057525,Seattle Metro
LOC-3679,629 Johnson Extension,Tampa,FL,13812,Rivera County,42.235314,-97.342095,Miami Metro
LOC-3680,1435 Thomas Run,Virginia Beach,VA,39559,Gonzalez County,30.805666,-69.867641,Washington DC Metro
LOC-3681,504 Herrera Extension Suite 023,Chesapeake,VA,57373,Cook County,43.866158,-78.030043,Washington DC Metro
LOC-3682,24055 Brandon Lodge Apt. 139,AURORA,IL,42341,Smith County,42.358227,-71.480424,Chicago Metro
LOC-3683,8927 Singleton Expressway Apt. 408,Yonkers,NY,85523,Vasquez County,36.243806,-97.710689,New York Metro
LOC-3684,8335 Dodson Locks Apt. 859,Reading,PA,83269,Peters County,29.798229,-79.793202,Philadelphia Metro
LOC-3685,439 Phillips Turnpike,Detroit,MI,38843,Price County,47.905158,-122.66125,Detroit Metro
LOC-3686,55733 Steven Street,Aurora,IL,74407,Montes County,,-89.35508,Chicago Metro
LOC-3687,609 Smith Glen Suite 501,Chandler,AZ,1361,Gibson County,26.724905,-111.235201,Phoenix Metro
LOC-3688,56655 Debbie Islands Suite 972,San Diego,CA,36058,Martin County,30.775628,-88.746948,Los Angeles Metro
LOC-3689,2043 Bryan Garden,ann arbor,MI,10332,Vaughn County,37.065213,-101.554538,Detroit Metro
LOC-3690,69713 Blake Junctions,Tempe,AZ,70328,Vargas County,25.426608,-76.162998,Phoenix Metro
LOC-3691,2028 Rodriguez Via,Detroit,MI,73072,Thomas County,40.214053,-122.47461,Detroit Metro
LOC-3692,614 Jennifer Curve,Toledo,OH,60738,Fields County,47.48959,-90.7101,Columbus Metro
LOC-3693,2249 George Garden Apt. 232,Sarasota,FL,33750,Schroeder County,30.145583,-114.113292,Miami Metro
LOC-3694,01327 Amy Spring,Ann Arbor,MI,30739,Martin County,45.956945,-88.634357,Detroit Metro
LOC-3695,0979 Jennifer Fort,Kirkland,WA,99394,Rogers County,29.495793,,Seattle Metro
LOC-3696,561 Bright Ferry,El Paso,TX,98844,Chapman County,44.171347,-97.406947,Dallas-Fort Worth Metro
LOC-3697,7640 Ellis Lake Apt. 614,Naples,FL,6422,Smith County,47.227471,-99.8314,Miami Metro
LOC-3698,70906 Paula Freeway,Newport News,VA,82128,Bennett County,26.44524,-71.109854,Washington DC Metro
LOC-3699,3156 Franco Estates,Augusta,GA,75661,Fisher County,47.26921,-74.866431,Atlanta Metro
LOC-3700,362 Kelly Valleys Suite 773,Peoria,IL,35499,Stephens County,34.446607,-108.522112,Chicago Metro
LOC-3701,438 Caleb Meadows,Buffalo,NY,74591,Martin County,45.355479,-80.38274,New York Metro
LOC-3702,22833 James Islands,Tempe,AZ,53880,Thompson County,40.083921,-101.926978,Phoenix Metro
LOC-3703,59062 Maldonado Trail,Paterson,NJ,20263,Carpenter County,44.365064,-77.878534,New York Metro
LOC-3704,14412 Morgan Estates Apt. 924,Aurora,CO,9490,Shepherd County,39.686101,-109.568298,Denver Metro
LOC-3705,0893 Rebecca Square Suite 046,Augusta,GA,10728,Stout County,31.276554,-76.590271,Atlanta Metro
LOC-3706,74153 Tran Valleys,Colorado Springs,CO,43908,Luna County,25.620668,-98.867202,Denver Metro
LOC-3707,87895 Jessica Valley,Phoenix,AZ,73181,Howe County,33.615742,-93.670542,Phoenix Metro
LOC-3708,3094 Hoffman Lake,Fort Collins,CO,34448,Hudson County,27.779909,-100.796341,Denver Metro
LOC-3709,257 Jeffrey Streets,Charlotte,NC,46267,Wolfe County,25.671038,-111.379575,Charlotte Metro
LOC-3710,07086 Angela Rapids,AURORA,CO,10171,Li County,33.885448,-113.929359,Denver Metro
LOC-3711,7475 Julia Courts Suite 835,San  Diego,CA,28501,Finley County,36.880082,-74.44709,Los Angeles Metro
LOC-3712,0869 Elizabeth Dam Suite 025,Buffalo,NY,61716,Cardenas County,39.897533,-108.810761,New York Metro
LOC-3713,411 Patricia Well Suite 562,Fort Collins,CO,14894,Valdez County,44.567585,-69.756329,Denver Metro
LOC-3714,66768 Kristi Port,Bellevue,WA,N/A,Wilcox County,38.676611,-79.394104,Seattle Metro
LOC-3715,596 Webb Gateway,Peoria,IL,16995,Gonzalez County,25.486411,-88.187737,Chicago Metro
LOC-3716,45320 Flores Vista Apt. 261,Charlotte,NC,88161,Phillips County,34.010024,-68.325067,Charlotte Metro
LOC-3717,0371 Hernandez Ville,Athens,GA,36500,Dawson County,47.904434,-74.806601,Atlanta Metro
LOC-3718,09156 Debra Burgs,Aurora,IL,68613,Harvey County,33.53771,-83.768573,Chicago Metro
LOC-3719,12252 Hill Mills Suite 787,mesa,AZ,55080,Brown County,42.676282,-84.883296,Phoenix Metro
LOC-3720,644 William Road Apt. 070,Atlanta,GA,79187,Stevens County,34.952403,-97.184619,Atlanta Metro
LOC-3721,010 Derek Villages,Thornton,CO,25695,Booker County,38.793427,-110.368142,Denver Metro
LOC-3722,6942 Daniel Pass,Tucson,AZ,26695,Olson County,35.619577,-103.256815,Phoenix Metro
LOC-3723,44910 Scott Square,Springfield,IL,37145,Lee County,30.714591,,Chicago Metro
LOC-3724,492 Justin Rapid,Thornton,CO,11534,Clark County,26.521178,-121.442404,Denver Metro
LOC-3725,0412 Brian Canyon Suite 310,Paterson,NJ,13927,Owen County,31.148547,-95.730396,New York Metro
LOC-3726,31588 Dunn Camp Suite 606,Bellevue,WA,49503,Wallace County,41.807275,,Seattle Metro
LOC-3727,141 Boyd Key Apt. 560,Rockford,IL,56041,Knight County,34.955769,-74.63406,Chicago Metro
LOC-3728,2770 Calvin Tunnel,Oakland,CA,44382,Hall County,36.021804,-94.697854,Los Angeles Metro
LOC-3729,15111 Thompson Stream Suite 143,Chandler,AZ,76328,Walton County,40.254066,-101.772261,Phoenix Metro
LOC-3730,1061 Richmond Branch,San Antonio,TX,78060,Welch County,39.356023,-76.768113,Dallas-Fort Worth Metro
LOC-3731,55310 Gonzalez Club Apt. 207,Denver,CO,96375,Thomas County,32.255367,-81.681244,Denver Metro
LOC-3732,452 House Plaza,naples,FL,92094,Holmes County,35.021417,-75.849725,Miami Metro
LOC-3733,969 Louis Forks,Ann Arbor,MI,26278,Hess County,28.655934,-76.495913,Detroit Metro
LOC-3734,10999 Kimberly Village Apt. 400,Ann Arbor,MI,62717,Shepherd County,30.035732,-69.3145,Detroit Metro
LOC-3735,97192 Zachary Mission,Rochester,NY,62369,Mathews County,47.288222,-68.227124,New York Metro
LOC-3736,159 Dean Union Suite 434,Detroit,MI,46068,Zimmerman County,44.356517,-78.154298,Detroit Metro
LOC-3737,66427 Amanda Station,Miami,FL,92307,Hamilton County,29.945042,,Miami Metro
LOC-3738,4811 Matthew Trafficway Apt. 927,Aurora,IL,97071,Hernandez County,28.220725,-121.778024,Chicago Metro
LOC-3739,06777 Elizabeth Motorway Suite 810,Lakewood,CO,17270,Snyder County,45.113185,-79.439557,Denver Metro
LOC-3740,0893 Miller Square,San Diego,CA,47733,Callahan County,30.002834,-94.576298,Los Angeles Metro
LOC-3741,15792 Anna Skyway,Sterling Heights,MI,86927,Wright County,46.646959,-115.429427,Detroit Metro
LOC-3742,1620 Sean Drive Suite 126,Paterson,NJ,23759,Newman County,26.946851,-115.0616,New York Metro
LOC-3743,86961 Melissa Brooks Suite 039,Bellevue,WA,67224,Johnson County,44.594892,-90.547752,Seattle Metro
LOC-3744,767 Katherine Brooks,Pittsburgh,PA,57858,Hampton County,40.767906,-79.881702,Philadelphia Metro
LOC-3745,33995 Peter Squares Suite 760,Austin,TX,8756,Conner County,26.233665,-94.741785,Dallas-Fort Worth Metro
LOC-3746,0800 Decker Causeway Apt. 830,Tempe,AZ,49758,Butler County,36.541583,-101.902205,Phoenix Metro
LOC-3747,0980 Terrell Land,Glendale,AZ,77174,Vance County,38.459683,-117.437666,Phoenix Metro
LOC-3748,1994 Megan Green Apt. 616,San Jose,CA,95774,Williams County,34.366103,-107.442593,Los Angeles Metro
LOC-3749,299 Scott Course,Macon,GA,57331,Perkins County,33.102826,-84.227161,Atlanta Metro
LOC-3750,498 Robert Pike,Mesa,AZ,20197,Baker County,36.679161,-83.427081,Phoenix Metro
LOC-3751,21774 Terri Trafficway,Tacoma,WA,69247,Mendoza County,46.47675,-108.523964,Seattle Metro
LOC-3752,5004 Margaret Junction Apt. 157,Springfield,IL,38419,Gomez County,28.41285,-107.55789,Chicago Metro
LOC-3753,95083 Johnson Flat,Athens,GA,1505,Arroyo County,26.428857,-107.753702,Atlanta Metro
LOC-3754,67486 Jefferson Locks,Rockford,IL,84604,Kennedy County,34.569258,-72.905873,Chicago Metro
LOC-3755,51534 Mitchell Rapid Apt. 708,San Antonio,TX,35883,Garcia County,32.84114,-99.958909,Dallas-Fort Worth Metro
LOC-3756,8003 Fernandez Walks,Allentown,PA,55024,Smith County,46.392972,-79.738176,Philadelphia Metro
LOC-3757,20823 Knox Via,hampton,VA,49469,Mack County,28.561887,-79.778933,Washington DC Metro
LOC-3758,909 Bailey Squares,Savannah,GA,18225,Meyer County,43.791825,-69.93917,Atlanta Metro
LOC-3759,66190 Beard Green Suite 490,San Antonio,TX,93488,Campbell County,26.28529,-107.873692,Dallas-Fort Worth Metro
LOC-3760,616 David Extension Suite 726,Tacoma,WA,91590,Garcia County,45.417794,-103.27876,Seattle Metro
LOC-3761,0260 Alexandra Hollow Suite 559,San Antonio,TX,96974,Thomas County,33.579271,-68.704956,Dallas-Fort Worth Metro
LOC-3762,895 Weaver Valley,Tempe,AZ,7671,Morales County,43.86856,-89.072597,Phoenix Metro
LOC-3763,933 Krause Knoll Apt. 918,Kirkland,WA,13928,Williams County,42.460044,-121.103539,Seattle Metro
LOC-3764,487 Miller Route,Allentown,PA,83289,Torres County,28.649538,-88.332408,Philadelphia Metro
LOC-3765,37360 William Mill Suite 379,Albany,NY,16058,Torres County,39.169439,-68.964986,New York Metro
LOC-3766,18342 Alexander Heights Apt. 785,Columbus,OH,77849,Moore County,37.565398,-87.164902,Columbus Metro
LOC-3767,6151 Daniel Via,Allentown,PA,82334,Simmons County,26.800415,-117.842469,Philadelphia Metro
LOC-3768,089 Williams Brooks Suite 658,Jacksonville,FL,14322,Blackwell County,29.366766,-85.361646,Miami Metro
LOC-3769,242 Abbott Lake Apt. 938,Sterling Heights,MI,8699,Meyers County,45.921882,-86.055702,Detroit Metro
LOC-3770,044 Smith Fort Suite 383,Elizabeth,NJ,95836,Francis County,26.44403,-93.65914,New York Metro
LOC-3771,9081 Phillips Pines Suite 029,ATHENS,GA,64029,Dawson County,34.942369,-109.837446,Atlanta Metro
LOC-3772,28315 Andrew Brook Suite 919,Spokane,WA,81260,Williams County,36.787583,-118.715813,Seattle Metro
LOC-3773,878 Acevedo Club Suite 083,Toledo,OH,46450,Barr County,43.771958,-106.503617,Columbus Metro
LOC-3774,5129 Carrie Rue,Edison,NJ,99682,Manning County,42.517386,-89.841554,New York Metro
LOC-3775,1833 Castro Coves Suite 742,Flint,MI,77932-8772,Stephenson County,35.203417,-75.27996,Detroit Metro
LOC-3776,4382 Lori Ranch,Joliet,IL,96999-5214,Kelly County,33.832511,-89.237984,Chicago Metro
LOC-3777,078 West Way,Chesapeake,VA,52865,Cook County,35.054735,-106.275714,Washington DC Metro
LOC-3778,53576 Denise Lock,San Francisco,CA,86459,Garrison County,44.478483,-70.491665,Los Angeles Metro
LOC-3779,61424 Campbell Knolls,Sterling Heights,MI,97513,Duran County,36.945296,-69.352002,Detroit Metro
LOC-3780,3295 Perry Circles,Sarasota,FL,29122,Davidson County,42.758552,-88.08176,Miami Metro
LOC-3781,436 Gardner Club,Akron,OH,34345,Wallace County,30.210798,-112.156042,Columbus Metro
LOC-3782,757 Harris Track,Chicago,IL,98537,Hughes County,29.68631,-100.420597,Chicago Metro
LOC-3783,0174 Caitlin Inlet Apt. 009,Greensboro,NC,4206,Moore County,31.106393,-105.206964,Charlotte Metro
LOC-3784,835 Calderon Mission Apt. 877,Aurora,CO,68897,Mendoza County,39.989701,-86.033178,Denver Metro
LOC-3785,0234 Gill Haven Suite 137,Vancouver,WA,83612,Nelson County,26.24457,-103.903981,Seattle Metro
LOC-3786,82656 White Fork,Fort Collins,CO,72780,Gentry County,31.00618,-109.439449,Denver Metro
LOC-3787,5627 Gill Junctions Suite 034,Cleveland,OH,14773,Silva County,27.469531,-69.158658,Columbus Metro
LOC-3788,759 Murphy Locks,Tacoma,WA,18054,Douglas County,27.018943,-84.955138,Seattle Metro
LOC-3789,09470 Scott Green,Virginia Beach,VA,2799,Simpson County,32.493334,-88.000386,Washington DC Metro
LOC-3790,8390 Shirley Stream Suite 692,Scranton,PA,12844,Davenport County,34.403502,-88.241078,Philadelphia Metro
LOC-3791,3885 Michelle Path,Scottsdale,AZ,81227-5310,Hayes County,47.744491,-71.990857,Phoenix Metro
LOC-3792,834 Walker Curve Suite 385,Cary,NC,65484,Collins County,47.887375,-113.388494,Charlotte Metro
LOC-3793,0294 Kevin Manors,Virginia Beach,VA,26889,Robertson County,37.603248,-123.910861,Washington DC Metro
LOC-3794,989 Amber Mission Suite 342,Bellevue,WA,20147,Freeman County,36.294508,-121.824862,Seattle Metro
LOC-3795,7115 Pierce Fields Suite 815,Greensboro,NC,95762,Small County,46.120985,-90.918408,Charlotte Metro
LOC-3796,2173 Randolph Vista,Detroit,MI,27393,Miller County,41.175681,-103.973211,Detroit Metro
LOC-3797,14031 Raymond Mall Apt. 624,Arlington,TX,51488,Francis County,36.587405,-112.956788,Dallas-Fort Worth Metro
LOC-3798,889 Mendoza Lock Apt. 182,Elizabeth,NJ,58009,White County,25.923415,-119.62179,New York Metro
LOC-3799,224 Sullivan Plaza Suite 707,Colorado  Springs,CO,82058,Garcia County,31.612516,-78.196152,Denver Metro
LOC-3800,48957 Matthew Plain Suite 235,Joliet,IL,3031,Barajas County,30.65407,-89.25342,Chicago Metro
LOC-3801,93413 Allen Junctions,Dallas,TX,63901,Adams County,44.685556,-113.994573,Dallas-Fort Worth Metro
LOC-3802,1155 Meredith Circles Apt. 951,Cincinnati,OH,12905,Wallace County,28.347553,-98.139718,Columbus Metro
LOC-3803,0677 Hester Rest,Augusta,GA,98401,Gonzalez County,39.468304,-97.035048,Atlanta Metro
LOC-3804,16453 James Hill,philadelphia,PA,56693,Martin County,44.445551,-71.702216,Philadelphia Metro
LOC-3805,35332 Antonio Estates Suite 467,Sacramento,CA,51839,Murphy County,26.748353,-119.953114,Los Angeles Metro
LOC-3806,9995 Ruiz Fort,Arlington,TX,88489,Davis County,29.14525,-110.267106,Dallas-Fort Worth Metro
LOC-3807,56825 Jacob Cliff Suite 354,Spokane,WA,4032,Wood County,44.895896,-108.459329,Seattle Metro
LOC-3808,7988 Samuel Meadows,Philadelphia,PA,64867,Young County,43.807088,-72.906085,Philadelphia Metro
LOC-3809,449 Anthony Lodge Apt. 267,Phoenix,AZ,3977,Juarez County,31.242422,-101.431145,Phoenix Metro
LOC-3810,060 Taylor Prairie,Tacoma,WA,99667,Phillips County,27.538483,-122.60066,Seattle Metro
LOC-3811,19247 Krueger Row,Tempe,AZ,18492,Juarez County,32.009975,-95.247818,Phoenix Metro
LOC-3812,69782 Barbara Street Apt. 872,Grand Rapids,MI,61295,Golden County,41.638315,-111.216585,Detroit Metro
LOC-3813,03829 Briana View,San Diego,CA,58274,Stanton County,29.450679,-84.068238,Los Angeles Metro
LOC-3814,50595 Henry Meadow,Greensboro,NC,44543,Miller County,46.368751,-122.118724,Charlotte Metro
LOC-3815,680 Benjamin Stream,Atlanta,GA,45331,Rasmussen County,27.56034,-113.515639,Atlanta Metro
LOC-3816,54680 Linda Trafficway,Fort Lauderdale,FL,39356,Gonzalez County,46.169792,-88.227588,Miami Metro
LOC-3817,36057 Gonzalez Cove Apt. 154,Sandy Springs,GA,80657,Andrews County,37.171281,-98.121239,Atlanta Metro
LOC-3818,179 Caitlyn Ville,READING,PA,41031,Esparza County,42.807306,-110.378153,Philadelphia Metro
LOC-3819,136 Jones Row,Fresno,CA,57590,Butler County,38.562224,-79.856239,Los Angeles Metro
LOC-3820,59483 Johnson Port,Yonkers,NY,73979,Branch County,47.885587,-102.579805,New York Metro
LOC-3821,8011 English View,Lansing,MI,4931,Stanley County,33.058867,-83.109598,Detroit Metro
LOC-3822,96439 Cox Vista Apt. 497,Mesa,AZ,53784,Clark County,46.422101,-102.989325,Phoenix Metro
LOC-3823,96015 Matthew Unions,Parma,OH,85569,Mccoy County,29.138312,-123.296052,Columbus Metro
LOC-3824,3256 Sara Springs,Cleveland,OH,33892,Hinton County,38.362234,-77.329784,Columbus Metro
LOC-3825,9704 Hill Squares,Arvada,CO,60203,Rivera County,43.838895,-120.303272,Denver Metro
LOC-3826,69324 Megan Track Suite 411,Phoenix,AZ,13458,Buck County,45.381477,,Phoenix Metro
LOC-3827,3910 William Trail,Newark,NJ,8494,Riley County,37.782184,-86.740211,New York Metro
LOC-3828,7709 Moore Parkways Suite 868,Jacksonville,FL,97395,Hutchinson County,25.554834,-71.043198,Miami Metro
LOC-3829,3942 Antonio Turnpike,Durham,NC,74349,Robertson County,43.05258,-119.176271,Charlotte Metro
LOC-3830,8578 Chelsea Viaduct,Richmond,VA,N/A,Yu County,32.724586,-87.093666,Washington DC Metro
LOC-3831,70377 Karen Drives,Cincinnati,OH,74337,Williams County,39.622018,-69.17996,Columbus Metro
LOC-3832,485 Heather Motorway Suite 878,Lansing,MI,87705,Jones County,28.433817,-103.816234,Detroit Metro
LOC-3833,0951 Smith Centers,Rochester,NY,84571,Manning County,40.246599,-78.566407,New York Metro
LOC-3834,61700 Tanya Passage,Grand Rapids,MI,16384,Weiss County,27.434335,-97.382391,Detroit Metro
LOC-3835,123 Hunter Cove Apt. 945,Durham,NC,34790,Martin County,27.774896,-116.549091,Charlotte Metro
LOC-3836,96255 Miller Grove Apt. 298,Rockford,IL,46982,Griffin County,38.965894,-102.692493,Chicago Metro
LOC-3837,93215 Brianna Coves,Woodbridge,NJ,95800,Crawford County,29.971684,-110.593795,New York Metro
LOC-3838,11483 John Squares Apt. 965,Macon,GA,55962,Reilly County,25.83022,-119.425537,Atlanta Metro
LOC-3839,612 Paul Turnpike,Aurora,CO,85750,Gutierrez County,33.775044,-96.018558,Denver Metro
LOC-3840,100 Caleb Station Apt. 301,Ann Arbor,MI,58439,Barnes County,25.864149,-88.254525,Detroit Metro
LOC-3841,5673 Jeffrey Stream Apt. 684,raleigh,NC,94068,Garcia County,28.049908,-78.522985,Charlotte Metro
LOC-3842,4622 Karen Greens,Buffalo,NY,53448,Bates County,40.859557,-120.963993,New York Metro
LOC-3843,3890 Cross Land,Durham,NC,76083,Smith County,29.284821,-115.014315,Charlotte Metro
LOC-3844,81683 Hernandez Mission Suite 210,Rochester,NY,26019,Graves County,38.123465,-114.583467,New York Metro
LOC-3845,74105 Sabrina Keys Suite 981,San Antonio,TX,76936,Brooks County,45.830305,-123.539732,Dallas-Fort Worth Metro
LOC-3846,84955 Cindy Glens Apt. 522,Woodbridge,NJ,67590,Davis County,42.434814,-87.042763,New York Metro
LOC-3847,84248 Howe Skyway,Alexandria,VA,73244,Jackson County,37.93851,-97.855232,Washington DC Metro
LOC-3848,202 Dawn Mount,Paterson,NJ,93982,Zhang County,33.04407,-95.334455,New York Metro
LOC-3849,1342 Larry Isle Suite 813,Erie,PA,87019,Rodriguez County,47.27987,-114.998496,Philadelphia Metro
LOC-3850,2530 Bruce Dam Suite 130,Hampton,VA,87532,Smith County,33.582677,-87.311832,Washington DC Metro
LOC-3851,14644 Christopher Gateway,Warren,MI,N/A,Marshall County,37.32434,-73.275005,Detroit Metro
LOC-3852,055 Joanne Neck Suite 026,Bellevue,WA,5253,Brown County,38.170491,-108.480262,Seattle Metro
LOC-3853,769 Salazar Street Suite 256,Aurora,CO,23913-2105,Powers County,25.359754,-115.683306,Denver Metro
LOC-3854,411 Michael Walk Suite 649,Columbus,GA,55718,Dean County,38.444335,-117.460271,Atlanta Metro
LOC-3855,76339 Hunter Canyon Suite 119,CARY,NC,81525,Boyer County,39.143911,-89.156149,Charlotte Metro
LOC-3856,0522 Cody Divide Suite 042,Buffalo,NY,92268,Anderson County,33.503351,-68.645555,New York Metro
LOC-3857,332 Kathryn Corner Suite 331,Bellevue,WA,N/A,Sullivan County,32.473868,-95.529383,Seattle Metro
LOC-3858,6974 Pruitt Loop,ERIE,PA,22125,Perkins County,44.25367,-107.681336,Philadelphia Metro
LOC-3859,1198 Merritt Turnpike,Cleveland,OH,53820,Rodriguez County,,-67.618865,Columbus Metro
LOC-3860,8723 Robin Park Apt. 558,Arlington,TX,42854,Morales County,39.328621,-84.341306,Dallas-Fort Worth Metro
LOC-3861,4236 Jennifer Hollow,Chicago,IL,20926,Morgan County,30.660762,-107.179081,Chicago Metro
LOC-3862,693 Jones Harbors Suite 875,Oakland,CA,54632,Lin County,30.961325,-84.944714,Los Angeles Metro
LOC-3863,7117 Chen Harbors,Oakland,CA,84800,Williams County,47.661498,-121.066134,Los Angeles Metro
LOC-3864,748 Jackson Inlet,San Antonio,TX,27493-2399,Giles County,42.024893,-123.974061,Dallas-Fort Worth Metro
LOC-3865,366 Krueger Heights Suite 867,San Antonio,TX,18830,Wilson County,25.956918,-89.379752,Dallas-Fort Worth Metro
LOC-3866,1827 Newman Hill,Fort Worth,TX,54010,Colon County,29.410135,-85.575651,Dallas-Fort Worth Metro
LOC-3867,9678 Brooks Crossroad Suite 331,Seattle,WA,54635,Davidson County,38.737492,-71.501673,Seattle Metro
LOC-3868,6754 Lori Turnpike,Tacoma,WA,67572,Rogers County,27.27479,-102.727011,Seattle Metro
LOC-3869,7970 Burke Stravenue Apt. 770,Fresno,CA,49848,Wall County,28.914231,-77.576924,Los Angeles Metro
LOC-3870,3001 Gonzalez Trail Suite 127,El Paso,TX,84767,Jackson County,38.974898,-95.284701,Dallas-Fort Worth Metro
LOC-3871,212 Reyes Spurs Apt. 405,Seattle,WA,77270,Diaz County,40.94745,-101.384028,Seattle Metro
LOC-3872,1774 Jordan Drives,Austin,TX,64026,Leblanc County,25.131596,-117.119742,Dallas-Fort Worth Metro
LOC-3873,2437 Moore Summit Apt. 202,San Antonio,TX,15630,Martinez County,39.243436,-95.15294,Dallas-Fort Worth Metro
LOC-3874,06496 Stephen Lane Suite 201,Ann Arbor,MI,78232,Ramsey County,33.371704,-107.054185,Detroit Metro
LOC-3875,0967 Scott Landing Apt. 093,Augusta,GA,88624,Esparza County,40.227709,-97.947458,Atlanta Metro
LOC-3876,956 Kristina Circle,San Antonio,TX,45797,Brooks County,38.264425,-67.219789,Dallas-Fort Worth Metro
LOC-3877,5069 Lozano Crescent,Naples,FL,9580,Nunez County,27.187374,-113.130779,Miami Metro
LOC-3878,844 Martinez Locks Suite 941,New York,NY,79942,Garcia County,45.405861,-110.558114,New York Metro
LOC-3879,20896 Powell Bypass,Virginia Beach,VA,29339,Evans County,45.165006,-71.495255,Washington DC Metro
LOC-3880,32151 Edwards Rapids Suite 792,MACON,GA,41810,Zamora County,28.636263,-67.28551,Atlanta Metro
LOC-3881,58653 Stacy Springs Apt. 422,Tacoma,WA,80372,Johnson County,43.396356,-77.628074,Seattle Metro
LOC-3882,3107 Jackson Divide,Spokane,WA,35939,Hoffman County,39.593052,-86.316452,Seattle Metro
LOC-3883,958 Jessica Oval Suite 286,Woodbridge,NJ,65916,Johnson County,45.928966,-106.764116,New York Metro
LOC-3884,7873 David Circles Apt. 052,Arvada,CO,27575-8353,Mcdaniel County,39.95664,-113.826746,Denver Metro
LOC-3885,83522 Steven Isle,San Francisco,CA,14691,Williams County,33.518531,-119.836573,Los Angeles Metro
LOC-3886,063 Joseph Plaza Suite 846,Bellevue,WA,74624,Johnson County,28.32674,-78.498108,Seattle Metro
LOC-3887,261 Ramsey Lakes,Aurora,IL,47924,Nguyen County,35.047964,-77.7831,Chicago Metro
LOC-3888,79339 Brown Crest Suite 616,Syracuse,NY,66937,Salazar County,46.930557,-83.554084,New York Metro
LOC-3889,7610 Tammy Walks,Norfolk,VA,N/A,Simmons County,37.680635,-78.682972,Washington DC Metro
LOC-3890,4190 Gonzalez Mountain Apt. 296,Dayton,OH,97899,Ellis County,42.872525,-97.81306,Columbus Metro
LOC-3891,0356 John Mission,Sandy Springs,GA,45939,Roth County,45.157285,-103.919939,Atlanta Metro
LOC-3892,4560 Medina Knolls Apt. 199,New York,NY,88916,Johnson County,30.411087,-77.224737,New York Metro
LOC-3893,6322 Washington Cliffs Apt. 178,Grand Rapids,MI,95301,Rogers County,30.737267,-83.694793,Detroit Metro
LOC-3894,9272 Richard Highway,Chandler,AZ,9591,Raymond County,36.02818,-123.650593,Phoenix Metro
LOC-3895,92538 Jones Mills,Aurora,CO,96326,Rivera County,39.074987,-71.962228,Denver Metro
LOC-3896,1765 Martin Skyway Suite 588,Akron,OH,64342,Davila County,,-92.830459,Columbus Metro
LOC-3897,6079 Jimmy Shore,WARREN,MI,43712,Campbell County,42.016505,-108.159473,Detroit Metro
LOC-3898,378 Philip Roads,Warren,MI,35709,Rodriguez County,43.962758,-83.645024,Detroit Metro
LOC-3899,6866 Amber Brooks,ALLENTOWN,PA,64194,Olson County,40.841584,-117.74517,Philadelphia Metro
LOC-3900,5300 Jacob Divide Suite 509,Houston,TX,75258,Harris County,27.466857,-110.867627,Dallas-Fort Worth Metro
LOC-3901,047 Christine Points Apt. 337,Albany,NY,8935,Solis County,44.630548,-82.163443,New York Metro
LOC-3902,13747 Victor Port Apt. 922,Augusta,GA,44185,Jennings County,44.921971,-96.248727,Atlanta Metro
LOC-3903,542 Morrow Streets Apt. 933,Phoenix,AZ,36046,Case County,43.999361,-114.168118,Phoenix Metro
LOC-3904,40728 Kimberly Ridges,FORT LAUDERDALE,FL,18274,Calderon County,45.083677,-77.487562,Miami Metro
LOC-3905,618 Bridget Parkways,Rochester,NY,50266,Fuentes County,42.059642,-75.458279,New York Metro
LOC-3906,880 Smith Fords,PHOENIX,AZ,31132,Hall County,32.294997,-90.863382,Phoenix Metro
LOC-3907,2445 Jacob Lake,Arvada,CO,21492,Guzman County,44.349042,-112.266864,Denver Metro
LOC-3908,7327 Jacob Drive,San Jose,CA,31230,Garcia County,26.238278,-99.376869,Los Angeles Metro
LOC-3909,3250 Philip Way Apt. 297,Warren,MI,1345,King County,43.722897,,Detroit Metro
LOC-3910,65160 Thompson Hill,Richmond,VA,58788,Whitaker County,40.582736,-71.69137,Washington DC Metro
LOC-3911,33966 Stacy Junctions Suite 529,Chicago,IL,13111,Sullivan County,35.298005,-116.32119,Chicago Metro
LOC-3912,1181 Rita Dale Apt. 723,Dayton,OH,79855,Doyle County,43.228433,-113.081077,Columbus Metro
LOC-3913,184 Rivera Lakes,Ann Arbor,MI,11408,Dalton County,27.952261,-122.825808,Detroit Metro
LOC-3914,69851 Ellis Street Suite 559,Columbus,GA,36860,Montgomery County,27.983314,-121.526901,Atlanta Metro
LOC-3915,669 Sullivan Streets,Seattle,WA,6178,White County,25.275699,-107.339131,Seattle Metro
LOC-3916,4499 Parks Vista,Allentown,PA,69665,Roberts County,28.062634,-82.917155,Philadelphia Metro
LOC-3917,043 Dickson Hill Apt. 626,Woodbridge,NJ,40411,Gonzalez County,33.218836,-80.963828,New York Metro
LOC-3918,7442 Dustin Walks Apt. 421,Newark,NJ,20060,Patrick County,43.416962,-89.805136,New York Metro
LOC-3919,81903 Wallace Cove Suite 510,Durham,NC,69500,Stanley County,35.950783,-99.036599,Charlotte Metro
LOC-3920,385 William Ford Apt. 271,Durham,NC,20021,Johnson County,29.900912,-93.388447,Charlotte Metro
LOC-3921,51356 Traci Station Suite 317,Sterling Heights,MI,3106,Mccarty County,36.653614,-111.184994,Detroit Metro
LOC-3922,3354 Fuller Squares,Naperville,IL,75705,Howard County,36.725537,-76.744962,Chicago Metro
LOC-3923,38254 Todd Loop Apt. 206,Glendale,AZ,24872,Leblanc County,45.673052,-122.254599,Phoenix Metro
LOC-3924,945 Glenn Passage,Parma,OH,9877,Velazquez County,39.406707,-78.664528,Columbus Metro
LOC-3925,1869 Katherine Shore Apt. 625,Reading,PA,35258,Pugh County,27.438991,-67.885814,Philadelphia Metro
LOC-3926,45365 James Path,Dayton,OH,57408,Burch County,44.026491,-89.745812,Columbus Metro
LOC-3927,67461 Garcia Views,Atlanta,GA,51444,Smith County,46.692573,-111.009485,Atlanta Metro
LOC-3928,37073 Harrison Crossroad Suite 470,Atlanta,GA,17149,Butler County,47.16128,-119.741904,Atlanta Metro
LOC-3929,12178 Chase Shore Suite 972,Paterson,NJ,55398,Archer County,39.92426,-83.017657,New York Metro
LOC-3930,2041 Jackson Flat Apt. 916,Naperville,IL,14720,Oneal County,46.598485,-94.579531,Chicago Metro
LOC-3931,8647 Smith Tunnel Apt. 925,Sandy Springs,GA,78895,Cooper County,43.457353,-71.153667,Atlanta Metro
LOC-3932,5504 Massey Mews,Norfolk,VA,23874,Rodriguez County,25.719523,-121.794147,Washington DC Metro
LOC-3933,403 Martinez Lane,san diego,CA,91074,Woods County,42.475732,-120.121097,Los Angeles Metro
LOC-3934,7690 Davis Curve Suite 095,Columbus,OH,58111,Long County,37.360542,-123.109424,Columbus Metro
LOC-3935,038 Lucas Estates Apt. 313,Denver,CO,50714,Hernandez County,34.403661,-119.336333,Denver Metro
LOC-3936,8343 Nichols Springs Suite 991,Jacksonville,FL,48318,Savage County,46.785989,-95.638789,Miami Metro
LOC-3937,6385 Padilla Shoals Apt. 254,TOLEDO,OH,12054,Perez County,,-97.426531,Columbus Metro
LOC-3938,66287 Chase Valleys Apt. 653,Erie,PA,47390,Sanford County,30.154964,-80.981101,Philadelphia Metro
LOC-3939,553 Schaefer Valley Apt. 698,Chandler,AZ,79482,Gilbert County,39.111981,-96.475577,Phoenix Metro
LOC-3940,486 Kimberly Circle,KIRKLAND,WA,38021,Lawson County,26.312082,-78.508593,Seattle Metro
LOC-3941,285 Neal Harbor Apt. 793,Vancouver,WA,87961,Haynes County,36.504856,-90.376303,Seattle Metro
LOC-3942,14914 Renee Knolls Suite 409,Grand Rapids,MI,12927,Morales County,37.130117,-117.99892,Detroit Metro
LOC-3943,42857 Johnson Brooks Suite 277,Fort Worth,TX,47802,Braun County,30.691592,-77.597921,Dallas-Fort Worth Metro
LOC-3944,54766 Brendan Mission,MESA,AZ,26344,Clarke County,33.445686,-119.401596,Phoenix Metro
LOC-3945,975 Elizabeth Alley Apt. 651,Rochester,NY,70331,Howell County,41.763257,-115.19025,New York Metro
LOC-3946,72346 Michael Canyon Suite 117,columbus,GA,53332,Williams County,28.175664,-118.789653,Atlanta Metro
LOC-3947,220 Mackenzie Corners,Houston,TX,N/A,Sherman County,26.528614,-90.26326,Dallas-Fort Worth Metro
LOC-3948,002 Williams Tunnel,Miami,FL,N/A,Fitzgerald County,41.951123,-86.971932,Miami Metro
LOC-3949,4729 Jeanette Land Suite 237,Bethlehem,PA,19881,Gordon County,32.113715,-114.65484,Philadelphia Metro
LOC-3950,9757 Edwards Plains,Sandy Springs,GA,42026,Campbell County,33.40736,-112.590517,Atlanta Metro
LOC-3951,3333 Wilkerson Way,Vancouver,WA,N/A,Perry County,40.764646,-85.919698,Seattle Metro
LOC-3952,034 Latoya Points,Naperville,IL,64144,Taylor County,26.961236,-108.312907,Chicago Metro
LOC-3953,01606 Stanley Streets,Macon,GA,51514,Baker County,28.547147,-93.791837,Atlanta Metro
LOC-3954,59341 Vega Streets,San  Jose,CA,90221,Henson County,44.598278,-106.276148,Los Angeles Metro
LOC-3955,43071 Marilyn Courts,Orlando,FL,58554,Garrett County,43.985974,-94.862963,Miami Metro
LOC-3956,60639 Suzanne Cliff,Alexandria,VA,94520,Rice County,36.911046,-104.844395,Washington DC Metro
LOC-3957,8110 Eric Ways Apt. 883,Oakland,CA,97248,Clay County,38.475914,-73.696379,Los Angeles Metro
LOC-3958,25795 Kimberly Manors Suite 411,Rochester,NY,48625,Obrien County,33.236956,-108.011571,New York Metro
LOC-3959,4728 Wright Port,Columbus,GA,45844,Miles County,31.084496,-90.523872,Atlanta Metro
LOC-3960,0238 Faulkner Divide,seattle,WA,11141,Brown County,37.237673,-94.871055,Seattle Metro
LOC-3961,5914 Smith Cape,Cleveland,OH,98027,Guzman County,43.543231,-78.267371,Columbus Metro
LOC-3962,395 Taylor Lane,Redmond,WA,56089,Gilbert County,44.902905,-86.766194,Seattle Metro
LOC-3963,91067 Jeffrey Pike Apt. 765,miami,FL,4331,Wilkins County,28.61468,-103.453698,Miami Metro
LOC-3964,024 Myers Ridges Apt. 385,Syracuse,NY,22134,Kelley County,26.390271,-76.469888,New York Metro
LOC-3965,201 Erin Creek Suite 444,Buffalo,NY,43144,Pierce County,35.128285,-115.830536,New York Metro
LOC-3966,9207 Brown Cove Suite 032,Arvada,CO,72511,Jackson County,27.860629,-101.528214,Denver Metro
LOC-3967,5990 Maxwell Glen Apt. 910,Fresno,CA,99181,Woodward County,42.87069,-107.062625,Los Angeles Metro
LOC-3968,04103 Anderson Track,Lakewood,CO,45053,Jones County,35.578371,-91.327186,Denver Metro
LOC-3969,729 Roth Mission,Columbus,OH,75454,Murphy County,31.085693,-100.39405,Columbus Metro
LOC-3970,26370 Troy Rest Suite 330,Rockford,IL,56444,Robles County,33.1429,-97.98413,Chicago Metro
LOC-3971,1766 Houston Road,Sandy Springs,GA,24312,Carr County,45.103883,-85.179923,Atlanta Metro
LOC-3972,74621 Jason Lakes,Sandy  Springs,GA,39960,Ray County,28.336512,-85.081819,Atlanta Metro
LOC-3973,295 Zuniga Locks Apt. 192,Grand Rapids,MI,97249,Harper County,35.943331,-118.165364,Detroit Metro
LOC-3974,099 Golden Club Suite 753,Virginia Beach,VA,46277,Juarez County,31.397794,-71.38811,Washington DC Metro
LOC-3975,78256 Hammond Knoll Suite 476,Dallas,TX,40330,Butler County,47.01104,-69.005037,Dallas-Fort Worth Metro
LOC-3976,577 Marc Points Suite 506,Hampton,VA,79716,Marshall County,28.724511,-96.82081,Washington DC Metro
LOC-3977,5115 Lawrence Dam Suite 687,Reading,PA,78929,Smith County,46.789576,-98.785857,Philadelphia Metro
LOC-3978,4697 Williams Stream,Macon,GA,37037,Gardner County,32.321948,-108.895298,Atlanta Metro
LOC-3979,660 Robinson Squares Apt. 850,Elizabeth,NJ,27457,Baldwin County,36.960681,-111.69093,New York Metro
LOC-3980,2750 Anthony Ridges,Miami,FL,N/A,Moore County,25.274149,-102.37674,Miami Metro
LOC-3981,12380 Beverly Spring Suite 462,Austin,TX,92317,Villanueva County,46.936465,-84.276234,Dallas-Fort Worth Metro
LOC-3982,51487 Lawrence Mountains Apt. 512,Lakewood,NJ,54992,Chambers County,36.424522,-103.412044,New York Metro
LOC-3983,5893 Walker Roads Apt. 584,San Diego,CA,83441,Duncan County,29.474544,-92.301514,Los Angeles Metro
LOC-3984,9535 Thomas Plaza,WARREN,MI,91618,Baldwin County,30.357593,-98.390347,Detroit Metro
LOC-3985,20901 Tyler Hollow Suite 311,Fort Lauderdale,FL,35266,Miller County,31.328613,-119.118806,Miami Metro
LOC-3986,36098 Sarah Center Suite 045,Arvada,CO,69489,Jacobs County,47.946722,-89.42738,Denver Metro
LOC-3987,197 Brown Vista Suite 975,Raleigh,NC,1242,Frank County,26.35222,-115.40763,Charlotte Metro
LOC-3988,4594 Christopher Stravenue,Atlanta,GA,25890,Evans County,44.441205,-68.397669,Atlanta Metro
LOC-3989,841 Amy Lodge,Woodbridge,NJ,64201,Flores County,28.022312,-112.046814,New York Metro
LOC-3990,8725 Johnson Landing,Arvada,CO,77645,Collins County,46.759753,-117.445695,Denver Metro
LOC-3991,90937 Conley Trace Suite 079,San Francisco,CA,11803,Carney County,37.668361,-93.30955,Los Angeles Metro
LOC-3992,616 Rodriguez Trace,Lakewood,CO,18786,Diaz County,25.271106,-69.579614,Denver Metro
LOC-3993,84836 Good Tunnel,new york,NY,77270,Ward County,34.733529,-86.971322,New York Metro
LOC-3994,277 Heather Prairie Apt. 269,Allentown,PA,54313,Roberson County,25.112378,-104.689567,Philadelphia Metro
LOC-3995,6949 Ryan Brooks,San Diego,CA,67375,Rosales County,30.706476,-100.498815,Los Angeles Metro
LOC-3996,6100 Jennifer Knoll,Augusta,GA,N/A,Olsen County,45.959256,-107.582142,Atlanta Metro
LOC-3997,94596 Matthew Tunnel,Spokane,WA,45440,Harrison County,32.450912,-121.378859,Seattle Metro
LOC-3998,438 Ho Shore Suite 337,Cleveland,OH,60602,Howard County,29.447713,-107.134035,Columbus Metro
LOC-3999,138 Zamora Pines Suite 018,Aurora,CO,59500,Black County,47.278998,-98.827672,Denver Metro
LOC-4000,33795 Jared Court,Thornton,CO,76944,Adams County,44.892448,-84.30102,Denver Metro
LOC-4001,1707 Duane Parkway,Erie,PA,19879,Washington County,26.978991,-101.468375,Philadelphia Metro
LOC-4002,38790 James Extensions Apt. 082,Jersey City,NJ,47971,White County,36.592085,-88.385588,New York Metro
LOC-4003,4843 Rodriguez Overpass,Warren,MI,7195,Robertson County,47.241351,-108.11184,Detroit Metro
LOC-4004,4957 Linda Bypass,Dayton,OH,98576,Solis County,36.995352,-115.608471,Columbus Metro
LOC-4005,599 Alexis Tunnel,Fort Collins,CO,45442,Glenn County,31.732685,-96.499047,Denver Metro
LOC-4006,422 Hubbard Parks,Arlington,TX,68596,Williams County,43.086468,-113.829248,Dallas-Fort Worth Metro
LOC-4007,313 Vasquez Harbor,Grand Rapids,MI,38911,Clark County,46.816636,-114.93498,Detroit Metro
LOC-4008,05792 Mann Route,Vancouver,WA,57737,Davis County,36.126647,-113.478298,Seattle Metro
LOC-4009,35813 Mason Trace,Los Angeles,CA,54749,Martin County,36.636791,-91.161887,Los Angeles Metro
LOC-4010,529 Jensen Plaza,Buffalo,NY,33806,Richardson County,33.932279,-122.875905,New York Metro
LOC-4011,2116 Smith Center Suite 208,Phoenix,AZ,53731,Taylor County,43.657546,-111.867128,Phoenix Metro
LOC-4012,40766 Ball Roads,New York,NY,45214-5028,Morgan County,43.90173,-100.877248,New York Metro
LOC-4013,2921 Pamela Isle,Greensboro,NC,80268,Williams County,45.470579,-89.682379,Charlotte Metro
LOC-4014,34496 Johnson Curve,Vancouver,WA,13619,Wilkins County,43.429167,-99.707158,Seattle Metro
LOC-4015,489 Kelly Skyway,Columbus,OH,41406,Pruitt County,35.238214,-67.406649,Columbus Metro
LOC-4016,972 Phillips Ville Apt. 047,El Paso,TX,73989,King County,45.509955,-107.828431,Dallas-Fort Worth Metro
LOC-4017,17563 Willis Greens Suite 514,Woodbridge,NJ,60014,Turner County,45.939779,-97.869397,New York Metro
LOC-4018,5748 Lauren Streets Suite 252,Erie,PA,49459,Warner County,41.998227,-109.466898,Philadelphia Metro
LOC-4019,6508 Patty Glen Apt. 178,Columbus,OH,48072,Carter County,41.661962,-106.466448,Columbus Metro
LOC-4020,91369 Peterson Pine,Pittsburgh,PA,N/A,Robinson County,41.882303,-95.322548,Philadelphia Metro
LOC-4021,7727 Yolanda Glen,Chesapeake,VA,32547-3638,Houston County,28.136118,-83.315845,Washington DC Metro
LOC-4022,1250 Melissa Springs,Bellevue,WA,30868,Clark County,37.953299,-122.642807,Seattle Metro
LOC-4023,47223 Mcintyre Cape,New Rochelle,NY,96745,Wallace County,31.657772,-108.433051,New York Metro
LOC-4024,753 Williams Spring,Erie,PA,73304-5356,Williams County,27.540649,-69.814945,Philadelphia Metro
LOC-4025,23998 Hurley Fords Apt. 521,San Diego,CA,81834,Gay County,30.305485,-119.182419,Los Angeles Metro
LOC-4026,375 Fleming Plains Apt. 632,Chesapeake,VA,95577,Meza County,46.174379,-77.30345,Washington DC Metro
LOC-4027,1088 Hubbard Port Apt. 811,Cincinnati,OH,66757,Lloyd County,44.810538,-96.602498,Columbus Metro
LOC-4028,81783 Taylor Row Apt. 643,Miami,FL,54829,Gonzalez County,28.212601,-99.159951,Miami Metro
LOC-4029,3433 Elliott Motorway Apt. 972,Miami,FL,18129,Garrett County,39.333717,-94.393772,Miami Metro
LOC-4030,93242 Rowe Views Apt. 091,Durham,NC,71344,Becker County,,-115.920638,Charlotte Metro
LOC-4031,16332 Wong Alley Suite 244,Newport News,VA,15320,Castillo County,38.968458,-90.090028,Washington DC Metro
LOC-4032,071 Christopher Expressway,Yonkers,NY,99859,Diaz County,26.41918,-78.376838,New York Metro
LOC-4033,102 York Port Apt. 724,Cleveland,OH,42211,Carter County,44.934575,-109.354242,Columbus Metro
LOC-4034,07699 Michael Via Apt. 119,Norfolk,VA,41334,Ford County,25.455819,-119.498143,Washington DC Metro
LOC-4035,66501 Brian Harbor Suite 027,Greensboro,NC,62492,Kim County,36.540652,-105.567153,Charlotte Metro
LOC-4036,23162 Bridges Land,Naples,FL,30116,Davis County,27.399866,-119.735275,Miami Metro
LOC-4037,36685 Callahan Garden,Aurora,CO,78587,Richards County,26.675733,-98.175195,Denver Metro
LOC-4038,384 Mata Viaduct Apt. 845,Edison,NJ,21664,Shaw County,32.548106,-68.773877,New York Metro
LOC-4039,02129 Amanda Fields Suite 372,Cleveland,OH,36651,Rivera County,37.48001,-78.080009,Columbus Metro
LOC-4040,29803 Brian Light,Durham,NC,18951,Hernandez County,37.279347,-115.970612,Charlotte Metro
LOC-4041,50674 Erica Estate Apt. 925,Fresno,CA,90573,Campbell County,47.843278,-79.829932,Los Angeles Metro
LOC-4042,4763 Ryan Course Suite 559,Peoria,IL,89004,Farley County,35.82212,-83.890171,Chicago Metro
LOC-4043,65354 Marissa Ford,Kirkland,WA,47218,Alexander County,37.079846,-103.372408,Seattle Metro
LOC-4044,6762 Robert Square Suite 617,Augusta,GA,84001,Torres County,38.942666,-67.763612,Atlanta Metro
LOC-4045,045 Case Throughway Apt. 420,Naples,FL,74808,Ward County,38.954503,-120.686691,Miami Metro
LOC-4046,2549 Patel Lane Suite 371,Glendale,AZ,26673,Williamson County,29.321072,-69.558872,Phoenix Metro
LOC-4047,34897 Cesar Meadow Apt. 156,Miami,FL,57884,Singleton County,38.159017,-87.86704,Miami Metro
LOC-4048,952 Cody Streets,Cleveland,OH,45476,Fowler County,29.206061,-121.967876,Columbus Metro
LOC-4049,2401 Johnson Streets Suite 379,Yonkers,NY,88856,Daugherty County,40.596607,-121.921235,New York Metro
LOC-4050,868 Amanda Passage,Jacksonville,FL,41533,Allen County,27.100904,-108.238631,Miami Metro
LOC-4051,8364 Baker Points Suite 597,Allentown,PA,88027,Andrews County,44.278235,-120.263891,Philadelphia Metro
LOC-4052,2542 Jessica Vista Suite 368,Tampa,FL,34854,Jackson County,32.970079,-96.192027,Miami Metro
LOC-4053,6849 Mercado Pines Suite 078,Newport News,VA,42342,Atkins County,36.856302,-75.266786,Washington DC Metro
LOC-4054,2530 Matthew Avenue Suite 789,Flint,MI,28312,Green County,25.089918,-71.111254,Detroit Metro
LOC-4055,93246 Jones Station,Detroit,MI,22608,Day County,28.999476,-85.372333,Detroit Metro
LOC-4056,5237 Andrew Branch,Colorado Springs,CO,74089,Ramsey County,39.790595,-96.097427,Denver Metro
LOC-4057,635 Laurie Points Suite 570,Columbus,OH,68171,Diaz County,46.781313,-104.759466,Columbus Metro
LOC-4058,93613 Calvin Inlet,Joliet,IL,33556,Roman County,34.344592,-117.972092,Chicago Metro
LOC-4059,97294 Diane Forest Suite 758,New Rochelle,NY,26716,Benton County,29.122338,-83.655243,New York Metro
LOC-4060,328 Williams Course Suite 130,Philadelphia,PA,22874,Christensen County,30.857717,-75.321541,Philadelphia Metro
LOC-4061,97184 Bass Ramp Apt. 877,Cleveland,OH,80725,Marsh County,39.812783,-105.157941,Columbus Metro
LOC-4062,3169 Seth Ridge,Savannah,GA,84051-3156,Jackson County,38.869487,-89.590638,Atlanta Metro
LOC-4063,0100 Walsh Run Suite 740,El Paso,TX,29403,Smith County,32.97266,-110.182037,Dallas-Fort Worth Metro
LOC-4064,18325 James Way Apt. 806,Sandy Springs,GA,47725,Davis County,26.938343,-81.854463,Atlanta Metro
LOC-4065,70070 Craig Drive Apt. 212,Miami,FL,61327,Park County,41.597824,,Miami Metro
LOC-4066,051 David Village,Peoria,IL,61625,Jones County,29.958583,-108.778397,Chicago Metro
LOC-4067,693 Barber Creek,Hampton,VA,64840,Smith County,30.816299,-115.090323,Washington DC Metro
LOC-4068,6987 Bernard Creek Suite 941,FRESNO,CA,92477,Miller County,46.156513,-69.414492,Los Angeles Metro
LOC-4069,28225 Ashley Glens Apt. 958,Pittsburgh,PA,16154,Welch County,36.667231,-73.697406,Philadelphia Metro
LOC-4070,7211 Smith Tunnel,Elizabeth,NJ,88850,Moore County,29.332165,,New York Metro
LOC-4071,4965 Johnson Estate Suite 218,Detroit,MI,97241,Alvarado County,39.585134,-115.990894,Detroit Metro
LOC-4072,4805 Meza River,Elizabeth,NJ,53346,Hood County,33.502551,-100.448291,New York Metro
LOC-4073,24242 Lewis Landing Apt. 317,Joliet,IL,41631,Soto County,43.478783,-87.649825,Chicago Metro
LOC-4074,771 Eric Drives Apt. 613,Chandler,AZ,97838,Gilbert County,44.868854,-107.752396,Phoenix Metro
LOC-4075,31867 Decker Turnpike,Springfield,IL,36305,Velasquez County,35.707406,-95.78042,Chicago Metro
LOC-4076,8228 Spencer Parks Apt. 900,Arlington,TX,N/A,Morse County,41.769038,-67.433543,Dallas-Fort Worth Metro
LOC-4077,630 Butler Way Suite 629,Scranton,PA,57307,Gray County,,-79.023058,Philadelphia Metro
LOC-4078,964 Rebecca Route,Lakewood,NJ,39971,Williams County,35.297176,-106.057727,New York Metro
LOC-4079,64954 Little Vista Suite 465,Chesapeake,VA,93548,Mcdonald County,25.200209,-114.893916,Washington DC Metro
LOC-4080,71534 Steven Summit,El Paso,TX,56285,Perkins County,38.52109,-103.00883,Dallas-Fort Worth Metro
LOC-4081,732 Linda Trafficway,Orlando,FL,6416,Gray County,26.611994,-115.796456,Miami Metro
LOC-4082,8427 Mack Trail Suite 645,Fort Lauderdale,FL,16060,Burton County,30.075622,-96.258682,Miami Metro
LOC-4083,00214 Paul Islands,Houston,TX,36255,Sherman County,42.415815,-106.250359,Dallas-Fort Worth Metro
LOC-4084,3882 Derek Gateway Suite 533,Orlando,FL,5840,Bailey County,41.474881,-85.598642,Miami Metro
LOC-4085,228 Cabrera Trail Suite 549,Cleveland,OH,13352,Valenzuela County,34.947912,-87.154554,Columbus Metro
LOC-4086,039 Daniel Fort,Detroit,MI,71320,Pacheco County,29.885606,-67.072882,Detroit Metro
LOC-4087,619 Rachel Spring Suite 701,Sandy Springs,GA,16592,Rocha County,35.080939,-115.117744,Atlanta Metro
LOC-4088,15816 Jason Knoll,Toledo,OH,83663,Sanchez County,46.373552,-77.283884,Columbus Metro
LOC-4089,81158 Hutchinson Lodge Suite 091,Aurora,IL,76264,Bennett County,40.692359,-103.709083,Chicago Metro
LOC-4090,505 Wilkins Rest Apt. 151,Reading,PA,92996,Johnson County,38.129874,-78.812856,Philadelphia Metro
LOC-4091,09443 Austin Mount,Tucson,AZ,28710,Freeman County,41.891397,-114.946142,Phoenix Metro
LOC-4092,65694 Sean Loop,Hampton,VA,80817,Fuller County,38.931985,-114.558127,Washington DC Metro
LOC-4093,826 Sarah Well,Joliet,IL,98076,Long County,30.826252,-109.669883,Chicago Metro
LOC-4094,3114 Christian Circle Suite 539,columbus,OH,23124,Shaw County,31.86003,-82.454542,Columbus Metro
LOC-4095,41426 Anderson Forges Apt. 646,Parma,OH,32125,Oneal County,37.624642,-80.808172,Columbus Metro
LOC-4096,83816 Turner Stream Apt. 895,Athens,GA,45630,Odonnell County,38.89363,-67.856147,Atlanta Metro
LOC-4097,8474 Angela Prairie,Lakewood,NJ,98583,Carter County,33.285212,-94.351936,New York Metro
LOC-4098,89724 Montoya Mount Apt. 245,PARMA,OH,97453,Cooper County,26.082149,-91.997565,Columbus Metro
LOC-4099,42100 Kevin Ramp Suite 117,New  Rochelle,NY,42450,Griffin County,27.790018,-90.979778,New York Metro
LOC-4100,5390 Alexander River Suite 626,Detroit,MI,94594,Wheeler County,46.123925,-95.844303,Detroit Metro
LOC-4101,95300 Destiny Street,Yonkers,NY,82225,Bell County,27.094356,-85.613432,New York Metro
LOC-4102,525 Steele Motorway,Los Angeles,CA,22556,Kirby County,33.442462,-122.228475,Los Angeles Metro
LOC-4103,312 Moore Lake Suite 013,Austin,TX,19593,Cooke County,30.574416,-76.919703,Dallas-Fort Worth Metro
LOC-4104,75173 Michael Flat,Newark,NJ,10638,Jenkins County,29.080963,-114.426192,New York Metro
LOC-4105,215 Matthew Prairie Suite 438,Winston-Salem,NC,73426,Simpson County,44.176109,,Charlotte Metro
LOC-4106,71359 Michael Square Apt. 054,TUCSON,AZ,69834,Ryan County,32.364603,,Phoenix Metro
LOC-4107,6273 Hartman Flat,Virginia Beach,VA,96003,Nunez County,47.946748,-81.325212,Washington DC Metro
LOC-4108,61209 Sarah Manor,Bethlehem,PA,37861,Guerrero County,29.005769,-107.240524,Philadelphia Metro
LOC-4109,427 Rivera Island Apt. 672,New Rochelle,NY,N/A,Williams County,46.002344,-106.180879,New York Metro
LOC-4110,506 Gilbert Cove Apt. 856,Detroit,MI,9209,Holmes County,,-92.510375,Detroit Metro
LOC-4111,1649 Jamie Trafficway Apt. 156,Raleigh,NC,4335,Sherman County,39.334625,-86.563039,Charlotte Metro
LOC-4112,0262 April Lock Apt. 363,Tempe,AZ,36490,Jackson County,41.408117,-87.433785,Phoenix Metro
LOC-4113,185 Duane Shoals Apt. 656,San Antonio,TX,1165,Davis County,44.805783,-74.385226,Dallas-Fort Worth Metro
LOC-4114,3987 Deborah Highway,Fort Worth,TX,99553,Dixon County,33.056974,-83.450266,Dallas-Fort Worth Metro
LOC-4115,4300 Brewer Tunnel Suite 777,lakewood,NJ,31499-2830,Mora County,27.270748,-97.36262,New York Metro
LOC-4116,465 Walter Court,Fayetteville,NC,60630,Morales County,25.611163,-81.289902,Charlotte Metro
LOC-4117,53363 Marvin Street,Houston,TX,71378,Gomez County,42.065317,-100.548233,Dallas-Fort Worth Metro
LOC-4118,0702 Johnson Stravenue Suite 660,TAMPA,FL,34746,Mayer County,45.117476,-81.021293,Miami Metro
LOC-4119,85261 Robert Ridges Suite 553,San Francisco,CA,90581,Taylor County,26.924395,-84.91114,Los Angeles Metro
LOC-4120,4141 Emily Bridge Suite 396,lakewood,NJ,9830,Meyer County,43.21464,-119.57659,New York Metro
LOC-4121,9600 Nicole Plaza,Fresno,CA,68636,Keller County,32.353765,-93.925788,Los Angeles Metro
LOC-4122,87163 Brittany Station,Joliet,IL,68534-9135,Rhodes County,36.596775,-99.138656,Chicago Metro
LOC-4123,1918 Angelica Walks,San Jose,CA,39782,Rodriguez County,39.959467,-101.615908,Los Angeles Metro
LOC-4124,216 Smith Vista Apt. 757,Reading,PA,52948,Fisher County,25.178906,-95.639615,Philadelphia Metro
LOC-4125,80867 Curry Crossroad,Edison,NJ,41768,Jenkins County,28.163543,-113.318301,New York Metro
LOC-4126,152 Gary Coves Suite 651,Raleigh,NC,N/A,Freeman County,42.282349,-120.396977,Charlotte Metro
LOC-4127,13197 Hudson Crescent Apt. 527,Colorado Springs,CO,8001,Rhodes County,45.373284,-89.997339,Denver Metro
LOC-4128,55937 Hopkins Circles Apt. 825,Sacramento,CA,18669,Kim County,39.674847,-76.580487,Los Angeles Metro
LOC-4129,516 Caitlyn Motorway Apt. 715,EL PASO,TX,16425,King County,31.24488,-103.956308,Dallas-Fort Worth Metro
LOC-4130,2813 Martinez Tunnel,Akron,OH,35590,Cook County,27.059992,-73.028648,Columbus Metro
LOC-4131,46074 Singleton Parkways,Sacramento,CA,8918,Alexander County,39.598559,-93.047589,Los Angeles Metro
LOC-4132,4654 Ryan Crescent Suite 398,Edison,NJ,18184,Keller County,27.295364,-81.075374,New York Metro
LOC-4133,55887 Ramirez Canyon,Scranton,PA,62706,Yoder County,34.570137,-119.940079,Philadelphia Metro
LOC-4134,31513 Duran Light Suite 086,Sterling Heights,MI,22639,Morris County,38.069619,-78.961562,Detroit Metro
LOC-4135,963 Mccormick Hill Suite 713,San Antonio,TX,71171,Parker County,25.922805,-73.594327,Dallas-Fort Worth Metro
LOC-4136,3834 Anthony Land,Springfield,IL,40146,Frank County,36.610436,-114.756721,Chicago Metro
LOC-4137,976 Richardson Track,Tucson,AZ,17775,Moore County,33.126206,-90.480805,Phoenix Metro
LOC-4138,7039 Jason Lane,Winston-Salem,NC,40896,Alexander County,36.54672,-114.044856,Charlotte Metro
LOC-4139,4410 Harris Mountains Apt. 182,Grand Rapids,MI,54492,Andersen County,45.510231,-88.260094,Detroit Metro
LOC-4140,34093 Mclaughlin Pass,Oakland,CA,85409,White County,40.317499,-112.859453,Los Angeles Metro
LOC-4141,3203 Elizabeth Mews,Vancouver,WA,47486,Sanders County,40.57857,-109.837669,Seattle Metro
LOC-4142,5184 Hicks Pass Suite 978,Vancouver,WA,55456,Dunn County,30.514163,-119.585875,Seattle Metro
LOC-4143,8795 Haynes Neck Apt. 149,Savannah,GA,30384,Miller County,32.670277,-68.104399,Atlanta Metro
LOC-4144,1906 Lauren Route Suite 108,Chicago,IL,92676,Dalton County,44.598292,-100.57235,Chicago Metro
LOC-4145,78668 Weaver Shore,Los Angeles,CA,27457-7526,Haas County,40.863409,-109.44072,Los Angeles Metro
LOC-4146,00326 Brown Forks Apt. 524,Chandler,AZ,32456,Davis County,37.148118,-100.083364,Phoenix Metro
LOC-4147,07651 Jason Fall Suite 957,Atlanta,GA,44910,Kim County,43.38189,-117.31998,Atlanta Metro
LOC-4148,961 Amber Turnpike,Aurora,IL,48075,Villegas County,26.933213,-118.000585,Chicago Metro
LOC-4149,970 Mejia Ford,Naperville,IL,53574,Boyd County,31.642835,-80.377373,Chicago Metro
LOC-4150,761 Heather Port Suite 676,Chesapeake,VA,91980,Hernandez County,33.707004,-95.176975,Washington DC Metro
LOC-4151,4561 Griffith Vista,Detroit,MI,63460,Martinez County,36.295742,-89.204306,Detroit Metro
LOC-4152,834 Sanchez Circles,Aurora,IL,75681,Thompson County,28.991177,-98.867154,Chicago Metro
LOC-4153,85904 Teresa Burgs,Lakewood,CO,74991,Dillon County,39.838387,-77.717018,Denver Metro
LOC-4154,70364 Nicole Union Suite 331,Sacramento,CA,25627,Harris County,47.576161,-86.897887,Los Angeles Metro
LOC-4155,1471 Pitts Lock,Joliet,IL,33255,Martin County,45.646751,-121.22315,Chicago Metro
LOC-4156,7942 Corey Via,Raleigh,NC,35764,Garcia County,25.591355,-95.319188,Charlotte Metro
LOC-4157,4821 Barry Neck,Aurora,IL,80133,Wang County,43.995521,-102.116121,Chicago Metro
LOC-4158,796 Christopher Divide,Oakland,CA,45212,Hill County,25.304665,-100.019053,Los Angeles Metro
LOC-4159,496 Cindy Manor,Virginia Beach,VA,87979,Lyons County,30.573948,-98.585187,Washington DC Metro
LOC-4160,96627 Joshua Orchard Apt. 658,Spokane,WA,18370,Winters County,36.294944,-69.522128,Seattle Metro
LOC-4161,623 Hunt Square Suite 717,SACRAMENTO,CA,44899,Martinez County,33.049914,-123.487643,Los Angeles Metro
LOC-4162,993 Travis Stravenue,San Francisco,CA,35036-1722,Newton County,25.037898,-109.503794,Los Angeles Metro
LOC-4163,700 George Mill,Augusta,GA,91393,Ray County,43.151659,-69.152311,Atlanta Metro
LOC-4164,44527 Rush Alley Apt. 398,Miami,FL,17874,Crawford County,45.436974,-108.936411,Miami Metro
LOC-4165,4659 Rojas Corners,tampa,FL,70567,Hopkins County,42.545778,-88.78047,Miami Metro
LOC-4166,498 Terry Rapids Apt. 203,Athens,GA,3148,Griffith County,26.418047,-120.155417,Atlanta Metro
LOC-4167,68687 Deborah Ford,Tampa,FL,94100,Ruiz County,44.370336,-114.333946,Miami Metro
LOC-4168,785 Murphy Squares Suite 530,Columbus,OH,56394,Carpenter County,28.902116,-83.83605,Columbus Metro
LOC-4169,643 Rhonda Creek Apt. 222,Hampton,VA,69894,Reed County,40.173056,-84.240839,Washington DC Metro
LOC-4170,0412 Robert Inlet Apt. 509,Sandy Springs,GA,76039,Campbell County,30.281308,-104.619189,Atlanta Metro
LOC-4171,7314 Donna Manors Suite 224,Lakewood,NJ,80076,Henry County,,-98.716048,New York Metro
LOC-4172,38280 Nixon Circle Apt. 245,newark,NJ,86890,Fox County,31.269669,,New York Metro
LOC-4173,1793 Salazar Rapids Apt. 393,Peoria,IL,8468,Sanchez County,30.436784,-68.534182,Chicago Metro
LOC-4174,387 Spencer Fords,Fort Lauderdale,FL,82291,Arnold County,39.236361,,Miami Metro
LOC-4175,982 Hunt Mission Apt. 868,Sterling Heights,MI,50272,Garcia County,45.86564,-101.610639,Detroit Metro
LOC-4176,2235 Travis Views Apt. 787,Arlington,TX,17463-5767,Hall County,27.979204,-114.583908,Dallas-Fort Worth Metro
LOC-4177,19980 Mcmahon Glens Suite 033,Paterson,NJ,7899,Hickman County,43.056262,-75.287493,New York Metro
LOC-4178,950 Ford Stravenue,Greensboro,NC,89500,Moore County,32.397957,-102.710441,Charlotte Metro
LOC-4179,81076 Bryant Mills Suite 739,Jersey City,NJ,69396,Olson County,46.739913,-105.141442,New York Metro
LOC-4180,059 Baker Meadows,Dayton,OH,52302,Mason County,30.140707,-74.097443,Columbus Metro
LOC-4181,05374 Elizabeth Estate,Kirkland,WA,30278,Villegas County,28.920658,-70.239454,Seattle Metro
LOC-4182,1033 Joshua Point,Mesa,AZ,87670,Schwartz County,26.181705,-86.398717,Phoenix Metro
LOC-4183,65188 Chan Creek Suite 613,Tucson,AZ,87199,Thomas County,45.878914,-88.593563,Phoenix Metro
LOC-4184,63572 Mcdonald Vista Apt. 985,Cincinnati,OH,37397,Alvarez County,34.140395,-109.47667,Columbus Metro
LOC-4185,8500 Taylor Springs,ANN ARBOR,MI,17893,Mann County,40.289789,,Detroit Metro
LOC-4186,580 Beth Valleys,Greensboro,NC,54890,Chapman County,26.889407,-116.652539,Charlotte Metro
LOC-4187,9245 Sarah Circles Suite 904,Erie,PA,39016,Gordon County,37.497229,-120.056133,Philadelphia Metro
LOC-4188,359 Brooks Fork Suite 536,Flint,MI,42460,Randall County,39.145621,-100.217856,Detroit Metro
LOC-4189,07799 Bryant Drive Apt. 264,norfolk,VA,17805,Berg County,28.236958,-101.321273,Washington DC Metro
LOC-4190,153 Stephanie Branch Apt. 702,COLUMBUS,OH,88488,Stevens County,36.408604,-98.417057,Columbus Metro
LOC-4191,076 Gallagher Square Suite 938,Aurora,CO,34719,Holt County,40.905502,-121.65919,Denver Metro
LOC-4192,45386 Daryl Mews Apt. 207,SAN ANTONIO,TX,6040,Peterson County,30.639804,-67.831304,Dallas-Fort Worth Metro
LOC-4193,06991 Diaz Key,San Jose,CA,48256,Reilly County,37.170242,-106.822375,Los Angeles Metro
LOC-4194,224 Flores Mews,Columbus,OH,9873,Morgan County,38.912507,-112.644658,Columbus Metro
LOC-4195,21489 Ramirez Corner,Charlotte,NC,99673,Lopez County,25.722547,-110.303163,Charlotte Metro
LOC-4196,176 Jason Center Apt. 815,Richmond,VA,69989,Hamilton County,35.463146,-75.361235,Washington DC Metro
LOC-4197,070 Rojas Spring Suite 951,Cincinnati,OH,49163,Smith County,45.36938,-112.142443,Columbus Metro
LOC-4198,61128 Carter Squares Apt. 173,Warren,MI,42783,Jarvis County,42.744913,-82.850742,Detroit Metro
LOC-4199,938 Chad Island Apt. 878,Akron,OH,51305,Aguilar County,30.405904,-121.188972,Columbus Metro
LOC-4200,89302 Brown Divide Apt. 850,Yonkers,NY,95563,Flores County,26.891635,-103.182264,New York Metro
LOC-4201,319 Edward Lodge,Edison,NJ,13734,Brown County,28.294892,-109.727254,New York Metro
LOC-4202,896 Baker Plaza Apt. 844,Columbus,OH,46889,Ali County,32.356003,-67.052739,Columbus Metro
LOC-4203,654 Jones Trail,Scottsdale,AZ,N/A,Lopez County,46.534006,-68.220938,Phoenix Metro
LOC-4204,054 Torres Mountains Apt. 566,Yonkers,NY,96625,Hernandez County,41.037055,-76.389099,New York Metro
LOC-4205,056 Breanna Inlet,Fort Lauderdale,FL,67249,Nelson County,43.976217,-71.661079,Miami Metro
LOC-4206,50123 Williams Locks Suite 660,Orlando,FL,57346,Mathis County,29.743638,-97.660472,Miami Metro
LOC-4207,59085 Horton Meadow Suite 789,Fort Lauderdale,FL,83313,Lewis County,26.946544,-85.815875,Miami Metro
LOC-4208,391 Freeman Fork Suite 299,Peoria,IL,20820,Williams County,41.680256,-88.378379,Chicago Metro
LOC-4209,2196 Brittany Burg,Warren,MI,61587,Taylor County,31.743735,-106.983952,Detroit Metro
LOC-4210,7142 Lowe Forks Apt. 111,New Rochelle,NY,13954,Li County,47.276299,-114.317124,New York Metro
LOC-4211,66237 Lee Roads,Arvada,CO,59241,Frederick County,33.405999,-109.428185,Denver Metro
LOC-4212,30983 Wendy Land,Winston-Salem,NC,73972,Good County,32.972947,-121.43204,Charlotte Metro
LOC-4213,8034 Robinson Flat,Atlanta,GA,90748,Rojas County,30.255729,-96.064725,Atlanta Metro
LOC-4214,742 Butler Lodge,Denver,CO,75995,Brandt County,26.317802,-84.602039,Denver Metro
LOC-4215,8058 Anthony Stravenue Suite 895,thornton,CO,93262,Mccall County,31.206543,-75.514918,Denver Metro
LOC-4216,157 Grimes Center,Columbus,OH,4906,Durham County,36.208527,-88.769276,Columbus Metro
LOC-4217,3857 Anita Causeway Suite 794,Cincinnati,OH,52416,Harvey County,36.219302,-107.550867,Columbus Metro
LOC-4218,8815 Stephanie Groves,Thornton,CO,26449,Patterson County,42.352192,-96.076504,Denver Metro
LOC-4219,954 Shawn Camp,Austin,TX,65430,Smith County,33.999015,-70.674395,Dallas-Fort Worth Metro
LOC-4220,6266 Herrera Lake Suite 553,Atlanta,GA,57815,Waters County,40.578889,-119.385801,Atlanta Metro
LOC-4221,77665 Montgomery Cape Apt. 344,Warren,MI,84143,Livingston County,46.487109,-110.377952,Detroit Metro
LOC-4222,81622 Patterson Grove,Reading,PA,N/A,Dixon County,34.506375,-74.773738,Philadelphia Metro
LOC-4223,186 Larry Estates Apt. 635,Erie,PA,34558,Medina County,45.844882,-70.92694,Philadelphia Metro
LOC-4224,533 Dominique Corner,STERLING HEIGHTS,MI,26863-3380,Soto County,39.748499,-99.509572,Detroit Metro
LOC-4225,356 Lisa Mills,Aurora,CO,60834,Mosley County,37.729258,-94.041117,Denver Metro
LOC-4226,8473 Parker Village,Edison,NJ,35978-7960,Lane County,46.383427,-120.668057,New York Metro
LOC-4227,2239 Timothy Light,Springfield,IL,84803,Jones County,47.752257,-113.715437,Chicago Metro
LOC-4228,225 Wade Pike Suite 313,San Antonio,TX,4080,Walters County,27.771532,-96.48742,Dallas-Fort Worth Metro
LOC-4229,740 Parker Harbor Apt. 739,Seattle,WA,61177,Woods County,27.482141,-89.461495,Seattle Metro
LOC-4230,75657 Lawrence Valleys Apt. 618,Cleveland,OH,99413,Villanueva County,44.247662,-103.319217,Columbus Metro
LOC-4231,2511 Carla Green Suite 519,Sacramento,CA,32777,Hurst County,34.504244,-104.147013,Los Angeles Metro
LOC-4232,1528 Young Plaza,Erie,PA,61326,King County,31.65462,-80.317985,Philadelphia Metro
LOC-4233,1706 Lawson Crest,Oakland,CA,11100,Torres County,41.328512,-111.625985,Los Angeles Metro
LOC-4234,37520 Lori Light Apt. 461,San Francisco,CA,50440,Gray County,29.004638,-98.664114,Los Angeles Metro
LOC-4235,57337 Huang Path Suite 091,Yonkers,NY,26688,Harris County,30.27317,-104.532183,New York Metro
LOC-4236,781 Christine Oval,Fayetteville,NC,11686,Rodriguez County,44.200506,-93.217562,Charlotte Metro
LOC-4237,1451 Aguilar Courts Suite 955,Glendale,AZ,86374,Patel County,40.32252,-100.454508,Phoenix Metro
LOC-4238,736 Stephanie Mountain,Pittsburgh,PA,97113,Thompson County,41.333932,-118.648426,Philadelphia Metro
LOC-4239,1808 Allen Pike Apt. 684,San Antonio,TX,8902,Moreno County,46.602902,-87.659771,Dallas-Fort Worth Metro
LOC-4240,230 Stanley Brook Suite 644,Dayton,OH,90829,Peterson County,29.029298,-119.802651,Columbus Metro
LOC-4241,06045 Emily Ridges,Mesa,AZ,46684,Williams County,29.427378,-68.300869,Phoenix Metro
LOC-4242,733 Anthony Park,Naples,FL,46448,Little County,25.709923,-111.179853,Miami Metro
LOC-4243,27223 Walker Meadow Suite 043,Norfolk,VA,24110,Thomas County,28.571909,-109.69679,Washington DC Metro
LOC-4244,59047 Michael Islands Apt. 265,Sandy Springs,GA,69195,Green County,38.387092,-104.488695,Atlanta Metro
LOC-4245,53973 Bridges Court,NORFOLK,VA,62796,Lee County,37.775325,-98.003366,Washington DC Metro
LOC-4246,964 Robert Roads Suite 009,Vancouver,WA,47229,Hoffman County,39.319462,-78.657459,Seattle Metro
LOC-4247,74051 Pena Gardens Apt. 641,Sarasota,FL,76234,Moody County,,-114.352847,Miami Metro
LOC-4248,365 Collins Causeway,Philadelphia,PA,71185,Mcpherson County,34.514086,-91.26238,Philadelphia Metro
LOC-4249,542 Williams Loop,Parma,OH,64254,Martinez County,28.16632,-72.573114,Columbus Metro
LOC-4250,38435 Lynch Ridges,Redmond,WA,84382,Lopez County,40.100624,-83.619229,Seattle Metro
LOC-4251,458 Eric Circles Suite 475,Arvada,CO,83757,Thompson County,44.684591,-90.917131,Denver Metro
LOC-4252,775 Diaz Cove Apt. 889,Hampton,VA,51922,Lambert County,44.174083,-67.755126,Washington DC Metro
LOC-4253,83676 Reed Motorway Apt. 310,Colorado Springs,CO,80261,Miller County,32.895009,-104.623625,Denver Metro
LOC-4254,133 Kelly Fords,Denver,CO,86365,Davidson County,41.04111,-90.122739,Denver Metro
LOC-4255,14483 Roberts Trail Suite 749,Raleigh,NC,37300,Hunter County,39.976975,-81.748905,Charlotte Metro
LOC-4256,683 Michael Landing,Bellevue,WA,60282,Dillon County,46.244696,-90.987114,Seattle Metro
LOC-4257,93535 Tamara Knoll,Atlanta,GA,23903,Brown County,32.525124,-110.904784,Atlanta Metro
LOC-4258,466 Shelby Meadows,Charlotte,NC,67454,Benton County,40.385649,-122.343136,Charlotte Metro
LOC-4259,471 Alvarez Islands,Woodbridge,NJ,N/A,Perry County,26.533903,-123.349826,New York Metro
LOC-4260,80103 Francisco Cove,Parma,OH,38814,Baldwin County,46.717936,-112.637559,Columbus Metro
LOC-4261,551 Colin Via,Rockford,IL,59195,Butler County,36.109302,-97.779964,Chicago Metro
LOC-4262,32854 Jose Crossroad,San Diego,CA,52726,Walls County,31.601055,-74.866898,Los Angeles Metro
LOC-4263,26214 Flores Mountains Apt. 504,Atlanta,GA,61261,Morris County,29.628217,-110.092642,Atlanta Metro
LOC-4264,8778 Katie Common Apt. 591,San Jose,CA,54789,Clark County,34.791263,-92.664172,Los Angeles Metro
LOC-4265,423 Jasmin Lock Apt. 554,Yonkers,NY,56371,Perry County,36.560115,-93.573409,New York Metro
LOC-4266,36931 Nancy Walk,New  York,NY,87305,Peterson County,34.715698,-73.714732,New York Metro
LOC-4267,732 Jacqueline Courts,Macon,GA,16383,Gomez County,37.961664,-94.606206,Atlanta Metro
LOC-4268,2787 Fowler Estates Suite 023,Tacoma,WA,51351,Rivera County,35.737452,-82.201011,Seattle Metro
LOC-4269,93099 Hicks Common Suite 078,LANSING,MI,14577,Kim County,36.93821,-70.523477,Detroit Metro
LOC-4270,999 Elizabeth Coves Apt. 948,Kirkland,WA,50505,Cordova County,31.510317,-75.860687,Seattle Metro
LOC-4271,6123 Carmen Shore Apt. 024,Lansing,MI,82675,Davis County,27.406594,-117.883186,Detroit Metro
LOC-4272,75863 Clark Ford Apt. 270,TOLEDO,OH,38709,Anderson County,29.62594,-123.243477,Columbus Metro
LOC-4273,6868 Li Village Suite 311,Fayetteville,NC,32956,Cruz County,26.558571,-119.064567,Charlotte Metro
LOC-4274,65149 Kirby Ford,New Rochelle,NY,49351,Cobb County,25.331211,-107.253009,New York Metro
LOC-4275,543 Andrew Knoll Suite 710,Tucson,AZ,68783,Randolph County,41.981606,-90.391247,Phoenix Metro
LOC-4276,275 Williams Roads,Spokane,WA,81072,Gardner County,40.625771,-67.726362,Seattle Metro
LOC-4277,697 Vanessa Ways Suite 342,Elizabeth,NJ,78627,Lopez County,32.364168,-67.264851,New York Metro
LOC-4278,452 Gary Station Suite 062,mesa,AZ,37846,Day County,43.816442,-97.188077,Phoenix Metro
LOC-4279,818 Evelyn Causeway,Springfield,IL,3548,Valdez County,27.298155,-112.796485,Chicago Metro
LOC-4280,1414 Michael Circle,Lansing,MI,91721,Grant County,43.835732,-83.778294,Detroit Metro
LOC-4281,134 Soto Stravenue,Syracuse,NY,10578,Martin County,33.009771,-106.391714,New York Metro
LOC-4282,64122 Turner Dale Suite 439,Buffalo,NY,23820-8698,Singh County,36.71516,-120.780618,New York Metro
LOC-4283,5396 Melanie Crossroad,Chandler,AZ,87714,King County,41.199944,-74.190338,Phoenix Metro
LOC-4284,4425 Sarah Squares,sarasota,FL,3984,Miles County,28.589966,-68.702967,Miami Metro
LOC-4285,527 Gordon Fall Apt. 918,columbus,GA,75992,Holland County,45.887368,-110.421056,Atlanta Metro
LOC-4286,24661 Stephenson Tunnel,Sacramento,CA,79450,Wang County,38.67657,-87.32575,Los Angeles Metro
LOC-4287,702 Cathy Ville,Jersey City,NJ,54774,Mcdonald County,35.702699,-113.207456,New York Metro
LOC-4288,635 Mariah Spur,Toledo,OH,57643-6065,Flores County,32.276165,-98.20137,Columbus Metro
LOC-4289,75331 Brown Skyway,Chesapeake,VA,48950,Singleton County,46.830096,-94.462144,Washington DC Metro
LOC-4290,79708 Williams Rue,Naples,FL,89107,Young County,26.116205,-117.587393,Miami Metro
LOC-4291,8725 Tanner Park Apt. 015,Seattle,WA,51244,Hall County,35.955434,-109.769617,Seattle Metro
LOC-4292,03256 Nelson Track,Austin,TX,47597,King County,36.372245,-121.886599,Dallas-Fort Worth Metro
LOC-4293,31151 Gordon Ridge,Redmond,WA,7973,Roberts County,38.995958,-112.470404,Seattle Metro
LOC-4294,26631 Turner Forest Apt. 990,Scottsdale,AZ,66874,Shea County,26.392246,-80.714076,Phoenix Metro
LOC-4295,913 Michael Light Suite 366,San Francisco,CA,49216,Crawford County,45.698817,-102.521126,Los Angeles Metro
LOC-4296,4635 Julie Hollow,Bellevue,WA,42009,Nguyen County,47.346082,-103.504765,Seattle Metro
LOC-4297,232 Mcdaniel Village,SAN DIEGO,CA,54203,Parker County,44.624288,-70.501674,Los Angeles Metro
LOC-4298,297 Jennifer Ranch Suite 577,winston-salem,NC,93864,Stewart County,28.822324,-108.647415,Charlotte Metro
LOC-4299,352 Elizabeth Parks,JACKSONVILLE,FL,24431,Smith County,42.191145,-101.788028,Miami Metro
LOC-4300,0641 James Square Apt. 540,Fayetteville,NC,70646,Moore County,30.771557,-100.175901,Charlotte Metro
LOC-4301,8307 Smith Locks Apt. 270,Yonkers,NY,37409,Benjamin County,32.924479,-67.36613,New York Metro
LOC-4302,141 Emma Crossroad Suite 963,Redmond,WA,64160,Nicholson County,38.128345,-74.534587,Seattle Metro
LOC-4303,2721 Rhonda Lodge Suite 543,Orlando,FL,46768-3878,Hughes County,46.462661,-84.003226,Miami Metro
LOC-4304,796 Hopkins Loaf Suite 269,Oakland,CA,61348,Palmer County,30.535018,-90.953366,Los Angeles Metro
LOC-4305,13332 Gilbert Points,Greensboro,NC,58241,Doyle County,44.396186,-89.06378,Charlotte Metro
LOC-4306,70267 Carrie Lights,COLORADO SPRINGS,CO,1047,Jones County,30.341575,-101.066787,Denver Metro
LOC-4307,185 Kyle Mount Suite 616,Fort Lauderdale,FL,72238,Stevenson County,,-74.348524,Miami Metro
LOC-4308,495 Raymond Viaduct,Flint,MI,59847,Barnes County,27.30602,-76.785853,Detroit Metro
LOC-4309,87956 Kurt Corner,JERSEY CITY,NJ,29367,Mullins County,43.256392,-120.598094,New York Metro
LOC-4310,1592 Eric Junction Suite 890,Akron,OH,48295,Pruitt County,29.837522,-99.019525,Columbus Metro
LOC-4311,69030 Justin Summit Suite 112,Tempe,AZ,32916,Williams County,38.262255,-75.490817,Phoenix Metro
LOC-4312,02385 Park View Apt. 292,Flint,MI,47942,Jarvis County,46.456898,-86.130359,Detroit Metro
LOC-4313,2230 John Street,buffalo,NY,82628,Tran County,25.963248,-97.2619,New York Metro
LOC-4314,98951 Holly Garden,Fort Lauderdale,FL,40882,Sims County,41.122971,-100.902139,Miami Metro
LOC-4315,738 Guzman Mill Suite 678,Tacoma,WA,97489,Underwood County,38.132153,-87.993759,Seattle Metro
LOC-4316,0842 Brittany Lights,Peoria,IL,39172,Pacheco County,40.635679,-110.961932,Chicago Metro
LOC-4317,1444 Morgan Groves Apt. 062,Virginia Beach,VA,40784,Wilkins County,34.925255,-67.870244,Washington DC Metro
LOC-4318,148 Pacheco Ridges Apt. 987,Bethlehem,PA,19485,Thomas County,25.061193,-87.767325,Philadelphia Metro
LOC-4319,811 Alejandro Avenue,Chandler,AZ,85358,Holmes County,,-118.066759,Phoenix Metro
LOC-4320,391 Roach Prairie,columbus,OH,64338,Thornton County,42.01478,-78.948241,Columbus Metro
LOC-4321,79633 Connie Alley,San Diego,CA,12305,Lutz County,35.170544,-89.088459,Los Angeles Metro
LOC-4322,504 Allen Well Apt. 719,Edison,NJ,59772,Martin County,28.084245,-106.200976,New York Metro
LOC-4323,84416 Emily Ramp,Dayton,OH,81348,Lewis County,47.695278,-74.202498,Columbus Metro
LOC-4324,40885 Sheryl Shoal Suite 323,Denver,CO,17337,Hunter County,45.95703,-108.393082,Denver Metro
LOC-4325,0574 Benjamin Mountains,Grand Rapids,MI,43324,Jenkins County,25.321674,-119.65292,Detroit Metro
LOC-4326,65941 Anderson Wells,Elizabeth,NJ,90811,Flynn County,25.551499,-110.098676,New York Metro
LOC-4327,516 Leslie Path,woodbridge,NJ,65790,Jones County,27.168576,-93.169368,New York Metro
LOC-4328,4466 Shaffer Coves,New  Rochelle,NY,20561,Morrow County,38.222953,-105.943005,New York Metro
LOC-4329,901 Paige Village,Fort Lauderdale,FL,82404,Munoz County,31.732256,,Miami Metro
LOC-4330,8511 Fox Crest,Spokane,WA,98011,Serrano County,26.661174,-79.190112,Seattle Metro
LOC-4331,46023 Wright Junction,Glendale,AZ,24504,Schultz County,45.077608,-92.790035,Phoenix Metro
LOC-4332,289 Connor Groves Apt. 812,Akron,OH,53799,Steele County,44.573863,-80.723118,Columbus Metro
LOC-4333,3167 Foster Divide Suite 168,Norfolk,VA,88661-5838,Aguilar County,30.488025,-109.917303,Washington DC Metro
LOC-4334,884 Hunt Spur Suite 181,Philadelphia,PA,32070,Nash County,38.808144,-77.597223,Philadelphia Metro
LOC-4335,347 Burgess Keys,Syracuse,NY,4875,Proctor County,45.989623,-69.917932,New York Metro
LOC-4336,473 Veronica Point,Sandy Springs,GA,43671,Johnson County,38.432736,-108.837021,Atlanta Metro
LOC-4337,31148 Larry Walks,Scranton,PA,35044,Davis County,25.604911,-100.579447,Philadelphia Metro
LOC-4338,304 Parker Port Suite 894,Durham,NC,26782,Thomas County,26.076581,-105.798568,Charlotte Metro
LOC-4339,634 Kathleen Course Suite 689,Redmond,WA,97958,Perez County,36.398283,-117.968965,Seattle Metro
LOC-4340,0041 Davis Corners Apt. 030,Fort  Worth,TX,37709,Ramos County,28.919095,-120.616829,Dallas-Fort Worth Metro
LOC-4341,1706 Paul Stream Suite 846,Joliet,IL,40343,Collins County,40.911745,-97.115065,Chicago Metro
LOC-4342,098 Martinez Inlet,virginia beach,VA,43580,Tate County,37.141086,-73.289125,Washington DC Metro
LOC-4343,186 Munoz Fork,Durham,NC,73801,Norman County,36.013845,-79.498218,Charlotte Metro
LOC-4344,0557 Melissa Inlet Suite 721,Sacramento,CA,61610,Gibbs County,26.335172,-107.345485,Los Angeles Metro
LOC-4345,62091 Smith Shore Suite 941,dallas,TX,23844,Woods County,29.438094,-94.544794,Dallas-Fort Worth Metro
LOC-4346,19017 Holly Loaf,Bethlehem,PA,79924,Henderson County,38.469496,-107.923763,Philadelphia Metro
LOC-4347,72185 Megan Passage Suite 047,Tacoma,WA,12387,Williams County,38.97711,-83.612559,Seattle Metro
LOC-4348,712 Stewart Key Suite 416,Naples,FL,64884,Stewart County,46.784411,-70.686687,Miami Metro
LOC-4349,7157 Teresa View Apt. 207,Cleveland,OH,78582-6162,Smith County,28.437802,-76.449037,Columbus Metro
LOC-4350,589 Kathy Port,Albany,NY,45079,Henderson County,44.089174,-70.031722,New York Metro
LOC-4351,2552 Stevens Common,San Francisco,CA,56910,Bailey County,33.433984,-81.79166,Los Angeles Metro
LOC-4352,59848 Mary Mall,Fayetteville,NC,55314,Jones County,38.802026,-92.14532,Charlotte Metro
LOC-4353,830 Harris Drive Apt. 997,hampton,VA,21021,Fernandez County,43.62264,-96.136392,Washington DC Metro
LOC-4354,10133 Alec Bridge,Allentown,PA,36437,Ramirez County,40.046679,-75.195812,Philadelphia Metro
LOC-4355,76584 Daniel Hollow,Detroit,MI,64658,Williams County,26.560599,-106.328282,Detroit Metro
LOC-4356,5025 Kelley Camp Apt. 959,Mesa,AZ,69076,Brown County,33.853759,-79.551672,Phoenix Metro
LOC-4357,990 Myers Locks Apt. 991,paterson,NJ,71622,Black County,45.631391,-93.138218,New York Metro
LOC-4358,648 Omar Lodge,Denver,CO,12644,Willis County,27.518623,-85.557585,Denver Metro
LOC-4359,63677 Stanley Station Suite 529,Lansing,MI,3812,Jenkins County,44.676202,-72.021268,Detroit Metro
LOC-4360,269 Michael Groves Suite 881,Fayetteville,NC,69810,Powers County,43.443161,-85.386484,Charlotte Metro
LOC-4361,24527 Johnson Camp Suite 550,Detroit,MI,76361,Morris County,30.326782,-109.906919,Detroit Metro
LOC-4362,4818 Ramos Ramp,Rockford,IL,67626,Baldwin County,46.095575,-100.083981,Chicago Metro
LOC-4363,39193 Brown Harbors,Jacksonville,FL,72529,Massey County,37.631985,-120.199476,Miami Metro
LOC-4364,2013 Huff Via,Flint,MI,74296,Douglas County,39.347232,-75.671677,Detroit Metro
LOC-4365,82814 Kelly Fall Suite 786,Tampa,FL,98312,Mcdaniel County,39.363974,-100.952928,Miami Metro
LOC-4366,7236 Timothy Forks,Alexandria,VA,83434,Hall County,45.14036,-112.981839,Washington DC Metro
LOC-4367,45446 Lara Gateway,Tacoma,WA,64568,Brandt County,37.181083,-103.000626,Seattle Metro
LOC-4368,09549 Hart Cove,Macon,GA,91560,Freeman County,30.871187,-83.530777,Atlanta Metro
LOC-4369,79099 Heather Stravenue,chicago,IL,4561,Duncan County,35.224942,-100.613044,Chicago Metro
LOC-4370,7617 Candice Landing Apt. 103,Houston,TX,50940,Espinoza County,25.928055,-80.18233,Dallas-Fort Worth Metro
LOC-4371,2576 Casey Stream Apt. 280,Akron,OH,33129,Reed County,36.575959,-72.792593,Columbus Metro
LOC-4372,0004 Hill Key Suite 630,Augusta,GA,43898,Landry County,41.357179,-91.183778,Atlanta Metro
LOC-4373,727 Hamilton Unions Apt. 021,Mesa,AZ,94158,Hayes County,36.050133,-112.890347,Phoenix Metro
LOC-4374,390 Lee Burgs,Aurora,CO,68373,Wilson County,33.42318,-72.623849,Denver Metro
LOC-4375,760 Lopez Skyway,Woodbridge,NJ,97402,Bass County,26.539316,-120.589222,New York Metro
LOC-4376,489 Mariah Divide,Lansing,MI,56478,Perez County,38.57209,-78.622593,Detroit Metro
LOC-4377,5677 Walls Loaf Suite 324,Fort Worth,TX,6259,Wilson County,39.609117,-96.898558,Dallas-Fort Worth Metro
LOC-4378,426 Paige Mill Suite 746,Chicago,IL,30683,Mcguire County,46.944095,-120.644273,Chicago Metro
LOC-4379,785 Underwood Lakes Apt. 924,San Antonio,TX,74776,Taylor County,,-79.744572,Dallas-Fort Worth Metro
LOC-4380,6829 Davis Key,Jacksonville,FL,N/A,Thomas County,34.889413,-81.746515,Miami Metro
LOC-4381,51187 Moreno Garden Suite 144,Redmond,WA,70099,Castro County,41.576102,-71.743874,Seattle Metro
LOC-4382,774 Everett Tunnel Apt. 971,Fayetteville,NC,63372,Finley County,28.116348,-74.717279,Charlotte Metro
LOC-4383,18872 Tucker Port,Naples,FL,42319,Rush County,34.114135,-67.910913,Miami Metro
LOC-4384,8886 Contreras Tunnel,Greensboro,NC,45744,Campbell County,27.900546,-100.143123,Charlotte Metro
LOC-4385,50578 Powell Divide,Athens,GA,9563,Morrow County,29.695781,-88.639797,Atlanta Metro
LOC-4386,46518 Mathews Trail Apt. 531,Scranton,PA,5599,Anderson County,43.70225,-101.606352,Philadelphia Metro
LOC-4387,38298 Hanson Place Suite 865,Newport News,VA,71769,French County,44.898162,-115.180451,Washington DC Metro
LOC-4388,6017 Lauren Street Suite 939,Glendale,AZ,67547,Perry County,,-107.67024,Phoenix Metro
LOC-4389,55226 Miller Dale,Jersey City,NJ,92209,Baker County,27.620144,-74.841204,New York Metro
LOC-4390,5295 Hoffman Underpass Apt. 516,Pittsburgh,PA,75611,Daniels County,46.010216,-97.417376,Philadelphia Metro
LOC-4391,22711 Denise Parkway,Denver,CO,7806,Williams County,32.65742,-111.211973,Denver Metro
LOC-4392,49800 Ramos Spur,Vancouver,WA,95657,Edwards County,31.822088,-105.061837,Seattle Metro
LOC-4393,7734 Edward Falls Apt. 913,philadelphia,PA,11459,Anderson County,32.998954,-103.172398,Philadelphia Metro
LOC-4394,366 Hanson Gateway,Fort Lauderdale,FL,14734,Howard County,37.22686,-73.299432,Miami Metro
LOC-4395,469 Clark Ports,Spokane,WA,98294,Hooper County,44.259535,-68.863002,Seattle Metro
LOC-4396,8456 Thomas Rue Apt. 702,Tampa,FL,88210,Green County,34.180864,-106.122432,Miami Metro
LOC-4397,9845 Carolyn Light Suite 094,Tampa,FL,18245,Mcdonald County,36.099078,-80.602231,Miami Metro
LOC-4398,62646 Shaw Place,CHESAPEAKE,VA,86681,Weeks County,45.182377,-109.72355,Washington DC Metro
LOC-4399,44463 Douglas Pines Suite 209,Jacksonville,FL,45011,Arroyo County,30.777097,,Miami Metro
LOC-4400,9390 Gina Divide Apt. 021,Fort Worth,TX,65457,Peterson County,27.575965,-70.538706,Dallas-Fort Worth Metro
LOC-4401,85136 Johnson Highway,Springfield,IL,51922,Larsen County,41.097989,-71.791294,Chicago Metro
LOC-4402,523 Smith Trafficway Suite 775,Spokane,WA,98492,Jones County,45.767795,-79.894512,Seattle Metro
LOC-4403,32260 Allen Trace,Houston,TX,79209,Brennan County,28.859947,-82.929149,Dallas-Fort Worth Metro
LOC-4404,26748 Henderson Roads Apt. 103,Chicago,IL,82817,Taylor County,47.251064,-109.688993,Chicago Metro
LOC-4405,543 Espinoza Orchard,Rockford,IL,94919,Young County,41.865257,-117.195006,Chicago Metro
LOC-4406,582 Christine Summit Suite 599,San Antonio,TX,88836,Barnes County,,-94.291848,Dallas-Fort Worth Metro
LOC-4407,43121 Michael Lakes,Bellevue,WA,11562,Mcmahon County,40.050842,-67.612638,Seattle Metro
LOC-4408,923 Thomas Crest,San Francisco,CA,13298,Adams County,25.766621,-76.185616,Los Angeles Metro
LOC-4409,7067 Stephen Village,San Diego,CA,39013,Harvey County,39.756171,-82.922484,Los Angeles Metro
LOC-4410,4547 Valdez Mill,ann arbor,MI,34166,Jones County,42.891548,-67.019948,Detroit Metro
LOC-4411,56873 Emily Curve,Warren,MI,27969,Evans County,26.726986,-71.982363,Detroit Metro
LOC-4412,5963 Burch Pines Suite 583,Macon,GA,43853,Fletcher County,27.639292,-83.777795,Atlanta Metro
LOC-4413,035 Gordon Mountains,Cary,NC,3080,Taylor County,43.819667,-108.753859,Charlotte Metro
LOC-4414,275 Mary Overpass,Mesa,AZ,52078,Schultz County,44.486407,-101.838808,Phoenix Metro
LOC-4415,4210 Joe Tunnel,BUFFALO,NY,44041,Gonzales County,33.497216,-68.788755,New York Metro
LOC-4416,807 Ryan Mall,Phoenix,AZ,61215,Peck County,44.564279,-71.61602,Phoenix Metro
LOC-4417,706 Riley River Apt. 196,Rockford,IL,17515,Alvarado County,46.323706,-91.520852,Chicago Metro
LOC-4418,35623 Kramer Extensions Apt. 118,San Antonio,TX,15172,Ruiz County,28.315864,-82.72573,Dallas-Fort Worth Metro
LOC-4419,08222 Michael Curve,New Rochelle,NY,26656,Brady County,25.528239,-67.217999,New York Metro
LOC-4420,939 Reyes Trafficway,Durham,NC,22324,Williams County,34.50408,-73.121777,Charlotte Metro
LOC-4421,6617 Mary Bridge,Tempe,AZ,57584,Lin County,32.373682,,Phoenix Metro
LOC-4422,8247 Prince Ridges Apt. 173,Bethlehem,PA,85577,Bradley County,45.343783,-121.940204,Philadelphia Metro
LOC-4423,5068 Murray Meadow Apt. 273,Mesa,AZ,98516,Martinez County,36.844038,-103.886395,Phoenix Metro
LOC-4424,50245 Phillip Flats,grand rapids,MI,90204,Martinez County,33.760481,-112.819762,Detroit Metro
LOC-4425,52416 Strickland Roads Suite 646,Parma,OH,70094,Herrera County,28.754349,-110.320417,Columbus Metro
LOC-4426,6469 Joshua Station Suite 000,Jacksonville,FL,43333,Michael County,29.734787,-81.846794,Miami Metro
LOC-4427,137 Lee Pass,Scranton,PA,83534,Nelson County,42.918841,-122.135181,Philadelphia Metro
LOC-4428,73823 Dylan Vista,Tempe,AZ,7736,Cummings County,44.800555,-95.66339,Phoenix Metro
LOC-4429,76223 Joseph Cape,Fort Lauderdale,FL,12323,Wilson County,33.891217,-80.771172,Miami Metro
LOC-4430,77657 Lutz Mews Apt. 000,Tacoma,WA,46382-5618,Smith County,41.019898,-88.586761,Seattle Metro
LOC-4431,118 Martin Street Suite 793,Yonkers,NY,79283,Hanson County,40.248534,-99.663726,New York Metro
LOC-4432,8914 David Radial,Sacramento,CA,73747,May County,30.911174,-96.52199,Los Angeles Metro
LOC-4433,15558 Deborah Parkway Suite 575,VIRGINIA BEACH,VA,18063,Murray County,37.679997,-94.970078,Washington DC Metro
LOC-4434,318 Jill Plaza,Raleigh,NC,21132,Taylor County,35.280205,-83.440509,Charlotte Metro
LOC-4435,0844 Price Route,Jersey City,NJ,47028,Flores County,32.463556,-90.286047,New York Metro
LOC-4436,381 William Stravenue,Aurora,IL,74558,Travis County,42.70914,-98.008684,Chicago Metro
LOC-4437,84293 Stephanie Streets Suite 570,Philadelphia,PA,23978,Jones County,36.986813,-73.995948,Philadelphia Metro
LOC-4438,37010 Ward Locks Apt. 549,Aurora,CO,66619,Tucker County,30.227309,-102.427679,Denver Metro
LOC-4439,9310 Natalie Expressway,Dayton,OH,74118,Holland County,36.626456,,Columbus Metro
LOC-4440,5699 Ryan Brooks Suite 186,Hampton,VA,70571,Jensen County,40.825408,-84.559167,Washington DC Metro
LOC-4441,95661 Lori Wall Apt. 892,Scranton,PA,87864,Boyer County,42.314778,-120.809271,Philadelphia Metro
LOC-4442,5864 Michael Valleys,Hampton,VA,87298,Young County,32.82766,-116.544271,Washington DC Metro
LOC-4443,3363 Susan Prairie Apt. 896,Aurora,CO,20644,Hinton County,41.39183,-83.867599,Denver Metro
LOC-4444,617 Lucas Plains,Dayton,OH,94521,Reynolds County,40.283643,-120.109848,Columbus Metro
LOC-4445,4964 Gerald Mall Apt. 558,Vancouver,WA,64298,Ayala County,26.80386,-111.184967,Seattle Metro
LOC-4446,35808 Richardson Road,Peoria,IL,86778,Odom County,47.364309,-117.458336,Chicago Metro
LOC-4447,4910 Cameron Highway,Orlando,FL,53540,Pollard County,26.188158,-88.729953,Miami Metro
LOC-4448,92727 Hunter Fords,Sterling  Heights,MI,98432,Roberts County,46.051256,-90.745462,Detroit Metro
LOC-4449,328 Sheila Corners Suite 717,Bellevue,WA,74679,Hayes County,38.114423,-83.643997,Seattle Metro
LOC-4450,03402 Tamara Overpass,Redmond,WA,1266,Wiggins County,41.516275,-116.970468,Seattle Metro
LOC-4451,74574 Thomas Ridges Apt. 848,Aurora,IL,63451,Smith County,38.711464,-101.478593,Chicago Metro
LOC-4452,01330 Jennifer Harbor,Reading,PA,43208,Summers County,42.646038,-80.614263,Philadelphia Metro
LOC-4453,0113 Daniel Shore,El Paso,TX,97908,Fields County,,-94.858564,Dallas-Fort Worth Metro
LOC-4454,277 Joseph Gateway,Reading,PA,34037,Newman County,40.156035,-96.425063,Philadelphia Metro
LOC-4455,5618 Simmons Ports Apt. 583,Thornton,CO,61652,Clark County,41.18672,-116.675007,Denver Metro
LOC-4456,9747 Sarah Roads Apt. 487,Phoenix,AZ,N/A,Harmon County,27.858843,-97.50933,Phoenix Metro
LOC-4457,290 Jeffrey Pike,Jersey City,NJ,43556,Barron County,46.689171,-105.329841,New York Metro
LOC-4458,6197 Stephens Cliffs Apt. 666,Elizabeth,NJ,75235,Vega County,30.765888,-82.835472,New York Metro
LOC-4459,9927 Craig Spring,Tempe,AZ,73190,Roberson County,29.756791,-120.03286,Phoenix Metro
LOC-4460,657 House Street Suite 597,ATHENS,GA,10132,Ramos County,35.979811,-88.115754,Atlanta Metro
LOC-4461,776 Lewis Shores Apt. 075,Charlotte,NC,64124-1577,Johnson County,36.071493,-108.940574,Charlotte Metro
LOC-4462,233 Young Fork Apt. 474,Akron,OH,97622,Vazquez County,28.485902,-75.853026,Columbus Metro
LOC-4463,7886 Cole Mission,Arlington,TX,47988,Sanchez County,33.469803,-99.877862,Dallas-Fort Worth Metro
LOC-4464,6052 Teresa Wells Apt. 213,Virginia Beach,VA,55647,Robinson County,33.897719,-67.631461,Washington DC Metro
LOC-4465,789 Lauren Pass Apt. 229,Tampa,FL,68391,Douglas County,45.457433,,Miami Metro
LOC-4466,7693 William Plain Apt. 707,CARY,NC,17259,George County,29.044724,-84.751345,Charlotte Metro
LOC-4467,906 Jacob Shore,Macon,GA,64420,Banks County,47.198111,-119.897347,Atlanta Metro
LOC-4468,434 Weber Port Suite 470,Lansing,MI,89625,Little County,34.312326,-70.873972,Detroit Metro
LOC-4469,671 Jacqueline Throughway Apt. 498,Sarasota,FL,67854,Welch County,41.054822,-109.427006,Miami Metro
LOC-4470,43650 Garcia Divide Suite 724,WARREN,MI,89318,Smith County,34.04472,,Detroit Metro
LOC-4471,87013 Melanie Landing Suite 670,Elizabeth,NJ,29017,Brown County,27.716765,-67.536257,New York Metro
LOC-4472,717 Adrian Turnpike,Chicago,IL,70597,Cook County,47.196248,-77.840533,Chicago Metro
LOC-4473,071 Edward Common,Peoria,IL,24168-6962,Allen County,42.598399,-73.156277,Chicago Metro
LOC-4474,50346 Miranda Roads Apt. 734,Richmond,VA,97926,Davis County,38.900097,-103.201244,Washington DC Metro
LOC-4475,414 Houston Key Suite 451,Colorado Springs,CO,88079,Drake County,42.23388,-101.62368,Denver Metro
LOC-4476,35591 Leon Throughway,Allentown,PA,87689,Turner County,42.716871,-96.97041,Philadelphia Metro
LOC-4477,6630 Patrick Fort,Lakewood,CO,88816,Hunt County,32.490135,-83.883221,Denver Metro
LOC-4478,650 Sean Hill Suite 352,atlanta,GA,26684,Lam County,29.988491,-84.361389,Atlanta Metro
LOC-4479,019 Robert Fort Suite 470,Akron,OH,71730,Roman County,34.675927,-115.073572,Columbus Metro
LOC-4480,677 Lynn Fords Suite 145,Scottsdale,AZ,57147,Hernandez County,26.922616,-116.281767,Phoenix Metro
LOC-4481,649 Gina Island Apt. 509,Aurora,IL,94691,Smith County,41.615962,-103.86797,Chicago Metro
LOC-4482,51840 Hurley Rapid Apt. 946,Dayton,OH,57787,Cox County,38.80079,-115.157104,Columbus Metro
LOC-4483,71004 Michelle Meadow,Naples,FL,82924,Cannon County,25.594136,,Miami Metro
LOC-4484,84709 Barbara Estate Apt. 509,Jersey City,NJ,81688,Davis County,41.410452,-89.323886,New York Metro
LOC-4485,39236 Louis Forges Apt. 865,Fort Lauderdale,FL,79095,Burns County,27.389013,-82.606619,Miami Metro
LOC-4486,92491 William Summit,Lansing,MI,73494,Kent County,34.442386,-86.141242,Detroit Metro
LOC-4487,06238 William Shoal,Cincinnati,OH,5206,Dean County,40.742312,-72.878623,Columbus Metro
LOC-4488,1679 Tristan Locks Apt. 960,Denver,CO,56323,Henry County,26.133446,-92.859138,Denver Metro
LOC-4489,72923 Sonya Squares,Dayton,OH,55956,Nguyen County,42.185001,,Columbus Metro
LOC-4490,35315 Michael Expressway,Charlotte,NC,83664,Joseph County,37.789352,-85.215328,Charlotte Metro
LOC-4491,245 Kelsey Stravenue Apt. 941,Tacoma,WA,67048-4475,Adams County,35.270345,-77.754813,Seattle Metro
LOC-4492,716 Amanda Ridge Apt. 182,Cleveland,OH,93099,Roberts County,42.544259,-110.192497,Columbus Metro
LOC-4493,216 Nicholas Rapid Suite 038,Savannah,GA,85245,Reynolds County,30.264029,-69.697648,Atlanta Metro
LOC-4494,732 Jeff Dam Apt. 426,Sarasota,FL,66413,Gonzalez County,28.916177,-117.47673,Miami Metro
LOC-4495,8125 Garcia Junctions,Orlando,FL,37097,Kidd County,39.692794,-110.042195,Miami Metro
LOC-4496,475 Joshua Mountain Suite 176,Miami,FL,11136,Collins County,39.568087,-109.607587,Miami Metro
LOC-4497,1057 Contreras Bypass Suite 525,Sterling Heights,MI,94095,Robinson County,28.768446,-119.665993,Detroit Metro
LOC-4498,244 Bates Throughway,Augusta,GA,63698,Hall County,38.159229,-81.188744,Atlanta Metro
LOC-4499,99550 Webb Valleys Suite 728,ANN ARBOR,MI,49064,Mueller County,41.576013,-101.834583,Detroit Metro
LOC-4500,706 Thompson Turnpike Apt. 162,Edison,NJ,78678,Lopez County,31.887093,-81.392046,New York Metro
LOC-4501,77149 Kelley Mountains Apt. 484,Lakewood,NJ,25265,Silva County,43.395149,-89.111776,New York Metro
LOC-4502,1528 Adam Terrace,Kirkland,WA,61157-8129,Coleman County,30.592642,-91.824241,Seattle Metro
LOC-4503,080 Andrew Mountains,Savannah,GA,41064,Davidson County,28.629651,-115.928616,Atlanta Metro
LOC-4504,882 Whitney Prairie,Columbus,GA,19529,Wilcox County,46.101457,-119.361143,Atlanta Metro
LOC-4505,10942 Cynthia Springs Suite 791,Durham,NC,74589,Lewis County,40.382714,-75.644406,Charlotte Metro
LOC-4506,9299 Gary Corners,scottsdale,AZ,13731,Johnson County,32.444809,-123.299169,Phoenix Metro
LOC-4507,79825 Armstrong Turnpike,Augusta,GA,82158,Duncan County,25.745592,-82.426653,Atlanta Metro
LOC-4508,9432 Clarke Fort,Aurora,IL,26473,Thompson County,42.005838,-97.247148,Chicago Metro
LOC-4509,0807 May Bridge,Buffalo,NY,17251,Hall County,42.549059,-104.834621,New York Metro
LOC-4510,1506 Hernandez Light,Yonkers,NY,71905,Smith County,45.857458,-90.636835,New York Metro
LOC-4511,208 Wilson Knolls Apt. 228,Spokane,WA,25733,Butler County,46.073219,-94.055205,Seattle Metro
LOC-4512,09997 Lane Creek Apt. 715,Scranton,PA,95411,Riddle County,28.364904,-84.011087,Philadelphia Metro
LOC-4513,64873 Martinez Key,Chandler,AZ,87068,Austin County,35.480098,-90.880472,Phoenix Metro
LOC-4514,25996 Boyd Ford,Chandler,AZ,6399,Adams County,36.488923,-91.545182,Phoenix Metro
LOC-4515,297 Fuller Club,Aurora,CO,17241,Rogers County,31.723737,-67.230655,Denver Metro
LOC-4516,959 Pratt Common,Fort Lauderdale,FL,89927,French County,41.774676,-68.665618,Miami Metro
LOC-4517,7007 Caroline Corner Apt. 353,Sacramento,CA,33850,Robinson County,28.393999,-103.725533,Los Angeles Metro
LOC-4518,9217 James Branch,Joliet,IL,53590,Rosario County,40.426357,-81.943343,Chicago Metro
LOC-4519,5886 Wright Creek,Savannah,GA,86553,Lucero County,42.724871,-82.669856,Atlanta Metro
LOC-4520,387 Nicholas Circles Suite 421,Kirkland,WA,21869,Rodriguez County,38.577138,-75.759336,Seattle Metro
LOC-4521,491 Jessica Lights Suite 951,Fayetteville,NC,10936,Alvarez County,41.37232,-80.405589,Charlotte Metro
LOC-4522,6648 Joshua Corners,Pittsburgh,PA,54398,Robinson County,35.976032,-99.069415,Philadelphia Metro
LOC-4523,0019 Pamela Views Apt. 063,Philadelphia,PA,13150,Peters County,43.342598,-75.43284,Philadelphia Metro
LOC-4524,4326 Mejia Port,Miami,FL,N/A,Morrow County,33.926913,-110.187076,Miami Metro
LOC-4525,89819 Mason Shore Suite 517,Colorado Springs,CO,78248,George County,30.161075,-91.557745,Denver Metro
LOC-4526,3698 Patricia Forest Suite 594,Austin,TX,85170,Ferguson County,26.942836,,Dallas-Fort Worth Metro
LOC-4527,49408 Charlene Cliff,Fort Collins,CO,8423,Johnson County,47.020022,-102.797199,Denver Metro
LOC-4528,9569 Carrie Squares,Springfield,IL,36763,Robinson County,34.776191,-70.795711,Chicago Metro
LOC-4529,67926 Roberts Track,Augusta,GA,61729,Sexton County,40.334294,-121.38211,Atlanta Metro
LOC-4530,075 Matthew Viaduct,Aurora,CO,68838,Andrews County,41.905303,-81.055973,Denver Metro
LOC-4531,640 Brian Mission,San Diego,CA,93729,Rodriguez County,35.164126,-72.688425,Los Angeles Metro
LOC-4532,9651 Linda Islands,Chicago,IL,79886,Jacobs County,41.959933,-92.757014,Chicago Metro
LOC-4533,653 Roberts Groves,Bethlehem,PA,68661,Gomez County,32.880082,-95.280511,Philadelphia Metro
LOC-4534,839 Christopher Lakes Suite 654,jersey city,NJ,12789,Wilkerson County,46.647591,-123.064279,New York Metro
LOC-4535,7812 Holmes Passage,Vancouver,WA,49711,Dennis County,27.689683,-102.398419,Seattle Metro
LOC-4536,8632 Christopher Mountain,Kirkland,WA,21270,Williams County,33.434653,-102.202818,Seattle Metro
LOC-4537,78176 John Stravenue,Chicago,IL,67730,Thompson County,33.19476,-121.600745,Chicago Metro
LOC-4538,811 Gabriel Mill Suite 615,greensboro,NC,93980,York County,28.168917,-88.306984,Charlotte Metro
LOC-4539,8442 Price Mews,Ann Arbor,MI,95303,Logan County,38.960587,-106.458219,Detroit Metro
LOC-4540,42597 Stewart Course,Scranton,PA,95128,White County,46.744974,-71.542084,Philadelphia Metro
LOC-4541,5847 Miller Lock Apt. 499,Syracuse,NY,48388,Smith County,45.029037,-106.649122,New York Metro
LOC-4542,409 Matthew Rue,Virginia Beach,VA,78678,Turner County,30.421387,-120.316577,Washington DC Metro
LOC-4543,52165 Andrea Views Suite 390,Woodbridge,NJ,45670,Ellis County,45.055258,-89.083249,New York Metro
LOC-4544,6752 Newman Falls Apt. 315,Norfolk,VA,14616,Castillo County,41.781517,-109.188556,Washington DC Metro
LOC-4545,65811 Joshua Throughway Apt. 778,newport news,VA,82107,Hall County,37.505855,-82.011353,Washington DC Metro
LOC-4546,0968 Nancy Port,Philadelphia,PA,85412,Taylor County,41.991029,-121.097008,Philadelphia Metro
LOC-4547,1662 Melissa Rest,New York,NY,11823,Lucas County,36.524959,-117.404744,New York Metro
LOC-4548,60177 Michele Junctions Suite 813,Winston-Salem,NC,12335,Martinez County,39.414255,-107.238723,Charlotte Metro
LOC-4549,35427 Christopher Ville Apt. 332,Charlotte,NC,23257,Schneider County,32.486844,-71.133629,Charlotte Metro
LOC-4550,25304 Ruiz Inlet,Augusta,GA,55767,Smith County,27.484115,-98.841617,Atlanta Metro
LOC-4551,85331 Matthew Hill Apt. 562,Sarasota,FL,86546,Tapia County,36.457946,-81.500443,Miami Metro
LOC-4552,3184 John Heights Apt. 152,naperville,IL,17854,Hoover County,39.893937,-88.83697,Chicago Metro
LOC-4553,5871 Cruz Run Apt. 032,Yonkers,NY,54151,Martin County,27.163097,-99.814792,New York Metro
LOC-4554,807 Cody Drives Apt. 557,Phoenix,AZ,43092,Baker County,45.623051,-105.020798,Phoenix Metro
LOC-4555,51218 Sydney Square,Austin,TX,44240,Lee County,32.935037,-86.402918,Dallas-Fort Worth Metro
LOC-4556,179 Brittany Hollow,Arvada,CO,88127,Adams County,47.678554,-109.353769,Denver Metro
LOC-4557,576 Reilly Throughway Suite 253,Seattle,WA,70674,Jenkins County,30.848681,-95.159057,Seattle Metro
LOC-4558,71203 Hester Spurs,Grand Rapids,MI,35209,Mata County,38.667276,-70.938268,Detroit Metro
LOC-4559,75659 Jared Avenue Apt. 224,Sarasota,FL,6464,Spence County,43.437897,-107.964878,Miami Metro
LOC-4560,71664 Vanessa Shore,Peoria,IL,4542,Cross County,28.91821,-84.453907,Chicago Metro
LOC-4561,99972 Carl Island Apt. 927,Tampa,FL,60513-4235,Walton County,28.297703,-70.154528,Miami Metro
LOC-4562,930 Cain Meadow,Syracuse,NY,26106,Mccoy County,,-119.873535,New York Metro
LOC-4563,11731 Christian Ridge,Aurora,IL,92369,Oneill County,,-96.569157,Chicago Metro
LOC-4564,460 Lori Ferry,Winston-Salem,NC,76919,Wong County,39.886311,,Charlotte Metro
LOC-4565,9566 Mckinney Corners,JACKSONVILLE,FL,61287,Smith County,32.05762,-84.540817,Miami Metro
LOC-4566,72278 Margaret Falls Apt. 253,Athens,GA,42536,White County,35.806832,-98.275786,Atlanta Metro
LOC-4567,880 Mejia Lodge Suite 577,Jacksonville,FL,66301,Bauer County,34.991598,-88.978816,Miami Metro
LOC-4568,3959 Angela Courts Suite 631,Phoenix,AZ,48390,Martin County,37.360853,-98.558102,Phoenix Metro
LOC-4569,3474 Stacy Lodge Apt. 847,Lansing,MI,85389,Stephens County,38.963231,-112.948699,Detroit Metro
LOC-4570,222 Dawn Grove,Scranton,PA,30576,Shelton County,44.072828,-81.234861,Philadelphia Metro
LOC-4571,7484 Glover Locks Suite 451,Hampton,VA,10599,Lyons County,32.597685,-100.952751,Washington DC Metro
LOC-4572,57299 Jonathan Light,Raleigh,NC,14161,Robbins County,34.127147,-72.589336,Charlotte Metro
LOC-4573,33914 Rebecca Curve Suite 646,San Antonio,TX,11941,Wilson County,31.955362,-71.837077,Dallas-Fort Worth Metro
LOC-4574,95545 Paula Stream,Buffalo,NY,51798,Duncan County,40.289178,,New York Metro
LOC-4575,72067 Little Shores,Toledo,OH,11485,Robinson County,34.737618,-93.348501,Columbus Metro
LOC-4576,039 Jonathan Points Suite 207,Syracuse,NY,90557,Cooper County,33.403383,-112.944998,New York Metro
LOC-4577,191 Ana Estate,Thornton,CO,83841,Black County,45.909037,-103.50967,Denver Metro
LOC-4578,350 Young Parkway,Mesa,AZ,2107,Turner County,33.68434,-99.700503,Phoenix Metro
LOC-4579,0506 Michael Spur Apt. 462,Yonkers,NY,17812,Murray County,25.871089,-115.954534,New York Metro
LOC-4580,6217 Howe Spring Suite 243,Spokane,WA,74809,Meyers County,38.917868,-115.757378,Seattle Metro
LOC-4581,4565 Jenna Walks,Lakewood,NJ,29191,Adams County,45.556412,-69.184996,New York Metro
LOC-4582,3014 Cruz Forest Apt. 845,rochester,NY,64501,Nguyen County,26.387946,-107.521836,New York Metro
LOC-4583,12221 Castro Ford Apt. 205,Scottsdale,AZ,75066,Liu County,25.406215,-116.250954,Phoenix Metro
LOC-4584,89893 Wendy Squares,San Jose,CA,72601,Hernandez County,29.230516,-69.5071,Los Angeles Metro
LOC-4585,02417 Russell Tunnel,Philadelphia,PA,38104,Vargas County,27.137687,-101.694,Philadelphia Metro
LOC-4586,683 Angela Lane,Miami,FL,68002,Zimmerman County,35.834019,-112.83001,Miami Metro
LOC-4587,0009 Freeman Islands Suite 962,Austin,TX,8583,Diaz County,39.239781,-89.642003,Dallas-Fort Worth Metro
LOC-4588,012 Jeff Isle Apt. 012,San Diego,CA,97157,Morgan County,,-121.744916,Los Angeles Metro
LOC-4589,364 Jordan Forges Suite 067,Paterson,NJ,77327,Walters County,45.534689,-98.413613,New York Metro
LOC-4590,4031 Robertson Falls Apt. 194,Winston-Salem,NC,40282,Browning County,30.253479,-117.31936,Charlotte Metro
LOC-4591,720 Brooks Forks Apt. 168,Flint,MI,32665,Larsen County,35.430819,-85.296913,Detroit Metro
LOC-4592,0269 Lindsey Bridge Suite 836,Los Angeles,CA,97918,Brown County,30.722894,-85.015697,Los Angeles Metro
LOC-4593,88499 Susan Prairie,Tacoma,WA,94001-9798,Hernandez County,34.241823,-106.256693,Seattle Metro
LOC-4594,8980 Anthony Roads Suite 285,Los Angeles,CA,92467,Mitchell County,38.201751,-82.022601,Los Angeles Metro
LOC-4595,305 Donna Summit Suite 141,Toledo,OH,78582,Reynolds County,44.372226,-103.509879,Columbus Metro
LOC-4596,707 Tyler Green,San Diego,CA,54064,Thornton County,,-103.430398,Los Angeles Metro
LOC-4597,50294 Olivia Mills,Richmond,VA,90880,Hudson County,41.830152,-117.412536,Washington DC Metro
LOC-4598,778 Brandon Greens,Denver,CO,57522,Romero County,41.252107,-123.86521,Denver Metro
LOC-4599,9054 Nicole Hill,Redmond,WA,65130,Hawkins County,31.086768,-117.414687,Seattle Metro
LOC-4600,404 Katrina Parks Apt. 408,Fort Worth,TX,37367,Villarreal County,25.164095,-70.651131,Dallas-Fort Worth Metro
LOC-4601,9515 Bishop Village Apt. 291,Columbus,OH,37140-7352,Donovan County,42.094546,-116.564186,Columbus Metro
LOC-4602,9016 Craig Inlet,Buffalo,NY,22385,Hale County,45.795198,,New York Metro
LOC-4603,330 Ruiz Row Apt. 415,Atlanta,GA,25869,Pena County,38.387897,-105.963163,Atlanta Metro
LOC-4604,427 Henry Ville,Bethlehem,PA,97277,Bryant County,33.325507,-92.417462,Philadelphia Metro
LOC-4605,5374 Moss Track,Oakland,CA,53609,Estes County,35.14245,-77.910135,Los Angeles Metro
LOC-4606,3716 Young Cliff Apt. 168,Cleveland,OH,58376-8081,Wood County,30.488517,-113.619218,Columbus Metro
LOC-4607,41716 Turner Plaza Apt. 563,San Francisco,CA,79108,Nelson County,33.656564,-67.327887,Los Angeles Metro
LOC-4608,51011 Gabriel Unions,richmond,VA,48646,Michael County,47.237823,-103.11905,Washington DC Metro
LOC-4609,149 Joseph Center,El Paso,TX,15746,Miller County,26.965352,-104.783532,Dallas-Fort Worth Metro
LOC-4610,17474 Wanda Spur,Glendale,AZ,91020,Alvarez County,36.343634,-78.834344,Phoenix Metro
LOC-4611,94238 Jacob Cliff Apt. 458,Austin,TX,78503,Moore County,45.932651,-71.302195,Dallas-Fort Worth Metro
LOC-4612,080 Williams Falls Suite 857,Parma,OH,42672-2734,Adams County,32.296714,-69.445267,Columbus Metro
LOC-4613,4254 Erica Springs,Chesapeake,VA,48372,Murray County,36.517276,-67.341962,Washington DC Metro
LOC-4614,9154 Sullivan Rest,AUGUSTA,GA,98184,Garrett County,35.20439,-71.383921,Atlanta Metro
LOC-4615,2972 Kristen Trail,CHESAPEAKE,VA,10071,Young County,34.252607,-105.692942,Washington DC Metro
LOC-4616,870 Mcmahon Garden,San Jose,CA,10644,Clark County,25.171115,-117.031977,Los Angeles Metro
LOC-4617,453 Bautista Well Apt. 829,Savannah,GA,21709,English County,33.899908,-112.241104,Atlanta Metro
LOC-4618,385 Graves Ranch,Jersey City,NJ,79764,Mason County,27.080908,-69.715184,New York Metro
LOC-4619,440 Shannon Flats,augusta,GA,42032,Barnes County,35.812958,-102.301203,Atlanta Metro
LOC-4620,684 Rodriguez Wells,LOS ANGELES,CA,18365,Gregory County,44.59798,-70.996494,Los Angeles Metro
LOC-4621,9044 Nguyen Key Apt. 792,Sarasota,FL,17503,Morales County,45.082418,-92.481545,Miami Metro
LOC-4622,0823 Alexander Springs,Houston,TX,46721,Smith County,42.53294,-114.165909,Dallas-Fort Worth Metro
LOC-4623,780 Little Street,Phoenix,AZ,43223,Sparks County,35.879611,-73.973943,Phoenix Metro
LOC-4624,465 Harris Ridge,Tampa,FL,79228,Hernandez County,30.262964,-75.951347,Miami Metro
LOC-4625,12881 Hanson Ford,Aurora,CO,19605,Norton County,34.722772,-94.860841,Denver Metro
LOC-4626,322 Garrett Divide Apt. 442,Bellevue,WA,22818,Adams County,32.77262,-115.517945,Seattle Metro
LOC-4627,83881 Todd Prairie Suite 822,Cincinnati,OH,74912,Lewis County,30.913773,-113.265481,Columbus Metro
LOC-4628,28466 Carolyn Port,Parma,OH,86085,Wallace County,25.219632,-122.077235,Columbus Metro
LOC-4629,186 Dwayne Creek,Houston,TX,37943,Allen County,47.986442,-86.763932,Dallas-Fort Worth Metro
LOC-4630,5214 Stanley Views,Springfield,IL,41732,Turner County,42.409028,-123.322738,Chicago Metro
LOC-4631,27004 Pham Trail Suite 225,Newark,NJ,80192,Austin County,44.219044,-81.283638,New York Metro
LOC-4632,03748 Holland Pine Apt. 743,Fort Worth,TX,79060,Thomas County,25.314888,-117.930769,Dallas-Fort Worth Metro
LOC-4633,60830 Freeman Mews,Springfield,IL,50165,Francis County,30.530234,-108.754512,Chicago Metro
LOC-4634,5859 Conway Course Suite 733,Glendale,AZ,71446,Hall County,42.458298,-96.764515,Phoenix Metro
LOC-4635,379 Jack Place,Tacoma,WA,57554,Cummings County,26.759573,-77.906915,Seattle Metro
LOC-4636,056 Shelton Mount Suite 192,Philadelphia,PA,10537,Ford County,29.928134,-122.943149,Philadelphia Metro
LOC-4637,07962 Weaver Ports,Reading,PA,85012,Salinas County,31.17931,-122.982577,Philadelphia Metro
LOC-4638,24275 Wilson Mission Apt. 720,San Diego,CA,96140,Miller County,25.747714,-104.044264,Los Angeles Metro
LOC-4639,17555 Gibson Well,Fort Worth,TX,30095,Phillips County,36.622509,-101.386493,Dallas-Fort Worth Metro
LOC-4640,1067 Delacruz Green,Lansing,MI,47751-2554,Holt County,27.078863,-104.259228,Detroit Metro
LOC-4641,716 Burton Path,Alexandria,VA,93395,Kemp County,43.152553,-113.882398,Washington DC Metro
LOC-4642,02492 Emily Stream,lakewood,CO,79827,Smith County,42.137938,-120.926254,Denver Metro
LOC-4643,334 Rachel Neck,Seattle,WA,97522,Trujillo County,35.588049,-90.793627,Seattle Metro
LOC-4644,5039 Brian Ville,Sarasota,FL,30996,Hall County,46.978132,-113.433512,Miami Metro
LOC-4645,54313 Fitzgerald Coves,Philadelphia,PA,38074,Hernandez County,32.912783,-80.869896,Philadelphia Metro
LOC-4646,048 Kellie Plains Suite 599,Richmond,VA,44236-5575,Ford County,43.19662,-95.682112,Washington DC Metro
LOC-4647,292 Fox Road,Rochester,NY,40477,Garza County,44.84711,-113.745804,New York Metro
LOC-4648,986 Morgan Court,Springfield,IL,89849,Soto County,25.797781,-90.14664,Chicago Metro
LOC-4649,04678 Lozano Canyon Apt. 816,Scranton,PA,18585,Riley County,39.178198,-115.821982,Philadelphia Metro
LOC-4650,670 Banks Square Suite 444,Reading,PA,53254,Willis County,45.007773,-87.4632,Philadelphia Metro
LOC-4651,510 Matthew Skyway,Warren,MI,99636,Jackson County,36.370516,-78.358582,Detroit Metro
LOC-4652,5730 Victoria Summit,Springfield,IL,74036,Williams County,38.454337,-98.131603,Chicago Metro
LOC-4653,58423 David Row Suite 275,San Antonio,TX,19364,Moore County,28.417526,-110.356864,Dallas-Fort Worth Metro
LOC-4654,72311 Walker Cliff Suite 638,Newark,NJ,3719,Moore County,25.675764,-105.294125,New York Metro
LOC-4655,5972 Alexander Creek Suite 605,San Francisco,CA,63084,Lopez County,31.415147,-94.059556,Los Angeles Metro
LOC-4656,5740 Sparks Fort Suite 869,Virginia Beach,VA,28275,Gordon County,27.900347,-110.995607,Washington DC Metro
LOC-4657,4629 Annette Track,Macon,GA,52172,Jimenez County,44.782448,-96.952827,Atlanta Metro
LOC-4658,0539 Robin Plains,Newport News,VA,86646,Kent County,27.411015,-96.63782,Washington DC Metro
LOC-4659,00778 Teresa Crescent,Durham,NC,36883,Braun County,28.897488,-111.164105,Charlotte Metro
LOC-4660,637 Jones Plains,Newport News,VA,59254,Washington County,36.864881,-88.815556,Washington DC Metro
LOC-4661,22508 Claudia Fort,Austin,TX,40393-8358,Weber County,44.376351,-106.809022,Dallas-Fort Worth Metro
LOC-4662,74454 Barber Haven,Redmond,WA,8081,Mack County,35.218046,-108.136545,Seattle Metro
LOC-4663,78792 Campbell Mill Suite 174,Spokane,WA,22545,Johnson County,29.803899,-120.511595,Seattle Metro
LOC-4664,679 Martinez Avenue Suite 137,Tampa,FL,51046,Patterson County,35.111288,,Miami Metro
LOC-4665,76182 Davila Rapids,Colorado Springs,CO,52193,Gates County,36.677226,-116.580387,Denver Metro
LOC-4666,87879 Carol Fall,Virginia Beach,VA,7700,Mason County,37.774339,-113.785655,Washington DC Metro
LOC-4667,12635 Michael Neck,Philadelphia,PA,27862,Jones County,37.303673,-95.94718,Philadelphia Metro
LOC-4668,2251 James Manor,Tampa,FL,56413,Anderson County,26.613471,-102.847395,Miami Metro
LOC-4669,3728 Nicole Parkway Suite 012,Arvada,CO,40783,Kelly County,25.766378,-80.007073,Denver Metro
LOC-4670,04320 Amber Parkway,FORT COLLINS,CO,96835,Gill County,29.902782,-72.390978,Denver Metro
LOC-4671,47966 Buck Shore,El Paso,TX,22228,Owens County,47.751796,-90.353889,Dallas-Fort Worth Metro
LOC-4672,31729 Williams Ridge,Grand Rapids,MI,24953,Robinson County,30.879574,-120.746879,Detroit Metro
LOC-4673,1376 Moreno Hollow Apt. 967,Atlanta,GA,38168,Elliott County,39.513565,-111.961175,Atlanta Metro
LOC-4674,451 Aaron Stravenue,Grand Rapids,MI,11909,Pollard County,46.149461,-94.510493,Detroit Metro
LOC-4675,3851 Williams Lodge Suite 593,San Antonio,TX,45428,Benson County,40.93377,-116.762207,Dallas-Fort Worth Metro
LOC-4676,07528 Zimmerman Rest,Augusta,GA,52109-7956,Williamson County,46.735572,-76.434754,Atlanta Metro
LOC-4677,57502 Matthew Gateway,Scranton,PA,60408,Kline County,46.621177,-88.416514,Philadelphia Metro
LOC-4678,227 Nathan Heights,Augusta,GA,14483,Byrd County,35.963776,-77.675871,Atlanta Metro
LOC-4679,0307 Gardner Isle Suite 677,Rochester,NY,5205,Hernandez County,47.505671,-118.373185,New York Metro
LOC-4680,7839 Susan Island Apt. 638,Chandler,AZ,44478,Smith County,35.015013,-69.766669,Phoenix Metro
LOC-4681,67940 Stephen Mountain Apt. 291,Alexandria,VA,20412,Porter County,35.287042,-107.217845,Washington DC Metro
LOC-4682,036 Justin Shores Suite 440,Chicago,IL,93341,Shelton County,26.95318,-73.067678,Chicago Metro
LOC-4683,195 Cook Shores,Erie,PA,4677,Poole County,43.102469,-121.235316,Philadelphia Metro
LOC-4684,414 Lindsey Plain Apt. 560,Tacoma,WA,88217,Fletcher County,25.815006,-68.084843,Seattle Metro
LOC-4685,351 Elizabeth Trail,GLENDALE,AZ,14360,Evans County,39.470371,,Phoenix Metro
LOC-4686,69380 Ryan Lock Apt. 704,Arlington,TX,45621,Perez County,,-94.408609,Dallas-Fort Worth Metro
LOC-4687,5931 Martin Ways,san diego,CA,48389,Jones County,30.86201,-103.549248,Los Angeles Metro
LOC-4688,456 Sandra Club,Spokane,WA,80187,Campos County,,-103.406951,Seattle Metro
LOC-4689,9612 Rogers Pines Suite 558,Winston-Salem,NC,46965,Olsen County,28.09468,-98.721461,Charlotte Metro
LOC-4690,9978 Ronald Manor,Charlotte,NC,88962,Robertson County,26.819757,-67.698797,Charlotte Metro
LOC-4691,651 Autumn Terrace,Arlington,TX,56255,Kemp County,40.13113,-120.586937,Dallas-Fort Worth Metro
LOC-4692,4732 Thomas Mission Suite 457,reading,PA,N/A,Mitchell County,46.621915,-98.966031,Philadelphia Metro
LOC-4693,706 Abigail Route Suite 588,Vancouver,WA,92831,Santiago County,31.314024,-69.883886,Seattle Metro
LOC-4694,564 Sarah Walk Suite 541,Alexandria,VA,34732,Mccann County,44.162492,-118.213194,Washington DC Metro
LOC-4695,565 Thomas Center,New Rochelle,NY,42440,Mcintyre County,35.547032,-97.106834,New York Metro
LOC-4696,2669 Amber View Suite 279,Columbus,OH,43289,Hernandez County,31.395465,-90.158282,Columbus Metro
LOC-4697,546 Lisa Manors,Edison,NJ,33594,Ball County,32.091149,-70.335978,New York Metro
LOC-4698,606 Walters Port Apt. 237,ARVADA,CO,21536,Cook County,43.288715,-74.755044,Denver Metro
LOC-4699,833 Desiree Greens,Alexandria,VA,74633,Perkins County,38.701025,-83.516262,Washington DC Metro
LOC-4700,4859 Walter Roads,Chesapeake,VA,22100,Thompson County,31.121558,-76.437903,Washington DC Metro
LOC-4701,6653 Porter Mission,warren,MI,10650,Moon County,32.11933,-104.63385,Detroit Metro
LOC-4702,90028 Aaron Brooks,Fort Collins,CO,86026,Harris County,42.221849,-92.060056,Denver Metro
LOC-4703,666 Steven Bridge,Charlotte,NC,72467,Romero County,36.003627,-86.033477,Charlotte Metro
LOC-4704,4991 Dudley Divide Suite 765,Tacoma,WA,71606,Smith County,35.41358,-121.418663,Seattle Metro
LOC-4705,50122 Michael Flats Suite 375,Philadelphia,PA,80519,Hatfield County,34.739453,-75.739217,Philadelphia Metro
LOC-4706,1976 Odonnell Lane,Parma,OH,65719,Jackson County,34.20639,-120.729809,Columbus Metro
LOC-4707,338 Daniel Skyway,Grand Rapids,MI,31454,Williams County,30.821722,-104.47684,Detroit Metro
LOC-4708,017 Webster Hill Suite 608,San Antonio,TX,85939,Walker County,46.352036,-123.116761,Dallas-Fort Worth Metro
LOC-4709,9175 Stephen Trace Apt. 123,Chandler,AZ,2530,Walker County,33.619663,-86.801695,Phoenix Metro
LOC-4710,349 Bennett Cove Suite 410,Thornton,CO,97937,Franco County,34.560404,-121.354735,Denver Metro
LOC-4711,5141 Ramirez Street,Savannah,GA,24546,Doyle County,33.175064,-98.333959,Atlanta Metro
LOC-4712,982 Chelsea Motorway Apt. 278,San Francisco,CA,12394,Long County,33.279431,-69.125467,Los Angeles Metro
LOC-4713,496 Paige Lakes,Lakewood,NJ,91656,Dorsey County,32.376302,-77.702179,New York Metro
LOC-4714,21991 Glass Ramp,Jersey City,NJ,45011,Espinoza County,37.640216,-103.654613,New York Metro
LOC-4715,53595 Sherry Corner Suite 549,Elizabeth,NJ,98226,Cross County,30.566593,-104.718953,New York Metro
LOC-4716,9445 Jordan Drive,chesapeake,VA,84094,Townsend County,46.896328,-79.520224,Washington DC Metro
LOC-4717,20388 Smith Mission,Thornton,CO,79202,Jones County,40.996986,-115.85411,Denver Metro
LOC-4718,42121 Austin Lodge Suite 975,Winston-Salem,NC,82787,Thomas County,31.272155,-70.511911,Charlotte Metro
LOC-4719,84865 Thompson Springs,Parma,OH,40769,David County,34.744389,-89.222727,Columbus Metro
LOC-4720,862 Gabriel Centers Suite 441,Vancouver,WA,50138,Stevens County,28.967026,-72.445291,Seattle Metro
LOC-4721,6739 Christine Square,Aurora,IL,1605,Dillon County,36.084758,-76.630498,Chicago Metro
LOC-4722,070 King Path Suite 235,Albany,NY,71215,Blake County,30.889115,-108.142971,New York Metro
LOC-4723,951 Walter Roads,Detroit,MI,61064,Taylor County,40.648139,-90.829311,Detroit Metro
LOC-4724,7004 Heidi Spur Suite 627,Macon,GA,89611,Hutchinson County,25.829726,-101.872764,Atlanta Metro
LOC-4725,5382 Kirby Inlet,ATHENS,GA,91904,Robinson County,29.787673,-96.739814,Atlanta Metro
LOC-4726,62250 Wiggins Fords,Buffalo,NY,50353,Torres County,38.328896,-115.939111,New York Metro
LOC-4727,3230 Jordan Loop,Buffalo,NY,66648,Scott County,41.47051,-80.800051,New York Metro
LOC-4728,0380 Singh Corner Suite 203,CHARLOTTE,NC,59720,Richards County,39.690295,-72.265286,Charlotte Metro
LOC-4729,10443 Barry Track,Norfolk,VA,49390,Williams County,31.045376,-109.905195,Washington DC Metro
LOC-4730,934 Elizabeth Villages,Durham,NC,22377,Ortiz County,46.041385,-90.362962,Charlotte Metro
LOC-4731,87684 Brooks Pike,Miami,FL,40210,Lambert County,45.836416,-68.061643,Miami Metro
LOC-4732,52776 Mcdonald Lakes,Toledo,OH,94712,Steele County,28.546209,-91.284381,Columbus Metro
LOC-4733,2927 Peterson Corners Apt. 252,Fayetteville,NC,73133,Zimmerman County,44.820899,-81.486435,Charlotte Metro
LOC-4734,9422 Christopher Lights Apt. 952,Winston-Salem,NC,41763,Lee County,36.02484,-106.530006,Charlotte Metro
LOC-4735,9871 White Brooks,Fresno,CA,33502,Simon County,35.922657,-116.21142,Los Angeles Metro
LOC-4736,577 Dean Crest,Grand Rapids,MI,62563,Thompson County,26.071409,-76.038219,Detroit Metro
LOC-4737,9386 Nicholas Throughway,Athens,GA,46427,Perez County,40.056576,-106.601742,Atlanta Metro
LOC-4738,5533 Gonzalez Hills,Richmond,VA,83184,Durham County,42.532813,-96.217278,Washington DC Metro
LOC-4739,630 Flores Plain Suite 827,Thornton,CO,45179,Khan County,26.822938,-114.226398,Denver Metro
LOC-4740,4699 Michael Route Suite 303,Fort Lauderdale,FL,43700,Marquez County,37.382611,-71.59856,Miami Metro
LOC-4741,144 Sheryl Pine Apt. 687,Savannah,GA,31678,Ortiz County,44.922602,-69.43973,Atlanta Metro
LOC-4742,5056 Cory Stravenue,Chesapeake,VA,51516,Reed County,26.709099,-94.713825,Washington DC Metro
LOC-4743,1074 Anna Locks Suite 115,Chicago,IL,11042,Peters County,27.352544,-120.063506,Chicago Metro
LOC-4744,71872 Mckee View,New Rochelle,NY,6982,Miller County,46.295646,-99.927006,New York Metro
LOC-4745,8315 Jackson Well,Rockford,IL,56871,Green County,26.815796,-112.057741,Chicago Metro
LOC-4746,0511 Weber Orchard,Houston,TX,52375,Butler County,33.495706,-98.75354,Dallas-Fort Worth Metro
LOC-4747,4352 Walter Turnpike,Tucson,AZ,16071,Martinez County,41.464032,-67.735244,Phoenix Metro
LOC-4748,471 Heather Shores,New York,NY,69114,Wright County,46.88622,,New York Metro
LOC-4749,107 David Mission Suite 921,El Paso,TX,68366,Mays County,29.900715,-76.472377,Dallas-Fort Worth Metro
LOC-4750,34899 Mark Station,Los Angeles,CA,10746-5741,King County,38.010657,-100.417307,Los Angeles Metro
LOC-4751,72104 Clark Via,Winston-Salem,NC,30878,Jones County,40.577146,-109.118606,Charlotte Metro
LOC-4752,670 Ashley Park,Syracuse,NY,45379,Nichols County,38.651915,-71.187305,New York Metro
LOC-4753,0544 Harvey Coves,BETHLEHEM,PA,45500,Payne County,37.477164,-121.63872,Philadelphia Metro
LOC-4754,25470 Lee View,Arlington,TX,14055,Garcia County,25.7485,-106.738521,Dallas-Fort Worth Metro
LOC-4755,054 Shannon Walk Suite 471,Norfolk,VA,24746,Santos County,32.543494,-68.880644,Washington DC Metro
LOC-4756,294 Robert Spurs Apt. 314,ELIZABETH,NJ,29805,Rich County,38.809783,-113.139175,New York Metro
LOC-4757,480 Rivas Tunnel,Redmond,WA,73535,Johnson County,34.594203,-75.701257,Seattle Metro
LOC-4758,458 Murphy Hollow Apt. 222,Aurora,CO,51526,Ramos County,25.189288,-108.418205,Denver Metro
LOC-4759,0218 Rodney Mews Suite 252,PEORIA,IL,87419,West County,40.247271,-84.541827,Chicago Metro
LOC-4760,444 Oneal Crossing,Hampton,VA,43797,Joseph County,41.990792,-114.91647,Washington DC Metro
LOC-4761,7742 Jessica Avenue,Austin,TX,22731,Rosales County,33.489162,-92.288701,Dallas-Fort Worth Metro
LOC-4762,63443 Garcia Springs,Lakewood,NJ,56415,Santiago County,25.966888,-114.286978,New York Metro
LOC-4763,57542 Steve Garden Suite 349,Mesa,AZ,44426,Castaneda County,31.662918,-72.568413,Phoenix Metro
LOC-4764,8689 Gabriel Isle,Fort Lauderdale,FL,44154,Allison County,42.220558,-95.859944,Miami Metro
LOC-4765,0227 Green Locks,Fresno,CA,15718-3029,Bowman County,30.228605,-85.862346,Los Angeles Metro
LOC-4766,38471 Sarah Branch,Colorado Springs,CO,43038,Morgan County,46.789417,-98.678026,Denver Metro
LOC-4767,752 Ian Corner Apt. 004,Dayton,OH,N/A,Smith County,,-72.329253,Columbus Metro
LOC-4768,42033 Davidson Plaza,EDISON,NJ,9563,Turner County,34.870994,-119.564889,New York Metro
LOC-4769,0021 Alvarado Loop,Sterling Heights,MI,39573,Allen County,39.962813,-97.350908,Detroit Metro
LOC-4770,6694 Richard Junction,San Diego,CA,70160,Romero County,32.416259,,Los Angeles Metro
LOC-4771,199 Weaver Wells Suite 134,Hampton,VA,55595,Carter County,27.550285,,Washington DC Metro
LOC-4772,532 Jimenez Field Suite 594,Savannah,GA,33464,Savage County,47.400129,-103.332393,Atlanta Metro
LOC-4773,318 Rodriguez Manor,Toledo,OH,15995,Ross County,36.226393,-84.780645,Columbus Metro
LOC-4774,2809 Connor Green,Tucson,AZ,40481,Dennis County,,-109.240144,Phoenix Metro
LOC-4775,249 Bryant Throughway Suite 491,Spokane,WA,30767,Jones County,29.06423,-103.278008,Seattle Metro
LOC-4776,65476 Davis Falls Suite 749,Parma,OH,46751,Vance County,26.250855,-94.138986,Columbus Metro
LOC-4777,3513 Jorge Lakes Suite 293,Seattle,WA,86545,Walker County,43.587069,-84.779795,Seattle Metro
LOC-4778,5158 Eric Forest Apt. 947,Lansing,MI,8071,Morales County,29.056421,-79.87013,Detroit Metro
LOC-4779,676 Santiago Meadows Apt. 249,Miami,FL,64387-1238,Herman County,44.773022,-93.236128,Miami Metro
LOC-4780,44146 Lindsey Ville,Newark,NJ,62878,Cruz County,28.873258,-121.305871,New York Metro
LOC-4781,925 Melanie Courts,Atlanta,GA,58714,Aguirre County,39.238264,-73.555096,Atlanta Metro
LOC-4782,3529 April Fork,Toledo,OH,20077,Miller County,34.507054,-67.993881,Columbus Metro
LOC-4783,686 Norris Views,Reading,PA,35278,Baker County,47.698126,-116.433039,Philadelphia Metro
LOC-4784,687 David Mount Apt. 811,Akron,OH,28912,Powell County,39.233076,-113.866032,Columbus Metro
LOC-4785,1826 Mcmahon Skyway Apt. 870,Bellevue,WA,12571,Reeves County,31.169335,-89.085681,Seattle Metro
LOC-4786,98740 Walton Club Apt. 999,Tucson,AZ,95123,Evans County,36.454408,-118.476651,Phoenix Metro
LOC-4787,117 Jackson Common Suite 227,Paterson,NJ,17330,Collins County,39.713604,-99.089996,New York Metro
LOC-4788,1228 Phelps Vista Apt. 708,Aurora,IL,83867,Wilson County,25.628369,-123.668499,Chicago Metro
LOC-4789,7431 Benjamin Inlet,Tacoma,WA,6427,Brewer County,37.274686,-84.310171,Seattle Metro
LOC-4790,6012 Green Shoal,Sacramento,CA,99553,Hudson County,33.578149,-78.582275,Los Angeles Metro
LOC-4791,63150 Alan Mews Suite 704,Detroit,MI,51272,Hebert County,43.893012,-120.71195,Detroit Metro
LOC-4792,957 Teresa Islands,Edison,NJ,30946,Ramirez County,34.785415,,New York Metro
LOC-4793,4282 Melissa Port,Seattle,WA,92651,Allison County,45.633428,-117.2587,Seattle Metro
LOC-4794,876 Amanda Union Suite 484,Erie,PA,73202,Jones County,37.468666,-79.836476,Philadelphia Metro
LOC-4795,23496 Michael Row,Chicago,IL,76915,Harris County,32.486565,-123.847888,Chicago Metro
LOC-4796,62723 Taylor Groves Apt. 611,Miami,FL,28354,Sanchez County,33.296754,-105.782636,Miami Metro
LOC-4797,57162 Jimenez Landing Suite 870,Rochester,NY,71356-8171,Rodgers County,37.715728,-96.982948,New York Metro
LOC-4798,646 Joseph Ports,Fresno,CA,37297,Bishop County,39.314325,-84.57724,Los Angeles Metro
LOC-4799,560 Ryan Manors,fort worth,TX,22135,Gordon County,27.342056,-122.742252,Dallas-Fort Worth Metro
LOC-4800,7895 Jessica Inlet Suite 539,Columbus,GA,15467,Clark County,41.904457,-102.700137,Atlanta Metro
LOC-4801,619 David Street,Arvada,CO,30188,Smith County,41.10362,-115.712243,Denver Metro
LOC-4802,57423 Nichols Mission Apt. 371,Lakewood,CO,39638,Mcdonald County,44.259394,-112.425306,Denver Metro
LOC-4803,8807 Blanchard Tunnel Apt. 204,Pittsburgh,PA,8900,Copeland County,47.511484,-103.08285,Philadelphia Metro
LOC-4804,5656 Walker Lights Apt. 638,Atlanta,GA,26134,Contreras County,29.719213,-75.816864,Atlanta Metro
LOC-4805,92223 Rebecca Throughway,Reading,PA,19111,White County,45.55249,-101.805842,Philadelphia Metro
LOC-4806,79982 Kevin Plain,Aurora,IL,55867,Griffin County,29.484052,-86.506124,Chicago Metro
LOC-4807,0123 Matthew Mission,Newport News,VA,46693,Bass County,34.676397,-80.644111,Washington DC Metro
LOC-4808,775 Christopher Rapid,Warren,MI,48475,Anderson County,30.352343,-86.774017,Detroit Metro
LOC-4809,201 Jason Bridge,Ann Arbor,MI,63851,Manning County,30.516629,-85.594055,Detroit Metro
LOC-4810,4085 Sandra Mountains Suite 911,Aurora,IL,37550,Holden County,30.106426,-94.465655,Chicago Metro
LOC-4811,236 Goodman Road,Edison,NJ,29028,Allen County,39.043394,,New York Metro
LOC-4812,8313 Gwendolyn Station,Los Angeles,CA,42133,Jennings County,37.564198,-99.175556,Los Angeles Metro
LOC-4813,336 Burgess Village,Atlanta,GA,95500,Bonilla County,25.984961,-114.869042,Atlanta Metro
LOC-4814,40476 Catherine Lakes Suite 158,Sterling Heights,MI,36546,Rodriguez County,25.665701,-112.305947,Detroit Metro
LOC-4815,106 Stanley Drive,Oakland,CA,78925,Lindsey County,28.38638,-113.175285,Los Angeles Metro
LOC-4816,31978 Reeves Pike,Los Angeles,CA,86125,Branch County,31.775909,-95.500845,Los Angeles Metro
LOC-4817,201 Wendy Points,Fort Worth,TX,61927,Greene County,25.073161,-95.100509,Dallas-Fort Worth Metro
LOC-4818,72322 Evans Streets,Chandler,AZ,62922,Gonzales County,46.493604,-84.921055,Phoenix Metro
LOC-4819,19441 William Plain,Fort Collins,CO,85232,Harris County,25.316747,-79.82304,Denver Metro
LOC-4820,2537 Taylor Rapid Suite 178,Fayetteville,NC,18296,Rivera County,28.671472,-90.484373,Charlotte Metro
LOC-4821,7023 William Route Apt. 109,Pittsburgh,PA,44899,Jones County,36.582351,-122.675468,Philadelphia Metro
LOC-4822,91043 Hammond Squares Apt. 341,Athens,GA,92745,Johnson County,40.314006,-89.250289,Atlanta Metro
LOC-4823,2505 Harris Centers,San  Francisco,CA,83087-4475,Stark County,31.081288,-82.681809,Los Angeles Metro
LOC-4824,8441 Mcguire Mountain,Scranton,PA,79560,Cobb County,37.672549,-121.462014,Philadelphia Metro
LOC-4825,76872 Martinez Ways Apt. 429,Lakewood,CO,43420,Vasquez County,43.306066,-93.26639,Denver Metro
LOC-4826,14100 Maurice Ramp,Alexandria,VA,17848,Reid County,29.980682,-85.811921,Washington DC Metro
LOC-4827,65117 Grant Vista,Richmond,VA,64397,Combs County,32.364058,-87.521776,Washington DC Metro
LOC-4828,2880 Kyle Mall,Paterson,NJ,13184,David County,41.670377,-123.50899,New York Metro
LOC-4829,6905 William Row Suite 170,Naples,FL,41615,Rocha County,27.914633,-82.107689,Miami Metro
LOC-4830,47308 Hansen View,San Diego,CA,20524,Alexander County,46.957681,-96.263161,Los Angeles Metro
LOC-4831,3228 Phillips Fort,Woodbridge,NJ,20200,Hall County,28.843035,-68.683687,New York Metro
LOC-4832,8021 Jason Summit,Cleveland,OH,87883,Woods County,47.205991,-109.634222,Columbus Metro
LOC-4833,33582 Mark Walks,Raleigh,NC,15114,Dalton County,44.872493,-96.777216,Charlotte Metro
LOC-4834,74157 Patricia Walks Apt. 286,peoria,IL,67741,Farrell County,41.444602,-101.144507,Chicago Metro
LOC-4835,61435 Robinson Station Suite 918,Erie,PA,63252,Armstrong County,28.195033,-89.805773,Philadelphia Metro
LOC-4836,5746 Cummings Flat Apt. 040,Bethlehem,PA,92723,Robinson County,45.768053,-86.152648,Philadelphia Metro
LOC-4837,581 Michael Passage,Cary,NC,69561,Duke County,29.109078,-89.395218,Charlotte Metro
LOC-4838,0629 Michael Villages,Richmond,VA,4556,Nichols County,40.322766,-118.363091,Washington DC Metro
LOC-4839,994 Tammy Shoal,Syracuse,NY,40590,Phelps County,40.431152,-94.039983,New York Metro
LOC-4840,73331 Lisa Village Apt. 865,Spokane,WA,97347,Rogers County,37.068954,-116.143879,Seattle Metro
LOC-4841,022 Danielle Brook Suite 384,Dayton,OH,65216,Campos County,34.482436,-99.448406,Columbus Metro
LOC-4842,9513 Stephanie Summit,Cincinnati,OH,94072,Ramirez County,37.869888,-106.207093,Columbus Metro
LOC-4843,83591 Graham Roads Apt. 014,Chesapeake,VA,85972,Williams County,28.350146,-110.786576,Washington DC Metro
LOC-4844,834 Adam View Suite 160,Los Angeles,CA,29483,Garcia County,34.489586,-107.733991,Los Angeles Metro
LOC-4845,317 Kyle Rest,Flint,MI,47321,Barber County,25.83397,-72.296753,Detroit Metro
LOC-4846,21553 Melissa Turnpike Suite 531,San Antonio,TX,97294,Snyder County,32.430728,-104.630345,Dallas-Fort Worth Metro
LOC-4847,86122 Kidd Row Apt. 025,LOS ANGELES,CA,78016,Berry County,44.646866,-116.573296,Los Angeles Metro
LOC-4848,581 Matthew Route Apt. 228,Peoria,IL,30482,Kennedy County,25.097712,-87.137537,Chicago Metro
LOC-4849,89757 Kane Forks Suite 180,Scranton,PA,84791,Zimmerman County,45.537115,-84.86845,Philadelphia Metro
LOC-4850,4214 Monica Station,Spokane,WA,63957,Dixon County,33.590876,-79.874713,Seattle Metro
LOC-4851,3447 Santos Ferry,Fresno,CA,92208,Washington County,40.360207,-81.192588,Los Angeles Metro
LOC-4852,392 Michael Village Apt. 570,Atlanta,GA,4313,Tyler County,28.376935,-122.089073,Atlanta Metro
LOC-4853,330 Robinson Road Suite 815,Jacksonville,FL,43716,Strong County,44.137121,-87.157496,Miami Metro
LOC-4854,687 Carter Garden,Jacksonville,FL,56678-6240,Nunez County,47.382567,-107.786468,Miami Metro
LOC-4855,40290 Tina Causeway,CHICAGO,IL,6390,Gardner County,36.69195,-84.036208,Chicago Metro
LOC-4856,91114 Travis Landing,Scottsdale,AZ,75343,Mccann County,38.788629,-72.685079,Phoenix Metro
LOC-4857,621 Escobar Glen Suite 430,Thornton,CO,44121,Cook County,40.481431,-73.748585,Denver Metro
LOC-4858,7550 Paula Plaza Apt. 888,Fayetteville,NC,31586,Davis County,26.143879,-74.85282,Charlotte Metro
LOC-4859,37195 Tracy Turnpike Apt. 714,norfolk,VA,96359,James County,47.222564,-116.36776,Washington DC Metro
LOC-4860,4284 Briggs Viaduct Suite 387,Naperville,IL,47652,Thompson County,42.841241,-68.409882,Chicago Metro
LOC-4861,38322 Brown Ridge,Elizabeth,NJ,75390,Green County,41.823608,-73.945171,New York Metro
LOC-4862,4026 Cooper Islands,Fort Collins,CO,26971,Williamson County,39.638526,-101.579368,Denver Metro
LOC-4863,8023 David Parkways Apt. 854,Sarasota,FL,76838,Le County,42.791735,-118.141854,Miami Metro
LOC-4864,1438 Thomas Oval,Lakewood,NJ,1976,Reid County,38.718042,-98.789324,New York Metro
LOC-4865,099 Douglas Parks Apt. 813,Ann Arbor,MI,84700,Serrano County,33.723216,-109.198616,Detroit Metro
LOC-4866,0621 Montes Court,Cincinnati,OH,89225,Hall County,42.820787,-68.851855,Columbus Metro
LOC-4867,7337 Gary Trafficway Suite 556,WINSTON-SALEM,NC,54877,Lee County,35.800166,-91.340353,Charlotte Metro
LOC-4868,1577 Virginia Centers,Scottsdale,AZ,39962,Burgess County,47.72326,-73.142442,Phoenix Metro
LOC-4869,223 Gutierrez Dale Suite 141,Sarasota,FL,36814,Watkins County,31.330357,-83.146862,Miami Metro
LOC-4870,4574 Jenkins Walks,Seattle,WA,95499,Wu County,46.619762,-110.357602,Seattle Metro
LOC-4871,0763 Thomas Spurs,Rochester,NY,80762,Yates County,40.08391,-108.639512,New York Metro
LOC-4872,3537 Henry Highway Suite 307,Augusta,GA,26188,Brown County,28.761375,-87.681025,Atlanta Metro
LOC-4873,583 Jonathan Trail,Springfield,IL,96508,Potter County,32.344727,-109.033177,Chicago Metro
LOC-4874,23102 Howard Island Suite 474,Grand Rapids,MI,93315,Vega County,26.192535,-120.680341,Detroit Metro
LOC-4875,6735 Cory Brook,Warren,MI,12616,Meyer County,46.450783,-102.06469,Detroit Metro
LOC-4876,28974 Christine Track Apt. 496,Tampa,FL,36497,Ramirez County,32.698335,-115.283412,Miami Metro
LOC-4877,3956 Lauren Streets,Charlotte,NC,7436,Nguyen County,36.808755,-67.071442,Charlotte Metro
LOC-4878,626 Bruce Pine,Athens,GA,75373,Ryan County,32.562668,-84.078977,Atlanta Metro
LOC-4879,7013 Jones Course,Sterling Heights,MI,35580,Gutierrez County,43.527388,-77.786644,Detroit Metro
LOC-4880,22177 Lawrence Valleys Apt. 447,Arlington,TX,86838,Mendoza County,30.164211,-95.104319,Dallas-Fort Worth Metro
LOC-4881,45337 Chapman Motorway,Lakewood,CO,31702,George County,28.376571,-89.532401,Denver Metro
LOC-4882,76243 Barrett Causeway Suite 300,Philadelphia,PA,85666,Archer County,36.078486,-107.80857,Philadelphia Metro
LOC-4883,38917 Fischer Shores,Richmond,VA,57332,Burton County,41.895212,-112.99517,Washington DC Metro
LOC-4884,92118 Spencer Terrace Apt. 626,Athens,GA,39847-4492,Day County,39.746364,-77.414897,Atlanta Metro
LOC-4885,3510 Kirk Underpass Suite 344,Fort Worth,TX,22421,Norman County,33.727577,-88.064478,Dallas-Fort Worth Metro
LOC-4886,500 West Springs Suite 792,Seattle,WA,32482,Richards County,34.755464,-86.214028,Seattle Metro
LOC-4887,166 Rebecca Squares Apt. 879,Tempe,AZ,7082,Clay County,25.114969,-117.124399,Phoenix Metro
LOC-4888,686 Deborah Meadow,FAYETTEVILLE,NC,95152,Oconnor County,,-88.99821,Charlotte Metro
LOC-4889,6396 Hall Landing Apt. 736,Fort Collins,CO,60210,Smith County,29.78846,-82.379481,Denver Metro
LOC-4890,5040 Wilson Flat Apt. 890,Glendale,AZ,75265,Davis County,44.378516,-102.0664,Phoenix Metro
LOC-4891,2820 Harper Parks Suite 988,Fayetteville,NC,51583,Becker County,26.764351,-73.739032,Charlotte Metro
LOC-4892,256 Robert Green,Spokane,WA,27563,Williams County,25.604614,-105.465219,Seattle Metro
LOC-4893,028 Duane Fall,Peoria,IL,42911,Shelton County,31.156077,-79.369078,Chicago Metro
LOC-4894,6165 Thomas Views Suite 866,Dayton,OH,98936,Ortiz County,47.36068,-80.516576,Columbus Metro
LOC-4895,5704 Amy Pines,Jersey City,NJ,10831,Harris County,46.800663,-83.155194,New York Metro
LOC-4896,84099 Jacob Locks,Newark,NJ,69043,Wu County,30.255923,,New York Metro
LOC-4897,6498 West Hill,Atlanta,GA,24392,Jackson County,28.589261,-118.945626,Atlanta Metro
LOC-4898,9840 Johnson Via,New York,NY,66958,Hebert County,47.936001,-96.818866,New York Metro
LOC-4899,2092 Adams Well Suite 529,Glendale,AZ,66313,Sampson County,26.774958,-100.733622,Phoenix Metro
LOC-4900,947 Walter Ville Apt. 668,parma,OH,22090,Williams County,26.255621,,Columbus Metro
LOC-4901,100 Samantha Port,Houston,TX,61407,Ruiz County,32.869789,-102.426064,Dallas-Fort Worth Metro
LOC-4902,0022 Angel Gateway Suite 423,Glendale,AZ,61748,Hunt County,35.533575,-113.022918,Phoenix Metro
LOC-4903,55220 Garcia Green,COLUMBUS,GA,17688,Bonilla County,34.964075,-105.507724,Atlanta Metro
LOC-4904,12025 Cooke Rue Apt. 941,Norfolk,VA,17145,Miller County,31.830178,-74.270279,Washington DC Metro
LOC-4905,654 Moore Square,Springfield,IL,13070,Edwards County,44.270717,-76.251376,Chicago Metro
LOC-4906,5698 Robert Vista Suite 092,Tempe,AZ,38800,Russell County,43.181963,-105.647274,Phoenix Metro
LOC-4907,7203 Justin Flat Apt. 614,Fort Lauderdale,FL,74322,Young County,26.616943,-73.21508,Miami Metro
LOC-4908,858 Chavez Rapid,San Jose,CA,N/A,Hopkins County,44.956081,-96.696836,Los Angeles Metro
LOC-4909,9981 Jeffrey Ville,Columbus,OH,17154,Kennedy County,44.489378,-97.800524,Columbus Metro
LOC-4910,4907 Diane Fork,Houston,TX,85251,Keller County,40.664171,-98.745288,Dallas-Fort Worth Metro
LOC-4911,8906 Robertson Plain Apt. 391,Ann Arbor,MI,64055,Thomas County,38.057435,-88.550101,Detroit Metro
LOC-4912,9053 Cook Stravenue Suite 342,Rockford,IL,19073,Fritz County,28.440213,,Chicago Metro
LOC-4913,039 Dennis Turnpike Suite 338,Lakewood,NJ,77774,Smith County,35.789098,-75.577786,New York Metro
LOC-4914,1432 Daniel Rue,Tampa,FL,69673,Shepard County,34.275161,-93.731343,Miami Metro
LOC-4915,410 Cannon Ford Apt. 008,Jacksonville,FL,75827,Irwin County,41.008569,-123.30402,Miami Metro
LOC-4916,623 Jordan Oval Apt. 934,RICHMOND,VA,52526,Trevino County,43.73059,-90.346655,Washington DC Metro
LOC-4917,47467 Hodge Oval,New Rochelle,NY,38322,Robinson County,44.731594,-82.571075,New York Metro
LOC-4918,41561 Hickman Way Apt. 243,Toledo,OH,78404,Hernandez County,31.371538,-93.465012,Columbus Metro
LOC-4919,247 Ewing Mountain Suite 035,Peoria,IL,50446,Fields County,39.778894,-76.546291,Chicago Metro
LOC-4920,005 Meyer Groves,ALBANY,NY,5273,Martinez County,31.406764,-87.527123,New York Metro
LOC-4921,73406 Patrick Greens Apt. 326,Newark,NJ,84718,Lee County,30.423626,-67.946622,New York Metro
LOC-4922,150 David Parkways,Thornton,CO,18222,Harris County,36.791121,-119.75003,Denver Metro
LOC-4923,13370 Contreras Turnpike,seattle,WA,67684,Graves County,31.988868,-82.181397,Seattle Metro
LOC-4924,860 Martin Hills,Tacoma,WA,81608-2609,Lee County,38.911506,-111.303884,Seattle Metro
LOC-4925,87345 Devon Land Apt. 972,Winston-Salem,NC,92047,Herrera County,39.311749,-84.91603,Charlotte Metro
LOC-4926,8679 David Well Apt. 278,detroit,MI,75605,Coleman County,34.796897,-85.345087,Detroit Metro
LOC-4927,765 Davila Summit Apt. 280,Charlotte,NC,48207,Gay County,26.856566,-72.900647,Charlotte Metro
LOC-4928,552 Daniel Square Suite 316,Houston,TX,71157,Gates County,44.210972,-108.136557,Dallas-Fort Worth Metro
LOC-4929,6785 Webster Forest Suite 112,CHANDLER,AZ,13905,Lawson County,36.934207,-68.216503,Phoenix Metro
LOC-4930,42385 Jon River,Newark,NJ,94873,Ross County,41.368839,-90.403706,New York Metro
LOC-4931,5085 Green Path Suite 980,Tampa,FL,14388,Hughes County,29.537806,-103.166488,Miami Metro
LOC-4932,3987 Howell Village,Columbus,OH,87264,Gardner County,35.009688,-79.928982,Columbus Metro
LOC-4933,0602 Riley Bypass Suite 940,Elizabeth,NJ,94576,Reed County,39.030494,-90.38163,New York Metro
LOC-4934,98990 Robin Underpass,Colorado Springs,CO,57565-1620,Wise County,26.903254,-116.231724,Denver Metro
LOC-4935,3088 Mark Brooks Apt. 933,Rochester,NY,27549,Harris County,35.190534,-81.14086,New York Metro
LOC-4936,7052 Lane Knoll Apt. 841,Greensboro,NC,98997,Thornton County,36.641545,-110.617079,Charlotte Metro
LOC-4937,791 Douglas Forges,Allentown,PA,46471,Morse County,43.120316,,Philadelphia Metro
LOC-4938,588 Townsend Tunnel,Austin,TX,54416,Galloway County,38.846469,-79.615421,Dallas-Fort Worth Metro
LOC-4939,1627 Thompson Court,Dallas,TX,57513,Anderson County,43.537647,-109.840147,Dallas-Fort Worth Metro
LOC-4940,54448 Smith Springs,Philadelphia,PA,38273,Evans County,30.570905,-97.617806,Philadelphia Metro
LOC-4941,101 Collier Course Apt. 713,Naples,FL,38883,Wu County,30.398732,-84.17586,Miami Metro
LOC-4942,973 Shelby Roads Suite 146,Bethlehem,PA,85511,Smith County,32.495608,-99.081023,Philadelphia Metro
LOC-4943,2040 Cynthia Spring,Colorado Springs,CO,11614,Kramer County,30.957656,-84.625325,Denver Metro
LOC-4944,4012 Sean Junctions,San Diego,CA,32372,Blevins County,31.729938,-96.876218,Los Angeles Metro
LOC-4945,436 Joshua Lakes,Cleveland,OH,55521,Holloway County,42.215451,-91.137212,Columbus Metro
LOC-4946,90431 Allison Mews,Oakland,CA,30608,Herrera County,33.307634,-95.121528,Los Angeles Metro
LOC-4947,7756 Ross Ridge Apt. 633,SAN JOSE,CA,56145,Gallagher County,44.007659,-116.254673,Los Angeles Metro
LOC-4948,94816 Lee Prairie,ALEXANDRIA,VA,63578,Roach County,33.585338,-122.855043,Washington DC Metro
LOC-4949,870 Katelyn Light,Naples,FL,13205,Rodriguez County,29.94563,-106.857777,Miami Metro
LOC-4950,27392 Lloyd Mountain Apt. 146,Joliet,IL,54232,Ramirez County,44.577231,-92.945255,Chicago Metro
LOC-4951,88232 Chen Road Suite 964,RICHMOND,VA,67616,Villegas County,38.520568,-97.06526,Washington DC Metro
LOC-4952,732 Travis Glens Apt. 921,Hampton,VA,76306,Wright County,46.505699,-92.606871,Washington DC Metro
LOC-4953,0618 Jennings Rue,Norfolk,VA,39229,Roberts County,44.98431,-101.750265,Washington DC Metro
LOC-4954,6927 Livingston Burg,Chesapeake,VA,94562,Bradshaw County,42.472326,-108.619734,Washington DC Metro
LOC-4955,582 Miller Walks Suite 913,Paterson,NJ,30275,Hill County,28.523412,-93.125822,New York Metro
LOC-4956,812 Castro Causeway,Peoria,IL,43605,Lopez County,43.399587,-116.503896,Chicago Metro
LOC-4957,19747 Williams Street Suite 042,Dallas,TX,68663-7161,Adams County,26.020387,-82.453131,Dallas-Fort Worth Metro
LOC-4958,65626 Monica Centers Suite 643,Syracuse,NY,54547-7296,Johnson County,40.134535,-93.830996,New York Metro
LOC-4959,2476 Bonilla Branch,Miami,FL,86312,Nixon County,41.804582,-123.161549,Miami Metro
LOC-4960,313 Sherman Fords Suite 476,Scranton,PA,23868,James County,30.645728,-86.897079,Philadelphia Metro
LOC-4961,7724 Patricia Extension,Warren,MI,95263,Webb County,45.997058,-105.989227,Detroit Metro
LOC-4962,128 Bowman Trail Apt. 282,WARREN,MI,38083,Simmons County,37.583677,-92.860986,Detroit Metro
LOC-4963,49987 Lynch Rapid,Fresno,CA,81883,Anthony County,42.473002,-94.417468,Los Angeles Metro
LOC-4964,406 Gregory Mount,Houston,TX,10475,Reed County,31.493911,-81.560531,Dallas-Fort Worth Metro
LOC-4965,040 Kennedy Field,Columbus,OH,64263,Thomas County,36.674649,-104.979444,Columbus Metro
LOC-4966,481 Nicholas Estate Suite 716,Peoria,IL,37449,Reed County,36.223407,-79.564426,Chicago Metro
LOC-4967,386 Jones Falls Apt. 541,Tempe,AZ,74795,Kelly County,44.6346,-111.892409,Phoenix Metro
LOC-4968,078 Gilmore Hills,Seattle,WA,19951,Marshall County,36.598955,-78.341183,Seattle Metro
LOC-4969,16962 Nicole Drive Apt. 362,norfolk,VA,87499,Vasquez County,38.109878,-96.171912,Washington DC Metro
LOC-4970,5381 Lisa Plains,Hampton,VA,25367,Watkins County,37.791206,-69.236483,Washington DC Metro
LOC-4971,235 Huffman Lakes Apt. 290,Richmond,VA,31775,Collins County,41.408217,-84.52725,Washington DC Metro
LOC-4972,85952 Montoya Causeway Suite 004,Cincinnati,OH,67771,Carey County,25.169512,-120.736075,Columbus Metro
LOC-4973,066 Smith Point,San Antonio,TX,68690,Palmer County,25.390112,-113.869175,Dallas-Fort Worth Metro
LOC-4974,243 Matthew Pine Apt. 225,Mesa,AZ,82273-2300,Serrano County,37.260435,-89.171103,Phoenix Metro
LOC-4975,11686 Arellano Viaduct,Oakland,CA,59945,Williams County,44.906331,-114.454523,Los Angeles Metro
LOC-4976,149 Barr Mews,detroit,MI,55105,Dalton County,46.48628,-122.939644,Detroit Metro
LOC-4977,781 Esparza Spring,Lansing,MI,52448-7503,Brady County,44.951148,-114.315866,Detroit Metro
LOC-4978,1153 Jeffrey Lane,Dallas,TX,14192,Price County,44.563149,-86.797595,Dallas-Fort Worth Metro
LOC-4979,9347 Perez Fort Suite 267,Scottsdale,AZ,19797,Kelley County,42.378049,-101.874475,Phoenix Metro
LOC-4980,6611 Mahoney Locks Apt. 609,New Rochelle,NY,71004,Whitney County,45.573114,-115.06699,New York Metro
LOC-4981,057 Atkinson Mall Apt. 178,Fresno,CA,8227,Moore County,41.923886,-72.925359,Los Angeles Metro
LOC-4982,47307 Mccall Stravenue Apt. 279,Pittsburgh,PA,37106,Jimenez County,27.576805,-101.071757,Philadelphia Metro
LOC-4983,3019 Weber Ways,Houston,TX,85522,Richards County,46.582311,-96.335075,Dallas-Fort Worth Metro
LOC-4984,2174 Delgado Island Suite 386,Newark,NJ,N/A,Hart County,30.090795,-116.842205,New York Metro
LOC-4985,80684 Marcia Landing Suite 955,Oakland,CA,86872,Valentine County,44.021656,-115.459707,Los Angeles Metro
LOC-4986,81567 Day Pines Apt. 561,El Paso,TX,54298,Lopez County,40.646319,-100.352228,Dallas-Fort Worth Metro
LOC-4987,32763 Phillip Roads,New Rochelle,NY,96630,Frank County,46.986574,-103.371498,New York Metro
LOC-4988,739 Long Mountain Suite 596,Fort Worth,TX,7610,Phillips County,25.26827,-78.661751,Dallas-Fort Worth Metro
LOC-4989,81753 Williams Meadows Apt. 997,Elizabeth,NJ,15740-6080,Barton County,34.902066,-110.253412,New York Metro
LOC-4990,17563 Nicholson Centers Suite 021,Oakland,CA,39510,Johnson County,42.676376,-72.470739,Los Angeles Metro
LOC-4991,2696 Mclean Estates,Fayetteville,NC,48070,Ingram County,42.086461,-87.358526,Charlotte Metro
LOC-4992,332 Nicolas Fords Suite 319,Kirkland,WA,12786,Gutierrez County,28.891194,-118.589428,Seattle Metro
LOC-4993,3698 Karen Cape,Winston-Salem,NC,10913,Williams County,25.363933,-90.151411,Charlotte Metro
LOC-4994,972 Ellis Land Suite 914,Sacramento,CA,25726,Ramsey County,42.088481,-71.275668,Los Angeles Metro
LOC-4995,12983 Jennings Highway Apt. 646,Sandy Springs,GA,12739,Johnson County,27.165307,-101.687211,Atlanta Metro
LOC-4996,0066 Mcintyre Plaza,Edison,NJ,47194,Rivera County,41.867477,-85.589508,New York Metro
LOC-4997,04557 Ferguson Union,Hampton,VA,93752,Rogers County,47.006726,-123.420994,Washington DC Metro
LOC-4998,22006 Griffith Road,DURHAM,NC,13915,Barrera County,33.819432,-85.603314,Charlotte Metro
LOC-4999,1442 Christopher Shoals Apt. 342,TACOMA,WA,48203,Smith County,41.619392,-83.490401,Seattle Metro
LOC-5000,872 Sandra Burgs Suite 668,Lakewood,CO,48723,Gamble County,26.48181,-107.094193,Denver Metro
