property_id,location_id,property_type,year_built,square_footage,bedrooms,bathrooms,lot_size_sqft,garage_spaces,has_pool,has_basement,stories
PRP-0001,LOC-0152,Land,1974,807,2,5.5,475670.0,4,True,False,2
PRP-0002,LOC-1139,SFR,1995,3879,3,2.0,31430.0,2,False,False,3
PRP-0003,LOC-2139,SINGLE-FAMILY,1961,603,5,5.0,12452.0,0,False,True,2
PRP-0004,LOC-3428,Town House,1920,4020,1,2.0,14983.0,3,True,True,2
PRP-0005,LOC-1391,Single Family Home,1962,504,2,2.0,25789.0,2,False,True,1
PRP-0006,LOC-4473,Single-Family,1923,4087,4,2.0,14236.0,4,True,False,1
PRP-0007,LOC-3680,CONDO,1998,5962,1,1.5,,0,True,False,3
PRP-0008,LOC-1731,Single-Family,2016,4050,2,5.5,15380.0,4,False,True,1
PRP-0009,LOC-2900,TH,1975,1740,7,5.5,29740.0,0,False,True,2
PRP-0010,LOC-2128,SFR,1979,6305,4,4.5,26643.0,4,True,False,1
PRP-0011,LOC-0637,Single-Family,2003,4947,3,3.5,5799.0,2,False,True,2
PRP-0012,LOC-3539,Condo,1935,7614,5,5.5,1053.0,0,False,False,3
PRP-0013,LOC-1255,Single-Family,1961,2455,2,5.0,46314.0,2,False,True,1
PRP-0014,LOC-2764,sfr,1992,7519,6,5.0,28830.0,0,False,True,3
PRP-0015,LOC-4343,TH,1946,689,7,3.5,14168.0,4,True,False,1
PRP-0016,LOC-4435,Single Family Home,1948,4405,2,1.0,45957.0,0,False,False,1
PRP-0017,LOC-4854,Single Family Home,1938,5621,4,4.5,28335.0,0,False,True,3
PRP-0018,LOC-3754,Single-Family,1924,7318,4,1.5,39921.0,4,True,False,2
PRP-0019,LOC-3576,LAND,1995,3253,6,3.0,17844.0,0,True,True,3
PRP-0020,LOC-2013,Condominium,1934,4256,2,5.0,,2,True,False,2
PRP-0021,LOC-4614,SFR,1968,5310,4,5.5,12715.0,1,False,True,1
PRP-0022,LOC-0352,townhouse,1944,1771,3,2.5,34048.0,4,True,True,2
PRP-0023,LOC-0516,SFR,2007,5997,7,1.5,19403.0,1,True,True,1
PRP-0024,LOC-4730,MULTI-FAMILY,2019,4646,6,2.5,11850.0,4,False,False,3
PRP-0025,LOC-3857,Condominium,2021,673,3,1.5,,0,False,False,1
PRP-0026,LOC-1762,MULTI-FAMILY,1979,6538,2,4.5,18407.0,1,False,True,1
PRP-0027,LOC-0615,Single-Family,1944,4705,3,2.5,20824.0,2,False,True,2
PRP-0028,LOC-2351,townhouse,1979,3791,1,1.5,9120.0,3,False,True,2
PRP-0029,LOC-2557,Single Family Home,1935,4812,4,2.5,24531.0,2,True,False,2
PRP-0030,LOC-0801,MULTI-FAMILY,2019,7795,2,1.5,44723.0,3,False,False,3
PRP-0031,LOC-4469,Single Family Home,2002,2295,4,1.0,2904.0,4,False,False,1
PRP-0032,LOC-3883,Condo,1984,1420,3,5.0,,0,False,False,2
PRP-0033,LOC-4164,SINGLE-FAMILY,2007,786,6,3.0,6491.0,4,True,True,2
PRP-0034,LOC-4317,Single Family Home,2020,7006,6,2.0,38421.0,1,False,True,2
PRP-0035,LOC-1783,sfr,2017,3492,1,5.0,31983.0,3,False,True,2
PRP-0036,LOC-1096,Condo,2017,4629,1,2.5,,1,False,True,3
PRP-0037,LOC-1878,Townhouse,1920,2902,3,1.0,44594.0,4,False,False,3
PRP-0038,LOC-2090,Single-Family,1994,3691,3,4.5,29028.0,1,False,True,3
PRP-0039,LOC-1916,Condominium,2013,4946,7,1.5,,3,False,True,3
PRP-0040,LOC-1701,condominium,2004,1245,5,1.5,,4,False,False,3
PRP-0041,LOC-3987,condo,1928,679,2,1.5,,3,True,True,1
PRP-0042,LOC-3728,Condo,1971,7886,6,4.5,,0,False,False,2
PRP-0043,LOC-2056,Condo,1987,4267,2,4.0,1404.0,4,True,True,2
PRP-0044,LOC-0611,condo,1942,5214,1,4.0,,4,False,True,2
PRP-0045,LOC-4648,condo,1948,5329,6,5.0,,0,False,True,1
PRP-0046,LOC-2854,TH,1951,1189,3,4.0,39497.0,4,True,True,2
PRP-0047,LOC-1372,condo,2000,2390,7,2.0,,2,False,False,1
PRP-0048,LOC-0426,Multi-Family,2008,3190,4,2.0,17151.0,3,False,True,1
PRP-0049,LOC-0635,CONDO,1939,3559,4,1.0,567.0,4,True,False,2
PRP-0050,LOC-1050,single family,1956,704,5,2.5,29513.0,4,False,False,3
PRP-0051,LOC-4557,single family,1974,2153,7,4.5,37686.0,0,False,True,1
PRP-0052,LOC-2719,TOWNHOUSE,2001,3736,1,4.0,14336.0,0,False,False,3
PRP-0053,LOC-2391,condominium,1929,803,4,3.5,,3,False,False,3
PRP-0054,LOC-2021,Single Family Home,1980,3715,6,2.5,46266.0,2,False,True,3
PRP-0055,LOC-4063,single family,1987,3207,4,4.5,33566.0,2,False,True,3
PRP-0056,LOC-4203,CONDO,2009,4537,2,4.0,,1,False,False,2
PRP-0057,LOC-3092,condominium,1924,7805,2,2.5,,2,False,False,2
PRP-0058,LOC-0510,single family,1939,3278,7,4.0,34540.0,0,False,True,3
PRP-0059,LOC-0889,SINGLE-FAMILY,2012,4949,5,1.5,28080.0,0,False,False,3
PRP-0060,LOC-4161,single family,2012,5225,3,1.0,16600.0,0,True,True,2
PRP-0061,LOC-0079,sfr,1985,1684,4,5.5,37974.0,3,True,False,1
PRP-0062,LOC-4863,Single Family Home,1979,6762,7,1.5,42286.0,0,False,True,3
PRP-0063,LOC-0265,Townhouse,1941,2324,2,5.5,21922.0,3,True,False,1
PRP-0064,LOC-2986,Single-Family,1966,940,4,3.5,31380.0,2,False,False,3
PRP-0065,LOC-4059,sfr,2005,1616,5,1.5,2704.0,0,True,False,1
PRP-0066,LOC-2326,Multi Family,1934,2976,4,2.5,36299.0,0,False,False,1
PRP-0067,LOC-0548,TOWNHOUSE,2004,3509,7,1.5,28740.0,2,False,True,2
PRP-0068,LOC-2392,Single-Family,2008,6990,6,2.0,21220.0,2,False,False,3
PRP-0069,LOC-3171,condominium,1999,1093,3,2.5,,3,True,False,2
PRP-0070,LOC-4560,Town House,1944,2553,4,1.0,27198.0,2,False,False,1
PRP-0071,LOC-2542,single family,1997,7535,5,5.0,12315.0,4,False,False,2
PRP-0072,LOC-3820,TH,2016,6168,7,1.5,35678.0,2,False,True,2
PRP-0073,LOC-2506,sfr,1987,560,2,4.0,16618.0,3,True,False,1
PRP-0074,LOC-3688,sfr,1998,3597,1,5.5,17802.0,0,False,True,3
PRP-0075,LOC-2386,TH,1957,2106,1,5.5,44373.0,1,True,True,1
PRP-0076,LOC-3601,Town House,1997,7362,6,3.5,23650.0,4,False,True,1
PRP-0077,LOC-2045,CONDO,1927,3685,4,5.0,,3,False,False,2
PRP-0078,LOC-3034,SINGLE-FAMILY,1933,2022,4,1.5,44424.0,0,True,True,1
PRP-0079,LOC-2960,Single Family Home,2022,4358,4,4.5,41728.0,4,False,True,3
PRP-0080,LOC-1787,LAND,1979,7529,5,4.0,256364.0,0,False,False,2
PRP-0081,LOC-4955,Single Family Home,1959,5172,1,2.0,3973.0,2,True,True,1
PRP-0082,LOC-4587,condominium,2014,7636,6,3.0,416.0,4,False,False,3
PRP-0083,LOC-3184,SINGLE-FAMILY,1969,2684,1,2.5,46242.0,3,True,False,3
PRP-0084,LOC-3924,condominium,1986,3601,5,1.0,,3,False,True,2
PRP-0085,LOC-2338,sfr,1998,2360,3,5.5,4501.0,0,True,False,2
PRP-0086,LOC-2459,condo,1954,4152,1,4.5,,2,False,False,3
PRP-0087,LOC-1337,Single-Family,1990,5328,3,3.0,32150.0,3,True,True,2
PRP-0088,LOC-1016,Single-Family,1952,7544,5,2.5,42039.0,3,True,True,2
PRP-0089,LOC-4287,condominium,1996,7626,1,2.5,,4,True,True,3
PRP-0090,LOC-3848,CONDO,1965,4782,4,4.5,,0,True,True,3
PRP-0091,LOC-2641,condominium,1970,2165,7,5.5,,3,False,False,3
PRP-0092,LOC-3952,TOWNHOUSE,1928,7072,2,1.5,33404.0,4,False,True,2
PRP-0093,LOC-0574,Single Family Home,1971,6419,7,5.0,28945.0,1,False,False,1
PRP-0094,LOC-3360,Townhouse,1936,2380,1,2.5,11333.0,2,False,False,2
PRP-0095,LOC-4646,SFR,1982,3696,4,3.5,20140.0,3,True,False,1
PRP-0096,LOC-2757,SFR,1956,6977,2,3.0,38906.0,0,False,True,3
PRP-0097,LOC-1447,condo,1987,796,5,1.0,,4,False,False,3
PRP-0098,LOC-0154,Single-Family,1965,7913,1,5.5,12675.0,1,False,False,1
PRP-0099,LOC-3431,SFR,1996,3671,5,4.0,42566.0,0,True,True,3
PRP-0100,LOC-2462,single family,1921,1941,1,3.5,10718.0,2,True,False,3
PRP-0101,LOC-4238,condominium,1973,6048,3,2.0,,0,False,False,2
PRP-0102,LOC-1854,TH,1950,6484,7,2.5,17827.0,2,False,False,1
PRP-0103,LOC-3226,SINGLE-FAMILY,1968,2593,3,3.5,31343.0,0,False,True,3
PRP-0104,LOC-0536,Town House,1921,834,6,4.0,20438.0,1,True,False,1
PRP-0105,LOC-3020,Condominium,1937,7672,2,2.0,,1,True,False,2
PRP-0106,LOC-0505,Town House,1948,2705,4,1.5,10354.0,4,True,False,2
PRP-0107,LOC-4932,Condominium,2016,2532,3,1.0,,4,False,True,3
PRP-0108,LOC-2736,lot,1947,1338,3,2.5,438772.0,2,True,True,2
PRP-0109,LOC-3464,Condominium,2023,1427,7,5.0,,0,False,True,1
PRP-0110,LOC-0598,TH,1951,2724,6,4.5,23829.0,2,True,False,3
PRP-0111,LOC-3067,Single-Family,2009,4520,7,3.5,3209.0,4,False,False,1
PRP-0112,LOC-2879,Town House,1929,6698,3,4.0,48688.0,1,True,False,3
PRP-0113,LOC-2858,sfr,2018,5681,4,1.5,8272.0,4,False,True,3
PRP-0114,LOC-0974,SFR,1960,2352,7,1.0,17206.0,4,True,False,2
PRP-0115,LOC-4482,SINGLE-FAMILY,1922,6810,3,3.0,10369.0,2,True,True,1
PRP-0116,LOC-2908,condo,1926,6786,6,2.5,,3,False,False,1
PRP-0117,LOC-0311,SFR,1950,6007,2,5.5,3767.0,2,False,True,3
PRP-0118,LOC-3013,Condominium,2010,1564,1,3.5,,2,False,True,3
PRP-0119,LOC-4476,Single Family Home,2008,3443,4,3.5,31004.0,1,False,True,3
PRP-0120,LOC-2877,CONDO,1930,2100,1,1.0,,4,False,False,2
PRP-0121,LOC-4636,condominium,1963,7945,2,5.0,30.0,3,False,True,3
PRP-0122,LOC-4936,single family,1991,499,6,1.5,38756.0,3,True,False,2
PRP-0123,LOC-3437,Townhouse,1940,7220,4,3.0,24378.0,2,False,False,1
PRP-0124,LOC-4159,multi family,1977,4065,1,5.0,43868.0,2,False,False,2
PRP-0125,LOC-1083,SINGLE-FAMILY,1924,4923,7,1.0,45550.0,3,True,True,1
PRP-0126,LOC-1706,SINGLE-FAMILY,1994,7864,1,4.5,20843.0,0,False,False,3
PRP-0127,LOC-1221,Single Family Home,1958,1957,5,2.0,4715.0,2,True,True,3
PRP-0128,LOC-0004,Condo,1935,5103,4,1.5,1336.0,0,False,True,1
PRP-0129,LOC-0590,TOWNHOUSE,2014,7852,2,5.5,46638.0,3,False,False,1
PRP-0130,LOC-3444,Multi-Family,1955,5631,7,4.0,29204.0,3,True,True,2
PRP-0131,LOC-3004,condo,1937,3239,2,4.5,,0,False,True,1
PRP-0132,LOC-3165,land,1930,493,6,1.0,44444.0,4,False,True,1
PRP-0133,LOC-0570,SINGLE-FAMILY,2023,782,1,4.5,21346.0,3,False,False,1
PRP-0134,LOC-4557,Multifamily,2004,3494,1,3.0,11723.0,1,True,False,2
PRP-0135,LOC-2301,single family,1980,7373,3,4.0,18523.0,0,True,False,1
PRP-0136,LOC-3713,Townhouse,1987,3923,4,2.5,34207.0,4,False,True,1
PRP-0137,LOC-1319,SINGLE-FAMILY,2023,1365,1,1.0,32089.0,4,True,False,2
PRP-0138,LOC-3737,condominium,1927,6298,1,1.5,,2,False,False,2
PRP-0139,LOC-3724,Condominium,2016,6463,3,5.0,,2,False,True,1
PRP-0140,LOC-2624,townhouse,2001,3664,6,4.5,49725.0,4,True,False,3
PRP-0141,LOC-4784,Land,2000,7103,5,5.5,380457.0,1,False,False,3
PRP-0142,LOC-4408,TOWNHOUSE,1920,2976,2,2.5,4816.0,2,True,True,1
PRP-0143,LOC-1427,single family,1923,603,3,5.5,37688.0,3,True,True,1
PRP-0144,LOC-2845,Single Family Home,1945,3263,3,3.0,31273.0,4,False,False,3
PRP-0145,LOC-0661,Single Family Home,1933,2127,5,2.0,24380.0,3,False,True,1
PRP-0146,LOC-1436,SFR,1969,4552,2,1.5,33109.0,1,False,True,3
PRP-0147,LOC-0107,Townhouse,1988,6812,6,3.0,38266.0,4,False,True,1
PRP-0148,LOC-1898,SFR,1927,4513,1,3.0,21958.0,3,True,False,2
PRP-0149,LOC-3316,Single-Family,1986,1493,4,1.5,48030.0,0,True,True,3
PRP-0150,LOC-1055,MULTI-FAMILY,1930,7775,4,2.5,26081.0,2,False,False,2
PRP-0151,LOC-3703,sfr,2017,4099,1,1.5,2818.0,0,False,False,3
PRP-0152,LOC-3873,CONDO,1950,3833,6,3.0,,2,False,False,2
PRP-0153,LOC-1522,CONDO,1963,1968,6,4.5,,1,True,False,2
PRP-0154,LOC-4025,Multifamily,2011,5175,7,5.5,43948.0,3,False,False,1
PRP-0155,LOC-2042,Single Family Home,2004,678,2,2.0,45782.0,3,True,True,2
PRP-0156,LOC-0507,Condo,2006,7624,5,3.5,,3,True,False,3
PRP-0157,LOC-1823,Land,1938,5487,5,4.0,386888.0,1,True,False,2
PRP-0158,LOC-0617,multi family,2009,3158,6,5.5,29431.0,0,True,False,3
PRP-0159,LOC-0751,condo,1970,2285,7,5.0,,1,False,True,2
PRP-0160,LOC-3348,sfr,1970,6658,5,1.5,23031.0,0,False,True,3
PRP-0161,LOC-1639,CONDO,1955,1086,6,5.0,,4,False,False,1
PRP-0162,LOC-3629,SINGLE-FAMILY,1998,901,6,5.0,34687.0,1,True,False,1
PRP-0163,LOC-3176,sfr,1938,2534,1,4.0,32393.0,0,False,False,3
PRP-0164,LOC-2470,Single-Family,1936,5456,4,3.0,34753.0,4,False,True,2
PRP-0165,LOC-1412,CONDO,1994,4680,4,1.0,,2,True,False,3
PRP-0166,LOC-2855,sfr,1953,5226,1,5.0,22458.0,4,False,False,1
PRP-0167,LOC-4270,single family,1932,2228,1,2.0,24126.0,1,False,False,2
PRP-0168,LOC-0855,land,1999,2578,1,3.0,423098.0,3,True,False,2
PRP-0169,LOC-3285,sfr,1998,1891,7,2.0,21880.0,3,False,False,1
PRP-0170,LOC-3780,single family,1933,945,4,3.5,6728.0,1,True,True,3
PRP-0171,LOC-2680,CONDO,1920,2534,6,4.5,,0,True,False,2
PRP-0172,LOC-4381,condominium,1978,756,4,4.0,,4,True,True,1
PRP-0173,LOC-4059,condo,1988,1374,2,4.5,,1,False,False,3
PRP-0174,LOC-2969,single family,1936,5619,7,2.0,18785.0,2,False,True,2
PRP-0175,LOC-0884,multi family,1982,7608,3,2.5,22264.0,3,True,False,2
PRP-0176,LOC-0895,SFR,1924,1208,1,5.5,44977.0,0,True,False,1
PRP-0177,LOC-1928,Condo,2023,5555,2,5.5,,2,False,False,2
PRP-0178,LOC-0602,Condo,1937,5923,1,2.0,,3,False,True,2
PRP-0179,LOC-4839,SINGLE-FAMILY,1932,3169,2,5.5,2294.0,3,True,False,2
PRP-0180,LOC-0236,CONDO,2021,514,5,1.0,,4,False,True,1
PRP-0181,LOC-4957,Condo,1999,7463,4,3.0,,3,True,False,1
PRP-0182,LOC-2638,SINGLE-FAMILY,1936,2407,4,4.0,18503.0,3,True,False,1
PRP-0183,LOC-1462,condo,1972,2349,5,4.0,,0,True,True,2
PRP-0184,LOC-4520,Condo,1985,5881,7,1.5,1573.0,0,True,True,1
PRP-0185,LOC-3255,single family,1987,4136,5,2.0,37792.0,3,False,True,1
PRP-0186,LOC-4444,multi family,1928,482,4,1.5,6024.0,3,False,True,1
PRP-0187,LOC-3208,sfr,1941,5235,4,4.0,44437.0,0,True,False,1
PRP-0188,LOC-3649,sfr,1920,955,5,5.0,5899.0,1,False,True,3
PRP-0189,LOC-3350,condominium,1947,2925,7,2.0,,2,False,True,2
PRP-0190,LOC-4429,Condominium,1982,2040,5,5.5,,2,False,False,2
PRP-0191,LOC-2976,Condo,1987,5392,2,2.5,736.0,4,True,False,1
PRP-0192,LOC-4225,multi family,1997,2550,4,2.5,44443.0,0,False,True,3
PRP-0193,LOC-0152,CONDO,2009,3031,5,4.5,,1,False,False,1
PRP-0194,LOC-4995,SINGLE-FAMILY,1958,5327,6,1.0,46335.0,0,False,False,3
PRP-0195,LOC-3803,sfr,1996,1684,6,1.0,14261.0,4,False,True,2
PRP-0196,LOC-4608,SFR,1998,7954,5,1.5,6655.0,0,False,True,3
PRP-0197,LOC-4808,SINGLE-FAMILY,1952,2864,5,4.5,19724.0,0,True,True,2
PRP-0198,LOC-4041,SINGLE-FAMILY,2004,3659,3,5.0,3449.0,1,True,True,3
PRP-0199,LOC-4078,Condo,1956,3312,4,1.0,,1,True,False,2
PRP-0200,LOC-3061,condominium,2001,1455,3,3.5,1852.0,3,False,True,3
PRP-0201,LOC-0012,CONDO,1933,3876,7,5.5,,2,False,True,1
PRP-0202,LOC-1534,TOWNHOUSE,1957,7422,2,3.0,48118.0,4,True,False,3
PRP-0203,LOC-0326,single family,1970,7864,3,1.5,39496.0,3,False,False,3
PRP-0204,LOC-3970,Single Family Home,1940,814,5,3.5,33001.0,2,False,False,2
PRP-0205,LOC-2731,Single Family Home,1976,2389,1,5.0,15934.0,1,False,True,3
PRP-0206,LOC-2188,sfr,2002,865,1,4.0,18373.0,3,True,True,3
PRP-0207,LOC-1262,SFR,1940,7685,7,2.0,4985.0,1,True,False,3
PRP-0208,LOC-3545,CONDO,1991,4141,2,2.5,1691.0,1,False,False,2
PRP-0209,LOC-1137,Single Family Home,1962,3348,6,3.5,24743.0,4,False,False,2
PRP-0210,LOC-2191,Multi Family,1984,600,6,4.0,27199.0,3,False,True,3
PRP-0211,LOC-0421,SINGLE-FAMILY,1926,4274,1,2.5,4946.0,1,True,False,2
PRP-0212,LOC-2341,SFR,1976,3189,7,2.5,17641.0,4,False,False,1
PRP-0213,LOC-0969,condominium,2008,2744,3,4.5,,2,True,True,2
PRP-0214,LOC-3502,Condominium,1997,2136,7,2.5,,2,True,True,3
PRP-0215,LOC-3612,Single Family Home,1966,5711,1,2.5,37049.0,4,True,False,3
PRP-0216,LOC-1565,single family,1951,5109,5,1.5,45592.0,1,True,True,3
PRP-0217,LOC-0048,Condominium,1933,7339,4,1.5,,3,False,False,2
PRP-0218,LOC-0021,multi family,1995,3504,1,3.0,37750.0,4,True,True,2
PRP-0219,LOC-2223,SFR,1980,2229,6,4.0,39581.0,2,False,True,3
PRP-0220,LOC-4771,Single Family Home,1947,3598,6,5.0,36944.0,4,False,True,2
PRP-0221,LOC-3139,Condo,1959,6139,5,4.5,,2,False,True,3
PRP-0222,LOC-2606,Single-Family,1940,6866,5,4.0,43581.0,0,False,True,3
PRP-0223,LOC-3440,Town House,1922,1986,6,1.5,10792.0,2,True,False,2
PRP-0224,LOC-3010,sfr,1988,6951,5,3.0,24020.0,3,False,False,2
PRP-0225,LOC-1861,Condo,1924,5646,2,4.0,,3,False,True,2
PRP-0226,LOC-4764,Multi-Family,1959,6800,5,2.5,24842.0,0,False,True,3
PRP-0227,LOC-1446,LAND,2023,5175,6,2.0,110812.0,2,False,True,3
PRP-0228,LOC-0833,SFR,2018,3015,7,4.5,7083.0,3,False,False,2
PRP-0229,LOC-1029,Town House,1985,1241,7,3.0,41120.0,3,False,True,2
PRP-0230,LOC-0273,townhouse,1936,2083,1,4.5,18805.0,4,True,True,2
PRP-0231,LOC-2431,sfr,1955,7389,4,4.0,17231.0,1,False,False,3
PRP-0232,LOC-2013,single family,2012,5721,6,4.0,15635.0,2,False,False,1
PRP-0233,LOC-4058,townhouse,1924,5253,7,5.0,45513.0,1,True,True,1
PRP-0234,LOC-1866,sfr,1964,7574,1,3.0,46434.0,0,False,True,3
PRP-0235,LOC-2157,Single Family Home,2013,7961,5,3.5,4854.0,2,False,False,1
PRP-0236,LOC-2014,sfr,1962,7638,7,2.0,49344.0,2,False,True,1
PRP-0237,LOC-0373,SFR,2017,7998,6,3.5,17542.0,3,True,True,1
PRP-0238,LOC-3878,Condo,1966,2581,3,5.0,276.0,1,False,False,1
PRP-0239,LOC-1848,Condo,1948,6560,3,4.0,,2,True,False,2
PRP-0240,LOC-1261,SFR,1991,5233,5,1.5,36459.0,2,False,False,2
PRP-0241,LOC-2829,Condominium,2011,5150,5,1.0,,2,False,True,1
PRP-0242,LOC-3182,Multi-Family,1920,4175,5,2.0,28611.0,4,True,True,2
PRP-0243,LOC-0128,SFR,1962,614,1,4.5,22619.0,3,False,False,2
PRP-0244,LOC-2647,condominium,1988,5592,6,1.0,,3,False,False,3
PRP-0245,LOC-1489,townhouse,1925,1741,2,2.0,20970.0,2,False,True,1
PRP-0246,LOC-3520,sfr,1992,924,5,1.5,4436.0,3,True,True,2
PRP-0247,LOC-1205,Town House,1926,5247,1,1.5,21740.0,1,False,False,1
PRP-0248,LOC-0989,single family,1954,2171,2,5.0,28945.0,0,False,False,2
PRP-0249,LOC-1400,single family,1956,2540,6,5.5,12236.0,1,True,True,1
PRP-0250,LOC-3667,Condo,1987,523,1,1.5,,4,False,True,2
PRP-0251,LOC-4647,CONDO,1932,902,6,5.5,,1,True,True,1
PRP-0252,LOC-4821,Condominium,1955,1354,6,4.5,376.0,4,True,False,3
PRP-0253,LOC-4884,Condominium,1978,2741,1,5.0,,3,False,False,1
PRP-0254,LOC-3809,SFR,1925,428,5,2.5,2017.0,4,True,False,1
PRP-0255,LOC-1538,multi family,1935,3486,1,2.0,33795.0,2,False,False,3
PRP-0256,LOC-1533,Single-Family,1995,4413,6,2.5,30136.0,1,True,False,3
PRP-0257,LOC-4456,condominium,2012,4255,6,4.5,400.0,1,True,True,3
PRP-0258,LOC-1358,SFR,1943,3940,2,5.5,12484.0,1,False,True,1
PRP-0259,LOC-1339,Condo,1947,2012,5,3.5,,2,False,True,2
PRP-0260,LOC-2387,sfr,1925,624,7,5.5,48227.0,0,True,False,1
PRP-0261,LOC-1269,SFR,1952,7973,2,2.0,40683.0,2,False,False,3
PRP-0262,LOC-4713,sfr,2010,7151,6,5.5,16451.0,1,True,True,2
PRP-0263,LOC-3761,single family,1955,6086,5,2.5,14885.0,0,True,True,2
PRP-0264,LOC-4772,condo,1966,2097,6,5.0,,4,True,True,2
PRP-0265,LOC-4599,Single-Family,1981,5145,6,3.0,24300.0,2,False,False,1
PRP-0266,LOC-1491,condo,2014,3229,7,4.5,,1,True,True,2
PRP-0267,LOC-4940,Single Family Home,1958,7559,1,5.0,30556.0,4,True,False,3
PRP-0268,LOC-0803,Condominium,1954,6290,6,3.5,,4,False,False,3
PRP-0269,LOC-1118,SFR,2005,738,5,4.0,39445.0,1,False,True,3
PRP-0270,LOC-2165,single family,2000,5949,6,3.5,43624.0,0,True,True,2
PRP-0271,LOC-1171,Single Family Home,1974,1857,6,3.0,6699.0,3,False,False,3
PRP-0272,LOC-4657,condominium,1971,7178,3,1.0,,2,False,True,1
PRP-0273,LOC-1627,SFR,2011,1796,7,3.0,23293.0,1,True,False,2
PRP-0274,LOC-0551,sfr,1957,6400,2,2.0,28737.0,1,True,True,3
PRP-0275,LOC-2184,condo,1944,4319,1,3.5,,0,True,True,2
PRP-0276,LOC-2992,Condominium,1950,4770,2,1.0,,0,False,True,2
PRP-0277,LOC-3589,Single Family Home,1990,2658,5,4.5,20463.0,3,True,False,2
PRP-0278,LOC-1907,Condominium,1924,2779,3,2.0,,3,True,False,3
PRP-0279,LOC-1108,Single-Family,1957,6394,1,1.0,9152.0,2,False,True,2
PRP-0280,LOC-4172,sfr,1981,2835,2,1.5,9370.0,2,False,True,1
PRP-0281,LOC-0506,SINGLE-FAMILY,1976,969,7,1.0,45115.0,1,False,True,3
PRP-0282,LOC-2321,Town House,1992,7916,5,2.0,4016.0,4,False,True,3
PRP-0283,LOC-0602,LAND,1927,863,3,1.5,73205.0,3,True,False,3
PRP-0284,LOC-0077,Land,1947,639,7,3.5,199232.0,0,True,False,3
PRP-0285,LOC-2931,Single Family Home,2002,3801,1,4.0,31155.0,0,True,True,2
PRP-0286,LOC-2877,CONDO,1935,989,3,4.0,,2,False,False,2
PRP-0287,LOC-3181,single family,1934,932,3,2.5,37381.0,0,True,True,1
PRP-0288,LOC-2098,sfr,1946,3958,2,4.5,8305.0,2,False,True,2
PRP-0289,LOC-0086,Single Family Home,2000,1260,6,4.0,23339.0,2,False,True,2
PRP-0290,LOC-1639,Single-Family,1983,7357,6,1.0,34556.0,0,False,True,1
PRP-0291,LOC-2509,SFR,1961,6410,1,5.0,44464.0,1,True,True,3
PRP-0292,LOC-1052,Condo,1960,6459,5,4.0,,1,False,False,1
PRP-0293,LOC-1947,Single-Family,2020,7959,5,5.5,39689.0,0,False,True,3
PRP-0294,LOC-4138,Townhouse,1934,610,7,5.5,42052.0,1,False,False,3
PRP-0295,LOC-4267,SINGLE-FAMILY,1977,1511,6,2.0,35839.0,2,True,False,3
PRP-0296,LOC-1571,CONDO,1958,5500,2,3.5,,2,True,True,2
PRP-0297,LOC-3552,sfr,2000,1823,4,2.5,36900.0,4,False,False,2
PRP-0298,LOC-4633,Condo,2001,707,3,1.5,350.0,1,False,True,2
PRP-0299,LOC-4233,sfr,1949,3890,4,4.5,34616.0,3,False,False,3
PRP-0300,LOC-0441,Single Family Home,1984,424,5,2.0,18478.0,4,False,False,1
PRP-0301,LOC-3723,townhouse,1993,1964,6,1.5,25295.0,1,True,True,3
PRP-0302,LOC-1344,Single Family Home,1922,3556,1,4.0,44135.0,0,False,True,3
PRP-0303,LOC-3287,Town House,1927,6408,1,2.0,26992.0,4,False,False,1
PRP-0304,LOC-1961,Land,1999,4943,3,1.0,358059.0,0,False,True,3
PRP-0305,LOC-0170,Condominium,2019,3603,4,2.5,,4,False,True,1
PRP-0306,LOC-3205,SINGLE-FAMILY,1970,5278,6,3.5,4886.0,3,False,False,1
PRP-0307,LOC-0218,Town House,2003,3301,1,5.0,44309.0,0,True,True,3
PRP-0308,LOC-1531,condominium,1966,2186,1,4.0,,0,False,True,2
PRP-0309,LOC-0638,LAND,1994,7700,4,3.0,168383.0,4,True,True,1
PRP-0310,LOC-0106,Single Family Home,2009,939,4,1.0,26366.0,1,False,True,2
PRP-0311,LOC-2544,SINGLE-FAMILY,1998,1363,7,5.0,9180.0,4,False,False,2
PRP-0312,LOC-0768,condominium,1977,517,2,2.0,,3,True,True,1
PRP-0313,LOC-0333,TOWNHOUSE,1955,3995,3,3.5,3526.0,1,False,False,3
PRP-0314,LOC-1084,Multi-Family,1942,3123,7,4.5,25226.0,4,True,True,3
PRP-0315,LOC-1745,condominium,1974,3624,1,2.5,120.0,3,True,False,2
PRP-0316,LOC-0615,MULTI-FAMILY,1960,4266,3,2.5,23298.0,1,True,False,2
PRP-0317,LOC-1400,single family,1927,4467,1,5.0,8858.0,3,False,True,3
PRP-0318,LOC-0026,Single Family Home,1951,4821,1,1.0,9580.0,1,True,True,1
PRP-0319,LOC-4893,Single-Family,2007,7057,7,4.0,2631.0,4,True,False,2
PRP-0320,LOC-3282,condominium,1971,4780,7,3.5,,0,False,True,2
PRP-0321,LOC-2300,Multi Family,1948,2959,3,5.5,5144.0,4,True,False,3
PRP-0322,LOC-3637,sfr,1936,1557,2,2.0,32555.0,3,True,True,2
PRP-0323,LOC-3126,sfr,1922,6884,7,1.0,13100.0,1,False,False,2
PRP-0324,LOC-4346,SFR,1995,5190,2,1.5,48352.0,2,False,False,2
PRP-0325,LOC-4793,Multifamily,1977,5119,2,2.5,45822.0,2,True,True,3
PRP-0326,LOC-2409,lot,1991,749,2,2.5,288689.0,3,False,True,3
PRP-0327,LOC-3615,SFR,1949,2233,6,2.5,45884.0,3,True,True,3
PRP-0328,LOC-2507,SFR,1976,2224,7,4.5,41508.0,3,False,True,3
PRP-0329,LOC-0107,Town House,1940,1872,6,5.5,3051.0,2,False,True,3
PRP-0330,LOC-0643,CONDO,1960,1686,7,2.5,,0,False,True,2
PRP-0331,LOC-0727,Condo,1922,7122,5,5.5,,3,False,False,3
PRP-0332,LOC-2544,MULTI-FAMILY,1936,4512,6,2.0,48247.0,2,False,False,3
PRP-0333,LOC-0341,SINGLE-FAMILY,2000,2190,5,3.5,18419.0,2,True,False,1
PRP-0334,LOC-1627,condominium,2015,4909,4,2.5,,2,False,False,3
PRP-0335,LOC-4351,TH,1970,1381,3,3.0,41790.0,0,False,False,2
PRP-0336,LOC-0629,land,1964,6030,5,2.5,458922.0,1,True,False,1
PRP-0337,LOC-2388,condominium,2010,6936,1,5.5,,4,False,False,1
PRP-0338,LOC-2271,Single-Family,2023,4623,6,2.5,17646.0,2,True,True,3
PRP-0339,LOC-0713,condominium,1985,5688,6,3.0,,1,False,False,3
PRP-0340,LOC-2868,CONDO,1923,5729,4,3.0,,3,True,True,3
PRP-0341,LOC-0488,Townhouse,2003,7123,2,5.5,25301.0,0,False,False,2
PRP-0342,LOC-1558,SFR,2015,3136,1,1.0,23027.0,2,False,False,3
PRP-0343,LOC-1780,single family,1969,3615,7,4.5,15695.0,0,True,True,2
PRP-0344,LOC-1835,Condo,1939,3318,7,1.5,,4,True,False,2
PRP-0345,LOC-2167,Town House,2003,4564,7,2.0,47839.0,1,False,False,3
PRP-0346,LOC-2963,Single Family Home,2015,4721,2,4.5,46642.0,3,False,True,1
PRP-0347,LOC-0656,Townhouse,1983,2533,7,4.0,3932.0,2,True,False,2
PRP-0348,LOC-2683,sfr,1972,893,1,5.5,12163.0,4,False,False,3
PRP-0349,LOC-4562,Condominium,1980,7191,2,4.5,,3,False,False,2
PRP-0350,LOC-2320,single family,1964,2238,3,4.5,9956.0,0,False,False,2
PRP-0351,LOC-1339,Condo,1973,6786,2,5.0,,2,False,False,1
PRP-0352,LOC-3030,Condominium,2017,4321,3,4.0,,2,True,False,1
PRP-0353,LOC-2022,SFR,1997,5185,6,5.0,39513.0,3,True,False,2
PRP-0354,LOC-0403,sfr,1994,2844,6,2.0,13875.0,2,False,True,2
PRP-0355,LOC-4132,SFR,2010,4454,7,4.0,25465.0,1,False,True,1
PRP-0356,LOC-3656,MULTI-FAMILY,1927,3554,7,5.5,12772.0,2,False,False,3
PRP-0357,LOC-4242,SINGLE-FAMILY,1949,4092,1,3.5,47194.0,2,True,True,1
PRP-0358,LOC-1967,SINGLE-FAMILY,1990,5478,6,4.5,48976.0,2,True,False,1
PRP-0359,LOC-0061,Townhouse,1958,1676,5,3.0,37102.0,3,False,False,3
PRP-0360,LOC-4418,TH,2011,6226,5,5.5,5064.0,3,False,True,2
PRP-0361,LOC-3813,multi family,1933,4394,2,3.0,30783.0,0,True,False,3
PRP-0362,LOC-3332,Condominium,1935,6806,5,1.5,,3,False,True,3
PRP-0363,LOC-4322,Condominium,2012,4280,7,1.5,,3,False,True,2
PRP-0364,LOC-0962,sfr,1970,2165,1,5.5,47274.0,3,False,True,2
PRP-0365,LOC-4470,sfr,1986,5924,6,4.0,42457.0,4,False,False,2
PRP-0366,LOC-2557,sfr,1979,1022,5,2.0,13806.0,4,False,True,2
PRP-0367,LOC-0840,condominium,1970,3870,4,1.0,933.0,3,True,False,3
PRP-0368,LOC-4398,CONDO,1967,4170,5,2.0,,1,False,False,1
PRP-0369,LOC-0575,Condo,1948,612,7,5.5,,3,False,False,2
PRP-0370,LOC-2834,SFR,1960,4318,7,1.5,6291.0,4,False,True,1
PRP-0371,LOC-4946,condominium,1920,3129,1,4.5,,3,True,False,2
PRP-0372,LOC-0959,Condominium,1946,5867,5,2.5,,0,False,False,2
PRP-0373,LOC-2858,single family,1961,1982,4,3.0,12574.0,0,False,False,1
PRP-0374,LOC-0271,sfr,1932,6522,6,2.0,7802.0,1,True,False,3
PRP-0375,LOC-2394,SFR,1994,6701,7,5.5,6522.0,4,False,False,3
PRP-0376,LOC-3933,TOWNHOUSE,1920,4260,1,2.5,8245.0,2,False,True,2
PRP-0377,LOC-1773,condo,1962,736,1,3.0,,2,True,False,1
PRP-0378,LOC-1888,TOWNHOUSE,1975,5446,5,5.0,46987.0,4,False,True,2
PRP-0379,LOC-0960,CONDO,1923,5880,3,3.0,1039.0,3,False,True,2
PRP-0380,LOC-0189,multi family,1955,5024,2,1.0,26707.0,1,False,False,1
PRP-0381,LOC-1433,condo,1954,6595,1,1.5,,3,True,True,3
PRP-0382,LOC-3960,Town House,1989,810,4,5.5,45496.0,1,True,True,3
PRP-0383,LOC-1238,Condo,2012,1173,2,1.0,,4,False,True,3
PRP-0384,LOC-3024,TH,1920,7611,7,1.0,8871.0,2,False,False,2
PRP-0385,LOC-3181,Condominium,1985,1044,4,5.0,124.0,0,False,True,2
PRP-0386,LOC-2213,Townhouse,1973,450,7,3.5,46705.0,4,True,True,3
PRP-0387,LOC-1969,Townhouse,1973,7118,7,3.0,15842.0,0,True,False,2
PRP-0388,LOC-2180,Single-Family,1993,6424,1,1.5,24546.0,2,False,True,3
PRP-0389,LOC-3105,sfr,1999,4282,5,1.5,41080.0,0,False,True,1
PRP-0390,LOC-4662,Single-Family,1936,4414,6,4.0,22774.0,0,True,False,3
PRP-0391,LOC-3446,Condominium,1986,605,5,1.0,152.0,0,True,True,2
PRP-0392,LOC-3154,multi family,1957,6477,4,1.0,42898.0,1,False,False,2
PRP-0393,LOC-1034,condo,1927,5767,3,5.5,,0,False,False,1
PRP-0394,LOC-0238,Multi Family,1965,2009,3,2.5,43334.0,1,False,False,2
PRP-0395,LOC-4420,Town House,1922,5947,5,5.0,38806.0,2,False,False,1
PRP-0396,LOC-2919,SFR,1932,4916,6,3.5,23148.0,3,False,True,1
PRP-0397,LOC-2370,Townhouse,1932,7309,3,4.5,46054.0,0,False,True,2
PRP-0398,LOC-4745,Single-Family,1929,5534,1,2.5,35626.0,3,False,False,2
PRP-0399,LOC-4157,condominium,1962,7505,6,3.5,,4,False,True,2
PRP-0400,LOC-0268,condo,2021,5365,3,2.0,,4,False,True,2
PRP-0401,LOC-4211,TH,2021,7186,6,3.5,33723.0,1,False,True,1
PRP-0402,LOC-1257,condo,1926,4104,4,2.5,,2,False,False,3
PRP-0403,LOC-3744,CONDO,1952,4654,3,2.5,,4,False,True,1
PRP-0404,LOC-0964,Single-Family,1955,6321,5,3.5,47309.0,0,True,True,3
PRP-0405,LOC-4050,Single-Family,1924,2388,6,4.0,6912.0,0,True,False,3
PRP-0406,LOC-1108,Town House,2007,6365,6,1.5,49430.0,1,True,True,1
PRP-0407,LOC-2608,Multifamily,1961,2729,6,3.5,12840.0,1,False,False,1
PRP-0408,LOC-0829,SFR,1939,3933,1,3.0,19624.0,4,False,False,1
PRP-0409,LOC-2731,Single-Family,1938,5414,2,2.0,9940.0,4,True,True,2
PRP-0410,LOC-1919,Townhouse,1940,1306,1,3.0,35758.0,2,True,False,3
PRP-0411,LOC-1012,single family,1969,5944,4,1.5,10632.0,3,False,False,3
PRP-0412,LOC-0631,sfr,1928,7324,6,1.0,2120.0,1,False,True,3
PRP-0413,LOC-3021,Single Family Home,2000,4125,5,4.0,24102.0,3,False,True,1
PRP-0414,LOC-4137,sfr,1959,5701,7,2.5,27443.0,0,True,True,2
PRP-0415,LOC-3987,single family,1953,1835,7,5.0,3482.0,4,True,False,1
PRP-0416,LOC-3009,condominium,1920,6779,6,1.0,,4,True,True,3
PRP-0417,LOC-3651,Condominium,1982,4851,2,4.0,,1,True,True,3
PRP-0418,LOC-3054,condo,1994,4224,3,1.5,1705.0,0,True,False,3
PRP-0419,LOC-2556,Condo,1995,3456,3,3.5,,2,True,True,3
PRP-0420,LOC-0787,single family,1981,5535,3,2.0,11026.0,1,False,False,1
PRP-0421,LOC-4381,SINGLE-FAMILY,1927,4328,6,2.0,39127.0,1,True,True,3
PRP-0422,LOC-1999,Single Family Home,2012,1811,4,3.5,8970.0,2,False,True,2
PRP-0423,LOC-0875,Condominium,1957,4624,7,1.5,500.0,2,False,True,3
PRP-0424,LOC-0536,Single-Family,1948,2191,1,2.0,20391.0,0,True,True,1
PRP-0425,LOC-0686,SFR,1956,3875,3,3.0,14118.0,1,False,False,3
PRP-0426,LOC-1132,Condo,2014,7350,3,3.5,,1,False,False,1
PRP-0427,LOC-3821,multi family,1971,3901,1,3.0,38920.0,4,False,False,3
PRP-0428,LOC-2505,Single Family Home,1929,5903,5,4.0,44465.0,0,False,False,1
PRP-0429,LOC-3116,MULTI-FAMILY,1977,6841,3,5.5,42800.0,1,False,False,1
PRP-0430,LOC-0928,Single Family Home,1933,4545,1,1.0,31025.0,4,True,False,2
PRP-0431,LOC-0780,SFR,1928,5601,2,2.0,4980.0,1,False,True,3
PRP-0432,LOC-1831,single family,1950,6131,3,5.5,49512.0,1,False,True,2
PRP-0433,LOC-3864,Single-Family,1959,3728,1,4.0,28615.0,2,False,False,1
PRP-0434,LOC-0557,Condo,2021,5344,5,5.5,,0,True,False,2
PRP-0435,LOC-1616,Condominium,1983,1451,2,5.5,,0,True,False,3
PRP-0436,LOC-3304,single family,1942,3695,3,2.0,15777.0,2,True,False,3
PRP-0437,LOC-2304,SINGLE-FAMILY,1979,7368,2,4.5,6534.0,4,False,False,1
PRP-0438,LOC-0553,Condo,1983,3324,6,4.5,,4,True,False,2
PRP-0439,LOC-4935,single family,1952,6407,4,3.0,35355.0,1,True,False,1
PRP-0440,LOC-2348,single family,1959,3726,4,4.0,5418.0,4,False,False,1
PRP-0441,LOC-1383,SINGLE-FAMILY,2014,1022,4,1.5,36477.0,3,False,True,2
PRP-0442,LOC-4243,TOWNHOUSE,2014,2761,5,4.0,30714.0,2,True,True,2
PRP-0443,LOC-4232,multi family,2022,5661,6,1.5,43981.0,4,True,False,2
PRP-0444,LOC-2272,CONDO,2000,1390,7,2.5,,2,True,False,3
PRP-0445,LOC-0500,Condo,1980,6330,4,5.5,,3,True,False,3
PRP-0446,LOC-1605,CONDO,1933,2124,1,1.0,,2,True,True,2
PRP-0447,LOC-1503,SFR,1993,5214,2,1.5,43832.0,4,True,False,2
PRP-0448,LOC-1332,CONDO,1961,828,3,3.5,,0,False,False,2
PRP-0449,LOC-2524,CONDO,1939,3931,3,2.0,826.0,2,False,False,2
PRP-0450,LOC-1515,sfr,1936,1507,7,2.0,3551.0,0,True,True,1
PRP-0451,LOC-3081,SINGLE-FAMILY,1963,3724,1,4.5,12612.0,1,True,True,3
PRP-0452,LOC-3698,Single Family Home,1949,3835,1,5.5,28948.0,3,False,False,1
PRP-0453,LOC-3193,single family,2012,1717,1,5.5,24444.0,4,False,True,1
PRP-0454,LOC-3252,Single-Family,1992,3860,6,3.5,4731.0,3,True,False,3
PRP-0455,LOC-2049,CONDO,1994,5884,3,2.0,,2,True,True,3
PRP-0456,LOC-4406,Single-Family,1992,6910,6,2.0,4174.0,3,False,False,3
PRP-0457,LOC-1528,Single-Family,1932,6867,4,2.0,18053.0,2,True,False,2
PRP-0458,LOC-3341,Single Family Home,1923,4272,5,2.0,39786.0,2,False,False,2
PRP-0459,LOC-1460,SFR,1942,5960,7,2.5,19726.0,0,False,True,2
PRP-0460,LOC-1360,sfr,1938,770,4,4.5,13034.0,4,False,False,3
PRP-0461,LOC-1577,Multifamily,2013,7530,3,5.0,39120.0,3,False,False,1
PRP-0462,LOC-3860,Condominium,2005,670,1,4.5,,4,False,True,3
PRP-0463,LOC-1693,TH,1924,869,1,1.5,6177.0,2,False,True,1
PRP-0464,LOC-4046,CONDO,1962,7968,2,2.0,,0,True,False,3
PRP-0465,LOC-2283,TOWNHOUSE,1990,5749,2,2.0,19297.0,4,False,False,2
PRP-0466,LOC-0859,Single-Family,1970,7987,6,2.0,29401.0,2,True,False,1
PRP-0467,LOC-0457,condo,1936,2008,6,5.5,,0,True,False,1
PRP-0468,LOC-3880,TH,2005,7193,6,1.0,22438.0,3,True,True,1
PRP-0469,LOC-2407,Lot,1930,5823,7,3.5,143169.0,4,True,False,1
PRP-0470,LOC-0270,Condo,1962,1767,5,4.0,,0,False,False,2
PRP-0471,LOC-3253,townhouse,2005,2346,4,2.0,19971.0,2,True,False,1
PRP-0472,LOC-4860,SFR,1924,7546,1,1.5,40348.0,3,True,False,3
PRP-0473,LOC-0584,single family,2017,5915,4,4.5,41662.0,0,True,False,3
PRP-0474,LOC-3721,single family,1942,3247,5,2.0,46667.0,4,True,False,3
PRP-0475,LOC-1164,single family,1964,6648,2,2.0,41775.0,1,False,False,1
PRP-0476,LOC-0710,CONDO,1982,6876,7,4.5,799.0,3,True,False,1
PRP-0477,LOC-1930,SFR,1975,7468,3,5.0,36108.0,3,True,False,3
PRP-0478,LOC-1594,condo,1980,5830,3,1.0,,4,False,False,3
PRP-0479,LOC-4280,sfr,1971,5121,2,4.0,29174.0,3,False,True,3
PRP-0480,LOC-1955,MULTI-FAMILY,1926,5223,3,4.0,24013.0,0,True,True,1
PRP-0481,LOC-0130,CONDO,1955,510,5,2.5,,3,True,True,3
PRP-0482,LOC-1164,single family,2007,4107,7,1.5,19358.0,0,False,False,2
PRP-0483,LOC-4742,single family,1942,4486,7,5.5,16920.0,1,False,False,3
PRP-0484,LOC-2019,single family,2013,4485,7,4.0,10255.0,1,False,True,1
PRP-0485,LOC-0701,Townhouse,2020,5962,4,2.0,35755.0,4,True,True,3
PRP-0486,LOC-4830,MULTI-FAMILY,2022,7938,1,5.0,3668.0,4,True,True,2
PRP-0487,LOC-1201,single family,1954,2293,4,2.0,30677.0,2,True,True,1
PRP-0488,LOC-1097,condominium,2008,2521,2,4.0,,3,False,True,1
PRP-0489,LOC-0412,SFR,2019,3253,2,2.0,22977.0,0,False,True,1
PRP-0490,LOC-3233,Condominium,1963,2477,3,1.5,,0,False,True,3
PRP-0491,LOC-1842,SFR,1945,7225,5,3.5,8962.0,4,False,False,3
PRP-0492,LOC-1221,sfr,2002,3193,7,4.5,23214.0,4,False,False,3
PRP-0493,LOC-0703,Single Family Home,1947,938,6,1.5,35556.0,1,True,False,1
PRP-0494,LOC-2156,SINGLE-FAMILY,1971,1372,5,1.5,37214.0,2,True,True,2
PRP-0495,LOC-0519,MULTI-FAMILY,1968,5153,6,5.0,24296.0,3,False,False,2
PRP-0496,LOC-4795,condominium,1976,1016,5,4.0,844.0,3,True,True,1
PRP-0497,LOC-0854,SFR,1957,2909,5,5.5,24771.0,1,False,True,3
PRP-0498,LOC-0849,sfr,1973,2463,2,3.0,41786.0,1,False,True,1
PRP-0499,LOC-1189,Condominium,1932,6658,3,3.0,,1,True,True,3
PRP-0500,LOC-4205,sfr,1931,6904,5,4.5,14569.0,4,True,True,2
PRP-0501,LOC-1448,Single-Family,1995,4116,3,1.5,4048.0,2,False,True,3
PRP-0502,LOC-3883,Condo,1932,4546,6,2.5,,0,True,False,1
PRP-0503,LOC-3494,Town House,2013,1117,2,3.5,44610.0,1,True,True,1
PRP-0504,LOC-1887,Condo,2023,5359,6,1.5,779.0,1,True,False,2
PRP-0505,LOC-4145,CONDO,1941,7540,3,2.5,,2,True,True,2
PRP-0506,LOC-3261,TH,1989,5081,2,2.0,4136.0,1,False,False,2
PRP-0507,LOC-3776,Townhouse,1935,1823,5,3.0,24712.0,4,False,True,3
PRP-0508,LOC-2404,condominium,1996,1098,4,2.0,,4,False,True,2
PRP-0509,LOC-1778,sfr,1986,3826,3,1.5,15127.0,3,True,True,2
PRP-0510,LOC-3518,CONDO,1921,7352,4,1.5,,2,True,True,1
PRP-0511,LOC-0641,Condo,1936,4365,7,2.5,,3,True,False,1
PRP-0512,LOC-0885,SFR,1978,2360,7,1.5,13408.0,4,False,False,1
PRP-0513,LOC-4867,Condominium,1974,5493,7,4.5,,3,False,True,2
PRP-0514,LOC-0867,Single Family Home,2002,1790,5,2.5,6271.0,3,False,False,2
PRP-0515,LOC-2118,TH,1921,3554,6,3.0,34204.0,0,False,True,3
PRP-0516,LOC-2673,single family,2022,7584,1,4.5,23946.0,0,True,False,1
PRP-0517,LOC-0401,SFR,1949,6183,2,5.0,19816.0,4,False,True,2
PRP-0518,LOC-0471,CONDO,1994,3231,4,4.0,,2,True,False,1
PRP-0519,LOC-3214,sfr,1945,6563,1,5.5,25110.0,3,True,True,3
PRP-0520,LOC-1556,SFR,1934,1714,5,5.0,14192.0,1,False,False,2
PRP-0521,LOC-2989,CONDO,1999,2060,3,5.0,,4,True,False,2
PRP-0522,LOC-4716,SINGLE-FAMILY,1938,3365,5,4.0,48111.0,1,True,False,1
PRP-0523,LOC-4075,Condominium,1932,2006,4,4.0,,0,False,True,2
PRP-0524,LOC-2844,single family,1944,5617,3,5.5,23812.0,4,True,False,1
PRP-0525,LOC-1053,SINGLE-FAMILY,1997,4671,5,3.5,34935.0,2,False,False,1
PRP-0526,LOC-1233,Townhouse,1986,5370,5,4.5,48129.0,2,True,False,1
PRP-0527,LOC-1797,single family,1930,6141,7,5.5,21608.0,2,False,True,2
PRP-0528,LOC-0272,Single-Family,1994,3318,3,3.0,49330.0,3,False,False,1
PRP-0529,LOC-0271,single family,1959,4907,3,4.5,19150.0,0,True,True,3
PRP-0530,LOC-0162,Condominium,1945,5615,6,4.5,1618.0,2,True,False,2
PRP-0531,LOC-4978,single family,1982,809,4,4.5,39377.0,2,True,True,3
PRP-0532,LOC-2318,sfr,1922,5770,3,1.5,42727.0,3,False,True,2
PRP-0533,LOC-0970,Lot,2011,1240,3,1.0,147578.0,0,False,True,3
PRP-0534,LOC-2603,single family,1931,1539,1,5.5,11406.0,1,False,True,1
PRP-0535,LOC-2490,sfr,1976,3315,1,1.5,8138.0,2,False,True,3
PRP-0536,LOC-4129,CONDO,1944,3432,3,2.0,,4,True,False,3
PRP-0537,LOC-3087,Lot,1989,3225,4,3.0,169263.0,2,True,True,2
PRP-0538,LOC-2520,single family,2013,7144,2,5.0,37653.0,3,True,True,3
PRP-0539,LOC-0435,multi family,1991,6240,3,5.0,15096.0,1,True,True,1
PRP-0540,LOC-2087,Single Family Home,2004,6909,1,4.0,45373.0,2,False,True,1
PRP-0541,LOC-3976,sfr,2007,5036,2,3.0,9782.0,3,False,True,2
PRP-0542,LOC-3719,townhouse,1934,6551,6,1.0,48107.0,4,False,True,3
PRP-0543,LOC-0139,multi family,1975,1153,7,4.0,45944.0,1,False,True,1
PRP-0544,LOC-0696,Single Family Home,2004,4179,6,5.0,9437.0,0,False,True,1
PRP-0545,LOC-3270,multi family,1993,7923,5,5.0,17793.0,3,True,True,3
PRP-0546,LOC-3466,TOWNHOUSE,1959,5381,3,2.5,25442.0,2,True,True,3
PRP-0547,LOC-4288,condo,1970,3256,3,4.5,,1,False,False,1
PRP-0548,LOC-2150,Single-Family,1999,5835,2,2.5,34912.0,1,True,True,1
PRP-0549,LOC-4975,CONDO,1925,5503,1,3.0,,4,True,True,3
PRP-0550,LOC-2786,Condominium,1950,1534,5,4.0,,4,True,True,2
PRP-0551,LOC-1510,MULTI-FAMILY,1976,2255,2,2.5,36059.0,3,True,True,2
PRP-0552,LOC-3205,Condo,1986,7437,2,3.0,,4,False,True,1
PRP-0553,LOC-1495,LAND,1923,4887,3,3.5,392490.0,0,True,True,3
PRP-0554,LOC-4511,CONDO,1959,5958,3,3.0,,3,False,True,1
PRP-0555,LOC-0115,Single-Family,1944,3401,1,5.0,32555.0,1,False,True,3
PRP-0556,LOC-2822,Condominium,2019,3088,5,5.5,,2,False,True,3
PRP-0557,LOC-0428,single family,1949,1841,1,3.0,8935.0,3,False,True,1
PRP-0558,LOC-3671,lot,1961,4118,2,5.5,184079.0,2,True,True,2
PRP-0559,LOC-3493,Single-Family,2018,5672,1,4.5,41796.0,1,False,True,1
PRP-0560,LOC-4363,Single-Family,1999,4225,4,4.0,30633.0,4,False,True,1
PRP-0561,LOC-2986,Condominium,1993,1713,1,2.5,,2,False,True,3
PRP-0562,LOC-4752,CONDO,1941,3659,3,4.0,,4,True,True,3
PRP-0563,LOC-2446,Multifamily,1983,2889,7,3.0,6920.0,2,False,False,2
PRP-0564,LOC-3420,TOWNHOUSE,1957,6632,5,2.0,24862.0,4,True,False,2
PRP-0565,LOC-2649,Lot,2006,3821,5,3.5,476153.0,3,False,True,2
PRP-0566,LOC-3801,Single Family Home,1996,7457,3,1.0,27972.0,4,False,False,2
PRP-0567,LOC-1126,SFR,1962,5199,6,1.0,22513.0,3,False,False,1
PRP-0568,LOC-4093,single family,1999,3879,3,4.0,42000.0,2,True,True,2
PRP-0569,LOC-1504,Condominium,1984,7275,1,4.0,,2,True,False,1
PRP-0570,LOC-1294,Single Family Home,1943,3105,1,2.0,3808.0,2,False,True,1
PRP-0571,LOC-2308,townhouse,1953,4996,1,2.0,40066.0,3,False,False,2
PRP-0572,LOC-3802,sfr,1953,1185,7,3.0,35521.0,4,False,True,2
PRP-0573,LOC-4591,condo,1996,5912,5,3.5,,1,False,False,1
PRP-0574,LOC-4990,multi family,2000,3115,5,3.0,39387.0,4,False,True,2
PRP-0575,LOC-1173,condo,1937,3252,7,5.5,,4,False,False,1
PRP-0576,LOC-4491,Single-Family,1931,5080,6,1.0,6308.0,3,True,False,1
PRP-0577,LOC-1957,Townhouse,1946,1051,3,5.5,29739.0,3,True,True,1
PRP-0578,LOC-3191,Single-Family,2001,2708,6,3.5,41660.0,0,False,False,3
PRP-0579,LOC-4021,Land,1966,629,7,3.5,328489.0,4,False,False,3
PRP-0580,LOC-0730,LAND,1922,5318,6,3.0,93096.0,2,False,True,3
PRP-0581,LOC-3335,CONDO,1961,7065,1,5.0,,2,False,True,2
PRP-0582,LOC-2547,condo,1935,3057,3,1.0,,2,True,True,3
PRP-0583,LOC-3628,SFR,2020,7239,4,4.5,2145.0,4,False,True,3
PRP-0584,LOC-1731,sfr,2017,3871,5,3.0,9388.0,2,True,True,3
PRP-0585,LOC-2950,SINGLE-FAMILY,1995,2079,4,5.5,22523.0,2,False,True,2
PRP-0586,LOC-1077,Condo,1937,6078,4,5.5,,3,False,True,2
PRP-0587,LOC-3564,sfr,1922,5900,3,5.5,3875.0,4,False,False,2
PRP-0588,LOC-0631,Single-Family,2004,1790,6,2.5,25207.0,1,True,False,2
PRP-0589,LOC-3845,Lot,1946,5180,1,3.5,414529.0,2,False,False,1
PRP-0590,LOC-4194,Condominium,2008,2041,2,4.5,,2,False,True,1
PRP-0591,LOC-0023,TOWNHOUSE,1934,7695,6,5.0,34637.0,4,False,True,3
PRP-0592,LOC-3877,Townhouse,1998,1382,6,2.5,17312.0,2,False,True,1
PRP-0593,LOC-3623,single family,1921,1763,3,1.5,43254.0,3,True,True,2
PRP-0594,LOC-3976,condominium,2017,3809,2,2.5,,4,True,True,1
PRP-0595,LOC-1161,condo,1943,1814,6,1.0,,0,True,False,3
PRP-0596,LOC-4946,sfr,1982,2359,7,3.5,9354.0,4,False,True,2
PRP-0597,LOC-2384,Multifamily,1938,3293,4,1.5,4253.0,2,False,True,1
PRP-0598,LOC-2253,townhouse,2017,4587,3,2.0,10723.0,0,False,True,3
PRP-0599,LOC-4051,sfr,1983,7192,2,1.5,17634.0,2,False,False,1
PRP-0600,LOC-1398,Single-Family,1962,7278,3,4.5,39615.0,0,False,True,1
PRP-0601,LOC-4103,SFR,1940,4664,1,2.5,28771.0,1,True,True,3
PRP-0602,LOC-3428,multi family,1990,5423,6,4.5,42387.0,2,True,False,1
PRP-0603,LOC-1345,Single Family Home,1925,4100,1,1.0,29332.0,4,False,True,1
PRP-0604,LOC-2331,Single Family Home,2012,7279,7,4.0,30357.0,2,False,False,1
PRP-0605,LOC-2726,townhouse,1925,1352,7,2.5,49431.0,0,True,True,2
PRP-0606,LOC-0222,SINGLE-FAMILY,1995,3488,5,5.5,23379.0,1,False,True,3
PRP-0607,LOC-4784,SINGLE-FAMILY,1955,5261,3,3.5,19797.0,4,False,True,2
PRP-0608,LOC-4010,single family,1952,5796,7,1.0,20929.0,2,False,True,2
PRP-0609,LOC-0016,TOWNHOUSE,1953,2291,5,3.0,40456.0,3,True,True,2
PRP-0610,LOC-2536,SFR,1986,3845,6,3.5,33784.0,0,True,False,1
PRP-0611,LOC-3227,sfr,1958,7669,5,5.0,37005.0,3,True,True,3
PRP-0612,LOC-4572,Condo,1957,2448,2,1.5,,1,True,True,3
PRP-0613,LOC-2788,Single Family Home,1953,6158,5,5.5,34718.0,4,False,True,2
PRP-0614,LOC-2966,condo,1952,6530,7,4.5,,1,False,False,1
PRP-0615,LOC-1668,SFR,1987,6646,7,1.0,48961.0,1,True,True,1
PRP-0616,LOC-0357,single family,1976,1878,2,4.5,11583.0,2,True,False,2
PRP-0617,LOC-1936,Single Family Home,1940,803,6,1.0,30154.0,1,False,False,2
PRP-0618,LOC-2798,SFR,1987,1704,1,1.0,36798.0,1,False,False,2
PRP-0619,LOC-1855,condominium,1940,7711,7,2.0,1933.0,0,False,False,2
PRP-0620,LOC-4620,Multi-Family,2010,4961,5,3.5,35252.0,4,False,True,3
PRP-0621,LOC-1486,Single-Family,1991,6945,5,5.5,19712.0,0,False,True,2
PRP-0622,LOC-1643,sfr,2004,416,4,3.0,14432.0,4,True,False,1
PRP-0623,LOC-3718,townhouse,2011,1936,3,5.5,46380.0,0,False,False,1
PRP-0624,LOC-1768,CONDO,1943,813,7,5.5,,2,False,False,1
PRP-0625,LOC-0664,Townhouse,2007,7493,1,5.5,44284.0,3,False,True,2
PRP-0626,LOC-4226,single family,2003,2803,6,2.5,2249.0,3,False,False,2
PRP-0627,LOC-1109,condo,1930,7273,5,1.0,243.0,1,True,False,3
PRP-0628,LOC-1201,TH,1958,3936,5,1.5,5266.0,0,False,True,2
PRP-0629,LOC-1446,Town House,1924,2782,6,5.5,25589.0,3,False,True,2
PRP-0630,LOC-3798,SINGLE-FAMILY,1983,2124,1,1.5,39058.0,4,False,False,1
PRP-0631,LOC-0396,SFR,1926,7399,1,1.5,37052.0,2,True,False,1
PRP-0632,LOC-1036,TOWNHOUSE,1948,3984,4,1.0,9676.0,0,False,True,2
PRP-0633,LOC-1767,Town House,1969,1154,1,1.0,3267.0,3,False,False,2
PRP-0634,LOC-1940,multi family,1990,5197,7,4.5,44133.0,2,False,True,3
PRP-0635,LOC-3182,CONDO,1949,6969,3,5.0,,0,False,True,1
PRP-0636,LOC-3888,Condo,1937,4790,2,2.5,,2,True,True,1
PRP-0637,LOC-0709,condominium,1926,656,6,2.5,1474.0,1,False,True,1
PRP-0638,LOC-2416,SFR,1991,703,4,4.5,46131.0,1,True,True,1
PRP-0639,LOC-2283,CONDO,1983,2704,7,4.0,,3,False,True,2
PRP-0640,LOC-1691,CONDO,1969,3435,3,5.5,109.0,2,False,False,3
PRP-0641,LOC-1305,Multi Family,1952,1698,7,2.5,30899.0,3,False,False,2
PRP-0642,LOC-0606,townhouse,1983,1771,4,4.5,27548.0,2,False,True,2
PRP-0643,LOC-1399,Town House,2008,1760,7,2.0,21283.0,0,True,False,2
PRP-0644,LOC-4362,land,1926,3400,3,5.5,240874.0,3,True,True,2
PRP-0645,LOC-1549,sfr,1957,7993,4,1.0,47521.0,4,False,False,1
PRP-0646,LOC-2812,Single Family Home,1950,780,1,3.5,26908.0,4,False,False,1
PRP-0647,LOC-1504,Multi-Family,1952,6726,6,3.5,20347.0,0,True,False,1
PRP-0648,LOC-0499,CONDO,2010,2150,7,4.5,,4,False,True,3
PRP-0649,LOC-4118,townhouse,2002,3172,5,3.5,25087.0,1,False,False,2
PRP-0650,LOC-4706,SINGLE-FAMILY,1992,4072,3,5.5,31422.0,3,True,True,2
PRP-0651,LOC-2485,townhouse,1947,5577,5,1.0,49921.0,3,False,True,2
PRP-0652,LOC-4326,SINGLE-FAMILY,1961,2495,5,4.5,46033.0,0,False,False,2
PRP-0653,LOC-2733,Multi Family,1987,2305,1,5.0,9011.0,0,False,False,2
PRP-0654,LOC-4936,condominium,1948,2542,3,1.5,,1,True,False,2
PRP-0655,LOC-1265,sfr,1979,5663,5,5.5,40889.0,2,False,True,2
PRP-0656,LOC-3016,Multi-Family,1998,7584,1,2.0,49722.0,3,False,False,1
PRP-0657,LOC-0456,TH,1966,7340,4,3.5,31648.0,1,False,True,3
PRP-0658,LOC-2364,TOWNHOUSE,1959,1025,2,1.0,6266.0,3,True,True,3
PRP-0659,LOC-0470,land,1947,6216,5,3.0,42214.0,3,False,False,3
PRP-0660,LOC-4296,Lot,1995,5055,7,2.5,85579.0,2,True,True,1
PRP-0661,LOC-0230,condo,1999,7647,1,2.5,992.0,3,True,False,2
PRP-0662,LOC-1918,TH,1980,867,5,4.5,33201.0,1,True,False,3
PRP-0663,LOC-2536,TOWNHOUSE,1972,3226,5,2.0,34134.0,0,True,True,1
PRP-0664,LOC-2393,lot,1926,7871,6,4.5,251755.0,0,False,False,1
PRP-0665,LOC-0585,single family,1989,1483,3,4.0,26987.0,0,False,True,1
PRP-0666,LOC-4093,CONDO,1927,6842,2,4.5,,0,True,True,1
PRP-0667,LOC-3243,townhouse,1991,6338,1,2.0,48021.0,1,False,True,2
PRP-0668,LOC-0559,sfr,2013,692,1,1.5,37786.0,3,False,True,2
PRP-0669,LOC-3575,Townhouse,1998,442,7,4.0,32356.0,4,False,True,1
PRP-0670,LOC-0669,Townhouse,2021,2706,5,3.0,7200.0,3,False,True,3
PRP-0671,LOC-2108,single family,2018,3372,1,5.5,26978.0,1,False,False,3
PRP-0672,LOC-3971,Condo,1922,3944,4,2.0,,1,True,False,2
PRP-0673,LOC-1287,TH,2010,3598,3,3.5,4361.0,2,False,True,3
PRP-0674,LOC-0413,condo,1962,7903,3,3.0,,3,True,False,1
PRP-0675,LOC-1134,land,1973,2811,2,3.0,346231.0,1,False,False,1
PRP-0676,LOC-4123,sfr,1976,4192,6,3.5,20840.0,3,True,True,1
PRP-0677,LOC-1068,Single-Family,1921,3681,1,2.5,42344.0,1,True,False,2
PRP-0678,LOC-2517,sfr,1986,6837,7,4.5,20354.0,1,False,False,3
PRP-0679,LOC-3543,single family,1949,5437,1,1.0,21613.0,0,False,False,2
PRP-0680,LOC-4651,Single Family Home,1968,6606,7,4.0,13444.0,0,False,False,3
PRP-0681,LOC-4037,SINGLE-FAMILY,1935,5300,1,1.0,18843.0,3,True,False,2
PRP-0682,LOC-2496,LAND,1972,5626,5,3.0,389255.0,2,False,False,3
PRP-0683,LOC-2823,multi family,1945,6035,7,4.5,9291.0,2,False,False,3
PRP-0684,LOC-3804,townhouse,2018,5606,7,2.0,36152.0,1,False,True,2
PRP-0685,LOC-2372,TOWNHOUSE,1936,3024,3,5.0,43390.0,3,True,False,2
PRP-0686,LOC-0247,CONDO,2012,5544,3,1.0,,0,False,True,2
PRP-0687,LOC-2942,Single Family Home,1945,3073,7,5.5,21260.0,4,False,True,1
PRP-0688,LOC-2005,single family,1947,2903,7,3.5,49398.0,2,False,False,3
PRP-0689,LOC-3403,townhouse,1966,6742,7,5.0,41234.0,3,True,False,3
PRP-0690,LOC-4483,multi family,1920,5843,1,2.5,47864.0,0,False,True,3
PRP-0691,LOC-2994,Condominium,2006,999,7,5.5,,3,False,True,1
PRP-0692,LOC-0885,Multi-Family,2001,1343,1,3.5,36624.0,3,False,True,1
PRP-0693,LOC-0927,SINGLE-FAMILY,1965,2639,2,5.0,6804.0,4,False,False,2
PRP-0694,LOC-2985,Single-Family,1922,3483,2,5.5,31392.0,2,False,True,1
PRP-0695,LOC-0758,Multi Family,1927,927,1,5.5,38481.0,0,False,False,2
PRP-0696,LOC-1134,Single-Family,2016,1539,4,4.5,16764.0,0,False,False,2
PRP-0697,LOC-4536,condo,1921,4057,6,4.0,,4,False,False,1
PRP-0698,LOC-0823,MULTI-FAMILY,1931,7034,4,4.0,16832.0,2,False,True,3
PRP-0699,LOC-3898,SFR,1930,2273,7,5.5,34960.0,2,True,False,1
PRP-0700,LOC-3084,SFR,2005,1497,5,2.5,4014.0,2,False,True,2
PRP-0701,LOC-3384,Multifamily,1983,6410,2,5.0,6144.0,2,False,False,2
PRP-0702,LOC-2017,Multi Family,1991,4760,3,4.5,19010.0,4,True,False,2
PRP-0703,LOC-2501,SINGLE-FAMILY,1962,5228,4,2.0,44709.0,4,False,True,1
PRP-0704,LOC-2291,Multi Family,1939,3184,3,3.0,3728.0,0,True,True,1
PRP-0705,LOC-3877,SINGLE-FAMILY,1977,5406,4,1.5,9177.0,4,True,False,2
PRP-0706,LOC-2838,sfr,1976,7250,6,1.0,49271.0,4,False,False,2
PRP-0707,LOC-4641,MULTI-FAMILY,1963,5270,2,2.5,17526.0,1,True,True,3
PRP-0708,LOC-2742,condo,2004,5760,3,3.5,1218.0,1,True,False,3
PRP-0709,LOC-1440,Single Family Home,1965,5873,6,2.5,8914.0,1,True,False,3
PRP-0710,LOC-0779,TOWNHOUSE,2014,7008,1,1.5,16475.0,0,True,False,2
PRP-0711,LOC-1607,single family,1972,5864,2,3.5,38515.0,1,True,True,1
PRP-0712,LOC-1805,SFR,1990,3912,5,3.0,22412.0,3,False,False,1
PRP-0713,LOC-4207,Condo,2007,2292,3,5.5,,4,True,True,2
PRP-0714,LOC-3549,Town House,1940,4811,7,2.0,23679.0,3,False,False,2
PRP-0715,LOC-1264,single family,1920,7409,1,4.0,7403.0,4,False,True,3
PRP-0716,LOC-2403,SINGLE-FAMILY,1939,5816,6,4.5,38592.0,3,False,False,1
PRP-0717,LOC-4833,Single Family Home,1976,5784,4,2.0,5089.0,2,True,False,2
PRP-0718,LOC-2571,Condo,2014,6003,6,2.0,1119.0,3,False,False,3
PRP-0719,LOC-1939,Multi Family,1946,1044,4,3.0,39477.0,0,True,True,2
PRP-0720,LOC-0234,sfr,1941,6195,5,3.5,22458.0,3,False,True,3
PRP-0721,LOC-2012,sfr,2016,6078,6,1.0,48908.0,3,False,True,1
PRP-0722,LOC-0729,Condo,1974,4904,3,2.0,,2,False,True,1
PRP-0723,LOC-4224,Condo,1976,7252,4,2.5,,0,True,False,3
PRP-0724,LOC-0033,SFR,1979,2922,7,2.5,3943.0,2,True,False,3
PRP-0725,LOC-2838,CONDO,1932,1392,6,3.0,1683.0,4,False,True,2
PRP-0726,LOC-3552,single family,1945,7655,3,2.5,17874.0,0,True,False,3
PRP-0727,LOC-0457,sfr,1978,4542,7,4.0,28467.0,0,False,False,1
PRP-0728,LOC-2926,Condominium,1922,3903,4,1.0,1178.0,4,True,True,2
PRP-0729,LOC-3052,Single-Family,1964,3847,5,5.5,28853.0,1,False,False,2
PRP-0730,LOC-2229,Condo,1921,5712,6,3.0,,2,False,False,3
PRP-0731,LOC-0059,single family,1920,3007,5,4.0,5282.0,0,False,True,1
PRP-0732,LOC-4518,MULTI-FAMILY,1935,1265,4,2.5,36810.0,4,False,True,2
PRP-0733,LOC-4580,Single-Family,1933,4544,5,5.5,16443.0,4,False,False,3
PRP-0734,LOC-0607,Single Family Home,1979,3123,1,1.5,36388.0,2,False,False,3
PRP-0735,LOC-3601,SINGLE-FAMILY,2007,662,5,4.0,48713.0,2,False,True,2
PRP-0736,LOC-4247,SINGLE-FAMILY,1998,6811,1,3.5,10434.0,1,False,True,2
PRP-0737,LOC-4008,Multi Family,1945,6901,6,1.5,33948.0,0,False,True,3
PRP-0738,LOC-0948,TOWNHOUSE,1950,7779,3,5.5,18120.0,2,False,False,3
PRP-0739,LOC-2024,land,1982,6817,7,3.5,184666.0,3,True,True,1
PRP-0740,LOC-2766,multi family,1934,3025,4,4.0,43028.0,3,False,True,2
PRP-0741,LOC-1592,Single-Family,1972,6685,3,3.0,37048.0,1,False,True,3
PRP-0742,LOC-2735,land,1923,2753,1,2.5,416153.0,1,False,False,2
PRP-0743,LOC-4138,Single Family Home,1976,2949,5,4.0,43595.0,2,False,False,3
PRP-0744,LOC-2073,TOWNHOUSE,1988,6133,3,3.0,48455.0,1,True,False,1
PRP-0745,LOC-2703,condominium,1961,5802,2,1.5,,4,False,False,2
PRP-0746,LOC-1786,Single-Family,2018,7771,7,3.5,5806.0,0,True,True,1
PRP-0747,LOC-3407,sfr,1961,3506,3,1.0,37747.0,3,False,False,3
PRP-0748,LOC-3927,TH,1982,4417,7,3.0,21212.0,0,False,False,1
PRP-0749,LOC-2040,sfr,1953,2352,6,5.0,47618.0,0,True,False,2
PRP-0750,LOC-3454,townhouse,1968,5404,6,5.5,31198.0,2,False,True,3
PRP-0751,LOC-4972,TOWNHOUSE,1949,7101,4,1.0,17486.0,1,False,False,3
PRP-0752,LOC-4577,CONDO,1952,2950,7,1.5,,1,False,False,1
PRP-0753,LOC-1785,Townhouse,2005,4657,2,1.0,2802.0,2,True,True,2
PRP-0754,LOC-1623,TH,2007,1900,4,1.5,33826.0,1,True,True,1
PRP-0755,LOC-2947,Condominium,1932,3655,4,3.0,1438.0,4,True,False,3
PRP-0756,LOC-4309,TOWNHOUSE,1990,6266,6,5.5,32605.0,4,True,False,3
PRP-0757,LOC-4760,Condominium,1981,5472,6,3.5,,0,True,False,3
PRP-0758,LOC-0444,SINGLE-FAMILY,1968,7302,3,4.0,6393.0,4,False,True,3
PRP-0759,LOC-1673,Town House,1937,1189,1,5.0,44552.0,3,False,False,2
PRP-0760,LOC-2472,Condominium,1938,4840,6,5.5,,0,True,True,1
PRP-0761,LOC-2596,Multi Family,1937,895,6,2.5,5257.0,2,True,True,2
PRP-0762,LOC-0780,Townhouse,2023,6415,4,4.0,26505.0,1,False,False,1
PRP-0763,LOC-0435,Town House,1951,5316,3,4.5,30655.0,4,False,True,1
PRP-0764,LOC-2466,condominium,2018,1748,7,5.5,,2,False,False,3
PRP-0765,LOC-3369,Single-Family,1982,1575,6,5.5,31402.0,3,False,True,3
PRP-0766,LOC-0560,multi family,1955,3146,3,3.5,28478.0,1,True,False,3
PRP-0767,LOC-2492,sfr,1991,7904,5,2.5,46823.0,4,False,False,1
PRP-0768,LOC-4259,Land,2018,1860,7,1.0,21717.0,2,False,True,2
PRP-0769,LOC-3696,Single-Family,1924,7507,2,3.0,8815.0,1,False,False,1
PRP-0770,LOC-1676,MULTI-FAMILY,1958,6321,2,2.5,7087.0,1,True,True,2
PRP-0771,LOC-3952,MULTI-FAMILY,1970,1415,7,5.0,39509.0,1,True,False,2
PRP-0772,LOC-0288,CONDO,1933,6360,2,5.5,,3,False,False,2
PRP-0773,LOC-3934,condo,2018,1062,6,3.5,1849.0,2,True,False,3
PRP-0774,LOC-0495,condo,2004,1056,2,2.0,,2,False,False,1
PRP-0775,LOC-3248,Condominium,1970,6126,6,3.5,,1,False,True,2
PRP-0776,LOC-3552,Single-Family,2019,3874,3,5.0,47169.0,4,False,True,1
PRP-0777,LOC-0791,SFR,2006,6104,7,4.5,32309.0,3,True,True,1
PRP-0778,LOC-4036,condominium,1968,1997,7,5.5,,3,True,False,3
PRP-0779,LOC-3473,single family,2019,1802,6,4.5,39841.0,1,True,False,2
PRP-0780,LOC-0088,SINGLE-FAMILY,1948,7344,3,2.5,2005.0,4,False,False,3
PRP-0781,LOC-2790,Condo,1992,3841,7,3.0,,2,False,True,3
PRP-0782,LOC-4188,TH,1982,3796,5,3.0,41390.0,2,False,True,3
PRP-0783,LOC-3098,single family,1990,6312,5,2.0,12935.0,3,False,False,1
PRP-0784,LOC-4024,condo,1988,4253,3,3.5,1511.0,2,True,False,2
PRP-0785,LOC-4752,TOWNHOUSE,1938,7664,3,2.5,2278.0,2,False,False,1
PRP-0786,LOC-1420,SINGLE-FAMILY,1964,1314,2,2.0,11836.0,3,True,True,2
PRP-0787,LOC-3060,single family,2013,3853,4,3.0,17632.0,0,False,False,2
PRP-0788,LOC-0804,sfr,1956,5699,6,4.5,17231.0,4,False,False,2
PRP-0789,LOC-0020,sfr,1945,2474,4,4.5,30080.0,4,False,True,2
PRP-0790,LOC-4306,Land,2018,801,2,3.0,170740.0,4,False,False,1
PRP-0791,LOC-3919,condominium,1997,2360,5,5.5,,1,False,True,1
PRP-0792,LOC-1723,condo,1990,4717,4,4.0,,3,False,True,2
PRP-0793,LOC-3104,Condominium,1964,2123,5,4.0,209.0,1,False,True,2
PRP-0794,LOC-3932,sfr,1989,5341,7,5.5,17442.0,3,False,False,1
PRP-0795,LOC-2095,SINGLE-FAMILY,1996,4682,1,4.0,35843.0,3,True,True,1
PRP-0796,LOC-2875,multi family,1927,5268,7,5.5,49493.0,4,False,False,1
PRP-0797,LOC-4380,land,1931,3745,6,4.0,102045.0,0,False,False,2
PRP-0798,LOC-3631,Condominium,2005,7007,7,5.0,1969.0,1,False,False,1
PRP-0799,LOC-3587,Condo,1953,5387,1,3.5,,3,False,True,1
PRP-0800,LOC-3478,single family,1940,6070,4,3.0,4811.0,2,False,False,1
PRP-0801,LOC-3869,single family,1983,2379,2,3.0,38444.0,1,False,False,1
PRP-0802,LOC-3350,CONDO,2016,6789,5,1.5,,3,True,True,1
PRP-0803,LOC-2167,Condo,1979,3678,2,3.5,373.0,3,False,False,2
PRP-0804,LOC-0283,TOWNHOUSE,1921,5810,6,5.0,23155.0,3,False,False,1
PRP-0805,LOC-4824,CONDO,1985,4698,7,1.0,,3,False,True,3
PRP-0806,LOC-2190,LAND,1998,6053,1,3.5,38971.0,0,True,False,3
PRP-0807,LOC-1849,sfr,1956,5375,4,3.5,19905.0,2,False,False,2
PRP-0808,LOC-4702,Condominium,1997,1221,6,1.0,,3,False,True,1
PRP-0809,LOC-0693,sfr,2016,3916,3,4.0,49871.0,2,False,True,1
PRP-0810,LOC-0491,Single Family Home,1980,491,2,4.5,25810.0,3,False,False,3
PRP-0811,LOC-0318,SINGLE-FAMILY,1960,2392,7,5.0,47343.0,0,True,False,1
PRP-0812,LOC-3563,MULTI-FAMILY,1986,5717,5,1.0,9668.0,0,False,True,2
PRP-0813,LOC-0663,Single-Family,1964,847,1,4.0,42099.0,2,False,False,3
PRP-0814,LOC-2117,SINGLE-FAMILY,1952,7721,6,2.0,11414.0,2,True,False,2
PRP-0815,LOC-2533,single family,1955,1441,1,3.0,37132.0,0,False,False,3
PRP-0816,LOC-1709,Single Family Home,1926,3693,5,5.5,15046.0,1,False,True,2
PRP-0817,LOC-2861,SFR,2014,5210,1,4.5,2869.0,3,False,False,3
PRP-0818,LOC-0918,Single Family Home,2003,7135,7,2.5,28948.0,0,False,False,2
PRP-0819,LOC-1563,SINGLE-FAMILY,1923,5709,1,1.5,31712.0,3,False,True,3
PRP-0820,LOC-4256,SFR,1994,2972,2,5.0,30888.0,4,False,False,1
PRP-0821,LOC-0463,condo,1966,460,7,2.0,,1,True,False,1
PRP-0822,LOC-0787,Single-Family,1939,4984,2,1.5,39418.0,3,True,False,3
PRP-0823,LOC-2671,Town House,1953,6497,5,5.5,29593.0,4,False,True,3
PRP-0824,LOC-3506,LAND,1965,526,5,2.5,290009.0,2,False,True,3
PRP-0825,LOC-3054,TOWNHOUSE,1952,5654,7,1.0,47045.0,4,False,False,3
PRP-0826,LOC-0388,CONDO,1967,3669,4,2.0,,3,True,False,2
PRP-0827,LOC-1812,Condo,1962,3354,1,1.5,,0,False,False,3
PRP-0828,LOC-0239,Single Family Home,1964,3945,7,1.0,25598.0,4,True,False,3
PRP-0829,LOC-4707,Single Family Home,1947,3907,3,4.5,37247.0,3,False,True,3
PRP-0830,LOC-3782,SINGLE-FAMILY,1939,2926,4,3.0,16794.0,4,False,True,3
PRP-0831,LOC-3176,single family,2023,1077,6,5.5,49967.0,0,False,True,1
PRP-0832,LOC-0584,Single Family Home,2017,7826,7,3.0,34577.0,2,False,False,3
PRP-0833,LOC-4759,condo,1926,1060,1,1.5,,1,False,False,3
PRP-0834,LOC-1796,Single Family Home,2020,4086,2,5.0,9147.0,1,True,True,1
PRP-0835,LOC-0108,LAND,1946,1731,2,4.5,284975.0,2,False,True,1
PRP-0836,LOC-1257,townhouse,2022,4618,4,3.0,43489.0,2,False,False,2
PRP-0837,LOC-2734,lot,1990,3616,4,5.0,22863.0,0,True,True,3
PRP-0838,LOC-1764,SINGLE-FAMILY,1989,5116,6,3.5,47845.0,0,True,False,2
PRP-0839,LOC-1810,Multi-Family,2007,7878,1,3.5,19665.0,4,True,False,3
PRP-0840,LOC-2243,sfr,1999,804,4,4.5,42697.0,0,True,True,2
PRP-0841,LOC-4888,Condo,2004,2816,3,4.0,,4,True,False,1
PRP-0842,LOC-1160,Condo,1970,430,7,4.0,849.0,3,False,False,2
PRP-0843,LOC-3269,Multi Family,1948,5864,3,2.5,43536.0,3,False,False,2
PRP-0844,LOC-0374,SINGLE-FAMILY,1941,7686,3,5.5,41290.0,1,True,False,1
PRP-0845,LOC-1512,SINGLE-FAMILY,1968,1237,7,4.0,13862.0,3,True,False,3
PRP-0846,LOC-1313,condominium,1990,5709,4,1.5,,4,False,False,1
PRP-0847,LOC-1645,TH,1931,889,6,3.5,15542.0,2,True,True,1
PRP-0848,LOC-3640,condo,1920,3230,4,1.5,,1,False,False,2
PRP-0849,LOC-3651,SFR,1941,4137,7,5.5,14545.0,1,False,True,2
PRP-0850,LOC-1315,Townhouse,1941,5398,6,4.0,38540.0,2,False,False,3
PRP-0851,LOC-2574,Multi Family,2009,5819,2,1.5,16120.0,3,True,True,3
PRP-0852,LOC-4998,Single Family Home,1981,2643,1,4.5,14799.0,1,False,False,1
PRP-0853,LOC-4832,Town House,1993,3736,3,4.5,33791.0,0,False,True,3
PRP-0854,LOC-0708,Multi Family,1984,2550,2,3.5,10147.0,0,False,False,2
PRP-0855,LOC-0856,Single-Family,1967,5192,6,2.0,20965.0,1,False,False,1
PRP-0856,LOC-3699,SFR,1926,449,1,4.0,7710.0,3,True,True,2
PRP-0857,LOC-0165,single family,1932,2410,4,3.5,13745.0,2,False,True,2
PRP-0858,LOC-2873,sfr,1980,1294,4,3.0,7019.0,1,False,False,2
PRP-0859,LOC-1652,Multifamily,1954,2612,1,5.5,7808.0,0,False,True,1
PRP-0860,LOC-0837,Condominium,2004,1311,5,3.5,,2,True,True,2
PRP-0861,LOC-1552,Condo,1989,2691,5,3.5,,3,False,False,3
PRP-0862,LOC-0639,Single Family Home,1986,1832,5,4.0,29940.0,0,False,False,1
PRP-0863,LOC-2548,Multifamily,1987,7649,1,4.0,37447.0,1,False,True,1
PRP-0864,LOC-0144,Condo,2020,7143,5,5.5,,2,False,False,2
PRP-0865,LOC-0022,single family,1953,579,6,1.0,26750.0,2,True,True,3
PRP-0866,LOC-0234,SINGLE-FAMILY,1942,4327,2,2.5,5457.0,3,False,True,3
PRP-0867,LOC-4066,Lot,1948,1901,2,2.5,415081.0,3,False,False,1
PRP-0868,LOC-2720,single family,1994,1597,6,4.0,4938.0,0,True,False,1
PRP-0869,LOC-2999,SFR,1953,7308,2,2.0,29415.0,4,False,True,2
PRP-0870,LOC-0791,Multifamily,1944,4235,2,3.0,26192.0,2,False,False,2
PRP-0871,LOC-0209,Single-Family,1998,5589,4,1.0,48859.0,4,False,False,1
PRP-0872,LOC-1986,Condo,1934,6139,3,1.5,,3,True,True,1
PRP-0873,LOC-2544,Condo,2011,6144,2,4.0,,0,False,False,2
PRP-0874,LOC-1042,multi family,1989,3906,1,1.0,29049.0,4,False,True,1
PRP-0875,LOC-1538,condo,1988,3349,7,4.5,,4,True,False,2
PRP-0876,LOC-0523,Multifamily,2002,5030,2,2.0,23367.0,3,True,False,2
PRP-0877,LOC-3262,SFR,1966,5500,4,4.5,25289.0,2,True,True,3
PRP-0878,LOC-1654,TH,1988,5914,5,3.5,30550.0,1,False,False,2
PRP-0879,LOC-0642,Single Family Home,1941,877,2,1.5,2213.0,1,True,True,1
PRP-0880,LOC-2145,condominium,1942,4438,3,2.5,,0,True,False,3
PRP-0881,LOC-3720,CONDO,1956,2763,6,3.5,,4,False,True,3
PRP-0882,LOC-1235,SINGLE-FAMILY,1967,2040,5,2.0,25725.0,2,False,True,3
PRP-0883,LOC-0525,Multi Family,1965,6046,2,3.5,13329.0,0,False,True,3
PRP-0884,LOC-3544,Lot,1988,3840,7,1.0,498001.0,4,False,True,3
PRP-0885,LOC-0864,Single-Family,1922,3332,4,3.5,29211.0,4,True,True,1
PRP-0886,LOC-1146,Townhouse,1946,1729,2,1.5,48906.0,4,True,False,1
PRP-0887,LOC-1565,Single Family Home,1939,5284,5,2.5,10938.0,4,True,False,1
PRP-0888,LOC-1091,single family,1972,1745,4,2.5,43150.0,1,True,False,2
PRP-0889,LOC-2637,Single Family Home,1935,1271,3,1.0,19476.0,4,False,False,3
PRP-0890,LOC-1022,MULTI-FAMILY,2001,4909,5,1.0,7141.0,2,False,True,1
PRP-0891,LOC-3222,SINGLE-FAMILY,1944,2845,2,2.5,13461.0,2,True,False,2
PRP-0892,LOC-4610,Condo,2010,2100,2,4.0,,1,True,True,2
PRP-0893,LOC-4491,SINGLE-FAMILY,1932,4127,2,2.0,15123.0,2,True,False,2
PRP-0894,LOC-1325,SINGLE-FAMILY,2000,6376,4,4.0,43867.0,3,True,True,1
PRP-0895,LOC-0120,SFR,1999,579,6,5.5,17251.0,4,False,False,3
PRP-0896,LOC-4594,Condo,1975,5312,6,3.5,,3,False,False,3
PRP-0897,LOC-1011,condominium,2000,2180,6,5.0,1166.0,4,True,False,2
PRP-0898,LOC-0072,single family,1924,2320,6,1.5,41231.0,1,True,True,2
PRP-0899,LOC-1784,Single Family Home,1977,7347,3,5.0,27981.0,1,True,True,1
PRP-0900,LOC-4953,Single Family Home,1971,680,2,5.0,40871.0,3,False,False,3
PRP-0901,LOC-0571,SINGLE-FAMILY,1931,7226,6,3.0,15928.0,3,False,True,1
PRP-0902,LOC-2074,TOWNHOUSE,1979,3304,7,1.5,21968.0,1,False,False,3
PRP-0903,LOC-2785,SFR,1965,6536,2,1.5,3193.0,3,False,True,3
PRP-0904,LOC-2708,single family,1993,5973,1,2.0,32208.0,3,True,False,3
PRP-0905,LOC-2453,Single Family Home,1946,5379,2,3.5,36170.0,2,False,True,1
PRP-0906,LOC-1383,SFR,1964,6700,3,2.0,8646.0,4,False,True,2
PRP-0907,LOC-4519,Single-Family,1925,6598,5,5.0,9044.0,2,True,True,2
PRP-0908,LOC-2935,SFR,2020,6504,1,3.0,2139.0,0,False,False,1
PRP-0909,LOC-1324,condo,1996,5925,3,4.5,,3,False,False,2
PRP-0910,LOC-3705,single family,1937,1807,7,4.0,21871.0,2,True,True,3
PRP-0911,LOC-3260,condo,1921,2737,3,2.5,,2,False,False,1
PRP-0912,LOC-1944,Condo,1993,4115,3,3.0,,3,False,False,3
PRP-0913,LOC-4657,Single Family Home,1932,4521,7,2.0,3255.0,4,False,True,1
PRP-0914,LOC-4399,Single Family Home,1925,3593,1,3.0,12457.0,4,False,True,1
PRP-0915,LOC-3567,Single Family Home,2006,5208,6,1.0,41806.0,1,True,True,3
PRP-0916,LOC-1747,Single-Family,1950,1012,4,3.5,44558.0,0,False,True,1
PRP-0917,LOC-3883,CONDO,1920,7734,2,2.5,,4,False,True,2
PRP-0918,LOC-4509,multi family,1978,4231,7,4.5,24648.0,1,True,True,2
PRP-0919,LOC-1888,single family,1950,690,6,1.5,23189.0,1,True,True,1
PRP-0920,LOC-2226,multi family,1976,3157,4,5.5,29244.0,2,True,True,1
PRP-0921,LOC-4122,Single-Family,1949,3322,1,5.5,29168.0,4,True,False,1
PRP-0922,LOC-2480,sfr,1947,3941,2,1.5,26114.0,0,False,True,1
PRP-0923,LOC-2915,CONDO,1968,6064,5,1.5,,2,False,False,2
PRP-0924,LOC-1604,condo,1962,3684,3,4.0,1445.0,0,True,False,1
PRP-0925,LOC-1773,sfr,1959,1511,2,2.0,23307.0,4,True,True,3
PRP-0926,LOC-3329,condominium,1965,5054,2,3.0,,3,False,False,3
PRP-0927,LOC-4977,sfr,1983,2212,3,2.0,9817.0,0,False,False,1
PRP-0928,LOC-0626,LAND,1961,1123,2,2.5,492394.0,2,True,True,2
PRP-0929,LOC-2737,Single Family Home,1921,4520,2,1.0,31658.0,0,False,True,1
PRP-0930,LOC-2071,Condo,1933,1952,6,3.0,,0,True,True,2
PRP-0931,LOC-1370,MULTI-FAMILY,1979,2046,7,4.0,21502.0,1,True,True,2
PRP-0932,LOC-3175,Multi Family,1982,6005,3,3.0,15284.0,3,False,False,3
PRP-0933,LOC-1524,Lot,1969,5799,3,4.0,256313.0,4,False,False,3
PRP-0934,LOC-1087,Single-Family,1982,6060,2,2.5,16457.0,4,False,True,1
PRP-0935,LOC-3965,Townhouse,1935,1800,6,4.0,45665.0,4,False,False,1
PRP-0936,LOC-2883,SINGLE-FAMILY,1935,2719,5,1.5,37393.0,2,False,False,2
PRP-0937,LOC-2320,Lot,1994,6454,1,2.5,290591.0,2,False,False,1
PRP-0938,LOC-3756,TH,1992,7614,2,2.0,34881.0,2,False,True,2
PRP-0939,LOC-3020,Townhouse,1998,5033,4,4.0,6583.0,1,False,True,1
PRP-0940,LOC-4135,TOWNHOUSE,1962,4723,5,1.0,37858.0,0,False,True,1
PRP-0941,LOC-3954,sfr,2014,7596,7,2.5,20717.0,0,True,True,1
PRP-0942,LOC-4327,single family,2000,600,7,2.0,17358.0,2,False,False,3
PRP-0943,LOC-1263,Multi-Family,1924,6087,6,2.0,40832.0,3,False,True,1
PRP-0944,LOC-1824,single family,1948,2386,3,5.0,11836.0,4,False,False,1
PRP-0945,LOC-4073,Single-Family,2017,2375,6,5.5,40178.0,3,False,False,3
PRP-0946,LOC-1282,SINGLE-FAMILY,1951,4232,4,4.5,36960.0,3,True,False,1
PRP-0947,LOC-0853,Single Family Home,1958,7033,7,4.0,23563.0,2,True,False,2
PRP-0948,LOC-3131,condo,1987,593,4,2.0,,0,True,False,3
PRP-0949,LOC-1419,Condo,1995,5213,5,4.5,,4,True,True,1
PRP-0950,LOC-1790,Single-Family,1994,4641,3,2.5,44393.0,0,True,True,3
PRP-0951,LOC-3361,Townhouse,1951,6583,1,4.5,40724.0,1,True,False,1
PRP-0952,LOC-2313,LAND,1956,5081,3,1.0,460086.0,1,False,False,1
PRP-0953,LOC-0049,TH,1938,1760,5,5.0,44604.0,4,True,False,1
PRP-0954,LOC-1746,TOWNHOUSE,2007,1108,6,4.0,40790.0,3,False,False,1
PRP-0955,LOC-3505,condominium,1949,6680,3,1.5,1340.0,1,False,True,1
PRP-0956,LOC-1990,CONDO,1980,4354,6,3.0,,3,False,True,2
PRP-0957,LOC-2674,Multi Family,1936,5323,3,1.5,49102.0,2,False,True,3
PRP-0958,LOC-0601,Single Family Home,2022,2319,3,4.5,35883.0,0,False,False,2
PRP-0959,LOC-0872,TOWNHOUSE,1944,7138,5,3.0,33382.0,1,False,True,1
PRP-0960,LOC-4272,townhouse,2018,7216,5,1.5,24179.0,2,True,True,3
PRP-0961,LOC-2337,Single-Family,1969,7901,1,1.0,8144.0,0,False,True,3
PRP-0962,LOC-4173,SFR,1940,5592,7,5.5,28031.0,4,False,True,1
PRP-0963,LOC-1986,Townhouse,1963,4806,1,2.0,47432.0,3,False,True,2
PRP-0964,LOC-3253,Condominium,1991,3637,1,2.0,,4,False,False,3
PRP-0965,LOC-3768,Multifamily,1931,4954,3,4.5,35592.0,4,True,True,3
PRP-0966,LOC-0727,Single Family Home,1921,5884,4,1.0,24812.0,2,False,True,1
PRP-0967,LOC-0774,lot,1947,650,2,5.0,91302.0,0,True,False,3
PRP-0968,LOC-1918,sfr,1922,7657,7,1.5,21719.0,2,True,False,2
PRP-0969,LOC-2685,condominium,1992,5534,5,3.0,,3,False,False,3
PRP-0970,LOC-3700,Multi-Family,1973,6631,1,1.5,40715.0,4,False,True,1
PRP-0971,LOC-2983,Single-Family,1931,901,3,1.5,42531.0,0,False,True,1
PRP-0972,LOC-0035,Single Family Home,1969,7436,4,1.5,33241.0,0,False,False,3
PRP-0973,LOC-1110,TOWNHOUSE,2021,2946,7,5.0,46197.0,0,False,False,1
PRP-0974,LOC-4380,condominium,1969,7925,7,1.5,,4,False,True,1
PRP-0975,LOC-3031,Town House,1976,7746,3,1.0,23401.0,1,True,False,2
PRP-0976,LOC-3308,single family,1939,6794,5,4.0,14847.0,0,False,True,2
PRP-0977,LOC-3909,sfr,2014,2632,5,3.0,9177.0,1,False,True,3
PRP-0978,LOC-4318,Single Family Home,1968,857,6,4.0,29753.0,1,False,True,1
PRP-0979,LOC-2833,CONDO,1985,6844,5,5.5,,2,True,False,2
PRP-0980,LOC-3413,SFR,1960,6083,4,1.5,12415.0,3,True,False,3
PRP-0981,LOC-3438,sfr,1978,3909,3,4.0,27543.0,0,True,False,1
PRP-0982,LOC-0857,Land,1986,1549,1,4.5,14410.0,0,True,True,2
PRP-0983,LOC-3353,Condominium,1943,5570,5,2.0,,2,True,True,2
PRP-0984,LOC-4976,Condo,2022,3262,1,2.5,,4,True,True,3
PRP-0985,LOC-0083,SINGLE-FAMILY,1952,3931,6,5.0,14529.0,1,True,True,1
PRP-0986,LOC-1015,Condominium,2008,4825,3,2.5,,0,True,True,1
PRP-0987,LOC-4630,Multifamily,1921,5030,7,2.5,2629.0,2,True,True,1
PRP-0988,LOC-4647,Condominium,2004,3223,5,3.0,,0,True,False,1
PRP-0989,LOC-2884,MULTI-FAMILY,1977,3126,6,1.0,11702.0,4,False,True,3
PRP-0990,LOC-0462,TH,1938,780,5,3.5,42015.0,3,False,True,2
PRP-0991,LOC-4714,Single Family Home,1934,5353,7,1.5,40986.0,4,False,False,2
PRP-0992,LOC-3397,condominium,1930,1937,4,2.0,,3,False,False,2
PRP-0993,LOC-2608,Condominium,1943,7653,1,4.5,937.0,4,False,False,3
PRP-0994,LOC-4426,TOWNHOUSE,2000,5501,1,3.5,19829.0,4,False,True,3
PRP-0995,LOC-1343,Condo,2021,6053,2,3.0,,3,False,True,2
PRP-0996,LOC-0336,SINGLE-FAMILY,1961,6991,4,3.5,24149.0,3,False,False,2
PRP-0997,LOC-3158,TH,1976,1058,5,5.0,36921.0,4,False,False,1
PRP-0998,LOC-3779,SINGLE-FAMILY,1927,1324,5,2.5,36442.0,3,True,True,2
PRP-0999,LOC-4407,Multi-Family,1959,1229,2,3.0,42856.0,1,False,True,3
PRP-1000,LOC-1450,Condo,1959,7750,3,1.0,,3,False,False,3
PRP-1001,LOC-3364,Town House,2004,7286,4,2.0,16133.0,1,False,True,1
PRP-1002,LOC-2610,sfr,2019,5073,1,2.5,22041.0,2,True,False,3
PRP-1003,LOC-0345,condo,1996,6636,2,1.5,1928.0,2,True,False,3
PRP-1004,LOC-3869,Single Family Home,1992,4172,7,2.5,5751.0,0,False,True,3
PRP-1005,LOC-3251,Multifamily,1977,5403,6,5.0,20279.0,3,True,False,1
PRP-1006,LOC-2877,CONDO,1971,1367,1,1.0,,1,True,False,3
PRP-1007,LOC-1168,Single-Family,1987,864,6,5.5,4206.0,0,True,False,3
PRP-1008,LOC-0449,LAND,2017,3460,1,1.0,426604.0,2,True,False,1
PRP-1009,LOC-3677,Single Family Home,1940,5969,2,1.0,26534.0,3,True,False,1
PRP-1010,LOC-2616,townhouse,1989,578,2,1.5,31556.0,4,False,True,3
PRP-1011,LOC-1859,Town House,2002,1988,4,1.0,9702.0,3,False,True,3
PRP-1012,LOC-2288,Condo,1986,5903,7,2.5,,4,False,True,1
PRP-1013,LOC-2220,Condominium,1968,7908,3,4.0,,3,False,False,1
PRP-1014,LOC-2318,Town House,1939,1356,7,3.0,35118.0,3,False,True,2
PRP-1015,LOC-2823,Single Family Home,1987,7512,6,3.0,30653.0,2,False,False,2
PRP-1016,LOC-2270,Town House,1937,1118,7,5.5,13762.0,3,False,True,2
PRP-1017,LOC-4584,sfr,1966,1443,7,5.5,45806.0,0,False,False,1
PRP-1018,LOC-0709,SINGLE-FAMILY,1990,4418,2,3.5,9069.0,3,False,False,1
PRP-1019,LOC-3920,sfr,2005,956,3,3.0,38686.0,3,False,False,2
PRP-1020,LOC-1584,multi family,1928,5185,4,1.5,3194.0,4,False,False,1
PRP-1021,LOC-4142,condominium,2021,3825,1,4.0,,4,False,False,3
PRP-1022,LOC-0250,Town House,2005,6383,2,1.0,23660.0,2,False,False,2
PRP-1023,LOC-2708,Single-Family,1931,3719,2,3.0,28670.0,4,False,False,1
PRP-1024,LOC-1913,Single-Family,2011,1486,1,3.0,6701.0,4,False,False,3
PRP-1025,LOC-4170,sfr,1974,7206,6,4.0,45314.0,2,True,False,2
PRP-1026,LOC-0116,Townhouse,2022,6817,7,1.5,34384.0,2,False,True,3
PRP-1027,LOC-1352,Single-Family,1943,1276,7,3.5,26221.0,3,True,True,3
PRP-1028,LOC-4925,Single Family Home,1966,7777,3,3.5,12104.0,3,False,False,1
PRP-1029,LOC-0047,Multi-Family,1943,3507,5,2.5,11147.0,1,False,True,1
PRP-1030,LOC-0674,Single-Family,2015,4499,1,1.0,11379.0,2,False,True,1
PRP-1031,LOC-2949,TH,1977,2480,4,3.5,23814.0,3,False,False,3
PRP-1032,LOC-1543,condo,1936,4990,2,2.5,139.0,0,False,True,2
PRP-1033,LOC-2936,sfr,1995,2551,5,5.0,18316.0,4,True,False,2
PRP-1034,LOC-2586,Condominium,1985,2090,2,5.5,928.0,2,True,False,1
PRP-1035,LOC-2449,condo,1970,4219,1,2.0,,4,False,False,2
PRP-1036,LOC-3271,condominium,1923,6349,1,5.5,,4,True,False,3
PRP-1037,LOC-2384,Single-Family,1971,7087,4,2.0,29897.0,2,False,False,1
PRP-1038,LOC-1987,LAND,1930,6618,3,4.0,481012.0,1,False,False,1
PRP-1039,LOC-2013,Condo,2007,5144,2,4.5,,4,True,True,3
PRP-1040,LOC-0790,single family,1937,711,2,1.5,24363.0,4,True,True,1
PRP-1041,LOC-3177,SFR,2005,662,3,3.0,9089.0,2,False,True,2
PRP-1042,LOC-3046,SINGLE-FAMILY,1929,7441,4,4.5,33202.0,4,True,True,1
PRP-1043,LOC-2351,sfr,2017,3930,1,4.5,17854.0,3,False,False,1
PRP-1044,LOC-2230,Single Family Home,2001,2501,5,3.0,29670.0,1,True,True,1
PRP-1045,LOC-1989,single family,1977,4862,6,3.5,18878.0,3,False,True,1
PRP-1046,LOC-3464,TH,2015,3208,5,2.0,7056.0,2,True,False,3
PRP-1047,LOC-0655,SFR,1939,2087,1,2.0,46587.0,2,True,True,3
PRP-1048,LOC-0910,condo,1936,571,4,5.0,,2,False,True,3
PRP-1049,LOC-1528,Single-Family,1958,4145,4,5.5,48102.0,2,True,False,3
PRP-1050,LOC-0569,TOWNHOUSE,1933,3069,6,5.5,30711.0,1,True,False,3
PRP-1051,LOC-0340,lot,1936,7230,4,2.5,66402.0,2,False,False,2
PRP-1052,LOC-2292,sfr,1974,6973,4,2.5,39479.0,4,True,False,3
PRP-1053,LOC-1576,Single-Family,1964,7014,1,5.5,2954.0,4,True,False,1
PRP-1054,LOC-0283,sfr,1943,1935,6,4.5,24935.0,3,True,True,2
PRP-1055,LOC-4504,Single-Family,2019,6510,1,2.0,17422.0,3,False,True,2
PRP-1056,LOC-4044,Single Family Home,1925,6440,7,3.0,39297.0,3,False,False,3
PRP-1057,LOC-3316,Townhouse,2004,6364,6,1.5,38909.0,2,False,True,2
PRP-1058,LOC-0600,single family,1929,5160,3,1.0,13282.0,0,False,False,1
PRP-1059,LOC-0452,Condo,1965,728,5,2.0,,1,False,True,1
PRP-1060,LOC-0404,condo,1987,5117,6,3.5,,4,False,True,2
PRP-1061,LOC-0755,Single-Family,1956,7357,4,1.5,3016.0,3,False,True,2
PRP-1062,LOC-0817,Town House,2018,7747,5,5.5,49251.0,0,False,True,3
PRP-1063,LOC-4219,Single Family Home,1987,3830,3,1.0,28403.0,4,True,False,3
PRP-1064,LOC-3480,Single-Family,1922,1897,4,2.5,9937.0,1,True,True,1
PRP-1065,LOC-3794,CONDO,2020,527,4,2.5,,0,True,True,2
PRP-1066,LOC-2572,MULTI-FAMILY,1975,5384,7,3.0,43661.0,2,False,False,2
PRP-1067,LOC-4138,CONDO,1959,3772,5,1.5,,0,True,True,1
PRP-1068,LOC-1568,Townhouse,1977,2134,7,4.5,19242.0,4,True,False,3
PRP-1069,LOC-1479,Single Family Home,1938,2368,5,2.0,14483.0,2,False,True,1
PRP-1070,LOC-1928,condo,1954,5660,6,2.0,428.0,2,True,True,2
PRP-1071,LOC-4416,Single Family Home,1973,4445,4,3.5,32265.0,3,True,True,3
PRP-1072,LOC-1005,Condo,1987,555,3,5.5,,3,False,False,2
PRP-1073,LOC-4735,condo,1930,5504,2,2.5,1040.0,2,True,True,2
PRP-1074,LOC-2848,Lot,2001,7927,2,1.5,172788.0,2,False,True,3
PRP-1075,LOC-2692,Single Family Home,1932,3435,4,3.5,32207.0,1,True,True,3
PRP-1076,LOC-4404,townhouse,1955,1977,4,1.0,45600.0,2,True,False,3
PRP-1077,LOC-4438,Multi Family,1931,535,1,2.5,43354.0,1,False,False,3
PRP-1078,LOC-2529,LAND,1942,7384,1,5.0,498351.0,4,False,True,2
PRP-1079,LOC-3677,Town House,1951,4115,1,1.5,32797.0,1,False,True,1
PRP-1080,LOC-2413,SFR,2021,1977,4,1.0,24675.0,4,False,True,1
PRP-1081,LOC-3180,condo,1941,1047,6,1.0,,3,False,False,2
PRP-1082,LOC-3558,TH,2008,5360,6,5.5,2017.0,0,True,True,3
PRP-1083,LOC-3301,Single Family Home,1932,487,5,3.5,27180.0,0,False,True,3
PRP-1084,LOC-3529,Condo,1958,6184,1,4.5,,1,True,True,1
PRP-1085,LOC-2146,CONDO,1994,2228,2,4.0,,1,False,False,3
PRP-1086,LOC-3234,sfr,1989,3711,1,4.5,22956.0,3,False,False,2
PRP-1087,LOC-3409,condominium,2023,3529,3,2.0,,4,False,True,2
PRP-1088,LOC-1624,TH,2022,6738,2,1.0,2710.0,2,False,True,3
PRP-1089,LOC-2013,TH,1952,6765,4,3.5,28588.0,2,False,True,3
PRP-1090,LOC-2378,Multi-Family,1991,4552,5,3.5,17237.0,4,False,True,3
PRP-1091,LOC-3625,townhouse,1984,4009,6,2.0,31672.0,1,True,True,2
PRP-1092,LOC-3164,condo,2004,1527,5,1.5,182.0,3,True,False,2
PRP-1093,LOC-0437,Condo,1982,455,2,3.0,,1,False,True,2
PRP-1094,LOC-0544,Single Family Home,1984,6600,3,1.5,33046.0,2,False,True,1
PRP-1095,LOC-1957,Townhouse,1927,6557,1,1.5,16920.0,1,True,False,3
PRP-1096,LOC-2026,CONDO,2020,7901,1,1.5,,4,False,True,2
PRP-1097,LOC-3819,condominium,2018,7481,6,1.5,,3,False,False,2
PRP-1098,LOC-3092,Single Family Home,1929,6221,4,3.0,23122.0,4,True,False,3
PRP-1099,LOC-1607,Condo,1946,3458,6,5.0,,3,True,False,2
PRP-1100,LOC-3780,Condo,2014,5557,5,1.5,,0,False,True,3
PRP-1101,LOC-4278,Condo,1936,7491,5,2.5,,3,True,False,1
PRP-1102,LOC-0578,condominium,1937,5602,7,5.5,,3,False,False,3
PRP-1103,LOC-1293,Condo,2013,3554,6,5.5,,3,False,True,3
PRP-1104,LOC-3736,TOWNHOUSE,2021,6101,7,4.0,25271.0,2,False,False,2
PRP-1105,LOC-3801,TOWNHOUSE,1982,4023,6,3.5,41351.0,3,False,True,3
PRP-1106,LOC-3371,condominium,1987,528,1,4.5,,1,False,True,2
PRP-1107,LOC-2315,single family,2008,5036,2,3.0,32646.0,0,False,False,2
PRP-1108,LOC-2015,Condominium,2002,7084,3,4.5,,4,True,False,2
PRP-1109,LOC-3768,sfr,1946,6587,3,2.0,7331.0,1,True,True,1
PRP-1110,LOC-4592,SFR,1994,4610,7,4.5,46593.0,1,False,True,1
PRP-1111,LOC-4096,land,1970,5220,6,3.5,179938.0,4,False,True,3
PRP-1112,LOC-4769,condo,2012,4480,7,1.0,,0,False,True,2
PRP-1113,LOC-2311,sfr,1948,5825,6,1.5,24662.0,2,True,True,3
PRP-1114,LOC-4473,Town House,1956,7714,7,4.5,2200.0,4,False,False,1
PRP-1115,LOC-4995,Single Family Home,1987,6580,7,2.0,21211.0,2,False,False,1
PRP-1116,LOC-2054,Single Family Home,1933,3461,7,1.0,42434.0,3,False,False,2
PRP-1117,LOC-4585,Single-Family,2005,4540,5,4.0,12744.0,3,True,True,3
PRP-1118,LOC-3677,Single-Family,1927,3448,7,4.0,29777.0,0,False,True,3
PRP-1119,LOC-4999,Condominium,1993,1310,1,3.0,,4,False,True,2
PRP-1120,LOC-0184,TH,1939,7497,5,5.0,45799.0,1,True,True,1
PRP-1121,LOC-0287,lot,1944,5707,4,1.0,169196.0,2,False,True,3
PRP-1122,LOC-2104,single family,1931,2819,1,4.5,48316.0,2,False,False,2
PRP-1123,LOC-2788,Single-Family,1966,7007,2,2.5,15529.0,4,True,False,2
PRP-1124,LOC-1585,Townhouse,1923,3258,6,4.0,28618.0,1,False,True,1
PRP-1125,LOC-3658,CONDO,1957,4569,4,3.5,,2,False,False,1
PRP-1126,LOC-4643,Multi Family,1931,7340,6,1.0,6214.0,3,True,True,2
PRP-1127,LOC-3499,Single-Family,2023,7011,4,4.0,42195.0,3,False,True,1
PRP-1128,LOC-2257,SFR,1990,6927,3,2.0,19959.0,3,True,True,3
PRP-1129,LOC-2175,townhouse,1945,3235,1,5.5,3134.0,2,True,False,1
PRP-1130,LOC-2110,MULTI-FAMILY,2001,2109,5,2.0,41390.0,3,True,True,1
PRP-1131,LOC-4775,Single Family Home,1933,1102,1,1.0,21610.0,1,False,False,1
PRP-1132,LOC-4998,LAND,1991,6595,4,1.0,389242.0,0,False,True,3
PRP-1133,LOC-1959,Single-Family,1992,5361,1,4.0,15845.0,1,False,False,1
PRP-1134,LOC-2960,single family,1982,1498,7,5.0,30081.0,0,True,True,3
PRP-1135,LOC-1736,SINGLE-FAMILY,1920,6488,1,2.0,35479.0,0,False,True,1
PRP-1136,LOC-2198,Townhouse,1966,4597,2,5.5,13138.0,0,False,False,3
PRP-1137,LOC-0065,Single Family Home,1982,3676,1,5.5,30620.0,4,True,True,2
PRP-1138,LOC-1007,single family,1951,2342,2,3.5,39027.0,1,True,True,1
PRP-1139,LOC-4452,multi family,1978,3285,4,2.0,48651.0,1,True,False,3
PRP-1140,LOC-2079,Townhouse,1933,6719,3,1.0,39651.0,2,False,False,1
PRP-1141,LOC-4997,TOWNHOUSE,1988,4910,2,5.0,45659.0,1,True,True,2
PRP-1142,LOC-1595,SINGLE-FAMILY,1968,1719,7,1.5,28226.0,1,False,False,1
PRP-1143,LOC-3598,Single Family Home,1949,7390,6,3.0,44195.0,1,False,True,1
PRP-1144,LOC-3711,LAND,1991,1700,7,4.0,109832.0,1,False,True,1
PRP-1145,LOC-3975,Single-Family,1989,2805,3,2.0,36175.0,2,False,False,3
PRP-1146,LOC-3476,SFR,1959,4214,3,1.5,31018.0,1,True,False,1
PRP-1147,LOC-2636,Single Family Home,1943,5202,3,1.0,27343.0,2,False,True,3
PRP-1148,LOC-4405,single family,2016,2596,3,3.0,45434.0,1,True,False,1
PRP-1149,LOC-4946,condominium,1977,3423,3,1.0,,3,True,False,2
PRP-1150,LOC-3691,SINGLE-FAMILY,1923,6824,1,3.5,45830.0,3,False,True,2
PRP-1151,LOC-1534,Townhouse,1923,1248,6,4.0,13356.0,2,False,False,2
PRP-1152,LOC-3899,LAND,1941,5418,7,3.0,292280.0,2,False,False,3
PRP-1153,LOC-4251,Lot,2016,1359,3,2.0,490306.0,1,True,False,2
PRP-1154,LOC-0175,Condo,2012,7445,5,1.0,,3,False,True,3
PRP-1155,LOC-2920,condo,1942,1801,1,5.5,,0,True,False,1
PRP-1156,LOC-0672,SFR,1947,5960,3,4.5,39021.0,0,False,False,3
PRP-1157,LOC-0187,SINGLE-FAMILY,1921,492,2,3.5,7695.0,1,False,False,3
PRP-1158,LOC-4675,condo,1985,7313,3,4.5,,4,False,False,3
PRP-1159,LOC-1901,CONDO,1942,2134,2,4.0,,1,True,True,3
PRP-1160,LOC-1909,sfr,1981,4232,4,1.0,2822.0,4,True,False,1
PRP-1161,LOC-1216,Townhouse,1957,7741,4,5.0,23480.0,3,True,False,3
PRP-1162,LOC-2934,sfr,1930,809,5,3.5,9672.0,1,False,False,2
PRP-1163,LOC-3742,Land,2008,5090,5,5.5,381765.0,2,False,False,1
PRP-1164,LOC-1923,Single Family Home,1971,1300,3,5.5,6092.0,2,False,False,1
PRP-1165,LOC-1196,CONDO,1960,5427,6,1.0,,4,False,False,3
PRP-1166,LOC-1109,sfr,1992,2069,3,2.5,47786.0,3,False,False,3
PRP-1167,LOC-4645,CONDO,2008,2957,6,2.0,,2,False,False,2
PRP-1168,LOC-0365,SINGLE-FAMILY,1979,2874,4,4.5,5382.0,0,False,True,3
PRP-1169,LOC-1825,Condo,1964,2302,3,2.5,,4,False,True,3
PRP-1170,LOC-0710,multi family,1967,2054,3,1.0,24177.0,2,False,False,2
PRP-1171,LOC-1813,Single-Family,1989,5795,6,3.0,45693.0,3,True,False,1
PRP-1172,LOC-4276,SFR,2017,1594,7,1.5,9367.0,4,False,False,3
PRP-1173,LOC-3166,sfr,1961,7727,1,5.5,11695.0,4,True,True,2
PRP-1174,LOC-4496,Single Family Home,1935,5759,4,4.0,22019.0,2,False,True,1
PRP-1175,LOC-0761,Town House,1992,590,7,1.0,47871.0,4,True,True,1
PRP-1176,LOC-2243,Single Family Home,1954,2431,5,2.0,13873.0,1,False,False,2
PRP-1177,LOC-4210,TH,1997,7142,6,3.5,7262.0,4,True,False,3
PRP-1178,LOC-0924,CONDO,1964,7434,3,1.5,1224.0,2,False,False,3
PRP-1179,LOC-4936,Condo,2011,7711,6,2.5,,2,False,True,1
PRP-1180,LOC-0383,LAND,1997,5454,3,1.0,279995.0,0,True,True,2
PRP-1181,LOC-1770,Condominium,1944,5423,5,1.5,,1,True,False,2
PRP-1182,LOC-1947,condo,2010,3589,7,4.0,,0,False,False,1
PRP-1183,LOC-0169,SINGLE-FAMILY,1986,5043,1,4.0,20224.0,0,True,False,2
PRP-1184,LOC-3028,SINGLE-FAMILY,1932,1256,4,5.5,26631.0,0,True,True,1
PRP-1185,LOC-2225,CONDO,1965,2162,6,4.5,,2,False,True,3
PRP-1186,LOC-2722,SINGLE-FAMILY,1952,3384,7,4.0,27245.0,4,False,False,2
PRP-1187,LOC-4492,Land,1985,6896,2,4.0,276167.0,0,True,False,3
PRP-1188,LOC-0483,Multifamily,1930,7553,4,2.5,13523.0,4,False,True,3
PRP-1189,LOC-3804,Townhouse,2014,4418,6,5.0,9908.0,3,False,True,3
PRP-1190,LOC-0696,SFR,2002,7918,5,5.0,9469.0,4,True,True,3
PRP-1191,LOC-0242,Single Family Home,1977,1206,3,1.5,37751.0,4,True,False,1
PRP-1192,LOC-2081,Single Family Home,2004,3961,7,1.0,6004.0,1,True,False,2
PRP-1193,LOC-2868,Single-Family,1989,1904,3,3.0,21546.0,2,False,False,1
PRP-1194,LOC-0547,Condo,2004,2482,5,5.5,,2,True,True,2
PRP-1195,LOC-1393,sfr,2003,2863,3,5.5,29707.0,2,False,True,2
PRP-1196,LOC-1779,SINGLE-FAMILY,2021,7799,7,5.5,31933.0,4,True,False,2
PRP-1197,LOC-2438,Single Family Home,1943,4381,3,2.0,18827.0,0,False,True,2
PRP-1198,LOC-4567,condominium,1928,4445,1,4.0,710.0,0,False,False,2
PRP-1199,LOC-1833,TOWNHOUSE,1961,3985,5,2.5,30544.0,0,False,False,3
PRP-1200,LOC-3428,Condo,1973,5059,2,2.0,,1,False,True,2
PRP-1201,LOC-3666,Single Family Home,1942,410,1,4.5,43237.0,3,True,False,3
PRP-1202,LOC-1556,single family,1962,1441,7,4.0,8461.0,2,False,False,1
PRP-1203,LOC-1087,SINGLE-FAMILY,2002,1448,2,2.5,44343.0,0,True,True,2
PRP-1204,LOC-2531,multi family,1922,752,3,4.0,32870.0,3,True,False,1
PRP-1205,LOC-4155,Single-Family,1948,3186,4,3.0,47683.0,2,False,True,3
PRP-1206,LOC-2119,Condominium,1989,3181,2,1.5,,1,False,False,2
PRP-1207,LOC-2981,Condo,1986,3223,2,5.5,,3,True,False,2
PRP-1208,LOC-1087,SINGLE-FAMILY,1940,2114,6,1.0,15598.0,0,False,True,2
PRP-1209,LOC-2740,SINGLE-FAMILY,1963,1677,7,1.5,47926.0,3,True,True,1
PRP-1210,LOC-4475,Multi Family,1944,1222,2,1.5,37699.0,1,True,True,3
PRP-1211,LOC-2181,SINGLE-FAMILY,2009,6243,1,5.5,21930.0,2,True,False,2
PRP-1212,LOC-2817,TH,1945,6586,6,4.0,11865.0,3,False,True,1
PRP-1213,LOC-3929,condo,2008,753,2,3.0,1413.0,2,True,False,2
PRP-1214,LOC-0388,SINGLE-FAMILY,1936,6307,2,2.5,2381.0,1,True,True,1
PRP-1215,LOC-1868,Single Family Home,1947,1150,4,4.0,22389.0,1,True,True,3
PRP-1216,LOC-0563,Condominium,1960,5535,6,2.0,135.0,1,False,True,2
PRP-1217,LOC-4739,Townhouse,1947,7268,7,5.5,46670.0,0,False,False,2
PRP-1218,LOC-0766,condo,1983,788,6,1.5,,1,True,True,1
PRP-1219,LOC-0294,Single-Family,1926,652,6,3.0,27713.0,2,False,True,2
PRP-1220,LOC-2838,Condominium,1931,7760,4,5.0,,0,False,False,1
PRP-1221,LOC-4700,condo,1943,1509,4,5.0,,4,True,True,2
PRP-1222,LOC-4460,townhouse,1922,2919,3,5.0,37638.0,3,False,False,2
PRP-1223,LOC-4884,Condominium,1941,2976,3,2.5,,4,False,True,2
PRP-1224,LOC-1938,Single-Family,1953,1761,7,3.0,24446.0,3,True,True,1
PRP-1225,LOC-0988,sfr,1991,4572,3,4.5,37660.0,1,False,True,1
PRP-1226,LOC-2281,CONDO,1978,5962,3,5.5,,2,False,False,3
PRP-1227,LOC-2468,sfr,1962,3636,7,5.5,22341.0,0,True,True,1
PRP-1228,LOC-1086,Condominium,1968,1550,5,5.5,,0,False,True,1
PRP-1229,LOC-1063,SINGLE-FAMILY,1976,1098,3,2.5,37066.0,3,True,False,1
PRP-1230,LOC-2643,multi family,1953,2133,6,5.5,25042.0,2,False,False,3
PRP-1231,LOC-0086,Condo,1972,7248,2,4.5,,3,False,True,1
PRP-1232,LOC-1752,MULTI-FAMILY,1952,5000,1,2.5,42077.0,3,False,False,1
PRP-1233,LOC-4911,Single Family Home,1931,3215,2,5.5,9585.0,4,False,True,3
PRP-1234,LOC-1727,Multifamily,2012,7143,1,5.0,49266.0,2,True,False,1
PRP-1235,LOC-2976,CONDO,1924,4759,6,3.5,,3,False,True,2
PRP-1236,LOC-4115,Single-Family,1962,2571,4,2.0,32186.0,3,False,True,1
PRP-1237,LOC-2538,Condominium,1949,7985,2,4.5,362.0,4,True,False,2
PRP-1238,LOC-2200,MULTI-FAMILY,1995,7514,7,3.5,7458.0,4,False,False,1
PRP-1239,LOC-2000,Condo,1989,2825,3,4.0,,2,True,False,2
PRP-1240,LOC-0602,Single-Family,1998,1131,2,2.0,11161.0,4,False,False,3
PRP-1241,LOC-2008,Single-Family,1927,1449,1,3.5,41756.0,4,False,True,1
PRP-1242,LOC-0325,land,1941,5755,2,2.0,378424.0,2,True,False,2
PRP-1243,LOC-1650,SINGLE-FAMILY,2009,3993,1,4.0,36766.0,4,False,True,2
PRP-1244,LOC-0059,TOWNHOUSE,1996,2771,1,1.0,45662.0,3,False,True,2
PRP-1245,LOC-4897,CONDO,1964,5154,6,4.0,,4,True,True,1
PRP-1246,LOC-1326,SFR,1963,3123,2,1.0,9744.0,1,True,True,2
PRP-1247,LOC-0505,TOWNHOUSE,1974,3918,5,2.5,32474.0,3,True,False,2
PRP-1248,LOC-1438,single family,1943,5559,1,3.0,35752.0,0,True,False,2
PRP-1249,LOC-2624,Lot,1949,1879,1,3.5,201596.0,1,True,False,3
PRP-1250,LOC-0007,TH,1939,7279,3,3.5,22788.0,3,False,False,2
PRP-1251,LOC-3790,SINGLE-FAMILY,1940,7087,2,4.0,5524.0,1,False,False,3
PRP-1252,LOC-4580,condominium,2013,1627,7,5.0,,3,False,True,1
PRP-1253,LOC-2823,sfr,1956,5957,3,2.0,36749.0,2,False,True,2
PRP-1254,LOC-0784,single family,1975,6517,4,1.5,18684.0,1,False,True,2
PRP-1255,LOC-2864,Condominium,1926,7872,3,2.0,92.0,1,False,False,1
PRP-1256,LOC-3628,MULTI-FAMILY,1980,5070,5,2.5,41459.0,4,False,True,1
PRP-1257,LOC-4896,Multifamily,1923,3426,5,1.5,24811.0,2,True,True,2
PRP-1258,LOC-2518,Condominium,1983,4682,3,1.0,,0,True,True,3
PRP-1259,LOC-0636,condominium,1961,4192,4,5.5,,3,False,True,1
PRP-1260,LOC-0517,condo,1970,4136,6,5.5,,4,False,False,3
PRP-1261,LOC-1931,sfr,1949,4313,7,4.0,47195.0,0,False,False,2
PRP-1262,LOC-4723,TH,1943,1219,3,1.5,22607.0,4,True,True,2
PRP-1263,LOC-0840,MULTI-FAMILY,1975,4416,7,4.5,20229.0,2,False,False,2
PRP-1264,LOC-3434,MULTI-FAMILY,1946,6653,4,5.0,24513.0,3,True,False,2
PRP-1265,LOC-3317,Single-Family,2023,5749,6,1.5,8186.0,4,True,False,1
PRP-1266,LOC-2465,Single Family Home,1982,1363,4,5.0,34369.0,4,False,False,2
PRP-1267,LOC-0720,CONDO,1921,6397,6,2.5,,0,True,True,1
PRP-1268,LOC-4683,condominium,2005,4687,2,1.5,,0,True,True,1
PRP-1269,LOC-3714,sfr,2023,1458,1,1.5,44398.0,2,False,False,3
PRP-1270,LOC-4818,CONDO,2023,6024,4,5.5,,2,False,True,3
PRP-1271,LOC-4416,sfr,1939,954,2,3.0,23110.0,2,False,True,3
PRP-1272,LOC-4239,Lot,2002,753,5,2.0,246876.0,2,False,False,3
PRP-1273,LOC-1462,sfr,2006,2760,2,3.5,19990.0,2,False,True,1
PRP-1274,LOC-3324,Single-Family,1975,5555,3,3.0,28115.0,4,False,True,2
PRP-1275,LOC-1930,townhouse,2009,5083,4,2.0,10620.0,0,False,False,1
PRP-1276,LOC-2479,Condominium,2016,6071,2,2.5,,2,True,True,3
PRP-1277,LOC-4666,SFR,2003,7560,1,5.0,13297.0,0,False,False,2
PRP-1278,LOC-2484,TH,1955,4509,1,2.0,38511.0,0,False,False,3
PRP-1279,LOC-2261,sfr,1999,1480,6,4.0,38187.0,2,True,False,2
PRP-1280,LOC-1921,CONDO,1982,2745,4,3.5,,4,False,False,3
PRP-1281,LOC-4240,Single Family Home,1938,572,5,2.0,18326.0,0,True,True,3
PRP-1282,LOC-3947,condominium,2013,4271,5,1.0,,4,False,False,2
PRP-1283,LOC-1223,SFR,1943,2059,1,5.5,11662.0,1,True,True,3
PRP-1284,LOC-2624,Condominium,1988,5507,1,2.5,,1,False,True,1
PRP-1285,LOC-2195,single family,1929,2247,3,3.0,11056.0,3,True,True,3
PRP-1286,LOC-4874,Condo,1954,2483,7,5.0,,4,False,True,1
PRP-1287,LOC-3482,condo,2016,1439,2,5.0,616.0,3,True,False,1
PRP-1288,LOC-1613,sfr,1938,1168,7,5.0,28215.0,0,False,True,2
PRP-1289,LOC-2130,Multi Family,1964,6262,6,2.0,7287.0,2,True,False,2
PRP-1290,LOC-4227,Single Family Home,1998,628,6,1.0,19310.0,4,False,False,2
PRP-1291,LOC-3707,single family,1945,5787,3,5.5,46754.0,0,False,False,2
PRP-1292,LOC-3588,CONDO,1954,5706,1,5.0,,1,False,True,1
PRP-1293,LOC-0017,Single-Family,2001,7205,6,5.0,18156.0,3,False,True,2
PRP-1294,LOC-2915,TOWNHOUSE,1994,4356,7,3.5,35275.0,4,False,False,1
PRP-1295,LOC-1906,Town House,1962,4232,7,2.5,16829.0,1,False,True,2
PRP-1296,LOC-4851,TH,1957,705,2,2.5,37007.0,0,True,False,3
PRP-1297,LOC-1383,TOWNHOUSE,1979,3511,7,1.5,42102.0,4,True,True,3
PRP-1298,LOC-4432,Condo,1924,4179,5,4.0,,4,False,False,1
PRP-1299,LOC-3496,sfr,1934,1488,7,4.5,23477.0,3,False,False,1
PRP-1300,LOC-0921,Single Family Home,1977,7372,6,1.0,6170.0,2,True,False,3
PRP-1301,LOC-3018,Single Family Home,1934,7547,3,4.5,18239.0,0,False,False,3
PRP-1302,LOC-4163,SFR,1992,2533,6,5.5,41681.0,0,False,True,3
PRP-1303,LOC-1926,sfr,1922,4427,5,5.0,5428.0,1,True,True,1
PRP-1304,LOC-2480,Condo,1935,7935,1,5.0,,4,False,True,2
PRP-1305,LOC-1591,Townhouse,1927,7026,2,5.5,42985.0,1,False,True,1
PRP-1306,LOC-1803,Town House,1933,2085,1,2.5,30902.0,1,False,False,3
PRP-1307,LOC-4433,SFR,1983,4912,5,5.0,9099.0,2,False,False,1
PRP-1308,LOC-4303,single family,1924,5660,5,2.0,33521.0,4,False,True,3
PRP-1309,LOC-1726,sfr,1993,5829,5,5.0,27959.0,0,True,False,1
PRP-1310,LOC-1610,Single Family Home,1925,7203,4,5.0,29180.0,1,False,True,2
PRP-1311,LOC-0321,condominium,1979,6581,3,5.0,,3,False,False,2
PRP-1312,LOC-2876,SFR,1930,5205,1,1.5,37763.0,0,True,False,2
PRP-1313,LOC-3764,Condominium,1949,6775,2,3.5,,0,True,True,3
PRP-1314,LOC-1075,CONDO,1940,4521,3,2.0,33.0,3,False,False,3
PRP-1315,LOC-3991,Multi Family,2019,1696,1,3.5,13012.0,1,False,True,1
PRP-1316,LOC-1916,townhouse,1989,2752,1,4.0,27146.0,1,False,False,2
PRP-1317,LOC-3819,TH,1934,3997,2,4.5,30885.0,4,False,False,2
PRP-1318,LOC-2715,single family,2001,6154,3,4.0,49891.0,3,True,True,3
PRP-1319,LOC-4879,SINGLE-FAMILY,1984,2302,3,5.0,30616.0,3,True,False,3
PRP-1320,LOC-4628,Single Family Home,1931,6860,2,5.5,10246.0,3,False,True,2
PRP-1321,LOC-4455,Town House,1928,2377,7,5.5,2132.0,0,True,True,1
PRP-1322,LOC-1282,Condominium,2013,4827,2,1.5,1061.0,3,False,False,3
PRP-1323,LOC-1503,SINGLE-FAMILY,1943,4823,4,1.0,15616.0,2,True,True,3
PRP-1324,LOC-2116,SINGLE-FAMILY,2003,5921,2,2.0,33112.0,2,True,False,3
PRP-1325,LOC-4250,CONDO,1983,6697,3,4.5,908.0,4,False,False,2
PRP-1326,LOC-2555,TOWNHOUSE,1923,7954,7,1.5,31858.0,3,False,False,2
PRP-1327,LOC-3080,condominium,1935,6508,3,2.0,1394.0,1,False,False,3
PRP-1328,LOC-4595,land,1936,1965,4,4.0,49774.0,2,False,True,1
PRP-1329,LOC-4917,condominium,1928,7441,7,4.5,,1,False,True,1
PRP-1330,LOC-4550,multi family,1934,7758,4,2.5,22713.0,2,False,False,1
PRP-1331,LOC-4980,Single Family Home,1945,1803,2,3.5,8695.0,1,True,False,1
PRP-1332,LOC-3992,TH,2006,7487,3,3.0,17061.0,1,False,True,3
PRP-1333,LOC-1087,sfr,1927,7728,1,2.0,25254.0,0,True,True,1
PRP-1334,LOC-0965,Single-Family,1939,4830,2,5.0,44580.0,2,False,False,3
PRP-1335,LOC-1579,sfr,1932,4221,5,2.5,3704.0,3,False,False,1
PRP-1336,LOC-3989,condo,1973,7572,4,3.5,,4,True,True,2
PRP-1337,LOC-4616,Townhouse,1998,6240,5,4.0,34418.0,0,False,False,2
PRP-1338,LOC-3495,single family,1964,423,5,3.0,42735.0,1,False,False,1
PRP-1339,LOC-2376,Multi Family,2016,721,3,4.0,37361.0,2,False,True,3
PRP-1340,LOC-1431,Single-Family,1990,785,7,4.5,25827.0,3,False,False,1
PRP-1341,LOC-1055,SFR,1942,4271,7,3.5,5100.0,2,False,True,3
PRP-1342,LOC-1383,townhouse,1967,7659,7,2.0,33123.0,2,True,False,2
PRP-1343,LOC-4472,condo,1936,5978,1,4.5,,2,True,False,2
PRP-1344,LOC-3973,land,1986,2347,5,4.0,236594.0,1,False,True,2
PRP-1345,LOC-3283,Single-Family,1974,3735,2,5.0,2293.0,1,False,False,3
PRP-1346,LOC-3761,Multi-Family,1946,5387,6,5.5,4520.0,3,False,True,3
PRP-1347,LOC-0124,Land,1947,4492,4,3.0,284345.0,3,True,False,3
PRP-1348,LOC-1494,CONDO,1996,2887,3,1.0,,0,False,False,2
PRP-1349,LOC-4591,sfr,1958,7189,3,5.0,20400.0,0,True,True,1
PRP-1350,LOC-1105,CONDO,1995,6241,4,1.0,,1,True,True,1
PRP-1351,LOC-1988,CONDO,1989,7593,5,4.0,,0,True,False,2
PRP-1352,LOC-2764,Lot,2005,448,6,3.0,124988.0,0,False,False,3
PRP-1353,LOC-4433,Single Family Home,2006,1714,4,1.5,4186.0,2,True,False,1
PRP-1354,LOC-4847,Multi-Family,1970,6589,3,4.5,46706.0,0,False,False,2
PRP-1355,LOC-2951,SINGLE-FAMILY,1962,6228,5,5.5,33872.0,4,True,True,2
PRP-1356,LOC-3435,Condominium,1985,4814,5,1.5,,0,False,False,2
PRP-1357,LOC-3649,SINGLE-FAMILY,1956,4898,7,5.0,38286.0,2,False,True,1
PRP-1358,LOC-2606,sfr,1979,4107,5,3.5,21226.0,2,False,False,1
PRP-1359,LOC-4523,SINGLE-FAMILY,2012,6706,6,3.5,24235.0,4,False,False,3
PRP-1360,LOC-3821,TOWNHOUSE,2010,2723,7,2.5,12920.0,2,True,True,1
PRP-1361,LOC-3719,Town House,1926,3888,3,2.0,32984.0,0,True,False,1
PRP-1362,LOC-0466,SINGLE-FAMILY,1967,5024,5,1.5,37378.0,1,False,True,1
PRP-1363,LOC-3461,SFR,2012,2487,4,2.5,8680.0,2,False,True,2
PRP-1364,LOC-1647,Lot,1940,5598,3,5.5,413450.0,1,False,False,2
PRP-1365,LOC-1843,condominium,1949,2125,5,5.0,,0,True,True,3
PRP-1366,LOC-1349,SFR,1984,4587,3,5.5,46943.0,1,True,False,2
PRP-1367,LOC-0719,single family,1924,2519,4,5.5,31390.0,4,True,True,1
PRP-1368,LOC-1375,Townhouse,2015,400,1,1.0,15449.0,3,False,False,1
PRP-1369,LOC-2104,Condo,1959,4562,6,5.0,,4,False,True,2
PRP-1370,LOC-3392,land,1964,4448,6,4.5,412979.0,0,False,False,1
PRP-1371,LOC-2962,Single-Family,1945,1662,2,5.5,9630.0,2,False,False,2
PRP-1372,LOC-3237,land,2015,4341,1,5.5,248268.0,3,True,False,1
PRP-1373,LOC-4347,SINGLE-FAMILY,1923,6563,7,2.5,15933.0,0,True,False,3
PRP-1374,LOC-3247,Single Family Home,1922,4176,7,3.0,22218.0,4,False,False,3
PRP-1375,LOC-0079,Multi Family,1978,5106,1,4.5,23196.0,4,False,True,1
PRP-1376,LOC-1854,land,1954,1344,7,3.5,452620.0,4,False,False,1
PRP-1377,LOC-1813,Single Family Home,1977,2748,1,1.0,43767.0,2,True,False,1
PRP-1378,LOC-3150,SINGLE-FAMILY,1987,6403,6,4.0,47529.0,4,False,True,1
PRP-1379,LOC-3648,Condominium,1987,5921,7,2.5,267.0,3,True,True,3
PRP-1380,LOC-2948,SINGLE-FAMILY,1966,7308,7,4.0,16119.0,2,True,True,1
PRP-1381,LOC-2151,SINGLE-FAMILY,2006,5895,7,5.5,7304.0,4,False,False,1
PRP-1382,LOC-0688,SFR,2019,5124,3,2.5,2494.0,4,False,False,2
PRP-1383,LOC-2099,Condominium,1966,875,3,5.5,1987.0,4,False,True,2
PRP-1384,LOC-1678,Single-Family,1984,437,2,1.0,43936.0,4,False,True,3
PRP-1385,LOC-2360,condo,1936,7259,6,4.0,,0,False,True,1
PRP-1386,LOC-2898,Single Family Home,1938,4834,4,5.5,32902.0,0,True,True,3
PRP-1387,LOC-2713,Single Family Home,2010,2969,3,2.0,24744.0,3,False,False,1
PRP-1388,LOC-2321,SINGLE-FAMILY,2023,851,6,3.5,19450.0,0,False,True,1
PRP-1389,LOC-1177,Single Family Home,1999,4478,2,5.5,49980.0,1,False,True,2
PRP-1390,LOC-4035,Lot,1938,2457,6,5.0,343755.0,1,True,True,3
PRP-1391,LOC-2985,condominium,2001,5863,6,3.5,,1,True,False,2
PRP-1392,LOC-3660,Condo,1970,2908,5,2.5,,1,False,True,1
PRP-1393,LOC-2515,single family,1947,4874,2,4.5,49827.0,4,False,True,3
PRP-1394,LOC-3487,townhouse,2020,7495,2,3.5,5826.0,1,True,True,2
PRP-1395,LOC-0024,sfr,1929,5971,6,2.0,17197.0,2,False,False,2
PRP-1396,LOC-2677,Condo,2014,2439,5,1.0,,2,True,False,3
PRP-1397,LOC-0991,single family,2008,5190,4,1.5,4858.0,0,True,False,1
PRP-1398,LOC-0438,SFR,1994,6654,1,5.5,37350.0,4,False,False,1
PRP-1399,LOC-3939,Condominium,1971,6108,1,1.0,,4,True,False,2
PRP-1400,LOC-1517,sfr,1979,2883,2,2.0,25038.0,3,False,False,2
PRP-1401,LOC-1160,sfr,1994,3961,7,3.0,22428.0,1,False,False,2
PRP-1402,LOC-3341,SINGLE-FAMILY,1976,2121,2,3.5,10551.0,2,False,False,1
PRP-1403,LOC-2911,multi family,1942,1138,4,4.0,5802.0,1,False,True,2
PRP-1404,LOC-0179,Condominium,2013,1020,6,3.0,,1,True,False,2
PRP-1405,LOC-2375,single family,1995,1384,2,3.0,5324.0,1,False,False,3
PRP-1406,LOC-4018,Lot,1963,1600,7,2.5,40644.0,2,False,True,3
PRP-1407,LOC-1784,CONDO,1927,7878,4,4.5,,3,True,False,3
PRP-1408,LOC-4807,Single Family Home,1928,3317,3,4.0,42764.0,2,False,False,1
PRP-1409,LOC-0843,condo,1954,6236,4,5.0,1080.0,2,False,True,2
PRP-1410,LOC-0194,Condominium,1960,1337,5,1.0,,3,True,True,3
PRP-1411,LOC-4045,SFR,1958,3380,7,1.5,4842.0,4,False,True,3
PRP-1412,LOC-4545,condominium,1987,7551,4,1.5,,4,True,True,2
PRP-1413,LOC-3738,SINGLE-FAMILY,1921,3991,7,2.0,40842.0,0,False,False,3
PRP-1414,LOC-2137,Single-Family,1943,3317,7,4.0,13054.0,0,False,True,2
PRP-1415,LOC-3945,Condo,1973,6773,1,4.0,,4,True,False,2
PRP-1416,LOC-0551,single family,1997,7398,4,5.0,10216.0,2,False,True,3
PRP-1417,LOC-0864,townhouse,1924,5856,2,2.0,34544.0,3,False,True,2
PRP-1418,LOC-1483,LAND,1950,5507,7,2.0,68139.0,0,False,False,3
PRP-1419,LOC-0669,Condo,1976,3059,4,3.0,418.0,1,True,True,3
PRP-1420,LOC-4301,Condominium,2008,2116,7,1.5,,3,False,True,3
PRP-1421,LOC-0164,SINGLE-FAMILY,2007,4454,5,2.5,24925.0,2,True,False,2
PRP-1422,LOC-2942,Condo,1957,4882,1,2.5,304.0,3,True,False,1
PRP-1423,LOC-2280,Single-Family,2008,2333,3,1.0,24414.0,0,False,False,2
PRP-1424,LOC-3151,TOWNHOUSE,2008,1297,6,5.0,46677.0,1,False,False,1
PRP-1425,LOC-2729,sfr,1949,1306,2,1.5,21371.0,4,True,True,2
PRP-1426,LOC-2050,Townhouse,2013,7104,7,4.5,36863.0,2,False,False,2
PRP-1427,LOC-3961,Condo,1968,1848,2,2.0,,0,False,True,3
PRP-1428,LOC-2751,Lot,1942,6605,4,4.5,71320.0,3,False,True,3
PRP-1429,LOC-4824,Town House,1924,2484,3,3.5,10055.0,3,False,False,2
PRP-1430,LOC-4561,Condo,1944,6401,7,1.0,1979.0,0,False,True,3
PRP-1431,LOC-0159,single family,2007,7234,6,4.5,8739.0,4,True,True,2
PRP-1432,LOC-3770,sfr,1950,3233,3,2.0,17012.0,2,False,False,3
PRP-1433,LOC-4176,multi family,2003,2951,5,4.0,36091.0,1,False,True,2
PRP-1434,LOC-3665,townhouse,1977,3157,1,2.0,13924.0,2,False,True,1
PRP-1435,LOC-3907,SFR,1921,4431,7,1.5,16399.0,2,False,False,3
PRP-1436,LOC-1313,Town House,2012,1550,2,2.0,7407.0,0,True,False,1
PRP-1437,LOC-1538,condo,1948,5820,3,2.0,96.0,4,False,True,3
PRP-1438,LOC-1027,single family,1932,3340,7,1.0,5560.0,2,False,True,3
PRP-1439,LOC-1547,Single Family Home,1972,3803,5,3.0,43938.0,2,False,False,3
PRP-1440,LOC-4441,CONDO,2008,5448,1,5.5,,2,True,True,3
PRP-1441,LOC-2029,CONDO,2009,2806,7,3.5,,1,False,False,2
PRP-1442,LOC-1280,Condominium,1989,7391,3,5.5,,1,True,False,1
PRP-1443,LOC-1514,Single Family Home,2021,3677,2,2.5,21622.0,4,True,True,1
PRP-1444,LOC-2420,sfr,1997,1320,4,5.0,13287.0,3,False,True,2
PRP-1445,LOC-2136,CONDO,1924,5862,5,1.5,,3,True,False,2
PRP-1446,LOC-2241,Single-Family,1996,1886,4,4.5,46844.0,0,False,False,1
PRP-1447,LOC-3386,single family,1941,4606,2,3.0,25966.0,4,False,True,2
PRP-1448,LOC-4358,CONDO,1939,3856,7,3.5,,1,False,True,3
PRP-1449,LOC-4650,Town House,1974,4389,4,1.0,24422.0,3,False,False,3
PRP-1450,LOC-1790,Townhouse,1949,1774,3,5.5,37925.0,2,True,True,2
PRP-1451,LOC-1677,SINGLE-FAMILY,1985,7308,4,5.5,49971.0,4,False,False,3
PRP-1452,LOC-4878,SINGLE-FAMILY,1948,1226,7,3.0,44114.0,3,False,False,3
PRP-1453,LOC-0658,condo,2009,5422,1,5.0,172.0,3,False,False,2
PRP-1454,LOC-3579,CONDO,1987,6778,7,4.5,,3,False,True,1
PRP-1455,LOC-2057,condominium,1934,1109,1,4.0,,4,False,False,3
PRP-1456,LOC-0934,Condo,1963,4531,6,4.5,,1,False,False,2
PRP-1457,LOC-4733,Land,1928,3273,7,3.0,45498.0,4,False,False,3
PRP-1458,LOC-0995,Multifamily,1935,4776,6,3.5,45033.0,3,True,True,2
PRP-1459,LOC-2431,single family,1965,1562,4,3.0,3864.0,0,False,True,3
PRP-1460,LOC-0246,condominium,1991,5034,6,2.5,,0,True,True,2
PRP-1461,LOC-0956,CONDO,1924,2233,1,5.0,,0,True,True,2
PRP-1462,LOC-2940,Single-Family,1953,7682,7,2.0,37525.0,4,False,False,1
PRP-1463,LOC-4195,single family,1929,1220,6,3.5,5446.0,0,False,False,2
PRP-1464,LOC-2942,Single-Family,2007,2599,6,2.0,39889.0,3,False,True,1
PRP-1465,LOC-1227,sfr,2015,777,7,4.0,19751.0,4,False,True,2
PRP-1466,LOC-3976,condominium,1970,2692,7,5.0,,4,True,False,2
PRP-1467,LOC-0660,lot,1939,6084,3,1.5,97129.0,1,True,False,1
PRP-1468,LOC-3211,sfr,1938,2073,7,4.5,4775.0,3,False,True,2
PRP-1469,LOC-0731,SFR,1934,6232,7,2.5,27005.0,1,False,False,1
PRP-1470,LOC-4153,TOWNHOUSE,1955,1240,7,4.0,12597.0,3,True,False,3
PRP-1471,LOC-2089,Condo,1972,6449,7,1.0,,0,True,False,3
PRP-1472,LOC-2888,condominium,1971,2405,7,5.0,1290.0,0,True,False,2
PRP-1473,LOC-3601,condominium,1987,7920,7,4.0,,4,True,True,3
PRP-1474,LOC-1714,SINGLE-FAMILY,1925,4090,7,3.5,16114.0,1,False,True,3
PRP-1475,LOC-4439,condo,2008,1431,4,1.0,,3,True,False,3
PRP-1476,LOC-3220,sfr,1988,6902,3,2.0,14404.0,1,False,True,3
PRP-1477,LOC-2638,Single-Family,1988,4228,1,5.0,30397.0,4,True,False,2
PRP-1478,LOC-3390,Land,1963,6054,2,1.0,136773.0,2,True,False,2
PRP-1479,LOC-1598,single family,2010,6055,4,2.5,27607.0,4,True,True,3
PRP-1480,LOC-0477,sfr,1956,7042,2,2.0,15815.0,1,True,True,1
PRP-1481,LOC-4401,condominium,1977,4897,7,2.0,618.0,4,False,False,3
PRP-1482,LOC-3665,Single-Family,2009,1828,2,2.5,23964.0,4,False,False,3
PRP-1483,LOC-1064,CONDO,1995,5291,1,1.5,,4,False,True,1
PRP-1484,LOC-3886,single family,1954,4036,1,3.0,23043.0,0,False,False,1
PRP-1485,LOC-0642,MULTI-FAMILY,1930,6182,3,5.5,43845.0,1,False,True,3
PRP-1486,LOC-1963,Single Family Home,1989,5149,4,3.0,42842.0,1,False,True,1
PRP-1487,LOC-4605,Single-Family,1945,6033,1,2.5,18367.0,1,False,False,3
PRP-1488,LOC-0512,townhouse,1956,6158,4,1.5,21606.0,3,False,True,3
PRP-1489,LOC-2618,SFR,1988,7680,4,1.5,45884.0,0,False,True,3
PRP-1490,LOC-1239,Single Family Home,2022,6129,5,5.5,20904.0,4,False,True,1
PRP-1491,LOC-2810,SINGLE-FAMILY,2011,4417,6,5.0,39973.0,4,False,True,3
PRP-1492,LOC-4909,Condo,2021,926,7,1.0,1145.0,4,True,True,2
PRP-1493,LOC-4078,single family,1958,6358,7,2.0,44854.0,3,False,True,1
PRP-1494,LOC-4391,SFR,1946,2591,1,1.0,35354.0,2,True,False,1
PRP-1495,LOC-2459,Single Family Home,1931,2788,2,3.0,41199.0,3,False,False,3
PRP-1496,LOC-4783,sfr,1936,4491,1,2.0,16099.0,4,False,True,1
PRP-1497,LOC-2394,CONDO,2002,3997,1,5.5,21.0,1,False,False,3
PRP-1498,LOC-1250,townhouse,1958,2364,3,1.5,3844.0,1,True,True,2
PRP-1499,LOC-1292,Condominium,1974,2065,1,1.0,1561.0,4,True,False,1
PRP-1500,LOC-4424,MULTI-FAMILY,1998,6898,7,4.5,30306.0,3,True,False,2
PRP-1501,LOC-0163,Condominium,1958,6150,2,5.5,256.0,1,False,False,2
PRP-1502,LOC-2529,TH,1928,5547,1,1.0,8126.0,0,True,True,2
PRP-1503,LOC-0793,multi family,1934,2133,1,4.0,24578.0,3,False,True,2
PRP-1504,LOC-0215,Multi Family,1925,7670,2,5.0,35672.0,2,False,False,1
PRP-1505,LOC-0353,Town House,1984,3831,5,1.0,26470.0,2,False,False,3
PRP-1506,LOC-0408,Lot,2017,6528,1,3.0,70936.0,2,False,True,1
PRP-1507,LOC-1040,MULTI-FAMILY,1969,4978,5,4.5,23722.0,1,False,True,3
PRP-1508,LOC-1574,CONDO,1961,2821,1,2.5,,4,True,True,3
PRP-1509,LOC-0231,Multi-Family,1938,2167,4,4.5,2987.0,1,False,False,3
PRP-1510,LOC-1425,SFR,1979,6991,7,1.0,30615.0,2,True,False,2
PRP-1511,LOC-1371,Multifamily,1984,7431,7,5.0,15217.0,3,True,False,1
PRP-1512,LOC-2494,SFR,1994,2241,3,3.0,16407.0,0,False,True,2
PRP-1513,LOC-3447,Town House,2000,4107,6,3.0,44661.0,2,False,True,1
PRP-1514,LOC-0667,Single-Family,1984,2177,1,3.5,37882.0,0,True,False,1
PRP-1515,LOC-4386,Single Family Home,2004,1427,5,2.0,25637.0,0,False,False,3
PRP-1516,LOC-3631,SINGLE-FAMILY,1945,5763,7,3.0,17742.0,1,False,True,1
PRP-1517,LOC-2891,TH,1963,7541,2,5.0,26971.0,3,False,False,3
PRP-1518,LOC-4354,single family,1922,7702,2,1.0,43843.0,2,False,False,2
PRP-1519,LOC-4867,lot,1967,7573,6,2.0,240882.0,0,False,True,3
PRP-1520,LOC-3029,SFR,1996,1022,5,2.5,46778.0,0,True,False,1
PRP-1521,LOC-3715,Condo,1995,1336,6,3.0,,4,False,False,1
PRP-1522,LOC-0491,Single Family Home,1932,6857,1,4.0,43368.0,0,False,True,1
PRP-1523,LOC-4628,MULTI-FAMILY,1975,6995,2,3.0,41771.0,1,False,True,2
PRP-1524,LOC-2626,sfr,1945,6635,2,5.5,32420.0,0,False,False,1
PRP-1525,LOC-1299,TH,1952,3477,1,2.0,45310.0,0,True,True,1
PRP-1526,LOC-0686,single family,1988,4446,7,3.5,37370.0,1,True,True,3
PRP-1527,LOC-4347,single family,1995,4992,4,3.0,2837.0,3,True,False,3
PRP-1528,LOC-4598,CONDO,2006,7525,2,2.5,,0,False,False,2
PRP-1529,LOC-4183,sfr,1958,2870,5,2.0,36896.0,0,False,True,3
PRP-1530,LOC-3973,SFR,2002,4423,4,5.5,14249.0,4,False,True,3
PRP-1531,LOC-3006,condo,2014,446,3,3.5,,3,True,False,2
PRP-1532,LOC-2372,multi family,1948,6435,6,2.5,2727.0,2,False,False,3
PRP-1533,LOC-3188,SINGLE-FAMILY,1986,5006,5,2.0,47261.0,3,True,False,1
PRP-1534,LOC-0093,Single Family Home,1938,7826,2,1.5,19246.0,4,True,True,1
PRP-1535,LOC-4975,Single-Family,1931,6879,6,1.0,16554.0,0,True,False,1
PRP-1536,LOC-1379,CONDO,1929,5078,4,5.0,,3,False,False,3
PRP-1537,LOC-1748,sfr,1958,2758,2,1.0,23861.0,2,False,False,2
PRP-1538,LOC-4328,SINGLE-FAMILY,2001,1610,2,5.0,11534.0,4,False,True,2
PRP-1539,LOC-4223,Single Family Home,1988,5748,1,5.5,23436.0,0,False,True,1
PRP-1540,LOC-2812,Multi-Family,1957,2919,4,2.5,24851.0,1,False,False,2
PRP-1541,LOC-1452,TOWNHOUSE,1926,2158,7,5.0,31091.0,1,False,True,3
PRP-1542,LOC-2558,single family,1998,6561,2,4.5,5968.0,2,False,True,2
PRP-1543,LOC-2809,LAND,1990,632,2,4.0,189847.0,2,False,True,2
PRP-1544,LOC-0239,Single-Family,1984,1755,2,2.5,9909.0,0,False,False,3
PRP-1545,LOC-0762,SINGLE-FAMILY,1952,6378,1,3.5,46675.0,1,False,True,2
PRP-1546,LOC-0378,sfr,1995,6741,7,3.0,39893.0,4,True,False,2
PRP-1547,LOC-1654,lot,1938,7506,6,1.5,383529.0,2,True,False,1
PRP-1548,LOC-2877,Multi Family,1953,3751,1,2.5,16195.0,3,False,True,2
PRP-1549,LOC-2383,SFR,2000,3038,3,4.0,14516.0,4,True,False,1
PRP-1550,LOC-0463,Multi Family,2015,4195,4,1.5,38588.0,3,True,True,1
PRP-1551,LOC-2955,townhouse,1937,5471,7,4.0,29137.0,4,True,True,3
PRP-1552,LOC-2279,SINGLE-FAMILY,1960,400,5,2.0,31346.0,3,True,False,2
PRP-1553,LOC-3043,SINGLE-FAMILY,1922,5728,7,5.5,11840.0,3,False,True,1
PRP-1554,LOC-1890,condo,1983,3803,3,2.5,,0,False,True,2
PRP-1555,LOC-2693,Single-Family,1987,4488,1,1.0,41830.0,1,True,False,1
PRP-1556,LOC-1964,TH,1928,7963,4,2.5,11778.0,0,False,False,2
PRP-1557,LOC-4942,Condominium,1945,2704,4,3.0,,3,False,False,1
PRP-1558,LOC-2025,single family,1958,1214,4,1.0,36098.0,0,False,False,2
PRP-1559,LOC-2184,TH,1998,2135,7,5.5,15338.0,3,True,False,3
PRP-1560,LOC-1343,Multi Family,2022,2193,5,3.5,27530.0,0,True,False,1
PRP-1561,LOC-0665,TOWNHOUSE,1987,1493,7,4.0,31790.0,4,False,True,2
PRP-1562,LOC-4778,Townhouse,1931,1135,2,4.0,6280.0,3,False,False,1
PRP-1563,LOC-3669,single family,1964,1385,6,4.5,44548.0,4,True,True,2
PRP-1564,LOC-2799,Single Family Home,1948,6437,2,1.0,20354.0,1,False,False,3
PRP-1565,LOC-3770,TOWNHOUSE,1971,5300,1,4.0,11020.0,1,True,True,3
PRP-1566,LOC-0317,Single-Family,1979,6570,4,2.5,4529.0,4,False,True,1
PRP-1567,LOC-4020,TH,2016,5166,1,4.5,34775.0,1,True,False,1
PRP-1568,LOC-0848,Condo,2014,1288,5,4.5,,3,False,False,3
PRP-1569,LOC-2690,lot,2014,4708,4,4.5,120278.0,0,True,False,3
PRP-1570,LOC-3375,TH,1986,4186,2,3.0,21667.0,2,True,True,3
PRP-1571,LOC-4853,SINGLE-FAMILY,1940,5941,3,4.5,45632.0,4,False,False,3
PRP-1572,LOC-4462,Single Family Home,1976,7481,2,5.5,4659.0,4,False,False,3
PRP-1573,LOC-4014,Lot,1977,2303,6,4.0,388967.0,3,False,False,2
PRP-1574,LOC-0094,SFR,1922,1449,4,2.5,28412.0,3,True,False,1
PRP-1575,LOC-1604,sfr,1985,4978,3,1.5,48487.0,1,False,True,1
PRP-1576,LOC-1074,SFR,1920,7904,2,5.0,44314.0,3,False,True,2
PRP-1577,LOC-1013,condominium,1986,5779,5,5.0,,1,True,False,3
PRP-1578,LOC-0031,Single Family Home,1936,2537,1,2.0,38193.0,4,True,True,1
PRP-1579,LOC-3549,multi family,1930,5965,3,3.0,27423.0,3,True,True,2
PRP-1580,LOC-1501,CONDO,1971,5000,4,4.0,,2,False,True,2
PRP-1581,LOC-4677,Multifamily,1942,7055,5,2.5,14918.0,1,False,False,1
PRP-1582,LOC-3729,Condo,1971,1933,7,4.0,159.0,2,False,False,2
PRP-1583,LOC-4653,SFR,1990,1772,4,2.5,22650.0,2,True,False,1
PRP-1584,LOC-1093,Town House,1975,2857,4,2.0,5150.0,2,False,False,1
PRP-1585,LOC-3862,Condominium,1934,4162,6,5.5,,4,False,True,3
PRP-1586,LOC-0938,SINGLE-FAMILY,2012,756,4,2.5,48847.0,0,True,True,2
PRP-1587,LOC-1312,Condominium,1921,3690,4,1.0,,0,False,False,2
PRP-1588,LOC-2816,townhouse,1960,4591,2,2.0,18268.0,1,False,True,3
PRP-1589,LOC-0890,single family,1938,2529,3,4.0,14185.0,0,False,False,2
PRP-1590,LOC-1550,Land,1992,5126,3,1.5,46796.0,3,True,False,2
PRP-1591,LOC-2618,sfr,1973,2965,1,4.5,27525.0,4,False,True,2
PRP-1592,LOC-1448,SINGLE-FAMILY,1972,3050,1,5.5,44904.0,1,False,False,2
PRP-1593,LOC-0814,Condominium,1956,1650,1,2.5,,1,True,False,1
PRP-1594,LOC-4731,single family,1999,4579,5,3.5,36638.0,2,False,True,3
PRP-1595,LOC-4483,Condo,1934,3795,5,5.5,,4,False,True,1
PRP-1596,LOC-4740,TOWNHOUSE,1927,985,1,3.0,21877.0,3,True,True,1
PRP-1597,LOC-3154,CONDO,2010,3872,5,5.5,,4,False,False,3
PRP-1598,LOC-3774,Single-Family,2021,1951,5,1.5,11321.0,3,False,True,2
PRP-1599,LOC-0622,sfr,2012,4834,6,4.5,23815.0,4,False,False,1
PRP-1600,LOC-0441,Town House,1949,1878,7,5.5,31591.0,4,False,False,1
PRP-1601,LOC-0741,SINGLE-FAMILY,1952,426,7,1.0,18566.0,1,False,False,3
PRP-1602,LOC-0066,condominium,1953,7664,3,3.0,,1,False,True,1
PRP-1603,LOC-2985,sfr,1989,7534,6,5.0,27345.0,3,False,True,1
PRP-1604,LOC-2445,Single Family Home,1941,4691,1,5.5,17009.0,0,True,False,2
PRP-1605,LOC-2595,Condominium,1930,4239,3,4.5,,2,True,False,2
PRP-1606,LOC-1853,single family,1939,7482,1,2.0,20338.0,0,False,False,3
PRP-1607,LOC-3789,LAND,1955,4280,7,4.0,64845.0,0,False,False,3
PRP-1608,LOC-4266,Townhouse,1954,720,7,3.5,27137.0,0,False,True,2
PRP-1609,LOC-2153,Single-Family,1934,3603,5,4.5,23608.0,1,False,False,1
PRP-1610,LOC-0450,Townhouse,1990,7876,7,1.5,22966.0,4,False,True,3
PRP-1611,LOC-1840,Condo,1946,5237,2,2.0,,3,True,False,3
PRP-1612,LOC-0132,sfr,1983,740,2,5.0,28847.0,1,False,False,1
PRP-1613,LOC-2745,single family,1935,4527,4,2.5,19982.0,1,False,False,1
PRP-1614,LOC-3143,condo,1983,4798,6,3.5,,4,False,True,2
PRP-1615,LOC-3483,Multi-Family,1945,5686,2,4.5,35627.0,2,False,False,2
PRP-1616,LOC-4341,Town House,1927,6288,4,1.5,10735.0,3,False,False,2
PRP-1617,LOC-4889,townhouse,2017,7632,1,1.5,4333.0,2,False,True,2
PRP-1618,LOC-4535,Multi Family,2007,3532,7,4.0,32929.0,2,False,False,1
PRP-1619,LOC-1208,Single-Family,2000,1329,7,2.0,41818.0,4,False,True,1
PRP-1620,LOC-1483,single family,1952,4913,6,3.5,43068.0,3,False,False,2
PRP-1621,LOC-2651,CONDO,1961,2775,3,1.0,,2,False,False,3
PRP-1622,LOC-4748,Condo,2020,3570,5,1.0,,4,False,False,3
PRP-1623,LOC-3241,condominium,1924,7496,3,3.0,,1,False,True,3
PRP-1624,LOC-1088,condominium,1933,2918,1,3.5,,4,False,True,1
PRP-1625,LOC-4368,MULTI-FAMILY,1984,4208,4,2.5,5347.0,0,True,True,1
PRP-1626,LOC-3809,SINGLE-FAMILY,1977,2205,2,2.5,27387.0,0,True,True,3
PRP-1627,LOC-1182,condo,2009,3295,2,5.0,,3,False,True,1
PRP-1628,LOC-2929,single family,1986,7946,2,2.0,48055.0,4,False,False,3
PRP-1629,LOC-1416,Townhouse,1982,2888,7,1.5,29684.0,2,False,True,1
PRP-1630,LOC-2225,Single-Family,1959,1123,6,3.5,21731.0,4,True,True,1
PRP-1631,LOC-0578,Condominium,1969,6119,1,1.0,,4,True,True,2
PRP-1632,LOC-1897,Single Family Home,1921,4369,6,5.5,34094.0,4,True,True,3
PRP-1633,LOC-1409,Single Family Home,1927,485,4,2.5,34336.0,2,True,True,3
PRP-1634,LOC-2486,sfr,1922,6860,3,1.0,20597.0,0,False,True,2
PRP-1635,LOC-2543,Condominium,1945,6197,6,2.5,1549.0,3,True,False,2
PRP-1636,LOC-2059,Single-Family,1950,1094,2,5.5,3037.0,0,False,False,3
PRP-1637,LOC-2405,MULTI-FAMILY,1971,4145,4,3.5,27126.0,4,False,True,2
PRP-1638,LOC-0776,single family,1972,684,5,3.0,36270.0,4,True,True,1
PRP-1639,LOC-4302,Multifamily,1980,5804,5,1.0,47075.0,0,True,False,2
PRP-1640,LOC-1872,SINGLE-FAMILY,1999,4247,1,2.0,33219.0,1,True,False,2
PRP-1641,LOC-2735,condo,2018,1130,3,4.0,,0,False,True,1
PRP-1642,LOC-4680,SFR,1975,5580,2,5.5,28929.0,2,False,False,1
PRP-1643,LOC-1350,multi family,1997,4431,2,3.0,40756.0,1,True,True,1
PRP-1644,LOC-3301,Single-Family,2007,7990,4,1.5,35883.0,4,True,False,1
PRP-1645,LOC-3039,SINGLE-FAMILY,1923,7060,2,4.5,18534.0,2,False,False,3
PRP-1646,LOC-0777,Condominium,1945,1083,7,4.0,,2,False,True,1
PRP-1647,LOC-1387,TH,1930,785,2,3.5,27685.0,4,False,False,2
PRP-1648,LOC-1206,SFR,1954,6401,3,1.0,21485.0,0,True,True,3
PRP-1649,LOC-3237,CONDO,1927,3473,2,4.0,,2,False,False,1
PRP-1650,LOC-3794,sfr,1970,621,4,2.0,22026.0,3,True,False,3
PRP-1651,LOC-1719,single family,1979,5452,6,4.5,36663.0,2,False,False,2
PRP-1652,LOC-3945,TH,2020,6807,2,4.5,32959.0,1,True,True,2
PRP-1653,LOC-4414,SINGLE-FAMILY,2005,2955,7,1.5,13545.0,3,False,True,1
PRP-1654,LOC-2291,TH,2011,1584,4,1.5,12450.0,4,False,False,2
PRP-1655,LOC-2553,condominium,2008,7312,3,5.0,,0,False,True,1
PRP-1656,LOC-0302,Town House,1991,3690,1,1.0,21287.0,3,False,True,1
PRP-1657,LOC-0588,SINGLE-FAMILY,1923,3617,5,3.0,36120.0,3,False,False,2
PRP-1658,LOC-4387,Single Family Home,2014,3246,4,5.5,14729.0,3,True,True,1
PRP-1659,LOC-0216,SFR,2013,1308,3,2.0,34920.0,3,False,False,2
PRP-1660,LOC-1135,Condominium,1922,463,1,4.0,768.0,1,False,True,2
PRP-1661,LOC-4586,Single-Family,1929,3677,3,2.5,46145.0,1,False,False,2
PRP-1662,LOC-0556,condo,1940,3085,3,2.5,,4,True,False,2
PRP-1663,LOC-2901,condominium,1997,7054,4,2.5,,2,False,False,1
PRP-1664,LOC-0180,Single-Family,2013,868,3,3.5,7744.0,3,False,False,1
PRP-1665,LOC-1282,SINGLE-FAMILY,2002,762,5,3.5,39274.0,2,False,True,2
PRP-1666,LOC-4007,lot,1927,2416,2,2.0,201426.0,1,True,True,2
PRP-1667,LOC-4416,Condominium,1997,3696,6,1.0,,1,False,True,2
PRP-1668,LOC-0775,condominium,2011,3626,3,4.0,1207.0,3,False,True,2
PRP-1669,LOC-0711,lot,2014,6123,2,4.0,426089.0,0,True,True,3
PRP-1670,LOC-4836,Single Family Home,1945,3583,7,3.0,20671.0,2,False,False,1
PRP-1671,LOC-4484,SFR,2015,5667,2,4.0,32518.0,2,True,False,2
PRP-1672,LOC-3269,Townhouse,1991,1292,7,3.5,24945.0,0,False,True,3
PRP-1673,LOC-4190,LAND,1983,5903,1,3.5,235023.0,3,False,True,3
PRP-1674,LOC-0786,Lot,1956,4863,2,5.5,204680.0,3,False,True,2
PRP-1675,LOC-4904,SINGLE-FAMILY,1983,6293,1,2.0,31910.0,1,False,True,1
PRP-1676,LOC-4790,SINGLE-FAMILY,1959,7753,5,4.0,42956.0,3,True,True,1
PRP-1677,LOC-4474,CONDO,1988,5744,4,3.5,,2,False,False,3
PRP-1678,LOC-3210,SFR,1986,7302,2,5.0,3477.0,2,True,False,2
PRP-1679,LOC-0538,condominium,1963,3297,3,4.5,,3,False,False,3
PRP-1680,LOC-0175,Single-Family,1936,3216,4,1.5,14327.0,1,False,False,2
PRP-1681,LOC-4934,Single-Family,1983,3630,6,5.5,20616.0,1,False,False,2
PRP-1682,LOC-4093,Condominium,1933,3402,5,4.0,,4,True,False,2
PRP-1683,LOC-4705,LAND,2001,719,5,4.0,61474.0,4,False,False,1
PRP-1684,LOC-2289,Single Family Home,1927,2989,4,2.5,20556.0,3,True,True,1
PRP-1685,LOC-3403,Single-Family,1999,7661,4,2.0,30396.0,3,False,True,2
PRP-1686,LOC-1435,TH,2023,6107,7,2.5,16069.0,1,False,True,2
PRP-1687,LOC-2496,SINGLE-FAMILY,1944,3783,7,5.0,13424.0,3,False,True,1
PRP-1688,LOC-3677,Multi-Family,1940,3926,4,5.0,47113.0,3,False,True,2
PRP-1689,LOC-3840,lot,2023,1106,6,3.0,384774.0,0,True,True,3
PRP-1690,LOC-2923,TH,1957,2131,6,5.5,18746.0,0,False,False,2
PRP-1691,LOC-3536,sfr,2001,1280,3,1.0,2075.0,3,True,True,3
PRP-1692,LOC-3068,single family,1980,810,1,3.0,23481.0,4,False,False,3
PRP-1693,LOC-3153,single family,2021,7463,2,1.0,3208.0,2,False,False,3
PRP-1694,LOC-0680,Condo,1984,2832,3,2.0,,0,False,False,1
PRP-1695,LOC-0555,Single Family Home,1983,6408,5,4.5,13336.0,0,True,False,2
PRP-1696,LOC-4572,Condominium,1935,5659,7,1.0,1645.0,3,False,False,1
PRP-1697,LOC-0334,Single Family Home,1953,4360,1,2.0,17414.0,3,True,True,2
PRP-1698,LOC-0787,TH,1972,5390,5,1.0,46194.0,3,True,True,1
PRP-1699,LOC-0316,Single Family Home,1989,6154,2,2.0,12034.0,3,True,True,1
PRP-1700,LOC-4677,Single-Family,1968,6208,6,3.5,3605.0,1,False,False,2
PRP-1701,LOC-3249,CONDO,1920,4739,5,1.5,,4,False,False,3
PRP-1702,LOC-2479,Single-Family,1946,6467,4,5.5,47251.0,2,True,False,1
PRP-1703,LOC-3159,Condominium,1931,7139,3,4.0,,4,False,True,1
PRP-1704,LOC-0082,single family,1934,5181,2,5.5,26477.0,4,False,False,1
PRP-1705,LOC-2783,single family,2023,1502,7,1.5,27694.0,4,True,False,1
PRP-1706,LOC-0621,Single Family Home,2013,5959,1,3.5,45174.0,0,False,True,3
PRP-1707,LOC-4183,Condo,1931,5337,1,3.0,,3,False,True,3
PRP-1708,LOC-0272,Multifamily,1931,2391,1,3.0,10460.0,4,True,True,2
PRP-1709,LOC-3225,single family,1964,1309,1,5.0,30738.0,3,False,True,1
PRP-1710,LOC-0194,single family,2009,4583,4,3.5,49681.0,1,False,False,1
PRP-1711,LOC-1530,sfr,1940,5044,3,5.5,41612.0,1,True,True,3
PRP-1712,LOC-3277,Multi Family,1975,6884,7,3.0,3794.0,0,True,True,3
PRP-1713,LOC-2273,Single-Family,1989,7573,5,4.5,27228.0,3,True,True,3
PRP-1714,LOC-4817,multi family,1935,3254,7,3.5,47131.0,2,False,True,1
PRP-1715,LOC-0497,TOWNHOUSE,2019,1796,3,3.5,26736.0,2,True,True,1
PRP-1716,LOC-3702,Condo,1985,4925,4,1.5,,0,False,False,1
PRP-1717,LOC-1608,single family,1939,4645,6,3.0,30989.0,2,False,True,3
PRP-1718,LOC-2981,Lot,1992,884,6,2.5,230866.0,2,False,True,2
PRP-1719,LOC-4713,Condominium,1940,6361,2,4.5,,4,True,False,3
PRP-1720,LOC-0570,SINGLE-FAMILY,2013,6503,5,5.0,6715.0,3,False,True,3
PRP-1721,LOC-0585,Lot,1969,819,2,4.0,384571.0,3,True,False,3
PRP-1722,LOC-0650,Condominium,1924,838,2,2.0,,1,False,True,1
PRP-1723,LOC-0154,single family,2017,508,5,2.5,14231.0,4,True,False,3
PRP-1724,LOC-2091,Single-Family,1928,7258,5,2.5,37121.0,2,False,True,3
PRP-1725,LOC-3947,SINGLE-FAMILY,1949,5266,2,2.5,5519.0,0,False,False,1
PRP-1726,LOC-3780,condominium,1929,4265,7,2.0,,1,True,False,1
PRP-1727,LOC-0185,Multifamily,2014,4242,6,4.0,35051.0,4,True,True,3
PRP-1728,LOC-3774,MULTI-FAMILY,1978,5451,4,3.0,12307.0,0,False,False,3
PRP-1729,LOC-0538,townhouse,1944,3456,2,5.5,42483.0,4,True,False,1
PRP-1730,LOC-4401,sfr,2006,4172,6,3.0,18401.0,2,True,False,2
PRP-1731,LOC-2094,single family,1925,5897,2,2.5,19052.0,1,True,False,2
PRP-1732,LOC-0848,Multi-Family,1976,4705,5,5.5,11976.0,0,True,False,2
PRP-1733,LOC-4878,condo,1975,1056,3,5.5,,2,False,True,3
PRP-1734,LOC-4092,townhouse,1983,7153,7,3.5,18442.0,3,True,True,3
PRP-1735,LOC-4399,TH,1948,1369,6,4.5,30499.0,2,False,True,2
PRP-1736,LOC-0970,Condo,2021,7016,7,1.5,,3,False,True,3
PRP-1737,LOC-1651,Condominium,1931,2492,7,3.0,,3,False,True,3
PRP-1738,LOC-0942,sfr,2011,1000,4,3.0,42362.0,4,True,False,1
PRP-1739,LOC-2365,CONDO,1993,3195,1,5.5,,1,False,True,2
PRP-1740,LOC-3923,Condominium,2003,934,7,5.5,,2,False,False,1
PRP-1741,LOC-3802,land,1935,2601,7,4.0,447132.0,4,False,True,2
PRP-1742,LOC-4752,Town House,1923,7158,4,2.5,47058.0,4,False,False,1
PRP-1743,LOC-2239,sfr,1946,5021,5,2.5,12609.0,2,False,False,1
PRP-1744,LOC-3054,single family,1954,966,6,4.0,41164.0,1,False,True,1
PRP-1745,LOC-3428,SINGLE-FAMILY,1998,2197,3,3.5,10080.0,3,False,True,3
PRP-1746,LOC-2524,MULTI-FAMILY,1949,4347,7,2.0,5508.0,4,False,True,3
PRP-1747,LOC-3486,CONDO,1960,1560,4,1.5,,3,True,False,2
PRP-1748,LOC-0152,TH,1946,7435,2,5.0,19093.0,2,False,False,3
PRP-1749,LOC-0004,sfr,1973,3438,6,3.0,22068.0,3,False,False,1
PRP-1750,LOC-1903,single family,1920,4620,2,4.0,40133.0,4,True,True,1
PRP-1751,LOC-4651,condominium,1989,4408,2,1.5,,1,True,True,1
PRP-1752,LOC-1347,CONDO,2005,3906,6,3.5,,1,False,False,3
PRP-1753,LOC-0573,sfr,1994,790,1,5.0,30155.0,0,False,False,3
PRP-1754,LOC-4432,Single-Family,1924,6054,4,5.5,23799.0,2,True,False,1
PRP-1755,LOC-0294,Single Family Home,1950,7841,4,2.5,25211.0,0,False,False,3
PRP-1756,LOC-4313,CONDO,1960,923,4,2.5,,2,False,True,1
PRP-1757,LOC-2750,sfr,1938,440,7,2.0,16618.0,0,False,True,1
PRP-1758,LOC-2031,SINGLE-FAMILY,1923,1828,5,5.5,6548.0,2,True,True,1
PRP-1759,LOC-3767,condominium,2000,544,3,5.0,,4,False,True,3
PRP-1760,LOC-2094,single family,1978,2392,2,1.0,40715.0,4,False,False,3
PRP-1761,LOC-2244,CONDO,1961,2017,3,4.0,,4,False,False,2
PRP-1762,LOC-2035,single family,1948,7489,7,4.5,15615.0,0,True,True,3
PRP-1763,LOC-1930,Single Family Home,1956,1211,4,4.0,11933.0,1,True,True,3
PRP-1764,LOC-0731,Condo,1995,1390,2,5.0,,2,True,True,1
PRP-1765,LOC-4118,SINGLE-FAMILY,1933,3217,2,1.0,33988.0,4,False,False,1
PRP-1766,LOC-1937,SFR,1977,3808,7,4.0,44685.0,0,False,True,3
PRP-1767,LOC-3736,sfr,2010,2330,6,4.5,14788.0,2,True,False,1
PRP-1768,LOC-3507,single family,2014,7445,3,3.5,19219.0,1,False,True,3
PRP-1769,LOC-0462,CONDO,1998,4153,7,4.0,,3,True,True,3
PRP-1770,LOC-4969,Multi-Family,1948,5695,2,4.0,9069.0,2,False,True,2
PRP-1771,LOC-2436,Single-Family,1927,4857,7,3.5,42774.0,0,True,False,2
PRP-1772,LOC-2219,SINGLE-FAMILY,2005,2448,4,5.5,26179.0,2,False,False,2
PRP-1773,LOC-3020,TH,1974,7154,4,4.5,25629.0,0,False,True,2
PRP-1774,LOC-1465,Single-Family,1998,6583,6,3.5,10749.0,0,True,True,3
PRP-1775,LOC-2215,Single-Family,1941,4354,4,2.0,40900.0,0,True,True,3
PRP-1776,LOC-2463,single family,1948,6765,2,1.0,40803.0,2,False,True,1
PRP-1777,LOC-4486,condo,2003,2833,7,1.5,,2,False,False,3
PRP-1778,LOC-1704,condo,1925,2765,1,2.5,305.0,3,False,False,2
PRP-1779,LOC-3643,single family,1979,3596,6,1.5,34842.0,2,False,False,3
PRP-1780,LOC-2630,Multifamily,1988,3347,2,3.5,12686.0,2,False,False,2
PRP-1781,LOC-0864,condominium,1957,5073,3,1.5,,1,False,True,2
PRP-1782,LOC-4429,Single Family Home,1985,1441,3,2.5,2149.0,2,False,False,3
PRP-1783,LOC-1264,SFR,1966,5727,1,3.0,21677.0,0,False,False,3
PRP-1784,LOC-0400,Single Family Home,1932,3119,6,4.5,39615.0,2,True,True,3
PRP-1785,LOC-2723,Condominium,1954,2055,5,3.5,,2,True,False,3
PRP-1786,LOC-3954,condo,1925,7889,5,4.0,,2,False,False,3
PRP-1787,LOC-4493,Condo,1950,5382,5,3.5,811.0,2,True,False,1
PRP-1788,LOC-3751,townhouse,1966,2664,3,1.0,13944.0,2,True,False,3
PRP-1789,LOC-1969,SFR,2000,1853,5,3.5,3347.0,1,False,True,2
PRP-1790,LOC-2203,CONDO,1964,690,2,1.5,,2,False,True,3
PRP-1791,LOC-2510,CONDO,2001,3586,1,4.0,,4,False,True,3
PRP-1792,LOC-1019,Single Family Home,1973,7869,2,3.0,41546.0,3,True,False,3
PRP-1793,LOC-2138,Single Family Home,1965,1957,7,5.5,4616.0,2,True,True,2
PRP-1794,LOC-1734,land,1929,1980,1,5.5,333677.0,1,True,True,3
PRP-1795,LOC-3861,sfr,1944,733,2,5.0,34053.0,4,True,True,2
PRP-1796,LOC-4681,TH,2008,5326,7,5.0,8164.0,3,False,False,1
PRP-1797,LOC-4154,Condominium,1958,7463,4,4.0,,1,False,True,2
PRP-1798,LOC-0541,SINGLE-FAMILY,2004,4847,2,2.5,36892.0,1,False,True,2
PRP-1799,LOC-2498,Condo,1945,1285,7,3.0,,4,False,False,2
PRP-1800,LOC-2009,lot,1985,5326,5,3.0,255847.0,2,False,False,1
PRP-1801,LOC-0741,multi family,1963,3410,6,5.0,2831.0,1,True,False,3
PRP-1802,LOC-0290,Single-Family,1940,688,2,2.0,16721.0,0,True,True,2
PRP-1803,LOC-4158,Condominium,1965,895,7,1.5,,2,True,False,2
PRP-1804,LOC-3822,Single-Family,2006,5527,5,1.5,48141.0,3,True,False,1
PRP-1805,LOC-3375,Single Family Home,1983,1535,3,3.0,16851.0,3,True,False,3
PRP-1806,LOC-0438,Townhouse,2000,1111,1,5.0,4639.0,1,False,False,3
PRP-1807,LOC-4310,SFR,1995,5777,5,4.5,18951.0,2,False,False,1
PRP-1808,LOC-3631,Single Family Home,1982,3175,6,2.5,7913.0,4,True,True,2
PRP-1809,LOC-3154,TOWNHOUSE,1948,1832,3,4.0,24548.0,1,False,True,2
PRP-1810,LOC-0496,SFR,1923,4878,5,5.5,6861.0,0,True,True,2
PRP-1811,LOC-3077,Single-Family,2021,6983,2,4.5,32289.0,0,False,False,1
PRP-1812,LOC-3870,SINGLE-FAMILY,1957,3434,7,4.5,37654.0,2,True,True,1
PRP-1813,LOC-3966,Town House,2014,4506,3,2.0,8125.0,1,False,False,3
PRP-1814,LOC-2354,sfr,1980,5495,3,1.0,45212.0,4,False,True,1
PRP-1815,LOC-2414,Single-Family,2017,3977,1,4.0,36403.0,4,False,True,3
PRP-1816,LOC-4870,single family,1959,6052,5,2.0,31584.0,0,True,False,3
PRP-1817,LOC-1729,Multi Family,1945,426,5,4.5,17679.0,0,False,False,1
PRP-1818,LOC-4854,SINGLE-FAMILY,1989,1723,6,3.0,13136.0,2,False,False,1
PRP-1819,LOC-2508,Single Family Home,1959,5536,6,2.5,20198.0,3,False,False,2
PRP-1820,LOC-0994,SFR,1951,5063,4,3.5,39201.0,0,True,True,1
PRP-1821,LOC-0607,Multi Family,2000,1441,7,2.0,49138.0,4,True,False,3
PRP-1822,LOC-3487,SINGLE-FAMILY,2022,4762,1,2.0,14806.0,4,False,False,2
PRP-1823,LOC-1943,sfr,1967,4927,2,2.5,11708.0,0,True,True,3
PRP-1824,LOC-2345,condo,1966,1814,3,3.0,,3,True,True,1
PRP-1825,LOC-0710,condominium,2016,5799,1,1.0,,1,False,False,2
PRP-1826,LOC-2397,Single Family Home,1930,1940,1,5.0,8482.0,2,False,True,2
PRP-1827,LOC-1004,SFR,1976,6204,3,3.0,26516.0,1,False,True,1
PRP-1828,LOC-3213,sfr,1967,2548,7,5.0,31855.0,3,False,True,2
PRP-1829,LOC-0762,Townhouse,2021,3846,4,3.5,24004.0,3,False,False,2
PRP-1830,LOC-0763,single family,1958,3956,1,1.5,33468.0,3,False,True,3
PRP-1831,LOC-0810,sfr,1992,6946,3,3.5,15135.0,3,True,True,2
PRP-1832,LOC-0128,SFR,2020,7598,7,1.5,37863.0,2,True,True,1
PRP-1833,LOC-4960,condo,1954,4641,6,1.0,,1,True,False,3
PRP-1834,LOC-3794,Single-Family,1995,6102,5,5.5,4444.0,4,False,False,2
PRP-1835,LOC-4093,Townhouse,1922,2252,1,1.5,38437.0,4,False,True,2
PRP-1836,LOC-3982,SFR,1928,6085,5,1.5,29673.0,3,True,False,2
PRP-1837,LOC-4480,SINGLE-FAMILY,1988,4708,4,4.0,34260.0,2,True,False,3
PRP-1838,LOC-4227,single family,1966,4960,7,3.5,11565.0,3,False,False,1
PRP-1839,LOC-3013,SFR,1922,7935,3,1.5,45678.0,3,False,False,1
PRP-1840,LOC-4016,SINGLE-FAMILY,1988,5651,1,1.5,26937.0,3,False,False,3
PRP-1841,LOC-2068,lot,1998,6746,3,1.5,370788.0,3,False,False,2
PRP-1842,LOC-0199,Condo,1937,6100,4,5.5,,1,True,True,3
PRP-1843,LOC-3135,single family,1995,6022,4,5.0,14869.0,4,True,False,1
PRP-1844,LOC-0373,lot,1933,7110,3,4.5,16484.0,3,False,False,2
PRP-1845,LOC-0509,single family,1942,1779,6,3.0,43296.0,1,False,False,3
PRP-1846,LOC-2421,condo,2013,762,2,5.0,,3,False,True,2
PRP-1847,LOC-1182,Single Family Home,1992,7563,6,2.0,29688.0,1,False,False,3
PRP-1848,LOC-0974,Town House,1920,2063,4,4.0,13019.0,4,False,False,1
PRP-1849,LOC-3543,Single Family Home,1970,1460,4,2.0,4633.0,3,True,False,3
PRP-1850,LOC-3743,CONDO,1961,5129,4,2.5,492.0,1,False,False,2
PRP-1851,LOC-0033,Land,2011,4550,7,5.0,111821.0,3,False,True,3
PRP-1852,LOC-4743,Single-Family,2008,7406,4,1.0,20236.0,3,False,True,3
PRP-1853,LOC-0576,Single Family Home,1974,6299,5,1.5,40295.0,1,False,True,1
PRP-1854,LOC-4348,Single Family Home,1988,1597,1,2.0,47403.0,4,False,True,3
PRP-1855,LOC-3901,Single Family Home,1924,422,7,5.0,30857.0,0,True,True,3
PRP-1856,LOC-0364,single family,1936,2591,3,2.5,7719.0,4,False,True,1
PRP-1857,LOC-0292,single family,1995,3709,4,3.0,4308.0,1,True,False,1
PRP-1858,LOC-4212,condominium,1935,4618,2,1.5,,4,True,True,2
PRP-1859,LOC-1780,Single Family Home,1925,1257,3,5.0,38092.0,2,True,False,1
PRP-1860,LOC-4908,TH,1989,1481,4,3.5,46928.0,3,False,False,3
PRP-1861,LOC-2449,Single Family Home,1973,2694,5,5.0,46552.0,3,True,True,1
PRP-1862,LOC-0069,SINGLE-FAMILY,1958,3665,3,2.0,23934.0,3,True,False,1
PRP-1863,LOC-4459,MULTI-FAMILY,1989,2797,2,4.0,25712.0,2,True,False,2
PRP-1864,LOC-0575,townhouse,1975,2610,3,1.0,7466.0,0,True,True,3
PRP-1865,LOC-3355,Single-Family,1926,7231,5,1.5,8634.0,3,False,True,3
PRP-1866,LOC-1336,SINGLE-FAMILY,1972,7082,4,5.5,44553.0,1,True,False,3
PRP-1867,LOC-3111,single family,1944,6389,1,2.0,5090.0,0,True,True,1
PRP-1868,LOC-4794,multi family,1965,2703,3,2.5,13928.0,2,True,False,2
PRP-1869,LOC-1011,MULTI-FAMILY,2010,2737,2,5.5,27809.0,3,False,False,2
PRP-1870,LOC-4300,multi family,1991,6984,4,2.5,6475.0,4,False,True,2
PRP-1871,LOC-1727,Multi Family,1976,2589,4,2.0,3135.0,2,True,False,2
PRP-1872,LOC-3907,SINGLE-FAMILY,1945,1024,6,4.0,46548.0,2,False,True,2
PRP-1873,LOC-4574,Single-Family,2018,1213,3,1.0,32379.0,0,False,False,3
PRP-1874,LOC-4052,SFR,1927,5294,2,5.5,2655.0,1,False,True,3
PRP-1875,LOC-2171,Single Family Home,1938,1338,7,2.5,49658.0,2,False,True,2
PRP-1876,LOC-1048,CONDO,1960,5851,6,5.5,,3,True,False,3
PRP-1877,LOC-4681,Multi-Family,1966,6901,1,3.0,34832.0,1,True,True,2
PRP-1878,LOC-2522,SFR,1972,6844,7,3.5,30110.0,3,False,False,1
PRP-1879,LOC-0366,Townhouse,1969,7286,1,2.0,49979.0,1,False,False,2
PRP-1880,LOC-2238,SINGLE-FAMILY,1996,5417,6,4.5,42606.0,3,True,False,2
PRP-1881,LOC-3090,SFR,1970,3502,6,4.0,34508.0,3,True,True,1
PRP-1882,LOC-2281,SINGLE-FAMILY,1921,1245,4,5.5,49601.0,1,False,False,1
PRP-1883,LOC-1113,Single Family Home,2006,6147,3,3.5,15081.0,2,True,True,1
PRP-1884,LOC-4209,Single-Family,1944,508,1,3.0,39499.0,2,False,True,1
PRP-1885,LOC-1573,SINGLE-FAMILY,1974,1221,7,5.5,38736.0,2,True,False,2
PRP-1886,LOC-1859,CONDO,1981,5277,6,1.5,,3,True,True,3
PRP-1887,LOC-2094,Condo,1931,697,3,4.5,443.0,0,False,True,2
PRP-1888,LOC-2232,SINGLE-FAMILY,1967,3118,1,2.5,23197.0,0,False,False,2
PRP-1889,LOC-1223,sfr,2008,6121,5,3.0,13485.0,0,False,False,3
PRP-1890,LOC-0793,single family,1966,6880,1,2.0,47752.0,2,False,False,3
PRP-1891,LOC-4978,CONDO,2008,5073,7,2.0,143.0,3,True,False,2
PRP-1892,LOC-4472,single family,1931,3505,7,1.0,9738.0,0,False,True,1
PRP-1893,LOC-2910,Single-Family,1945,5893,2,2.0,47473.0,4,False,False,1
PRP-1894,LOC-3849,Multi Family,1994,7170,6,5.5,9937.0,1,True,False,2
PRP-1895,LOC-2411,SINGLE-FAMILY,1972,1388,7,1.5,8521.0,4,False,True,2
PRP-1896,LOC-1001,Single Family Home,1967,2321,4,1.0,13338.0,1,False,False,2
PRP-1897,LOC-3255,single family,1979,3369,3,5.5,41245.0,1,True,True,3
PRP-1898,LOC-1513,Single-Family,1959,2062,7,1.5,49344.0,1,True,False,2
PRP-1899,LOC-3090,condo,1942,7184,5,1.5,1888.0,0,True,True,3
PRP-1900,LOC-0630,SFR,1957,518,7,4.0,2144.0,3,True,True,1
PRP-1901,LOC-2112,SINGLE-FAMILY,1977,2654,5,5.0,20440.0,2,False,True,2
PRP-1902,LOC-1656,Multi-Family,2007,4328,3,5.0,9144.0,1,True,True,1
PRP-1903,LOC-3630,land,1964,3911,5,3.0,38035.0,0,False,True,3
PRP-1904,LOC-1163,sfr,1963,3265,4,3.5,37080.0,2,True,True,3
PRP-1905,LOC-1155,sfr,1945,7844,7,4.0,7781.0,2,False,False,3
PRP-1906,LOC-4886,SFR,1927,437,4,2.5,4746.0,3,False,False,3
PRP-1907,LOC-3309,CONDO,1976,3565,7,2.5,,1,True,True,3
PRP-1908,LOC-1674,townhouse,1989,6051,5,4.0,18190.0,4,False,False,2
PRP-1909,LOC-1613,Condo,2010,5877,1,2.0,,2,False,True,3
PRP-1910,LOC-1222,SFR,2021,1720,4,2.0,35537.0,4,False,True,2
PRP-1911,LOC-2408,Multi Family,1926,6487,5,4.0,2900.0,1,False,False,2
PRP-1912,LOC-4448,Single Family Home,1930,7890,1,4.0,20388.0,1,False,False,2
PRP-1913,LOC-2197,condo,2015,5461,7,5.5,,2,False,True,2
PRP-1914,LOC-4850,TOWNHOUSE,1951,4875,5,3.0,16108.0,4,False,False,1
PRP-1915,LOC-1210,single family,1949,7544,4,2.5,37572.0,4,True,True,3
PRP-1916,LOC-2908,sfr,2021,6503,5,4.5,20259.0,2,True,False,3
PRP-1917,LOC-4445,Condo,1972,7444,2,1.5,,4,False,False,3
PRP-1918,LOC-0934,SINGLE-FAMILY,2000,7168,5,3.0,35831.0,1,False,False,2
PRP-1919,LOC-4059,SFR,1935,4657,7,2.0,32186.0,4,True,True,3
PRP-1920,LOC-1863,sfr,1971,5211,3,1.5,49420.0,2,True,False,2
PRP-1921,LOC-2544,Single-Family,1925,1377,5,5.0,20570.0,0,True,False,3
PRP-1922,LOC-0904,single family,1980,2030,1,5.5,26707.0,1,True,True,3
PRP-1923,LOC-0961,CONDO,2001,6032,3,2.0,1992.0,4,True,False,2
PRP-1924,LOC-3053,Single-Family,1934,1839,5,5.5,39055.0,1,True,False,2
PRP-1925,LOC-1878,Town House,1970,7042,4,3.5,29768.0,2,True,True,2
PRP-1926,LOC-3713,Single Family Home,2017,745,6,2.0,14638.0,0,False,False,1
PRP-1927,LOC-1795,SINGLE-FAMILY,1967,1917,1,2.0,2484.0,4,True,True,3
PRP-1928,LOC-3544,Condominium,2001,5472,6,3.5,,1,True,False,1
PRP-1929,LOC-1424,SFR,1949,3366,5,5.5,32533.0,2,False,True,3
PRP-1930,LOC-2934,lot,1940,4601,7,5.0,169818.0,1,False,True,3
PRP-1931,LOC-2323,Single-Family,1965,1891,3,5.5,38134.0,4,True,False,2
PRP-1932,LOC-3705,Single-Family,1942,3032,3,5.0,49520.0,4,True,True,3
PRP-1933,LOC-2999,condominium,2006,3694,4,2.5,,1,False,True,3
PRP-1934,LOC-0609,single family,1976,1597,2,1.0,2231.0,0,False,False,2
PRP-1935,LOC-4878,MULTI-FAMILY,1967,6911,4,2.5,10688.0,0,False,False,1
PRP-1936,LOC-4568,SFR,2014,6058,4,4.5,19691.0,3,False,False,2
PRP-1937,LOC-3391,Townhouse,1970,2339,6,1.0,15932.0,1,False,False,3
PRP-1938,LOC-0955,townhouse,2007,3561,6,5.0,31818.0,3,True,False,1
PRP-1939,LOC-2720,Single-Family,1989,4753,6,5.0,28644.0,2,False,True,3
PRP-1940,LOC-3786,Condominium,1954,3597,6,1.5,,3,True,True,1
PRP-1941,LOC-4563,Multi-Family,1942,400,7,3.5,38757.0,4,False,True,1
PRP-1942,LOC-4635,Single Family Home,1976,1107,5,5.5,19644.0,2,True,True,1
PRP-1943,LOC-3873,Condo,2004,3899,3,3.0,,0,False,False,1
PRP-1944,LOC-2740,TOWNHOUSE,1943,1271,1,3.5,23535.0,2,True,True,2
PRP-1945,LOC-0939,condo,1949,840,1,3.5,,0,False,True,3
PRP-1946,LOC-2649,Single-Family,2001,1010,7,4.0,43787.0,0,True,True,1
PRP-1947,LOC-4627,multi family,1974,2553,3,1.0,38078.0,0,False,True,3
PRP-1948,LOC-3831,MULTI-FAMILY,1921,7427,7,4.0,27109.0,4,True,False,1
PRP-1949,LOC-0230,SFR,1965,6272,1,4.0,20990.0,0,True,True,1
PRP-1950,LOC-2298,CONDO,1925,580,7,1.5,,3,False,True,2
PRP-1951,LOC-1845,SINGLE-FAMILY,1932,5029,7,2.5,23055.0,3,False,True,2
PRP-1952,LOC-1271,SFR,1957,7791,6,3.5,12243.0,0,True,True,2
PRP-1953,LOC-4499,SINGLE-FAMILY,1992,7147,1,2.0,29184.0,1,False,False,3
PRP-1954,LOC-1677,CONDO,2012,5610,2,4.5,,4,False,False,2
PRP-1955,LOC-3324,Single Family Home,1985,7830,5,3.0,23302.0,2,False,True,3
PRP-1956,LOC-4832,Multi-Family,1974,5475,3,4.5,39198.0,2,False,True,1
PRP-1957,LOC-2104,land,2022,5269,6,3.0,461422.0,4,True,True,1
PRP-1958,LOC-2149,condominium,1952,2930,3,4.5,1028.0,4,True,True,1
PRP-1959,LOC-3164,Single Family Home,1962,1338,7,3.0,44966.0,0,False,False,1
PRP-1960,LOC-0552,Townhouse,1924,4558,2,4.5,28777.0,4,True,True,3
PRP-1961,LOC-0361,condo,1956,4272,5,1.0,,3,True,False,2
PRP-1962,LOC-1099,CONDO,1964,2491,3,2.5,,3,False,True,1
PRP-1963,LOC-0709,Land,1920,5010,6,3.5,44772.0,4,True,False,3
PRP-1964,LOC-1088,condo,1929,3693,3,5.0,,3,True,False,1
PRP-1965,LOC-0057,Single Family Home,1988,1814,6,1.0,2010.0,4,False,False,3
PRP-1966,LOC-3751,sfr,1976,6849,1,3.0,17726.0,1,False,True,3
PRP-1967,LOC-2286,Single Family Home,1992,6863,5,2.5,7123.0,1,True,False,3
PRP-1968,LOC-3410,Condo,2011,6307,4,2.5,,0,False,True,1
PRP-1969,LOC-0077,Single Family Home,2021,4097,2,1.5,8383.0,1,True,True,2
PRP-1970,LOC-2705,LAND,1989,7429,5,2.5,114273.0,2,True,False,3
PRP-1971,LOC-0164,SFR,1983,5107,3,1.0,45536.0,2,False,False,1
PRP-1972,LOC-0668,Single Family Home,1933,6729,5,5.0,37154.0,4,False,True,1
PRP-1973,LOC-4735,Townhouse,1966,3998,4,1.0,23244.0,2,False,False,1
PRP-1974,LOC-3329,SFR,1995,2229,6,4.5,32702.0,3,False,True,1
PRP-1975,LOC-3981,Town House,2020,5213,4,4.0,3972.0,0,False,False,1
PRP-1976,LOC-0234,Lot,1966,7274,2,2.5,293273.0,3,True,True,1
PRP-1977,LOC-4940,sfr,1969,7086,7,4.0,13788.0,3,False,True,2
PRP-1978,LOC-2176,single family,1941,4688,5,1.0,44842.0,3,False,False,3
PRP-1979,LOC-3304,CONDO,1984,3628,7,1.0,,4,False,False,3
PRP-1980,LOC-0577,lot,1999,6817,7,2.5,81312.0,0,False,True,3
PRP-1981,LOC-4957,SFR,1961,2835,2,1.5,33350.0,1,True,False,2
PRP-1982,LOC-3398,SFR,1941,6528,1,3.0,22459.0,2,True,False,3
PRP-1983,LOC-0752,Town House,1974,7762,1,4.0,16137.0,3,True,True,2
PRP-1984,LOC-0131,Single-Family,1952,2208,2,4.5,40416.0,3,True,True,1
PRP-1985,LOC-3072,Single-Family,2006,3887,7,4.0,3407.0,4,True,False,2
PRP-1986,LOC-0793,Condo,2000,6565,2,5.0,,3,True,True,2
PRP-1987,LOC-1925,Town House,1922,1631,1,4.5,23594.0,4,False,False,1
PRP-1988,LOC-1849,SINGLE-FAMILY,1955,3870,7,4.0,31163.0,4,True,False,1
PRP-1989,LOC-3045,SFR,2020,6253,1,1.0,36682.0,4,True,False,3
PRP-1990,LOC-3578,SFR,1983,6050,4,3.5,6425.0,4,False,True,1
PRP-1991,LOC-3325,sfr,1931,5338,7,3.5,11290.0,3,True,False,2
PRP-1992,LOC-3888,SINGLE-FAMILY,1937,3925,5,2.5,47791.0,0,True,False,2
PRP-1993,LOC-1099,CONDO,2005,2526,4,1.5,,2,False,True,3
PRP-1994,LOC-0149,Condominium,1924,2110,3,5.0,467.0,2,False,False,1
PRP-1995,LOC-4935,Lot,2006,5045,1,3.5,133844.0,1,True,False,3
PRP-1996,LOC-2312,Townhouse,1920,4815,4,4.0,12832.0,2,False,False,1
PRP-1997,LOC-2848,Single-Family,2015,686,4,1.5,39531.0,4,True,False,1
PRP-1998,LOC-3531,condo,1961,6262,2,5.5,,1,False,False,1
PRP-1999,LOC-4600,Single-Family,1981,5889,1,5.0,6700.0,4,True,True,1
PRP-2000,LOC-0613,Town House,1942,6562,6,2.5,27217.0,2,True,False,1
PRP-2001,LOC-0652,TOWNHOUSE,1936,7568,1,5.0,41517.0,2,True,False,3
PRP-2002,LOC-1740,single family,1989,1061,7,5.5,17737.0,3,False,True,1
PRP-2003,LOC-4143,Condo,1995,6924,2,2.0,,3,False,False,2
PRP-2004,LOC-2432,sfr,2002,4181,3,4.0,47246.0,0,True,False,2
PRP-2005,LOC-2233,Single Family Home,2015,1435,7,3.5,41913.0,0,False,False,2
PRP-2006,LOC-0192,SFR,1995,6086,1,2.5,17508.0,4,True,False,2
PRP-2007,LOC-2095,single family,2023,7140,3,3.5,21028.0,1,False,False,1
PRP-2008,LOC-2877,single family,1960,6563,4,2.5,11692.0,4,False,True,1
PRP-2009,LOC-2850,single family,1974,7999,6,2.5,2707.0,0,False,True,1
PRP-2010,LOC-1693,sfr,2009,6130,2,4.5,11154.0,3,False,True,3
PRP-2011,LOC-1442,Single-Family,2014,2130,6,3.5,49584.0,1,True,True,1
PRP-2012,LOC-0401,SINGLE-FAMILY,1984,645,5,5.0,16158.0,3,False,True,1
PRP-2013,LOC-4230,SINGLE-FAMILY,2023,5745,7,1.5,14336.0,4,True,False,1
PRP-2014,LOC-4149,SINGLE-FAMILY,2001,1655,5,5.5,28674.0,0,False,True,2
PRP-2015,LOC-1469,SFR,1989,7959,6,5.0,29633.0,1,True,True,2
PRP-2016,LOC-4858,lot,1975,6736,4,4.5,350501.0,4,True,False,2
PRP-2017,LOC-2141,condominium,1954,821,2,3.0,,1,False,False,3
PRP-2018,LOC-4783,Condominium,1943,2626,5,3.0,,3,True,True,3
PRP-2019,LOC-1253,Single Family Home,2001,7832,3,3.0,11496.0,2,False,True,1
PRP-2020,LOC-3291,Single Family Home,1944,4830,5,5.0,15575.0,4,True,False,3
PRP-2021,LOC-0874,SINGLE-FAMILY,1954,3473,4,5.0,49213.0,0,False,False,3
PRP-2022,LOC-3725,Multi Family,1992,2670,3,2.5,29615.0,1,False,False,1
PRP-2023,LOC-0577,SFR,1929,5990,4,1.0,35213.0,3,True,False,2
PRP-2024,LOC-3057,Town House,1986,2905,6,4.0,27492.0,2,False,True,3
PRP-2025,LOC-3147,CONDO,1934,4255,1,1.0,,0,True,True,1
PRP-2026,LOC-3423,single family,1921,7168,6,3.5,40620.0,3,True,False,2
PRP-2027,LOC-4879,SINGLE-FAMILY,2005,6803,7,3.5,3500.0,2,True,True,2
PRP-2028,LOC-4374,sfr,2004,2622,5,5.0,20856.0,3,True,True,2
PRP-2029,LOC-4287,Single Family Home,1936,6527,3,4.5,28388.0,3,False,False,3
PRP-2030,LOC-3903,Condo,1949,5604,1,5.0,,0,False,False,2
PRP-2031,LOC-3585,Land,2023,4210,4,3.0,227180.0,2,False,True,2
PRP-2032,LOC-2626,Multifamily,1963,6190,6,4.5,5518.0,2,True,True,3
PRP-2033,LOC-1863,land,2015,2092,2,3.0,458112.0,0,False,True,3
PRP-2034,LOC-4150,CONDO,1965,5498,4,2.5,,1,True,True,1
PRP-2035,LOC-2718,Single-Family,2015,7168,6,1.0,10018.0,4,True,True,2
PRP-2036,LOC-4262,single family,2010,2104,1,1.0,31159.0,2,False,False,3
PRP-2037,LOC-2379,CONDO,1937,3830,2,1.0,,0,True,True,3
PRP-2038,LOC-1859,SINGLE-FAMILY,2015,1817,4,2.0,28167.0,2,True,True,3
PRP-2039,LOC-0886,CONDO,1990,5030,4,4.5,,0,False,True,2
PRP-2040,LOC-0902,SFR,1995,7786,7,1.5,14685.0,2,False,True,3
PRP-2041,LOC-4884,condo,1953,4224,4,2.5,,3,False,False,2
PRP-2042,LOC-4403,TH,2017,6936,6,5.0,28338.0,1,True,False,2
PRP-2043,LOC-2550,Lot,2008,2739,3,4.5,63218.0,3,False,False,2
PRP-2044,LOC-4916,MULTI-FAMILY,1989,5278,2,1.5,47091.0,0,False,True,1
PRP-2045,LOC-1188,Single Family Home,2012,4030,5,1.5,46806.0,0,True,False,2
PRP-2046,LOC-4826,multi family,2007,7205,2,4.5,18068.0,4,False,False,3
PRP-2047,LOC-2755,Townhouse,1989,2620,6,1.5,18415.0,4,False,True,1
PRP-2048,LOC-0268,single family,1971,1635,2,3.5,38928.0,1,False,False,2
PRP-2049,LOC-0308,SFR,1921,2530,6,5.0,20743.0,2,False,True,1
PRP-2050,LOC-4259,lot,1986,5125,4,5.5,369933.0,2,False,False,3
PRP-2051,LOC-3199,sfr,2007,5080,4,4.0,45222.0,3,False,True,3
PRP-2052,LOC-0263,condo,2019,4442,5,2.5,,3,False,True,3
PRP-2053,LOC-1499,MULTI-FAMILY,1922,6429,6,5.0,41269.0,3,False,True,3
PRP-2054,LOC-3309,Single-Family,1936,7606,1,1.5,14401.0,2,True,True,1
PRP-2055,LOC-3238,condo,1981,6261,6,4.0,,2,True,False,2
PRP-2056,LOC-2695,condo,1922,6358,6,2.0,,2,True,False,2
PRP-2057,LOC-4553,TH,1921,7198,6,3.0,34823.0,2,False,False,2
PRP-2058,LOC-4672,condo,2014,460,1,2.0,,1,False,False,1
PRP-2059,LOC-1578,Condo,2006,2826,7,2.0,582.0,4,False,True,1
PRP-2060,LOC-2233,sfr,1997,4178,7,2.0,45253.0,1,False,False,1
PRP-2061,LOC-4028,TH,1948,3701,5,4.0,22743.0,4,True,True,3
PRP-2062,LOC-0704,Condo,1960,1840,2,1.0,,4,False,True,2
PRP-2063,LOC-4064,single family,2003,7891,2,2.0,19634.0,0,False,True,3
PRP-2064,LOC-4379,Multi-Family,1922,2339,7,2.5,32405.0,0,False,False,1
PRP-2065,LOC-4591,Condominium,1966,2675,2,5.5,,2,True,True,2
PRP-2066,LOC-4344,condo,1937,1835,7,1.0,,1,True,False,3
PRP-2067,LOC-3142,TH,1932,1392,2,1.0,43160.0,0,False,False,2
PRP-2068,LOC-3339,Condominium,1952,848,3,1.5,,0,False,False,1
PRP-2069,LOC-1489,Single-Family,1941,7680,1,5.0,10945.0,2,True,True,3
PRP-2070,LOC-0506,townhouse,1929,6502,6,5.5,26425.0,0,False,True,1
PRP-2071,LOC-4662,sfr,1993,1694,6,1.5,16240.0,1,False,False,3
PRP-2072,LOC-0297,Multi Family,1942,1928,4,2.5,22771.0,1,True,False,3
PRP-2073,LOC-4758,Single-Family,1963,829,6,1.5,41302.0,1,False,True,1
PRP-2074,LOC-1468,Single Family Home,2004,4515,6,3.0,45407.0,4,True,False,3
PRP-2075,LOC-2496,Multi Family,2008,7286,1,5.5,44445.0,0,False,False,3
PRP-2076,LOC-0870,Townhouse,1996,4377,4,2.5,3412.0,0,True,False,2
PRP-2077,LOC-3653,townhouse,1926,6393,1,4.0,47276.0,0,True,True,1
PRP-2078,LOC-1124,Multi Family,1923,5923,7,5.0,36197.0,3,True,False,2
PRP-2079,LOC-1544,Land,2000,5559,1,5.5,291826.0,1,False,True,2
PRP-2080,LOC-4997,townhouse,1978,5709,6,5.5,15407.0,1,True,True,1
PRP-2081,LOC-3804,Town House,1999,3502,3,4.0,47066.0,0,False,False,1
PRP-2082,LOC-2221,multi family,2010,4200,7,5.5,22362.0,0,True,True,1
PRP-2083,LOC-2033,SINGLE-FAMILY,2003,4090,2,3.5,15247.0,1,True,False,1
PRP-2084,LOC-4490,condo,1985,533,4,5.0,,3,False,False,1
PRP-2085,LOC-1155,Condo,1989,6229,6,2.0,,2,True,True,2
PRP-2086,LOC-4259,Single Family Home,2004,6546,1,4.0,27570.0,2,True,True,1
PRP-2087,LOC-2806,Single Family Home,2022,6531,6,2.0,12876.0,4,True,True,3
PRP-2088,LOC-4996,TOWNHOUSE,1989,507,3,3.5,44263.0,1,False,True,2
PRP-2089,LOC-3777,Multi-Family,2006,3197,6,4.0,21733.0,0,False,True,3
PRP-2090,LOC-1998,Single Family Home,1948,5015,5,1.5,22553.0,2,True,True,1
PRP-2091,LOC-3717,condo,1984,571,5,2.0,,4,False,True,1
PRP-2092,LOC-2793,sfr,2008,1844,7,1.0,34989.0,1,True,False,2
PRP-2093,LOC-2093,SINGLE-FAMILY,1926,4689,1,2.5,18922.0,2,False,False,2
PRP-2094,LOC-3857,SINGLE-FAMILY,2015,7070,3,1.5,40268.0,2,False,False,1
PRP-2095,LOC-4615,SFR,2013,6563,6,3.0,48175.0,1,True,False,2
PRP-2096,LOC-1727,SFR,1929,5336,1,2.0,36491.0,0,False,False,3
PRP-2097,LOC-1939,SFR,1938,7848,2,2.0,35663.0,4,False,False,3
PRP-2098,LOC-4913,Condominium,1972,7553,3,2.0,,1,True,False,3
PRP-2099,LOC-4354,Multi Family,2003,590,5,3.0,30932.0,3,True,True,2
PRP-2100,LOC-0521,SINGLE-FAMILY,1921,7214,2,5.0,45930.0,2,False,True,2
PRP-2101,LOC-2313,Single-Family,1968,1384,7,5.0,40736.0,1,False,True,1
PRP-2102,LOC-1825,Single Family Home,2000,3424,7,3.5,27571.0,3,False,True,1
PRP-2103,LOC-2620,Multi Family,1994,7121,6,2.5,15271.0,0,True,False,2
PRP-2104,LOC-3305,Townhouse,1992,4155,6,3.5,23595.0,2,True,False,2
PRP-2105,LOC-4133,Lot,1944,2125,3,5.5,81306.0,4,False,True,2
PRP-2106,LOC-3220,TOWNHOUSE,1935,2546,6,1.5,45039.0,3,True,False,3
PRP-2107,LOC-0112,SFR,1970,7789,4,4.0,22312.0,1,False,False,2
PRP-2108,LOC-0457,Single Family Home,1974,1338,4,1.5,7520.0,4,False,False,3
PRP-2109,LOC-3332,single family,1939,5444,2,3.0,40315.0,1,True,False,1
PRP-2110,LOC-3405,single family,1943,4522,3,1.5,24587.0,4,False,False,3
PRP-2111,LOC-4094,TOWNHOUSE,2014,4064,6,3.0,6535.0,1,False,True,2
PRP-2112,LOC-3482,Townhouse,1981,1348,1,4.5,37243.0,3,True,False,1
PRP-2113,LOC-0818,SFR,1974,699,2,3.5,37889.0,2,True,True,3
PRP-2114,LOC-4541,Condo,2020,4588,7,3.0,,3,False,True,3
PRP-2115,LOC-0211,CONDO,1946,7410,4,4.0,,3,False,True,2
PRP-2116,LOC-0807,Single Family Home,1999,3715,2,2.0,34723.0,1,True,False,1
PRP-2117,LOC-1898,sfr,1997,3157,4,4.0,31953.0,0,False,True,2
PRP-2118,LOC-1600,MULTI-FAMILY,1972,5975,4,2.0,45664.0,2,False,False,1
PRP-2119,LOC-3847,MULTI-FAMILY,2000,6120,4,4.0,25110.0,0,False,False,1
PRP-2120,LOC-2093,multi family,1994,3635,1,2.0,14830.0,2,True,False,1
PRP-2121,LOC-2220,SFR,1988,5271,1,4.5,30212.0,1,False,True,2
PRP-2122,LOC-3919,Townhouse,1985,611,5,5.5,24295.0,0,False,True,1
PRP-2123,LOC-0950,Condo,1964,4423,1,2.5,,3,False,False,1
PRP-2124,LOC-2689,single family,1931,5703,7,1.0,36917.0,4,False,True,3
PRP-2125,LOC-2520,Condo,1999,3654,5,4.0,,4,False,False,2
PRP-2126,LOC-4445,Townhouse,1995,920,1,2.5,2881.0,3,True,False,1
PRP-2127,LOC-0801,Condo,1969,2518,1,3.0,,0,False,False,3
PRP-2128,LOC-2686,Condo,1956,2048,7,1.0,,4,True,True,3
PRP-2129,LOC-4219,Multi-Family,2020,5556,7,1.0,21054.0,0,False,True,2
PRP-2130,LOC-3972,TOWNHOUSE,1966,7730,3,5.5,36261.0,4,True,True,1
PRP-2131,LOC-1766,SINGLE-FAMILY,1988,2397,5,4.5,6367.0,4,False,True,2
PRP-2132,LOC-2156,condo,2007,3171,6,3.0,,2,True,True,2
PRP-2133,LOC-0510,MULTI-FAMILY,1935,7828,7,2.5,44729.0,4,False,False,1
PRP-2134,LOC-4241,SFR,1941,6135,3,4.5,43948.0,2,True,False,2
PRP-2135,LOC-4235,single family,1930,785,3,1.5,11061.0,3,False,False,3
PRP-2136,LOC-1628,condo,1991,7601,1,4.5,,2,False,True,2
PRP-2137,LOC-2698,CONDO,2006,4065,1,1.0,,0,False,False,1
PRP-2138,LOC-2636,Single Family Home,1971,1657,5,2.0,15183.0,1,True,True,2
PRP-2139,LOC-0136,townhouse,1961,3428,4,1.5,13339.0,3,True,True,1
PRP-2140,LOC-1532,SINGLE-FAMILY,1987,3880,1,4.0,35044.0,4,False,True,3
PRP-2141,LOC-2537,Condominium,2022,672,2,3.0,,2,False,True,3
PRP-2142,LOC-0456,TOWNHOUSE,1981,3662,6,5.5,47993.0,0,True,False,1
PRP-2143,LOC-2646,Condominium,2023,4208,3,3.0,,4,False,False,2
PRP-2144,LOC-0926,Lot,1966,7937,1,4.0,372534.0,3,False,True,2
PRP-2145,LOC-1341,sfr,1947,1064,1,1.5,17897.0,0,False,True,1
PRP-2146,LOC-2320,Single Family Home,1976,4471,2,4.0,35013.0,1,True,True,2
PRP-2147,LOC-2227,Condo,1936,2019,3,1.0,,0,False,True,3
PRP-2148,LOC-1120,Town House,1957,6383,5,1.0,19993.0,4,True,True,3
PRP-2149,LOC-4791,Single Family Home,1940,4704,6,5.0,16601.0,0,True,False,1
PRP-2150,LOC-1590,Condominium,2022,4908,3,5.0,,2,False,False,2
PRP-2151,LOC-1702,sfr,1926,3670,5,2.0,42353.0,0,False,True,2
PRP-2152,LOC-3544,SINGLE-FAMILY,1954,4110,7,4.5,21047.0,1,False,False,1
PRP-2153,LOC-2177,condo,2014,3447,6,4.5,,2,True,False,1
PRP-2154,LOC-2081,CONDO,1942,5591,5,5.0,1287.0,0,True,False,1
PRP-2155,LOC-3730,Multi-Family,2022,3253,7,3.0,46960.0,4,True,True,1
PRP-2156,LOC-4389,Multifamily,1923,6631,7,4.0,5246.0,3,True,True,3
PRP-2157,LOC-3079,sfr,1977,6353,5,5.0,25638.0,3,True,True,3
PRP-2158,LOC-4934,Single Family Home,1972,726,5,5.0,17707.0,2,True,False,3
PRP-2159,LOC-0068,single family,2013,6808,7,5.0,44293.0,2,False,False,1
PRP-2160,LOC-4119,sfr,1925,1051,6,4.0,34467.0,2,False,True,2
PRP-2161,LOC-3037,CONDO,1985,2451,3,2.0,,1,True,True,2
PRP-2162,LOC-0793,condominium,2003,4071,3,3.5,,4,False,True,1
PRP-2163,LOC-4265,Townhouse,1971,3239,5,4.5,27483.0,4,True,False,1
PRP-2164,LOC-4081,CONDO,1928,7327,1,4.0,,2,True,False,3
PRP-2165,LOC-3287,CONDO,1972,6716,6,1.5,,1,False,False,1
PRP-2166,LOC-4038,TOWNHOUSE,1989,2186,1,2.0,24290.0,3,True,True,2
PRP-2167,LOC-0231,Condominium,1948,3833,4,4.5,873.0,1,True,True,3
PRP-2168,LOC-2933,condo,1955,2671,3,5.0,,3,False,False,2
PRP-2169,LOC-4869,Condo,1972,4863,6,3.5,,4,False,True,2
PRP-2170,LOC-0478,townhouse,1985,6868,7,5.0,40572.0,1,False,False,1
PRP-2171,LOC-1851,SINGLE-FAMILY,2008,3830,1,2.0,14932.0,4,False,True,2
PRP-2172,LOC-2234,single family,1944,1647,4,2.0,10447.0,3,True,True,1
PRP-2173,LOC-0530,SFR,1984,5096,4,5.5,31243.0,2,True,True,2
PRP-2174,LOC-0953,Condominium,2008,4017,4,1.5,,2,False,True,3
PRP-2175,LOC-3232,Single Family Home,2019,1565,6,4.5,35518.0,0,True,True,3
PRP-2176,LOC-2200,single family,1924,6022,6,3.0,48661.0,1,False,True,3
PRP-2177,LOC-4642,condo,1979,3126,6,5.0,1110.0,2,False,False,3
PRP-2178,LOC-1304,SINGLE-FAMILY,1920,6905,3,5.0,21017.0,2,False,False,3
PRP-2179,LOC-3831,SINGLE-FAMILY,2005,1867,5,4.5,27469.0,2,False,False,2
PRP-2180,LOC-0625,SINGLE-FAMILY,1959,3753,4,5.0,35880.0,2,False,True,3
PRP-2181,LOC-4002,Single-Family,1946,7459,7,2.5,15289.0,1,False,False,3
PRP-2182,LOC-2452,Single-Family,1959,4663,1,5.5,43656.0,2,False,True,1
PRP-2183,LOC-2921,SFR,1998,1550,7,4.5,17311.0,4,True,True,1
PRP-2184,LOC-2262,sfr,2011,4552,4,3.0,48185.0,4,False,False,1
PRP-2185,LOC-4183,Townhouse,1977,6868,3,2.0,46236.0,0,True,True,3
PRP-2186,LOC-0539,single family,2000,2742,4,3.5,11973.0,1,False,False,2
PRP-2187,LOC-4994,SFR,1939,2193,4,4.0,12046.0,0,False,False,2
PRP-2188,LOC-0442,Single Family Home,1944,7620,6,4.0,34465.0,3,True,False,1
PRP-2189,LOC-2895,Single-Family,1949,5036,3,3.5,33691.0,4,False,True,2
PRP-2190,LOC-0762,TOWNHOUSE,1933,4951,3,2.5,32076.0,3,True,False,3
PRP-2191,LOC-3871,condominium,1989,1275,6,1.5,,0,False,False,2
PRP-2192,LOC-4830,Multifamily,2020,6636,1,3.5,38035.0,0,False,False,1
PRP-2193,LOC-4125,single family,2002,4221,5,3.0,5737.0,3,True,False,2
PRP-2194,LOC-0401,Single Family Home,1922,7191,2,1.5,2627.0,2,False,True,3
PRP-2195,LOC-4227,Townhouse,1963,3957,6,3.5,30397.0,4,True,True,1
PRP-2196,LOC-2479,Multi-Family,1974,7680,5,4.0,6145.0,1,False,True,1
PRP-2197,LOC-3858,Single Family Home,2021,5588,3,2.0,16236.0,4,False,False,3
PRP-2198,LOC-0034,single family,1931,1306,6,3.0,32913.0,1,False,True,3
PRP-2199,LOC-1056,Single Family Home,1971,7804,6,2.0,42917.0,3,False,True,1
PRP-2200,LOC-0834,Single-Family,1952,1169,2,3.0,11271.0,4,False,False,1
PRP-2201,LOC-4115,sfr,1934,5250,5,4.0,10585.0,0,False,True,1
PRP-2202,LOC-1574,Single Family Home,1966,6032,5,5.0,23613.0,4,True,True,3
PRP-2203,LOC-4079,SINGLE-FAMILY,2013,1929,6,4.0,18359.0,2,False,True,2
PRP-2204,LOC-4083,SINGLE-FAMILY,1988,7721,1,5.5,36125.0,0,False,True,3
PRP-2205,LOC-4250,Single Family Home,1940,1617,2,2.0,38282.0,1,False,True,3
PRP-2206,LOC-4341,Condominium,1980,3018,3,1.5,,0,True,False,2
PRP-2207,LOC-2646,Townhouse,1965,6930,3,3.0,33869.0,1,False,False,1
PRP-2208,LOC-0281,MULTI-FAMILY,2021,7232,5,1.0,33248.0,1,True,True,2
PRP-2209,LOC-4514,Condo,1978,6052,4,1.5,,4,False,False,2
PRP-2210,LOC-2261,townhouse,2019,6039,4,1.0,2035.0,2,True,False,2
PRP-2211,LOC-1759,condo,1978,4465,7,3.5,,1,False,False,3
PRP-2212,LOC-2245,CONDO,1992,2047,4,2.0,,3,True,True,1
PRP-2213,LOC-1984,SINGLE-FAMILY,1973,2976,1,3.0,44547.0,4,False,True,1
PRP-2214,LOC-2556,condo,2015,3233,6,5.0,,0,False,False,1
PRP-2215,LOC-4991,condominium,1980,3305,2,5.0,1446.0,0,False,False,1
PRP-2216,LOC-4095,Single Family Home,1991,2607,5,5.5,27691.0,1,False,True,2
PRP-2217,LOC-2711,single family,2012,2553,4,1.5,2411.0,4,False,True,1
PRP-2218,LOC-4990,Condo,1956,2812,6,3.0,,0,True,True,3
PRP-2219,LOC-2239,LAND,1997,6824,1,3.5,311927.0,0,False,True,1
PRP-2220,LOC-0088,MULTI-FAMILY,1969,5589,7,2.0,32231.0,0,True,False,1
PRP-2221,LOC-2977,SINGLE-FAMILY,1951,1211,4,1.5,42638.0,3,False,True,2
PRP-2222,LOC-2552,CONDO,1980,449,5,5.5,,4,False,False,3
PRP-2223,LOC-2641,sfr,2015,6292,1,3.5,21035.0,0,False,False,1
PRP-2224,LOC-1925,TH,1969,4731,2,5.0,37032.0,3,True,True,3
PRP-2225,LOC-4518,Condo,2020,7364,7,5.0,,1,False,False,3
PRP-2226,LOC-3767,Single-Family,1943,5213,6,5.0,37837.0,1,True,False,2
PRP-2227,LOC-0772,CONDO,1968,7199,4,5.0,,2,False,False,1
PRP-2228,LOC-1674,townhouse,1940,7245,1,1.0,49998.0,1,True,False,2
PRP-2229,LOC-1409,Single-Family,1998,3841,6,4.0,33988.0,4,False,False,1
PRP-2230,LOC-4122,CONDO,2009,6244,1,1.0,,1,False,False,1
PRP-2231,LOC-2557,TH,2016,6029,1,2.0,30546.0,4,False,True,1
PRP-2232,LOC-2584,Single-Family,2002,5546,2,2.0,30234.0,4,True,False,2
PRP-2233,LOC-4352,sfr,1945,5691,2,3.5,32685.0,3,False,False,3
PRP-2234,LOC-2682,single family,1937,542,3,2.5,11732.0,3,True,True,1
PRP-2235,LOC-0136,condominium,1981,5632,1,2.0,500.0,1,False,True,1
PRP-2236,LOC-3403,condo,1964,1115,2,3.0,,1,True,True,1
PRP-2237,LOC-2851,sfr,2010,2634,3,2.0,5086.0,0,True,True,1
PRP-2238,LOC-3044,Condominium,2000,1356,3,5.0,,0,True,True,2
PRP-2239,LOC-2815,sfr,1927,2880,1,2.0,12590.0,0,True,True,3
PRP-2240,LOC-0341,CONDO,1944,891,5,2.0,,4,True,False,1
PRP-2241,LOC-1972,Condominium,1983,5450,5,1.5,,0,False,True,1
PRP-2242,LOC-4408,Single-Family,1984,2882,1,3.0,26997.0,0,False,False,2
PRP-2243,LOC-4420,SINGLE-FAMILY,2012,3261,5,2.5,21388.0,1,True,True,1
PRP-2244,LOC-3875,condo,1998,3816,6,2.0,,4,True,False,1
PRP-2245,LOC-2766,townhouse,1921,6396,6,3.0,33226.0,4,True,False,3
PRP-2246,LOC-0288,sfr,2000,3854,2,4.0,19703.0,2,False,False,3
PRP-2247,LOC-0696,Condo,1980,4867,3,3.5,,0,False,False,2
PRP-2248,LOC-3195,Condominium,1933,7849,2,4.5,,0,True,True,1
PRP-2249,LOC-4603,Single Family Home,1969,2093,6,3.5,17337.0,4,False,True,2
PRP-2250,LOC-4599,Condominium,1969,4793,1,1.0,,0,False,True,1
PRP-2251,LOC-2578,Town House,1927,2410,3,4.5,23447.0,3,True,True,2
PRP-2252,LOC-2300,SFR,1972,2341,7,5.5,19180.0,4,False,False,2
PRP-2253,LOC-4279,single family,1933,5289,3,1.5,40346.0,1,False,True,1
PRP-2254,LOC-2613,sfr,1963,7554,5,3.0,7206.0,1,False,True,2
PRP-2255,LOC-4955,Condominium,2002,1129,2,3.5,,3,True,False,1
PRP-2256,LOC-4036,single family,1984,1255,1,2.5,46118.0,3,True,False,3
PRP-2257,LOC-4744,Condominium,1941,5855,6,5.0,,4,False,True,3
PRP-2258,LOC-2448,Single Family Home,1926,4266,2,3.5,38321.0,0,False,True,2
PRP-2259,LOC-3148,Multi Family,2005,612,5,3.0,28758.0,3,True,False,1
PRP-2260,LOC-3029,SINGLE-FAMILY,2013,615,7,2.0,25814.0,1,False,False,1
PRP-2261,LOC-2156,condominium,1934,2557,1,4.5,,4,True,True,2
PRP-2262,LOC-3669,TOWNHOUSE,1937,5963,7,1.5,34493.0,1,False,False,1
PRP-2263,LOC-0950,Single-Family,2006,3092,2,2.5,5674.0,4,False,False,1
PRP-2264,LOC-2117,TH,1987,3902,3,4.5,3281.0,2,True,True,1
PRP-2265,LOC-2218,single family,1982,6791,4,3.0,48491.0,0,True,False,2
PRP-2266,LOC-3967,Single Family Home,1952,1211,3,1.0,2699.0,4,False,True,3
PRP-2267,LOC-1173,SINGLE-FAMILY,1924,1585,7,1.0,7366.0,1,True,False,1
PRP-2268,LOC-3866,single family,1993,793,4,4.0,46908.0,2,False,False,3
PRP-2269,LOC-0129,condominium,2023,3949,5,4.5,,0,False,False,1
PRP-2270,LOC-4829,SINGLE-FAMILY,2009,4072,7,5.5,19102.0,1,False,True,3
PRP-2271,LOC-4043,Single-Family,1985,465,6,5.0,7139.0,1,True,True,2
PRP-2272,LOC-1615,Townhouse,2008,7825,5,1.0,40733.0,3,False,True,2
PRP-2273,LOC-4179,LAND,2022,4554,5,1.5,280682.0,1,False,False,1
PRP-2274,LOC-2912,sfr,1963,6154,4,1.5,10667.0,0,False,False,3
PRP-2275,LOC-1308,single family,1973,5392,1,4.5,37101.0,2,True,True,2
PRP-2276,LOC-1500,Multi Family,1986,2913,2,3.0,6025.0,4,True,False,3
PRP-2277,LOC-4002,Condo,1960,862,5,4.5,,3,False,True,2
PRP-2278,LOC-3475,Condo,2017,7303,2,5.0,,4,False,True,1
PRP-2279,LOC-2375,sfr,1949,2070,5,4.0,23557.0,3,True,True,1
PRP-2280,LOC-4302,Single Family Home,1997,7055,5,5.5,13712.0,3,False,True,2
PRP-2281,LOC-1795,Condominium,1959,3738,1,5.5,,4,False,False,3
PRP-2282,LOC-4369,Condo,1974,1191,2,1.5,,1,True,False,1
PRP-2283,LOC-4465,Single-Family,1937,7887,3,4.5,8961.0,3,True,True,1
PRP-2284,LOC-2130,Multi-Family,1972,6067,1,4.0,36741.0,3,False,False,2
PRP-2285,LOC-4746,SFR,1930,666,3,2.0,43702.0,0,False,False,2
PRP-2286,LOC-4061,Condominium,1929,1985,4,3.0,,1,True,True,2
PRP-2287,LOC-2882,Condominium,1980,3943,6,3.0,,1,True,True,1
PRP-2288,LOC-1981,condominium,2022,1080,2,5.5,1076.0,4,True,True,3
PRP-2289,LOC-0134,Single Family Home,1983,3947,4,2.0,13711.0,0,True,True,2
PRP-2290,LOC-3381,sfr,1986,6230,2,2.5,28659.0,4,True,False,3
PRP-2291,LOC-2287,SINGLE-FAMILY,1957,2084,4,4.5,33542.0,3,False,True,2
PRP-2292,LOC-4634,Single-Family,2017,5088,3,3.5,19779.0,3,False,False,2
PRP-2293,LOC-0566,Single Family Home,2013,6027,4,1.0,19074.0,1,False,True,2
PRP-2294,LOC-2349,Condominium,1954,1138,4,5.5,,2,False,True,3
PRP-2295,LOC-2542,single family,1941,2628,4,1.0,2727.0,4,True,False,3
PRP-2296,LOC-3613,TOWNHOUSE,1949,1345,2,1.0,4386.0,0,False,True,3
PRP-2297,LOC-4918,SINGLE-FAMILY,1980,1884,3,2.0,18071.0,3,False,False,2
PRP-2298,LOC-4732,SINGLE-FAMILY,1932,5051,5,5.0,16550.0,4,False,False,3
PRP-2299,LOC-2539,CONDO,1985,4513,5,3.0,1195.0,1,True,False,2
PRP-2300,LOC-1904,Condo,2012,946,7,5.0,,2,False,False,1
PRP-2301,LOC-1760,TOWNHOUSE,1989,1277,7,4.0,41449.0,2,False,True,3
PRP-2302,LOC-3599,sfr,1941,3646,2,4.5,2295.0,0,False,False,1
PRP-2303,LOC-0377,condo,1963,3621,1,4.0,,2,False,False,3
PRP-2304,LOC-1397,CONDO,1959,5436,1,1.5,,0,True,True,2
PRP-2305,LOC-3686,Single-Family,1990,2799,5,2.5,23336.0,0,True,True,1
PRP-2306,LOC-1586,Lot,1986,595,1,3.5,130688.0,3,False,True,3
PRP-2307,LOC-1973,condominium,1984,1779,5,1.5,1686.0,0,True,False,2
PRP-2308,LOC-1831,Multi-Family,2016,853,7,4.5,18516.0,1,False,True,3
PRP-2309,LOC-3985,Multi Family,1969,2136,2,2.5,45286.0,0,False,False,2
PRP-2310,LOC-3943,condo,1942,5256,3,3.0,585.0,1,False,False,2
PRP-2311,LOC-2007,multi family,1948,4508,7,2.5,44052.0,2,False,True,3
PRP-2312,LOC-1229,sfr,2004,5907,2,2.0,10922.0,3,True,False,1
PRP-2313,LOC-0587,CONDO,1978,4722,2,3.0,,1,True,True,3
PRP-2314,LOC-1175,Townhouse,1956,6284,6,5.5,48508.0,1,True,True,1
PRP-2315,LOC-1319,condo,1937,3318,7,5.5,,4,False,True,1
PRP-2316,LOC-4483,SINGLE-FAMILY,1924,2205,5,4.5,19153.0,0,False,True,3
PRP-2317,LOC-2258,Single Family Home,1964,3994,5,3.5,7438.0,2,True,False,2
PRP-2318,LOC-3796,SFR,1948,1554,7,5.5,44335.0,3,False,False,3
PRP-2319,LOC-1747,single family,1945,2072,7,3.0,36929.0,3,True,False,3
PRP-2320,LOC-4435,sfr,1963,7359,7,2.5,34281.0,0,False,True,1
PRP-2321,LOC-3442,Single Family Home,1952,3102,2,1.5,11508.0,2,False,False,2
PRP-2322,LOC-3923,MULTI-FAMILY,1931,686,3,4.5,9017.0,2,False,True,3
PRP-2323,LOC-1368,condo,2018,6865,2,2.5,,2,True,True,1
PRP-2324,LOC-1989,SINGLE-FAMILY,2013,2899,1,1.0,48333.0,2,True,True,1
PRP-2325,LOC-0263,sfr,1930,1537,1,2.0,10670.0,3,False,True,1
PRP-2326,LOC-4558,Condo,2009,6947,4,5.0,,3,False,True,1
PRP-2327,LOC-4456,Townhouse,1989,5517,5,4.0,20600.0,3,False,False,2
PRP-2328,LOC-4664,lot,2017,1207,5,2.0,332672.0,2,False,True,1
PRP-2329,LOC-1701,land,1987,5465,5,3.0,310058.0,1,True,True,3
PRP-2330,LOC-3184,Single Family Home,1997,3423,2,2.0,42481.0,2,False,False,1
PRP-2331,LOC-0108,multi family,1970,852,6,1.5,17893.0,2,False,True,1
PRP-2332,LOC-0801,sfr,2004,3611,7,5.5,6638.0,4,False,False,2
PRP-2333,LOC-2404,Multi-Family,2009,1005,3,1.5,27254.0,2,False,False,3
PRP-2334,LOC-3870,multi family,1991,5494,4,3.5,40988.0,1,False,True,1
PRP-2335,LOC-1313,Condo,1973,2708,4,1.0,,0,True,False,3
PRP-2336,LOC-3765,SINGLE-FAMILY,1951,1062,2,3.0,42608.0,0,True,False,1
PRP-2337,LOC-1319,condominium,1999,5686,6,5.5,,0,True,False,1
PRP-2338,LOC-0273,condo,2017,2351,6,4.0,,0,True,False,1
PRP-2339,LOC-4356,TH,1941,5510,6,2.5,48689.0,0,False,True,1
PRP-2340,LOC-0386,SFR,2015,6601,1,1.0,29195.0,4,False,False,3
PRP-2341,LOC-4765,Condo,1976,2706,6,2.0,,3,False,False,3
PRP-2342,LOC-2737,Townhouse,1945,671,1,5.5,22313.0,0,False,False,1
PRP-2343,LOC-3874,single family,1930,3542,3,2.5,12776.0,2,False,True,3
PRP-2344,LOC-1044,Condo,2019,4347,4,2.0,,3,True,True,3
PRP-2345,LOC-4060,CONDO,2019,7100,3,5.0,,2,False,True,2
PRP-2346,LOC-4199,Single-Family,1980,3662,1,4.0,48847.0,3,False,True,2
PRP-2347,LOC-3049,single family,1989,1645,7,3.5,33526.0,2,False,True,2
PRP-2348,LOC-1735,Single-Family,2020,4036,7,1.0,8701.0,4,False,True,1
PRP-2349,LOC-1037,SFR,1942,7147,4,5.0,36052.0,1,False,False,3
PRP-2350,LOC-1076,single family,1949,2641,7,2.0,45029.0,2,False,True,2
PRP-2351,LOC-1576,Single-Family,1920,1396,3,3.0,11248.0,2,False,False,2
PRP-2352,LOC-1240,TOWNHOUSE,1965,3850,1,4.0,9079.0,0,False,False,1
PRP-2353,LOC-4396,Single-Family,1985,629,5,3.0,17368.0,4,False,True,1
PRP-2354,LOC-3539,TOWNHOUSE,1986,5353,4,3.0,27544.0,0,False,False,3
PRP-2355,LOC-0909,Multifamily,2000,4295,3,5.0,24646.0,0,False,False,3
PRP-2356,LOC-3078,Lot,2002,1338,2,3.0,262752.0,4,True,False,2
PRP-2357,LOC-4900,Single Family Home,2006,5016,2,4.0,26091.0,0,False,True,2
PRP-2358,LOC-2276,TOWNHOUSE,2011,6120,3,4.0,42273.0,4,False,False,3
PRP-2359,LOC-2416,SFR,2023,4232,4,2.5,21296.0,3,False,True,1
PRP-2360,LOC-2025,single family,1966,4417,6,4.0,35535.0,1,False,True,1
PRP-2361,LOC-3004,CONDO,1949,1816,7,1.0,859.0,2,False,True,3
PRP-2362,LOC-4055,Condo,1978,3164,7,4.5,,4,False,True,1
PRP-2363,LOC-0316,Townhouse,1954,1588,6,1.0,14603.0,1,False,True,2
PRP-2364,LOC-0729,Condo,1966,6316,1,1.5,,1,False,True,3
PRP-2365,LOC-2774,Condo,1921,7410,5,5.5,,3,False,False,1
PRP-2366,LOC-3001,Condo,1956,3547,2,1.5,,2,False,True,2
PRP-2367,LOC-0270,sfr,2005,3524,3,4.0,11187.0,3,True,True,2
PRP-2368,LOC-1614,single family,1981,3687,3,3.0,33224.0,0,True,True,3
PRP-2369,LOC-4546,SFR,1977,1377,3,2.0,17438.0,3,False,False,1
PRP-2370,LOC-2834,Townhouse,1927,5048,5,3.5,19766.0,3,False,True,2
PRP-2371,LOC-0960,Condominium,1943,2367,6,2.5,,1,True,False,3
PRP-2372,LOC-0047,multi family,1946,3923,1,4.0,12130.0,3,False,True,1
PRP-2373,LOC-3849,Condo,1950,5560,4,1.0,,3,False,True,1
PRP-2374,LOC-3677,SINGLE-FAMILY,2011,5665,4,4.0,3064.0,4,True,False,2
PRP-2375,LOC-1938,Condo,2014,763,3,3.5,,0,False,False,3
PRP-2376,LOC-3185,LAND,1930,2597,5,5.5,40400.0,2,False,True,1
PRP-2377,LOC-3413,TOWNHOUSE,2003,5393,6,5.0,11970.0,1,False,False,2
PRP-2378,LOC-2138,MULTI-FAMILY,2012,7676,3,1.5,42630.0,2,True,True,2
PRP-2379,LOC-4769,single family,2002,3804,2,3.0,2865.0,0,False,True,2
PRP-2380,LOC-1645,Condo,1957,2410,7,2.5,,2,False,True,2
PRP-2381,LOC-2187,condo,1967,1857,6,4.0,,4,True,False,2
PRP-2382,LOC-4132,CONDO,1972,3806,1,3.5,1301.0,4,True,False,3
PRP-2383,LOC-3988,Single Family Home,2008,4220,3,1.0,43293.0,4,True,True,2
PRP-2384,LOC-4446,condominium,1932,6059,1,4.0,,1,True,False,1
PRP-2385,LOC-1358,single family,1938,6102,5,5.0,49304.0,2,False,False,1
PRP-2386,LOC-3216,Single-Family,1962,3756,4,3.5,41892.0,0,True,True,1
PRP-2387,LOC-3453,TH,1958,6502,4,5.5,31213.0,3,True,False,3
PRP-2388,LOC-1161,Condo,1959,1072,4,3.5,,3,False,True,2
PRP-2389,LOC-0545,SINGLE-FAMILY,1974,3241,1,2.0,26359.0,1,False,True,1
PRP-2390,LOC-1247,Single-Family,1987,6844,7,3.0,13733.0,2,False,False,2
PRP-2391,LOC-4322,condominium,1929,3216,1,2.5,,4,True,True,3
PRP-2392,LOC-4508,sfr,1924,3481,2,3.5,46942.0,0,False,False,1
PRP-2393,LOC-0895,Condominium,1943,1233,3,1.5,,4,True,False,3
PRP-2394,LOC-3202,condominium,2001,2786,1,5.5,1958.0,1,False,True,1
PRP-2395,LOC-3819,Town House,1985,5193,3,4.0,3801.0,0,False,True,3
PRP-2396,LOC-2807,single family,1940,1288,5,2.5,37658.0,1,False,True,1
PRP-2397,LOC-0650,LAND,1966,1917,7,2.5,46585.0,2,False,False,3
PRP-2398,LOC-4682,Townhouse,2018,2510,7,5.5,49985.0,4,False,True,1
PRP-2399,LOC-1885,townhouse,1994,541,4,1.0,22587.0,2,True,True,3
PRP-2400,LOC-4894,SINGLE-FAMILY,2005,2668,3,1.5,10525.0,4,False,False,3
PRP-2401,LOC-2398,condominium,1993,2614,2,1.5,,0,True,False,2
PRP-2402,LOC-4792,townhouse,1941,4019,2,1.0,2400.0,0,True,False,1
PRP-2403,LOC-4458,MULTI-FAMILY,1945,5618,7,5.5,43064.0,1,False,True,2
PRP-2404,LOC-0720,Single-Family,2019,3491,2,5.0,3336.0,3,False,True,2
PRP-2405,LOC-3799,single family,1966,7900,5,1.5,39632.0,0,False,False,1
PRP-2406,LOC-2869,SINGLE-FAMILY,2002,5486,1,4.0,29472.0,0,True,False,2
PRP-2407,LOC-3568,multi family,2007,2690,1,1.0,11834.0,3,True,False,1
PRP-2408,LOC-4639,Condominium,1962,4045,3,2.5,,2,False,True,3
PRP-2409,LOC-4838,Condominium,1986,1169,7,1.5,,0,True,True,3
PRP-2410,LOC-1979,Multifamily,1926,3431,5,2.0,39131.0,0,True,False,3
PRP-2411,LOC-3836,SINGLE-FAMILY,1971,2583,4,5.0,42955.0,0,False,False,1
PRP-2412,LOC-0167,SFR,1993,4195,1,1.0,8130.0,1,True,False,1
PRP-2413,LOC-3878,sfr,1934,3977,4,3.5,25528.0,4,True,False,2
PRP-2414,LOC-1882,Single-Family,1989,1963,3,1.5,44804.0,3,True,True,2
PRP-2415,LOC-3912,Single Family Home,1939,5957,7,2.5,44511.0,3,False,False,3
PRP-2416,LOC-1795,Townhouse,1935,3662,2,3.5,42137.0,1,True,False,1
PRP-2417,LOC-1431,Condo,1999,648,5,5.5,221.0,4,False,True,3
PRP-2418,LOC-0683,TH,1932,7991,4,1.5,16287.0,0,False,False,3
PRP-2419,LOC-4833,Single Family Home,1931,7508,6,1.5,5713.0,1,True,False,3
PRP-2420,LOC-4980,sfr,1966,5154,2,5.0,33178.0,4,False,True,3
PRP-2421,LOC-0930,CONDO,1999,2446,3,3.0,1119.0,3,False,True,1
PRP-2422,LOC-3203,Multi-Family,1945,474,2,4.5,17274.0,3,True,False,1
PRP-2423,LOC-0101,CONDO,2013,922,6,5.0,,3,False,True,1
PRP-2424,LOC-2481,TH,1970,1916,4,1.5,21048.0,2,True,False,2
PRP-2425,LOC-3361,single family,1974,945,1,1.0,10907.0,4,False,False,2
PRP-2426,LOC-2240,townhouse,1986,4286,3,4.5,6640.0,4,True,True,2
PRP-2427,LOC-1661,SINGLE-FAMILY,2020,1200,6,4.0,24616.0,4,False,False,2
PRP-2428,LOC-3383,Condo,1973,938,6,3.5,,4,True,True,2
PRP-2429,LOC-1551,Town House,2023,2498,3,2.0,36717.0,1,True,True,1
PRP-2430,LOC-1328,SINGLE-FAMILY,2015,6417,5,1.5,10936.0,4,True,True,3
PRP-2431,LOC-1217,sfr,2005,2963,1,1.5,5127.0,1,False,False,1
PRP-2432,LOC-0506,single family,1992,5911,6,5.5,5676.0,2,True,True,2
PRP-2433,LOC-1434,Town House,1985,5510,6,1.5,39178.0,1,False,False,3
PRP-2434,LOC-3496,Single-Family,2009,1316,1,5.5,48906.0,3,True,True,2
PRP-2435,LOC-2446,Condo,2012,6566,4,5.5,457.0,3,False,False,2
PRP-2436,LOC-4971,SINGLE-FAMILY,1946,4267,3,4.0,30897.0,0,False,True,1
PRP-2437,LOC-4800,MULTI-FAMILY,2009,7307,5,2.0,6803.0,1,False,True,3
PRP-2438,LOC-2381,TOWNHOUSE,1942,6467,5,3.0,27789.0,4,False,True,2
PRP-2439,LOC-3761,Single Family Home,1944,3570,2,3.5,35614.0,0,True,True,1
PRP-2440,LOC-3135,sfr,1980,5414,2,3.5,38807.0,2,True,False,2
PRP-2441,LOC-0905,single family,2015,1382,2,2.0,37155.0,2,False,True,1
PRP-2442,LOC-0281,single family,2010,2196,2,2.0,42810.0,2,False,True,3
PRP-2443,LOC-0275,Lot,1980,5994,6,4.5,160920.0,1,True,True,3
PRP-2444,LOC-0839,Single Family Home,2020,5512,5,5.5,33669.0,3,False,True,3
PRP-2445,LOC-3701,TH,2009,1066,3,2.0,34127.0,0,True,False,3
PRP-2446,LOC-1675,MULTI-FAMILY,2016,3034,6,1.0,32525.0,3,True,True,1
PRP-2447,LOC-1334,Single-Family,1941,6956,7,4.0,18378.0,1,False,True,3
PRP-2448,LOC-3739,Condo,1992,5660,7,5.5,,4,True,True,1
PRP-2449,LOC-4912,Single Family Home,2010,2276,4,4.0,7901.0,3,False,True,3
PRP-2450,LOC-0551,Single Family Home,1968,6846,5,4.5,36358.0,1,False,False,2
PRP-2451,LOC-3335,SFR,2004,925,4,5.0,13385.0,2,False,False,1
PRP-2452,LOC-0600,single family,2005,1723,1,2.0,31624.0,1,True,False,1
PRP-2453,LOC-3303,TOWNHOUSE,2016,7687,6,1.0,41762.0,1,False,True,1
PRP-2454,LOC-1227,TOWNHOUSE,1990,2065,7,3.0,39188.0,2,False,False,2
PRP-2455,LOC-0077,Condo,1961,7154,4,5.0,,2,False,False,3
PRP-2456,LOC-4198,Single-Family,1980,3740,1,2.0,26742.0,1,False,True,1
PRP-2457,LOC-3966,SINGLE-FAMILY,1932,5947,7,5.0,31899.0,2,False,True,2
PRP-2458,LOC-1915,Condo,1947,6374,2,3.5,,4,False,True,3
PRP-2459,LOC-2179,condominium,1940,2152,4,5.0,,0,True,True,1
PRP-2460,LOC-0057,multi family,1995,6192,7,4.0,6361.0,0,False,True,2
PRP-2461,LOC-4592,Condominium,2009,5793,3,2.5,,1,False,False,3
PRP-2462,LOC-2516,Condominium,1940,2270,7,2.0,,3,False,False,2
PRP-2463,LOC-1121,Single-Family,1982,2547,2,2.5,24301.0,4,True,True,2
PRP-2464,LOC-3976,Single Family Home,1971,993,6,4.0,11292.0,3,True,False,3
PRP-2465,LOC-2584,Town House,1969,4674,4,1.0,43997.0,2,True,True,1
PRP-2466,LOC-1258,TOWNHOUSE,1998,3691,4,1.0,49460.0,3,False,False,2
PRP-2467,LOC-4924,sfr,1995,3305,7,4.0,2419.0,0,True,False,3
PRP-2468,LOC-2775,SINGLE-FAMILY,1995,987,1,4.0,43067.0,2,True,True,3
PRP-2469,LOC-1406,single family,1949,5988,7,2.0,30178.0,3,True,True,2
PRP-2470,LOC-3436,LAND,1921,2116,2,2.0,382474.0,1,False,False,2
PRP-2471,LOC-4233,multi family,1946,2720,7,1.0,26611.0,3,True,False,3
PRP-2472,LOC-1751,Single Family Home,2016,7344,6,1.0,11452.0,0,False,True,1
PRP-2473,LOC-3688,TOWNHOUSE,1959,2904,1,1.0,29041.0,0,True,False,2
PRP-2474,LOC-4059,condo,2009,2750,6,1.0,,2,True,False,3
PRP-2475,LOC-4030,LAND,1973,7735,1,4.5,179056.0,2,True,False,3
PRP-2476,LOC-0984,SINGLE-FAMILY,1992,1896,1,3.0,38367.0,3,True,True,2
PRP-2477,LOC-2997,Townhouse,1957,7425,3,2.5,28251.0,2,True,True,3
PRP-2478,LOC-1131,MULTI-FAMILY,1939,812,1,2.0,48427.0,3,True,False,2
PRP-2479,LOC-2477,Multifamily,1949,1684,4,4.0,10809.0,2,True,False,3
PRP-2480,LOC-0348,Land,1988,7356,3,5.0,360114.0,4,False,False,3
PRP-2481,LOC-1246,condominium,2004,3529,1,3.0,,0,True,True,3
PRP-2482,LOC-0739,Single Family Home,1941,6548,3,4.5,20039.0,1,False,False,2
PRP-2483,LOC-4414,CONDO,1969,2587,3,4.5,,4,True,True,1
PRP-2484,LOC-4158,Multi-Family,1972,2480,1,5.0,5426.0,1,False,True,2
PRP-2485,LOC-1508,Town House,1979,5596,4,1.5,20460.0,0,False,True,1
PRP-2486,LOC-4775,condo,1962,6175,1,2.0,,1,True,True,3
PRP-2487,LOC-3303,SFR,2009,1377,2,4.0,29164.0,1,True,False,3
PRP-2488,LOC-0029,MULTI-FAMILY,2010,3778,7,1.0,42200.0,1,False,False,2
PRP-2489,LOC-0737,Single-Family,1965,6258,1,2.0,3888.0,0,False,False,1
PRP-2490,LOC-1240,Multi Family,1979,3426,7,3.0,49213.0,3,True,False,1
PRP-2491,LOC-4392,Multi Family,1980,7915,3,2.0,36173.0,3,True,False,3
PRP-2492,LOC-2067,Multi-Family,1999,7004,7,5.5,3659.0,2,False,False,1
PRP-2493,LOC-2403,Single-Family,2013,6458,6,5.0,26183.0,3,True,True,1
PRP-2494,LOC-0637,condominium,1958,1279,1,2.0,,2,False,False,1
PRP-2495,LOC-3012,SINGLE-FAMILY,1954,671,2,5.5,22815.0,4,True,False,2
PRP-2496,LOC-0312,townhouse,1927,7417,4,3.5,34048.0,2,False,True,3
PRP-2497,LOC-0267,CONDO,2010,7462,2,2.0,,4,True,True,2
PRP-2498,LOC-2017,SINGLE-FAMILY,1992,3766,2,5.5,46930.0,2,False,True,1
PRP-2499,LOC-1668,SFR,1983,6895,1,1.0,2472.0,2,False,True,1
PRP-2500,LOC-3165,Townhouse,1924,5475,4,5.5,35592.0,0,False,False,3
PRP-2501,LOC-1133,Single-Family,2008,3364,3,3.5,27279.0,1,False,False,2
PRP-2502,LOC-2311,Single Family Home,1963,7342,6,5.5,6125.0,3,False,False,3
PRP-2503,LOC-4512,Townhouse,1923,5147,3,1.5,41474.0,4,True,True,2
PRP-2504,LOC-1098,single family,2013,7129,2,4.0,28595.0,2,True,True,1
PRP-2505,LOC-1957,single family,1949,606,5,4.5,4193.0,0,False,False,2
PRP-2506,LOC-4536,Condominium,2003,3831,6,5.5,,4,False,True,2
PRP-2507,LOC-0544,Multi-Family,1920,863,5,1.0,42815.0,3,False,False,2
PRP-2508,LOC-0946,SFR,1963,6706,5,3.5,25021.0,3,True,True,2
PRP-2509,LOC-0629,SFR,2004,6896,5,1.5,30775.0,0,True,True,3
PRP-2510,LOC-4375,CONDO,1949,7090,4,1.0,,1,True,False,1
PRP-2511,LOC-3296,CONDO,1991,4419,3,1.0,,2,False,True,3
PRP-2512,LOC-0656,single family,1928,3478,5,2.5,18500.0,2,False,False,2
PRP-2513,LOC-3535,Single-Family,1957,5723,4,3.5,5226.0,1,False,True,2
PRP-2514,LOC-0819,sfr,1955,3710,5,4.0,26232.0,4,False,False,3
PRP-2515,LOC-2030,single family,1924,3177,4,2.5,42935.0,0,False,True,3
PRP-2516,LOC-3012,Single-Family,1965,1148,4,4.5,9747.0,1,False,False,1
PRP-2517,LOC-0854,Single Family Home,1963,6900,3,2.0,6324.0,1,True,True,2
PRP-2518,LOC-4058,townhouse,1925,3839,1,5.5,40509.0,3,False,False,2
PRP-2519,LOC-4658,Single-Family,1988,592,7,2.5,43295.0,3,False,False,1
PRP-2520,LOC-3870,SFR,1965,1222,2,2.5,2626.0,3,False,False,2
PRP-2521,LOC-2078,sfr,1939,4409,1,5.5,27912.0,1,True,False,1
PRP-2522,LOC-1265,CONDO,1928,956,4,1.0,224.0,4,True,False,2
PRP-2523,LOC-2260,single family,1927,4832,1,3.0,23723.0,1,False,False,3
PRP-2524,LOC-1272,SFR,1966,2487,4,3.0,13999.0,2,False,True,1
PRP-2525,LOC-2252,condominium,1930,1901,6,1.0,,0,True,False,1
PRP-2526,LOC-4130,Condominium,1956,4563,7,2.5,1305.0,2,False,True,1
PRP-2527,LOC-0469,Townhouse,1954,7821,6,4.0,30435.0,0,True,True,3
PRP-2528,LOC-1187,sfr,1929,4078,1,1.5,32806.0,2,True,False,3
PRP-2529,LOC-0509,TOWNHOUSE,1927,6585,3,3.0,4732.0,2,True,True,3
PRP-2530,LOC-3420,sfr,1958,1725,2,2.0,48705.0,4,False,True,1
PRP-2531,LOC-1817,SFR,1984,5596,3,3.5,4240.0,4,False,False,2
PRP-2532,LOC-1537,SFR,1939,5494,5,3.5,14012.0,2,False,False,2
PRP-2533,LOC-0518,condo,1968,1691,6,4.0,,2,False,False,1
PRP-2534,LOC-3315,Townhouse,1937,2748,3,3.0,49583.0,3,True,False,2
PRP-2535,LOC-4098,SFR,1963,7717,3,3.5,37484.0,4,False,True,3
PRP-2536,LOC-2194,Multifamily,1980,5038,7,1.0,16400.0,3,True,False,3
PRP-2537,LOC-4979,CONDO,2017,6835,7,5.0,,0,True,True,1
PRP-2538,LOC-1527,Multifamily,1933,7119,2,2.0,7372.0,3,True,False,2
PRP-2539,LOC-1696,Single-Family,2006,6623,7,5.5,31857.0,0,True,True,3
PRP-2540,LOC-0772,condominium,1938,5610,7,2.5,,3,True,True,3
PRP-2541,LOC-4477,Condo,1990,852,4,3.0,,4,False,True,1
PRP-2542,LOC-4556,SINGLE-FAMILY,1926,2789,1,3.0,18118.0,0,False,False,2
PRP-2543,LOC-2033,SINGLE-FAMILY,1968,5771,1,3.5,15687.0,1,False,True,1
PRP-2544,LOC-2864,multi family,1954,3553,3,4.0,39552.0,4,True,False,2
PRP-2545,LOC-2463,condominium,1986,7813,7,2.0,,4,False,False,1
PRP-2546,LOC-3349,condo,1943,1631,3,4.5,,4,True,False,2
PRP-2547,LOC-1060,SINGLE-FAMILY,1925,1453,3,2.0,15763.0,4,False,False,2
PRP-2548,LOC-0093,single family,1928,3185,7,1.0,33908.0,1,True,True,3
PRP-2549,LOC-1068,Single Family Home,1938,3392,5,5.0,12542.0,3,False,False,3
PRP-2550,LOC-2740,SINGLE-FAMILY,1984,2233,1,4.5,35687.0,3,False,False,1
PRP-2551,LOC-3312,SFR,1976,2307,5,4.0,33416.0,3,True,True,2
PRP-2552,LOC-1160,multi family,1991,4023,5,4.0,33164.0,0,False,False,2
PRP-2553,LOC-3311,Multifamily,2014,7978,5,5.5,18440.0,2,True,True,1
PRP-2554,LOC-1614,SFR,2001,4357,5,2.0,13426.0,4,True,False,1
PRP-2555,LOC-3081,multi family,1938,2907,1,4.0,11944.0,4,True,True,2
PRP-2556,LOC-3606,Single-Family,2001,2621,5,4.5,34113.0,2,True,False,1
PRP-2557,LOC-4308,condo,1987,3505,5,1.0,,0,False,True,1
PRP-2558,LOC-4316,SINGLE-FAMILY,2017,3594,3,3.0,49486.0,0,False,False,2
PRP-2559,LOC-0544,LAND,2000,7239,6,2.5,319956.0,1,True,False,1
PRP-2560,LOC-4458,Multi-Family,1993,7781,1,2.5,5328.0,3,False,False,2
PRP-2561,LOC-1630,single family,1951,4253,5,4.5,5676.0,1,True,False,3
PRP-2562,LOC-1029,TOWNHOUSE,1985,2105,1,2.5,48297.0,2,False,False,2
PRP-2563,LOC-4128,land,2007,5554,4,1.0,158084.0,4,False,True,1
PRP-2564,LOC-2594,sfr,1920,4893,6,1.5,30755.0,3,True,False,3
PRP-2565,LOC-0105,Land,2006,4777,7,5.0,276092.0,3,False,False,1
PRP-2566,LOC-1339,townhouse,1992,1090,5,1.5,20055.0,3,False,True,1
PRP-2567,LOC-3188,Single Family Home,2014,6955,7,5.0,49678.0,1,False,False,2
PRP-2568,LOC-0811,Single-Family,1941,898,6,4.5,37946.0,3,False,False,3
PRP-2569,LOC-4528,Single Family Home,1985,3065,7,3.5,35578.0,1,False,True,2
PRP-2570,LOC-2333,TOWNHOUSE,2002,681,3,5.5,8603.0,0,False,False,2
PRP-2571,LOC-1939,townhouse,1934,2340,2,5.0,46168.0,3,False,True,3
PRP-2572,LOC-4025,single family,1927,4105,2,3.0,44059.0,4,True,True,3
PRP-2573,LOC-2681,CONDO,1966,1107,2,1.0,,1,False,True,3
PRP-2574,LOC-0166,SFR,1966,5430,7,2.0,43950.0,3,True,True,3
PRP-2575,LOC-0443,condo,1983,3804,2,1.0,421.0,4,False,False,1
PRP-2576,LOC-4969,TOWNHOUSE,1955,6845,3,2.0,49670.0,3,True,True,3
PRP-2577,LOC-1360,MULTI-FAMILY,1944,5397,5,1.5,47529.0,1,True,False,1
PRP-2578,LOC-1516,Townhouse,2006,4818,6,5.5,41360.0,2,False,True,3
PRP-2579,LOC-0773,Single-Family,1964,2791,1,2.0,49638.0,1,True,True,2
PRP-2580,LOC-4005,Single Family Home,1989,7306,4,1.5,32588.0,0,False,True,1
PRP-2581,LOC-1196,SFR,2017,3456,3,2.0,45354.0,1,True,False,3
PRP-2582,LOC-2247,Condo,1940,7983,4,2.0,,3,False,False,3
PRP-2583,LOC-1236,Single Family Home,1928,7210,1,4.5,29795.0,2,True,False,1
PRP-2584,LOC-1535,Multi-Family,1930,5957,2,1.5,20599.0,0,False,True,1
PRP-2585,LOC-2635,Multi-Family,1963,782,6,4.0,20554.0,4,False,True,1
PRP-2586,LOC-2078,CONDO,1965,6597,1,2.0,,0,False,True,3
PRP-2587,LOC-1247,Single Family Home,1947,3124,2,4.5,2160.0,4,False,True,1
PRP-2588,LOC-3614,condo,1976,6567,6,2.5,,0,False,False,1
PRP-2589,LOC-0492,multi family,1935,3300,6,1.5,34522.0,1,True,True,3
PRP-2590,LOC-2164,SFR,1991,3464,7,3.5,10828.0,4,False,True,1
PRP-2591,LOC-0837,Multifamily,1971,4270,1,2.5,2860.0,0,False,True,2
PRP-2592,LOC-1070,Townhouse,1969,1248,6,2.0,6292.0,0,True,True,2
PRP-2593,LOC-3194,Condo,1980,6194,7,2.0,,2,False,False,2
PRP-2594,LOC-1908,condo,2012,2728,5,2.5,,4,False,False,3
PRP-2595,LOC-4439,SFR,1963,4018,3,5.5,3934.0,3,True,False,1
PRP-2596,LOC-4713,Condo,2008,3019,3,4.0,,3,True,True,1
PRP-2597,LOC-1907,SFR,1933,6783,4,5.5,27322.0,4,True,False,3
PRP-2598,LOC-1307,Condominium,1969,415,5,5.5,,1,True,True,1
PRP-2599,LOC-2062,Condominium,1922,1690,1,3.0,,0,True,True,1
PRP-2600,LOC-4275,condo,1998,4821,1,1.0,,3,False,True,3
PRP-2601,LOC-1331,CONDO,1963,6864,4,1.5,,4,False,False,2
PRP-2602,LOC-3177,multi family,1992,5434,1,2.5,8759.0,3,False,True,3
PRP-2603,LOC-0306,TH,1978,3428,6,5.0,18409.0,1,True,True,1
PRP-2604,LOC-2263,condominium,1970,3305,6,4.5,,4,False,False,3
PRP-2605,LOC-2702,condominium,2011,7083,5,4.5,,2,False,True,3
PRP-2606,LOC-3730,Condo,2003,5482,6,3.5,,1,True,True,3
PRP-2607,LOC-4882,single family,1926,3799,7,5.0,36392.0,4,False,False,2
PRP-2608,LOC-0261,sfr,1933,6561,2,5.0,13549.0,4,False,False,2
PRP-2609,LOC-2067,Condo,2013,1741,7,5.5,,0,True,False,1
PRP-2610,LOC-3643,condominium,1944,1282,2,4.5,,3,False,True,1
PRP-2611,LOC-1025,Lot,1953,5688,7,2.0,265398.0,2,False,True,3
PRP-2612,LOC-0531,Condominium,1975,4254,3,3.5,,1,False,True,2
PRP-2613,LOC-3639,sfr,1963,3244,6,3.5,23792.0,3,False,True,1
PRP-2614,LOC-2627,Single-Family,2007,697,7,3.5,29484.0,2,True,True,1
PRP-2615,LOC-4879,Town House,1946,567,4,3.0,15055.0,4,False,True,3
PRP-2616,LOC-1759,Single-Family,1949,4294,6,3.5,41714.0,2,False,True,2
PRP-2617,LOC-2023,SINGLE-FAMILY,2008,2854,3,5.0,10486.0,1,False,True,1
PRP-2618,LOC-4302,Townhouse,1929,700,4,2.5,33902.0,0,False,False,3
PRP-2619,LOC-2815,townhouse,2018,4852,2,5.5,46907.0,2,False,False,3
PRP-2620,LOC-4577,Single Family Home,1956,6095,6,1.5,10758.0,0,False,False,1
PRP-2621,LOC-2062,Multifamily,1998,7591,5,4.5,2427.0,0,False,True,1
PRP-2622,LOC-2677,Condominium,1933,2195,2,2.5,,4,True,True,3
PRP-2623,LOC-2240,single family,1923,1948,7,2.5,21968.0,2,False,True,3
PRP-2624,LOC-3652,TH,2006,2321,2,2.5,15765.0,4,False,True,3
PRP-2625,LOC-4502,CONDO,1940,6506,5,1.0,,4,False,False,3
PRP-2626,LOC-2650,Townhouse,1998,2719,5,5.0,2790.0,2,True,False,2
PRP-2627,LOC-3790,SFR,1945,3704,3,2.0,13988.0,0,True,False,1
PRP-2628,LOC-0491,Single Family Home,1957,712,3,5.0,33382.0,1,False,True,2
PRP-2629,LOC-1155,Multifamily,1999,7754,5,1.5,41569.0,2,True,False,2
PRP-2630,LOC-4689,sfr,1950,5795,4,4.5,41480.0,4,True,False,2
PRP-2631,LOC-3717,Townhouse,1975,2396,7,1.0,15055.0,0,True,True,3
PRP-2632,LOC-2718,MULTI-FAMILY,1978,5272,5,4.5,3398.0,4,False,True,1
PRP-2633,LOC-1869,Single-Family,1974,6393,2,4.5,6562.0,1,False,False,2
PRP-2634,LOC-1052,CONDO,1937,988,5,1.0,,0,True,True,3
PRP-2635,LOC-3551,Condominium,1923,5448,6,1.5,,3,True,False,1
PRP-2636,LOC-0727,condominium,1972,3036,4,2.0,,4,True,False,2
PRP-2637,LOC-0607,condo,2000,6347,4,5.5,1353.0,0,True,True,3
PRP-2638,LOC-2343,Multi-Family,1992,3379,2,3.0,34564.0,1,False,True,3
PRP-2639,LOC-1904,Condo,1954,4259,6,5.5,,2,False,False,1
PRP-2640,LOC-1381,Multifamily,1969,5858,1,4.5,45741.0,3,True,False,1
PRP-2641,LOC-4701,TH,1995,3475,2,3.5,49671.0,4,True,False,3
PRP-2642,LOC-1140,townhouse,1977,4339,1,3.5,14190.0,1,False,True,3
PRP-2643,LOC-0915,Single Family Home,1979,2034,7,5.0,29667.0,0,False,True,1
PRP-2644,LOC-0850,TH,2020,7234,2,3.5,36440.0,3,False,True,1
PRP-2645,LOC-1540,townhouse,1960,2841,6,3.5,2815.0,3,False,True,2
PRP-2646,LOC-2770,Single-Family,1980,6550,1,2.5,44704.0,4,False,True,2
PRP-2647,LOC-4787,LAND,1992,589,1,3.5,244982.0,3,False,False,1
PRP-2648,LOC-0691,SFR,1934,1804,2,4.5,48586.0,0,False,False,2
PRP-2649,LOC-1471,Single-Family,2003,3724,3,2.5,2635.0,0,True,False,3
PRP-2650,LOC-0414,Town House,1958,5738,2,2.5,12254.0,1,True,False,1
PRP-2651,LOC-1283,SFR,1986,4208,7,1.0,19144.0,2,False,False,1
PRP-2652,LOC-2755,land,1922,3705,4,2.0,160033.0,4,False,True,1
PRP-2653,LOC-3627,Townhouse,1961,4724,3,5.0,46545.0,1,True,True,1
PRP-2654,LOC-1800,SFR,1932,2667,6,4.0,22080.0,0,False,True,3
PRP-2655,LOC-2798,multi family,1986,620,5,4.5,30553.0,1,True,False,1
PRP-2656,LOC-4268,Condominium,2014,7689,5,4.0,,4,False,False,3
PRP-2657,LOC-4672,condominium,1952,1972,3,5.0,,4,True,False,2
PRP-2658,LOC-2886,SINGLE-FAMILY,1927,5516,1,1.5,31319.0,0,False,False,2
PRP-2659,LOC-4220,SFR,1935,665,2,1.5,29406.0,2,False,True,2
PRP-2660,LOC-4589,sfr,1920,514,6,5.5,29348.0,0,False,True,1
PRP-2661,LOC-4880,Single-Family,1978,7473,5,1.5,48008.0,0,True,False,2
PRP-2662,LOC-4577,SINGLE-FAMILY,1989,3121,3,3.0,4472.0,4,False,False,1
PRP-2663,LOC-0222,Single Family Home,1959,1731,1,5.5,15432.0,0,False,True,3
PRP-2664,LOC-2335,condominium,1973,1485,5,4.0,,1,True,False,1
PRP-2665,LOC-3001,Multi Family,2017,2206,2,2.0,8534.0,3,False,False,1
PRP-2666,LOC-2872,Lot,1936,3846,7,5.0,79780.0,1,False,True,2
PRP-2667,LOC-4971,TOWNHOUSE,1996,2915,2,2.0,44247.0,2,True,False,2
PRP-2668,LOC-2822,SINGLE-FAMILY,2008,2277,3,1.0,30546.0,2,True,True,3
PRP-2669,LOC-2035,TOWNHOUSE,1936,5642,7,3.0,18468.0,4,False,True,3
PRP-2670,LOC-1012,townhouse,2018,7722,7,2.0,14161.0,1,False,False,3
PRP-2671,LOC-4109,single family,1988,1678,6,2.0,36425.0,4,False,True,3
PRP-2672,LOC-2885,sfr,1937,6439,4,1.0,5794.0,0,False,True,1
PRP-2673,LOC-4779,TH,2004,2753,1,1.0,27286.0,3,False,False,2
PRP-2674,LOC-3968,single family,1980,2384,5,4.0,14562.0,1,False,False,1
PRP-2675,LOC-1387,SINGLE-FAMILY,1985,3141,6,4.5,12515.0,0,True,True,2
PRP-2676,LOC-4542,Condominium,1926,6473,3,2.0,,4,False,True,3
PRP-2677,LOC-3888,lot,1958,838,5,5.0,59505.0,2,True,True,3
PRP-2678,LOC-0198,SFR,1952,5627,2,4.5,2639.0,0,True,True,3
PRP-2679,LOC-2347,Single Family Home,1930,6733,2,5.0,26786.0,0,False,True,2
PRP-2680,LOC-0582,Condo,2005,2398,5,5.5,,1,False,False,3
PRP-2681,LOC-0618,single family,1974,3937,6,3.5,31521.0,4,False,False,1
PRP-2682,LOC-0683,condo,1989,990,5,1.0,,2,True,False,1
PRP-2683,LOC-3982,Single Family Home,1922,6573,3,3.0,35817.0,1,False,True,3
PRP-2684,LOC-2383,Multi-Family,1996,4362,7,3.0,33690.0,0,False,True,1
PRP-2685,LOC-3249,SFR,1938,2061,2,4.5,18281.0,1,True,False,2
PRP-2686,LOC-3162,sfr,1972,810,6,4.5,12918.0,4,False,True,3
PRP-2687,LOC-0830,TH,1986,6739,3,2.0,48090.0,3,False,False,1
PRP-2688,LOC-4031,Condominium,1956,2150,5,3.0,1100.0,1,False,False,1
PRP-2689,LOC-1168,TH,1969,869,5,2.5,18643.0,4,False,False,1
PRP-2690,LOC-0053,Multi Family,1952,2486,3,5.0,15781.0,0,True,False,2
PRP-2691,LOC-4880,SINGLE-FAMILY,1948,5405,4,1.0,6598.0,3,False,True,3
PRP-2692,LOC-4402,Single Family Home,1923,2996,6,4.0,28487.0,3,False,False,2
PRP-2693,LOC-3753,Condominium,1985,7215,1,1.0,,0,False,False,2
PRP-2694,LOC-1094,townhouse,1945,3901,3,4.5,10792.0,0,True,False,3
PRP-2695,LOC-3233,single family,1965,777,2,1.0,31228.0,3,False,False,2
PRP-2696,LOC-1869,Town House,2018,4677,1,2.5,21623.0,2,True,False,2
PRP-2697,LOC-4661,TOWNHOUSE,1969,6517,2,2.5,28000.0,3,False,False,3
PRP-2698,LOC-2896,MULTI-FAMILY,1999,1380,2,1.0,19101.0,3,False,False,2
PRP-2699,LOC-0250,Town House,1970,867,3,5.5,24847.0,4,False,False,1
PRP-2700,LOC-3057,TH,1974,5857,1,1.5,24737.0,2,False,True,2
PRP-2701,LOC-4497,Condo,1921,5562,2,4.0,,2,False,False,2
PRP-2702,LOC-4777,multi family,1963,7782,2,5.0,17512.0,0,False,False,3
PRP-2703,LOC-0887,sfr,1953,1684,6,4.0,15221.0,0,False,False,3
PRP-2704,LOC-4292,land,1960,6046,7,5.5,241314.0,0,True,True,1
PRP-2705,LOC-3153,Single-Family,1983,1006,7,5.5,3599.0,3,False,False,3
PRP-2706,LOC-3406,sfr,1935,2329,4,3.0,32422.0,0,True,False,3
PRP-2707,LOC-4156,TH,1958,5866,7,4.5,14508.0,0,True,True,1
PRP-2708,LOC-2167,Town House,1922,7344,2,1.5,13006.0,3,False,False,2
PRP-2709,LOC-3124,Condo,1957,5429,5,4.0,,2,False,True,3
PRP-2710,LOC-2471,single family,1976,2071,1,1.0,30767.0,3,True,True,1
PRP-2711,LOC-1932,Single Family Home,1993,4150,2,3.5,18156.0,3,True,True,2
PRP-2712,LOC-4660,Multi-Family,1988,1749,4,3.5,33448.0,4,True,True,2
PRP-2713,LOC-1344,Townhouse,1966,5431,5,2.5,23696.0,0,False,True,3
PRP-2714,LOC-0462,CONDO,1921,3190,3,4.0,,2,False,False,3
PRP-2715,LOC-4251,Condo,1922,7117,1,2.0,,4,False,True,1
PRP-2716,LOC-0606,Single-Family,1924,3610,2,5.0,29447.0,0,True,True,1
PRP-2717,LOC-4560,single family,1922,3210,7,2.0,31421.0,0,True,False,1
PRP-2718,LOC-2364,Condominium,1930,1978,7,5.0,1639.0,4,False,True,3
PRP-2719,LOC-3593,Single-Family,1956,7035,5,3.0,19226.0,3,False,True,3
PRP-2720,LOC-0517,SINGLE-FAMILY,2018,1762,2,2.0,45425.0,4,False,False,2
PRP-2721,LOC-4965,SINGLE-FAMILY,1949,7676,3,2.5,36659.0,1,True,False,1
PRP-2722,LOC-4547,Condo,1971,5382,3,1.5,,1,True,True,2
PRP-2723,LOC-3841,condominium,2012,6686,5,3.5,,4,False,False,3
PRP-2724,LOC-3138,sfr,1988,5287,6,5.5,25755.0,4,True,False,3
PRP-2725,LOC-3121,Condominium,1947,3975,3,2.0,,2,False,False,3
PRP-2726,LOC-1024,Lot,1926,6534,3,5.0,17482.0,2,True,True,3
PRP-2727,LOC-1014,single family,2014,5818,6,4.0,21949.0,0,False,True,1
PRP-2728,LOC-3904,single family,2018,3038,5,3.5,43673.0,4,False,True,3
PRP-2729,LOC-3667,CONDO,1951,1498,4,2.0,,4,False,False,2
PRP-2730,LOC-3260,Land,1938,3974,6,4.5,23886.0,2,True,True,3
PRP-2731,LOC-4414,condominium,2010,1774,7,4.0,192.0,0,False,False,2
PRP-2732,LOC-1481,TOWNHOUSE,1951,5708,5,5.5,17564.0,1,False,False,2
PRP-2733,LOC-0391,condo,1930,3674,6,3.5,,4,False,True,1
PRP-2734,LOC-1386,single family,1942,585,7,2.0,32420.0,0,False,True,1
PRP-2735,LOC-1051,Condo,2004,5465,5,2.5,1164.0,3,False,True,2
PRP-2736,LOC-3237,Multi-Family,1951,5365,6,3.5,37326.0,2,True,False,3
PRP-2737,LOC-2112,single family,1939,3540,7,4.0,11115.0,4,False,False,2
PRP-2738,LOC-1079,TH,2004,540,7,4.5,20168.0,3,False,True,1
PRP-2739,LOC-0222,condominium,1921,1089,2,2.0,,1,False,False,1
PRP-2740,LOC-0544,Condominium,1978,574,5,2.5,,1,False,False,1
PRP-2741,LOC-4490,SINGLE-FAMILY,1995,2182,2,5.0,7959.0,2,True,False,3
PRP-2742,LOC-2758,condominium,1940,4018,3,1.5,,1,False,False,3
PRP-2743,LOC-0621,condo,1948,3251,1,4.0,,1,False,True,2
PRP-2744,LOC-1965,Townhouse,1959,5146,1,2.5,8855.0,3,True,False,1
PRP-2745,LOC-2748,Condo,1991,3095,6,2.5,,1,False,True,3
PRP-2746,LOC-1429,Single-Family,1987,7146,5,1.0,9740.0,0,False,False,3
PRP-2747,LOC-2733,TH,1996,2218,6,4.0,21638.0,0,False,True,1
PRP-2748,LOC-3346,SINGLE-FAMILY,1991,5254,1,2.5,20613.0,0,False,True,2
PRP-2749,LOC-3867,Single-Family,1937,1585,1,4.5,22385.0,3,False,True,1
PRP-2750,LOC-3603,Single-Family,1983,3956,5,5.0,48982.0,1,False,False,3
PRP-2751,LOC-3984,Single Family Home,2010,3590,5,5.5,47197.0,0,False,True,3
PRP-2752,LOC-4182,single family,1998,1237,5,1.0,49662.0,1,True,False,3
PRP-2753,LOC-3046,condo,1951,6303,4,5.5,1213.0,2,False,True,2
PRP-2754,LOC-1408,SINGLE-FAMILY,1970,588,4,2.5,25489.0,3,True,False,2
PRP-2755,LOC-3066,Multifamily,1951,7782,7,5.0,2491.0,0,False,False,1
PRP-2756,LOC-0166,Single-Family,2013,7709,3,4.0,43468.0,2,True,True,1
PRP-2757,LOC-0381,SINGLE-FAMILY,1999,6286,5,3.5,2214.0,4,False,True,2
PRP-2758,LOC-3733,Single Family Home,1964,1574,4,1.5,29372.0,1,True,False,3
PRP-2759,LOC-0642,sfr,1967,7264,7,3.5,19222.0,3,False,True,3
PRP-2760,LOC-2666,condo,1989,2462,7,4.5,305.0,4,True,False,3
PRP-2761,LOC-0735,MULTI-FAMILY,1993,6577,3,4.0,23364.0,4,True,False,3
PRP-2762,LOC-0243,TOWNHOUSE,2021,2130,6,1.5,27947.0,1,False,False,3
PRP-2763,LOC-4046,condominium,1936,4360,5,5.5,,3,False,False,1
PRP-2764,LOC-4337,condo,1940,7578,5,1.0,,1,True,False,1
PRP-2765,LOC-0325,Land,1921,5830,2,3.5,83122.0,1,False,True,2
PRP-2766,LOC-4443,Single Family Home,1981,5101,6,5.0,4974.0,4,False,False,1
PRP-2767,LOC-3634,Single Family Home,2004,5781,1,5.5,40383.0,4,True,True,2
PRP-2768,LOC-3763,Single-Family,1987,2441,1,2.0,9937.0,4,False,True,2
PRP-2769,LOC-2200,Condominium,2016,3860,4,5.5,,1,False,True,1
PRP-2770,LOC-2553,Multifamily,1971,7974,7,3.0,21957.0,0,True,False,3
PRP-2771,LOC-0552,Town House,2007,2873,5,3.5,32038.0,0,False,True,2
PRP-2772,LOC-0583,CONDO,1966,5672,6,3.0,,1,False,True,2
PRP-2773,LOC-0607,Single-Family,1949,6031,6,5.0,16315.0,1,True,True,3
PRP-2774,LOC-0852,Single Family Home,1966,7018,1,3.0,40222.0,3,True,True,1
PRP-2775,LOC-4199,multi family,2007,3937,1,4.5,26951.0,2,True,False,2
PRP-2776,LOC-0273,Land,1926,5649,7,4.0,155965.0,2,False,False,2
PRP-2777,LOC-3951,sfr,2020,6972,2,5.0,13228.0,1,False,False,1
PRP-2778,LOC-3544,Multifamily,2023,4858,1,1.5,29704.0,2,False,False,1
PRP-2779,LOC-4924,condominium,1961,6519,2,2.0,,3,True,False,3
PRP-2780,LOC-4740,single family,2018,2088,4,3.5,40076.0,1,False,False,2
PRP-2781,LOC-0725,townhouse,1984,6784,2,5.0,36939.0,3,True,False,3
PRP-2782,LOC-4604,sfr,2019,3997,7,3.5,30336.0,4,False,True,2
PRP-2783,LOC-2702,Condominium,1980,3730,5,1.0,,4,False,False,3
PRP-2784,LOC-1538,Single-Family,1974,3052,6,3.0,29412.0,3,False,True,1
PRP-2785,LOC-2336,Single Family Home,2010,7089,1,4.0,11669.0,4,True,False,2
PRP-2786,LOC-2642,condo,2005,6855,4,2.0,,3,False,False,2
PRP-2787,LOC-1658,SINGLE-FAMILY,2011,2736,5,5.5,18357.0,1,False,True,3
PRP-2788,LOC-0929,Condominium,1966,646,1,3.0,1008.0,4,False,False,2
PRP-2789,LOC-2981,Condo,2009,5113,3,3.0,,4,False,True,2
PRP-2790,LOC-2531,SINGLE-FAMILY,1930,7715,7,4.5,31733.0,4,True,True,1
PRP-2791,LOC-2966,Multi Family,1937,7137,1,3.5,18187.0,4,False,True,1
PRP-2792,LOC-0484,Lot,1961,5208,6,4.5,104865.0,3,False,True,3
PRP-2793,LOC-3568,SFR,1931,7077,6,2.5,10480.0,3,False,True,2
PRP-2794,LOC-4997,LAND,1955,5091,5,2.5,340148.0,2,False,True,2
PRP-2795,LOC-2903,TH,1960,6914,1,5.0,2706.0,2,False,True,1
PRP-2796,LOC-3971,TOWNHOUSE,1950,7988,7,5.0,36681.0,0,False,False,3
PRP-2797,LOC-3204,SFR,1953,6432,4,2.5,17240.0,0,False,False,2
PRP-2798,LOC-1305,SINGLE-FAMILY,2015,7527,2,4.5,7581.0,4,False,True,2
PRP-2799,LOC-3734,Single-Family,1942,6396,5,4.0,37784.0,2,True,True,2
PRP-2800,LOC-0602,CONDO,1973,4815,7,5.0,,4,False,True,2
PRP-2801,LOC-1786,SINGLE-FAMILY,1934,1150,2,4.5,33807.0,3,False,False,3
PRP-2802,LOC-2170,multi family,1944,5952,4,5.0,41615.0,3,False,False,1
PRP-2803,LOC-0205,Single Family Home,2008,3261,5,1.5,19878.0,3,True,True,3
PRP-2804,LOC-3029,Single-Family,1947,7182,6,5.5,43829.0,0,False,False,2
PRP-2805,LOC-4549,SINGLE-FAMILY,1979,7751,6,3.0,38038.0,2,False,False,1
PRP-2806,LOC-4449,condo,1985,1874,5,3.0,,4,False,True,1
PRP-2807,LOC-0290,TH,1990,934,6,4.5,7709.0,1,False,True,3
PRP-2808,LOC-3933,single family,1978,2062,3,5.5,47762.0,2,False,True,1
PRP-2809,LOC-2311,SINGLE-FAMILY,1963,2296,3,5.0,38105.0,2,False,True,3
PRP-2810,LOC-4125,Condominium,2006,5590,7,5.0,,1,False,True,3
PRP-2811,LOC-3256,TH,2005,3737,7,4.5,48598.0,2,False,False,3
PRP-2812,LOC-2018,condo,1986,7675,2,3.5,,4,False,True,1
PRP-2813,LOC-4089,Single Family Home,1978,5959,6,5.5,32942.0,3,False,True,3
PRP-2814,LOC-0496,townhouse,1977,5143,7,5.0,22525.0,3,True,True,1
PRP-2815,LOC-1896,Single-Family,1969,5906,1,3.0,29705.0,1,False,True,1
PRP-2816,LOC-1071,Multi Family,1929,7066,3,4.0,6670.0,2,False,True,3
PRP-2817,LOC-3658,single family,1944,4795,6,4.0,46352.0,0,False,False,3
PRP-2818,LOC-1222,sfr,2002,5764,5,3.0,39625.0,3,True,True,1
PRP-2819,LOC-1742,condominium,1931,855,7,2.0,,2,False,True,3
PRP-2820,LOC-1280,TH,1959,507,5,4.0,6577.0,4,False,True,1
PRP-2821,LOC-4872,CONDO,1980,6489,2,3.5,,1,True,True,2
PRP-2822,LOC-0848,single family,1973,4354,2,5.0,5129.0,2,False,False,2
PRP-2823,LOC-0057,single family,2014,5995,3,3.5,20886.0,2,False,False,1
PRP-2824,LOC-0069,Single Family Home,1996,4549,1,3.5,19093.0,4,True,True,1
PRP-2825,LOC-1221,Condominium,1994,1890,6,5.5,,1,False,False,3
PRP-2826,LOC-3416,TOWNHOUSE,1929,1277,5,3.0,19836.0,3,False,True,2
PRP-2827,LOC-3146,Single-Family,1977,5798,4,4.0,49581.0,2,True,True,1
PRP-2828,LOC-4901,CONDO,2015,4202,7,4.0,1199.0,2,False,False,3
PRP-2829,LOC-4506,Single Family Home,1952,1116,2,3.0,5502.0,3,False,False,3
PRP-2830,LOC-1427,Single-Family,1943,6682,6,3.5,27003.0,2,False,True,3
PRP-2831,LOC-2384,sfr,2000,6826,5,5.0,6609.0,1,False,True,1
PRP-2832,LOC-0492,Multi Family,1995,5666,5,2.0,26893.0,3,True,True,3
PRP-2833,LOC-1188,Condo,1940,4165,6,5.5,,0,False,True,2
PRP-2834,LOC-4191,Single Family Home,1994,7180,3,5.0,6604.0,1,True,True,2
PRP-2835,LOC-2225,sfr,1936,6833,7,4.0,34919.0,3,False,True,2
PRP-2836,LOC-4883,SINGLE-FAMILY,2016,1175,2,3.5,24327.0,3,True,False,1
PRP-2837,LOC-4131,condominium,2021,4434,7,5.0,,2,True,False,2
PRP-2838,LOC-3220,sfr,2017,2343,5,1.0,12342.0,3,True,False,2
PRP-2839,LOC-3335,Single Family Home,2017,4186,6,4.5,7746.0,2,True,True,2
PRP-2840,LOC-0714,Multi-Family,1939,2493,6,5.5,39920.0,4,False,False,1
PRP-2841,LOC-3670,townhouse,1996,4649,1,2.0,41764.0,4,True,True,1
PRP-2842,LOC-3556,TOWNHOUSE,1982,1636,6,1.0,39013.0,1,False,False,2
PRP-2843,LOC-3178,Condo,1978,5509,4,3.5,,0,False,True,2
PRP-2844,LOC-1941,SINGLE-FAMILY,1998,1103,3,2.5,37685.0,3,True,True,2
PRP-2845,LOC-3079,Multi-Family,2017,4909,6,2.5,15935.0,0,True,False,2
PRP-2846,LOC-0679,Lot,2001,7923,1,3.5,44709.0,4,False,True,2
PRP-2847,LOC-4143,single family,1998,6472,7,2.0,21442.0,0,False,False,1
PRP-2848,LOC-3679,single family,2002,4079,3,3.5,26193.0,3,False,True,3
PRP-2849,LOC-4070,Multi-Family,1962,4791,1,5.5,10537.0,4,True,True,2
PRP-2850,LOC-1524,SINGLE-FAMILY,1941,2884,7,4.5,41556.0,3,True,True,3
PRP-2851,LOC-2578,sfr,1981,3475,4,3.5,42125.0,4,False,True,1
PRP-2852,LOC-3800,Condo,1923,5320,2,3.5,,4,False,True,2
PRP-2853,LOC-1670,SINGLE-FAMILY,2022,7005,1,4.5,5244.0,3,False,True,1
PRP-2854,LOC-4754,SFR,1955,1650,5,1.5,30050.0,2,False,False,2
PRP-2855,LOC-2281,single family,1954,5606,6,4.5,10750.0,3,True,True,3
PRP-2856,LOC-1089,TH,2004,4067,6,5.5,47121.0,0,True,False,3
PRP-2857,LOC-1475,SINGLE-FAMILY,1966,1775,2,4.5,42000.0,4,False,False,3
PRP-2858,LOC-0210,sfr,1935,3035,1,4.0,29359.0,0,False,False,2
PRP-2859,LOC-0239,Condominium,1950,3298,1,1.5,,2,True,False,3
PRP-2860,LOC-3276,SINGLE-FAMILY,2003,5950,1,1.0,29263.0,0,True,False,3
PRP-2861,LOC-0860,Lot,1944,4332,6,2.0,340304.0,3,True,True,3
PRP-2862,LOC-2013,townhouse,2012,4823,1,1.0,29856.0,4,False,True,2
PRP-2863,LOC-4092,condo,2004,3856,5,1.5,,4,False,True,1
PRP-2864,LOC-0903,Condominium,1975,2021,6,1.0,,2,True,False,3
PRP-2865,LOC-2676,SFR,1945,7160,4,2.0,8668.0,2,False,True,1
PRP-2866,LOC-0481,CONDO,1943,4566,4,1.5,,0,True,False,2
PRP-2867,LOC-3696,Multi Family,1987,516,6,1.5,37623.0,4,True,True,3
PRP-2868,LOC-1843,single family,1936,5228,5,3.0,11471.0,2,True,False,1
PRP-2869,LOC-0687,CONDO,1942,5390,2,2.5,,2,False,True,1
PRP-2870,LOC-0136,sfr,1947,5611,2,2.5,47375.0,3,True,True,1
PRP-2871,LOC-2092,Single Family Home,2003,7721,4,5.5,2961.0,3,True,False,2
PRP-2872,LOC-0992,multi family,1923,497,5,5.0,8679.0,3,False,True,3
PRP-2873,LOC-4323,TOWNHOUSE,1959,3834,7,4.0,33489.0,2,False,True,2
PRP-2874,LOC-3769,condo,1985,6373,2,3.5,,2,False,False,1
PRP-2875,LOC-1621,Townhouse,2014,4556,7,1.0,15055.0,3,True,True,2
PRP-2876,LOC-2563,sfr,1927,3072,1,4.0,3439.0,1,False,False,1
PRP-2877,LOC-2357,Multi-Family,1965,3636,2,4.5,38462.0,3,False,False,1
PRP-2878,LOC-1030,single family,2023,505,2,3.0,45392.0,3,True,True,2
PRP-2879,LOC-4988,townhouse,1936,7975,2,4.0,42433.0,3,False,False,1
PRP-2880,LOC-4813,SINGLE-FAMILY,2011,2877,6,1.0,3065.0,3,True,True,1
PRP-2881,LOC-2167,single family,1921,5057,2,5.5,43312.0,4,False,False,2
PRP-2882,LOC-2908,SINGLE-FAMILY,1997,5055,3,4.0,19997.0,4,True,False,1
PRP-2883,LOC-4595,Single-Family,1957,2220,2,5.5,11507.0,2,False,True,1
PRP-2884,LOC-0765,SFR,2018,6432,2,2.5,10375.0,1,False,True,1
PRP-2885,LOC-0012,CONDO,1944,6396,2,5.5,,0,False,True,3
PRP-2886,LOC-1497,SFR,1923,7533,5,4.5,44095.0,1,True,False,2
PRP-2887,LOC-2927,Single-Family,1970,7268,6,2.0,23337.0,4,False,True,3
PRP-2888,LOC-0960,Land,1954,3964,6,2.0,121816.0,1,False,False,2
PRP-2889,LOC-1868,Single Family Home,1965,7374,2,1.0,24975.0,4,False,True,2
PRP-2890,LOC-3129,Single-Family,2017,686,6,5.5,34122.0,1,False,False,1
PRP-2891,LOC-2120,condo,1990,5374,4,4.0,,4,True,True,3
PRP-2892,LOC-2970,single family,2019,7551,1,2.5,34698.0,3,False,False,1
PRP-2893,LOC-0833,townhouse,1950,972,7,3.0,3901.0,4,False,False,3
PRP-2894,LOC-1656,condo,2012,5415,3,2.5,,3,True,False,1
PRP-2895,LOC-4367,CONDO,2017,497,7,5.0,,4,True,False,3
PRP-2896,LOC-1218,Single-Family,1928,1899,6,5.0,23996.0,1,True,True,2
PRP-2897,LOC-3014,Condominium,1965,2586,5,3.5,,4,False,False,3
PRP-2898,LOC-4242,Multi-Family,1979,1942,7,2.0,9934.0,0,False,False,3
PRP-2899,LOC-4234,sfr,1955,4889,7,5.0,37881.0,1,False,False,3
PRP-2900,LOC-4713,single family,1989,6410,7,1.5,28989.0,0,False,True,1
PRP-2901,LOC-1171,Single Family Home,1954,2071,6,4.0,11589.0,2,False,True,2
PRP-2902,LOC-3692,Single Family Home,1936,1396,3,4.5,45044.0,1,True,False,1
PRP-2903,LOC-3731,land,1996,4179,3,5.0,160471.0,1,False,True,2
PRP-2904,LOC-1833,CONDO,1960,7971,3,4.0,,1,False,True,2
PRP-2905,LOC-4009,Town House,1959,2781,4,1.0,29671.0,0,False,True,3
PRP-2906,LOC-0448,Single-Family,1922,1657,6,5.0,31832.0,3,True,True,1
PRP-2907,LOC-1188,SFR,1965,4567,1,2.0,14736.0,4,False,True,1
PRP-2908,LOC-2464,TH,1989,7312,1,3.0,36412.0,4,True,False,3
PRP-2909,LOC-2272,Multi Family,2011,2547,1,1.5,13815.0,1,False,False,1
PRP-2910,LOC-0982,SINGLE-FAMILY,1980,1074,2,5.0,13875.0,1,False,False,1
PRP-2911,LOC-1176,condominium,1947,3773,4,4.5,,4,False,False,2
PRP-2912,LOC-2382,Single Family Home,2007,3774,6,3.5,40324.0,4,False,True,2
PRP-2913,LOC-0901,condominium,1930,3263,3,5.5,,4,False,False,3
PRP-2914,LOC-3635,sfr,1922,4649,1,5.0,49960.0,3,False,True,2
PRP-2915,LOC-3628,Condominium,2012,2543,4,2.0,,1,False,False,3
PRP-2916,LOC-1821,condo,1971,3815,1,3.5,1499.0,2,True,False,3
PRP-2917,LOC-4413,Single-Family,1939,6125,6,2.0,46064.0,0,False,False,3
PRP-2918,LOC-2283,LAND,1931,6216,5,4.0,100217.0,1,False,False,2
PRP-2919,LOC-0598,Condo,1956,6343,2,2.5,,0,True,True,1
PRP-2920,LOC-0961,TH,1952,1613,3,3.0,24403.0,1,True,True,3
PRP-2921,LOC-3132,Multi Family,2006,899,1,5.0,49639.0,4,False,True,1
PRP-2922,LOC-4852,Single-Family,1958,1983,3,1.5,25581.0,4,False,True,2
PRP-2923,LOC-1110,condo,1976,4636,2,3.5,,0,False,True,2
PRP-2924,LOC-1170,Condo,1949,2653,5,4.5,,3,False,True,2
PRP-2925,LOC-1419,Multi-Family,1943,2321,7,2.0,22478.0,1,True,True,2
PRP-2926,LOC-0654,Lot,2006,5210,6,2.0,404989.0,0,False,True,1
PRP-2927,LOC-0110,SFR,1999,2974,7,5.5,27783.0,0,True,True,2
PRP-2928,LOC-4408,MULTI-FAMILY,1956,1792,7,1.0,38898.0,0,False,False,1
PRP-2929,LOC-0960,condominium,1931,2620,2,1.5,,4,False,False,1
PRP-2930,LOC-3295,condominium,2008,7073,4,2.0,,0,True,False,1
PRP-2931,LOC-2770,SINGLE-FAMILY,2002,3665,3,4.0,43650.0,0,True,False,2
PRP-2932,LOC-4242,Condo,1964,6672,6,4.0,327.0,1,False,False,2
PRP-2933,LOC-3852,condominium,1929,5555,7,1.5,,0,False,False,1
PRP-2934,LOC-0964,SFR,1931,1965,1,2.5,17966.0,1,False,True,2
PRP-2935,LOC-1678,Town House,2022,3021,3,4.5,36636.0,4,False,True,2
PRP-2936,LOC-1959,TOWNHOUSE,1925,5373,6,1.5,3186.0,1,False,False,3
PRP-2937,LOC-1318,Condominium,1998,981,5,3.5,,3,False,False,1
PRP-2938,LOC-1719,Town House,2017,2714,7,1.0,41159.0,0,True,False,2
PRP-2939,LOC-3140,sfr,1994,5713,1,3.0,2807.0,1,False,True,1
PRP-2940,LOC-4002,single family,1955,4970,4,2.5,24783.0,0,False,False,1
PRP-2941,LOC-4318,SFR,1989,2832,3,1.5,17958.0,1,True,True,3
PRP-2942,LOC-1869,sfr,1978,3278,3,2.0,27715.0,1,False,True,2
PRP-2943,LOC-4620,TOWNHOUSE,1925,4322,5,5.5,35585.0,2,False,True,1
PRP-2944,LOC-2883,single family,1923,1281,1,3.5,41071.0,3,False,True,2
PRP-2945,LOC-0925,SFR,2004,4615,4,5.0,32639.0,3,False,True,2
PRP-2946,LOC-0875,multi family,1927,7419,2,5.0,11583.0,4,False,True,1
PRP-2947,LOC-0959,Condo,2007,2684,5,5.0,,3,False,False,1
PRP-2948,LOC-1581,condominium,1998,7281,5,3.0,,4,False,False,2
PRP-2949,LOC-0926,Multifamily,1921,491,6,4.0,43572.0,4,False,True,1
PRP-2950,LOC-1717,Multifamily,1990,6354,2,2.0,46791.0,1,False,True,2
PRP-2951,LOC-3810,SFR,2008,3069,6,4.5,10906.0,0,True,True,3
PRP-2952,LOC-1243,sfr,1925,929,5,5.0,31116.0,3,False,False,2
PRP-2953,LOC-3811,MULTI-FAMILY,1989,4465,4,4.5,49687.0,4,False,True,1
PRP-2954,LOC-4940,Multifamily,1983,5532,3,5.0,15821.0,1,True,True,2
PRP-2955,LOC-4163,townhouse,1992,1465,5,3.5,30006.0,4,False,False,2
PRP-2956,LOC-3813,SINGLE-FAMILY,2001,6638,7,2.5,28260.0,0,False,True,3
PRP-2957,LOC-1784,TOWNHOUSE,1987,7919,3,1.0,2157.0,0,True,True,2
PRP-2958,LOC-1676,SINGLE-FAMILY,1928,4830,1,1.5,25169.0,2,True,True,2
PRP-2959,LOC-4439,condo,1961,3438,6,2.5,,4,True,True,2
PRP-2960,LOC-2471,Single-Family,1947,2656,1,4.5,36122.0,3,False,True,1
PRP-2961,LOC-4676,townhouse,1985,1931,7,3.5,33312.0,0,False,False,3
PRP-2962,LOC-3335,condo,2017,5681,7,3.5,,4,False,False,1
PRP-2963,LOC-0175,sfr,1953,1905,3,5.5,40122.0,0,True,True,3
PRP-2964,LOC-4170,TH,2013,5106,5,1.5,48324.0,2,False,True,2
PRP-2965,LOC-2545,Town House,1949,7688,7,3.5,34526.0,2,False,False,3
PRP-2966,LOC-4774,Single-Family,1962,1691,2,5.0,28406.0,1,False,True,3
PRP-2967,LOC-1264,TH,1988,1714,1,1.0,30523.0,3,False,False,1
PRP-2968,LOC-2755,Single-Family,1996,724,6,4.5,16683.0,0,True,True,1
PRP-2969,LOC-2493,Town House,1956,7352,4,1.0,44351.0,0,True,True,1
PRP-2970,LOC-2657,single family,1984,6914,1,2.0,24238.0,4,False,False,2
PRP-2971,LOC-4001,multi family,1954,5266,7,2.5,41686.0,1,False,True,3
PRP-2972,LOC-3070,Single-Family,2021,1510,6,4.0,12318.0,4,False,True,2
PRP-2973,LOC-4683,townhouse,1966,7302,7,3.5,16268.0,4,True,False,3
PRP-2974,LOC-2026,TOWNHOUSE,1975,1724,1,4.5,6034.0,3,False,True,2
PRP-2975,LOC-2827,single family,2003,7760,7,1.0,8304.0,1,False,False,1
PRP-2976,LOC-2253,condominium,1989,6891,1,1.5,,3,False,True,2
PRP-2977,LOC-0412,Single-Family,1992,4845,7,3.0,20967.0,0,True,True,2
PRP-2978,LOC-3798,TH,1945,4143,5,2.0,23235.0,0,False,True,1
PRP-2979,LOC-2836,Single-Family,1958,2296,4,2.5,43267.0,0,True,True,1
PRP-2980,LOC-0786,CONDO,1973,6771,7,1.0,,2,False,False,3
PRP-2981,LOC-1875,sfr,1945,3810,1,5.5,49212.0,3,True,False,2
PRP-2982,LOC-0571,CONDO,2013,981,1,2.0,,2,False,False,2
PRP-2983,LOC-1367,Condo,1922,5019,7,2.5,,3,True,False,1
PRP-2984,LOC-4932,Condo,1985,1052,5,1.5,,3,False,False,1
PRP-2985,LOC-3280,Town House,1943,4218,6,1.0,2749.0,1,True,True,1
PRP-2986,LOC-2310,MULTI-FAMILY,2022,3128,5,1.5,32465.0,4,False,True,3
PRP-2987,LOC-0141,multi family,2009,7339,5,2.5,28789.0,2,True,False,1
PRP-2988,LOC-4039,Condo,1998,3836,4,1.0,,3,True,True,2
PRP-2989,LOC-2665,SINGLE-FAMILY,1995,2417,1,1.5,12460.0,4,False,True,1
PRP-2990,LOC-1278,condominium,2007,4790,4,1.0,,2,True,False,2
PRP-2991,LOC-0119,SINGLE-FAMILY,1951,3770,1,2.5,34011.0,2,True,False,3
PRP-2992,LOC-1138,CONDO,2000,2241,1,3.5,,3,True,True,3
PRP-2993,LOC-3114,SINGLE-FAMILY,1965,6248,1,5.5,8633.0,2,True,False,3
PRP-2994,LOC-4053,single family,1998,848,5,3.5,10593.0,2,False,False,1
PRP-2995,LOC-1558,SFR,2001,897,7,5.5,14453.0,1,True,True,1
PRP-2996,LOC-2632,TH,1947,1921,7,2.0,2874.0,4,True,False,1
PRP-2997,LOC-3662,condo,1960,2450,5,4.5,,1,False,True,2
PRP-2998,LOC-0975,Single-Family,1987,2118,5,2.0,9402.0,3,False,True,2
PRP-2999,LOC-0540,Townhouse,1951,5904,2,3.5,22911.0,0,False,False,1
PRP-3000,LOC-4082,condo,2017,6813,7,4.0,,3,True,False,1
PRP-3001,LOC-2944,SFR,1962,3495,2,1.5,25328.0,1,False,False,1
PRP-3002,LOC-2923,Land,2017,3671,5,1.5,311273.0,3,True,False,1
PRP-3003,LOC-0403,Condo,1975,2455,3,3.0,,2,True,False,3
PRP-3004,LOC-4111,townhouse,1986,5388,2,3.0,5674.0,3,False,False,1
PRP-3005,LOC-0110,Multi-Family,1976,7496,5,4.5,5767.0,2,False,True,1
PRP-3006,LOC-0942,SINGLE-FAMILY,1967,723,2,1.0,14427.0,2,False,False,2
PRP-3007,LOC-3011,Multi Family,1999,1920,1,4.0,14805.0,1,True,False,2
PRP-3008,LOC-2648,LAND,1959,7798,1,4.5,232784.0,3,False,True,2
PRP-3009,LOC-3820,TH,1982,2375,5,5.0,40330.0,2,True,False,1
PRP-3010,LOC-1189,sfr,1940,4497,1,4.5,21383.0,0,False,True,1
PRP-3011,LOC-0091,Lot,1933,6489,2,4.0,11379.0,2,True,True,1
PRP-3012,LOC-1096,single family,2001,6639,5,1.5,20884.0,0,True,True,2
PRP-3013,LOC-0123,condominium,1981,3087,2,5.0,,0,False,False,2
PRP-3014,LOC-2207,SINGLE-FAMILY,1996,608,2,3.5,9214.0,0,False,True,1
PRP-3015,LOC-0292,land,2022,5062,2,4.0,392645.0,2,False,True,3
PRP-3016,LOC-3382,TOWNHOUSE,1982,2050,1,1.5,25672.0,3,False,True,3
PRP-3017,LOC-0215,Town House,2020,4757,2,4.0,17353.0,0,False,True,3
PRP-3018,LOC-3587,Single-Family,2023,6872,6,2.5,36322.0,4,True,True,2
PRP-3019,LOC-4040,SFR,1965,462,6,3.5,21323.0,2,True,False,3
PRP-3020,LOC-4739,SINGLE-FAMILY,1929,2242,2,2.0,41913.0,4,True,True,3
PRP-3021,LOC-3837,Multi-Family,1980,5385,1,5.5,7536.0,0,True,True,2
PRP-3022,LOC-4250,Condo,1962,4140,5,3.5,,4,False,False,2
PRP-3023,LOC-2318,Single-Family,2013,6226,4,4.5,48820.0,2,True,True,2
PRP-3024,LOC-2752,Town House,1996,4084,3,2.5,33540.0,4,False,False,3
PRP-3025,LOC-0116,single family,2020,7980,5,1.5,35144.0,0,False,False,2
PRP-3026,LOC-3200,CONDO,1953,2995,4,2.5,,0,False,True,3
PRP-3027,LOC-1620,Town House,1933,7368,6,5.5,7492.0,0,True,False,3
PRP-3028,LOC-3538,Single Family Home,1952,2948,1,3.0,25319.0,2,True,True,1
PRP-3029,LOC-3460,condominium,1960,860,2,5.0,,0,False,False,2
PRP-3030,LOC-3683,SINGLE-FAMILY,1924,1476,4,2.5,14784.0,0,False,False,1
PRP-3031,LOC-1512,sfr,1938,5369,7,1.5,46509.0,1,False,False,1
PRP-3032,LOC-0692,SFR,1931,6779,2,3.5,47747.0,4,False,False,1
PRP-3033,LOC-0718,Single-Family,2009,4990,3,5.0,16145.0,1,False,False,2
PRP-3034,LOC-0961,condo,2013,2786,1,5.5,,4,True,False,3
PRP-3035,LOC-2185,single family,1986,3692,2,4.5,44778.0,0,False,False,1
PRP-3036,LOC-4854,sfr,1981,4934,7,3.5,10836.0,3,True,True,3
PRP-3037,LOC-1254,Single Family Home,1971,4905,3,1.5,40714.0,0,False,False,3
PRP-3038,LOC-2322,Condominium,1940,7218,5,2.0,,4,True,True,1
PRP-3039,LOC-0672,Condo,1933,3613,1,1.0,,0,True,False,1
PRP-3040,LOC-3846,SFR,1949,6227,4,5.0,44981.0,3,True,True,2
PRP-3041,LOC-0381,sfr,1983,6027,4,1.0,10415.0,1,False,False,1
PRP-3042,LOC-4743,Condominium,1960,5961,2,1.5,,4,True,True,2
PRP-3043,LOC-2099,condominium,1928,3640,6,4.5,,3,False,True,2
PRP-3044,LOC-2351,SFR,2020,7558,5,5.0,37453.0,2,True,True,2
PRP-3045,LOC-3310,SFR,1957,6406,5,5.0,35497.0,2,False,False,3
PRP-3046,LOC-2703,LAND,1942,2990,1,2.0,223562.0,3,False,False,2
PRP-3047,LOC-2589,multi family,1954,1289,3,3.5,13268.0,0,False,True,1
PRP-3048,LOC-3379,single family,1986,3511,5,1.5,38227.0,2,True,False,1
PRP-3049,LOC-4833,SINGLE-FAMILY,1982,5933,3,4.0,47100.0,3,True,True,2
PRP-3050,LOC-3558,Single Family Home,2009,4535,7,5.0,14031.0,1,True,True,2
PRP-3051,LOC-3888,SFR,1921,5448,2,5.0,36074.0,0,True,True,2
PRP-3052,LOC-2683,single family,1988,3630,2,4.5,13528.0,3,True,True,1
PRP-3053,LOC-4109,SFR,1979,485,6,5.0,19907.0,2,False,False,1
PRP-3054,LOC-3077,SFR,1936,4231,1,2.0,6494.0,3,True,False,3
PRP-3055,LOC-0780,sfr,1934,1907,1,1.0,29525.0,4,False,False,3
PRP-3056,LOC-4421,condo,1921,5426,6,4.5,,1,False,True,3
PRP-3057,LOC-2080,townhouse,2007,2365,3,5.0,43286.0,2,False,False,1
PRP-3058,LOC-3206,townhouse,1927,5855,6,5.0,22186.0,3,True,True,2
PRP-3059,LOC-2678,TH,1961,4678,7,1.5,22762.0,3,True,True,3
PRP-3060,LOC-2649,sfr,2017,820,7,3.0,32963.0,0,True,False,1
PRP-3061,LOC-3067,single family,1986,3024,5,3.0,27781.0,4,False,True,1
PRP-3062,LOC-4481,SFR,2020,4306,1,4.5,30360.0,2,False,False,3
PRP-3063,LOC-3807,CONDO,1938,580,5,3.0,,3,False,False,1
PRP-3064,LOC-0603,condominium,1958,7545,2,4.5,1525.0,0,True,False,2
PRP-3065,LOC-0821,Multi-Family,1980,4723,4,5.5,37510.0,1,False,True,3
PRP-3066,LOC-2217,lot,1966,3161,4,3.5,83040.0,1,True,False,2
PRP-3067,LOC-0413,Multi-Family,1987,6074,1,1.5,35902.0,1,False,False,2
PRP-3068,LOC-0922,CONDO,2023,1494,1,1.5,,2,False,False,2
PRP-3069,LOC-4385,single family,1952,5004,1,4.5,39311.0,1,False,False,3
PRP-3070,LOC-0425,Multi-Family,2008,4225,4,1.0,26604.0,2,False,True,2
PRP-3071,LOC-1863,Single-Family,1997,5310,6,2.5,26848.0,4,False,False,3
PRP-3072,LOC-2055,Single-Family,1975,7711,3,2.5,28737.0,1,False,False,3
PRP-3073,LOC-4826,Condo,1925,3224,3,3.5,,4,False,False,2
PRP-3074,LOC-2418,SFR,2022,4799,7,3.0,2739.0,3,False,True,3
PRP-3075,LOC-2023,land,1962,7041,6,1.0,234522.0,2,False,True,1
PRP-3076,LOC-3861,TH,2020,4169,6,3.0,5892.0,3,False,False,2
PRP-3077,LOC-4724,SINGLE-FAMILY,1949,6059,2,3.5,24269.0,1,True,False,3
PRP-3078,LOC-1451,Single Family Home,1921,4877,1,1.0,10220.0,4,False,False,2
PRP-3079,LOC-3063,single family,2008,964,6,4.5,45595.0,4,True,False,1
PRP-3080,LOC-1001,Condominium,1939,2564,2,2.5,,4,False,False,1
PRP-3081,LOC-3215,Condominium,1998,591,2,4.5,,3,False,False,2
PRP-3082,LOC-1547,SINGLE-FAMILY,1999,931,4,5.5,8797.0,2,False,True,1
PRP-3083,LOC-1784,Single Family Home,1999,3650,7,1.5,26661.0,4,True,True,1
PRP-3084,LOC-3940,condo,1959,3170,1,2.0,,4,True,False,1
PRP-3085,LOC-4960,Single Family Home,1985,5592,1,4.0,16868.0,0,False,True,3
PRP-3086,LOC-4961,SFR,2011,1808,1,4.0,2150.0,1,False,False,1
PRP-3087,LOC-1758,Single Family Home,1963,4886,5,3.0,39793.0,0,False,True,2
PRP-3088,LOC-2879,condo,1929,7742,5,2.0,,0,False,False,3
PRP-3089,LOC-4563,Town House,1934,4092,5,4.0,48298.0,0,False,True,1
PRP-3090,LOC-1313,SFR,1991,424,1,4.5,16572.0,0,True,False,3
PRP-3091,LOC-2050,Single-Family,1921,1568,3,4.0,34015.0,0,False,False,1
PRP-3092,LOC-2333,land,1928,4074,5,1.5,460098.0,0,False,False,3
PRP-3093,LOC-1902,condo,1953,3835,1,4.0,,0,True,True,1
PRP-3094,LOC-3061,SFR,1946,4191,2,2.5,39051.0,1,False,True,3
PRP-3095,LOC-0973,single family,1973,7110,1,4.0,33866.0,1,False,False,3
PRP-3096,LOC-2522,Multifamily,1991,936,6,4.5,23840.0,0,True,False,1
PRP-3097,LOC-2582,condo,1971,2198,3,2.0,,0,False,True,3
PRP-3098,LOC-3248,condo,1987,2865,7,4.5,,3,False,True,2
PRP-3099,LOC-3827,SFR,1926,3302,6,1.5,17068.0,1,True,False,3
PRP-3100,LOC-2375,condominium,1932,6401,1,5.0,,3,False,False,2
PRP-3101,LOC-1804,condo,1993,5445,7,2.5,,2,False,False,2
PRP-3102,LOC-0994,single family,1927,820,2,3.5,12711.0,2,False,True,1
PRP-3103,LOC-4374,Town House,2021,3819,5,1.5,17885.0,4,False,True,1
PRP-3104,LOC-1112,Single Family Home,1947,2029,6,3.0,39670.0,2,False,False,3
PRP-3105,LOC-0815,sfr,1979,6985,1,1.0,20270.0,3,False,False,3
PRP-3106,LOC-0056,Multi-Family,2020,7561,1,2.5,44584.0,0,False,False,1
PRP-3107,LOC-3279,Townhouse,1936,2266,5,4.5,45086.0,0,True,True,2
PRP-3108,LOC-0884,CONDO,1958,2403,7,5.0,,4,False,True,3
PRP-3109,LOC-2079,Multi-Family,1956,1789,1,4.0,11610.0,0,False,False,1
PRP-3110,LOC-0648,Single Family Home,1963,6790,4,3.0,45859.0,0,False,False,2
PRP-3111,LOC-1874,Town House,1952,3560,5,1.5,6848.0,1,True,False,1
PRP-3112,LOC-4792,TH,1949,2220,7,1.5,18986.0,4,False,True,1
PRP-3113,LOC-2272,sfr,2011,5394,7,4.0,17873.0,3,False,False,1
PRP-3114,LOC-0775,TOWNHOUSE,1973,1253,5,2.5,39470.0,2,False,False,3
PRP-3115,LOC-4458,MULTI-FAMILY,1980,7422,6,2.5,2358.0,1,True,True,1
PRP-3116,LOC-1353,SINGLE-FAMILY,2005,6551,1,1.0,47102.0,2,True,True,2
PRP-3117,LOC-0530,TOWNHOUSE,1982,5882,4,4.0,25974.0,1,False,False,3
PRP-3118,LOC-1665,single family,2001,1686,5,1.5,10636.0,3,True,False,2
PRP-3119,LOC-0256,Single-Family,1929,2533,5,2.5,2289.0,2,False,True,1
PRP-3120,LOC-4787,multi family,1941,2480,1,2.5,5092.0,1,False,True,2
PRP-3121,LOC-1642,SFR,1922,2862,3,4.0,29829.0,4,True,False,2
PRP-3122,LOC-2219,condominium,1922,834,6,3.0,,3,False,False,2
PRP-3123,LOC-3977,SFR,2004,945,3,4.5,8161.0,4,False,True,1
PRP-3124,LOC-4736,single family,2004,4706,5,2.5,20206.0,1,False,False,2
PRP-3125,LOC-4220,Single-Family,1938,4293,3,2.0,42498.0,4,True,True,3
PRP-3126,LOC-0429,condominium,1921,6005,3,3.0,,0,True,False,2
PRP-3127,LOC-3541,condominium,1952,4362,4,5.5,,4,False,False,2
PRP-3128,LOC-4771,sfr,1972,1652,7,1.5,28397.0,4,False,True,3
PRP-3129,LOC-1917,condominium,1957,4386,5,4.5,1189.0,4,True,False,1
PRP-3130,LOC-0696,MULTI-FAMILY,1960,1425,2,2.5,49497.0,1,False,True,2
PRP-3131,LOC-3746,Condominium,1960,5262,3,5.0,,4,True,True,1
PRP-3132,LOC-0521,SFR,1942,2912,3,4.5,25578.0,2,True,False,1
PRP-3133,LOC-0311,condominium,2010,6111,5,3.0,,0,False,True,3
PRP-3134,LOC-4280,SINGLE-FAMILY,2019,4448,7,1.0,30955.0,4,False,True,2
PRP-3135,LOC-0476,condo,1996,6931,2,2.0,,0,True,False,2
PRP-3136,LOC-1106,single family,1971,1591,2,2.5,48050.0,0,True,False,2
PRP-3137,LOC-1689,Single Family Home,1941,5504,6,5.0,36118.0,0,False,True,1
PRP-3138,LOC-0309,single family,2012,2946,5,2.5,44866.0,3,True,False,2
PRP-3139,LOC-2869,sfr,1981,4363,2,4.5,35489.0,1,True,True,3
PRP-3140,LOC-4568,multi family,1957,5816,6,5.5,21067.0,3,False,True,2
PRP-3141,LOC-0398,single family,1999,2086,6,5.5,49589.0,1,True,True,3
PRP-3142,LOC-2149,Single-Family,1921,4676,2,2.0,33838.0,1,True,False,3
PRP-3143,LOC-2133,sfr,1930,4314,7,3.0,17844.0,4,False,True,2
PRP-3144,LOC-3063,MULTI-FAMILY,1927,5738,4,3.5,7441.0,1,True,False,2
PRP-3145,LOC-2481,Multifamily,1934,4988,2,1.5,39691.0,2,True,False,2
PRP-3146,LOC-4999,townhouse,1923,4591,4,1.5,38164.0,4,True,False,1
PRP-3147,LOC-2939,condo,1948,7661,1,2.5,,2,True,False,3
PRP-3148,LOC-2659,CONDO,1972,2004,5,4.5,,0,True,False,3
PRP-3149,LOC-1422,Town House,1938,7362,2,1.0,41731.0,2,False,False,1
PRP-3150,LOC-0709,Condominium,1925,4199,7,1.0,,3,True,True,3
PRP-3151,LOC-1113,townhouse,1940,5570,7,1.0,16677.0,1,False,True,2
PRP-3152,LOC-2126,townhouse,1960,2028,6,4.5,49235.0,1,False,False,2
PRP-3153,LOC-1411,single family,1930,3596,4,3.0,8543.0,3,False,True,2
PRP-3154,LOC-3996,Single Family Home,1938,7934,2,2.0,16868.0,2,False,False,1
PRP-3155,LOC-3758,Condo,1994,5292,5,4.0,,1,False,True,1
PRP-3156,LOC-0572,Single-Family,2000,3293,6,1.0,32128.0,0,False,True,2
PRP-3157,LOC-4365,Town House,1966,2038,6,3.5,39684.0,0,True,True,3
PRP-3158,LOC-1872,Multi-Family,2003,6254,5,2.0,38596.0,2,False,False,1
PRP-3159,LOC-1396,condominium,2011,3115,1,1.5,,4,True,True,3
PRP-3160,LOC-2570,Town House,1977,7253,5,4.0,10005.0,3,False,True,3
PRP-3161,LOC-2179,Single Family Home,1997,6206,5,4.0,47092.0,1,False,False,1
PRP-3162,LOC-4170,TH,1921,5725,5,5.5,28976.0,0,False,False,2
PRP-3163,LOC-2551,condominium,1977,1978,7,1.0,,3,True,True,3
PRP-3164,LOC-4425,SFR,1931,2914,2,5.0,13686.0,4,False,True,2
PRP-3165,LOC-3968,single family,2002,3475,4,5.5,6298.0,4,False,False,1
PRP-3166,LOC-0182,condo,1991,1321,2,4.0,,3,False,True,1
PRP-3167,LOC-2914,lot,1926,3695,2,1.5,220182.0,0,False,False,1
PRP-3168,LOC-0794,sfr,1981,481,6,2.5,22453.0,3,True,False,1
PRP-3169,LOC-4258,Single Family Home,1968,4310,4,5.5,16192.0,2,True,False,2
PRP-3170,LOC-4454,Town House,1974,7151,2,1.0,45273.0,3,True,False,3
PRP-3171,LOC-2042,condo,1921,3380,6,5.5,,0,False,True,2
PRP-3172,LOC-1624,Condo,1935,3057,2,3.5,,4,False,True,3
PRP-3173,LOC-1329,LAND,1938,6564,1,5.5,293158.0,0,False,True,3
PRP-3174,LOC-2251,SINGLE-FAMILY,1921,7494,2,2.0,13850.0,4,True,True,3
PRP-3175,LOC-0656,condominium,1972,2030,5,2.5,,1,False,True,2
PRP-3176,LOC-0211,condo,1937,4576,4,3.0,,4,True,True,1
PRP-3177,LOC-4803,Single Family Home,1943,3865,7,1.0,15565.0,0,False,True,2
PRP-3178,LOC-1748,TH,2000,6573,1,4.0,18907.0,4,True,False,3
PRP-3179,LOC-1934,SINGLE-FAMILY,1934,5166,5,4.0,28445.0,4,True,False,3
PRP-3180,LOC-0238,Land,2020,5428,4,4.0,311473.0,2,False,True,2
PRP-3181,LOC-4394,Single Family Home,1963,2305,6,1.5,37883.0,4,False,False,2
PRP-3182,LOC-0365,single family,1992,3278,5,3.0,43756.0,2,False,True,1
PRP-3183,LOC-4718,condo,2016,2014,7,3.5,805.0,4,True,False,1
PRP-3184,LOC-2178,SINGLE-FAMILY,1983,5472,1,2.0,23229.0,0,False,False,3
PRP-3185,LOC-2990,Single Family Home,2002,3493,3,3.0,38169.0,3,False,False,3
PRP-3186,LOC-0903,Condominium,1938,6534,5,3.5,,3,True,True,1
PRP-3187,LOC-1855,condo,2022,3849,1,4.0,1975.0,3,True,False,2
PRP-3188,LOC-2236,Single Family Home,2000,6222,3,1.5,23909.0,0,True,True,1
PRP-3189,LOC-4980,condominium,1959,3824,1,3.0,,0,False,True,1
PRP-3190,LOC-0076,TH,1933,926,3,1.0,7554.0,0,False,True,2
PRP-3191,LOC-4447,SFR,1933,6357,3,2.0,45808.0,3,True,False,3
PRP-3192,LOC-3252,Condo,2009,5714,6,5.0,,1,True,False,1
PRP-3193,LOC-2927,condo,1960,3667,2,3.0,,3,True,True,2
PRP-3194,LOC-2076,condominium,1965,1514,6,3.5,1754.0,4,False,True,1
PRP-3195,LOC-0178,Single-Family,1922,1391,6,1.5,27130.0,1,False,False,3
PRP-3196,LOC-4785,Condominium,1942,4154,4,4.0,,0,False,False,2
PRP-3197,LOC-3628,Single Family Home,1999,3196,3,3.5,45481.0,2,False,True,3
PRP-3198,LOC-0755,condo,1931,7375,4,4.0,,3,False,False,1
PRP-3199,LOC-3259,single family,1941,5370,7,2.5,38621.0,4,True,False,3
PRP-3200,LOC-1075,Condominium,1981,3185,5,2.5,929.0,2,True,True,1
PRP-3201,LOC-0191,Town House,1980,4660,6,4.0,11350.0,0,False,False,2
PRP-3202,LOC-2132,condominium,1964,3152,3,1.0,,1,False,True,2
PRP-3203,LOC-1484,single family,2002,2188,4,3.0,28642.0,4,True,True,2
PRP-3204,LOC-2177,Condominium,1978,6045,2,1.0,,2,True,False,2
PRP-3205,LOC-3354,townhouse,1920,4297,3,1.0,10130.0,2,True,False,3
PRP-3206,LOC-0517,Single Family Home,1936,4564,7,4.5,45785.0,1,False,True,3
PRP-3207,LOC-4249,condo,1965,3362,4,4.0,,3,True,True,3
PRP-3208,LOC-4843,single family,1927,6603,7,5.5,39990.0,4,True,False,2
PRP-3209,LOC-0789,sfr,1974,3992,7,3.0,49852.0,4,False,False,2
PRP-3210,LOC-2755,condominium,1933,5029,5,4.0,,3,True,True,3
PRP-3211,LOC-2813,SFR,2012,2068,3,5.0,16946.0,0,True,True,2
PRP-3212,LOC-0201,Condominium,1951,673,7,4.5,,2,True,True,1
PRP-3213,LOC-0719,sfr,1966,4152,6,2.5,20401.0,1,False,False,3
PRP-3214,LOC-1646,Single-Family,1927,1558,5,1.5,18105.0,4,True,True,3
PRP-3215,LOC-2882,SINGLE-FAMILY,2018,7493,1,5.0,34211.0,1,False,False,1
PRP-3216,LOC-1323,multi family,1974,6340,4,1.0,3610.0,3,True,False,3
PRP-3217,LOC-2111,TOWNHOUSE,1936,1003,7,5.0,39342.0,0,False,True,2
PRP-3218,LOC-4598,Condominium,1938,4512,2,1.0,,2,False,False,2
PRP-3219,LOC-4410,townhouse,1956,1670,1,3.5,14414.0,4,True,True,1
PRP-3220,LOC-3208,SFR,2021,1238,3,4.5,9574.0,0,False,False,3
PRP-3221,LOC-2366,Single Family Home,1958,1640,2,5.5,2987.0,0,False,False,3
PRP-3222,LOC-4120,Single-Family,1945,7189,7,1.5,15593.0,2,True,False,2
PRP-3223,LOC-2271,SFR,1988,4176,4,3.5,37117.0,4,True,False,3
PRP-3224,LOC-1895,TOWNHOUSE,2010,1859,1,4.0,39180.0,2,False,False,2
PRP-3225,LOC-4889,Single-Family,1981,7889,6,2.0,9116.0,3,True,False,2
PRP-3226,LOC-1309,Single Family Home,2022,2885,6,1.5,33499.0,1,True,False,1
PRP-3227,LOC-1018,SINGLE-FAMILY,1989,7029,5,3.5,3460.0,1,False,True,3
PRP-3228,LOC-4775,Single-Family,2007,859,2,4.0,18078.0,0,True,True,3
PRP-3229,LOC-4562,Condominium,1951,6289,2,5.5,1148.0,2,True,True,3
PRP-3230,LOC-4368,sfr,1979,407,4,4.5,6301.0,1,False,False,1
PRP-3231,LOC-4128,SFR,2014,850,6,3.5,37735.0,1,True,True,2
PRP-3232,LOC-1700,Single Family Home,1998,5890,7,5.5,20629.0,3,True,True,1
PRP-3233,LOC-0079,Single Family Home,1959,5262,6,5.0,16497.0,1,True,False,2
PRP-3234,LOC-0743,single family,1947,6978,2,2.5,13045.0,0,True,True,3
PRP-3235,LOC-3820,TH,1942,6748,2,2.0,28035.0,1,True,False,1
PRP-3236,LOC-4020,SFR,1961,1972,4,1.5,20535.0,3,False,False,3
PRP-3237,LOC-4357,condo,2002,3327,3,2.5,1895.0,2,True,False,3
PRP-3238,LOC-1646,TH,1962,746,3,5.0,36440.0,3,False,False,2
PRP-3239,LOC-0872,Single Family Home,1980,4931,6,5.0,5829.0,3,True,True,3
PRP-3240,LOC-3241,TH,1966,3614,3,3.0,4599.0,0,True,True,1
PRP-3241,LOC-0277,sfr,1980,2881,7,1.5,21580.0,3,True,False,1
PRP-3242,LOC-0704,Single-Family,1944,3003,3,2.5,23687.0,3,True,True,3
PRP-3243,LOC-1224,SINGLE-FAMILY,2020,5556,4,5.5,39552.0,1,False,True,1
PRP-3244,LOC-4439,TH,1967,7554,1,4.5,31233.0,4,True,True,3
PRP-3245,LOC-3786,condominium,1975,5225,6,2.0,,4,False,True,1
PRP-3246,LOC-1221,land,1972,2543,4,5.0,230676.0,2,False,True,3
PRP-3247,LOC-4360,SFR,1972,5739,6,1.0,6371.0,0,True,True,1
PRP-3248,LOC-4087,Single-Family,1988,7640,7,5.5,2857.0,3,True,True,3
PRP-3249,LOC-3702,LAND,1922,577,6,4.5,230874.0,1,True,False,1
PRP-3250,LOC-3358,single family,2021,3639,2,4.5,21670.0,2,False,True,1
PRP-3251,LOC-3567,CONDO,1941,754,6,4.5,,0,False,True,3
PRP-3252,LOC-0111,condo,1929,6492,6,3.5,,3,False,False,3
PRP-3253,LOC-2962,Single Family Home,1981,941,5,5.5,10412.0,2,True,True,2
PRP-3254,LOC-2339,SFR,1942,7420,6,1.0,14606.0,4,False,False,3
PRP-3255,LOC-0872,single family,2018,7817,6,1.5,49872.0,0,True,False,2
PRP-3256,LOC-1088,single family,1973,4005,5,1.5,46670.0,0,True,False,1
PRP-3257,LOC-4932,Multifamily,1930,7902,6,3.5,28265.0,0,False,True,2
PRP-3258,LOC-2788,Condo,1946,883,2,2.5,,4,False,True,3
PRP-3259,LOC-4773,condo,1984,1583,1,4.0,,0,True,False,3
PRP-3260,LOC-1626,TOWNHOUSE,1969,6759,7,5.5,7891.0,3,False,False,1
PRP-3261,LOC-3197,TOWNHOUSE,1950,5371,2,5.0,5899.0,4,False,True,2
PRP-3262,LOC-0851,Condominium,1947,7045,7,2.0,,0,True,False,3
PRP-3263,LOC-1744,condo,1955,3084,1,5.0,,1,True,True,1
PRP-3264,LOC-4302,SINGLE-FAMILY,2015,7457,6,2.0,37247.0,1,False,True,2
PRP-3265,LOC-2035,Single Family Home,1946,758,6,3.5,20505.0,1,True,True,2
PRP-3266,LOC-2263,CONDO,1957,5758,7,3.0,,1,False,True,1
PRP-3267,LOC-2707,Single Family Home,2012,4614,6,1.5,3611.0,0,False,False,3
PRP-3268,LOC-3780,TH,1940,6035,6,1.5,28563.0,1,False,False,3
PRP-3269,LOC-4203,Single-Family,1967,6444,1,4.5,16221.0,0,True,True,2
PRP-3270,LOC-2826,CONDO,1956,3875,4,5.5,,0,False,False,2
PRP-3271,LOC-4004,SFR,1991,3408,3,4.0,14804.0,0,True,False,1
PRP-3272,LOC-3245,Townhouse,1944,2259,7,1.0,2345.0,2,True,False,1
PRP-3273,LOC-3089,sfr,2022,7983,5,5.5,12772.0,1,False,False,1
PRP-3274,LOC-3331,Condo,1956,3396,4,5.5,,1,False,False,3
PRP-3275,LOC-0241,Town House,2002,702,4,5.5,48286.0,2,False,False,2
PRP-3276,LOC-2563,Single-Family,2000,6797,2,2.5,47367.0,0,True,True,1
PRP-3277,LOC-1331,Single-Family,2023,7161,1,1.5,9624.0,2,False,True,2
PRP-3278,LOC-0686,SFR,1941,6017,5,2.0,11113.0,0,True,True,1
PRP-3279,LOC-4950,SINGLE-FAMILY,1989,7688,7,1.0,47924.0,4,True,True,2
PRP-3280,LOC-3242,SFR,1932,5324,7,2.5,24410.0,2,True,True,3
PRP-3281,LOC-4517,Town House,1970,5932,3,2.0,44111.0,0,False,True,1
PRP-3282,LOC-4917,CONDO,2005,2547,4,1.0,515.0,2,False,True,2
PRP-3283,LOC-4748,condominium,1976,2562,6,5.5,,3,False,True,2
PRP-3284,LOC-3425,Single Family Home,1961,3636,5,3.0,7401.0,4,False,True,3
PRP-3285,LOC-3421,Multi Family,1951,1432,5,3.5,5427.0,2,True,True,3
PRP-3286,LOC-0215,Lot,1955,4033,5,3.5,121687.0,2,True,False,2
PRP-3287,LOC-0518,Town House,1991,5680,5,5.0,46668.0,3,False,True,3
PRP-3288,LOC-4395,sfr,2003,2113,2,3.5,2573.0,2,True,True,1
PRP-3289,LOC-1169,Multi Family,1973,7819,5,1.5,27132.0,4,False,False,1
PRP-3290,LOC-2733,Multi-Family,2008,3183,4,4.0,2452.0,4,False,True,1
PRP-3291,LOC-3070,Multi-Family,1970,5120,4,3.0,28306.0,1,False,True,2
PRP-3292,LOC-3224,Single-Family,1931,1689,7,5.0,31087.0,4,False,False,3
PRP-3293,LOC-1067,SINGLE-FAMILY,2002,5017,7,1.5,3409.0,0,False,False,3
PRP-3294,LOC-3438,single family,1962,4763,5,5.5,17233.0,0,True,True,1
PRP-3295,LOC-1304,condominium,1960,2989,4,5.0,1138.0,4,True,True,1
PRP-3296,LOC-3720,sfr,1983,3489,3,2.0,5477.0,2,False,False,1
PRP-3297,LOC-0761,Single Family Home,1931,7722,2,4.5,35318.0,3,False,True,3
PRP-3298,LOC-4100,condo,1967,7400,4,2.5,,2,False,False,3
PRP-3299,LOC-2956,Multi Family,1941,4954,3,1.0,36227.0,1,False,False,1
PRP-3300,LOC-0054,lot,1968,1427,4,2.0,219214.0,2,False,False,3
PRP-3301,LOC-1203,sfr,1986,5470,5,4.0,32842.0,1,True,True,3
PRP-3302,LOC-0355,condominium,1953,4176,5,4.0,,1,False,False,3
PRP-3303,LOC-3605,condo,2008,3080,7,5.5,,1,True,True,3
PRP-3304,LOC-3893,Single-Family,1975,5520,3,4.5,6546.0,1,False,False,2
PRP-3305,LOC-3507,TH,2021,5038,2,3.5,33827.0,2,True,False,1
PRP-3306,LOC-0534,SFR,1954,5369,5,5.0,17033.0,1,True,False,1
PRP-3307,LOC-2974,SINGLE-FAMILY,2007,5122,7,2.5,8942.0,1,True,False,3
PRP-3308,LOC-1710,Condominium,1949,6675,7,3.5,,4,False,True,2
PRP-3309,LOC-0675,condominium,1985,1249,4,3.0,,3,False,False,3
PRP-3310,LOC-3704,Single Family Home,2003,3497,6,4.5,8632.0,2,False,False,3
PRP-3311,LOC-0886,Single Family Home,2021,6130,3,5.0,26665.0,1,False,True,2
PRP-3312,LOC-0349,Multi Family,1926,5851,6,5.5,25857.0,2,True,True,3
PRP-3313,LOC-1587,Townhouse,1921,479,6,4.0,4379.0,3,False,False,1
PRP-3314,LOC-0677,townhouse,1961,7280,3,5.0,28179.0,3,True,False,3
PRP-3315,LOC-2104,land,1990,2792,7,1.0,476894.0,3,False,True,3
PRP-3316,LOC-4274,Townhouse,1980,2036,4,1.0,30996.0,0,False,True,1
PRP-3317,LOC-1228,Townhouse,1969,2690,1,1.5,35184.0,0,False,True,2
PRP-3318,LOC-3272,Condo,1983,4281,5,4.5,559.0,0,True,False,2
PRP-3319,LOC-0308,Multi-Family,1921,3219,1,1.0,36935.0,0,True,True,2
PRP-3320,LOC-4943,MULTI-FAMILY,1921,1916,1,1.5,9970.0,3,False,False,1
PRP-3321,LOC-1338,TH,1951,728,5,1.0,22177.0,1,False,False,1
PRP-3322,LOC-2173,Town House,2019,3684,3,3.5,4342.0,0,False,False,1
PRP-3323,LOC-1866,condominium,1999,1558,2,1.0,,2,False,True,2
PRP-3324,LOC-4652,Town House,1947,5977,7,2.5,24521.0,1,True,False,1
PRP-3325,LOC-3849,Multifamily,1925,6800,7,2.5,47129.0,0,True,False,2
PRP-3326,LOC-0959,Single-Family,1956,5634,4,4.0,11970.0,2,False,False,3
PRP-3327,LOC-4691,CONDO,2008,4330,6,1.5,,1,False,True,2
PRP-3328,LOC-0525,Condominium,2018,4931,2,4.0,,2,True,False,2
PRP-3329,LOC-0099,Condo,1956,5601,3,3.5,28.0,0,True,False,1
PRP-3330,LOC-1396,Condominium,1987,3136,5,1.5,,3,True,True,1
PRP-3331,LOC-2698,TH,1977,4625,2,5.5,24225.0,0,True,False,1
PRP-3332,LOC-3032,Single-Family,1993,5812,5,5.5,48797.0,2,False,False,3
PRP-3333,LOC-0113,single family,1998,7541,3,2.5,31477.0,2,False,True,3
PRP-3334,LOC-2297,SINGLE-FAMILY,1955,7187,5,5.5,23236.0,0,False,True,3
PRP-3335,LOC-4247,CONDO,1937,4985,5,2.0,,0,True,False,3
PRP-3336,LOC-4984,TOWNHOUSE,2009,1948,1,5.0,17421.0,3,False,True,3
PRP-3337,LOC-4594,Townhouse,2000,4838,5,2.5,14675.0,4,True,True,2
PRP-3338,LOC-4894,Townhouse,1989,677,2,4.0,16731.0,3,True,True,2
PRP-3339,LOC-3666,SINGLE-FAMILY,1963,5471,6,4.5,2797.0,2,True,False,1
PRP-3340,LOC-0990,condo,1977,1676,2,3.0,,0,False,False,2
PRP-3341,LOC-3507,LAND,1983,7787,2,5.0,80606.0,4,False,True,2
PRP-3342,LOC-3816,SINGLE-FAMILY,1993,4105,4,5.0,4883.0,4,True,True,2
PRP-3343,LOC-1294,single family,1994,1292,3,4.0,40168.0,4,False,True,3
PRP-3344,LOC-1837,condo,1969,2571,3,5.0,,1,False,True,3
PRP-3345,LOC-0606,sfr,1933,4517,3,5.5,37705.0,2,True,False,2
PRP-3346,LOC-0244,Condominium,1966,2230,5,4.0,1077.0,0,False,False,2
PRP-3347,LOC-4319,SFR,2014,1858,3,4.5,6872.0,3,True,True,3
PRP-3348,LOC-1095,single family,2004,409,1,2.5,24344.0,3,True,True,2
PRP-3349,LOC-2506,condominium,2022,3616,2,2.0,,4,False,True,2
PRP-3350,LOC-4979,Multi-Family,1984,6279,6,1.0,11666.0,2,True,False,3
PRP-3351,LOC-3815,condominium,2014,979,3,4.0,,1,False,True,1
PRP-3352,LOC-1026,Condo,1934,2117,5,5.0,,3,False,True,2
PRP-3353,LOC-2240,SINGLE-FAMILY,2019,3512,4,5.0,35119.0,2,False,False,3
PRP-3354,LOC-1097,single family,1936,1112,4,2.5,14956.0,0,False,True,2
PRP-3355,LOC-3740,lot,1956,652,4,2.0,464129.0,1,True,False,2
PRP-3356,LOC-2373,condo,1937,4517,4,3.0,503.0,0,True,True,1
PRP-3357,LOC-4582,SINGLE-FAMILY,2000,7209,1,3.5,4690.0,1,True,False,1
PRP-3358,LOC-4982,Single Family Home,1942,7041,2,3.5,2810.0,3,False,True,2
PRP-3359,LOC-3003,condo,1952,3888,1,4.5,,0,False,True,3
PRP-3360,LOC-1170,sfr,1928,4555,4,1.0,5609.0,1,False,True,1
PRP-3361,LOC-1773,condominium,1995,6824,2,2.5,,4,False,False,3
PRP-3362,LOC-3445,CONDO,2003,1177,7,2.0,,0,False,False,2
PRP-3363,LOC-1041,Single Family Home,2017,6119,4,3.0,20915.0,0,False,True,2
PRP-3364,LOC-1923,condo,1951,5689,3,5.5,,0,False,False,1
PRP-3365,LOC-2203,sfr,1936,3921,6,1.0,24752.0,1,True,True,3
PRP-3366,LOC-4202,single family,1996,3295,7,4.5,19735.0,2,False,False,3
PRP-3367,LOC-3698,Condominium,1960,6264,3,3.5,,0,False,False,1
PRP-3368,LOC-2613,SFR,2005,2667,5,2.0,43537.0,0,False,False,3
PRP-3369,LOC-2174,Townhouse,1977,1049,3,3.0,39428.0,2,True,False,2
PRP-3370,LOC-2461,Multi Family,2003,2165,3,2.0,24345.0,1,False,True,3
PRP-3371,LOC-3932,single family,2002,3850,1,2.0,39330.0,2,False,True,2
PRP-3372,LOC-1620,Condominium,1946,6066,7,5.0,,2,False,True,1
PRP-3373,LOC-4908,condominium,1977,4121,4,1.5,,3,False,True,1
PRP-3374,LOC-2988,TOWNHOUSE,2009,3878,7,3.5,17972.0,4,True,False,2
PRP-3375,LOC-4264,Condo,1971,5788,4,2.0,,4,False,True,3
PRP-3376,LOC-2825,sfr,1933,6880,3,3.5,9911.0,0,False,True,2
PRP-3377,LOC-0054,Single Family Home,1953,2333,1,5.0,37445.0,4,True,True,1
PRP-3378,LOC-0116,townhouse,1925,7349,4,3.0,30217.0,0,True,True,2
PRP-3379,LOC-0216,Single Family Home,2013,2328,6,1.5,6268.0,4,True,False,2
PRP-3380,LOC-1838,condominium,1986,5698,2,5.5,,0,False,False,1
PRP-3381,LOC-3263,SFR,1955,4423,4,4.0,40180.0,4,True,False,1
PRP-3382,LOC-2622,TH,1941,1270,1,1.5,21635.0,4,False,True,2
PRP-3383,LOC-0572,Condo,1944,2641,2,1.5,1797.0,4,False,False,1
PRP-3384,LOC-0860,multi family,1981,996,6,1.0,28917.0,1,True,False,3
PRP-3385,LOC-3619,Multifamily,1940,4408,1,4.5,33277.0,0,False,False,2
PRP-3386,LOC-4619,Single-Family,1963,7012,4,2.0,23000.0,1,True,False,2
PRP-3387,LOC-4889,Condominium,2016,1540,5,1.0,,1,False,True,2
PRP-3388,LOC-4605,Condominium,1945,1274,4,5.0,,3,True,True,1
PRP-3389,LOC-4074,Single-Family,1923,6575,6,1.0,13082.0,1,False,False,3
PRP-3390,LOC-0354,sfr,1966,4301,4,1.5,43248.0,1,False,True,1
PRP-3391,LOC-2659,Condominium,1959,7081,3,3.0,1848.0,3,False,True,1
PRP-3392,LOC-2432,Single Family Home,1988,7098,6,1.0,34125.0,3,False,True,2
PRP-3393,LOC-2177,condominium,1977,1938,5,4.5,,4,True,False,2
PRP-3394,LOC-2121,lot,1965,5661,1,3.0,162984.0,0,False,True,3
PRP-3395,LOC-4640,single family,1934,2554,6,5.0,44121.0,2,False,False,2
PRP-3396,LOC-2949,sfr,2020,3089,5,5.5,8740.0,4,False,False,2
PRP-3397,LOC-3759,sfr,2009,4840,2,4.5,16220.0,1,True,False,1
PRP-3398,LOC-2181,SINGLE-FAMILY,1935,2040,5,3.0,12998.0,4,True,True,2
PRP-3399,LOC-0108,Condo,1987,493,4,1.0,,3,False,True,2
PRP-3400,LOC-0430,single family,1923,4983,2,2.5,43464.0,4,False,False,1
PRP-3401,LOC-2597,SFR,1983,1654,5,5.5,13679.0,0,False,False,3
PRP-3402,LOC-0618,Condo,2022,4836,2,3.5,,2,False,False,1
PRP-3403,LOC-4988,TOWNHOUSE,1976,3093,2,4.0,16867.0,4,False,True,1
PRP-3404,LOC-3350,SINGLE-FAMILY,1988,7562,3,2.5,42224.0,1,False,True,1
PRP-3405,LOC-3900,Single-Family,1990,5203,3,4.5,9074.0,1,True,True,3
PRP-3406,LOC-0668,sfr,1961,3415,4,3.0,18481.0,4,False,False,3
PRP-3407,LOC-4475,Condominium,1978,7329,3,5.0,,2,False,True,3
PRP-3408,LOC-0149,Condo,2015,4874,7,2.5,,1,True,False,3
PRP-3409,LOC-0818,condo,2012,452,5,2.5,,3,False,True,3
PRP-3410,LOC-0128,CONDO,1995,4270,2,1.5,1759.0,4,False,True,2
PRP-3411,LOC-3515,Condo,1942,3729,1,1.5,,4,False,False,2
PRP-3412,LOC-3339,Townhouse,1980,1244,3,5.0,41630.0,0,False,False,2
PRP-3413,LOC-3330,Single Family Home,1973,5751,2,1.0,12852.0,4,False,True,1
PRP-3414,LOC-4630,sfr,2017,4030,6,2.5,38895.0,3,False,False,1
PRP-3415,LOC-1302,condominium,1989,958,2,4.5,137.0,1,False,True,3
PRP-3416,LOC-2777,sfr,1925,6977,4,4.5,15985.0,4,False,True,3
PRP-3417,LOC-0780,Multi Family,1995,4445,6,2.5,3446.0,1,True,True,2
PRP-3418,LOC-4484,SINGLE-FAMILY,1947,4746,2,3.0,8486.0,1,True,False,2
PRP-3419,LOC-4820,Single Family Home,1922,5964,7,1.5,44293.0,0,True,False,1
PRP-3420,LOC-4228,townhouse,1993,4231,2,2.0,5254.0,2,False,True,3
PRP-3421,LOC-2323,Single-Family,2004,3355,7,1.5,32392.0,4,False,False,1
PRP-3422,LOC-3360,Single Family Home,1955,4794,4,4.5,18031.0,1,False,False,1
PRP-3423,LOC-1500,townhouse,2002,2438,3,5.5,36125.0,0,False,True,1
PRP-3424,LOC-3794,Lot,1953,3417,1,3.5,41673.0,3,False,True,1
PRP-3425,LOC-2314,condo,1976,6004,4,4.0,,4,False,False,3
PRP-3426,LOC-1969,SFR,1965,6943,6,1.0,16243.0,0,True,False,3
PRP-3427,LOC-1101,Townhouse,1977,6158,7,1.5,23020.0,3,True,True,3
PRP-3428,LOC-4106,Townhouse,1963,2418,1,4.5,25706.0,3,False,True,3
PRP-3429,LOC-1420,Condominium,1995,7775,2,2.0,,4,True,False,3
PRP-3430,LOC-2090,Condominium,1947,7777,4,2.5,,1,False,False,1
PRP-3431,LOC-4973,Single Family Home,1948,2205,1,4.0,9710.0,3,False,True,2
PRP-3432,LOC-0390,SINGLE-FAMILY,2002,7301,4,5.0,49689.0,0,False,False,3
PRP-3433,LOC-2188,Single Family Home,2003,5762,5,5.5,15146.0,0,True,False,2
PRP-3434,LOC-2243,sfr,1936,1748,3,2.0,31523.0,0,False,False,1
PRP-3435,LOC-2809,Condo,1971,6641,4,1.5,,2,False,False,2
PRP-3436,LOC-2265,Townhouse,1988,2559,7,2.5,29057.0,4,False,False,1
PRP-3437,LOC-4101,LAND,1985,7744,5,1.0,467836.0,3,True,True,1
PRP-3438,LOC-3232,SINGLE-FAMILY,1925,4953,2,5.0,9271.0,1,True,True,1
PRP-3439,LOC-1407,Single-Family,1942,7368,7,1.5,2075.0,0,True,True,3
PRP-3440,LOC-1219,Single Family Home,1987,603,6,5.5,11150.0,4,False,False,1
PRP-3441,LOC-3430,TH,1951,6386,5,4.5,13409.0,1,False,True,1
PRP-3442,LOC-1670,Condo,1941,7787,7,1.0,,4,True,True,1
PRP-3443,LOC-2217,Single-Family,1932,734,4,2.0,10550.0,3,True,False,1
PRP-3444,LOC-4195,SFR,1984,6954,7,5.5,46853.0,1,True,False,3
PRP-3445,LOC-0128,Single-Family,2014,5611,7,2.0,40791.0,1,False,False,3
PRP-3446,LOC-0384,TH,2006,577,7,3.0,22663.0,4,False,True,3
PRP-3447,LOC-3746,MULTI-FAMILY,1990,6312,7,5.5,10678.0,1,False,False,1
PRP-3448,LOC-4013,Multi Family,1957,2151,5,5.0,14402.0,2,False,False,2
PRP-3449,LOC-0296,sfr,1988,1927,4,5.0,19475.0,2,False,False,1
PRP-3450,LOC-1857,Single-Family,1935,3769,7,3.5,42811.0,1,True,True,3
PRP-3451,LOC-2592,multi family,2018,4080,5,1.0,27584.0,2,True,False,1
PRP-3452,LOC-1780,SINGLE-FAMILY,1937,6478,3,3.0,9739.0,1,False,False,1
PRP-3453,LOC-4523,SFR,1928,1892,2,1.0,45343.0,4,False,True,3
PRP-3454,LOC-0124,Town House,1952,5439,3,3.5,11490.0,2,False,False,1
PRP-3455,LOC-1653,Condo,1986,3301,2,4.0,,4,False,True,3
PRP-3456,LOC-4492,Condominium,2018,6332,1,2.5,,3,False,True,3
PRP-3457,LOC-1403,TH,1937,3170,3,1.0,3585.0,0,False,False,2
PRP-3458,LOC-1288,condominium,1981,6914,4,5.5,,0,True,False,1
PRP-3459,LOC-1905,TOWNHOUSE,1986,1961,6,1.0,46562.0,1,True,True,1
PRP-3460,LOC-4581,condo,1926,5213,1,1.5,,0,False,True,3
PRP-3461,LOC-4341,Multi-Family,1981,6731,1,2.5,37642.0,4,True,False,1
PRP-3462,LOC-3486,Multi-Family,1966,4213,5,5.5,12522.0,2,True,True,2
PRP-3463,LOC-3004,SFR,1967,7488,2,5.5,25270.0,1,False,False,1
PRP-3464,LOC-1434,condominium,2010,1131,3,3.0,,0,True,True,1
PRP-3465,LOC-3950,townhouse,1962,4246,1,3.5,36740.0,2,True,False,1
PRP-3466,LOC-2557,single family,1982,2786,4,4.0,5806.0,1,False,False,3
PRP-3467,LOC-0120,single family,1933,7744,1,5.5,3504.0,2,False,True,1
PRP-3468,LOC-0212,Lot,2014,5649,1,5.5,236430.0,3,False,True,2
PRP-3469,LOC-1765,Townhouse,1964,1715,3,1.5,42370.0,0,False,True,2
PRP-3470,LOC-2323,single family,1929,2078,2,3.5,34758.0,2,True,True,1
PRP-3471,LOC-4212,Multi Family,1934,1849,6,5.0,43873.0,2,True,False,2
PRP-3472,LOC-2670,townhouse,1948,5046,6,5.5,2610.0,3,False,True,3
PRP-3473,LOC-3957,SFR,1969,7150,4,2.0,38187.0,4,True,True,3
PRP-3474,LOC-3178,TOWNHOUSE,1934,1443,6,5.0,14267.0,1,False,True,2
PRP-3475,LOC-3795,SFR,2005,5835,1,5.5,7547.0,1,False,False,3
PRP-3476,LOC-0232,SINGLE-FAMILY,1962,3353,3,3.0,49530.0,2,True,False,1
PRP-3477,LOC-3201,Condo,2019,4936,2,4.5,,1,False,False,1
PRP-3478,LOC-3867,TH,1973,6778,7,3.0,21473.0,0,False,False,3
PRP-3479,LOC-1289,condominium,1986,4717,5,4.0,,3,False,False,1
PRP-3480,LOC-4266,sfr,2022,5468,6,5.0,41635.0,2,False,False,3
PRP-3481,LOC-2918,CONDO,1941,5073,6,4.0,,2,True,True,1
PRP-3482,LOC-0531,Town House,2013,2209,5,3.5,16109.0,1,True,True,2
PRP-3483,LOC-3963,Townhouse,1963,2879,6,5.0,23887.0,0,False,False,1
PRP-3484,LOC-3364,Townhouse,1936,5368,7,2.0,43300.0,0,False,False,3
PRP-3485,LOC-3502,Multi-Family,2003,2845,3,4.5,13858.0,2,True,True,2
PRP-3486,LOC-4671,MULTI-FAMILY,2007,6440,4,1.0,9689.0,2,False,True,1
PRP-3487,LOC-2440,SINGLE-FAMILY,2005,1338,7,1.0,33758.0,2,False,False,2
PRP-3488,LOC-4346,condominium,1966,3711,1,3.5,,2,True,True,1
PRP-3489,LOC-3287,Multifamily,2007,7929,1,2.5,2977.0,0,True,False,2
PRP-3490,LOC-2031,SFR,2000,4192,5,4.5,5977.0,3,True,True,1
PRP-3491,LOC-3736,SINGLE-FAMILY,1929,2930,6,2.0,47421.0,0,True,True,2
PRP-3492,LOC-1245,TOWNHOUSE,1991,7915,1,4.0,15748.0,3,False,True,2
PRP-3493,LOC-2779,CONDO,1961,3911,6,1.0,,4,False,True,2
PRP-3494,LOC-0483,SFR,1997,1877,4,3.5,45629.0,0,True,False,3
PRP-3495,LOC-2285,single family,2019,7698,6,4.0,18797.0,1,True,False,1
PRP-3496,LOC-2523,Single-Family,2006,7273,2,1.0,3941.0,2,False,True,3
PRP-3497,LOC-4202,townhouse,1988,2960,1,5.5,26821.0,4,False,True,1
PRP-3498,LOC-4059,SINGLE-FAMILY,1972,3725,2,5.0,28981.0,4,True,False,2
PRP-3499,LOC-3957,single family,2017,1320,7,5.5,6378.0,0,False,True,1
PRP-3500,LOC-3381,Condominium,2013,4844,5,3.0,,0,False,True,1
PRP-3501,LOC-1307,sfr,1999,7702,2,5.5,3412.0,0,True,False,1
PRP-3502,LOC-4793,SFR,2009,6136,2,5.0,18234.0,4,True,True,1
PRP-3503,LOC-1528,SFR,2007,5236,4,1.0,7618.0,2,True,True,3
PRP-3504,LOC-3402,MULTI-FAMILY,1982,459,6,2.0,22909.0,1,False,True,3
PRP-3505,LOC-4900,Single-Family,2012,1744,2,2.0,5441.0,2,True,False,1
PRP-3506,LOC-4426,CONDO,1973,2278,4,5.0,,4,True,False,3
PRP-3507,LOC-3249,Single-Family,2007,3613,7,4.0,26389.0,4,False,True,3
PRP-3508,LOC-3941,sfr,1960,5382,1,2.5,35306.0,2,False,False,2
PRP-3509,LOC-1893,multi family,1944,2578,2,5.0,10559.0,2,True,True,1
PRP-3510,LOC-0094,Condominium,1964,1138,3,2.0,,0,False,False,2
PRP-3511,LOC-0962,Town House,2002,5063,7,1.5,29868.0,0,True,True,3
PRP-3512,LOC-0737,SFR,1996,7936,7,4.0,44059.0,3,False,True,1
PRP-3513,LOC-1579,condominium,1979,3826,2,3.5,,3,False,False,2
PRP-3514,LOC-4921,lot,1921,435,3,3.5,192401.0,4,True,True,1
PRP-3515,LOC-1765,SFR,1927,2937,4,5.5,19473.0,3,True,True,1
PRP-3516,LOC-1189,Condominium,1979,6743,6,4.0,,4,False,True,1
PRP-3517,LOC-4981,condo,1926,3721,5,5.5,,3,False,False,2
PRP-3518,LOC-3457,SFR,2014,1820,1,2.5,4449.0,2,False,True,1
PRP-3519,LOC-2365,CONDO,1984,6286,2,2.5,1796.0,0,False,True,1
PRP-3520,LOC-2414,Single Family Home,1983,6954,1,3.0,38917.0,2,False,True,2
PRP-3521,LOC-3717,SFR,1932,6455,6,5.0,13899.0,4,False,True,2
PRP-3522,LOC-3490,Single Family Home,1940,5181,2,2.0,39027.0,2,False,False,2
PRP-3523,LOC-3850,Multi-Family,1974,4341,6,2.0,9583.0,4,False,False,3
PRP-3524,LOC-0709,single family,2002,774,3,3.0,16565.0,4,False,False,1
PRP-3525,LOC-0412,sfr,1981,7311,5,3.5,42692.0,0,True,False,2
PRP-3526,LOC-2676,single family,1934,2362,5,4.5,16250.0,0,False,True,3
PRP-3527,LOC-4207,single family,1950,1133,5,4.0,47375.0,4,False,False,3
PRP-3528,LOC-3217,SFR,1968,6062,4,5.5,17954.0,3,False,True,3
PRP-3529,LOC-0005,Condo,1981,745,5,1.5,,1,False,True,3
PRP-3530,LOC-1679,CONDO,1955,1415,3,1.5,,4,False,True,2
PRP-3531,LOC-2999,Condo,2019,4124,7,4.5,,0,False,False,3
PRP-3532,LOC-4015,sfr,1983,3899,5,1.0,21319.0,4,True,True,1
PRP-3533,LOC-4722,townhouse,1976,4987,7,5.0,25782.0,4,False,True,3
PRP-3534,LOC-0964,Multi-Family,1982,2447,5,2.0,6210.0,0,True,False,2
PRP-3535,LOC-3885,Single Family Home,1994,1273,7,3.0,46027.0,3,False,True,3
PRP-3536,LOC-2027,Condominium,2013,5281,3,5.0,,2,False,False,3
PRP-3537,LOC-2380,Multi Family,1962,5572,1,1.0,24908.0,1,True,False,1
PRP-3538,LOC-3429,Multi Family,2015,6301,6,2.5,7598.0,3,True,True,3
PRP-3539,LOC-1624,Multifamily,1970,6734,5,3.0,3602.0,2,True,True,3
PRP-3540,LOC-4575,Condo,2001,3948,5,4.5,1692.0,1,False,True,2
PRP-3541,LOC-4164,Single-Family,1998,589,2,5.0,24078.0,2,False,True,3
PRP-3542,LOC-1420,SFR,1933,3438,1,3.5,45561.0,4,False,True,2
PRP-3543,LOC-3787,condo,1938,7881,6,1.0,,3,True,False,2
PRP-3544,LOC-0623,SFR,1962,1454,1,3.0,18919.0,3,False,True,3
PRP-3545,LOC-4874,Condo,1992,6937,4,2.0,,4,False,False,3
PRP-3546,LOC-0987,CONDO,2011,7434,7,1.0,,4,False,True,2
PRP-3547,LOC-2064,SINGLE-FAMILY,1927,2270,7,4.0,31480.0,4,False,False,2
PRP-3548,LOC-1466,Land,1994,655,7,2.0,459969.0,2,False,True,1
PRP-3549,LOC-2213,single family,1935,3239,6,3.5,15899.0,3,False,True,2
PRP-3550,LOC-1991,condominium,1973,4427,4,4.5,,4,False,True,3
PRP-3551,LOC-3083,Single-Family,2009,5200,7,5.0,22199.0,1,True,False,2
PRP-3552,LOC-3517,Condo,1945,3241,7,3.0,,1,True,False,3
PRP-3553,LOC-1461,Single-Family,1994,1119,2,5.0,3851.0,0,True,True,3
PRP-3554,LOC-4105,single family,1927,6687,1,4.5,18948.0,0,True,False,3
PRP-3555,LOC-3729,Condo,1930,3243,4,3.5,,4,False,False,3
PRP-3556,LOC-3171,Condominium,1978,3447,1,1.0,,0,False,True,1
PRP-3557,LOC-4612,Multifamily,2022,6206,5,1.0,30101.0,3,False,True,3
PRP-3558,LOC-0655,SINGLE-FAMILY,2007,4356,5,5.5,43794.0,3,False,True,2
PRP-3559,LOC-0785,lot,1944,6485,5,1.5,191509.0,3,False,True,3
PRP-3560,LOC-4737,Condo,2020,592,2,2.5,,3,False,True,2
PRP-3561,LOC-3339,single family,1946,2790,3,3.5,6141.0,4,False,True,1
PRP-3562,LOC-3798,condominium,1961,4022,6,1.5,,2,False,True,1
PRP-3563,LOC-3355,SINGLE-FAMILY,1975,513,5,5.0,7912.0,0,False,True,3
PRP-3564,LOC-2181,SINGLE-FAMILY,1950,1312,3,4.5,8457.0,4,True,True,1
PRP-3565,LOC-1654,Townhouse,1945,3177,7,3.0,3909.0,2,False,False,3
PRP-3566,LOC-0138,Single Family Home,1999,721,3,3.5,15343.0,3,False,False,2
PRP-3567,LOC-4390,lot,1945,3835,5,5.0,220126.0,0,True,False,2
PRP-3568,LOC-1194,Single Family Home,2011,836,5,3.0,42816.0,3,True,False,1
PRP-3569,LOC-3414,CONDO,1990,6582,6,4.0,,1,False,True,3
PRP-3570,LOC-0972,single family,1977,4992,7,1.0,22113.0,4,True,True,1
PRP-3571,LOC-3148,SFR,1970,818,1,2.5,31096.0,0,True,True,3
PRP-3572,LOC-3597,Multi Family,2019,894,2,5.0,20361.0,0,True,False,3
PRP-3573,LOC-3533,condominium,1977,4443,2,1.5,507.0,1,False,True,1
PRP-3574,LOC-2895,Multi-Family,1993,6233,1,5.5,20963.0,3,True,True,1
PRP-3575,LOC-0185,single family,1989,482,7,4.5,16654.0,0,False,True,2
PRP-3576,LOC-3789,Condo,2017,572,7,3.5,,1,True,False,2
PRP-3577,LOC-4355,land,2011,3951,1,5.5,171847.0,2,False,False,1
PRP-3578,LOC-4462,TOWNHOUSE,2004,1957,3,5.0,25470.0,1,True,True,2
PRP-3579,LOC-2719,condo,1977,1568,5,1.0,1043.0,3,False,True,2
PRP-3580,LOC-2777,SINGLE-FAMILY,2022,1075,4,1.5,18383.0,0,False,False,3
PRP-3581,LOC-3203,Multi Family,1985,7497,3,2.0,24061.0,3,True,True,2
PRP-3582,LOC-4746,condo,1984,3266,7,4.5,,4,False,True,1
PRP-3583,LOC-4479,Town House,1942,1165,2,4.5,13273.0,4,True,True,2
PRP-3584,LOC-2738,SFR,2023,2299,1,4.0,42668.0,4,True,True,2
PRP-3585,LOC-3501,Condo,1924,6630,6,1.5,,1,True,True,1
PRP-3586,LOC-2523,Single-Family,2020,6595,2,3.5,37351.0,3,False,True,3
PRP-3587,LOC-1862,CONDO,2017,4618,7,3.0,,3,False,True,3
PRP-3588,LOC-3061,SFR,2004,778,5,1.5,16209.0,3,False,True,1
PRP-3589,LOC-0644,CONDO,1960,1887,7,1.5,,3,True,False,1
PRP-3590,LOC-2811,Multi-Family,1999,6595,3,4.0,2312.0,4,False,True,2
PRP-3591,LOC-3981,Single-Family,2015,5914,3,3.0,49772.0,3,True,False,3
PRP-3592,LOC-0649,townhouse,1949,2817,1,3.5,6083.0,3,False,True,3
PRP-3593,LOC-2578,sfr,2023,6686,6,3.5,31783.0,2,True,True,1
PRP-3594,LOC-2587,SINGLE-FAMILY,1966,5331,4,2.0,40181.0,0,True,False,1
PRP-3595,LOC-0717,Single-Family,1961,426,5,4.5,44117.0,2,True,True,1
PRP-3596,LOC-3692,condo,1940,2770,4,4.0,,2,True,True,2
PRP-3597,LOC-3722,SFR,1943,6266,5,5.5,22757.0,3,False,False,3
PRP-3598,LOC-2046,Town House,2007,5811,1,1.0,12129.0,0,False,False,1
PRP-3599,LOC-3249,Condominium,1968,6004,4,5.0,1109.0,0,False,True,3
PRP-3600,LOC-0436,Single-Family,1992,2603,1,4.0,10372.0,2,False,False,1
PRP-3601,LOC-1606,single family,1926,7173,2,1.0,8941.0,0,True,True,1
PRP-3602,LOC-3358,single family,1985,2423,5,5.0,38193.0,2,False,False,2
PRP-3603,LOC-1024,Single Family Home,1965,4353,2,3.0,35563.0,1,False,True,1
PRP-3604,LOC-3283,Single-Family,1924,5313,1,3.0,14623.0,2,False,True,2
PRP-3605,LOC-2086,TOWNHOUSE,1952,6863,6,3.0,47801.0,3,False,False,2
PRP-3606,LOC-3630,Single-Family,1921,6262,1,1.0,28886.0,4,False,True,2
PRP-3607,LOC-0735,Single-Family,1963,2278,2,4.0,43071.0,0,False,False,1
PRP-3608,LOC-3507,Single-Family,1953,5941,7,3.0,20154.0,3,False,True,1
PRP-3609,LOC-3976,Condo,1993,937,3,3.0,,0,True,False,3
PRP-3610,LOC-3533,SINGLE-FAMILY,1951,906,3,3.0,9183.0,0,False,True,2
PRP-3611,LOC-4635,Multi-Family,1940,6658,1,4.0,45155.0,0,True,True,3
PRP-3612,LOC-2337,Condo,2018,3069,1,4.0,990.0,4,True,False,3
PRP-3613,LOC-1920,TH,1924,6209,5,1.0,15212.0,1,False,True,2
PRP-3614,LOC-1761,sfr,2009,5850,7,5.0,8891.0,0,True,True,1
PRP-3615,LOC-2648,condominium,1979,5197,6,3.0,,0,False,True,1
PRP-3616,LOC-3571,Single-Family,1935,1911,7,5.5,3778.0,3,False,True,3
PRP-3617,LOC-4091,CONDO,1923,2143,4,1.5,,3,False,False,2
PRP-3618,LOC-1007,land,1936,3056,6,5.0,331102.0,3,True,False,2
PRP-3619,LOC-4050,single family,1988,3659,5,3.5,48731.0,0,True,False,3
PRP-3620,LOC-4519,SINGLE-FAMILY,2022,2778,1,4.0,45349.0,3,False,True,3
PRP-3621,LOC-3754,LAND,1968,3443,2,3.5,222637.0,3,False,False,3
PRP-3622,LOC-0664,Condo,1974,3032,6,3.0,251.0,3,False,True,1
PRP-3623,LOC-2491,multi family,1937,2763,1,3.5,11475.0,3,False,False,3
PRP-3624,LOC-3500,MULTI-FAMILY,1998,5070,4,4.0,35837.0,4,True,True,2
PRP-3625,LOC-0097,condominium,1953,7000,1,4.0,,0,False,False,3
PRP-3626,LOC-4634,MULTI-FAMILY,1981,2618,6,1.0,21008.0,0,False,True,2
PRP-3627,LOC-2920,single family,1982,975,1,1.5,26223.0,3,True,True,3
PRP-3628,LOC-0166,sfr,1984,5793,4,5.0,22035.0,1,True,False,2
PRP-3629,LOC-0202,sfr,1935,5487,3,2.5,11968.0,1,True,True,1
PRP-3630,LOC-0422,sfr,1951,2445,6,3.5,19781.0,2,False,True,1
PRP-3631,LOC-3825,Multifamily,1990,2533,3,4.5,12507.0,0,False,True,3
PRP-3632,LOC-3935,sfr,1949,6230,7,3.5,43974.0,2,True,False,3
PRP-3633,LOC-0508,Multifamily,1977,3513,1,4.0,30404.0,3,False,False,2
PRP-3634,LOC-4604,SFR,1948,2114,3,4.0,44061.0,2,False,False,2
PRP-3635,LOC-4884,CONDO,1986,1278,6,3.5,,0,True,False,3
PRP-3636,LOC-1952,Single Family Home,1971,5653,5,4.5,43692.0,0,False,True,3
PRP-3637,LOC-1269,Multi-Family,2011,3996,7,5.5,36064.0,0,True,False,3
PRP-3638,LOC-4371,SINGLE-FAMILY,1962,2394,6,2.5,13775.0,4,False,True,2
PRP-3639,LOC-0456,Single-Family,1969,3896,7,1.5,47629.0,2,True,False,3
PRP-3640,LOC-3402,SINGLE-FAMILY,1939,1627,7,2.0,12803.0,4,False,False,2
PRP-3641,LOC-0389,condo,1962,7089,3,5.5,791.0,1,True,False,3
PRP-3642,LOC-0626,CONDO,2014,1591,4,4.5,,1,False,False,1
PRP-3643,LOC-2447,Single Family Home,1985,5125,3,1.0,42170.0,3,True,True,3
PRP-3644,LOC-0811,Condominium,1966,4772,1,4.5,858.0,2,True,True,3
PRP-3645,LOC-0224,Lot,1930,1263,5,4.5,32585.0,1,False,False,1
PRP-3646,LOC-3651,Single-Family,1970,919,4,2.5,25660.0,4,True,True,2
PRP-3647,LOC-4488,Single Family Home,1965,1894,7,3.5,40866.0,3,False,False,1
PRP-3648,LOC-2597,townhouse,1946,1463,5,5.5,36709.0,2,True,True,2
PRP-3649,LOC-1464,Single-Family,1970,5630,7,5.5,18413.0,3,False,False,1
PRP-3650,LOC-1952,Multi Family,1931,7758,7,1.5,25222.0,0,True,True,1
PRP-3651,LOC-0300,CONDO,1941,3025,2,1.5,,2,False,True,2
PRP-3652,LOC-4893,SFR,1931,6137,7,4.5,30588.0,3,True,True,2
PRP-3653,LOC-4755,Condo,2008,5661,5,3.0,1689.0,0,False,True,3
PRP-3654,LOC-4928,Single-Family,1939,1578,4,1.5,41950.0,3,False,False,1
PRP-3655,LOC-1961,condominium,1949,6162,4,5.0,,1,True,False,2
PRP-3656,LOC-0569,sfr,1950,5484,7,4.5,28021.0,2,True,True,3
PRP-3657,LOC-3558,sfr,1932,7842,2,2.0,31074.0,3,False,True,1
PRP-3658,LOC-2805,single family,2008,4773,1,5.0,24568.0,0,False,True,3
PRP-3659,LOC-1816,condominium,2010,4884,6,5.5,,0,True,False,3
PRP-3660,LOC-2656,SFR,2002,676,3,2.0,46403.0,3,True,True,3
PRP-3661,LOC-1707,Multi-Family,1937,5579,3,4.0,22136.0,4,True,True,3
PRP-3662,LOC-4092,CONDO,2007,483,7,5.5,,1,False,False,1
PRP-3663,LOC-1250,TOWNHOUSE,1997,6158,2,4.0,13156.0,4,False,True,2
PRP-3664,LOC-0766,single family,1936,4569,4,3.5,14488.0,1,True,False,3
PRP-3665,LOC-2233,condo,1957,899,5,3.0,,2,False,True,1
PRP-3666,LOC-4794,single family,1979,2920,3,4.5,43634.0,1,False,True,1
PRP-3667,LOC-4176,TH,1924,1731,7,1.5,9055.0,4,False,True,3
PRP-3668,LOC-3756,SFR,1942,2156,5,3.5,44284.0,4,True,True,1
PRP-3669,LOC-3000,Lot,1974,3138,1,3.5,466516.0,3,False,True,2
PRP-3670,LOC-4564,Single-Family,2011,4123,2,4.5,32659.0,3,False,False,3
PRP-3671,LOC-0221,TOWNHOUSE,1967,2325,2,3.0,29502.0,3,True,False,1
PRP-3672,LOC-0087,Multi-Family,2012,1179,5,2.0,23690.0,2,False,True,2
PRP-3673,LOC-0395,townhouse,2001,3097,7,1.5,32051.0,1,True,False,3
PRP-3674,LOC-3720,Town House,1952,5716,7,2.0,26596.0,3,False,True,2
PRP-3675,LOC-4513,land,1944,1861,7,2.0,89648.0,3,False,True,1
PRP-3676,LOC-0251,sfr,1958,4451,2,2.0,10227.0,2,False,False,1
PRP-3677,LOC-2248,Condo,1970,2639,3,2.5,,1,False,False,3
PRP-3678,LOC-4043,Multifamily,1939,7310,2,5.0,6672.0,3,False,False,1
PRP-3679,LOC-4362,Single Family Home,2021,4071,2,1.0,19407.0,2,True,True,2
PRP-3680,LOC-3012,land,1993,5626,5,2.0,181410.0,4,True,False,3
PRP-3681,LOC-3018,Single Family Home,1996,3261,5,4.0,25888.0,4,False,False,3
PRP-3682,LOC-0026,TH,1984,2450,1,2.5,3615.0,3,True,True,2
PRP-3683,LOC-4619,SFR,1947,6688,5,1.5,27838.0,0,False,True,3
PRP-3684,LOC-2355,Multi Family,1994,7246,7,4.0,46150.0,2,False,False,3
PRP-3685,LOC-0230,CONDO,1983,3692,6,4.0,,3,False,False,3
PRP-3686,LOC-0917,single family,2016,6382,1,5.5,28749.0,1,False,True,2
PRP-3687,LOC-2534,Town House,1999,7155,4,5.5,45030.0,2,True,False,3
PRP-3688,LOC-2619,Single Family Home,1948,3024,6,3.0,40095.0,3,True,False,2
PRP-3689,LOC-2708,Multi Family,1985,2626,5,3.0,7396.0,3,True,False,3
PRP-3690,LOC-4886,sfr,1962,496,2,2.0,12284.0,0,False,False,3
PRP-3691,LOC-0613,lot,1968,3992,4,5.0,49743.0,2,True,True,3
PRP-3692,LOC-3615,Condo,1974,2940,5,1.0,,4,False,True,2
PRP-3693,LOC-4133,condominium,2005,6585,1,1.0,,3,False,True,3
PRP-3694,LOC-1181,condo,1940,3487,7,4.5,,2,False,True,3
PRP-3695,LOC-4933,townhouse,1977,2941,2,4.5,19631.0,4,True,False,2
PRP-3696,LOC-0635,SINGLE-FAMILY,1960,6869,1,3.5,24117.0,3,False,False,3
PRP-3697,LOC-1112,Condominium,1924,1544,5,5.5,,2,False,True,1
PRP-3698,LOC-4050,SFR,1967,1540,7,4.0,17098.0,4,False,False,3
PRP-3699,LOC-4255,TH,1966,4549,3,4.0,43148.0,4,True,False,2
PRP-3700,LOC-2979,LAND,1996,542,6,3.5,251501.0,4,False,False,3
PRP-3701,LOC-0677,SINGLE-FAMILY,1988,1736,7,5.5,46226.0,4,True,False,1
PRP-3702,LOC-2933,SINGLE-FAMILY,1942,7292,3,4.0,49580.0,4,True,True,2
PRP-3703,LOC-4463,CONDO,1937,4874,2,1.0,,0,True,False,1
PRP-3704,LOC-0989,single family,1931,6552,3,3.0,10254.0,3,False,False,3
PRP-3705,LOC-3369,sfr,1991,4091,3,2.5,48740.0,2,False,False,1
PRP-3706,LOC-1431,Single-Family,1949,2362,6,3.0,11112.0,2,True,True,2
PRP-3707,LOC-0908,sfr,1926,6474,1,3.5,34757.0,3,False,True,3
PRP-3708,LOC-0842,Multi-Family,1926,1651,1,1.5,44582.0,2,True,True,2
PRP-3709,LOC-3217,condominium,1920,7841,4,1.0,,1,False,False,1
PRP-3710,LOC-2664,Condo,1963,1417,1,5.5,,1,False,True,2
PRP-3711,LOC-3087,sfr,1935,1513,4,1.0,10382.0,1,True,True,2
PRP-3712,LOC-0899,Condominium,1988,437,3,1.0,,1,True,True,1
PRP-3713,LOC-2804,sfr,1953,2624,5,3.5,11600.0,0,True,True,2
PRP-3714,LOC-1737,Condo,1955,6715,6,5.0,,2,False,False,2
PRP-3715,LOC-1270,Condominium,1969,4542,6,5.5,1271.0,4,True,True,2
PRP-3716,LOC-3220,Condo,2005,3763,6,3.0,,1,False,False,2
PRP-3717,LOC-1112,sfr,1996,6430,1,5.0,37578.0,3,False,False,2
PRP-3718,LOC-4148,condo,1960,2798,3,5.0,,0,False,False,1
PRP-3719,LOC-2428,MULTI-FAMILY,2008,2226,3,4.5,23210.0,4,True,False,1
PRP-3720,LOC-4387,SFR,1945,2576,7,1.5,29069.0,1,True,False,1
PRP-3721,LOC-1945,sfr,2022,6701,3,4.5,13677.0,4,True,True,1
PRP-3722,LOC-3970,CONDO,1957,3120,3,3.0,,0,False,False,1
PRP-3723,LOC-4855,Single-Family,2000,7099,6,3.5,36644.0,1,True,False,3
PRP-3724,LOC-3574,Town House,1932,5715,2,4.0,46333.0,1,False,False,2
PRP-3725,LOC-4408,LAND,1961,5521,5,3.5,74383.0,1,False,False,3
PRP-3726,LOC-0902,sfr,1949,6009,1,2.0,3682.0,1,False,False,3
PRP-3727,LOC-1287,SINGLE-FAMILY,1929,7051,4,3.5,43377.0,0,False,False,3
PRP-3728,LOC-0449,Condo,1960,492,2,5.0,,4,False,True,1
PRP-3729,LOC-4092,SFR,2005,6967,6,1.5,26678.0,0,False,True,2
PRP-3730,LOC-1542,condominium,1955,848,7,4.5,,0,True,True,2
PRP-3731,LOC-0372,condo,1994,3272,6,1.0,,4,True,True,1
PRP-3732,LOC-1211,Condo,1999,7472,5,3.0,,0,False,False,1
PRP-3733,LOC-3962,Town House,1938,7429,1,1.5,35618.0,3,True,True,3
PRP-3734,LOC-1553,Single-Family,1975,4210,3,4.0,6593.0,1,True,True,2
PRP-3735,LOC-2491,Condominium,1996,5705,5,3.5,,0,False,True,3
PRP-3736,LOC-3548,CONDO,1943,4445,4,2.5,,2,False,True,2
PRP-3737,LOC-1904,sfr,1993,1814,6,2.5,31545.0,1,True,False,2
PRP-3738,LOC-1032,TOWNHOUSE,1998,7750,3,1.5,46078.0,4,False,True,3
PRP-3739,LOC-2748,condo,1953,4288,4,5.5,,1,True,True,1
PRP-3740,LOC-0806,Condo,2000,1459,4,4.5,353.0,3,False,False,3
PRP-3741,LOC-0075,Single Family Home,1926,4565,2,4.0,24299.0,1,True,True,1
PRP-3742,LOC-3451,SFR,1940,4603,6,2.5,30502.0,2,False,False,2
PRP-3743,LOC-2689,single family,1945,1604,7,2.5,40559.0,0,False,True,2
PRP-3744,LOC-1918,SFR,1933,1924,2,2.5,40832.0,2,False,True,1
PRP-3745,LOC-3966,Single-Family,2020,4859,6,3.5,4752.0,4,False,True,1
PRP-3746,LOC-4572,Condo,2008,806,6,5.0,,4,False,True,3
PRP-3747,LOC-4483,CONDO,2000,797,1,1.0,,4,True,True,3
PRP-3748,LOC-0180,land,1992,7714,1,2.5,214349.0,3,True,True,1
PRP-3749,LOC-4766,condominium,1920,3681,7,1.5,823.0,3,False,True,2
PRP-3750,LOC-4973,CONDO,1920,7262,3,4.0,,4,True,True,1
PRP-3751,LOC-4135,SINGLE-FAMILY,1927,6649,2,4.5,40084.0,2,True,False,1
PRP-3752,LOC-4803,SINGLE-FAMILY,1941,7703,1,5.5,18549.0,1,True,True,1
PRP-3753,LOC-4732,single family,2016,5867,7,1.0,22235.0,4,False,True,2
PRP-3754,LOC-0030,Single-Family,1932,1272,3,3.0,16367.0,0,True,False,2
PRP-3755,LOC-0602,SFR,1927,7647,1,2.0,46957.0,3,True,True,2
PRP-3756,LOC-3497,sfr,1967,2804,6,2.0,18128.0,1,False,False,2
PRP-3757,LOC-2541,condominium,1943,1185,2,5.0,,2,False,True,2
PRP-3758,LOC-4155,Town House,1998,7413,5,4.0,9501.0,2,False,False,3
PRP-3759,LOC-4518,Town House,1992,2483,6,4.5,16611.0,1,True,True,2
PRP-3760,LOC-1480,single family,1968,4247,5,2.0,21534.0,1,False,True,1
PRP-3761,LOC-4645,Townhouse,1936,4079,1,4.0,36836.0,1,False,True,2
PRP-3762,LOC-0268,SFR,1931,3503,4,3.5,15721.0,2,False,True,2
PRP-3763,LOC-2007,sfr,2004,698,7,1.5,20041.0,0,False,False,3
PRP-3764,LOC-4192,sfr,1936,5481,6,5.5,10191.0,2,True,True,2
PRP-3765,LOC-2076,land,1941,6302,5,2.5,72378.0,0,True,False,2
PRP-3766,LOC-3835,SINGLE-FAMILY,1997,6967,3,2.0,41231.0,3,False,False,2
PRP-3767,LOC-1658,single family,1940,6317,2,2.5,10042.0,2,False,True,1
PRP-3768,LOC-2724,MULTI-FAMILY,1967,2649,1,3.0,2889.0,0,False,True,3
PRP-3769,LOC-3316,Condominium,1935,7887,7,2.0,,3,False,True,2
PRP-3770,LOC-4486,Condominium,1977,1114,4,3.0,,4,False,True,2
PRP-3771,LOC-4085,TH,1963,7414,3,2.0,5902.0,3,True,False,3
PRP-3772,LOC-3785,TOWNHOUSE,1930,2653,5,2.5,45936.0,2,False,True,1
PRP-3773,LOC-4142,condo,1933,5966,1,4.5,569.0,3,False,False,1
PRP-3774,LOC-3766,single family,1939,1392,6,5.0,13813.0,2,False,False,2
PRP-3775,LOC-0857,SFR,1981,5846,4,3.5,14501.0,4,True,True,2
PRP-3776,LOC-0191,CONDO,1997,4178,6,3.5,,0,True,False,3
PRP-3777,LOC-0984,CONDO,2004,1256,3,4.5,,2,False,True,1
PRP-3778,LOC-3586,sfr,1987,4882,2,1.0,42666.0,4,False,True,1
PRP-3779,LOC-1472,SFR,1939,7373,2,3.0,49585.0,0,False,True,3
PRP-3780,LOC-4078,condominium,1947,4441,6,5.5,,1,True,False,1
PRP-3781,LOC-2923,condo,1989,7516,7,5.5,,2,False,True,2
PRP-3782,LOC-4882,single family,1952,6435,5,1.0,8525.0,0,False,False,2
PRP-3783,LOC-0610,Single Family Home,1964,5248,1,1.5,34066.0,2,False,False,3
PRP-3784,LOC-3156,Multi Family,1936,842,3,2.5,46829.0,1,False,True,2
PRP-3785,LOC-3648,TH,1956,1729,7,4.0,16938.0,0,False,False,3
PRP-3786,LOC-2692,Single Family Home,1981,3389,7,2.0,6384.0,1,True,False,2
PRP-3787,LOC-4895,Town House,1985,2701,4,3.0,16079.0,4,False,False,3
PRP-3788,LOC-3255,Condo,1972,6421,4,1.0,575.0,3,True,False,3
PRP-3789,LOC-2460,sfr,1982,7963,4,1.5,10954.0,0,False,True,2
PRP-3790,LOC-4616,Single Family Home,1928,2593,6,1.0,49287.0,4,True,False,3
PRP-3791,LOC-2604,Land,1957,3663,4,5.5,124884.0,4,False,True,3
PRP-3792,LOC-2173,condo,2013,6844,6,1.5,,0,False,True,2
PRP-3793,LOC-4285,SINGLE-FAMILY,1947,1246,4,4.5,14719.0,1,False,False,1
PRP-3794,LOC-2617,Town House,1972,5424,7,5.0,14769.0,1,False,False,2
PRP-3795,LOC-1226,Single Family Home,1984,971,7,5.5,16452.0,4,False,False,1
PRP-3796,LOC-2849,Single Family Home,2004,7506,7,5.0,32891.0,1,False,False,1
PRP-3797,LOC-2761,SINGLE-FAMILY,1937,5967,4,5.5,34224.0,2,True,True,1
PRP-3798,LOC-3404,Multi-Family,1987,6662,7,5.5,9801.0,2,False,False,3
PRP-3799,LOC-2542,condo,2008,7400,6,4.0,,4,True,False,3
PRP-3800,LOC-2991,Multi-Family,2020,3068,6,2.5,32463.0,2,False,True,2
PRP-3801,LOC-0923,CONDO,1921,6169,1,1.5,,0,True,False,3
PRP-3802,LOC-2519,SINGLE-FAMILY,1977,5995,1,3.5,42465.0,0,False,False,1
PRP-3803,LOC-4824,Condominium,1967,7158,6,4.0,,4,False,True,3
PRP-3804,LOC-4057,Condominium,2014,6275,1,2.5,,1,True,True,3
PRP-3805,LOC-2873,SFR,1932,5497,4,1.0,34479.0,2,False,False,2
PRP-3806,LOC-2049,Condo,2013,869,2,5.0,,0,False,True,2
PRP-3807,LOC-0371,Single-Family,1954,5182,7,5.0,25580.0,3,False,True,2
PRP-3808,LOC-1363,sfr,2017,3845,1,2.0,37428.0,2,True,True,3
PRP-3809,LOC-2376,TOWNHOUSE,1924,6395,7,2.0,30952.0,3,True,False,1
PRP-3810,LOC-3335,Condominium,2005,675,3,3.0,,0,False,True,1
PRP-3811,LOC-4811,TOWNHOUSE,1952,6104,3,5.0,34564.0,1,False,True,2
PRP-3812,LOC-2186,Single-Family,2005,6780,7,5.5,45611.0,1,False,False,3
PRP-3813,LOC-2827,Single-Family,1953,7068,4,3.5,20278.0,1,False,True,1
PRP-3814,LOC-1578,Multi-Family,2019,3812,7,5.5,18412.0,2,False,True,3
PRP-3815,LOC-0850,condominium,1962,6033,6,2.5,,1,False,False,3
PRP-3816,LOC-0289,Multi-Family,1985,6495,7,4.5,43042.0,4,True,False,3
PRP-3817,LOC-2185,Townhouse,1997,4985,5,2.0,30321.0,0,False,False,1
PRP-3818,LOC-2442,Town House,1974,7681,3,4.5,11103.0,1,False,True,1
PRP-3819,LOC-4809,SINGLE-FAMILY,2004,6078,6,3.0,2279.0,2,False,True,3
PRP-3820,LOC-2427,CONDO,1983,2422,6,4.0,860.0,0,True,False,3
PRP-3821,LOC-0380,condominium,1975,5078,4,1.5,,4,True,False,3
PRP-3822,LOC-1267,Single-Family,2004,2225,1,5.0,3916.0,4,False,False,1
PRP-3823,LOC-3412,condo,1992,6330,3,3.0,1720.0,2,False,False,3
PRP-3824,LOC-4173,Single-Family,1936,4210,1,1.5,38309.0,1,True,True,1
PRP-3825,LOC-1030,single family,2002,3475,6,1.5,15382.0,4,True,True,1
PRP-3826,LOC-4276,TH,2001,3136,5,3.0,2278.0,3,True,False,1
PRP-3827,LOC-3758,SFR,1977,3781,4,1.0,26100.0,1,False,False,1
PRP-3828,LOC-2854,Land,1974,1834,2,4.0,321702.0,1,True,False,3
PRP-3829,LOC-1217,TOWNHOUSE,1987,1055,7,5.0,5678.0,4,False,True,3
PRP-3830,LOC-0851,CONDO,1929,1983,4,4.5,1966.0,4,False,True,3
PRP-3831,LOC-1974,LAND,1924,7692,1,4.5,169214.0,4,False,True,3
PRP-3832,LOC-0804,SINGLE-FAMILY,1990,6194,7,4.0,37290.0,1,True,False,1
PRP-3833,LOC-0332,SINGLE-FAMILY,1973,6429,7,2.0,23642.0,4,False,True,1
PRP-3834,LOC-3438,SFR,2000,6153,6,3.0,25941.0,4,False,True,1
PRP-3835,LOC-0641,SINGLE-FAMILY,2023,7373,4,1.0,20088.0,0,True,True,2
PRP-3836,LOC-1113,TH,2018,3169,3,2.5,41970.0,0,False,True,3
PRP-3837,LOC-4284,single family,2004,2757,7,4.0,18416.0,4,True,False,3
PRP-3838,LOC-3805,Multifamily,1983,5512,1,4.5,5504.0,1,True,True,3
PRP-3839,LOC-0053,single family,1937,1876,5,2.0,9920.0,0,True,True,1
PRP-3840,LOC-0893,SINGLE-FAMILY,1992,2896,1,4.5,48535.0,1,False,True,2
PRP-3841,LOC-4219,Single-Family,1965,3997,4,5.5,8083.0,0,False,False,1
PRP-3842,LOC-1778,Condominium,1970,6100,4,2.5,,0,False,True,2
PRP-3843,LOC-4337,condominium,2011,4118,1,2.5,,2,True,False,2
PRP-3844,LOC-0972,Condominium,2015,5843,4,4.0,,2,True,True,3
PRP-3845,LOC-1526,SINGLE-FAMILY,1942,1811,5,5.5,15742.0,1,False,False,3
PRP-3846,LOC-0248,condominium,2018,694,7,1.0,,3,False,True,2
PRP-3847,LOC-2675,TOWNHOUSE,1975,2121,4,5.0,47670.0,4,False,True,1
PRP-3848,LOC-1682,sfr,1953,7387,5,5.5,34236.0,4,False,True,2
PRP-3849,LOC-3248,SFR,1945,4432,2,2.0,28797.0,0,True,False,1
PRP-3850,LOC-3909,condominium,1923,4026,2,2.0,417.0,4,True,False,2
PRP-3851,LOC-4435,sfr,1947,4796,5,3.0,24051.0,0,False,True,2
PRP-3852,LOC-4054,Condo,1979,5513,1,2.5,,1,False,True,3
PRP-3853,LOC-1906,Single Family Home,2021,3252,1,3.0,25460.0,1,False,True,2
PRP-3854,LOC-1144,Multi Family,2011,7018,6,5.0,6042.0,2,False,False,3
PRP-3855,LOC-3905,condominium,1939,3469,5,5.5,,2,True,True,3
PRP-3856,LOC-4493,Condominium,1961,2835,1,4.5,,2,True,False,3
PRP-3857,LOC-1663,SINGLE-FAMILY,1955,7141,7,3.0,24699.0,2,False,True,3
PRP-3858,LOC-0632,townhouse,2011,1300,3,4.0,10149.0,0,True,False,2
PRP-3859,LOC-2019,Condominium,2020,6431,5,3.0,,2,True,True,1
PRP-3860,LOC-4412,Single Family Home,1997,6061,2,5.0,42287.0,1,False,False,1
PRP-3861,LOC-3338,Condominium,1920,3044,6,3.0,,1,True,False,2
PRP-3862,LOC-2137,Single Family Home,1928,1982,5,5.5,26660.0,3,False,False,2
PRP-3863,LOC-0790,Lot,1942,4079,5,3.0,310057.0,0,True,True,1
PRP-3864,LOC-3964,SINGLE-FAMILY,1923,5752,4,4.0,14742.0,1,True,False,3
PRP-3865,LOC-3568,TOWNHOUSE,1973,625,5,1.5,11867.0,3,True,False,1
PRP-3866,LOC-1751,condo,1923,2080,4,5.5,,1,False,True,3
PRP-3867,LOC-4799,single family,1925,7564,2,2.0,30299.0,0,False,False,3
PRP-3868,LOC-3947,Single Family Home,2018,2411,4,4.0,13714.0,2,False,True,3
PRP-3869,LOC-0908,Townhouse,1939,707,2,1.5,42831.0,2,True,False,3
PRP-3870,LOC-4266,SFR,1988,5695,4,5.5,28768.0,1,True,True,1
PRP-3871,LOC-2470,Single-Family,2007,4064,6,3.0,37346.0,4,False,False,1
PRP-3872,LOC-3807,Single-Family,1967,6780,2,1.5,21598.0,2,False,True,2
PRP-3873,LOC-1957,Single Family Home,2014,2893,4,2.5,35714.0,3,False,False,2
PRP-3874,LOC-4339,single family,1965,7824,3,3.0,42358.0,3,True,False,1
PRP-3875,LOC-3018,single family,1960,7092,6,4.0,22707.0,3,True,False,3
PRP-3876,LOC-2622,townhouse,1933,2051,5,5.5,11058.0,3,False,True,1
PRP-3877,LOC-1495,Townhouse,1996,3809,5,2.5,8739.0,1,False,False,1
PRP-3878,LOC-4094,Single-Family,2015,1979,3,5.5,4401.0,0,False,False,1
PRP-3879,LOC-4503,SFR,2013,1693,7,3.5,48098.0,3,False,True,2
PRP-3880,LOC-0555,Multi-Family,1944,521,5,4.5,35229.0,1,False,True,1
PRP-3881,LOC-3774,Townhouse,1997,6772,5,2.0,44061.0,4,True,True,2
PRP-3882,LOC-3007,condominium,1997,1546,4,2.5,,4,False,False,2
PRP-3883,LOC-0475,TH,1990,5183,5,5.5,13661.0,2,False,True,2
PRP-3884,LOC-0774,Town House,1975,6933,3,1.0,14349.0,1,True,False,3
PRP-3885,LOC-2651,townhouse,1978,3236,5,5.5,37367.0,2,True,True,3
PRP-3886,LOC-4804,Town House,1986,7150,2,4.5,29461.0,2,False,True,3
PRP-3887,LOC-1075,CONDO,1922,7435,1,1.0,,3,True,True,1
PRP-3888,LOC-0809,LAND,1986,3831,2,2.5,309482.0,0,False,False,3
PRP-3889,LOC-1416,Condominium,1938,5672,3,3.0,,4,False,True,1
PRP-3890,LOC-4501,Condominium,1997,7162,3,2.0,305.0,1,True,True,2
PRP-3891,LOC-2217,condominium,1924,4834,1,4.0,,3,False,False,1
PRP-3892,LOC-0963,sfr,2014,2130,4,4.0,48649.0,2,False,True,3
PRP-3893,LOC-1327,condo,1966,2620,5,4.0,,3,False,False,1
PRP-3894,LOC-2389,SINGLE-FAMILY,1931,1043,4,3.5,26078.0,1,False,True,3
PRP-3895,LOC-0314,sfr,1930,952,1,2.5,4023.0,0,True,True,1
PRP-3896,LOC-1125,Multi Family,1952,6995,3,2.5,21611.0,4,True,True,2
PRP-3897,LOC-3087,Townhouse,1945,1983,3,3.0,27184.0,4,True,False,1
PRP-3898,LOC-3432,TOWNHOUSE,1935,3155,4,3.5,46323.0,4,True,True,1
PRP-3899,LOC-2427,LAND,2015,5708,6,5.5,7605.0,0,True,True,2
PRP-3900,LOC-2894,SFR,1923,6014,1,5.5,34370.0,1,False,False,1
PRP-3901,LOC-4395,Single-Family,2009,4040,3,3.5,21929.0,2,False,True,2
PRP-3902,LOC-1611,Single Family Home,1941,4094,6,4.5,38244.0,0,False,False,2
PRP-3903,LOC-2590,multi family,1975,6185,4,2.0,26888.0,4,False,False,1
PRP-3904,LOC-3025,Multi-Family,1965,2766,3,1.5,27802.0,4,True,False,1
PRP-3905,LOC-1793,condominium,2008,6656,6,2.0,,2,True,True,1
PRP-3906,LOC-4870,Single-Family,1986,4368,2,1.5,42411.0,4,False,True,1
PRP-3907,LOC-1165,Condominium,1945,1521,2,3.0,,2,True,True,3
PRP-3908,LOC-0252,Condominium,1940,1388,2,2.0,488.0,2,False,True,1
PRP-3909,LOC-4479,TOWNHOUSE,2001,1648,2,2.0,20662.0,2,True,False,2
PRP-3910,LOC-4457,SFR,1988,1231,2,4.5,20442.0,3,True,False,2
PRP-3911,LOC-1473,SINGLE-FAMILY,1962,498,1,3.5,32685.0,1,False,False,2
PRP-3912,LOC-1326,Condo,2021,5082,6,5.5,,1,False,True,1
PRP-3913,LOC-1995,sfr,1939,1772,5,2.0,16145.0,0,True,False,3
PRP-3914,LOC-3167,Single Family Home,1926,1807,4,3.0,25009.0,4,False,True,2
PRP-3915,LOC-4540,condo,1958,5734,1,1.5,,3,True,False,1
PRP-3916,LOC-0076,single family,2007,4398,3,5.5,14906.0,0,False,True,3
PRP-3917,LOC-1848,LAND,1930,7643,3,2.5,205157.0,2,False,True,2
PRP-3918,LOC-3694,multi family,1976,4953,6,5.0,24206.0,1,False,True,1
PRP-3919,LOC-1589,Single Family Home,1964,7440,7,1.0,29716.0,4,False,True,2
PRP-3920,LOC-2709,Single-Family,1925,1519,2,1.5,31978.0,4,True,True,2
PRP-3921,LOC-1050,single family,1993,7506,1,4.0,13635.0,3,True,True,1
PRP-3922,LOC-2224,Single-Family,1980,5101,5,4.0,22475.0,0,False,True,2
PRP-3923,LOC-3081,Single-Family,2017,1704,5,1.5,47906.0,4,False,True,2
PRP-3924,LOC-4253,single family,1932,3816,7,1.5,15518.0,4,True,False,3
PRP-3925,LOC-0604,TOWNHOUSE,1929,4491,7,4.5,32452.0,0,False,True,3
PRP-3926,LOC-3712,condo,2000,5748,6,2.0,,3,False,False,2
PRP-3927,LOC-4537,Single Family Home,1961,5346,3,4.0,11868.0,4,True,False,3
PRP-3928,LOC-0753,SINGLE-FAMILY,1922,5764,2,1.0,42661.0,0,False,False,2
PRP-3929,LOC-3915,CONDO,1949,4794,1,5.0,,1,False,False,3
PRP-3930,LOC-1674,Condominium,1929,6776,6,5.5,,2,False,True,2
PRP-3931,LOC-3313,SFR,1986,5658,5,3.5,35599.0,2,False,False,3
PRP-3932,LOC-1885,single family,1948,3392,4,3.0,22321.0,4,False,True,1
PRP-3933,LOC-1768,Single-Family,1993,6613,3,2.0,40898.0,4,True,True,3
PRP-3934,LOC-0791,TH,1950,6255,4,2.0,9392.0,3,True,False,2
PRP-3935,LOC-4971,Condominium,1979,6534,2,1.0,,1,False,False,1
PRP-3936,LOC-2985,Condo,2006,4606,2,4.0,1207.0,2,False,True,1
PRP-3937,LOC-0820,sfr,1942,634,2,5.0,2910.0,0,False,True,2
PRP-3938,LOC-1391,CONDO,1993,3704,6,2.5,,3,False,False,3
PRP-3939,LOC-1647,condo,1949,6910,4,3.0,,4,False,True,1
PRP-3940,LOC-4356,single family,1953,7246,5,1.0,28884.0,0,True,False,1
PRP-3941,LOC-1938,single family,1920,5078,2,3.5,10139.0,1,False,False,3
PRP-3942,LOC-0411,Single-Family,1946,6137,1,2.5,14335.0,2,False,True,3
PRP-3943,LOC-1339,CONDO,1957,6145,1,5.0,,1,False,False,2
PRP-3944,LOC-3354,sfr,2009,5105,3,5.0,21266.0,2,True,False,2
PRP-3945,LOC-2604,Condo,1951,2153,2,4.0,572.0,0,True,False,2
PRP-3946,LOC-2411,Single Family Home,2001,5245,4,3.5,29458.0,1,False,False,1
PRP-3947,LOC-2276,SINGLE-FAMILY,1950,5454,5,4.0,5589.0,1,True,False,1
PRP-3948,LOC-0075,townhouse,1954,1385,7,4.5,49120.0,1,False,False,2
PRP-3949,LOC-1078,SINGLE-FAMILY,1952,2709,2,2.5,32285.0,0,False,False,3
PRP-3950,LOC-4977,Single Family Home,1989,4906,2,4.5,28988.0,0,False,True,3
PRP-3951,LOC-1851,single family,1979,844,6,4.5,18559.0,2,True,False,2
PRP-3952,LOC-4581,CONDO,1931,1485,3,1.5,,3,True,False,3
PRP-3953,LOC-4030,Single-Family,1978,5079,4,4.5,19031.0,2,False,True,2
PRP-3954,LOC-3111,Single Family Home,1992,5424,4,1.0,30241.0,4,False,False,2
PRP-3955,LOC-1221,SFR,1975,888,2,2.0,38109.0,1,True,False,2
PRP-3956,LOC-0065,Single Family Home,1940,3763,7,4.0,38719.0,4,False,False,2
PRP-3957,LOC-3041,SFR,1929,7049,3,3.5,19871.0,0,False,False,2
PRP-3958,LOC-4322,Town House,1939,4621,2,5.5,45638.0,0,True,False,1
PRP-3959,LOC-1132,CONDO,2010,5631,4,3.0,,4,True,False,2
PRP-3960,LOC-2414,Single-Family,1948,4550,3,3.5,20072.0,3,True,False,3
PRP-3961,LOC-0101,SFR,2008,6640,7,4.5,39916.0,4,False,False,3
PRP-3962,LOC-2216,MULTI-FAMILY,1994,4831,5,2.5,35653.0,0,False,False,1
PRP-3963,LOC-1182,TOWNHOUSE,1991,6152,7,4.0,47918.0,4,True,True,2
PRP-3964,LOC-3448,townhouse,1938,3157,6,1.5,36422.0,3,True,False,2
PRP-3965,LOC-3568,TH,2022,835,5,2.5,48588.0,3,False,False,1
PRP-3966,LOC-0917,condo,1999,897,6,1.0,,1,False,True,1
PRP-3967,LOC-0257,Single-Family,1929,6923,7,3.0,22729.0,3,False,False,2
PRP-3968,LOC-0260,Town House,1949,400,7,1.0,42453.0,3,False,True,2
PRP-3969,LOC-2885,CONDO,1971,1631,7,3.0,,4,False,True,2
PRP-3970,LOC-3265,Condo,1979,4999,2,2.5,59.0,4,False,True,3
PRP-3971,LOC-3135,Condominium,1952,2042,5,3.5,699.0,1,False,False,1
PRP-3972,LOC-4925,Multifamily,1979,1341,7,4.5,26313.0,0,True,True,3
PRP-3973,LOC-4915,Single-Family,2013,7272,7,3.0,31967.0,2,False,True,2
PRP-3974,LOC-4156,SFR,1936,4662,3,5.0,36261.0,2,False,True,1
PRP-3975,LOC-1342,Townhouse,1961,6584,6,2.0,32620.0,4,True,True,2
PRP-3976,LOC-2867,SINGLE-FAMILY,1976,5038,3,1.0,28429.0,1,True,True,1
PRP-3977,LOC-2171,Condo,2000,3094,3,2.0,,1,False,False,2
PRP-3978,LOC-1542,Condo,2010,5678,5,1.0,,3,False,True,3
PRP-3979,LOC-4654,TOWNHOUSE,1978,4744,6,1.0,37860.0,0,False,False,2
PRP-3980,LOC-4050,Single-Family,1979,3210,2,5.5,7853.0,2,True,False,1
PRP-3981,LOC-4608,townhouse,1952,4474,4,4.0,40680.0,1,True,True,1
PRP-3982,LOC-0048,Single-Family,2003,5409,6,5.0,27351.0,2,False,False,2
PRP-3983,LOC-0864,condominium,1986,3055,4,1.0,,2,False,False,2
PRP-3984,LOC-1449,single family,2008,992,7,4.0,18834.0,0,False,False,1
PRP-3985,LOC-4465,TOWNHOUSE,1977,5988,6,1.5,2632.0,2,False,False,1
PRP-3986,LOC-2321,Single Family Home,1924,2339,5,1.5,12911.0,2,False,True,2
PRP-3987,LOC-0716,CONDO,1970,4567,2,4.5,,0,False,True,3
PRP-3988,LOC-0671,Condo,1995,7526,6,2.5,671.0,2,False,True,1
PRP-3989,LOC-2284,Single Family Home,1986,2796,4,3.5,10698.0,1,True,True,3
PRP-3990,LOC-2583,SFR,1949,3436,1,4.0,22298.0,1,True,False,2
PRP-3991,LOC-2783,condo,1996,2661,1,1.5,,4,False,False,2
PRP-3992,LOC-2939,CONDO,2005,4667,7,1.0,,1,False,True,2
PRP-3993,LOC-3378,CONDO,1941,5610,7,2.5,,4,False,True,2
PRP-3994,LOC-2261,CONDO,2010,5682,3,1.5,,0,False,False,1
PRP-3995,LOC-2333,sfr,1979,438,4,4.5,41153.0,0,False,True,1
PRP-3996,LOC-1200,sfr,1986,1284,1,1.5,30531.0,1,True,False,2
PRP-3997,LOC-4783,Town House,2003,1349,7,5.5,48380.0,0,False,False,1
PRP-3998,LOC-1157,TH,1942,4320,6,1.0,21596.0,0,True,False,2
PRP-3999,LOC-3937,single family,2008,1222,5,5.5,39890.0,2,False,False,2
PRP-4000,LOC-4852,Condo,2022,4008,5,5.0,,2,True,False,1
PRP-4001,LOC-4509,Condo,1972,7876,2,1.5,41.0,2,True,True,3
PRP-4002,LOC-0032,Condominium,1967,715,1,5.5,,4,True,False,1
PRP-4003,LOC-1886,SFR,1969,2516,1,3.5,9011.0,0,False,False,1
PRP-4004,LOC-4319,Single-Family,1943,1411,2,4.5,44475.0,3,True,True,2
PRP-4005,LOC-1075,single family,2008,7914,6,3.0,2607.0,3,False,False,2
PRP-4006,LOC-4704,condominium,1995,4164,5,3.5,,0,True,True,2
PRP-4007,LOC-3938,SINGLE-FAMILY,1925,948,4,5.5,30187.0,4,False,True,1
PRP-4008,LOC-1584,condominium,2006,1487,7,3.5,,2,True,True,1
PRP-4009,LOC-0345,Townhouse,1921,2936,4,4.0,20805.0,1,False,True,2
PRP-4010,LOC-1534,Single-Family,1952,1976,2,4.0,7998.0,2,False,True,2
PRP-4011,LOC-4668,lot,1975,3235,4,5.0,275077.0,4,False,False,1
PRP-4012,LOC-2307,LAND,1975,4353,1,4.5,78034.0,1,True,False,3
PRP-4013,LOC-0485,Condominium,1963,4718,7,4.0,,2,True,False,2
PRP-4014,LOC-1935,single family,1963,2290,4,1.0,36245.0,1,False,True,3
PRP-4015,LOC-1134,SINGLE-FAMILY,2003,7109,7,5.0,29397.0,3,False,True,1
PRP-4016,LOC-1424,CONDO,1988,7887,5,5.5,,1,False,True,1
PRP-4017,LOC-0777,sfr,1937,6971,5,4.5,39182.0,1,True,False,3
PRP-4018,LOC-0862,SFR,1977,7457,2,2.5,25130.0,2,False,False,3
PRP-4019,LOC-0858,Single Family Home,2014,4839,3,4.0,34185.0,4,True,False,1
PRP-4020,LOC-0745,single family,2004,5799,6,5.5,26394.0,3,True,False,1
PRP-4021,LOC-3746,Single-Family,1977,2988,2,5.5,18500.0,1,False,True,1
PRP-4022,LOC-2324,sfr,1947,6732,2,4.0,8477.0,2,True,False,2
PRP-4023,LOC-4843,Condominium,1967,4451,1,1.5,,3,False,True,1
PRP-4024,LOC-1369,Single-Family,1994,3519,1,3.0,27331.0,0,False,True,3
PRP-4025,LOC-3907,Single-Family,1960,1025,7,3.0,11139.0,2,False,False,1
PRP-4026,LOC-0237,Single-Family,1930,6764,7,3.5,34634.0,1,False,True,1
PRP-4027,LOC-2704,lot,1979,2254,5,3.0,372836.0,0,True,False,2
PRP-4028,LOC-1083,condominium,1963,1052,7,3.0,,0,True,False,1
PRP-4029,LOC-4032,Land,1934,4319,1,2.5,100855.0,2,False,True,1
PRP-4030,LOC-0409,Condominium,1972,2371,6,1.0,,3,True,True,1
PRP-4031,LOC-3751,single family,1952,7480,5,5.0,35929.0,3,False,True,2
PRP-4032,LOC-3501,Single Family Home,2011,1051,2,2.5,20534.0,0,True,True,2
PRP-4033,LOC-0318,SINGLE-FAMILY,1975,6617,2,1.0,40093.0,2,False,True,1
PRP-4034,LOC-2480,Condo,1987,452,5,3.0,,0,False,False,3
PRP-4035,LOC-3580,SINGLE-FAMILY,2006,5714,6,4.0,7719.0,4,False,True,2
PRP-4036,LOC-4900,TH,1999,745,6,5.0,38288.0,1,True,True,1
PRP-4037,LOC-3765,sfr,1947,502,5,2.0,46909.0,3,False,False,2
PRP-4038,LOC-2892,sfr,2018,3463,4,5.5,27100.0,2,False,True,3
PRP-4039,LOC-3685,Multi Family,2003,4938,7,2.0,12675.0,2,True,False,2
PRP-4040,LOC-0276,SFR,1934,6920,6,4.0,31486.0,3,False,False,3
PRP-4041,LOC-2439,sfr,1995,990,4,3.5,36299.0,0,True,False,1
PRP-4042,LOC-3614,Single Family Home,1948,548,3,2.0,25247.0,2,False,False,1
PRP-4043,LOC-2133,SINGLE-FAMILY,1954,2095,5,5.5,11264.0,4,True,True,3
PRP-4044,LOC-1337,Town House,1930,7502,6,3.0,12240.0,4,True,True,3
PRP-4045,LOC-2255,land,1984,2127,6,1.0,252048.0,3,True,False,1
PRP-4046,LOC-0453,sfr,2005,7415,6,1.0,10075.0,3,True,True,1
PRP-4047,LOC-3072,Town House,1994,7819,4,2.5,47586.0,3,False,True,2
PRP-4048,LOC-4960,MULTI-FAMILY,1951,4033,3,4.0,21328.0,1,True,True,2
PRP-4049,LOC-1507,SINGLE-FAMILY,1983,5423,5,4.5,18836.0,0,True,False,3
PRP-4050,LOC-2718,single family,1986,7530,5,5.0,46858.0,3,False,True,2
PRP-4051,LOC-4607,SFR,1966,3015,2,3.0,35835.0,1,True,True,2
PRP-4052,LOC-0202,Single Family Home,1952,7097,6,4.5,15542.0,0,True,True,3
PRP-4053,LOC-1633,Single Family Home,1983,3250,7,4.0,32801.0,1,False,True,2
PRP-4054,LOC-4437,Condominium,1954,3555,1,2.0,,2,True,False,1
PRP-4055,LOC-4521,sfr,1975,2294,4,1.0,13116.0,4,True,False,2
PRP-4056,LOC-4864,Single Family Home,1954,4754,4,2.5,26480.0,2,False,True,2
PRP-4057,LOC-2530,sfr,2020,3432,2,3.5,32887.0,3,False,True,2
PRP-4058,LOC-4894,Multi Family,2003,1661,4,2.5,23618.0,3,True,False,1
PRP-4059,LOC-4087,condominium,2010,779,7,1.0,1827.0,3,False,False,2
PRP-4060,LOC-3355,MULTI-FAMILY,2005,6210,7,1.5,23021.0,1,True,False,3
PRP-4061,LOC-3759,single family,1979,3197,7,4.5,42938.0,3,False,True,1
PRP-4062,LOC-1959,Townhouse,1979,1793,4,2.5,8222.0,1,False,False,1
PRP-4063,LOC-4739,LAND,1937,2960,5,3.5,251019.0,2,False,True,2
PRP-4064,LOC-4932,Land,1998,1886,7,1.5,68223.0,0,False,False,1
PRP-4065,LOC-4736,MULTI-FAMILY,1956,5517,7,4.5,32007.0,2,False,False,2
PRP-4066,LOC-0317,townhouse,1947,5858,7,1.0,24882.0,0,False,True,2
PRP-4067,LOC-4979,MULTI-FAMILY,2014,5141,7,2.0,8943.0,0,False,False,3
PRP-4068,LOC-3249,TOWNHOUSE,1970,1079,7,1.0,36363.0,4,True,False,3
PRP-4069,LOC-4560,SINGLE-FAMILY,1945,6216,6,1.0,10366.0,4,False,False,3
PRP-4070,LOC-1438,Single Family Home,1980,4695,5,3.5,46055.0,4,False,True,3
PRP-4071,LOC-1404,sfr,1995,606,3,3.5,8315.0,3,False,True,3
PRP-4072,LOC-3940,Single Family Home,1924,1161,4,1.5,18149.0,0,False,True,1
PRP-4073,LOC-1391,Single Family Home,1983,2050,7,3.5,24791.0,4,True,False,3
PRP-4074,LOC-3034,Single Family Home,2004,6394,6,1.5,2173.0,1,False,True,2
PRP-4075,LOC-4982,TH,2014,4054,6,4.5,37756.0,2,True,False,2
PRP-4076,LOC-3557,Condominium,1990,5986,6,5.0,,2,False,False,1
PRP-4077,LOC-1356,sfr,2016,5121,5,4.0,31494.0,1,False,False,2
PRP-4078,LOC-0800,Multi-Family,1982,6075,4,5.0,39324.0,3,True,True,3
PRP-4079,LOC-0898,Condo,1935,2088,4,5.0,,4,False,False,2
PRP-4080,LOC-4316,Single-Family,1987,4149,5,5.5,15084.0,3,False,False,3
PRP-4081,LOC-2212,condominium,1969,3782,7,2.5,,4,False,False,1
PRP-4082,LOC-1835,condominium,1930,3278,7,3.5,,1,False,False,1
PRP-4083,LOC-2934,single family,1997,6920,7,5.0,7650.0,0,True,True,2
PRP-4084,LOC-0966,condo,2006,5262,7,1.5,,3,False,False,2
PRP-4085,LOC-4242,single family,1992,6949,5,3.5,47668.0,0,False,True,3
PRP-4086,LOC-0826,Multifamily,2020,4633,7,1.5,34605.0,0,True,False,1
PRP-4087,LOC-0437,TH,2011,6474,2,3.0,17391.0,3,False,False,1
PRP-4088,LOC-4295,Single Family Home,1990,1344,2,2.5,40884.0,4,True,True,3
PRP-4089,LOC-4357,Multifamily,1981,4486,5,4.0,36811.0,4,False,False,1
PRP-4090,LOC-1735,townhouse,1975,7169,4,2.0,22302.0,3,True,True,1
PRP-4091,LOC-3825,Town House,1932,6919,7,4.0,17846.0,0,False,False,1
PRP-4092,LOC-0075,SFR,1988,6450,4,1.5,14693.0,2,False,False,2
PRP-4093,LOC-0367,SFR,2015,7302,2,3.5,15763.0,3,False,True,1
PRP-4094,LOC-3988,Condo,1985,3495,6,2.5,,2,False,True,3
PRP-4095,LOC-1001,Condominium,2023,2775,1,2.5,,1,False,False,2
PRP-4096,LOC-4193,condo,1948,7951,6,5.5,,3,True,True,1
PRP-4097,LOC-1840,Single Family Home,1985,1378,1,1.5,5118.0,1,False,True,1
PRP-4098,LOC-2079,SINGLE-FAMILY,1952,4079,5,4.5,44318.0,2,False,False,3
PRP-4099,LOC-2489,lot,1939,3780,4,2.0,348330.0,4,False,True,2
PRP-4100,LOC-0727,single family,1948,4077,5,5.0,18329.0,0,False,False,2
PRP-4101,LOC-3360,sfr,1990,2068,6,4.5,36850.0,4,True,True,1
PRP-4102,LOC-2918,Condominium,2004,6480,6,3.0,,2,False,True,2
PRP-4103,LOC-0809,SINGLE-FAMILY,1973,3362,3,5.0,45851.0,3,True,False,3
PRP-4104,LOC-1334,Condominium,2013,7233,6,1.5,,4,False,True,3
PRP-4105,LOC-2196,sfr,1980,3250,5,1.0,40494.0,1,True,False,3
PRP-4106,LOC-3063,single family,1985,1553,7,3.5,11683.0,4,False,False,3
PRP-4107,LOC-2366,land,1927,7709,1,2.0,349601.0,1,False,True,2
PRP-4108,LOC-0387,sfr,1996,6963,7,3.0,42540.0,4,False,True,1
PRP-4109,LOC-2748,Single-Family,1973,5833,7,2.0,45936.0,4,True,False,1
PRP-4110,LOC-2790,CONDO,1993,4515,5,2.5,,2,True,False,2
PRP-4111,LOC-3865,sfr,1985,6795,6,4.5,12879.0,2,False,False,2
PRP-4112,LOC-3532,Town House,1954,6082,7,4.5,15913.0,0,True,True,3
PRP-4113,LOC-0138,sfr,1930,436,1,5.0,7287.0,1,False,True,1
PRP-4114,LOC-4653,sfr,1973,6493,1,1.0,31157.0,1,False,False,3
PRP-4115,LOC-4927,single family,2020,433,3,1.5,2890.0,1,False,True,1
PRP-4116,LOC-1482,SFR,2015,1493,5,3.5,25499.0,0,False,True,1
PRP-4117,LOC-4251,single family,1987,4928,6,2.5,18118.0,1,False,False,2
PRP-4118,LOC-3174,Condominium,2011,5000,7,4.0,,1,True,True,1
PRP-4119,LOC-3255,Town House,1920,5128,5,5.0,46446.0,0,True,True,1
PRP-4120,LOC-2489,Single Family Home,2020,4627,2,3.5,11435.0,0,True,True,2
PRP-4121,LOC-2593,single family,1981,6114,6,2.5,15202.0,0,True,True,2
PRP-4122,LOC-0443,SINGLE-FAMILY,1971,1523,5,5.0,46964.0,2,True,False,1
PRP-4123,LOC-3964,Single-Family,1955,1171,6,2.0,47644.0,0,True,True,3
PRP-4124,LOC-2180,MULTI-FAMILY,1937,5644,7,4.5,29369.0,2,False,False,2
PRP-4125,LOC-1126,MULTI-FAMILY,1958,4438,1,5.5,11903.0,3,False,True,1
PRP-4126,LOC-4466,sfr,1986,2327,6,2.0,24694.0,0,False,False,1
PRP-4127,LOC-3070,condominium,2019,6428,2,4.5,,1,False,False,1
PRP-4128,LOC-3786,sfr,1996,1086,1,2.0,16166.0,1,False,True,2
PRP-4129,LOC-4201,condominium,1945,789,2,2.0,,2,False,False,2
PRP-4130,LOC-0130,CONDO,1955,1406,6,2.0,,1,False,False,1
PRP-4131,LOC-1964,TH,1964,6453,7,5.0,17375.0,0,True,False,3
PRP-4132,LOC-2967,condo,1941,4295,6,1.0,,4,True,True,1
PRP-4133,LOC-0746,Single Family Home,1929,6968,2,2.5,13243.0,0,False,False,2
PRP-4134,LOC-1949,Single-Family,1992,4453,7,2.0,45067.0,3,False,True,3
PRP-4135,LOC-0346,Multi-Family,1978,7820,6,1.5,47504.0,3,False,True,2
PRP-4136,LOC-1401,Multi Family,1947,3232,4,4.5,9205.0,0,True,False,2
PRP-4137,LOC-1047,land,1923,675,2,1.5,400607.0,3,False,True,1
PRP-4138,LOC-4266,TOWNHOUSE,1999,7820,2,5.5,26382.0,2,False,True,1
PRP-4139,LOC-1027,Condominium,1969,2834,6,4.0,,3,False,True,2
PRP-4140,LOC-1918,condominium,1948,5674,2,2.0,,0,False,False,2
PRP-4141,LOC-1945,MULTI-FAMILY,1946,6485,3,5.5,44050.0,2,True,False,3
PRP-4142,LOC-2618,sfr,1991,6309,3,3.5,33135.0,3,False,True,2
PRP-4143,LOC-3191,sfr,2003,3495,4,1.0,40965.0,4,True,True,2
PRP-4144,LOC-1429,Single Family Home,1948,2118,5,4.0,49529.0,1,False,False,1
PRP-4145,LOC-2851,Townhouse,1988,5831,1,4.5,39427.0,0,True,False,2
PRP-4146,LOC-1579,Condo,2006,2186,3,4.0,,4,True,True,2
PRP-4147,LOC-4847,Town House,1956,4338,5,1.5,33621.0,3,False,True,3
PRP-4148,LOC-3727,Condo,1927,7987,3,4.0,,1,False,False,2
PRP-4149,LOC-0333,MULTI-FAMILY,1952,7586,6,1.5,42634.0,1,True,False,3
PRP-4150,LOC-0741,Condominium,1974,1434,6,3.0,,3,True,False,2
PRP-4151,LOC-3155,condominium,1925,5482,3,5.0,,2,False,True,3
PRP-4152,LOC-0873,lot,1989,1525,7,1.5,445658.0,0,True,False,1
PRP-4153,LOC-4798,Land,1974,7368,5,4.5,308496.0,1,True,False,1
PRP-4154,LOC-1460,Single-Family,1959,6420,7,5.0,38746.0,3,False,True,3
PRP-4155,LOC-0170,SINGLE-FAMILY,2000,7661,4,5.0,15443.0,4,False,True,2
PRP-4156,LOC-4793,multi family,1989,5970,2,5.5,15240.0,4,True,False,2
PRP-4157,LOC-0270,multi family,1965,4326,4,4.5,33046.0,2,True,True,2
PRP-4158,LOC-1171,SINGLE-FAMILY,1959,1017,7,5.5,27033.0,3,False,False,3
PRP-4159,LOC-4878,SINGLE-FAMILY,2003,463,3,2.5,19531.0,3,True,False,2
PRP-4160,LOC-4572,Single-Family,1952,849,1,3.5,39330.0,2,True,False,2
PRP-4161,LOC-3731,Single Family Home,1992,1514,2,2.0,6554.0,0,True,True,1
PRP-4162,LOC-3846,TOWNHOUSE,1929,2507,2,3.5,49254.0,3,True,False,1
PRP-4163,LOC-1143,Multifamily,1927,4264,7,2.0,34752.0,1,False,False,2
PRP-4164,LOC-3530,Multi Family,1931,3959,5,4.5,13276.0,2,False,False,2
PRP-4165,LOC-4054,condominium,1940,2491,1,4.5,,1,True,False,1
PRP-4166,LOC-3139,Condominium,1964,7846,5,3.0,,2,True,False,3
PRP-4167,LOC-1907,single family,1984,2441,3,2.0,46208.0,1,False,True,2
PRP-4168,LOC-1624,SINGLE-FAMILY,1981,2469,4,4.0,49011.0,3,False,True,3
PRP-4169,LOC-3933,condo,1951,5645,3,5.5,,2,False,True,3
PRP-4170,LOC-4833,SINGLE-FAMILY,1955,409,5,3.0,40599.0,3,False,False,3
PRP-4171,LOC-4512,single family,1989,4853,4,2.0,19178.0,3,False,False,3
PRP-4172,LOC-1861,multi family,1948,1886,1,4.0,39818.0,3,True,True,2
PRP-4173,LOC-3039,Multi Family,1947,2067,2,4.0,41418.0,3,False,True,2
PRP-4174,LOC-0958,sfr,1941,6004,1,5.5,19411.0,1,False,False,3
PRP-4175,LOC-4514,Single Family Home,1997,568,2,3.0,43231.0,4,False,True,3
PRP-4176,LOC-1353,TOWNHOUSE,1990,6083,3,5.5,41450.0,4,False,True,1
PRP-4177,LOC-4164,CONDO,1970,5472,3,3.5,,3,False,True,3
PRP-4178,LOC-4265,single family,1979,1298,5,4.0,6395.0,1,True,True,1
PRP-4179,LOC-1122,SINGLE-FAMILY,1937,1914,4,1.5,37280.0,4,True,False,2
PRP-4180,LOC-0235,Single Family Home,2016,3219,1,4.5,26008.0,2,False,True,3
PRP-4181,LOC-2296,sfr,1930,1427,3,4.5,9124.0,0,False,False,1
PRP-4182,LOC-2510,TH,1963,5563,7,4.0,48749.0,0,False,False,2
PRP-4183,LOC-3724,SFR,2019,3721,7,1.5,8418.0,3,False,False,3
PRP-4184,LOC-4881,Single-Family,2008,1320,1,5.5,38401.0,4,False,False,3
PRP-4185,LOC-3937,SFR,1958,1662,4,2.5,28848.0,0,False,True,3
PRP-4186,LOC-2254,SFR,1937,407,3,4.5,18591.0,2,False,True,2
PRP-4187,LOC-1005,townhouse,2004,5184,1,1.0,34086.0,1,False,False,3
PRP-4188,LOC-2837,Condo,1953,3940,1,5.0,,4,False,False,2
PRP-4189,LOC-1282,Condo,1950,424,4,5.5,,2,False,False,2
PRP-4190,LOC-3045,Single Family Home,1978,1754,3,3.0,44906.0,0,False,False,3
PRP-4191,LOC-0926,condo,1959,6032,6,5.5,,3,False,True,1
PRP-4192,LOC-1426,condominium,1991,5071,5,2.0,,0,False,True,3
PRP-4193,LOC-3635,TH,1964,2760,7,4.0,9814.0,4,False,False,2
PRP-4194,LOC-4192,condo,1988,4608,6,4.5,,4,True,True,3
PRP-4195,LOC-1229,SINGLE-FAMILY,1976,5209,4,4.0,31767.0,0,False,False,1
PRP-4196,LOC-2848,condominium,2016,6173,1,3.0,,4,True,True,2
PRP-4197,LOC-4843,condominium,1943,1025,4,2.5,,4,False,True,1
PRP-4198,LOC-0781,condo,1931,2593,6,2.5,,4,True,True,3
PRP-4199,LOC-3105,Condominium,1971,3146,1,2.5,794.0,2,True,False,2
PRP-4200,LOC-4307,SFR,2018,6181,7,2.0,15182.0,0,True,True,1
PRP-4201,LOC-3007,Single Family Home,1989,2382,7,2.0,10532.0,0,False,True,1
PRP-4202,LOC-4767,multi family,1953,7460,4,4.5,40144.0,2,True,False,2
PRP-4203,LOC-2074,Multifamily,2000,3294,2,2.0,10608.0,4,False,False,2
PRP-4204,LOC-4139,Multi Family,1964,1710,2,1.0,25686.0,4,False,False,2
PRP-4205,LOC-0050,Town House,2002,7645,7,1.5,17211.0,4,False,False,1
PRP-4206,LOC-0727,SINGLE-FAMILY,2011,4269,7,2.0,39074.0,2,True,True,3
PRP-4207,LOC-3264,SINGLE-FAMILY,2015,657,5,1.5,20903.0,1,True,False,1
PRP-4208,LOC-0382,MULTI-FAMILY,2023,3883,6,3.5,20560.0,3,False,True,1
PRP-4209,LOC-0903,TOWNHOUSE,1935,617,3,4.5,43150.0,1,False,False,3
PRP-4210,LOC-3473,land,1972,7559,2,3.5,483707.0,1,True,False,3
PRP-4211,LOC-2350,sfr,1956,956,7,4.0,36613.0,2,False,False,2
PRP-4212,LOC-2994,Single-Family,1982,2000,2,2.0,2134.0,1,False,True,3
PRP-4213,LOC-0915,Town House,1942,731,2,1.0,34216.0,3,False,False,1
PRP-4214,LOC-0349,Condo,1987,1204,4,3.0,,1,False,True,1
PRP-4215,LOC-3775,condominium,1962,1778,4,2.0,722.0,2,False,True,3
PRP-4216,LOC-1690,townhouse,2000,4408,4,4.5,17592.0,0,False,True,3
PRP-4217,LOC-0738,Single-Family,2007,4914,3,5.0,24263.0,0,True,False,1
PRP-4218,LOC-0947,lot,1975,3486,6,2.0,409183.0,2,False,False,1
PRP-4219,LOC-4181,single family,2008,4046,7,5.0,6643.0,1,False,False,1
PRP-4220,LOC-0839,SINGLE-FAMILY,1983,7672,7,3.5,15335.0,1,False,True,1
PRP-4221,LOC-3999,sfr,2003,7743,7,3.5,28811.0,0,False,True,1
PRP-4222,LOC-0934,SFR,1976,4498,7,3.0,22045.0,0,True,False,2
PRP-4223,LOC-4382,multi family,1995,7397,5,4.0,6325.0,0,False,True,1
PRP-4224,LOC-4012,single family,2012,2476,5,5.5,14830.0,1,False,False,1
PRP-4225,LOC-1585,lot,1943,5780,7,1.5,470849.0,0,True,False,1
PRP-4226,LOC-4222,TOWNHOUSE,1926,2546,7,5.0,25853.0,2,False,True,3
PRP-4227,LOC-1683,CONDO,1992,1607,2,2.5,,0,False,True,2
PRP-4228,LOC-0644,townhouse,1937,597,1,5.0,4820.0,2,False,True,2
PRP-4229,LOC-1903,condo,1947,1376,1,3.5,,4,True,False,2
PRP-4230,LOC-2809,SFR,2015,3773,6,4.5,3192.0,2,False,False,1
PRP-4231,LOC-3474,SFR,1981,3664,3,1.0,11130.0,0,True,True,3
PRP-4232,LOC-2416,SFR,1952,3147,4,3.0,2454.0,4,False,True,2
PRP-4233,LOC-4637,Single-Family,1927,5806,5,2.5,33579.0,4,False,True,2
PRP-4234,LOC-1647,lot,1990,3759,3,4.0,245288.0,2,False,False,3
PRP-4235,LOC-1148,lot,1961,863,6,1.0,66869.0,1,False,True,2
PRP-4236,LOC-4894,multi family,2022,1930,7,1.5,25319.0,3,False,False,1
PRP-4237,LOC-2851,Townhouse,2010,6076,6,2.0,20721.0,0,False,True,3
PRP-4238,LOC-4113,Multifamily,1950,2651,7,3.5,10609.0,0,True,True,1
PRP-4239,LOC-4503,Condominium,1936,491,1,1.0,,1,False,False,1
PRP-4240,LOC-3957,SINGLE-FAMILY,1965,6062,7,3.5,35950.0,3,False,False,3
PRP-4241,LOC-1288,Town House,1943,5631,2,4.0,15633.0,2,True,True,1
PRP-4242,LOC-1018,CONDO,1983,3648,4,4.5,,1,False,True,2
PRP-4243,LOC-3966,Single-Family,1946,1051,3,1.5,35789.0,2,False,False,2
PRP-4244,LOC-4256,condo,2020,3514,3,5.5,,2,False,False,1
PRP-4245,LOC-0924,Single Family Home,1929,7714,7,1.5,46100.0,2,False,True,1
PRP-4246,LOC-3690,TH,1938,968,5,2.5,49320.0,3,True,True,3
PRP-4247,LOC-4219,single family,1998,6800,7,1.5,31690.0,0,False,True,2
PRP-4248,LOC-3568,townhouse,1994,5579,5,4.0,16547.0,4,False,True,3
PRP-4249,LOC-3747,Single Family Home,2013,6480,1,1.0,8670.0,2,True,True,3
PRP-4250,LOC-3881,townhouse,1959,1480,2,1.5,42726.0,0,False,True,1
PRP-4251,LOC-4693,SFR,1927,2431,1,2.5,25040.0,0,False,True,3
PRP-4252,LOC-0495,Single-Family,1943,1703,1,1.0,24901.0,2,False,True,1
PRP-4253,LOC-4670,Condo,1976,7313,3,3.0,,4,True,False,3
PRP-4254,LOC-2131,Single Family Home,1965,6104,6,4.0,24019.0,2,False,True,3
PRP-4255,LOC-2421,Condo,1953,4880,6,3.5,694.0,4,False,True,2
PRP-4256,LOC-0286,Condo,1970,4599,2,2.0,,0,False,True,1
PRP-4257,LOC-3911,lot,1973,4504,3,3.5,97277.0,0,False,True,1
PRP-4258,LOC-2246,single family,1930,7907,4,3.0,16013.0,4,True,True,2
PRP-4259,LOC-0910,SFR,2019,6310,1,3.0,35552.0,2,False,False,1
PRP-4260,LOC-2995,Condominium,1995,7627,5,2.5,,1,True,True,2
PRP-4261,LOC-0146,Condominium,1975,1475,3,4.5,,1,False,False,2
PRP-4262,LOC-0468,Condominium,1969,957,6,5.5,1105.0,1,True,True,3
PRP-4263,LOC-1331,Single Family Home,1968,7360,5,4.5,30763.0,1,True,False,2
PRP-4264,LOC-2287,SINGLE-FAMILY,1985,7914,4,5.0,12648.0,4,True,True,2
PRP-4265,LOC-2303,SFR,2018,2260,6,4.5,13249.0,1,True,True,3
PRP-4266,LOC-4974,sfr,1964,6237,5,5.5,29090.0,1,False,True,2
PRP-4267,LOC-4266,Lot,1987,6355,6,4.5,41145.0,0,True,False,3
PRP-4268,LOC-1688,townhouse,1966,1610,4,5.5,47817.0,3,False,False,2
PRP-4269,LOC-3332,Condominium,1979,3115,3,2.5,,0,False,False,1
PRP-4270,LOC-1233,condo,2023,5577,5,1.5,,4,True,True,1
PRP-4271,LOC-4196,Single-Family,2002,7051,1,2.5,46128.0,0,True,True,1
PRP-4272,LOC-2406,SFR,1954,4458,2,3.0,18219.0,0,True,True,1
PRP-4273,LOC-0490,MULTI-FAMILY,1978,7234,7,4.5,13551.0,2,True,False,1
PRP-4274,LOC-4692,multi family,1928,4282,4,3.0,18241.0,0,False,True,1
PRP-4275,LOC-1104,Condominium,2001,3071,1,5.5,1431.0,4,False,True,2
PRP-4276,LOC-4080,condominium,1990,3243,5,2.5,,3,False,False,1
PRP-4277,LOC-0603,Condominium,2012,7824,5,4.5,,3,False,False,3
PRP-4278,LOC-2413,CONDO,2015,2570,7,1.5,,3,False,True,3
PRP-4279,LOC-3671,SFR,2015,5094,7,3.0,42950.0,4,True,False,3
PRP-4280,LOC-3591,Single-Family,1975,6720,7,1.0,13725.0,1,True,True,1
PRP-4281,LOC-2938,Town House,1938,4394,2,1.0,21322.0,1,True,True,1
PRP-4282,LOC-2376,single family,1972,6364,4,3.5,33737.0,3,False,False,2
PRP-4283,LOC-3272,Multi Family,1968,1594,1,5.5,37048.0,3,True,False,1
PRP-4284,LOC-2512,Single Family Home,1954,2010,1,5.0,6124.0,1,True,True,1
PRP-4285,LOC-2357,condominium,1959,6416,1,1.5,,1,False,True,3
PRP-4286,LOC-2424,single family,1921,4679,3,5.0,10344.0,3,False,False,3
PRP-4287,LOC-0733,lot,2007,5739,2,5.0,388358.0,1,True,True,2
PRP-4288,LOC-0549,sfr,2006,2631,4,1.0,14160.0,3,False,True,1
PRP-4289,LOC-3498,single family,2012,4865,7,2.5,46538.0,4,False,False,3
PRP-4290,LOC-1086,Single-Family,1921,5297,5,2.0,45361.0,4,False,False,3
PRP-4291,LOC-3865,sfr,2010,1725,7,3.5,6116.0,2,False,True,2
PRP-4292,LOC-2443,SINGLE-FAMILY,1973,6859,2,3.5,14532.0,0,True,True,1
PRP-4293,LOC-1948,Multi Family,1982,1535,2,4.0,9097.0,3,True,True,2
PRP-4294,LOC-2925,SFR,2021,7231,5,1.5,11725.0,1,False,False,3
PRP-4295,LOC-0938,Lot,1935,6011,3,2.5,105916.0,2,True,True,3
PRP-4296,LOC-4321,Condo,2021,6683,6,4.5,,1,False,False,3
PRP-4297,LOC-0238,Single Family Home,1999,2423,3,1.5,26591.0,4,True,True,3
PRP-4298,LOC-0429,Town House,2014,6056,3,5.0,14409.0,1,False,False,1
PRP-4299,LOC-4389,Town House,1935,6152,3,1.5,11315.0,1,True,False,1
PRP-4300,LOC-4685,Condominium,1921,4453,2,5.5,,3,False,True,2
PRP-4301,LOC-3484,Single Family Home,2015,7122,1,4.0,2120.0,1,True,True,2
PRP-4302,LOC-1225,condo,2006,7906,4,4.0,,2,True,False,1
PRP-4303,LOC-0543,townhouse,1933,7178,3,4.0,29781.0,3,True,False,1
PRP-4304,LOC-4869,Condominium,1977,3708,4,5.5,,3,True,False,1
PRP-4305,LOC-3072,sfr,1968,1760,3,3.0,34034.0,0,False,True,1
PRP-4306,LOC-2325,condo,1935,5973,4,4.0,,2,True,True,3
PRP-4307,LOC-2626,single family,1944,2975,1,4.5,37093.0,3,False,True,2
PRP-4308,LOC-1256,single family,1945,6691,1,4.0,33233.0,4,False,False,3
PRP-4309,LOC-3846,Single Family Home,1930,5291,4,4.5,26726.0,2,False,True,3
PRP-4310,LOC-4154,SINGLE-FAMILY,2007,4876,7,4.5,36126.0,3,False,True,1
PRP-4311,LOC-1112,Condominium,1954,3412,4,4.0,70.0,4,True,True,2
PRP-4312,LOC-3124,Single-Family,2018,1740,3,5.5,45351.0,4,True,False,2
PRP-4313,LOC-4806,Single-Family,1927,1061,4,3.0,37894.0,4,True,True,3
PRP-4314,LOC-4170,sfr,1948,1910,5,4.5,47206.0,1,False,True,2
PRP-4315,LOC-3932,TOWNHOUSE,2000,6167,1,3.0,29967.0,0,False,True,1
PRP-4316,LOC-1001,condominium,1955,6972,1,2.5,,3,True,True,2
PRP-4317,LOC-4402,SINGLE-FAMILY,1974,2878,7,2.5,48941.0,1,False,True,1
PRP-4318,LOC-0395,Lot,1976,872,6,3.5,488475.0,2,False,True,2
PRP-4319,LOC-3093,condominium,1954,5669,5,3.0,,1,False,False,3
PRP-4320,LOC-4211,CONDO,2018,6452,2,2.0,,3,False,False,3
PRP-4321,LOC-0868,Single Family Home,1989,4628,6,4.0,47278.0,0,True,False,2
PRP-4322,LOC-0646,townhouse,1933,1776,1,3.0,31728.0,4,True,True,2
PRP-4323,LOC-3605,Town House,1977,1936,2,1.0,27715.0,1,False,False,2
PRP-4324,LOC-1121,sfr,1961,3120,3,4.0,35845.0,2,False,False,3
PRP-4325,LOC-2567,Townhouse,1929,7611,5,3.5,44662.0,3,False,False,2
PRP-4326,LOC-2300,Single-Family,1965,7012,5,3.0,37747.0,3,True,True,1
PRP-4327,LOC-2833,Single Family Home,1973,6446,4,1.5,6845.0,2,True,False,3
PRP-4328,LOC-1551,CONDO,1988,1865,2,2.0,,3,True,True,2
PRP-4329,LOC-0287,Townhouse,2013,2461,2,1.0,42629.0,1,True,False,3
PRP-4330,LOC-2051,single family,1986,3905,5,1.5,10491.0,4,False,True,3
PRP-4331,LOC-1259,Single Family Home,1952,2159,5,5.0,34079.0,0,True,True,2
PRP-4332,LOC-2179,land,1993,2505,1,3.5,24102.0,0,True,True,3
PRP-4333,LOC-1902,SINGLE-FAMILY,1980,987,6,5.0,7196.0,4,False,True,2
PRP-4334,LOC-1062,Land,2005,7765,4,3.0,100773.0,3,True,False,3
PRP-4335,LOC-1035,Condo,1928,7369,1,1.5,,0,False,True,2
PRP-4336,LOC-1469,Lot,1974,4542,1,3.0,498824.0,3,False,True,2
PRP-4337,LOC-2625,single family,1966,7694,3,5.0,33053.0,1,True,False,3
PRP-4338,LOC-3570,Multifamily,1951,6739,4,5.5,40323.0,1,False,False,2
PRP-4339,LOC-1275,multi family,1939,5078,4,3.0,43286.0,2,True,True,3
PRP-4340,LOC-3477,SFR,1981,2096,6,5.5,47625.0,3,True,True,2
PRP-4341,LOC-3974,land,1949,7421,1,1.0,79285.0,2,False,True,1
PRP-4342,LOC-3969,sfr,1967,5251,1,2.0,21226.0,3,False,True,3
PRP-4343,LOC-2125,Condominium,2016,697,2,1.5,,2,True,True,1
PRP-4344,LOC-2254,condominium,2004,5598,7,2.0,,3,False,True,1
PRP-4345,LOC-1543,CONDO,1931,5855,6,4.5,,3,True,False,2
PRP-4346,LOC-3210,townhouse,1993,3567,4,4.0,3107.0,3,False,False,3
PRP-4347,LOC-0419,condo,1988,6790,5,4.0,,1,True,True,3
PRP-4348,LOC-3096,Condo,2003,552,3,3.0,,3,True,False,1
PRP-4349,LOC-0392,SINGLE-FAMILY,2004,1571,2,2.0,18559.0,3,False,False,1
PRP-4350,LOC-3139,TOWNHOUSE,1940,2470,1,4.0,19294.0,3,False,False,2
PRP-4351,LOC-1581,Single-Family,2018,436,2,2.5,8808.0,3,True,False,3
PRP-4352,LOC-2884,Single Family Home,1989,3572,4,4.5,45564.0,1,True,True,3
PRP-4353,LOC-2752,Condo,1939,1583,5,4.5,,4,False,False,3
PRP-4354,LOC-3344,condo,1935,5224,5,5.0,,0,False,False,2
PRP-4355,LOC-0645,SFR,1971,867,3,3.0,45137.0,1,True,False,3
PRP-4356,LOC-4138,condominium,1971,7463,1,4.5,,4,False,False,3
PRP-4357,LOC-0227,SINGLE-FAMILY,1966,4770,4,2.5,30310.0,0,True,True,3
PRP-4358,LOC-2683,single family,1937,3321,5,2.5,42217.0,2,False,True,1
PRP-4359,LOC-0338,SINGLE-FAMILY,2019,3946,2,1.5,36487.0,0,False,False,1
PRP-4360,LOC-1844,Single-Family,1977,7961,4,4.0,24723.0,1,True,True,1
PRP-4361,LOC-0780,single family,2008,4654,1,1.0,28172.0,4,True,False,1
PRP-4362,LOC-2275,SINGLE-FAMILY,1935,1877,7,3.0,45217.0,4,False,True,1
PRP-4363,LOC-0687,single family,1964,1645,2,3.0,32254.0,2,True,False,1
PRP-4364,LOC-4574,sfr,2017,1701,5,3.5,20615.0,4,True,False,3
PRP-4365,LOC-1034,SINGLE-FAMILY,1935,7931,4,5.5,4025.0,1,False,False,3
PRP-4366,LOC-4450,Single-Family,1949,5595,6,1.5,49491.0,4,True,False,2
PRP-4367,LOC-0065,Single Family Home,1955,5939,1,2.0,40076.0,1,True,True,3
PRP-4368,LOC-4334,TOWNHOUSE,1935,2732,4,1.5,42045.0,3,True,False,1
PRP-4369,LOC-0274,Single Family Home,1995,2053,1,5.5,5282.0,0,False,True,3
PRP-4370,LOC-2125,Condo,1932,7454,6,2.5,,0,True,True,2
PRP-4371,LOC-1660,Single-Family,1922,2699,4,4.0,34567.0,0,False,True,2
PRP-4372,LOC-0612,Single Family Home,1960,1010,7,5.5,49124.0,4,True,True,1
PRP-4373,LOC-1993,Condominium,1929,7547,7,4.5,,4,True,False,1
PRP-4374,LOC-4978,townhouse,1921,6350,4,2.0,8869.0,1,False,True,3
PRP-4375,LOC-2077,SFR,1935,2600,2,5.0,21400.0,1,False,True,1
PRP-4376,LOC-3416,Condominium,1946,1889,2,4.5,,2,True,False,1
PRP-4377,LOC-1027,TOWNHOUSE,2009,2075,3,2.5,23801.0,1,False,False,2
PRP-4378,LOC-0382,Multi-Family,2018,4370,4,4.0,29056.0,4,False,False,2
PRP-4379,LOC-2608,sfr,1954,6492,6,5.5,12877.0,2,False,False,3
PRP-4380,LOC-4822,MULTI-FAMILY,1950,3931,3,2.0,21494.0,1,False,True,3
PRP-4381,LOC-0053,SINGLE-FAMILY,1927,7000,4,4.0,6864.0,2,False,False,3
PRP-4382,LOC-0318,TOWNHOUSE,1990,740,7,4.0,41125.0,3,True,True,1
PRP-4383,LOC-0448,TOWNHOUSE,1939,1678,5,3.5,35579.0,0,False,True,1
PRP-4384,LOC-4320,MULTI-FAMILY,1986,2794,4,1.0,10500.0,1,False,False,2
PRP-4385,LOC-4285,Condo,1921,6337,1,3.5,,2,False,True,3
PRP-4386,LOC-4186,TH,1975,7927,5,1.5,44762.0,4,False,False,2
PRP-4387,LOC-1716,Town House,2010,2855,4,3.0,43457.0,0,False,False,1
PRP-4388,LOC-4466,MULTI-FAMILY,1940,5825,5,1.0,14278.0,3,False,True,3
PRP-4389,LOC-1848,TH,1981,6484,5,5.5,23791.0,3,True,False,3
PRP-4390,LOC-2781,Multifamily,1929,2097,1,3.0,48394.0,0,True,True,2
PRP-4391,LOC-0499,CONDO,1967,5319,7,5.0,,2,False,False,1
PRP-4392,LOC-2868,Condominium,1964,5713,5,5.5,,0,False,False,3
PRP-4393,LOC-0179,condo,2014,5153,5,3.5,,4,True,True,2
PRP-4394,LOC-0365,condominium,2018,7715,6,2.5,,1,False,False,1
PRP-4395,LOC-3674,MULTI-FAMILY,1948,5087,1,3.5,42171.0,0,False,False,2
PRP-4396,LOC-2006,Land,1925,795,5,5.0,60927.0,2,False,False,2
PRP-4397,LOC-4962,Single-Family,1969,2051,1,4.0,40346.0,1,True,True,3
PRP-4398,LOC-0693,SINGLE-FAMILY,1953,7763,1,4.0,25700.0,1,True,True,1
PRP-4399,LOC-2513,condo,1921,5620,5,2.0,,3,True,False,1
PRP-4400,LOC-4976,SFR,2017,3350,2,3.0,31442.0,4,True,True,3
PRP-4401,LOC-1477,CONDO,1986,4052,1,5.0,,2,False,True,1
PRP-4402,LOC-0806,Single-Family,2008,5398,3,1.5,12345.0,2,True,False,3
PRP-4403,LOC-3157,Condominium,1982,745,5,4.5,,2,True,True,3
PRP-4404,LOC-2029,SFR,1928,2173,3,4.0,46304.0,0,False,True,1
PRP-4405,LOC-4252,Single-Family,1943,1296,1,3.5,3005.0,2,False,False,3
PRP-4406,LOC-2942,Single-Family,1962,2832,1,4.0,16260.0,2,False,False,1
PRP-4407,LOC-2818,sfr,1964,4143,3,4.5,17854.0,4,False,False,2
PRP-4408,LOC-2186,Single-Family,1983,3565,7,2.5,21879.0,3,False,False,1
PRP-4409,LOC-3021,Single-Family,1951,5102,4,3.5,31399.0,0,True,False,1
PRP-4410,LOC-4076,Condo,1932,7253,4,3.0,1965.0,1,True,False,1
PRP-4411,LOC-4649,MULTI-FAMILY,2004,5052,2,4.0,7549.0,1,False,True,3
PRP-4412,LOC-3038,Condominium,1925,5594,5,2.5,,2,False,False,2
PRP-4413,LOC-1007,TH,1953,5635,4,3.0,46822.0,0,False,False,2
PRP-4414,LOC-2729,sfr,1996,7163,6,1.5,47033.0,2,False,True,1
PRP-4415,LOC-3635,Multi Family,1960,4355,7,1.5,41040.0,0,False,False,2
PRP-4416,LOC-2485,TOWNHOUSE,2013,4753,3,5.0,39508.0,2,False,False,2
PRP-4417,LOC-4642,Single-Family,2009,6489,7,1.0,35706.0,3,True,False,3
PRP-4418,LOC-2442,LAND,2013,7619,2,1.0,267281.0,4,True,True,3
PRP-4419,LOC-4020,Town House,1976,1289,5,1.0,20431.0,0,False,False,3
PRP-4420,LOC-1468,Condo,1948,4673,3,4.0,,4,False,False,1
PRP-4421,LOC-0338,Multi-Family,1930,2376,7,3.0,45957.0,3,True,False,1
PRP-4422,LOC-2630,sfr,2014,3947,3,1.5,10404.0,2,True,False,1
PRP-4423,LOC-3933,Condo,2008,5967,6,4.0,,3,False,False,3
PRP-4424,LOC-4584,Condominium,2002,2974,1,4.5,,2,False,False,1
PRP-4425,LOC-3111,CONDO,1962,6018,4,1.0,574.0,3,True,False,1
PRP-4426,LOC-3716,MULTI-FAMILY,2017,4149,6,1.5,25610.0,4,False,True,3
PRP-4427,LOC-4678,Condo,2011,3603,1,5.0,,4,True,True,1
PRP-4428,LOC-3068,condo,1960,4541,2,5.5,,1,False,False,3
PRP-4429,LOC-1127,condominium,1937,7832,5,4.5,,0,False,False,2
PRP-4430,LOC-3116,Town House,1968,1243,6,4.0,9270.0,4,True,False,3
PRP-4431,LOC-2250,single family,1931,6607,6,1.0,33237.0,1,False,True,3
PRP-4432,LOC-4177,SFR,1994,2527,6,2.0,11571.0,3,True,True,3
PRP-4433,LOC-0797,Single Family Home,1929,7918,2,5.5,29844.0,3,True,True,3
PRP-4434,LOC-1042,SINGLE-FAMILY,1928,1990,7,5.0,40741.0,3,False,True,3
PRP-4435,LOC-3121,townhouse,1967,6263,7,3.0,6752.0,3,False,True,3
PRP-4436,LOC-3573,MULTI-FAMILY,1928,4930,6,1.0,23400.0,0,False,True,1
PRP-4437,LOC-1208,CONDO,1946,3831,2,4.0,,1,False,True,3
PRP-4438,LOC-3959,Townhouse,1968,1612,3,4.0,49746.0,3,False,True,2
PRP-4439,LOC-4125,condominium,1958,4935,5,1.0,,1,False,False,3
PRP-4440,LOC-4517,SFR,1933,6043,5,4.0,40947.0,1,False,True,3
PRP-4441,LOC-1358,SFR,1994,5062,3,3.0,14778.0,4,True,True,1
PRP-4442,LOC-4286,Single Family Home,2005,1283,3,3.0,16578.0,0,True,True,2
PRP-4443,LOC-3945,lot,1986,3107,7,2.0,240069.0,1,True,True,2
PRP-4444,LOC-3559,MULTI-FAMILY,2003,3830,3,1.0,20765.0,1,False,True,3
PRP-4445,LOC-4492,condo,1968,1780,4,4.0,,3,False,True,2
PRP-4446,LOC-3379,Single Family Home,1978,1203,7,4.5,30962.0,2,False,False,1
PRP-4447,LOC-3107,Townhouse,1927,7575,2,3.5,28900.0,4,True,False,2
PRP-4448,LOC-2093,condominium,1980,5165,3,3.5,,4,False,True,2
PRP-4449,LOC-0992,Single Family Home,2001,4726,5,4.5,28669.0,3,False,True,3
PRP-4450,LOC-4624,SINGLE-FAMILY,1938,7493,6,5.0,7030.0,4,True,True,3
PRP-4451,LOC-4456,Single-Family,1939,4397,6,4.0,45122.0,0,True,False,2
PRP-4452,LOC-3477,Condominium,1949,4908,1,2.0,,2,False,True,2
PRP-4453,LOC-4036,Condo,1976,5797,2,4.0,,3,False,False,1
PRP-4454,LOC-2261,SINGLE-FAMILY,1935,2286,3,4.5,38754.0,3,True,False,1
PRP-4455,LOC-4572,SFR,1920,468,7,4.0,25560.0,2,False,False,2
PRP-4456,LOC-3581,Multi Family,1975,3004,2,4.0,47571.0,3,True,True,2
PRP-4457,LOC-0572,Multi Family,1999,4148,1,5.5,42706.0,0,False,False,2
PRP-4458,LOC-0624,Condominium,2016,2576,6,2.5,1131.0,4,True,False,3
PRP-4459,LOC-4613,Single-Family,1958,5254,3,4.0,15454.0,2,True,True,1
PRP-4460,LOC-0730,Condo,1963,4442,7,5.0,,0,False,False,1
PRP-4461,LOC-1540,TOWNHOUSE,1930,7254,3,5.5,30173.0,1,False,False,1
PRP-4462,LOC-4967,condominium,1983,7730,4,2.0,1307.0,3,True,True,1
PRP-4463,LOC-3066,condo,2020,1598,4,2.0,,0,True,True,1
PRP-4464,LOC-3488,Town House,1987,2749,4,5.0,6193.0,4,False,False,2
PRP-4465,LOC-3116,SINGLE-FAMILY,1975,3626,2,1.0,31410.0,4,True,True,1
PRP-4466,LOC-4343,Single-Family,1992,5893,1,1.5,37658.0,2,False,False,2
PRP-4467,LOC-0197,MULTI-FAMILY,1987,1730,1,5.0,44988.0,0,False,True,2
PRP-4468,LOC-4497,Single-Family,1974,5098,6,4.0,10203.0,4,False,True,2
PRP-4469,LOC-4913,Townhouse,1995,6310,7,5.5,45602.0,3,True,False,1
PRP-4470,LOC-4109,SINGLE-FAMILY,2000,3471,1,4.0,35448.0,3,False,True,2
PRP-4471,LOC-2594,sfr,1987,4104,5,5.0,7905.0,0,True,True,1
PRP-4472,LOC-2966,condominium,1977,1927,4,3.5,,2,False,True,2
PRP-4473,LOC-4344,condo,2007,2024,5,3.0,,0,True,False,1
PRP-4474,LOC-3812,SFR,1998,7293,7,4.5,6405.0,4,True,False,2
PRP-4475,LOC-2351,TH,1945,7573,3,4.0,15102.0,0,True,True,1
PRP-4476,LOC-1078,townhouse,1995,3382,7,5.0,5264.0,4,False,False,1
PRP-4477,LOC-1524,townhouse,2014,4783,1,4.0,31835.0,3,False,False,2
PRP-4478,LOC-0592,Town House,1937,977,7,1.0,5258.0,4,False,False,2
PRP-4479,LOC-1913,multi family,1928,907,6,4.5,43212.0,0,False,True,3
PRP-4480,LOC-1701,Condo,1983,6440,5,5.5,693.0,3,False,False,1
PRP-4481,LOC-2714,Condominium,1956,3339,2,5.0,,0,False,False,3
PRP-4482,LOC-4987,TH,1980,4402,4,4.0,37461.0,4,False,True,1
PRP-4483,LOC-0943,single family,1994,6151,5,3.0,38641.0,2,True,True,1
PRP-4484,LOC-3177,SFR,1996,6116,6,5.5,47507.0,1,True,False,1
PRP-4485,LOC-4730,condominium,1996,2119,2,1.0,1141.0,1,False,False,3
PRP-4486,LOC-3334,single family,2011,2317,4,4.0,13270.0,2,False,False,3
PRP-4487,LOC-1889,Condo,1983,2995,4,5.0,,0,False,False,1
PRP-4488,LOC-4263,multi family,1941,6496,1,4.5,35046.0,4,False,True,2
PRP-4489,LOC-3833,Single Family Home,1969,7547,6,5.5,22428.0,4,False,True,2
PRP-4490,LOC-4999,townhouse,1923,3501,1,3.0,20638.0,4,False,False,3
PRP-4491,LOC-4797,sfr,2014,1437,5,1.0,17020.0,0,False,True,1
PRP-4492,LOC-2525,single family,1990,7906,3,2.0,18335.0,2,False,True,1
PRP-4493,LOC-1447,SINGLE-FAMILY,1975,4359,4,5.0,34577.0,4,True,False,2
PRP-4494,LOC-1095,LAND,1986,7141,6,1.0,193209.0,2,False,True,2
PRP-4495,LOC-2256,multi family,1973,5745,7,3.0,11835.0,2,True,True,1
PRP-4496,LOC-2039,SINGLE-FAMILY,2020,2761,5,1.0,25136.0,1,True,False,2
PRP-4497,LOC-3481,Lot,2001,4790,7,2.0,442624.0,1,True,False,2
PRP-4498,LOC-2424,condo,1997,4810,7,3.5,181.0,2,False,False,2
PRP-4499,LOC-2307,MULTI-FAMILY,1926,3669,1,2.0,20569.0,0,True,False,1
PRP-4500,LOC-4209,Single-Family,1920,3001,6,3.0,36470.0,1,False,True,1
PRP-4501,LOC-2435,condominium,1929,4669,7,4.5,,2,True,False,2
PRP-4502,LOC-2060,condo,1988,4960,4,1.0,973.0,2,False,False,2
PRP-4503,LOC-4437,Town House,1950,2738,2,2.0,47204.0,4,False,False,2
PRP-4504,LOC-1298,Townhouse,1983,6047,5,1.5,32638.0,2,True,True,2
PRP-4505,LOC-3163,condo,1943,5241,3,2.0,,1,False,False,1
PRP-4506,LOC-2027,Multi-Family,1992,5924,1,2.0,9120.0,2,True,True,2
PRP-4507,LOC-1445,Condominium,2000,2542,6,5.5,,1,True,True,1
PRP-4508,LOC-4979,SFR,1949,1457,2,5.0,42068.0,2,False,False,3
PRP-4509,LOC-3996,single family,2003,4214,3,1.0,10220.0,4,True,False,3
PRP-4510,LOC-3610,sfr,1963,574,5,2.0,12762.0,0,True,False,3
PRP-4511,LOC-2120,Multi Family,1965,1625,7,2.5,5519.0,0,True,True,2
PRP-4512,LOC-4750,Single Family Home,1994,2111,4,1.5,4437.0,4,False,False,1
PRP-4513,LOC-0606,SINGLE-FAMILY,1996,3391,4,5.0,37170.0,0,True,True,1
PRP-4514,LOC-2216,condominium,1934,4084,7,3.0,877.0,0,True,False,3
PRP-4515,LOC-1911,SFR,1986,5766,4,4.0,3061.0,0,False,True,1
PRP-4516,LOC-0737,Single-Family,1987,4453,1,5.0,33352.0,0,False,False,1
PRP-4517,LOC-1253,townhouse,1933,6223,3,4.5,41755.0,4,True,True,3
PRP-4518,LOC-0658,SINGLE-FAMILY,1985,5963,4,1.5,33531.0,2,False,True,2
PRP-4519,LOC-4295,MULTI-FAMILY,1928,1342,3,5.0,43762.0,2,False,True,1
PRP-4520,LOC-2971,Townhouse,1965,6132,4,2.5,46179.0,4,False,True,1
PRP-4521,LOC-0922,Single-Family,1972,1718,5,5.0,41033.0,4,True,True,2
PRP-4522,LOC-0190,Condominium,1989,2368,6,4.0,,4,False,True,1
PRP-4523,LOC-0508,Single-Family,1994,4913,4,1.0,41570.0,0,False,False,2
PRP-4524,LOC-3314,sfr,1938,5653,1,5.0,25998.0,2,True,False,2
PRP-4525,LOC-2189,Single-Family,1939,5986,1,5.5,4375.0,4,False,False,2
PRP-4526,LOC-3970,SFR,2023,1173,2,4.5,42358.0,1,False,False,2
PRP-4527,LOC-0052,TH,1938,7213,1,3.0,17063.0,1,True,False,3
PRP-4528,LOC-2233,TH,2018,7685,7,2.0,33798.0,3,False,True,3
PRP-4529,LOC-2700,sfr,2017,4297,5,3.5,25231.0,3,False,True,2
PRP-4530,LOC-1748,condominium,1997,7746,5,1.5,,0,False,False,2
PRP-4531,LOC-4693,SINGLE-FAMILY,1967,1435,1,5.0,20331.0,4,True,False,2
PRP-4532,LOC-1899,Town House,1931,5290,7,5.5,30036.0,4,False,False,3
PRP-4533,LOC-4190,SINGLE-FAMILY,2002,7863,4,5.5,36675.0,1,False,False,1
PRP-4534,LOC-0498,Condo,1962,6868,5,3.5,,0,True,False,3
PRP-4535,LOC-1507,sfr,1967,4141,5,1.5,12191.0,0,True,False,2
PRP-4536,LOC-4421,Single-Family,2008,7786,5,1.5,25595.0,4,True,True,1
PRP-4537,LOC-0895,Condo,2018,6526,1,3.0,,0,False,False,3
PRP-4538,LOC-4586,condo,1958,5213,2,4.0,654.0,0,True,True,3
PRP-4539,LOC-1430,townhouse,1969,7210,2,4.5,15450.0,0,False,True,3
PRP-4540,LOC-4559,Single Family Home,1967,1881,7,2.5,37129.0,3,True,False,2
PRP-4541,LOC-1060,sfr,2008,4745,4,2.0,5903.0,3,False,False,3
PRP-4542,LOC-4905,Single-Family,1931,498,1,3.0,38079.0,3,False,False,3
PRP-4543,LOC-0949,CONDO,1930,912,4,3.5,1334.0,3,False,True,1
PRP-4544,LOC-4152,condo,1971,6496,2,1.0,1457.0,4,False,True,3
PRP-4545,LOC-2867,Condominium,2011,6073,1,3.0,,0,False,False,1
PRP-4546,LOC-2432,condo,2009,622,4,5.5,862.0,2,False,False,2
PRP-4547,LOC-4027,Townhouse,1947,2959,3,1.5,36689.0,3,True,True,2
PRP-4548,LOC-2391,Multifamily,1963,3244,7,3.0,17629.0,4,False,True,1
PRP-4549,LOC-0452,Multi-Family,1942,2412,3,5.0,11966.0,2,False,True,1
PRP-4550,LOC-3829,condo,2007,1880,5,1.0,,1,True,True,3
PRP-4551,LOC-0604,Condo,1979,1265,4,2.5,,4,True,False,3
PRP-4552,LOC-4556,CONDO,1961,4908,4,2.0,,3,True,True,1
PRP-4553,LOC-4855,Single-Family,1971,3798,3,4.5,37094.0,0,True,False,1
PRP-4554,LOC-1557,Townhouse,1950,7206,6,4.5,20610.0,4,False,True,3
PRP-4555,LOC-1826,SFR,1932,797,3,2.5,49697.0,2,False,False,1
PRP-4556,LOC-4944,single family,1951,7729,5,1.5,23608.0,1,False,True,1
PRP-4557,LOC-3385,Single-Family,1955,6320,6,4.0,2491.0,0,False,False,3
PRP-4558,LOC-3508,townhouse,1950,3214,6,4.5,46175.0,0,True,False,3
PRP-4559,LOC-3336,Single-Family,1924,4524,2,1.5,47647.0,4,False,False,2
PRP-4560,LOC-3690,single family,1990,3231,1,5.0,49607.0,3,False,False,3
PRP-4561,LOC-3295,Single Family Home,1977,4182,6,2.0,46499.0,4,True,True,1
PRP-4562,LOC-0344,SFR,2002,7956,5,5.0,42687.0,2,False,True,1
PRP-4563,LOC-2554,Single Family Home,2017,3246,5,4.5,45537.0,4,False,False,2
PRP-4564,LOC-1314,Condo,1958,2906,2,2.0,,2,True,True,1
PRP-4565,LOC-0249,TOWNHOUSE,1938,6736,1,2.0,19633.0,2,True,False,3
PRP-4566,LOC-3197,condominium,1991,3063,5,2.0,1073.0,3,False,True,2
PRP-4567,LOC-4563,Multi-Family,2009,7643,4,5.5,27855.0,0,True,False,3
PRP-4568,LOC-0578,condominium,2001,4975,3,1.5,,0,False,False,3
PRP-4569,LOC-2579,sfr,1929,1912,4,3.0,3275.0,3,False,False,3
PRP-4570,LOC-2935,Condo,1938,5399,1,4.5,,0,True,False,1
PRP-4571,LOC-4950,TH,1933,4478,7,3.5,43406.0,3,False,False,2
PRP-4572,LOC-0253,sfr,1946,708,1,4.5,10528.0,1,False,False,3
PRP-4573,LOC-4358,Multi Family,1940,6970,7,4.5,12104.0,4,True,False,1
PRP-4574,LOC-0417,SFR,2001,4243,5,3.5,26356.0,2,False,False,3
PRP-4575,LOC-4982,SINGLE-FAMILY,2021,4867,4,3.5,3577.0,2,False,True,2
PRP-4576,LOC-4937,condo,1976,985,4,4.5,926.0,3,True,False,2
PRP-4577,LOC-3734,condo,1983,667,7,1.0,,4,False,False,2
PRP-4578,LOC-1799,Single-Family,1927,5831,7,4.5,4386.0,1,False,False,1
PRP-4579,LOC-2724,land,1991,7068,5,1.5,61008.0,2,False,True,1
PRP-4580,LOC-2338,Single-Family,1943,2398,3,5.0,33282.0,1,False,False,3
PRP-4581,LOC-0960,multi family,1957,3080,2,3.0,48097.0,1,False,False,1
PRP-4582,LOC-0083,SFR,1977,7981,6,5.0,36113.0,2,True,True,1
PRP-4583,LOC-4120,Condominium,1970,3863,2,4.5,1289.0,1,False,True,2
PRP-4584,LOC-2223,SINGLE-FAMILY,2013,5540,5,3.0,10979.0,0,True,False,1
PRP-4585,LOC-4781,lot,1930,7646,7,5.5,313305.0,2,False,True,1
PRP-4586,LOC-4474,Single-Family,1973,3739,2,5.0,49097.0,4,False,False,2
PRP-4587,LOC-3100,SFR,1934,1114,5,4.0,24236.0,2,True,True,2
PRP-4588,LOC-0169,SFR,1963,604,7,4.0,3795.0,1,False,False,3
PRP-4589,LOC-3275,TH,1999,7606,4,3.0,37156.0,3,True,True,1
PRP-4590,LOC-3021,SINGLE-FAMILY,1979,7800,6,5.0,15796.0,3,False,False,3
PRP-4591,LOC-3643,land,1926,5548,3,1.5,102293.0,4,False,False,2
PRP-4592,LOC-1286,condo,1961,458,4,1.5,,1,False,False,2
PRP-4593,LOC-1601,single family,1958,4999,4,2.5,46177.0,0,False,True,3
PRP-4594,LOC-3114,Multi-Family,1966,3295,1,3.0,49374.0,3,False,False,2
PRP-4595,LOC-0844,sfr,1946,7986,4,2.0,30873.0,0,False,False,1
PRP-4596,LOC-3651,sfr,1950,1897,4,3.5,18073.0,1,False,False,3
PRP-4597,LOC-2000,single family,1964,3997,3,2.0,17816.0,2,True,True,1
PRP-4598,LOC-1955,Condominium,1945,6200,3,1.0,,2,True,True,3
PRP-4599,LOC-1283,sfr,1983,5008,1,3.5,16444.0,3,False,False,2
PRP-4600,LOC-1752,CONDO,1981,7935,1,3.0,,0,True,False,2
PRP-4601,LOC-2097,Single-Family,1948,7200,6,2.5,36687.0,3,False,True,1
PRP-4602,LOC-2241,sfr,1965,4572,7,5.0,38138.0,3,False,False,1
PRP-4603,LOC-4465,lot,2016,4116,7,3.5,355445.0,4,True,True,1
PRP-4604,LOC-2966,SINGLE-FAMILY,1941,1240,5,3.5,3900.0,4,True,True,3
PRP-4605,LOC-4719,Multifamily,1928,1679,1,1.0,30685.0,0,False,False,2
PRP-4606,LOC-3338,condominium,1951,750,5,4.5,,2,False,True,2
PRP-4607,LOC-1722,SINGLE-FAMILY,2016,2362,1,1.0,39562.0,0,False,True,1
PRP-4608,LOC-3692,Condo,2019,3915,1,2.0,,2,False,True,2
PRP-4609,LOC-0471,condo,2017,6101,4,4.5,1723.0,2,True,True,3
PRP-4610,LOC-0667,condo,1946,1784,3,3.5,,4,False,True,3
PRP-4611,LOC-3539,SINGLE-FAMILY,1938,7682,2,2.5,20746.0,1,False,False,1
PRP-4612,LOC-2287,Single-Family,2023,6602,6,1.5,33683.0,1,True,True,2
PRP-4613,LOC-1741,Condominium,1971,2356,5,2.5,,3,True,False,2
PRP-4614,LOC-4752,sfr,1964,4639,1,5.5,46666.0,3,True,False,1
PRP-4615,LOC-2418,Multi Family,1983,5595,3,1.0,38795.0,3,True,True,1
PRP-4616,LOC-4392,SFR,1972,6435,4,5.0,41677.0,4,False,False,3
PRP-4617,LOC-1029,Single-Family,1959,3953,3,5.5,5248.0,4,False,False,2
PRP-4618,LOC-1764,sfr,1926,3632,6,4.5,28218.0,3,False,False,1
PRP-4619,LOC-4562,CONDO,1942,7270,4,2.5,,4,True,True,1
PRP-4620,LOC-4659,townhouse,1940,4975,4,1.0,31432.0,3,True,False,3
PRP-4621,LOC-2211,multi family,1958,1703,2,2.0,23450.0,3,False,False,3
PRP-4622,LOC-3369,sfr,1992,7935,5,2.0,26853.0,0,False,False,2
PRP-4623,LOC-2360,MULTI-FAMILY,1931,2013,2,1.0,13926.0,2,False,False,2
PRP-4624,LOC-2551,Condominium,1977,6050,5,3.0,,0,False,False,2
PRP-4625,LOC-3491,TH,1959,5843,3,5.0,25761.0,4,False,True,3
PRP-4626,LOC-0668,TH,1961,5315,7,1.0,38062.0,2,True,False,3
PRP-4627,LOC-3143,single family,2007,2163,6,3.5,44631.0,1,False,False,3
PRP-4628,LOC-2614,condominium,1931,3289,6,5.5,,2,False,False,2
PRP-4629,LOC-3102,sfr,1924,6016,2,5.0,8568.0,2,False,False,1
PRP-4630,LOC-3775,Single Family Home,1978,4067,1,4.0,40753.0,4,True,False,2
PRP-4631,LOC-2170,condo,2021,1397,3,5.0,,3,False,False,2
PRP-4632,LOC-3247,sfr,1963,7440,1,2.0,5034.0,0,True,False,1
PRP-4633,LOC-0224,townhouse,1964,2460,6,1.5,42772.0,1,False,True,2
PRP-4634,LOC-3525,Single Family Home,1996,2433,5,3.5,49927.0,0,True,True,2
PRP-4635,LOC-4275,Single Family Home,1933,5991,4,3.5,20445.0,4,True,True,3
PRP-4636,LOC-0860,Single-Family,1933,6836,4,5.0,10225.0,3,False,False,1
PRP-4637,LOC-2926,condominium,1937,5259,4,1.0,,2,False,False,1
PRP-4638,LOC-1369,Condo,1965,1829,5,4.5,,4,False,False,1
PRP-4639,LOC-2897,sfr,1952,6977,2,5.0,33056.0,1,False,True,1
PRP-4640,LOC-4610,Single Family Home,1958,2881,1,5.0,11356.0,1,True,False,1
PRP-4641,LOC-1557,SINGLE-FAMILY,2014,2068,5,1.5,32879.0,0,True,False,3
PRP-4642,LOC-0433,Single Family Home,1955,4874,4,5.5,34240.0,0,True,False,2
PRP-4643,LOC-0623,Multifamily,1965,5118,3,2.5,11684.0,4,False,False,3
PRP-4644,LOC-3957,condominium,1951,1896,7,4.5,,4,False,False,1
PRP-4645,LOC-3426,land,1981,2711,5,3.5,416807.0,2,False,False,3
PRP-4646,LOC-4842,Condo,1995,5632,1,5.5,,1,False,False,2
PRP-4647,LOC-3017,townhouse,1944,4429,1,5.0,26503.0,0,False,False,2
PRP-4648,LOC-2382,single family,1971,2840,7,3.0,37349.0,3,True,True,2
PRP-4649,LOC-1503,Townhouse,2020,3737,2,2.5,5652.0,2,False,True,3
PRP-4650,LOC-1052,Townhouse,2011,2135,6,2.0,4895.0,3,False,False,2
PRP-4651,LOC-2421,single family,1987,3744,2,3.5,22755.0,1,True,False,1
PRP-4652,LOC-4003,TH,1996,2160,1,1.5,8281.0,3,False,False,1
PRP-4653,LOC-2165,Multi Family,1999,7188,1,5.0,25421.0,0,False,False,3
PRP-4654,LOC-3274,Condominium,1950,4990,1,1.0,,0,True,True,2
PRP-4655,LOC-0119,Condo,2012,2916,2,5.0,324.0,2,True,False,1
PRP-4656,LOC-1005,SFR,1983,1447,1,1.5,5419.0,4,False,True,1
PRP-4657,LOC-1210,Condo,1999,3277,7,4.5,,3,True,True,1
PRP-4658,LOC-1599,sfr,1939,3113,4,3.5,31570.0,4,True,False,1
PRP-4659,LOC-2133,single family,1963,6398,5,5.0,47066.0,1,False,False,3
PRP-4660,LOC-1475,condo,1974,2254,5,5.5,,4,False,True,2
PRP-4661,LOC-4473,land,1982,6776,4,5.5,10514.0,1,False,True,3
PRP-4662,LOC-4596,Condominium,1949,5373,4,3.5,,4,False,False,3
PRP-4663,LOC-1681,SFR,1961,4988,5,5.5,9518.0,2,False,False,3
PRP-4664,LOC-2801,single family,1948,1538,5,5.5,32142.0,1,False,False,3
PRP-4665,LOC-3262,Condo,2006,946,1,2.0,695.0,4,False,True,3
PRP-4666,LOC-3636,Condominium,2019,6064,4,5.5,,0,True,False,3
PRP-4667,LOC-3824,Multifamily,1979,5398,4,2.5,10515.0,2,True,True,2
PRP-4668,LOC-4504,Single-Family,1955,6977,5,2.5,19167.0,0,False,False,1
PRP-4669,LOC-2130,condominium,1981,3063,3,3.0,,4,False,False,1
PRP-4670,LOC-0740,Condominium,1932,4677,5,5.0,292.0,4,True,False,1
PRP-4671,LOC-3030,TH,1976,5597,6,2.0,40926.0,4,False,False,1
PRP-4672,LOC-3224,TH,1947,3226,6,2.0,22921.0,0,False,True,1
PRP-4673,LOC-0208,Multi-Family,2018,2350,6,5.0,9192.0,3,True,True,1
PRP-4674,LOC-0436,sfr,1948,792,1,5.5,7866.0,0,False,True,2
PRP-4675,LOC-2487,condo,2023,5268,6,5.5,,2,False,False,2
PRP-4676,LOC-2331,land,1924,1852,4,5.5,207755.0,3,False,True,3
PRP-4677,LOC-2092,sfr,1962,1116,5,4.0,16910.0,2,True,False,2
PRP-4678,LOC-3000,Single-Family,1959,5576,4,5.0,5533.0,0,False,True,1
PRP-4679,LOC-0896,condominium,1930,5467,5,4.5,,3,False,True,1
PRP-4680,LOC-2262,Multifamily,1961,4609,4,2.5,7453.0,0,False,True,1
PRP-4681,LOC-1488,single family,1938,3384,2,3.5,14880.0,0,False,True,1
PRP-4682,LOC-4921,CONDO,1926,5367,5,2.5,,0,True,True,1
PRP-4683,LOC-1822,Condo,1953,6782,1,4.5,,2,False,False,2
PRP-4684,LOC-4504,condominium,2016,5715,3,2.0,,4,True,True,2
PRP-4685,LOC-1245,TH,1950,1099,7,3.5,19236.0,4,False,True,3
PRP-4686,LOC-0583,SINGLE-FAMILY,1996,4889,1,3.0,39874.0,4,True,False,1
PRP-4687,LOC-3813,Condo,1977,3465,5,1.5,1478.0,0,False,False,3
PRP-4688,LOC-4153,sfr,1938,5870,3,4.5,43143.0,0,False,True,3
PRP-4689,LOC-2893,Townhouse,1972,2723,3,3.5,2632.0,2,False,True,1
PRP-4690,LOC-2807,Single Family Home,1994,2895,7,2.0,36273.0,2,False,False,1
PRP-4691,LOC-0425,Multifamily,2020,1927,7,3.0,10954.0,4,True,False,1
PRP-4692,LOC-4914,CONDO,1993,4758,6,3.0,,0,False,False,3
PRP-4693,LOC-0896,Single Family Home,1955,1503,2,3.0,18416.0,3,False,True,1
PRP-4694,LOC-1795,lot,1923,4937,7,3.0,173190.0,2,True,False,3
PRP-4695,LOC-1233,condominium,1964,4393,3,5.0,,3,False,False,3
PRP-4696,LOC-2170,SFR,1922,5029,5,4.5,29371.0,0,False,False,2
PRP-4697,LOC-2261,Single-Family,2005,1331,7,4.0,21295.0,1,False,False,1
PRP-4698,LOC-0540,sfr,2014,2781,1,3.5,25954.0,0,True,True,2
PRP-4699,LOC-0681,CONDO,2003,4249,7,5.0,,1,False,False,3
PRP-4700,LOC-0410,Condominium,1994,3502,4,2.0,,0,True,False,1
PRP-4701,LOC-1544,townhouse,1976,3578,7,2.0,26484.0,4,False,True,1
PRP-4702,LOC-1016,Multi-Family,2006,1382,6,2.5,45866.0,3,False,False,3
PRP-4703,LOC-0809,single family,1974,2437,6,2.0,17130.0,2,False,False,3
PRP-4704,LOC-2637,SINGLE-FAMILY,1990,1037,7,4.5,4402.0,0,False,True,2
PRP-4705,LOC-0921,Town House,1924,7574,7,4.0,4686.0,4,False,False,3
PRP-4706,LOC-1986,CONDO,1993,2830,1,1.5,,3,False,True,1
PRP-4707,LOC-4725,Townhouse,1969,7015,1,3.5,8362.0,4,True,False,3
PRP-4708,LOC-3641,Multifamily,2011,6076,7,1.5,2618.0,3,True,True,3
PRP-4709,LOC-1802,single family,1988,1262,3,2.0,19142.0,1,False,False,3
PRP-4710,LOC-1969,single family,1989,5102,3,1.5,26559.0,2,True,True,1
PRP-4711,LOC-3236,SINGLE-FAMILY,1923,4340,3,2.0,49315.0,3,False,False,3
PRP-4712,LOC-0017,single family,1999,1409,1,2.5,43906.0,3,False,False,2
PRP-4713,LOC-2164,sfr,1942,5533,7,1.5,41835.0,1,False,False,1
PRP-4714,LOC-0069,SFR,2001,6832,2,2.5,48391.0,0,False,True,1
PRP-4715,LOC-1143,SFR,1980,645,3,4.5,37548.0,3,False,False,3
PRP-4716,LOC-2592,sfr,1938,7394,2,3.0,29777.0,3,False,False,3
PRP-4717,LOC-0740,condominium,1999,2386,7,3.5,,4,True,False,2
PRP-4718,LOC-3511,MULTI-FAMILY,1941,7219,4,4.0,2913.0,2,False,True,2
PRP-4719,LOC-0962,CONDO,2022,3010,4,3.0,,2,False,False,2
PRP-4720,LOC-4183,Multifamily,1996,6796,4,1.0,22059.0,4,True,True,3
PRP-4721,LOC-3487,SFR,1989,1120,7,3.0,39933.0,3,False,False,3
PRP-4722,LOC-4230,TH,1997,2829,3,4.0,7692.0,0,False,False,3
PRP-4723,LOC-2653,Townhouse,2009,6324,4,4.5,26163.0,0,False,True,1
PRP-4724,LOC-2980,condominium,1968,6744,5,5.0,,1,False,False,1
PRP-4725,LOC-4257,TOWNHOUSE,1991,6582,4,5.0,39251.0,0,True,False,1
PRP-4726,LOC-1455,Single-Family,1962,2558,2,1.5,8514.0,1,True,True,2
PRP-4727,LOC-1063,Multi Family,2016,5578,3,1.0,32008.0,0,True,True,1
PRP-4728,LOC-4703,Single Family Home,2019,7710,7,4.0,31637.0,2,False,True,1
PRP-4729,LOC-0578,single family,1994,6255,3,2.5,4862.0,1,False,True,1
PRP-4730,LOC-4127,condominium,1996,4390,7,3.5,,3,False,False,1
PRP-4731,LOC-4880,Single Family Home,1940,3351,1,3.0,47385.0,2,True,True,1
PRP-4732,LOC-0696,TOWNHOUSE,1985,5348,1,1.0,19830.0,0,False,False,2
PRP-4733,LOC-0058,Multi-Family,1941,3755,4,4.0,7708.0,0,True,True,3
PRP-4734,LOC-4796,CONDO,1951,1328,6,5.0,,2,False,False,1
PRP-4735,LOC-0420,Single-Family,1920,1047,6,1.0,28606.0,1,True,False,3
PRP-4736,LOC-2281,Condominium,1961,759,4,1.5,,2,True,True,3
PRP-4737,LOC-1092,Single-Family,1973,2220,7,2.0,12628.0,3,True,True,3
PRP-4738,LOC-2908,Multi-Family,1973,1392,4,1.0,43035.0,4,True,True,2
PRP-4739,LOC-0972,SINGLE-FAMILY,1953,6723,5,3.0,34239.0,1,True,True,1
PRP-4740,LOC-1015,SFR,1960,7442,6,3.5,48627.0,4,False,False,1
PRP-4741,LOC-4493,Town House,2017,3955,5,3.5,49253.0,3,False,False,3
PRP-4742,LOC-0796,single family,1929,640,2,4.5,35588.0,3,True,False,2
PRP-4743,LOC-3060,SINGLE-FAMILY,1953,3120,1,2.0,3503.0,0,True,True,2
PRP-4744,LOC-2816,sfr,1959,4192,4,5.0,10640.0,0,False,True,1
PRP-4745,LOC-0623,Single Family Home,1991,688,4,4.5,38854.0,2,False,True,3
PRP-4746,LOC-3355,MULTI-FAMILY,1964,6415,5,3.0,30991.0,0,True,False,2
PRP-4747,LOC-0671,SFR,1951,6963,3,3.5,16010.0,4,False,False,3
PRP-4748,LOC-4604,Single Family Home,1954,1858,6,4.5,44288.0,1,False,False,3
PRP-4749,LOC-0588,SFR,2020,5562,1,4.5,48209.0,3,True,False,3
PRP-4750,LOC-0901,multi family,1945,1598,5,2.5,30387.0,4,True,False,1
PRP-4751,LOC-1992,Single-Family,2007,1473,5,4.5,45055.0,2,True,True,2
PRP-4752,LOC-2831,sfr,1939,3146,4,2.0,39938.0,1,True,True,3
PRP-4753,LOC-0419,Single Family Home,1986,4160,3,3.5,12006.0,1,False,True,2
PRP-4754,LOC-1787,SINGLE-FAMILY,1929,6512,1,4.5,44776.0,0,False,True,1
PRP-4755,LOC-3498,townhouse,1926,2758,6,1.0,14422.0,1,False,True,3
PRP-4756,LOC-2935,SINGLE-FAMILY,2009,1310,3,4.5,48811.0,4,True,False,2
PRP-4757,LOC-4782,townhouse,1946,4677,7,1.5,4936.0,0,False,True,3
PRP-4758,LOC-1866,condo,1950,3377,3,2.0,,2,False,False,1
PRP-4759,LOC-0073,SFR,1955,554,2,5.0,23481.0,2,False,False,3
PRP-4760,LOC-0480,Single-Family,1920,1042,4,2.5,11687.0,0,True,True,1
PRP-4761,LOC-0326,condominium,1982,5536,5,2.5,793.0,1,False,True,1
PRP-4762,LOC-1247,sfr,1925,6430,4,1.5,19332.0,3,False,True,2
PRP-4763,LOC-4244,townhouse,1989,2599,5,5.5,45495.0,4,False,False,3
PRP-4764,LOC-0973,Single Family Home,1961,7175,7,1.5,45078.0,1,False,True,1
PRP-4765,LOC-2995,sfr,2001,7170,7,3.0,7908.0,1,False,False,2
PRP-4766,LOC-2945,sfr,1951,3342,7,5.5,13887.0,1,True,True,2
PRP-4767,LOC-4678,Multi Family,1961,6092,7,4.5,25415.0,3,False,True,2
PRP-4768,LOC-3452,townhouse,2004,5268,7,5.0,42831.0,0,False,False,2
PRP-4769,LOC-1011,SINGLE-FAMILY,1976,5910,7,2.0,35874.0,0,False,False,1
PRP-4770,LOC-1855,SINGLE-FAMILY,1930,3328,2,2.0,21322.0,3,False,True,1
PRP-4771,LOC-3518,condominium,1931,4627,5,3.0,,0,False,False,1
PRP-4772,LOC-0649,MULTI-FAMILY,1996,6952,6,3.5,41908.0,2,True,False,2
PRP-4773,LOC-2742,CONDO,1968,1512,3,1.0,,1,False,False,2
PRP-4774,LOC-4746,single family,2008,2061,5,3.0,9575.0,3,False,True,3
PRP-4775,LOC-4207,Condo,1956,3183,3,2.5,,3,False,False,2
PRP-4776,LOC-3159,townhouse,1963,4678,3,4.5,16334.0,4,False,False,3
PRP-4777,LOC-3921,Single-Family,1969,1404,6,2.5,8672.0,0,True,False,2
PRP-4778,LOC-0469,Townhouse,1991,7686,3,5.0,32771.0,3,False,False,1
PRP-4779,LOC-2875,Land,2004,3977,4,4.0,148425.0,2,True,False,2
PRP-4780,LOC-3624,single family,1946,7437,1,1.5,36305.0,1,False,False,3
PRP-4781,LOC-2869,SINGLE-FAMILY,2019,5520,1,5.5,5643.0,1,False,True,2
PRP-4782,LOC-1657,CONDO,1939,3838,3,1.0,1856.0,2,True,True,1
PRP-4783,LOC-2770,Condo,2002,6153,2,1.0,,2,False,True,3
PRP-4784,LOC-3381,SINGLE-FAMILY,2017,5312,5,2.5,32888.0,1,False,False,3
PRP-4785,LOC-1541,SINGLE-FAMILY,2011,5410,7,4.5,43159.0,3,True,False,2
PRP-4786,LOC-0691,Single Family Home,2002,6517,1,1.5,45584.0,0,False,False,1
PRP-4787,LOC-2033,condominium,1965,837,7,1.5,,4,False,False,1
PRP-4788,LOC-0159,Single-Family,1921,847,2,3.5,15269.0,4,True,False,1
PRP-4789,LOC-0559,sfr,2012,2588,3,5.5,39839.0,4,True,False,1
PRP-4790,LOC-0164,Single Family Home,1944,4176,3,5.5,25492.0,2,True,False,3
PRP-4791,LOC-0434,land,1960,2971,7,2.5,383301.0,4,True,True,2
PRP-4792,LOC-2260,single family,1920,7532,6,4.0,45405.0,0,False,True,3
PRP-4793,LOC-3263,Condominium,1989,3275,3,5.5,1121.0,0,False,False,2
PRP-4794,LOC-4231,townhouse,1982,646,4,4.5,14721.0,2,True,True,2
PRP-4795,LOC-1340,TH,2017,3999,6,2.5,27514.0,0,False,False,3
PRP-4796,LOC-2603,Single Family Home,1987,7790,7,3.0,23811.0,2,False,True,1
PRP-4797,LOC-4038,Single-Family,1957,4361,2,3.0,47941.0,1,False,True,3
PRP-4798,LOC-4676,CONDO,1976,2011,1,3.5,2.0,0,False,True,3
PRP-4799,LOC-1778,townhouse,1956,5631,1,2.0,44185.0,4,False,False,1
PRP-4800,LOC-1891,Condominium,1985,1077,5,2.5,,3,False,True,3
PRP-4801,LOC-2103,condominium,1925,5350,7,2.5,,0,False,True,2
PRP-4802,LOC-2116,Multifamily,2020,2104,1,2.5,13168.0,0,False,True,1
PRP-4803,LOC-0797,condo,1973,1450,7,3.5,,1,False,False,2
PRP-4804,LOC-3064,SFR,1967,1900,6,1.5,3244.0,4,False,True,1
PRP-4805,LOC-2924,condo,1939,1402,1,2.5,,3,True,True,2
PRP-4806,LOC-0465,Single-Family,2010,4781,6,3.0,22069.0,2,False,True,2
PRP-4807,LOC-2966,Multi Family,2005,3341,3,1.0,23795.0,2,False,False,2
PRP-4808,LOC-0199,single family,1980,3682,3,4.0,25928.0,1,False,True,3
PRP-4809,LOC-3565,SFR,1939,1283,5,1.5,44945.0,4,False,False,2
PRP-4810,LOC-0540,CONDO,1958,7448,4,3.5,,4,True,True,1
PRP-4811,LOC-1162,Lot,1999,1460,2,2.5,114006.0,3,True,True,1
PRP-4812,LOC-2404,Single-Family,1977,4050,5,1.0,27421.0,1,False,False,3
PRP-4813,LOC-3890,Condo,1953,6441,5,1.5,,2,True,True,2
PRP-4814,LOC-4440,Single Family Home,2023,1684,6,2.5,3546.0,4,True,False,2
PRP-4815,LOC-3779,SINGLE-FAMILY,1985,4605,1,5.5,40924.0,4,False,False,3
PRP-4816,LOC-2814,CONDO,1927,1969,3,1.5,886.0,1,False,True,1
PRP-4817,LOC-1267,condominium,1979,2164,1,3.5,,0,False,True,1
PRP-4818,LOC-3336,Multifamily,1960,6633,7,3.0,19339.0,1,True,True,2
PRP-4819,LOC-0351,single family,1969,2693,2,1.0,22086.0,1,False,False,3
PRP-4820,LOC-1605,condominium,1967,3436,4,5.5,29.0,1,True,True,2
PRP-4821,LOC-4265,Single Family Home,1929,5485,6,5.5,23871.0,4,True,True,1
PRP-4822,LOC-1402,Single-Family,1932,4699,2,5.0,39787.0,0,False,True,2
PRP-4823,LOC-4293,Condo,1950,7335,4,3.5,,4,True,True,3
PRP-4824,LOC-3332,condo,2002,5536,4,2.5,971.0,0,False,False,1
PRP-4825,LOC-0372,SFR,1999,5650,1,1.5,8257.0,2,False,True,3
PRP-4826,LOC-4132,Single Family Home,1972,5340,6,5.0,24002.0,2,False,True,2
PRP-4827,LOC-0813,Condo,1931,4800,3,1.0,,3,False,True,2
PRP-4828,LOC-0789,Condo,1949,3931,4,2.5,,4,False,True,2
PRP-4829,LOC-2147,Single-Family,2001,4457,5,5.0,21189.0,4,False,True,2
PRP-4830,LOC-1648,Condominium,1935,2924,6,3.0,,1,True,True,2
PRP-4831,LOC-3424,Multi Family,1957,5478,7,1.5,46687.0,4,False,False,3
PRP-4832,LOC-0152,Single Family Home,1926,6127,7,3.0,49773.0,0,True,True,1
PRP-4833,LOC-1359,Single-Family,1970,5054,6,3.0,32533.0,1,True,False,1
PRP-4834,LOC-2885,Single Family Home,1979,4183,7,4.0,7720.0,2,False,False,2
PRP-4835,LOC-0135,condo,1932,3526,3,5.5,,3,False,False,3
PRP-4836,LOC-1334,single family,1959,5038,6,4.0,30829.0,1,True,False,1
PRP-4837,LOC-0413,SINGLE-FAMILY,2020,1804,4,5.5,8496.0,1,False,False,2
PRP-4838,LOC-3255,multi family,1992,4555,5,1.0,27581.0,0,True,False,1
PRP-4839,LOC-2236,TOWNHOUSE,2013,2725,2,1.0,18886.0,4,False,False,3
PRP-4840,LOC-3614,Condominium,1969,5693,7,1.5,647.0,0,False,False,3
PRP-4841,LOC-0179,sfr,1938,1142,2,5.0,3360.0,2,False,True,3
PRP-4842,LOC-2989,Townhouse,2009,524,5,5.0,12553.0,1,False,False,1
PRP-4843,LOC-1463,SINGLE-FAMILY,1991,6418,3,4.5,2801.0,0,False,True,3
PRP-4844,LOC-3786,SFR,2009,7238,5,3.5,29871.0,4,False,False,1
PRP-4845,LOC-3043,sfr,1977,7485,7,4.0,35598.0,2,False,False,2
PRP-4846,LOC-0389,SINGLE-FAMILY,1989,6730,6,2.0,22928.0,1,False,False,2
PRP-4847,LOC-2823,condominium,1988,1669,2,4.5,743.0,3,False,False,2
PRP-4848,LOC-3636,SINGLE-FAMILY,1939,4620,7,5.5,34990.0,2,False,True,3
PRP-4849,LOC-4751,Town House,2010,3788,5,4.0,18081.0,4,True,True,2
PRP-4850,LOC-1772,Single Family Home,1992,1878,5,3.5,36497.0,1,True,True,2
PRP-4851,LOC-1635,townhouse,2002,6113,4,1.0,33043.0,3,False,True,2
PRP-4852,LOC-3140,MULTI-FAMILY,1954,1001,2,5.0,5280.0,4,True,True,1
PRP-4853,LOC-1564,lot,1989,5551,1,4.5,108510.0,1,True,False,1
PRP-4854,LOC-0909,SINGLE-FAMILY,1939,2888,6,1.5,29654.0,1,False,False,1
PRP-4855,LOC-2671,condo,1983,6635,5,2.5,,2,False,False,2
PRP-4856,LOC-1405,SINGLE-FAMILY,1948,1720,3,4.5,19579.0,3,False,True,1
PRP-4857,LOC-1710,single family,1922,5069,2,3.0,23610.0,1,False,False,1
PRP-4858,LOC-3794,Condominium,2008,7979,5,4.5,,0,False,False,1
PRP-4859,LOC-1606,sfr,1974,4676,3,3.0,15868.0,3,True,True,3
PRP-4860,LOC-3544,townhouse,1978,6490,1,5.5,27536.0,1,True,False,1
PRP-4861,LOC-4384,Single Family Home,1952,4920,3,4.5,37206.0,1,True,False,2
PRP-4862,LOC-0524,Condo,1924,4890,1,5.0,,2,False,True,2
PRP-4863,LOC-2101,CONDO,1970,7137,2,5.0,1791.0,0,True,False,2
PRP-4864,LOC-0673,SINGLE-FAMILY,1920,1383,6,1.0,25139.0,3,True,False,3
PRP-4865,LOC-1132,Condominium,1941,7953,6,4.5,,3,True,False,3
PRP-4866,LOC-1723,TH,1933,5270,7,5.5,15799.0,1,False,True,1
PRP-4867,LOC-0178,Multi Family,1963,1860,2,1.0,45185.0,0,False,False,3
PRP-4868,LOC-4670,single family,1955,2826,7,2.5,6443.0,3,True,False,2
PRP-4869,LOC-3437,Multifamily,1957,7199,6,5.0,6433.0,4,True,False,1
PRP-4870,LOC-1635,single family,1962,6152,7,1.5,21274.0,3,True,True,2
PRP-4871,LOC-2724,SFR,2016,3919,2,3.5,39569.0,2,True,True,3
PRP-4872,LOC-0065,SINGLE-FAMILY,1963,2659,7,5.5,14889.0,2,False,False,1
PRP-4873,LOC-0130,condominium,1955,2901,4,4.5,,0,True,False,2
PRP-4874,LOC-0531,CONDO,1965,7050,2,2.5,,3,True,False,1
PRP-4875,LOC-1563,Single Family Home,1931,7664,5,1.0,37497.0,1,True,False,3
PRP-4876,LOC-4805,sfr,2016,427,4,2.0,13449.0,4,True,False,1
PRP-4877,LOC-2119,Single Family Home,1991,1806,6,2.5,8480.0,4,False,False,3
PRP-4878,LOC-0965,SFR,1944,5064,4,5.0,19078.0,4,False,True,3
PRP-4879,LOC-4999,Condominium,1921,3149,4,5.5,,4,True,False,3
PRP-4880,LOC-1592,townhouse,1963,814,2,5.0,43810.0,1,False,False,2
PRP-4881,LOC-3867,TOWNHOUSE,1947,6758,3,4.0,30346.0,0,True,False,1
PRP-4882,LOC-4565,CONDO,1961,6935,4,5.5,,0,False,True,2
PRP-4883,LOC-1740,SFR,1962,1382,3,2.0,3677.0,0,False,True,2
PRP-4884,LOC-4816,Condo,2016,3957,4,5.0,,3,True,True,1
PRP-4885,LOC-4835,Town House,1941,5801,7,5.0,43281.0,3,True,True,3
PRP-4886,LOC-1277,SINGLE-FAMILY,1997,6800,2,1.5,41310.0,0,False,False,2
PRP-4887,LOC-2217,Single Family Home,1953,1874,3,5.0,28461.0,4,False,True,2
PRP-4888,LOC-2015,CONDO,1956,1204,6,4.5,,0,False,True,3
PRP-4889,LOC-1805,Condo,1954,7608,2,1.0,,4,False,True,1
PRP-4890,LOC-2997,SINGLE-FAMILY,2019,3871,2,3.0,7654.0,1,True,True,3
PRP-4891,LOC-3605,TOWNHOUSE,1934,5621,3,1.5,44098.0,2,True,False,3
PRP-4892,LOC-3223,Condominium,1986,944,2,5.0,,2,True,False,1
PRP-4893,LOC-1797,single family,2021,7968,3,5.0,19971.0,4,False,True,3
PRP-4894,LOC-4628,Single-Family,2015,5737,6,3.0,20702.0,4,True,False,3
PRP-4895,LOC-3210,single family,1978,2148,6,5.0,46470.0,1,False,False,3
PRP-4896,LOC-3987,Single-Family,1987,4713,4,1.0,44958.0,0,True,True,1
PRP-4897,LOC-0841,sfr,1942,6403,6,4.0,14858.0,2,True,False,2
PRP-4898,LOC-0985,SINGLE-FAMILY,1950,2098,6,4.0,33086.0,4,True,False,3
PRP-4899,LOC-0983,SFR,1938,2511,2,3.0,4804.0,4,False,False,1
PRP-4900,LOC-4222,SFR,1988,1622,1,2.0,25422.0,3,True,False,2
PRP-4901,LOC-3002,Multi-Family,1939,1880,6,3.0,19473.0,0,False,True,2
PRP-4902,LOC-2997,condominium,2007,7659,3,3.0,,0,True,False,1
PRP-4903,LOC-4686,Multifamily,1951,3459,1,3.5,11074.0,2,True,True,1
PRP-4904,LOC-4176,condo,1936,4059,7,2.0,,1,True,False,2
PRP-4905,LOC-2073,SFR,1987,5650,7,3.0,43860.0,0,False,True,3
PRP-4906,LOC-1336,Town House,1950,6485,4,5.0,4632.0,2,True,False,1
PRP-4907,LOC-3517,sfr,1925,3988,6,2.0,45029.0,0,False,True,1
PRP-4908,LOC-4942,Condo,1983,2783,3,5.5,,0,False,True,2
PRP-4909,LOC-2399,TH,1956,6066,1,3.0,39376.0,0,True,True,2
PRP-4910,LOC-4851,Town House,1955,5029,7,4.0,18392.0,4,False,False,3
PRP-4911,LOC-2641,Single Family Home,1953,6285,3,5.5,26888.0,2,False,True,1
PRP-4912,LOC-0370,TH,1931,592,4,2.5,26110.0,2,False,False,3
PRP-4913,LOC-2501,SINGLE-FAMILY,1991,6803,6,5.0,6317.0,4,False,True,3
PRP-4914,LOC-3694,Single-Family,1924,5165,1,4.5,9482.0,1,False,True,1
PRP-4915,LOC-1993,TH,1937,710,7,1.5,16659.0,3,False,True,3
PRP-4916,LOC-4539,SINGLE-FAMILY,1944,6975,1,3.0,35521.0,3,False,True,2
PRP-4917,LOC-2416,TOWNHOUSE,1997,7900,6,4.5,6635.0,2,True,False,3
PRP-4918,LOC-0428,sfr,1988,6508,1,4.0,41932.0,4,True,True,1
PRP-4919,LOC-3101,CONDO,1968,2105,6,3.5,,1,False,False,2
PRP-4920,LOC-1670,SINGLE-FAMILY,1976,3319,7,2.5,37396.0,3,False,True,3
PRP-4921,LOC-1563,Condominium,1978,2755,1,3.5,,3,True,True,3
PRP-4922,LOC-4188,CONDO,1922,6107,2,5.5,,0,False,False,2
PRP-4923,LOC-0064,Single-Family,1952,1599,2,3.5,38667.0,4,True,False,3
PRP-4924,LOC-3989,Single-Family,2015,3365,3,5.5,27843.0,1,False,False,3
PRP-4925,LOC-4350,SINGLE-FAMILY,1985,3366,4,4.5,46740.0,3,False,True,3
PRP-4926,LOC-2898,single family,2002,2147,5,2.0,29559.0,3,False,False,2
PRP-4927,LOC-2309,single family,1953,4565,1,4.5,31169.0,1,True,False,3
PRP-4928,LOC-2121,Single-Family,2010,2917,6,4.5,41627.0,3,False,False,2
PRP-4929,LOC-2699,CONDO,1986,7186,1,4.5,,2,False,True,2
PRP-4930,LOC-4556,Lot,1980,1463,3,2.0,421438.0,0,False,False,2
PRP-4931,LOC-4558,multi family,1981,5722,6,3.0,41196.0,4,False,True,2
PRP-4932,LOC-1628,CONDO,1987,3543,1,1.5,,2,True,True,3
PRP-4933,LOC-4717,Land,1923,7670,6,2.0,321428.0,1,True,True,3
PRP-4934,LOC-3396,TOWNHOUSE,1940,1499,1,5.5,25907.0,2,True,False,2
PRP-4935,LOC-2119,multi family,1937,1343,3,5.5,33385.0,0,True,False,3
PRP-4936,LOC-3593,Town House,1970,3597,4,4.0,17343.0,0,False,False,1
PRP-4937,LOC-1091,SINGLE-FAMILY,1939,2799,2,1.0,47375.0,1,True,False,1
PRP-4938,LOC-4616,condominium,1977,2653,1,4.0,,4,False,False,2
PRP-4939,LOC-4266,Condo,1934,1337,5,1.0,,1,True,True,1
PRP-4940,LOC-2075,Single Family Home,2013,5957,1,3.0,41269.0,4,False,True,2
PRP-4941,LOC-3671,sfr,2023,3885,4,4.5,19025.0,3,False,True,1
PRP-4942,LOC-0376,CONDO,1938,6273,1,1.5,,3,False,True,2
PRP-4943,LOC-4151,TH,2016,4274,2,2.0,47047.0,3,False,False,1
PRP-4944,LOC-2196,Condominium,1984,2966,7,1.0,,1,False,True,1
PRP-4945,LOC-4962,Single Family Home,1986,5892,1,3.5,24242.0,4,False,True,2
PRP-4946,LOC-1226,TOWNHOUSE,1944,7451,3,2.0,49371.0,2,False,False,2
PRP-4947,LOC-4060,SFR,2002,6790,1,5.5,11301.0,2,True,True,1
PRP-4948,LOC-1876,SFR,1955,4611,3,5.0,36788.0,3,False,False,3
PRP-4949,LOC-3290,CONDO,1984,1324,5,1.5,,4,True,True,3
PRP-4950,LOC-2948,SFR,1926,5192,3,3.0,13181.0,2,False,False,2
PRP-4951,LOC-0744,sfr,2012,1424,1,3.0,34380.0,2,False,True,3
PRP-4952,LOC-2990,SINGLE-FAMILY,1945,2880,6,4.5,40496.0,2,False,True,1
PRP-4953,LOC-1238,Single Family Home,2016,3714,1,3.0,24216.0,1,False,True,1
PRP-4954,LOC-0096,multi family,1943,6667,2,1.0,26357.0,2,False,True,1
PRP-4955,LOC-0256,lot,2021,2547,4,5.0,107090.0,2,False,False,3
PRP-4956,LOC-0960,Condo,1997,5220,5,4.0,,4,False,False,3
PRP-4957,LOC-4657,Condominium,2018,6802,3,4.0,,1,True,True,1
PRP-4958,LOC-1274,Condominium,1940,6252,1,2.0,,3,True,True,1
PRP-4959,LOC-1727,condo,1996,6567,3,4.5,,1,False,False,3
PRP-4960,LOC-0777,SINGLE-FAMILY,1993,1818,2,4.5,45208.0,3,False,True,1
PRP-4961,LOC-4335,SFR,1924,6849,2,4.5,9721.0,4,False,True,1
PRP-4962,LOC-4041,multi family,1962,5783,2,4.5,46311.0,1,True,True,3
PRP-4963,LOC-1812,Single Family Home,1930,6426,5,3.0,18095.0,2,False,True,2
PRP-4964,LOC-0093,sfr,2001,2479,6,3.0,24169.0,3,True,True,1
PRP-4965,LOC-2822,Condominium,1980,4649,6,2.5,,2,False,False,2
PRP-4966,LOC-4959,sfr,2007,4595,2,4.0,20597.0,1,False,False,2
PRP-4967,LOC-1876,Multifamily,1921,1038,1,4.0,44894.0,0,False,True,1
PRP-4968,LOC-2750,condo,2017,6620,4,3.5,,1,False,True,1
PRP-4969,LOC-2348,Multi-Family,1937,631,5,5.0,28762.0,4,True,True,1
PRP-4970,LOC-2681,SFR,1952,4209,3,5.5,16941.0,4,True,True,1
PRP-4971,LOC-3563,CONDO,2003,4628,4,4.5,,4,False,False,3
PRP-4972,LOC-4830,Single-Family,1999,4988,4,1.0,42006.0,1,True,False,3
PRP-4973,LOC-0683,Single Family Home,1979,7734,2,5.5,15833.0,3,True,False,2
PRP-4974,LOC-3520,land,1975,5810,1,5.5,382650.0,4,True,True,2
PRP-4975,LOC-4758,Land,1935,2442,1,3.5,453473.0,2,False,True,1
PRP-4976,LOC-0938,single family,1969,652,3,5.5,27983.0,0,True,True,2
PRP-4977,LOC-1665,condo,1985,3121,1,5.0,,3,True,False,3
PRP-4978,LOC-1118,Townhouse,1941,4985,1,5.5,38460.0,1,False,True,1
PRP-4979,LOC-3314,TH,1960,5588,6,1.0,2720.0,2,False,False,1
PRP-4980,LOC-1933,SINGLE-FAMILY,1992,963,5,4.5,12495.0,3,True,True,2
PRP-4981,LOC-0830,single family,1971,5689,6,2.0,30668.0,3,False,True,2
PRP-4982,LOC-2297,Townhouse,1952,3408,2,5.0,40338.0,2,False,False,3
PRP-4983,LOC-1670,CONDO,1977,7452,3,1.5,,0,True,True,2
PRP-4984,LOC-2447,Lot,2013,5278,3,2.5,323489.0,2,True,True,3
PRP-4985,LOC-2548,CONDO,1980,6100,6,1.5,,1,False,False,1
PRP-4986,LOC-1178,single family,2005,2006,4,4.0,24248.0,0,False,False,2
PRP-4987,LOC-2503,single family,1950,4617,1,3.5,43229.0,4,True,True,1
PRP-4988,LOC-0835,sfr,1927,3141,4,1.0,5206.0,0,True,False,2
PRP-4989,LOC-4166,condo,2017,3906,3,2.5,,1,False,True,1
PRP-4990,LOC-0797,SINGLE-FAMILY,1991,5786,5,4.0,47830.0,4,False,True,3
PRP-4991,LOC-1168,TOWNHOUSE,2023,2017,3,5.5,6806.0,2,False,True,2
PRP-4992,LOC-1069,Townhouse,2001,5646,2,3.0,4109.0,0,True,True,3
PRP-4993,LOC-0756,CONDO,1976,6911,5,2.0,,0,True,True,3
PRP-4994,LOC-2227,SFR,2021,2728,1,2.0,11999.0,4,True,False,2
PRP-4995,LOC-3491,SFR,1944,7396,6,5.0,38169.0,1,False,True,3
PRP-4996,LOC-3785,single family,1927,3959,5,2.5,40430.0,0,False,True,2
PRP-4997,LOC-1995,condo,1974,4795,6,1.5,,0,True,False,1
PRP-4998,LOC-3241,MULTI-FAMILY,1932,2940,4,3.5,26918.0,1,False,False,1
PRP-4999,LOC-1855,Single Family Home,1957,3640,7,3.0,31772.0,0,False,False,1
PRP-5000,LOC-2262,TH,2013,2532,1,4.0,8199.0,4,True,False,2
