feature_id,property_id,feature_name,feature_value
FTR-00001,PRP-0001,vaulted_ceilings,1
FTR-00002,PRP-0001,hardwood_floors,yes
FTR-00003,PRP-0002,solar_panels,YES
FTR-00004,PRP-0002,master_suite,Yes
FTR-00005,PRP-0003,updated_kitchen,yes
FTR-00006,PRP-0003,stainless_appliances,YES
FTR-00007,PRP-0004,fresh_paint,YES
FTR-00008,PRP-0004,stainless_appliances,1
FTR-00009,PRP-0004,fireplace,Yes
FTR-00010,PRP-0004,granite_counters,1
FTR-00011,PRP-0004,walk_in_closet,no
FTR-00012,PRP-0005,granite_counters,YES
FTR-00013,PRP-0005,new_roof,YES
FTR-00014,PRP-0005,master_suite,1
FTR-00015,PRP-0006,open_floor_plan,1
FTR-00016,PRP-0006,fireplace,no
FTR-00017,PRP-0006,updated_kitchen,Yes
FTR-00018,PRP-0006,solar_panels,1
FTR-00019,PRP-0007,new_roof,1
FTR-00020,PRP-0007,updated_kitchen,1
FTR-00021,PRP-0007,vaulted_ceilings,Yes
FTR-00022,PRP-0007,hardwood_floors,Yes
FTR-00023,PRP-0007,granite_counters,Yes
FTR-00024,PRP-0008,fresh_paint,Yes
FTR-00025,PRP-0008,stainless_appliances,no
FTR-00026,PRP-0009,master_suite,Yes
FTR-00027,PRP-0009,updated_kitchen,no
FTR-00028,PRP-0009,granite_counters,yes
FTR-00029,PRP-0009,stainless_appliances,no
FTR-00030,PRP-0009,smart_home,0
FTR-00031,PRP-0009,walk_in_closet,yes
FTR-00032,PRP-0010,walk_in_closet,Yes
FTR-00033,PRP-0010,stainless_appliances,YES
FTR-00034,PRP-0010,smart_home,no
FTR-00035,PRP-0011,smart_home,YES
FTR-00036,PRP-0011,hardwood_floors,YES
FTR-00037,PRP-0011,open_floor_plan,no
FTR-00038,PRP-0012,new_roof,no
FTR-00039,PRP-0012,stainless_appliances,no
FTR-00040,PRP-0012,walk_in_closet,no
FTR-00041,PRP-0012,open_floor_plan,0
FTR-00042,PRP-0012,master_suite,yes
FTR-00043,PRP-0012,smart_home,0
FTR-00044,PRP-0013,updated_kitchen,YES
FTR-00045,PRP-0013,stainless_appliances,YES
FTR-00046,PRP-0014,master_suite,YES
FTR-00047,PRP-0014,stainless_appliances,YES
FTR-00048,PRP-0014,granite_counters,0
FTR-00049,PRP-0015,central_ac,0
FTR-00050,PRP-0015,smart_home,Yes
FTR-00051,PRP-0015,vaulted_ceilings,Yes
FTR-00052,PRP-0015,hardwood_floors,no
FTR-00053,PRP-0015,open_floor_plan,no
FTR-00054,PRP-0015,solar_panels,yes
FTR-00055,PRP-0016,smart_home,1
FTR-00056,PRP-0016,fresh_paint,0
FTR-00057,PRP-0016,central_ac,1
FTR-00058,PRP-0016,vaulted_ceilings,Yes
FTR-00059,PRP-0017,walk_in_closet,0
FTR-00060,PRP-0017,master_suite,no
FTR-00061,PRP-0017,stainless_appliances,yes
FTR-00062,PRP-0017,central_ac,Yes
FTR-00063,PRP-0018,granite_counters,yes
FTR-00064,PRP-0018,fireplace,0
FTR-00065,PRP-0018,updated_kitchen,1
FTR-00066,PRP-0018,new_roof,no
FTR-00067,PRP-0018,hardwood_floors,no
FTR-00068,PRP-0018,solar_panels,1
FTR-00069,PRP-0019,walk_in_closet,Yes
FTR-00070,PRP-0019,smart_home,YES
FTR-00071,PRP-0020,fireplace,0
FTR-00072,PRP-0020,central_ac,1
FTR-00073,PRP-0020,vaulted_ceilings,YES
FTR-00074,PRP-0021,solar_panels,1
FTR-00075,PRP-0021,open_floor_plan,yes
FTR-00076,PRP-0021,central_ac,0
FTR-00077,PRP-0021,fireplace,no
FTR-00078,PRP-0021,hardwood_floors,0
FTR-00079,PRP-0021,walk_in_closet,YES
FTR-00080,PRP-0022,open_floor_plan,Yes
FTR-00081,PRP-0022,central_ac,YES
FTR-00082,PRP-0022,stainless_appliances,no
FTR-00083,PRP-0022,solar_panels,Yes
FTR-00084,PRP-0022,new_roof,1
FTR-00085,PRP-0022,fresh_paint,0
FTR-00086,PRP-0023,fresh_paint,no
FTR-00087,PRP-0023,open_floor_plan,yes
FTR-00088,PRP-0023,smart_home,yes
FTR-00089,PRP-0023,updated_kitchen,1
FTR-00090,PRP-0024,walk_in_closet,1
FTR-00091,PRP-0024,vaulted_ceilings,yes
FTR-00092,PRP-0024,fireplace,yes
FTR-00093,PRP-0024,open_floor_plan,YES
FTR-00094,PRP-0024,central_ac,1
FTR-00095,PRP-0024,fresh_paint,no
FTR-00096,PRP-0025,new_roof,Yes
FTR-00097,PRP-0025,stainless_appliances,yes
FTR-00098,PRP-0025,fireplace,Yes
FTR-00099,PRP-0025,solar_panels,Yes
FTR-00100,PRP-0025,vaulted_ceilings,0
FTR-00101,PRP-0025,smart_home,yes
FTR-00102,PRP-0026,fireplace,YES
FTR-00103,PRP-0026,walk_in_closet,0
FTR-00104,PRP-0026,central_ac,1
FTR-00105,PRP-0026,new_roof,yes
FTR-00106,PRP-0026,solar_panels,YES
FTR-00107,PRP-0026,granite_counters,no
FTR-00108,PRP-0027,granite_counters,yes
FTR-00109,PRP-0027,master_suite,Yes
FTR-00110,PRP-0027,fresh_paint,yes
FTR-00111,PRP-0028,updated_kitchen,yes
FTR-00112,PRP-0028,walk_in_closet,no
FTR-00113,PRP-0028,master_suite,YES
FTR-00114,PRP-0028,solar_panels,yes
FTR-00115,PRP-0029,fireplace,1
FTR-00116,PRP-0029,open_floor_plan,0
FTR-00117,PRP-0029,solar_panels,0
FTR-00118,PRP-0030,hardwood_floors,1
FTR-00119,PRP-0030,vaulted_ceilings,no
FTR-00120,PRP-0030,walk_in_closet,yes
FTR-00121,PRP-0031,updated_kitchen,1
FTR-00122,PRP-0031,walk_in_closet,yes
FTR-00123,PRP-0031,central_ac,Yes
FTR-00124,PRP-0031,master_suite,YES
FTR-00125,PRP-0031,new_roof,1
FTR-00126,PRP-0031,granite_counters,0
FTR-00127,PRP-0032,new_roof,0
FTR-00128,PRP-0032,vaulted_ceilings,yes
FTR-00129,PRP-0032,hardwood_floors,0
FTR-00130,PRP-0032,central_ac,Yes
FTR-00131,PRP-0033,open_floor_plan,1
FTR-00132,PRP-0033,walk_in_closet,yes
FTR-00133,PRP-0034,fireplace,yes
FTR-00134,PRP-0034,walk_in_closet,yes
FTR-00135,PRP-0034,central_ac,1
FTR-00136,PRP-0034,stainless_appliances,YES
FTR-00137,PRP-0035,solar_panels,Yes
FTR-00138,PRP-0035,fresh_paint,no
FTR-00139,PRP-0035,vaulted_ceilings,Yes
FTR-00140,PRP-0036,central_ac,YES
FTR-00141,PRP-0036,smart_home,Yes
FTR-00142,PRP-0036,new_roof,yes
FTR-00143,PRP-0036,hardwood_floors,yes
FTR-00144,PRP-0036,updated_kitchen,YES
FTR-00145,PRP-0036,walk_in_closet,1
FTR-00146,PRP-0037,solar_panels,0
FTR-00147,PRP-0037,fireplace,Yes
FTR-00148,PRP-0037,hardwood_floors,yes
FTR-00149,PRP-0037,central_ac,no
FTR-00150,PRP-0037,new_roof,yes
FTR-00151,PRP-0037,vaulted_ceilings,0
FTR-00152,PRP-0038,walk_in_closet,1
FTR-00153,PRP-0038,fresh_paint,0
FTR-00154,PRP-0039,fresh_paint,0
FTR-00155,PRP-0039,updated_kitchen,yes
FTR-00156,PRP-0039,stainless_appliances,1
FTR-00157,PRP-0039,walk_in_closet,0
FTR-00158,PRP-0040,solar_panels,no
FTR-00159,PRP-0040,hardwood_floors,YES
FTR-00160,PRP-0040,master_suite,YES
FTR-00161,PRP-0040,new_roof,no
FTR-00162,PRP-0041,smart_home,0
FTR-00163,PRP-0041,fireplace,Yes
FTR-00164,PRP-0041,open_floor_plan,1
FTR-00165,PRP-0041,solar_panels,Yes
FTR-00166,PRP-0041,stainless_appliances,YES
FTR-00167,PRP-0042,fireplace,1
FTR-00168,PRP-0042,smart_home,YES
FTR-00169,PRP-0042,stainless_appliances,YES
FTR-00170,PRP-0042,walk_in_closet,1
FTR-00171,PRP-0043,master_suite,Yes
FTR-00172,PRP-0043,fireplace,1
FTR-00173,PRP-0043,new_roof,Yes
FTR-00174,PRP-0044,updated_kitchen,Yes
FTR-00175,PRP-0044,open_floor_plan,no
FTR-00176,PRP-0045,stainless_appliances,yes
FTR-00177,PRP-0045,granite_counters,YES
FTR-00178,PRP-0045,vaulted_ceilings,1
FTR-00179,PRP-0045,hardwood_floors,Yes
FTR-00180,PRP-0045,master_suite,Yes
FTR-00181,PRP-0046,central_ac,yes
FTR-00182,PRP-0046,granite_counters,no
FTR-00183,PRP-0046,hardwood_floors,yes
FTR-00184,PRP-0047,updated_kitchen,yes
FTR-00185,PRP-0047,smart_home,Yes
FTR-00186,PRP-0047,granite_counters,yes
FTR-00187,PRP-0047,stainless_appliances,0
FTR-00188,PRP-0048,hardwood_floors,yes
FTR-00189,PRP-0048,fireplace,Yes
FTR-00190,PRP-0048,updated_kitchen,1
FTR-00191,PRP-0048,central_ac,YES
FTR-00192,PRP-0048,open_floor_plan,1
FTR-00193,PRP-0048,fresh_paint,yes
FTR-00194,PRP-0049,walk_in_closet,1
FTR-00195,PRP-0049,granite_counters,no
FTR-00196,PRP-0049,updated_kitchen,yes
FTR-00197,PRP-0049,stainless_appliances,yes
FTR-00198,PRP-0050,vaulted_ceilings,1
FTR-00199,PRP-0050,central_ac,0
FTR-00200,PRP-0050,granite_counters,no
FTR-00201,PRP-0051,solar_panels,1
FTR-00202,PRP-0051,new_roof,YES
FTR-00203,PRP-0051,updated_kitchen,0
FTR-00204,PRP-0051,hardwood_floors,no
FTR-00205,PRP-0052,hardwood_floors,0
FTR-00206,PRP-0052,granite_counters,0
FTR-00207,PRP-0052,stainless_appliances,YES
FTR-00208,PRP-0052,fireplace,yes
FTR-00209,PRP-0052,central_ac,YES
FTR-00210,PRP-0053,master_suite,Yes
FTR-00211,PRP-0053,granite_counters,1
FTR-00212,PRP-0053,vaulted_ceilings,1
FTR-00213,PRP-0053,stainless_appliances,no
FTR-00214,PRP-0053,solar_panels,yes
FTR-00215,PRP-0053,new_roof,Yes
FTR-00216,PRP-0054,new_roof,0
FTR-00217,PRP-0054,fireplace,0
FTR-00218,PRP-0054,solar_panels,0
FTR-00219,PRP-0054,stainless_appliances,yes
FTR-00220,PRP-0055,vaulted_ceilings,yes
FTR-00221,PRP-0055,hardwood_floors,0
FTR-00222,PRP-0055,granite_counters,YES
FTR-00223,PRP-0055,solar_panels,1
FTR-00224,PRP-0056,smart_home,yes
FTR-00225,PRP-0056,solar_panels,0
FTR-00226,PRP-0056,hardwood_floors,YES
FTR-00227,PRP-0056,new_roof,Yes
FTR-00228,PRP-0057,walk_in_closet,0
FTR-00229,PRP-0057,updated_kitchen,YES
FTR-00230,PRP-0057,master_suite,YES
FTR-00231,PRP-0057,central_ac,Yes
FTR-00232,PRP-0057,smart_home,yes
FTR-00233,PRP-0057,vaulted_ceilings,no
FTR-00234,PRP-0058,fireplace,no
FTR-00235,PRP-0058,hardwood_floors,yes
FTR-00236,PRP-0058,granite_counters,yes
FTR-00237,PRP-0058,updated_kitchen,YES
FTR-00238,PRP-0058,fresh_paint,0
FTR-00239,PRP-0058,new_roof,yes
FTR-00240,PRP-0059,stainless_appliances,no
FTR-00241,PRP-0059,master_suite,YES
FTR-00242,PRP-0059,central_ac,0
FTR-00243,PRP-0060,open_floor_plan,0
FTR-00244,PRP-0060,stainless_appliances,no
FTR-00245,PRP-0061,fireplace,Yes
FTR-00246,PRP-0061,open_floor_plan,1
FTR-00247,PRP-0061,updated_kitchen,Yes
FTR-00248,PRP-0061,smart_home,yes
FTR-00249,PRP-0062,master_suite,Yes
FTR-00250,PRP-0062,smart_home,yes
FTR-00251,PRP-0062,solar_panels,no
FTR-00252,PRP-0062,fireplace,1
FTR-00253,PRP-0062,open_floor_plan,0
FTR-00254,PRP-0062,updated_kitchen,Yes
FTR-00255,PRP-0063,granite_counters,YES
FTR-00256,PRP-0063,master_suite,1
FTR-00257,PRP-0064,central_ac,0
FTR-00258,PRP-0064,vaulted_ceilings,1
FTR-00259,PRP-0064,updated_kitchen,YES
FTR-00260,PRP-0064,walk_in_closet,0
FTR-00261,PRP-0064,fresh_paint,YES
FTR-00262,PRP-0064,fireplace,YES
FTR-00263,PRP-0065,fireplace,YES
FTR-00264,PRP-0065,granite_counters,YES
FTR-00265,PRP-0065,central_ac,Yes
FTR-00266,PRP-0065,new_roof,0
FTR-00267,PRP-0065,hardwood_floors,1
FTR-00268,PRP-0065,stainless_appliances,yes
FTR-00269,PRP-0066,hardwood_floors,0
FTR-00270,PRP-0066,central_ac,no
FTR-00271,PRP-0067,open_floor_plan,yes
FTR-00272,PRP-0067,solar_panels,0
FTR-00273,PRP-0067,updated_kitchen,0
FTR-00274,PRP-0067,walk_in_closet,YES
FTR-00275,PRP-0068,open_floor_plan,0
FTR-00276,PRP-0068,hardwood_floors,YES
FTR-00277,PRP-0068,granite_counters,YES
FTR-00278,PRP-0068,vaulted_ceilings,Yes
FTR-00279,PRP-0068,updated_kitchen,YES
FTR-00280,PRP-0069,solar_panels,1
FTR-00281,PRP-0069,open_floor_plan,0
FTR-00282,PRP-0069,fireplace,Yes
FTR-00283,PRP-0069,new_roof,1
FTR-00284,PRP-0070,fireplace,1
FTR-00285,PRP-0070,central_ac,0
FTR-00286,PRP-0070,fresh_paint,0
FTR-00287,PRP-0070,updated_kitchen,0
FTR-00288,PRP-0071,stainless_appliances,1
FTR-00289,PRP-0071,fresh_paint,YES
FTR-00290,PRP-0071,vaulted_ceilings,YES
FTR-00291,PRP-0071,granite_counters,YES
FTR-00292,PRP-0072,open_floor_plan,YES
FTR-00293,PRP-0072,walk_in_closet,yes
FTR-00294,PRP-0072,solar_panels,1
FTR-00295,PRP-0072,hardwood_floors,yes
FTR-00296,PRP-0073,master_suite,no
FTR-00297,PRP-0073,walk_in_closet,Yes
FTR-00298,PRP-0073,central_ac,YES
FTR-00299,PRP-0073,hardwood_floors,no
FTR-00300,PRP-0073,new_roof,1
FTR-00301,PRP-0074,new_roof,1
FTR-00302,PRP-0074,fresh_paint,yes
FTR-00303,PRP-0074,fireplace,Yes
FTR-00304,PRP-0074,open_floor_plan,yes
FTR-00305,PRP-0075,vaulted_ceilings,1
FTR-00306,PRP-0075,new_roof,Yes
FTR-00307,PRP-0076,stainless_appliances,1
FTR-00308,PRP-0076,walk_in_closet,YES
FTR-00309,PRP-0076,new_roof,YES
FTR-00310,PRP-0076,smart_home,0
FTR-00311,PRP-0076,master_suite,YES
FTR-00312,PRP-0077,stainless_appliances,0
FTR-00313,PRP-0077,fireplace,1
FTR-00314,PRP-0078,updated_kitchen,0
FTR-00315,PRP-0078,granite_counters,yes
FTR-00316,PRP-0078,master_suite,yes
FTR-00317,PRP-0078,hardwood_floors,no
FTR-00318,PRP-0079,open_floor_plan,YES
FTR-00319,PRP-0079,central_ac,no
FTR-00320,PRP-0079,fireplace,YES
FTR-00321,PRP-0080,walk_in_closet,YES
FTR-00322,PRP-0080,granite_counters,yes
FTR-00323,PRP-0081,vaulted_ceilings,Yes
FTR-00324,PRP-0081,fireplace,Yes
FTR-00325,PRP-0081,master_suite,1
FTR-00326,PRP-0082,updated_kitchen,1
FTR-00327,PRP-0082,fireplace,1
FTR-00328,PRP-0082,master_suite,YES
FTR-00329,PRP-0083,solar_panels,yes
FTR-00330,PRP-0083,walk_in_closet,0
FTR-00331,PRP-0083,granite_counters,no
FTR-00332,PRP-0083,stainless_appliances,0
FTR-00333,PRP-0083,master_suite,Yes
FTR-00334,PRP-0083,fireplace,Yes
FTR-00335,PRP-0084,walk_in_closet,yes
FTR-00336,PRP-0084,fresh_paint,1
FTR-00337,PRP-0084,fireplace,no
FTR-00338,PRP-0084,smart_home,yes
FTR-00339,PRP-0084,stainless_appliances,0
FTR-00340,PRP-0084,updated_kitchen,0
FTR-00341,PRP-0085,open_floor_plan,yes
FTR-00342,PRP-0085,stainless_appliances,no
FTR-00343,PRP-0085,walk_in_closet,Yes
FTR-00344,PRP-0085,fireplace,yes
FTR-00345,PRP-0086,updated_kitchen,1
FTR-00346,PRP-0086,central_ac,Yes
FTR-00347,PRP-0086,vaulted_ceilings,0
FTR-00348,PRP-0086,fresh_paint,0
FTR-00349,PRP-0086,smart_home,1
FTR-00350,PRP-0086,granite_counters,YES
FTR-00351,PRP-0087,fireplace,0
FTR-00352,PRP-0087,granite_counters,Yes
FTR-00353,PRP-0088,master_suite,Yes
FTR-00354,PRP-0088,solar_panels,Yes
FTR-00355,PRP-0089,central_ac,0
FTR-00356,PRP-0089,master_suite,no
FTR-00357,PRP-0089,updated_kitchen,0
FTR-00358,PRP-0089,smart_home,yes
FTR-00359,PRP-0089,hardwood_floors,1
FTR-00360,PRP-0089,new_roof,0
FTR-00361,PRP-0090,granite_counters,YES
FTR-00362,PRP-0090,master_suite,YES
FTR-00363,PRP-0090,hardwood_floors,Yes
FTR-00364,PRP-0090,smart_home,no
FTR-00365,PRP-0090,fireplace,Yes
FTR-00366,PRP-0090,open_floor_plan,1
FTR-00367,PRP-0091,granite_counters,Yes
FTR-00368,PRP-0091,solar_panels,Yes
FTR-00369,PRP-0091,stainless_appliances,0
FTR-00370,PRP-0091,central_ac,no
FTR-00371,PRP-0092,central_ac,yes
FTR-00372,PRP-0092,fresh_paint,Yes
FTR-00373,PRP-0093,central_ac,YES
FTR-00374,PRP-0093,master_suite,0
FTR-00375,PRP-0094,open_floor_plan,YES
FTR-00376,PRP-0094,walk_in_closet,Yes
FTR-00377,PRP-0095,smart_home,no
FTR-00378,PRP-0095,open_floor_plan,no
FTR-00379,PRP-0095,fresh_paint,YES
FTR-00380,PRP-0095,fireplace,YES
FTR-00381,PRP-0095,master_suite,yes
FTR-00382,PRP-0095,central_ac,0
FTR-00383,PRP-0096,central_ac,yes
FTR-00384,PRP-0096,fireplace,Yes
FTR-00385,PRP-0097,hardwood_floors,0
FTR-00386,PRP-0097,stainless_appliances,yes
FTR-00387,PRP-0097,central_ac,Yes
FTR-00388,PRP-0097,smart_home,1
FTR-00389,PRP-0097,master_suite,1
FTR-00390,PRP-0098,granite_counters,Yes
FTR-00391,PRP-0098,vaulted_ceilings,YES
FTR-00392,PRP-0098,open_floor_plan,0
FTR-00393,PRP-0098,central_ac,0
FTR-00394,PRP-0098,stainless_appliances,0
FTR-00395,PRP-0099,smart_home,no
FTR-00396,PRP-0099,granite_counters,0
FTR-00397,PRP-0099,master_suite,Yes
FTR-00398,PRP-0099,new_roof,YES
FTR-00399,PRP-0099,fireplace,yes
FTR-00400,PRP-0099,walk_in_closet,1
FTR-00401,PRP-0100,master_suite,yes
FTR-00402,PRP-0100,hardwood_floors,0
FTR-00403,PRP-0100,open_floor_plan,no
FTR-00404,PRP-0101,stainless_appliances,1
FTR-00405,PRP-0101,smart_home,1
FTR-00406,PRP-0102,walk_in_closet,yes
FTR-00407,PRP-0102,fresh_paint,YES
FTR-00408,PRP-0102,master_suite,no
FTR-00409,PRP-0102,solar_panels,YES
FTR-00410,PRP-0103,fresh_paint,1
FTR-00411,PRP-0103,updated_kitchen,no
FTR-00412,PRP-0103,granite_counters,Yes
FTR-00413,PRP-0103,new_roof,yes
FTR-00414,PRP-0103,stainless_appliances,Yes
FTR-00415,PRP-0104,stainless_appliances,Yes
FTR-00416,PRP-0104,granite_counters,0
FTR-00417,PRP-0104,open_floor_plan,0
FTR-00418,PRP-0104,central_ac,YES
FTR-00419,PRP-0104,master_suite,yes
FTR-00420,PRP-0105,fresh_paint,yes
FTR-00421,PRP-0105,fireplace,Yes
FTR-00422,PRP-0105,central_ac,yes
FTR-00423,PRP-0106,stainless_appliances,0
FTR-00424,PRP-0106,hardwood_floors,no
FTR-00425,PRP-0106,fresh_paint,yes
FTR-00426,PRP-0106,smart_home,YES
FTR-00427,PRP-0106,fireplace,0
FTR-00428,PRP-0107,fireplace,Yes
FTR-00429,PRP-0107,master_suite,no
FTR-00430,PRP-0107,solar_panels,1
FTR-00431,PRP-0107,smart_home,YES
FTR-00432,PRP-0107,central_ac,YES
FTR-00433,PRP-0107,granite_counters,0
FTR-00434,PRP-0108,fresh_paint,yes
FTR-00435,PRP-0108,open_floor_plan,1
FTR-00436,PRP-0109,fireplace,yes
FTR-00437,PRP-0109,central_ac,no
FTR-00438,PRP-0109,solar_panels,no
FTR-00439,PRP-0109,hardwood_floors,yes
FTR-00440,PRP-0109,new_roof,no
FTR-00441,PRP-0109,smart_home,Yes
FTR-00442,PRP-0110,hardwood_floors,yes
FTR-00443,PRP-0110,stainless_appliances,0
FTR-00444,PRP-0110,walk_in_closet,1
FTR-00445,PRP-0110,central_ac,0
FTR-00446,PRP-0110,fresh_paint,0
FTR-00447,PRP-0110,granite_counters,yes
FTR-00448,PRP-0111,open_floor_plan,0
FTR-00449,PRP-0111,new_roof,Yes
FTR-00450,PRP-0111,updated_kitchen,Yes
FTR-00451,PRP-0111,smart_home,yes
FTR-00452,PRP-0111,hardwood_floors,Yes
FTR-00453,PRP-0111,granite_counters,YES
FTR-00454,PRP-0112,fireplace,Yes
FTR-00455,PRP-0112,smart_home,1
FTR-00456,PRP-0112,new_roof,Yes
FTR-00457,PRP-0113,smart_home,Yes
FTR-00458,PRP-0113,central_ac,no
FTR-00459,PRP-0114,solar_panels,1
FTR-00460,PRP-0114,smart_home,0
FTR-00461,PRP-0114,walk_in_closet,yes
FTR-00462,PRP-0114,master_suite,1
FTR-00463,PRP-0114,central_ac,Yes
FTR-00464,PRP-0114,fireplace,yes
FTR-00465,PRP-0115,solar_panels,1
FTR-00466,PRP-0115,fireplace,Yes
FTR-00467,PRP-0115,updated_kitchen,1
FTR-00468,PRP-0115,granite_counters,yes
FTR-00469,PRP-0116,walk_in_closet,1
FTR-00470,PRP-0116,central_ac,yes
FTR-00471,PRP-0116,fresh_paint,YES
FTR-00472,PRP-0117,new_roof,1
FTR-00473,PRP-0117,stainless_appliances,yes
FTR-00474,PRP-0117,master_suite,no
FTR-00475,PRP-0118,new_roof,0
FTR-00476,PRP-0118,stainless_appliances,1
FTR-00477,PRP-0118,smart_home,YES
FTR-00478,PRP-0118,vaulted_ceilings,no
FTR-00479,PRP-0118,master_suite,YES
FTR-00480,PRP-0118,open_floor_plan,YES
FTR-00481,PRP-0119,granite_counters,yes
FTR-00482,PRP-0119,fresh_paint,no
FTR-00483,PRP-0119,vaulted_ceilings,yes
FTR-00484,PRP-0119,master_suite,yes
FTR-00485,PRP-0120,new_roof,0
FTR-00486,PRP-0120,open_floor_plan,yes
FTR-00487,PRP-0120,fresh_paint,YES
FTR-00488,PRP-0120,updated_kitchen,0
FTR-00489,PRP-0120,granite_counters,Yes
FTR-00490,PRP-0121,fireplace,YES
FTR-00491,PRP-0121,central_ac,YES
FTR-00492,PRP-0121,open_floor_plan,YES
FTR-00493,PRP-0122,smart_home,YES
FTR-00494,PRP-0122,open_floor_plan,yes
FTR-00495,PRP-0122,granite_counters,yes
FTR-00496,PRP-0123,new_roof,yes
FTR-00497,PRP-0123,updated_kitchen,0
FTR-00498,PRP-0123,master_suite,YES
FTR-00499,PRP-0123,granite_counters,no
FTR-00500,PRP-0124,fireplace,no
FTR-00501,PRP-0124,fresh_paint,yes
FTR-00502,PRP-0124,master_suite,YES
FTR-00503,PRP-0124,central_ac,0
FTR-00504,PRP-0124,smart_home,0
FTR-00505,PRP-0124,stainless_appliances,0
FTR-00506,PRP-0125,granite_counters,YES
FTR-00507,PRP-0125,fresh_paint,0
FTR-00508,PRP-0125,new_roof,0
FTR-00509,PRP-0125,vaulted_ceilings,1
FTR-00510,PRP-0125,master_suite,1
FTR-00511,PRP-0126,master_suite,yes
FTR-00512,PRP-0126,vaulted_ceilings,Yes
FTR-00513,PRP-0126,solar_panels,YES
FTR-00514,PRP-0127,stainless_appliances,1
FTR-00515,PRP-0127,fireplace,0
FTR-00516,PRP-0127,master_suite,YES
FTR-00517,PRP-0127,updated_kitchen,1
FTR-00518,PRP-0128,walk_in_closet,yes
FTR-00519,PRP-0128,smart_home,0
FTR-00520,PRP-0128,granite_counters,yes
FTR-00521,PRP-0128,vaulted_ceilings,YES
FTR-00522,PRP-0129,updated_kitchen,Yes
FTR-00523,PRP-0129,granite_counters,0
FTR-00524,PRP-0130,open_floor_plan,Yes
FTR-00525,PRP-0130,smart_home,yes
FTR-00526,PRP-0130,central_ac,Yes
FTR-00527,PRP-0130,granite_counters,YES
FTR-00528,PRP-0130,vaulted_ceilings,no
FTR-00529,PRP-0130,walk_in_closet,no
FTR-00530,PRP-0131,fresh_paint,0
FTR-00531,PRP-0131,granite_counters,0
FTR-00532,PRP-0132,central_ac,1
FTR-00533,PRP-0132,open_floor_plan,1
FTR-00534,PRP-0132,granite_counters,no
FTR-00535,PRP-0133,vaulted_ceilings,YES
FTR-00536,PRP-0133,central_ac,Yes
FTR-00537,PRP-0133,fireplace,no
FTR-00538,PRP-0134,solar_panels,Yes
FTR-00539,PRP-0134,walk_in_closet,0
FTR-00540,PRP-0134,updated_kitchen,0
FTR-00541,PRP-0134,hardwood_floors,Yes
FTR-00542,PRP-0134,central_ac,yes
FTR-00543,PRP-0135,fresh_paint,0
FTR-00544,PRP-0135,master_suite,no
FTR-00545,PRP-0136,fireplace,1
FTR-00546,PRP-0136,new_roof,yes
FTR-00547,PRP-0136,master_suite,no
FTR-00548,PRP-0136,fresh_paint,Yes
FTR-00549,PRP-0136,vaulted_ceilings,0
FTR-00550,PRP-0137,fireplace,yes
FTR-00551,PRP-0137,vaulted_ceilings,no
FTR-00552,PRP-0137,fresh_paint,1
FTR-00553,PRP-0137,master_suite,1
FTR-00554,PRP-0137,walk_in_closet,YES
FTR-00555,PRP-0138,fresh_paint,1
FTR-00556,PRP-0138,solar_panels,no
FTR-00557,PRP-0139,granite_counters,YES
FTR-00558,PRP-0139,smart_home,0
FTR-00559,PRP-0139,master_suite,no
FTR-00560,PRP-0140,vaulted_ceilings,0
FTR-00561,PRP-0140,walk_in_closet,Yes
FTR-00562,PRP-0140,stainless_appliances,1
FTR-00563,PRP-0141,fresh_paint,no
FTR-00564,PRP-0141,hardwood_floors,yes
FTR-00565,PRP-0141,central_ac,Yes
FTR-00566,PRP-0141,new_roof,no
FTR-00567,PRP-0141,granite_counters,1
FTR-00568,PRP-0141,fireplace,yes
FTR-00569,PRP-0142,walk_in_closet,yes
FTR-00570,PRP-0142,granite_counters,no
FTR-00571,PRP-0142,fireplace,Yes
FTR-00572,PRP-0142,solar_panels,no
FTR-00573,PRP-0142,fresh_paint,1
FTR-00574,PRP-0142,stainless_appliances,yes
FTR-00575,PRP-0143,granite_counters,no
FTR-00576,PRP-0143,walk_in_closet,Yes
FTR-00577,PRP-0143,smart_home,1
FTR-00578,PRP-0143,new_roof,0
FTR-00579,PRP-0143,central_ac,0
FTR-00580,PRP-0143,updated_kitchen,0
FTR-00581,PRP-0144,new_roof,yes
FTR-00582,PRP-0144,granite_counters,Yes
FTR-00583,PRP-0144,smart_home,1
FTR-00584,PRP-0145,stainless_appliances,1
FTR-00585,PRP-0145,smart_home,Yes
FTR-00586,PRP-0145,fireplace,Yes
FTR-00587,PRP-0145,solar_panels,YES
FTR-00588,PRP-0146,smart_home,YES
FTR-00589,PRP-0146,vaulted_ceilings,no
FTR-00590,PRP-0146,solar_panels,0
FTR-00591,PRP-0147,hardwood_floors,0
FTR-00592,PRP-0147,central_ac,yes
FTR-00593,PRP-0147,granite_counters,1
FTR-00594,PRP-0147,solar_panels,YES
FTR-00595,PRP-0147,open_floor_plan,Yes
FTR-00596,PRP-0148,open_floor_plan,yes
FTR-00597,PRP-0148,solar_panels,0
FTR-00598,PRP-0148,walk_in_closet,no
FTR-00599,PRP-0149,smart_home,0
FTR-00600,PRP-0149,hardwood_floors,0
FTR-00601,PRP-0149,vaulted_ceilings,YES
FTR-00602,PRP-0150,updated_kitchen,0
FTR-00603,PRP-0150,central_ac,0
FTR-00604,PRP-0151,solar_panels,1
FTR-00605,PRP-0151,vaulted_ceilings,Yes
FTR-00606,PRP-0151,master_suite,1
FTR-00607,PRP-0152,new_roof,no
FTR-00608,PRP-0152,open_floor_plan,Yes
FTR-00609,PRP-0152,master_suite,1
FTR-00610,PRP-0153,smart_home,0
FTR-00611,PRP-0153,central_ac,0
FTR-00612,PRP-0153,new_roof,YES
FTR-00613,PRP-0153,stainless_appliances,YES
FTR-00614,PRP-0154,granite_counters,1
FTR-00615,PRP-0154,updated_kitchen,no
FTR-00616,PRP-0154,master_suite,no
FTR-00617,PRP-0154,walk_in_closet,YES
FTR-00618,PRP-0154,hardwood_floors,yes
FTR-00619,PRP-0154,fresh_paint,YES
FTR-00620,PRP-0155,fireplace,YES
FTR-00621,PRP-0155,master_suite,1
FTR-00622,PRP-0155,walk_in_closet,Yes
FTR-00623,PRP-0155,vaulted_ceilings,YES
FTR-00624,PRP-0155,solar_panels,1
FTR-00625,PRP-0156,central_ac,0
FTR-00626,PRP-0156,fireplace,YES
FTR-00627,PRP-0156,vaulted_ceilings,0
FTR-00628,PRP-0156,solar_panels,0
FTR-00629,PRP-0157,master_suite,1
FTR-00630,PRP-0157,hardwood_floors,no
FTR-00631,PRP-0157,walk_in_closet,0
FTR-00632,PRP-0158,hardwood_floors,0
FTR-00633,PRP-0158,smart_home,YES
FTR-00634,PRP-0158,new_roof,1
FTR-00635,PRP-0158,central_ac,no
FTR-00636,PRP-0158,vaulted_ceilings,no
FTR-00637,PRP-0158,master_suite,no
FTR-00638,PRP-0159,updated_kitchen,YES
FTR-00639,PRP-0159,new_roof,yes
FTR-00640,PRP-0159,walk_in_closet,Yes
FTR-00641,PRP-0159,smart_home,0
FTR-00642,PRP-0159,master_suite,Yes
FTR-00643,PRP-0160,updated_kitchen,yes
FTR-00644,PRP-0160,new_roof,yes
FTR-00645,PRP-0160,master_suite,yes
FTR-00646,PRP-0160,open_floor_plan,1
FTR-00647,PRP-0161,solar_panels,1
FTR-00648,PRP-0161,new_roof,1
FTR-00649,PRP-0161,fireplace,0
FTR-00650,PRP-0161,fresh_paint,0
FTR-00651,PRP-0161,master_suite,yes
FTR-00652,PRP-0161,central_ac,YES
FTR-00653,PRP-0162,central_ac,YES
FTR-00654,PRP-0162,hardwood_floors,0
FTR-00655,PRP-0162,fresh_paint,0
FTR-00656,PRP-0163,vaulted_ceilings,YES
FTR-00657,PRP-0163,updated_kitchen,Yes
FTR-00658,PRP-0163,master_suite,0
FTR-00659,PRP-0163,solar_panels,yes
FTR-00660,PRP-0164,fresh_paint,1
FTR-00661,PRP-0164,stainless_appliances,1
FTR-00662,PRP-0165,vaulted_ceilings,YES
FTR-00663,PRP-0165,smart_home,Yes
FTR-00664,PRP-0166,smart_home,0
FTR-00665,PRP-0166,hardwood_floors,yes
FTR-00666,PRP-0166,master_suite,0
FTR-00667,PRP-0166,stainless_appliances,YES
FTR-00668,PRP-0167,walk_in_closet,YES
FTR-00669,PRP-0167,granite_counters,no
FTR-00670,PRP-0167,fireplace,yes
FTR-00671,PRP-0167,updated_kitchen,1
FTR-00672,PRP-0167,vaulted_ceilings,1
FTR-00673,PRP-0167,central_ac,YES
FTR-00674,PRP-0168,granite_counters,yes
FTR-00675,PRP-0168,new_roof,YES
FTR-00676,PRP-0168,solar_panels,Yes
FTR-00677,PRP-0168,fresh_paint,Yes
FTR-00678,PRP-0168,updated_kitchen,0
FTR-00679,PRP-0168,fireplace,YES
FTR-00680,PRP-0169,new_roof,YES
FTR-00681,PRP-0169,updated_kitchen,yes
FTR-00682,PRP-0169,smart_home,yes
FTR-00683,PRP-0169,solar_panels,1
FTR-00684,PRP-0169,stainless_appliances,1
FTR-00685,PRP-0169,granite_counters,Yes
FTR-00686,PRP-0170,fresh_paint,0
FTR-00687,PRP-0170,solar_panels,1
FTR-00688,PRP-0170,stainless_appliances,0
FTR-00689,PRP-0170,master_suite,yes
FTR-00690,PRP-0170,vaulted_ceilings,0
FTR-00691,PRP-0170,central_ac,yes
FTR-00692,PRP-0171,updated_kitchen,no
FTR-00693,PRP-0171,hardwood_floors,YES
FTR-00694,PRP-0171,open_floor_plan,yes
FTR-00695,PRP-0171,fresh_paint,Yes
FTR-00696,PRP-0171,central_ac,no
FTR-00697,PRP-0171,walk_in_closet,no
FTR-00698,PRP-0172,fireplace,no
FTR-00699,PRP-0172,smart_home,YES
FTR-00700,PRP-0172,hardwood_floors,Yes
FTR-00701,PRP-0172,updated_kitchen,Yes
FTR-00702,PRP-0172,vaulted_ceilings,no
FTR-00703,PRP-0173,vaulted_ceilings,1
FTR-00704,PRP-0173,stainless_appliances,1
FTR-00705,PRP-0173,central_ac,Yes
FTR-00706,PRP-0174,central_ac,no
FTR-00707,PRP-0174,master_suite,YES
FTR-00708,PRP-0174,new_roof,no
FTR-00709,PRP-0174,smart_home,YES
FTR-00710,PRP-0175,fresh_paint,no
FTR-00711,PRP-0175,central_ac,YES
FTR-00712,PRP-0175,updated_kitchen,yes
FTR-00713,PRP-0175,hardwood_floors,no
FTR-00714,PRP-0175,stainless_appliances,yes
FTR-00715,PRP-0176,walk_in_closet,Yes
FTR-00716,PRP-0176,hardwood_floors,yes
FTR-00717,PRP-0176,solar_panels,YES
FTR-00718,PRP-0176,central_ac,no
FTR-00719,PRP-0176,vaulted_ceilings,1
FTR-00720,PRP-0177,fresh_paint,0
FTR-00721,PRP-0177,stainless_appliances,YES
FTR-00722,PRP-0177,new_roof,0
FTR-00723,PRP-0177,hardwood_floors,YES
FTR-00724,PRP-0177,walk_in_closet,yes
FTR-00725,PRP-0177,granite_counters,1
FTR-00726,PRP-0178,solar_panels,0
FTR-00727,PRP-0178,central_ac,no
FTR-00728,PRP-0178,master_suite,no
FTR-00729,PRP-0178,smart_home,yes
FTR-00730,PRP-0178,fresh_paint,1
FTR-00731,PRP-0178,new_roof,yes
FTR-00732,PRP-0179,master_suite,0
FTR-00733,PRP-0179,hardwood_floors,0
FTR-00734,PRP-0180,updated_kitchen,0
FTR-00735,PRP-0180,granite_counters,YES
FTR-00736,PRP-0180,smart_home,Yes
FTR-00737,PRP-0180,open_floor_plan,YES
FTR-00738,PRP-0180,fresh_paint,0
FTR-00739,PRP-0181,updated_kitchen,Yes
FTR-00740,PRP-0181,stainless_appliances,0
FTR-00741,PRP-0181,fireplace,YES
FTR-00742,PRP-0181,central_ac,1
FTR-00743,PRP-0181,hardwood_floors,1
FTR-00744,PRP-0181,master_suite,YES
FTR-00745,PRP-0182,updated_kitchen,Yes
FTR-00746,PRP-0182,master_suite,YES
FTR-00747,PRP-0182,solar_panels,0
FTR-00748,PRP-0182,fireplace,no
FTR-00749,PRP-0182,walk_in_closet,no
FTR-00750,PRP-0183,hardwood_floors,1
FTR-00751,PRP-0183,updated_kitchen,Yes
FTR-00752,PRP-0183,vaulted_ceilings,1
FTR-00753,PRP-0184,solar_panels,yes
FTR-00754,PRP-0184,vaulted_ceilings,Yes
FTR-00755,PRP-0184,central_ac,YES
FTR-00756,PRP-0185,fireplace,no
FTR-00757,PRP-0185,solar_panels,Yes
FTR-00758,PRP-0185,hardwood_floors,YES
FTR-00759,PRP-0185,stainless_appliances,0
FTR-00760,PRP-0185,fresh_paint,no
FTR-00761,PRP-0186,updated_kitchen,no
FTR-00762,PRP-0186,granite_counters,YES
FTR-00763,PRP-0186,stainless_appliances,1
FTR-00764,PRP-0187,solar_panels,yes
FTR-00765,PRP-0187,granite_counters,1
FTR-00766,PRP-0188,solar_panels,Yes
FTR-00767,PRP-0188,open_floor_plan,Yes
FTR-00768,PRP-0188,central_ac,1
FTR-00769,PRP-0188,hardwood_floors,0
FTR-00770,PRP-0188,updated_kitchen,yes
FTR-00771,PRP-0188,master_suite,0
FTR-00772,PRP-0189,central_ac,Yes
FTR-00773,PRP-0189,updated_kitchen,no
FTR-00774,PRP-0189,solar_panels,YES
FTR-00775,PRP-0189,open_floor_plan,Yes
FTR-00776,PRP-0189,master_suite,no
FTR-00777,PRP-0190,smart_home,0
FTR-00778,PRP-0190,fireplace,YES
FTR-00779,PRP-0190,solar_panels,0
FTR-00780,PRP-0190,walk_in_closet,1
FTR-00781,PRP-0191,solar_panels,Yes
FTR-00782,PRP-0191,smart_home,yes
FTR-00783,PRP-0191,hardwood_floors,Yes
FTR-00784,PRP-0192,fireplace,YES
FTR-00785,PRP-0192,open_floor_plan,YES
FTR-00786,PRP-0192,solar_panels,YES
FTR-00787,PRP-0193,walk_in_closet,yes
FTR-00788,PRP-0193,fireplace,yes
FTR-00789,PRP-0193,master_suite,1
FTR-00790,PRP-0193,hardwood_floors,no
FTR-00791,PRP-0193,open_floor_plan,yes
FTR-00792,PRP-0194,central_ac,0
FTR-00793,PRP-0194,master_suite,yes
FTR-00794,PRP-0194,hardwood_floors,0
FTR-00795,PRP-0195,new_roof,1
FTR-00796,PRP-0195,updated_kitchen,Yes
FTR-00797,PRP-0195,smart_home,1
FTR-00798,PRP-0195,stainless_appliances,0
FTR-00799,PRP-0195,master_suite,Yes
FTR-00800,PRP-0196,updated_kitchen,no
FTR-00801,PRP-0196,granite_counters,0
FTR-00802,PRP-0197,solar_panels,0
FTR-00803,PRP-0197,updated_kitchen,YES
FTR-00804,PRP-0197,central_ac,Yes
FTR-00805,PRP-0198,solar_panels,1
FTR-00806,PRP-0198,master_suite,Yes
FTR-00807,PRP-0198,stainless_appliances,yes
FTR-00808,PRP-0199,new_roof,YES
FTR-00809,PRP-0199,central_ac,Yes
FTR-00810,PRP-0199,walk_in_closet,1
FTR-00811,PRP-0199,fireplace,1
FTR-00812,PRP-0199,fresh_paint,0
FTR-00813,PRP-0200,fireplace,1
FTR-00814,PRP-0200,smart_home,yes
FTR-00815,PRP-0200,fresh_paint,YES
FTR-00816,PRP-0200,granite_counters,Yes
FTR-00817,PRP-0201,vaulted_ceilings,YES
FTR-00818,PRP-0201,open_floor_plan,1
FTR-00819,PRP-0201,fireplace,0
FTR-00820,PRP-0201,updated_kitchen,yes
FTR-00821,PRP-0202,stainless_appliances,1
FTR-00822,PRP-0202,master_suite,Yes
FTR-00823,PRP-0202,walk_in_closet,yes
FTR-00824,PRP-0202,central_ac,YES
FTR-00825,PRP-0203,fireplace,Yes
FTR-00826,PRP-0203,new_roof,1
FTR-00827,PRP-0204,stainless_appliances,YES
FTR-00828,PRP-0204,open_floor_plan,yes
FTR-00829,PRP-0204,new_roof,YES
FTR-00830,PRP-0204,central_ac,Yes
FTR-00831,PRP-0205,updated_kitchen,0
FTR-00832,PRP-0205,stainless_appliances,0
FTR-00833,PRP-0205,fresh_paint,YES
FTR-00834,PRP-0205,open_floor_plan,YES
FTR-00835,PRP-0206,stainless_appliances,yes
FTR-00836,PRP-0206,fireplace,1
FTR-00837,PRP-0206,fresh_paint,0
FTR-00838,PRP-0206,walk_in_closet,YES
FTR-00839,PRP-0207,stainless_appliances,YES
FTR-00840,PRP-0207,granite_counters,no
FTR-00841,PRP-0207,fresh_paint,Yes
FTR-00842,PRP-0207,vaulted_ceilings,yes
FTR-00843,PRP-0207,fireplace,Yes
FTR-00844,PRP-0208,hardwood_floors,1
FTR-00845,PRP-0208,walk_in_closet,0
FTR-00846,PRP-0208,smart_home,YES
FTR-00847,PRP-0208,granite_counters,YES
FTR-00848,PRP-0208,central_ac,YES
FTR-00849,PRP-0209,master_suite,no
FTR-00850,PRP-0209,stainless_appliances,no
FTR-00851,PRP-0209,solar_panels,no
FTR-00852,PRP-0210,fresh_paint,0
FTR-00853,PRP-0210,vaulted_ceilings,1
FTR-00854,PRP-0210,new_roof,no
FTR-00855,PRP-0211,fireplace,YES
FTR-00856,PRP-0211,stainless_appliances,yes
FTR-00857,PRP-0211,central_ac,yes
FTR-00858,PRP-0211,updated_kitchen,1
FTR-00859,PRP-0212,vaulted_ceilings,0
FTR-00860,PRP-0212,solar_panels,no
FTR-00861,PRP-0213,fresh_paint,yes
FTR-00862,PRP-0213,fireplace,Yes
FTR-00863,PRP-0214,master_suite,0
FTR-00864,PRP-0214,hardwood_floors,1
FTR-00865,PRP-0214,smart_home,no
FTR-00866,PRP-0214,fireplace,no
FTR-00867,PRP-0215,granite_counters,yes
FTR-00868,PRP-0215,open_floor_plan,no
FTR-00869,PRP-0216,solar_panels,0
FTR-00870,PRP-0216,stainless_appliances,Yes
FTR-00871,PRP-0216,fireplace,yes
FTR-00872,PRP-0216,walk_in_closet,no
FTR-00873,PRP-0217,new_roof,0
FTR-00874,PRP-0217,central_ac,yes
FTR-00875,PRP-0217,solar_panels,0
FTR-00876,PRP-0217,updated_kitchen,1
FTR-00877,PRP-0217,master_suite,Yes
FTR-00878,PRP-0217,fresh_paint,YES
FTR-00879,PRP-0218,master_suite,0
FTR-00880,PRP-0218,open_floor_plan,YES
FTR-00881,PRP-0219,smart_home,1
FTR-00882,PRP-0219,central_ac,yes
FTR-00883,PRP-0219,hardwood_floors,no
FTR-00884,PRP-0220,vaulted_ceilings,0
FTR-00885,PRP-0220,open_floor_plan,no
FTR-00886,PRP-0220,new_roof,0
FTR-00887,PRP-0220,walk_in_closet,1
FTR-00888,PRP-0221,hardwood_floors,yes
FTR-00889,PRP-0221,smart_home,YES
FTR-00890,PRP-0221,fireplace,YES
FTR-00891,PRP-0221,walk_in_closet,no
FTR-00892,PRP-0221,vaulted_ceilings,YES
FTR-00893,PRP-0222,updated_kitchen,no
FTR-00894,PRP-0222,solar_panels,no
FTR-00895,PRP-0222,fresh_paint,1
FTR-00896,PRP-0223,new_roof,no
FTR-00897,PRP-0223,fireplace,yes
FTR-00898,PRP-0223,smart_home,1
FTR-00899,PRP-0223,granite_counters,1
FTR-00900,PRP-0223,vaulted_ceilings,no
FTR-00901,PRP-0224,fireplace,1
FTR-00902,PRP-0224,walk_in_closet,1
FTR-00903,PRP-0224,fresh_paint,Yes
FTR-00904,PRP-0225,vaulted_ceilings,no
FTR-00905,PRP-0225,central_ac,1
FTR-00906,PRP-0225,solar_panels,yes
FTR-00907,PRP-0226,vaulted_ceilings,YES
FTR-00908,PRP-0226,master_suite,YES
FTR-00909,PRP-0226,walk_in_closet,yes
FTR-00910,PRP-0226,updated_kitchen,Yes
FTR-00911,PRP-0226,central_ac,yes
FTR-00912,PRP-0227,vaulted_ceilings,Yes
FTR-00913,PRP-0227,fresh_paint,no
FTR-00914,PRP-0227,hardwood_floors,Yes
FTR-00915,PRP-0227,granite_counters,1
FTR-00916,PRP-0227,updated_kitchen,YES
FTR-00917,PRP-0227,central_ac,yes
FTR-00918,PRP-0228,fireplace,yes
FTR-00919,PRP-0228,central_ac,Yes
FTR-00920,PRP-0229,stainless_appliances,Yes
FTR-00921,PRP-0229,fresh_paint,Yes
FTR-00922,PRP-0229,central_ac,yes
FTR-00923,PRP-0230,smart_home,1
FTR-00924,PRP-0230,walk_in_closet,YES
FTR-00925,PRP-0231,fireplace,no
FTR-00926,PRP-0231,solar_panels,yes
FTR-00927,PRP-0231,walk_in_closet,YES
FTR-00928,PRP-0231,master_suite,YES
FTR-00929,PRP-0232,granite_counters,Yes
FTR-00930,PRP-0232,stainless_appliances,no
FTR-00931,PRP-0232,master_suite,Yes
FTR-00932,PRP-0232,smart_home,1
FTR-00933,PRP-0232,fresh_paint,Yes
FTR-00934,PRP-0233,stainless_appliances,1
FTR-00935,PRP-0233,hardwood_floors,0
FTR-00936,PRP-0233,fresh_paint,0
FTR-00937,PRP-0233,smart_home,YES
FTR-00938,PRP-0234,open_floor_plan,YES
FTR-00939,PRP-0234,smart_home,1
FTR-00940,PRP-0235,fresh_paint,1
FTR-00941,PRP-0235,new_roof,1
FTR-00942,PRP-0235,solar_panels,no
FTR-00943,PRP-0235,updated_kitchen,1
FTR-00944,PRP-0236,fresh_paint,0
FTR-00945,PRP-0236,master_suite,0
FTR-00946,PRP-0236,stainless_appliances,1
FTR-00947,PRP-0237,granite_counters,0
FTR-00948,PRP-0237,stainless_appliances,no
FTR-00949,PRP-0238,stainless_appliances,no
FTR-00950,PRP-0238,smart_home,1
FTR-00951,PRP-0238,fresh_paint,1
FTR-00952,PRP-0238,updated_kitchen,YES
FTR-00953,PRP-0238,solar_panels,YES
FTR-00954,PRP-0239,solar_panels,no
FTR-00955,PRP-0239,fresh_paint,Yes
FTR-00956,PRP-0239,central_ac,yes
FTR-00957,PRP-0239,updated_kitchen,no
FTR-00958,PRP-0239,granite_counters,Yes
FTR-00959,PRP-0240,master_suite,yes
FTR-00960,PRP-0240,updated_kitchen,0
FTR-00961,PRP-0240,open_floor_plan,no
FTR-00962,PRP-0240,smart_home,1
FTR-00963,PRP-0240,walk_in_closet,YES
FTR-00964,PRP-0241,vaulted_ceilings,yes
FTR-00965,PRP-0241,solar_panels,YES
FTR-00966,PRP-0241,fireplace,Yes
FTR-00967,PRP-0241,updated_kitchen,yes
FTR-00968,PRP-0241,hardwood_floors,1
FTR-00969,PRP-0241,master_suite,1
FTR-00970,PRP-0242,solar_panels,0
FTR-00971,PRP-0242,vaulted_ceilings,1
FTR-00972,PRP-0242,fireplace,no
FTR-00973,PRP-0242,fresh_paint,YES
FTR-00974,PRP-0242,updated_kitchen,YES
FTR-00975,PRP-0242,granite_counters,Yes
FTR-00976,PRP-0243,new_roof,no
FTR-00977,PRP-0243,updated_kitchen,Yes
FTR-00978,PRP-0243,open_floor_plan,1
FTR-00979,PRP-0243,vaulted_ceilings,Yes
FTR-00980,PRP-0243,hardwood_floors,YES
FTR-00981,PRP-0244,open_floor_plan,YES
FTR-00982,PRP-0244,vaulted_ceilings,1
FTR-00983,PRP-0244,hardwood_floors,yes
FTR-00984,PRP-0244,stainless_appliances,0
FTR-00985,PRP-0244,central_ac,YES
FTR-00986,PRP-0245,hardwood_floors,1
FTR-00987,PRP-0245,master_suite,no
FTR-00988,PRP-0245,solar_panels,Yes
FTR-00989,PRP-0245,vaulted_ceilings,0
FTR-00990,PRP-0245,updated_kitchen,no
FTR-00991,PRP-0246,fireplace,yes
FTR-00992,PRP-0246,smart_home,no
FTR-00993,PRP-0247,fresh_paint,0
FTR-00994,PRP-0247,walk_in_closet,yes
FTR-00995,PRP-0247,fireplace,YES
FTR-00996,PRP-0247,master_suite,YES
FTR-00997,PRP-0248,hardwood_floors,YES
FTR-00998,PRP-0248,smart_home,1
FTR-00999,PRP-0248,vaulted_ceilings,yes
FTR-01000,PRP-0249,stainless_appliances,1
FTR-01001,PRP-0249,granite_counters,1
FTR-01002,PRP-0249,solar_panels,yes
FTR-01003,PRP-0250,new_roof,no
FTR-01004,PRP-0250,stainless_appliances,yes
FTR-01005,PRP-0250,fireplace,yes
FTR-01006,PRP-0251,vaulted_ceilings,no
FTR-01007,PRP-0251,open_floor_plan,1
FTR-01008,PRP-0252,hardwood_floors,0
FTR-01009,PRP-0252,solar_panels,YES
FTR-01010,PRP-0252,new_roof,no
FTR-01011,PRP-0252,fireplace,1
FTR-01012,PRP-0252,stainless_appliances,no
FTR-01013,PRP-0252,fresh_paint,no
FTR-01014,PRP-0253,smart_home,0
FTR-01015,PRP-0253,granite_counters,no
FTR-01016,PRP-0254,fireplace,Yes
FTR-01017,PRP-0254,vaulted_ceilings,Yes
FTR-01018,PRP-0254,central_ac,Yes
FTR-01019,PRP-0255,solar_panels,0
FTR-01020,PRP-0255,updated_kitchen,no
FTR-01021,PRP-0255,central_ac,0
FTR-01022,PRP-0256,central_ac,1
FTR-01023,PRP-0256,smart_home,YES
FTR-01024,PRP-0256,fresh_paint,0
FTR-01025,PRP-0256,open_floor_plan,0
FTR-01026,PRP-0257,master_suite,1
FTR-01027,PRP-0257,open_floor_plan,0
FTR-01028,PRP-0257,fireplace,1
FTR-01029,PRP-0258,smart_home,Yes
FTR-01030,PRP-0258,granite_counters,no
FTR-01031,PRP-0258,solar_panels,yes
FTR-01032,PRP-0259,vaulted_ceilings,1
FTR-01033,PRP-0259,central_ac,1
FTR-01034,PRP-0259,smart_home,no
FTR-01035,PRP-0259,walk_in_closet,1
FTR-01036,PRP-0260,smart_home,no
FTR-01037,PRP-0260,updated_kitchen,1
FTR-01038,PRP-0260,solar_panels,Yes
FTR-01039,PRP-0260,open_floor_plan,0
FTR-01040,PRP-0260,hardwood_floors,Yes
FTR-01041,PRP-0261,fresh_paint,1
FTR-01042,PRP-0261,stainless_appliances,0
FTR-01043,PRP-0261,solar_panels,Yes
FTR-01044,PRP-0261,smart_home,no
FTR-01045,PRP-0261,walk_in_closet,yes
FTR-01046,PRP-0262,open_floor_plan,0
FTR-01047,PRP-0262,master_suite,Yes
FTR-01048,PRP-0263,walk_in_closet,yes
FTR-01049,PRP-0263,fireplace,Yes
FTR-01050,PRP-0263,granite_counters,1
FTR-01051,PRP-0263,smart_home,0
FTR-01052,PRP-0263,central_ac,yes
FTR-01053,PRP-0263,solar_panels,1
FTR-01054,PRP-0264,new_roof,yes
FTR-01055,PRP-0264,fresh_paint,1
FTR-01056,PRP-0264,hardwood_floors,yes
FTR-01057,PRP-0264,stainless_appliances,1
FTR-01058,PRP-0264,smart_home,yes
FTR-01059,PRP-0264,open_floor_plan,Yes
FTR-01060,PRP-0265,central_ac,no
FTR-01061,PRP-0265,new_roof,1
FTR-01062,PRP-0266,solar_panels,1
FTR-01063,PRP-0266,vaulted_ceilings,yes
FTR-01064,PRP-0266,updated_kitchen,yes
FTR-01065,PRP-0266,granite_counters,yes
FTR-01066,PRP-0267,new_roof,no
FTR-01067,PRP-0267,hardwood_floors,YES
FTR-01068,PRP-0267,walk_in_closet,YES
FTR-01069,PRP-0267,vaulted_ceilings,no
FTR-01070,PRP-0267,central_ac,no
FTR-01071,PRP-0268,open_floor_plan,yes
FTR-01072,PRP-0268,new_roof,1
FTR-01073,PRP-0268,solar_panels,0
FTR-01074,PRP-0268,central_ac,YES
FTR-01075,PRP-0268,granite_counters,yes
FTR-01076,PRP-0268,master_suite,1
FTR-01077,PRP-0269,master_suite,no
FTR-01078,PRP-0269,updated_kitchen,no
FTR-01079,PRP-0269,fresh_paint,Yes
FTR-01080,PRP-0269,stainless_appliances,Yes
FTR-01081,PRP-0269,new_roof,Yes
FTR-01082,PRP-0269,hardwood_floors,yes
FTR-01083,PRP-0270,vaulted_ceilings,0
FTR-01084,PRP-0270,granite_counters,YES
FTR-01085,PRP-0270,updated_kitchen,YES
FTR-01086,PRP-0270,central_ac,0
FTR-01087,PRP-0270,stainless_appliances,no
FTR-01088,PRP-0270,new_roof,yes
FTR-01089,PRP-0271,new_roof,yes
FTR-01090,PRP-0271,walk_in_closet,no
FTR-01091,PRP-0272,open_floor_plan,yes
FTR-01092,PRP-0272,fireplace,YES
FTR-01093,PRP-0272,walk_in_closet,YES
FTR-01094,PRP-0272,granite_counters,1
FTR-01095,PRP-0272,updated_kitchen,yes
FTR-01096,PRP-0273,updated_kitchen,no
FTR-01097,PRP-0273,solar_panels,0
FTR-01098,PRP-0273,master_suite,Yes
FTR-01099,PRP-0274,updated_kitchen,YES
FTR-01100,PRP-0274,new_roof,YES
FTR-01101,PRP-0274,granite_counters,yes
FTR-01102,PRP-0274,solar_panels,no
FTR-01103,PRP-0274,master_suite,Yes
FTR-01104,PRP-0275,fireplace,no
FTR-01105,PRP-0275,new_roof,1
FTR-01106,PRP-0276,central_ac,Yes
FTR-01107,PRP-0276,solar_panels,0
FTR-01108,PRP-0276,smart_home,Yes
FTR-01109,PRP-0277,vaulted_ceilings,YES
FTR-01110,PRP-0277,master_suite,0
FTR-01111,PRP-0278,central_ac,1
FTR-01112,PRP-0278,smart_home,no
FTR-01113,PRP-0278,updated_kitchen,1
FTR-01114,PRP-0278,stainless_appliances,0
FTR-01115,PRP-0278,hardwood_floors,Yes
FTR-01116,PRP-0279,solar_panels,1
FTR-01117,PRP-0279,new_roof,1
FTR-01118,PRP-0280,fireplace,0
FTR-01119,PRP-0280,smart_home,Yes
FTR-01120,PRP-0280,walk_in_closet,YES
FTR-01121,PRP-0280,solar_panels,yes
FTR-01122,PRP-0281,open_floor_plan,1
FTR-01123,PRP-0281,fireplace,YES
FTR-01124,PRP-0281,new_roof,Yes
FTR-01125,PRP-0282,fireplace,no
FTR-01126,PRP-0282,solar_panels,1
FTR-01127,PRP-0282,granite_counters,yes
FTR-01128,PRP-0283,central_ac,0
FTR-01129,PRP-0283,updated_kitchen,yes
FTR-01130,PRP-0284,walk_in_closet,0
FTR-01131,PRP-0284,stainless_appliances,0
FTR-01132,PRP-0285,walk_in_closet,no
FTR-01133,PRP-0285,fireplace,YES
FTR-01134,PRP-0286,fresh_paint,no
FTR-01135,PRP-0286,updated_kitchen,1
FTR-01136,PRP-0286,granite_counters,0
FTR-01137,PRP-0286,stainless_appliances,0
FTR-01138,PRP-0286,open_floor_plan,1
FTR-01139,PRP-0286,master_suite,no
FTR-01140,PRP-0287,master_suite,YES
FTR-01141,PRP-0287,central_ac,Yes
FTR-01142,PRP-0287,fireplace,yes
FTR-01143,PRP-0287,new_roof,no
FTR-01144,PRP-0287,smart_home,yes
FTR-01145,PRP-0288,open_floor_plan,Yes
FTR-01146,PRP-0288,solar_panels,yes
FTR-01147,PRP-0289,new_roof,Yes
FTR-01148,PRP-0289,central_ac,Yes
FTR-01149,PRP-0289,updated_kitchen,0
FTR-01150,PRP-0289,hardwood_floors,1
FTR-01151,PRP-0289,smart_home,0
FTR-01152,PRP-0290,central_ac,0
FTR-01153,PRP-0290,new_roof,0
FTR-01154,PRP-0290,granite_counters,0
FTR-01155,PRP-0290,master_suite,YES
FTR-01156,PRP-0290,updated_kitchen,1
FTR-01157,PRP-0291,central_ac,Yes
FTR-01158,PRP-0291,granite_counters,1
FTR-01159,PRP-0292,open_floor_plan,yes
FTR-01160,PRP-0292,stainless_appliances,Yes
FTR-01161,PRP-0293,master_suite,YES
FTR-01162,PRP-0293,vaulted_ceilings,Yes
FTR-01163,PRP-0293,open_floor_plan,yes
FTR-01164,PRP-0293,fireplace,no
FTR-01165,PRP-0293,stainless_appliances,0
FTR-01166,PRP-0294,central_ac,Yes
FTR-01167,PRP-0294,master_suite,0
FTR-01168,PRP-0294,fireplace,YES
FTR-01169,PRP-0294,fresh_paint,Yes
FTR-01170,PRP-0294,smart_home,1
FTR-01171,PRP-0294,updated_kitchen,yes
FTR-01172,PRP-0295,fresh_paint,yes
FTR-01173,PRP-0295,central_ac,YES
FTR-01174,PRP-0295,walk_in_closet,no
FTR-01175,PRP-0295,stainless_appliances,Yes
FTR-01176,PRP-0296,new_roof,Yes
FTR-01177,PRP-0296,fireplace,no
FTR-01178,PRP-0296,updated_kitchen,no
FTR-01179,PRP-0296,granite_counters,0
FTR-01180,PRP-0296,vaulted_ceilings,1
FTR-01181,PRP-0296,fresh_paint,yes
FTR-01182,PRP-0297,stainless_appliances,yes
FTR-01183,PRP-0297,hardwood_floors,YES
FTR-01184,PRP-0297,new_roof,yes
FTR-01185,PRP-0298,fireplace,YES
FTR-01186,PRP-0298,stainless_appliances,Yes
FTR-01187,PRP-0298,vaulted_ceilings,0
FTR-01188,PRP-0298,walk_in_closet,yes
FTR-01189,PRP-0298,hardwood_floors,no
FTR-01190,PRP-0299,solar_panels,YES
FTR-01191,PRP-0299,master_suite,no
FTR-01192,PRP-0299,hardwood_floors,no
FTR-01193,PRP-0299,fireplace,Yes
FTR-01194,PRP-0299,smart_home,0
FTR-01195,PRP-0300,stainless_appliances,yes
FTR-01196,PRP-0300,updated_kitchen,yes
FTR-01197,PRP-0300,new_roof,YES
FTR-01198,PRP-0300,granite_counters,no
FTR-01199,PRP-0300,vaulted_ceilings,YES
FTR-01200,PRP-0301,stainless_appliances,yes
FTR-01201,PRP-0301,central_ac,YES
FTR-01202,PRP-0301,vaulted_ceilings,yes
FTR-01203,PRP-0301,walk_in_closet,0
FTR-01204,PRP-0302,vaulted_ceilings,YES
FTR-01205,PRP-0302,fireplace,Yes
FTR-01206,PRP-0302,master_suite,no
FTR-01207,PRP-0302,central_ac,Yes
FTR-01208,PRP-0302,new_roof,Yes
FTR-01209,PRP-0302,granite_counters,no
FTR-01210,PRP-0303,fireplace,Yes
FTR-01211,PRP-0303,smart_home,0
FTR-01212,PRP-0303,open_floor_plan,1
FTR-01213,PRP-0303,new_roof,yes
FTR-01214,PRP-0304,central_ac,1
FTR-01215,PRP-0304,granite_counters,YES
FTR-01216,PRP-0304,solar_panels,1
FTR-01217,PRP-0304,open_floor_plan,yes
FTR-01218,PRP-0305,central_ac,no
FTR-01219,PRP-0305,hardwood_floors,no
FTR-01220,PRP-0305,smart_home,1
FTR-01221,PRP-0305,vaulted_ceilings,0
FTR-01222,PRP-0305,fireplace,no
FTR-01223,PRP-0306,central_ac,no
FTR-01224,PRP-0306,updated_kitchen,Yes
FTR-01225,PRP-0306,stainless_appliances,yes
FTR-01226,PRP-0307,open_floor_plan,0
FTR-01227,PRP-0307,stainless_appliances,0
FTR-01228,PRP-0307,fresh_paint,0
FTR-01229,PRP-0307,updated_kitchen,Yes
FTR-01230,PRP-0308,master_suite,Yes
FTR-01231,PRP-0308,fresh_paint,yes
FTR-01232,PRP-0308,updated_kitchen,1
FTR-01233,PRP-0308,stainless_appliances,0
FTR-01234,PRP-0309,updated_kitchen,YES
FTR-01235,PRP-0309,stainless_appliances,1
FTR-01236,PRP-0309,solar_panels,no
FTR-01237,PRP-0309,vaulted_ceilings,0
FTR-01238,PRP-0309,granite_counters,YES
FTR-01239,PRP-0310,solar_panels,YES
FTR-01240,PRP-0310,fresh_paint,0
FTR-01241,PRP-0310,stainless_appliances,0
FTR-01242,PRP-0310,central_ac,Yes
FTR-01243,PRP-0310,hardwood_floors,yes
FTR-01244,PRP-0310,vaulted_ceilings,0
FTR-01245,PRP-0311,granite_counters,no
FTR-01246,PRP-0311,fresh_paint,YES
FTR-01247,PRP-0311,open_floor_plan,yes
FTR-01248,PRP-0312,hardwood_floors,0
FTR-01249,PRP-0312,fireplace,0
FTR-01250,PRP-0312,vaulted_ceilings,YES
FTR-01251,PRP-0312,solar_panels,Yes
FTR-01252,PRP-0312,updated_kitchen,0
FTR-01253,PRP-0312,granite_counters,0
FTR-01254,PRP-0313,open_floor_plan,Yes
FTR-01255,PRP-0313,central_ac,1
FTR-01256,PRP-0313,master_suite,1
FTR-01257,PRP-0314,solar_panels,no
FTR-01258,PRP-0314,vaulted_ceilings,0
FTR-01259,PRP-0314,granite_counters,Yes
FTR-01260,PRP-0314,fireplace,1
FTR-01261,PRP-0314,open_floor_plan,0
FTR-01262,PRP-0314,smart_home,Yes
FTR-01263,PRP-0315,fireplace,Yes
FTR-01264,PRP-0315,stainless_appliances,0
FTR-01265,PRP-0315,fresh_paint,yes
FTR-01266,PRP-0316,granite_counters,Yes
FTR-01267,PRP-0316,vaulted_ceilings,YES
FTR-01268,PRP-0316,solar_panels,Yes
FTR-01269,PRP-0316,walk_in_closet,YES
FTR-01270,PRP-0317,granite_counters,1
FTR-01271,PRP-0317,hardwood_floors,no
FTR-01272,PRP-0317,solar_panels,Yes
FTR-01273,PRP-0317,stainless_appliances,YES
FTR-01274,PRP-0317,fresh_paint,1
FTR-01275,PRP-0318,smart_home,YES
FTR-01276,PRP-0318,hardwood_floors,1
FTR-01277,PRP-0319,walk_in_closet,YES
FTR-01278,PRP-0319,master_suite,0
FTR-01279,PRP-0319,vaulted_ceilings,no
FTR-01280,PRP-0319,new_roof,no
FTR-01281,PRP-0320,stainless_appliances,yes
FTR-01282,PRP-0320,walk_in_closet,Yes
FTR-01283,PRP-0320,vaulted_ceilings,1
FTR-01284,PRP-0320,fireplace,1
FTR-01285,PRP-0321,fireplace,0
FTR-01286,PRP-0321,solar_panels,yes
FTR-01287,PRP-0321,granite_counters,Yes
FTR-01288,PRP-0322,stainless_appliances,1
FTR-01289,PRP-0322,walk_in_closet,yes
FTR-01290,PRP-0322,hardwood_floors,no
FTR-01291,PRP-0322,fireplace,0
FTR-01292,PRP-0322,new_roof,YES
FTR-01293,PRP-0323,stainless_appliances,Yes
FTR-01294,PRP-0323,fireplace,yes
FTR-01295,PRP-0324,updated_kitchen,no
FTR-01296,PRP-0324,walk_in_closet,0
FTR-01297,PRP-0324,new_roof,no
FTR-01298,PRP-0324,vaulted_ceilings,no
FTR-01299,PRP-0324,central_ac,Yes
FTR-01300,PRP-0325,vaulted_ceilings,yes
FTR-01301,PRP-0325,smart_home,yes
FTR-01302,PRP-0325,hardwood_floors,0
FTR-01303,PRP-0326,central_ac,0
FTR-01304,PRP-0326,fireplace,Yes
FTR-01305,PRP-0326,open_floor_plan,Yes
FTR-01306,PRP-0326,smart_home,1
FTR-01307,PRP-0327,fireplace,1
FTR-01308,PRP-0327,solar_panels,YES
FTR-01309,PRP-0327,hardwood_floors,no
FTR-01310,PRP-0328,fresh_paint,yes
FTR-01311,PRP-0328,smart_home,1
FTR-01312,PRP-0329,stainless_appliances,no
FTR-01313,PRP-0329,updated_kitchen,yes
FTR-01314,PRP-0329,open_floor_plan,Yes
FTR-01315,PRP-0329,fireplace,Yes
FTR-01316,PRP-0330,new_roof,no
FTR-01317,PRP-0330,fireplace,no
FTR-01318,PRP-0330,granite_counters,0
FTR-01319,PRP-0330,walk_in_closet,Yes
FTR-01320,PRP-0331,vaulted_ceilings,0
FTR-01321,PRP-0331,walk_in_closet,YES
FTR-01322,PRP-0331,granite_counters,YES
FTR-01323,PRP-0331,smart_home,Yes
FTR-01324,PRP-0332,central_ac,0
FTR-01325,PRP-0332,fireplace,1
FTR-01326,PRP-0332,granite_counters,yes
FTR-01327,PRP-0332,open_floor_plan,Yes
FTR-01328,PRP-0332,master_suite,no
FTR-01329,PRP-0333,open_floor_plan,yes
FTR-01330,PRP-0333,hardwood_floors,0
FTR-01331,PRP-0334,fireplace,yes
FTR-01332,PRP-0334,stainless_appliances,0
FTR-01333,PRP-0335,stainless_appliances,YES
FTR-01334,PRP-0335,updated_kitchen,no
FTR-01335,PRP-0335,walk_in_closet,0
FTR-01336,PRP-0335,solar_panels,1
FTR-01337,PRP-0335,fireplace,YES
FTR-01338,PRP-0335,open_floor_plan,1
FTR-01339,PRP-0336,updated_kitchen,Yes
FTR-01340,PRP-0336,granite_counters,Yes
FTR-01341,PRP-0336,new_roof,1
FTR-01342,PRP-0336,master_suite,Yes
FTR-01343,PRP-0336,solar_panels,no
FTR-01344,PRP-0336,hardwood_floors,YES
FTR-01345,PRP-0337,fireplace,0
FTR-01346,PRP-0337,master_suite,no
FTR-01347,PRP-0337,walk_in_closet,0
FTR-01348,PRP-0337,central_ac,YES
FTR-01349,PRP-0337,hardwood_floors,0
FTR-01350,PRP-0338,granite_counters,yes
FTR-01351,PRP-0338,master_suite,Yes
FTR-01352,PRP-0338,solar_panels,Yes
FTR-01353,PRP-0338,new_roof,yes
FTR-01354,PRP-0338,hardwood_floors,no
FTR-01355,PRP-0338,open_floor_plan,YES
FTR-01356,PRP-0339,updated_kitchen,yes
FTR-01357,PRP-0339,master_suite,0
FTR-01358,PRP-0339,walk_in_closet,0
FTR-01359,PRP-0340,fireplace,no
FTR-01360,PRP-0340,fresh_paint,0
FTR-01361,PRP-0340,updated_kitchen,1
FTR-01362,PRP-0340,walk_in_closet,Yes
FTR-01363,PRP-0341,vaulted_ceilings,no
FTR-01364,PRP-0341,fireplace,no
FTR-01365,PRP-0341,stainless_appliances,1
FTR-01366,PRP-0341,updated_kitchen,1
FTR-01367,PRP-0341,open_floor_plan,no
FTR-01368,PRP-0342,fireplace,Yes
FTR-01369,PRP-0342,new_roof,YES
FTR-01370,PRP-0342,hardwood_floors,1
FTR-01371,PRP-0342,central_ac,0
FTR-01372,PRP-0342,granite_counters,YES
FTR-01373,PRP-0342,updated_kitchen,YES
FTR-01374,PRP-0343,fresh_paint,1
FTR-01375,PRP-0343,smart_home,Yes
FTR-01376,PRP-0343,master_suite,0
FTR-01377,PRP-0343,updated_kitchen,0
FTR-01378,PRP-0343,walk_in_closet,yes
FTR-01379,PRP-0343,fireplace,no
FTR-01380,PRP-0344,master_suite,Yes
FTR-01381,PRP-0344,central_ac,1
FTR-01382,PRP-0344,walk_in_closet,YES
FTR-01383,PRP-0344,smart_home,YES
FTR-01384,PRP-0344,vaulted_ceilings,YES
FTR-01385,PRP-0344,updated_kitchen,1
FTR-01386,PRP-0345,new_roof,no
FTR-01387,PRP-0345,updated_kitchen,0
FTR-01388,PRP-0345,central_ac,YES
FTR-01389,PRP-0345,granite_counters,no
FTR-01390,PRP-0345,walk_in_closet,no
FTR-01391,PRP-0346,new_roof,yes
FTR-01392,PRP-0346,fresh_paint,YES
FTR-01393,PRP-0347,vaulted_ceilings,no
FTR-01394,PRP-0347,central_ac,0
FTR-01395,PRP-0347,open_floor_plan,YES
FTR-01396,PRP-0348,granite_counters,no
FTR-01397,PRP-0348,new_roof,Yes
FTR-01398,PRP-0349,smart_home,no
FTR-01399,PRP-0349,open_floor_plan,YES
FTR-01400,PRP-0349,master_suite,YES
FTR-01401,PRP-0349,central_ac,no
FTR-01402,PRP-0349,granite_counters,YES
FTR-01403,PRP-0350,hardwood_floors,no
FTR-01404,PRP-0350,central_ac,yes
FTR-01405,PRP-0350,fresh_paint,0
FTR-01406,PRP-0350,updated_kitchen,Yes
FTR-01407,PRP-0351,central_ac,1
FTR-01408,PRP-0351,master_suite,yes
FTR-01409,PRP-0352,fireplace,no
FTR-01410,PRP-0352,solar_panels,0
FTR-01411,PRP-0353,fireplace,no
FTR-01412,PRP-0353,stainless_appliances,0
FTR-01413,PRP-0353,hardwood_floors,yes
FTR-01414,PRP-0354,updated_kitchen,yes
FTR-01415,PRP-0354,hardwood_floors,1
FTR-01416,PRP-0354,smart_home,YES
FTR-01417,PRP-0355,stainless_appliances,1
FTR-01418,PRP-0355,hardwood_floors,1
FTR-01419,PRP-0356,solar_panels,Yes
FTR-01420,PRP-0356,updated_kitchen,YES
FTR-01421,PRP-0356,hardwood_floors,0
FTR-01422,PRP-0356,fireplace,no
FTR-01423,PRP-0357,fresh_paint,YES
FTR-01424,PRP-0357,walk_in_closet,1
FTR-01425,PRP-0357,updated_kitchen,Yes
FTR-01426,PRP-0358,hardwood_floors,0
FTR-01427,PRP-0358,new_roof,Yes
FTR-01428,PRP-0358,stainless_appliances,yes
FTR-01429,PRP-0359,fireplace,YES
FTR-01430,PRP-0359,open_floor_plan,Yes
FTR-01431,PRP-0359,walk_in_closet,yes
FTR-01432,PRP-0359,central_ac,no
FTR-01433,PRP-0359,stainless_appliances,yes
FTR-01434,PRP-0359,updated_kitchen,0
FTR-01435,PRP-0360,central_ac,0
FTR-01436,PRP-0360,walk_in_closet,yes
FTR-01437,PRP-0360,hardwood_floors,1
FTR-01438,PRP-0360,smart_home,0
FTR-01439,PRP-0360,new_roof,YES
FTR-01440,PRP-0361,vaulted_ceilings,Yes
FTR-01441,PRP-0361,walk_in_closet,0
FTR-01442,PRP-0361,open_floor_plan,0
FTR-01443,PRP-0361,new_roof,1
FTR-01444,PRP-0362,master_suite,YES
FTR-01445,PRP-0362,central_ac,0
FTR-01446,PRP-0363,updated_kitchen,Yes
FTR-01447,PRP-0363,smart_home,no
FTR-01448,PRP-0363,hardwood_floors,1
FTR-01449,PRP-0363,walk_in_closet,Yes
FTR-01450,PRP-0363,fireplace,no
FTR-01451,PRP-0364,updated_kitchen,no
FTR-01452,PRP-0364,walk_in_closet,Yes
FTR-01453,PRP-0364,smart_home,no
FTR-01454,PRP-0364,hardwood_floors,yes
FTR-01455,PRP-0364,master_suite,YES
FTR-01456,PRP-0365,central_ac,yes
FTR-01457,PRP-0365,vaulted_ceilings,no
FTR-01458,PRP-0365,fireplace,yes
FTR-01459,PRP-0365,fresh_paint,no
FTR-01460,PRP-0366,vaulted_ceilings,0
FTR-01461,PRP-0366,fireplace,yes
FTR-01462,PRP-0367,smart_home,YES
FTR-01463,PRP-0367,walk_in_closet,YES
FTR-01464,PRP-0368,updated_kitchen,no
FTR-01465,PRP-0368,granite_counters,no
FTR-01466,PRP-0368,solar_panels,Yes
FTR-01467,PRP-0368,fresh_paint,YES
FTR-01468,PRP-0368,master_suite,1
FTR-01469,PRP-0369,updated_kitchen,0
FTR-01470,PRP-0369,hardwood_floors,Yes
FTR-01471,PRP-0369,fireplace,0
FTR-01472,PRP-0369,smart_home,Yes
FTR-01473,PRP-0369,stainless_appliances,Yes
FTR-01474,PRP-0369,open_floor_plan,0
FTR-01475,PRP-0370,solar_panels,1
FTR-01476,PRP-0370,granite_counters,0
FTR-01477,PRP-0370,stainless_appliances,Yes
FTR-01478,PRP-0371,stainless_appliances,yes
FTR-01479,PRP-0371,smart_home,no
FTR-01480,PRP-0371,master_suite,Yes
FTR-01481,PRP-0371,updated_kitchen,yes
FTR-01482,PRP-0371,solar_panels,0
FTR-01483,PRP-0371,hardwood_floors,no
FTR-01484,PRP-0372,fresh_paint,no
FTR-01485,PRP-0372,hardwood_floors,Yes
FTR-01486,PRP-0372,updated_kitchen,0
FTR-01487,PRP-0372,walk_in_closet,0
FTR-01488,PRP-0372,master_suite,0
FTR-01489,PRP-0373,walk_in_closet,yes
FTR-01490,PRP-0373,new_roof,no
FTR-01491,PRP-0373,smart_home,no
FTR-01492,PRP-0373,vaulted_ceilings,YES
FTR-01493,PRP-0373,solar_panels,Yes
FTR-01494,PRP-0373,hardwood_floors,Yes
FTR-01495,PRP-0374,updated_kitchen,YES
FTR-01496,PRP-0374,open_floor_plan,yes
FTR-01497,PRP-0374,smart_home,1
FTR-01498,PRP-0374,solar_panels,YES
FTR-01499,PRP-0374,master_suite,0
FTR-01500,PRP-0375,solar_panels,0
FTR-01501,PRP-0375,open_floor_plan,0
FTR-01502,PRP-0375,fresh_paint,Yes
FTR-01503,PRP-0375,fireplace,no
FTR-01504,PRP-0376,stainless_appliances,0
FTR-01505,PRP-0376,fresh_paint,1
FTR-01506,PRP-0377,walk_in_closet,1
FTR-01507,PRP-0377,stainless_appliances,no
FTR-01508,PRP-0377,central_ac,YES
FTR-01509,PRP-0377,smart_home,YES
FTR-01510,PRP-0378,walk_in_closet,0
FTR-01511,PRP-0378,master_suite,0
FTR-01512,PRP-0378,solar_panels,0
FTR-01513,PRP-0379,granite_counters,0
FTR-01514,PRP-0379,new_roof,yes
FTR-01515,PRP-0380,fresh_paint,0
FTR-01516,PRP-0380,granite_counters,Yes
FTR-01517,PRP-0380,central_ac,0
FTR-01518,PRP-0381,central_ac,0
FTR-01519,PRP-0381,hardwood_floors,YES
FTR-01520,PRP-0381,master_suite,1
FTR-01521,PRP-0381,granite_counters,YES
FTR-01522,PRP-0381,solar_panels,no
FTR-01523,PRP-0381,vaulted_ceilings,yes
FTR-01524,PRP-0382,solar_panels,Yes
FTR-01525,PRP-0382,granite_counters,1
FTR-01526,PRP-0382,vaulted_ceilings,YES
FTR-01527,PRP-0382,hardwood_floors,no
FTR-01528,PRP-0382,fireplace,no
FTR-01529,PRP-0383,open_floor_plan,0
FTR-01530,PRP-0383,granite_counters,0
FTR-01531,PRP-0383,master_suite,1
FTR-01532,PRP-0383,new_roof,YES
FTR-01533,PRP-0383,updated_kitchen,no
FTR-01534,PRP-0383,walk_in_closet,0
FTR-01535,PRP-0384,walk_in_closet,yes
FTR-01536,PRP-0384,fresh_paint,Yes
FTR-01537,PRP-0384,granite_counters,Yes
FTR-01538,PRP-0385,master_suite,0
FTR-01539,PRP-0385,granite_counters,YES
FTR-01540,PRP-0385,walk_in_closet,YES
FTR-01541,PRP-0386,stainless_appliances,yes
FTR-01542,PRP-0386,new_roof,1
FTR-01543,PRP-0386,walk_in_closet,no
FTR-01544,PRP-0386,solar_panels,no
FTR-01545,PRP-0386,fresh_paint,YES
FTR-01546,PRP-0386,updated_kitchen,YES
FTR-01547,PRP-0387,new_roof,0
FTR-01548,PRP-0387,solar_panels,no
FTR-01549,PRP-0387,stainless_appliances,0
FTR-01550,PRP-0387,vaulted_ceilings,1
FTR-01551,PRP-0388,open_floor_plan,Yes
FTR-01552,PRP-0388,master_suite,1
FTR-01553,PRP-0389,stainless_appliances,Yes
FTR-01554,PRP-0389,solar_panels,Yes
FTR-01555,PRP-0389,smart_home,YES
FTR-01556,PRP-0390,granite_counters,0
FTR-01557,PRP-0390,solar_panels,no
FTR-01558,PRP-0390,new_roof,YES
FTR-01559,PRP-0390,hardwood_floors,0
FTR-01560,PRP-0390,walk_in_closet,1
FTR-01561,PRP-0390,updated_kitchen,Yes
FTR-01562,PRP-0391,vaulted_ceilings,no
FTR-01563,PRP-0391,stainless_appliances,no
FTR-01564,PRP-0392,walk_in_closet,Yes
FTR-01565,PRP-0392,new_roof,YES
FTR-01566,PRP-0392,smart_home,yes
FTR-01567,PRP-0392,updated_kitchen,yes
FTR-01568,PRP-0392,vaulted_ceilings,Yes
FTR-01569,PRP-0392,fireplace,YES
FTR-01570,PRP-0393,master_suite,yes
FTR-01571,PRP-0393,granite_counters,Yes
FTR-01572,PRP-0394,solar_panels,YES
FTR-01573,PRP-0394,fireplace,yes
FTR-01574,PRP-0394,vaulted_ceilings,0
FTR-01575,PRP-0394,smart_home,Yes
FTR-01576,PRP-0394,open_floor_plan,YES
FTR-01577,PRP-0394,walk_in_closet,1
FTR-01578,PRP-0395,fresh_paint,1
FTR-01579,PRP-0395,new_roof,1
FTR-01580,PRP-0395,central_ac,YES
FTR-01581,PRP-0395,stainless_appliances,no
FTR-01582,PRP-0396,solar_panels,no
FTR-01583,PRP-0396,granite_counters,0
FTR-01584,PRP-0397,smart_home,YES
FTR-01585,PRP-0397,fireplace,0
FTR-01586,PRP-0398,new_roof,yes
FTR-01587,PRP-0398,smart_home,no
FTR-01588,PRP-0398,central_ac,0
FTR-01589,PRP-0399,updated_kitchen,YES
FTR-01590,PRP-0399,central_ac,no
FTR-01591,PRP-0399,new_roof,yes
FTR-01592,PRP-0399,open_floor_plan,0
FTR-01593,PRP-0399,stainless_appliances,yes
FTR-01594,PRP-0400,hardwood_floors,0
FTR-01595,PRP-0400,solar_panels,YES
FTR-01596,PRP-0400,walk_in_closet,yes
FTR-01597,PRP-0400,vaulted_ceilings,1
FTR-01598,PRP-0401,open_floor_plan,YES
FTR-01599,PRP-0401,granite_counters,Yes
FTR-01600,PRP-0401,central_ac,0
FTR-01601,PRP-0401,fireplace,yes
FTR-01602,PRP-0402,granite_counters,1
FTR-01603,PRP-0402,hardwood_floors,1
FTR-01604,PRP-0402,stainless_appliances,1
FTR-01605,PRP-0402,central_ac,Yes
FTR-01606,PRP-0402,new_roof,no
FTR-01607,PRP-0403,new_roof,yes
FTR-01608,PRP-0403,smart_home,1
FTR-01609,PRP-0403,fireplace,no
FTR-01610,PRP-0404,granite_counters,1
FTR-01611,PRP-0404,open_floor_plan,no
FTR-01612,PRP-0404,hardwood_floors,YES
FTR-01613,PRP-0404,central_ac,YES
FTR-01614,PRP-0404,solar_panels,1
FTR-01615,PRP-0404,stainless_appliances,YES
FTR-01616,PRP-0405,vaulted_ceilings,0
FTR-01617,PRP-0405,stainless_appliances,yes
FTR-01618,PRP-0406,smart_home,1
FTR-01619,PRP-0406,walk_in_closet,no
FTR-01620,PRP-0406,vaulted_ceilings,no
FTR-01621,PRP-0406,central_ac,yes
FTR-01622,PRP-0406,hardwood_floors,Yes
FTR-01623,PRP-0407,solar_panels,yes
FTR-01624,PRP-0407,open_floor_plan,0
FTR-01625,PRP-0408,master_suite,yes
FTR-01626,PRP-0408,updated_kitchen,YES
FTR-01627,PRP-0408,smart_home,0
FTR-01628,PRP-0408,central_ac,Yes
FTR-01629,PRP-0408,fresh_paint,yes
FTR-01630,PRP-0408,hardwood_floors,no
FTR-01631,PRP-0409,vaulted_ceilings,no
FTR-01632,PRP-0409,central_ac,0
FTR-01633,PRP-0409,stainless_appliances,0
FTR-01634,PRP-0409,fresh_paint,yes
FTR-01635,PRP-0409,updated_kitchen,Yes
FTR-01636,PRP-0409,master_suite,Yes
FTR-01637,PRP-0410,solar_panels,YES
FTR-01638,PRP-0410,hardwood_floors,no
FTR-01639,PRP-0410,open_floor_plan,0
FTR-01640,PRP-0411,stainless_appliances,1
FTR-01641,PRP-0411,updated_kitchen,yes
FTR-01642,PRP-0411,fireplace,Yes
FTR-01643,PRP-0411,walk_in_closet,YES
FTR-01644,PRP-0411,central_ac,1
FTR-01645,PRP-0411,solar_panels,Yes
FTR-01646,PRP-0412,fresh_paint,YES
FTR-01647,PRP-0412,master_suite,yes
FTR-01648,PRP-0412,smart_home,Yes
FTR-01649,PRP-0412,stainless_appliances,no
FTR-01650,PRP-0412,new_roof,yes
FTR-01651,PRP-0413,stainless_appliances,yes
FTR-01652,PRP-0413,walk_in_closet,Yes
FTR-01653,PRP-0413,fresh_paint,1
FTR-01654,PRP-0413,master_suite,YES
FTR-01655,PRP-0413,hardwood_floors,yes
FTR-01656,PRP-0414,central_ac,0
FTR-01657,PRP-0414,granite_counters,0
FTR-01658,PRP-0414,updated_kitchen,1
FTR-01659,PRP-0415,walk_in_closet,YES
FTR-01660,PRP-0415,updated_kitchen,no
FTR-01661,PRP-0416,granite_counters,Yes
FTR-01662,PRP-0416,central_ac,no
FTR-01663,PRP-0416,open_floor_plan,1
FTR-01664,PRP-0416,vaulted_ceilings,0
FTR-01665,PRP-0416,updated_kitchen,1
FTR-01666,PRP-0417,hardwood_floors,1
FTR-01667,PRP-0417,smart_home,Yes
FTR-01668,PRP-0417,fireplace,0
FTR-01669,PRP-0417,new_roof,YES
FTR-01670,PRP-0417,open_floor_plan,1
FTR-01671,PRP-0417,walk_in_closet,YES
FTR-01672,PRP-0418,smart_home,yes
FTR-01673,PRP-0418,stainless_appliances,Yes
FTR-01674,PRP-0418,master_suite,1
FTR-01675,PRP-0419,fresh_paint,no
FTR-01676,PRP-0419,central_ac,YES
FTR-01677,PRP-0420,fireplace,0
FTR-01678,PRP-0420,granite_counters,YES
FTR-01679,PRP-0420,open_floor_plan,0
FTR-01680,PRP-0420,solar_panels,Yes
FTR-01681,PRP-0421,fresh_paint,0
FTR-01682,PRP-0421,central_ac,Yes
FTR-01683,PRP-0422,smart_home,no
FTR-01684,PRP-0422,new_roof,1
FTR-01685,PRP-0422,granite_counters,yes
FTR-01686,PRP-0422,fresh_paint,yes
FTR-01687,PRP-0422,walk_in_closet,Yes
FTR-01688,PRP-0422,vaulted_ceilings,1
FTR-01689,PRP-0423,vaulted_ceilings,Yes
FTR-01690,PRP-0423,central_ac,0
FTR-01691,PRP-0423,updated_kitchen,yes
FTR-01692,PRP-0423,fireplace,0
FTR-01693,PRP-0423,master_suite,YES
FTR-01694,PRP-0423,fresh_paint,yes
FTR-01695,PRP-0424,new_roof,1
FTR-01696,PRP-0424,open_floor_plan,no
FTR-01697,PRP-0425,walk_in_closet,YES
FTR-01698,PRP-0425,hardwood_floors,YES
FTR-01699,PRP-0425,new_roof,yes
FTR-01700,PRP-0425,vaulted_ceilings,yes
FTR-01701,PRP-0425,open_floor_plan,1
FTR-01702,PRP-0425,solar_panels,yes
FTR-01703,PRP-0426,walk_in_closet,no
FTR-01704,PRP-0426,hardwood_floors,1
FTR-01705,PRP-0426,master_suite,0
FTR-01706,PRP-0426,new_roof,0
FTR-01707,PRP-0426,smart_home,1
FTR-01708,PRP-0427,open_floor_plan,yes
FTR-01709,PRP-0427,walk_in_closet,Yes
FTR-01710,PRP-0428,stainless_appliances,yes
FTR-01711,PRP-0428,granite_counters,no
FTR-01712,PRP-0428,solar_panels,yes
FTR-01713,PRP-0428,walk_in_closet,no
FTR-01714,PRP-0429,vaulted_ceilings,no
FTR-01715,PRP-0429,stainless_appliances,YES
FTR-01716,PRP-0429,fireplace,Yes
FTR-01717,PRP-0429,walk_in_closet,YES
FTR-01718,PRP-0429,updated_kitchen,Yes
FTR-01719,PRP-0430,fireplace,0
FTR-01720,PRP-0430,smart_home,no
FTR-01721,PRP-0430,master_suite,yes
FTR-01722,PRP-0431,walk_in_closet,no
FTR-01723,PRP-0431,master_suite,no
FTR-01724,PRP-0431,stainless_appliances,Yes
FTR-01725,PRP-0431,vaulted_ceilings,0
FTR-01726,PRP-0431,new_roof,0
FTR-01727,PRP-0432,vaulted_ceilings,Yes
FTR-01728,PRP-0432,updated_kitchen,0
FTR-01729,PRP-0432,fresh_paint,YES
FTR-01730,PRP-0432,stainless_appliances,1
FTR-01731,PRP-0432,master_suite,1
FTR-01732,PRP-0432,granite_counters,yes
FTR-01733,PRP-0433,stainless_appliances,yes
FTR-01734,PRP-0433,solar_panels,YES
FTR-01735,PRP-0433,walk_in_closet,no
FTR-01736,PRP-0433,fireplace,1
FTR-01737,PRP-0433,hardwood_floors,1
FTR-01738,PRP-0434,open_floor_plan,yes
FTR-01739,PRP-0434,walk_in_closet,0
FTR-01740,PRP-0434,hardwood_floors,Yes
FTR-01741,PRP-0434,new_roof,yes
FTR-01742,PRP-0434,granite_counters,yes
FTR-01743,PRP-0434,solar_panels,Yes
FTR-01744,PRP-0435,fresh_paint,yes
FTR-01745,PRP-0435,vaulted_ceilings,1
FTR-01746,PRP-0436,granite_counters,Yes
FTR-01747,PRP-0436,open_floor_plan,Yes
FTR-01748,PRP-0436,fresh_paint,yes
FTR-01749,PRP-0437,granite_counters,1
FTR-01750,PRP-0437,vaulted_ceilings,0
FTR-01751,PRP-0437,new_roof,no
FTR-01752,PRP-0437,walk_in_closet,no
FTR-01753,PRP-0438,stainless_appliances,yes
FTR-01754,PRP-0438,walk_in_closet,no
FTR-01755,PRP-0438,solar_panels,1
FTR-01756,PRP-0438,open_floor_plan,1
FTR-01757,PRP-0438,central_ac,0
FTR-01758,PRP-0438,smart_home,yes
FTR-01759,PRP-0439,fresh_paint,YES
FTR-01760,PRP-0439,granite_counters,yes
FTR-01761,PRP-0439,smart_home,Yes
FTR-01762,PRP-0439,new_roof,no
FTR-01763,PRP-0439,walk_in_closet,1
FTR-01764,PRP-0440,new_roof,no
FTR-01765,PRP-0440,fresh_paint,Yes
FTR-01766,PRP-0440,vaulted_ceilings,Yes
FTR-01767,PRP-0440,fireplace,0
FTR-01768,PRP-0441,granite_counters,yes
FTR-01769,PRP-0441,fresh_paint,1
FTR-01770,PRP-0441,updated_kitchen,1
FTR-01771,PRP-0441,fireplace,yes
FTR-01772,PRP-0441,new_roof,yes
FTR-01773,PRP-0441,smart_home,1
FTR-01774,PRP-0442,stainless_appliances,Yes
FTR-01775,PRP-0442,master_suite,no
FTR-01776,PRP-0442,walk_in_closet,yes
FTR-01777,PRP-0442,smart_home,no
FTR-01778,PRP-0442,fresh_paint,no
FTR-01779,PRP-0443,vaulted_ceilings,Yes
FTR-01780,PRP-0443,walk_in_closet,YES
FTR-01781,PRP-0444,granite_counters,0
FTR-01782,PRP-0444,new_roof,Yes
FTR-01783,PRP-0444,master_suite,0
FTR-01784,PRP-0445,master_suite,0
FTR-01785,PRP-0445,walk_in_closet,YES
FTR-01786,PRP-0446,open_floor_plan,no
FTR-01787,PRP-0446,master_suite,YES
FTR-01788,PRP-0446,central_ac,1
FTR-01789,PRP-0446,fresh_paint,yes
FTR-01790,PRP-0446,walk_in_closet,Yes
FTR-01791,PRP-0446,fireplace,no
FTR-01792,PRP-0447,new_roof,YES
FTR-01793,PRP-0447,smart_home,yes
FTR-01794,PRP-0447,stainless_appliances,yes
FTR-01795,PRP-0448,open_floor_plan,Yes
FTR-01796,PRP-0448,smart_home,0
FTR-01797,PRP-0448,central_ac,Yes
FTR-01798,PRP-0448,fireplace,0
FTR-01799,PRP-0448,fresh_paint,1
FTR-01800,PRP-0449,vaulted_ceilings,yes
FTR-01801,PRP-0449,granite_counters,1
FTR-01802,PRP-0449,open_floor_plan,yes
FTR-01803,PRP-0450,updated_kitchen,1
FTR-01804,PRP-0450,master_suite,no
FTR-01805,PRP-0450,solar_panels,no
FTR-01806,PRP-0451,fireplace,Yes
FTR-01807,PRP-0451,master_suite,yes
FTR-01808,PRP-0451,new_roof,0
FTR-01809,PRP-0452,solar_panels,Yes
FTR-01810,PRP-0452,fireplace,1
FTR-01811,PRP-0453,new_roof,0
FTR-01812,PRP-0453,granite_counters,0
FTR-01813,PRP-0453,central_ac,yes
FTR-01814,PRP-0453,fireplace,YES
FTR-01815,PRP-0453,hardwood_floors,1
FTR-01816,PRP-0453,solar_panels,Yes
FTR-01817,PRP-0454,fireplace,no
FTR-01818,PRP-0454,fresh_paint,yes
FTR-01819,PRP-0454,granite_counters,0
FTR-01820,PRP-0454,updated_kitchen,no
FTR-01821,PRP-0454,hardwood_floors,Yes
FTR-01822,PRP-0455,stainless_appliances,Yes
FTR-01823,PRP-0455,new_roof,yes
FTR-01824,PRP-0455,vaulted_ceilings,YES
FTR-01825,PRP-0455,granite_counters,Yes
FTR-01826,PRP-0455,updated_kitchen,YES
FTR-01827,PRP-0456,new_roof,0
FTR-01828,PRP-0456,hardwood_floors,1
FTR-01829,PRP-0456,vaulted_ceilings,Yes
FTR-01830,PRP-0457,central_ac,0
FTR-01831,PRP-0457,fireplace,0
FTR-01832,PRP-0457,hardwood_floors,yes
FTR-01833,PRP-0457,new_roof,no
FTR-01834,PRP-0457,granite_counters,0
FTR-01835,PRP-0457,stainless_appliances,no
FTR-01836,PRP-0458,fresh_paint,YES
FTR-01837,PRP-0458,walk_in_closet,0
FTR-01838,PRP-0459,open_floor_plan,yes
FTR-01839,PRP-0459,walk_in_closet,1
FTR-01840,PRP-0460,smart_home,no
FTR-01841,PRP-0460,updated_kitchen,Yes
FTR-01842,PRP-0460,open_floor_plan,yes
FTR-01843,PRP-0460,central_ac,no
FTR-01844,PRP-0461,solar_panels,1
FTR-01845,PRP-0461,fireplace,1
FTR-01846,PRP-0461,updated_kitchen,YES
FTR-01847,PRP-0462,master_suite,0
FTR-01848,PRP-0462,fireplace,no
FTR-01849,PRP-0462,solar_panels,1
FTR-01850,PRP-0462,stainless_appliances,Yes
FTR-01851,PRP-0463,updated_kitchen,no
FTR-01852,PRP-0463,granite_counters,no
FTR-01853,PRP-0463,stainless_appliances,Yes
FTR-01854,PRP-0463,walk_in_closet,yes
FTR-01855,PRP-0463,central_ac,Yes
FTR-01856,PRP-0464,updated_kitchen,0
FTR-01857,PRP-0464,smart_home,yes
FTR-01858,PRP-0464,open_floor_plan,0
FTR-01859,PRP-0465,fireplace,no
FTR-01860,PRP-0465,walk_in_closet,YES
FTR-01861,PRP-0465,smart_home,YES
FTR-01862,PRP-0466,hardwood_floors,no
FTR-01863,PRP-0466,smart_home,yes
FTR-01864,PRP-0466,updated_kitchen,yes
FTR-01865,PRP-0466,central_ac,yes
FTR-01866,PRP-0467,updated_kitchen,YES
FTR-01867,PRP-0467,solar_panels,no
FTR-01868,PRP-0467,open_floor_plan,0
FTR-01869,PRP-0467,granite_counters,no
FTR-01870,PRP-0467,central_ac,yes
FTR-01871,PRP-0468,hardwood_floors,0
FTR-01872,PRP-0468,new_roof,no
FTR-01873,PRP-0469,solar_panels,yes
FTR-01874,PRP-0469,updated_kitchen,yes
FTR-01875,PRP-0469,granite_counters,yes
FTR-01876,PRP-0470,smart_home,YES
FTR-01877,PRP-0470,central_ac,no
FTR-01878,PRP-0470,master_suite,0
FTR-01879,PRP-0471,walk_in_closet,YES
FTR-01880,PRP-0471,fireplace,0
FTR-01881,PRP-0471,fresh_paint,yes
FTR-01882,PRP-0471,master_suite,no
FTR-01883,PRP-0471,open_floor_plan,0
FTR-01884,PRP-0471,new_roof,yes
FTR-01885,PRP-0472,open_floor_plan,yes
FTR-01886,PRP-0472,vaulted_ceilings,yes
FTR-01887,PRP-0472,stainless_appliances,no
FTR-01888,PRP-0472,hardwood_floors,1
FTR-01889,PRP-0472,fireplace,no
FTR-01890,PRP-0473,smart_home,YES
FTR-01891,PRP-0473,fireplace,0
FTR-01892,PRP-0473,new_roof,0
FTR-01893,PRP-0473,hardwood_floors,yes
FTR-01894,PRP-0474,fresh_paint,yes
FTR-01895,PRP-0474,master_suite,no
FTR-01896,PRP-0474,vaulted_ceilings,no
FTR-01897,PRP-0474,solar_panels,yes
FTR-01898,PRP-0474,updated_kitchen,YES
FTR-01899,PRP-0475,granite_counters,yes
FTR-01900,PRP-0475,stainless_appliances,0
FTR-01901,PRP-0475,walk_in_closet,0
FTR-01902,PRP-0475,solar_panels,yes
FTR-01903,PRP-0475,central_ac,0
FTR-01904,PRP-0475,new_roof,yes
FTR-01905,PRP-0476,walk_in_closet,yes
FTR-01906,PRP-0476,stainless_appliances,YES
FTR-01907,PRP-0476,central_ac,0
FTR-01908,PRP-0477,stainless_appliances,YES
FTR-01909,PRP-0477,vaulted_ceilings,yes
FTR-01910,PRP-0478,fresh_paint,Yes
FTR-01911,PRP-0478,granite_counters,1
FTR-01912,PRP-0478,master_suite,YES
FTR-01913,PRP-0478,stainless_appliances,Yes
FTR-01914,PRP-0478,vaulted_ceilings,yes
FTR-01915,PRP-0479,walk_in_closet,no
FTR-01916,PRP-0479,fresh_paint,yes
FTR-01917,PRP-0479,solar_panels,no
FTR-01918,PRP-0479,stainless_appliances,0
FTR-01919,PRP-0480,open_floor_plan,no
FTR-01920,PRP-0480,master_suite,no
FTR-01921,PRP-0480,stainless_appliances,yes
FTR-01922,PRP-0480,solar_panels,YES
FTR-01923,PRP-0480,central_ac,YES
FTR-01924,PRP-0480,updated_kitchen,no
FTR-01925,PRP-0481,vaulted_ceilings,Yes
FTR-01926,PRP-0481,walk_in_closet,YES
FTR-01927,PRP-0481,updated_kitchen,Yes
FTR-01928,PRP-0481,master_suite,YES
FTR-01929,PRP-0481,central_ac,Yes
FTR-01930,PRP-0482,stainless_appliances,yes
FTR-01931,PRP-0482,updated_kitchen,Yes
FTR-01932,PRP-0483,new_roof,no
FTR-01933,PRP-0483,master_suite,yes
FTR-01934,PRP-0483,fresh_paint,no
FTR-01935,PRP-0483,granite_counters,Yes
FTR-01936,PRP-0484,solar_panels,0
FTR-01937,PRP-0484,updated_kitchen,1
FTR-01938,PRP-0484,walk_in_closet,0
FTR-01939,PRP-0485,fireplace,YES
FTR-01940,PRP-0485,granite_counters,yes
FTR-01941,PRP-0485,hardwood_floors,0
FTR-01942,PRP-0485,new_roof,yes
FTR-01943,PRP-0486,hardwood_floors,YES
FTR-01944,PRP-0486,updated_kitchen,YES
FTR-01945,PRP-0486,open_floor_plan,1
FTR-01946,PRP-0486,fireplace,0
FTR-01947,PRP-0487,stainless_appliances,Yes
FTR-01948,PRP-0487,updated_kitchen,0
FTR-01949,PRP-0488,smart_home,no
FTR-01950,PRP-0488,granite_counters,yes
FTR-01951,PRP-0488,hardwood_floors,YES
FTR-01952,PRP-0488,fresh_paint,YES
FTR-01953,PRP-0488,updated_kitchen,0
FTR-01954,PRP-0489,fresh_paint,yes
FTR-01955,PRP-0489,open_floor_plan,YES
FTR-01956,PRP-0489,vaulted_ceilings,no
FTR-01957,PRP-0489,smart_home,yes
FTR-01958,PRP-0490,hardwood_floors,YES
FTR-01959,PRP-0490,smart_home,0
FTR-01960,PRP-0490,fresh_paint,1
FTR-01961,PRP-0490,solar_panels,Yes
FTR-01962,PRP-0490,fireplace,yes
FTR-01963,PRP-0491,updated_kitchen,Yes
FTR-01964,PRP-0491,fresh_paint,0
FTR-01965,PRP-0491,granite_counters,1
FTR-01966,PRP-0491,fireplace,Yes
FTR-01967,PRP-0492,fresh_paint,YES
FTR-01968,PRP-0492,open_floor_plan,Yes
FTR-01969,PRP-0492,central_ac,Yes
FTR-01970,PRP-0492,new_roof,Yes
FTR-01971,PRP-0493,granite_counters,yes
FTR-01972,PRP-0493,new_roof,YES
FTR-01973,PRP-0493,fresh_paint,no
FTR-01974,PRP-0493,fireplace,0
FTR-01975,PRP-0493,hardwood_floors,yes
FTR-01976,PRP-0493,central_ac,Yes
FTR-01977,PRP-0494,fireplace,YES
FTR-01978,PRP-0494,updated_kitchen,1
FTR-01979,PRP-0494,smart_home,Yes
FTR-01980,PRP-0494,vaulted_ceilings,Yes
FTR-01981,PRP-0494,stainless_appliances,0
FTR-01982,PRP-0495,updated_kitchen,1
FTR-01983,PRP-0495,hardwood_floors,YES
FTR-01984,PRP-0495,master_suite,yes
FTR-01985,PRP-0495,open_floor_plan,yes
FTR-01986,PRP-0495,fireplace,no
FTR-01987,PRP-0495,fresh_paint,YES
FTR-01988,PRP-0496,master_suite,no
FTR-01989,PRP-0496,smart_home,0
FTR-01990,PRP-0497,fireplace,YES
FTR-01991,PRP-0497,open_floor_plan,YES
FTR-01992,PRP-0497,new_roof,0
FTR-01993,PRP-0497,master_suite,Yes
FTR-01994,PRP-0497,granite_counters,Yes
FTR-01995,PRP-0497,smart_home,1
FTR-01996,PRP-0498,hardwood_floors,yes
FTR-01997,PRP-0498,granite_counters,YES
FTR-01998,PRP-0498,updated_kitchen,yes
FTR-01999,PRP-0498,fireplace,YES
FTR-02000,PRP-0499,smart_home,yes
FTR-02001,PRP-0499,vaulted_ceilings,yes
FTR-02002,PRP-0499,granite_counters,0
FTR-02003,PRP-0499,fresh_paint,0
FTR-02004,PRP-0500,granite_counters,no
FTR-02005,PRP-0500,open_floor_plan,0
FTR-02006,PRP-0501,updated_kitchen,0
FTR-02007,PRP-0501,new_roof,YES
FTR-02008,PRP-0501,central_ac,no
FTR-02009,PRP-0501,hardwood_floors,yes
FTR-02010,PRP-0501,stainless_appliances,no
FTR-02011,PRP-0501,walk_in_closet,0
FTR-02012,PRP-0502,vaulted_ceilings,Yes
FTR-02013,PRP-0502,updated_kitchen,no
FTR-02014,PRP-0502,walk_in_closet,0
FTR-02015,PRP-0502,fireplace,1
FTR-02016,PRP-0502,stainless_appliances,1
FTR-02017,PRP-0502,hardwood_floors,0
FTR-02018,PRP-0503,hardwood_floors,yes
FTR-02019,PRP-0503,vaulted_ceilings,no
FTR-02020,PRP-0503,walk_in_closet,yes
FTR-02021,PRP-0503,master_suite,YES
FTR-02022,PRP-0504,solar_panels,no
FTR-02023,PRP-0504,fresh_paint,yes
FTR-02024,PRP-0504,central_ac,Yes
FTR-02025,PRP-0504,granite_counters,yes
FTR-02026,PRP-0505,stainless_appliances,0
FTR-02027,PRP-0505,vaulted_ceilings,no
FTR-02028,PRP-0506,central_ac,no
FTR-02029,PRP-0506,granite_counters,no
FTR-02030,PRP-0506,fresh_paint,yes
FTR-02031,PRP-0507,hardwood_floors,no
FTR-02032,PRP-0507,open_floor_plan,1
FTR-02033,PRP-0507,master_suite,YES
FTR-02034,PRP-0507,fireplace,no
FTR-02035,PRP-0507,new_roof,yes
FTR-02036,PRP-0507,granite_counters,yes
FTR-02037,PRP-0508,fireplace,0
FTR-02038,PRP-0508,smart_home,YES
FTR-02039,PRP-0508,central_ac,0
FTR-02040,PRP-0508,granite_counters,yes
FTR-02041,PRP-0509,stainless_appliances,yes
FTR-02042,PRP-0509,fireplace,Yes
FTR-02043,PRP-0509,central_ac,Yes
FTR-02044,PRP-0509,solar_panels,0
FTR-02045,PRP-0509,vaulted_ceilings,YES
FTR-02046,PRP-0510,fresh_paint,yes
FTR-02047,PRP-0510,master_suite,no
FTR-02048,PRP-0510,vaulted_ceilings,YES
FTR-02049,PRP-0510,central_ac,yes
FTR-02050,PRP-0510,walk_in_closet,0
FTR-02051,PRP-0511,solar_panels,0
FTR-02052,PRP-0511,fireplace,YES
FTR-02053,PRP-0511,granite_counters,yes
FTR-02054,PRP-0511,vaulted_ceilings,0
FTR-02055,PRP-0512,master_suite,YES
FTR-02056,PRP-0512,central_ac,YES
FTR-02057,PRP-0512,granite_counters,0
FTR-02058,PRP-0513,new_roof,YES
FTR-02059,PRP-0513,updated_kitchen,1
FTR-02060,PRP-0514,vaulted_ceilings,Yes
FTR-02061,PRP-0514,solar_panels,1
FTR-02062,PRP-0514,fresh_paint,Yes
FTR-02063,PRP-0514,fireplace,1
FTR-02064,PRP-0514,central_ac,YES
FTR-02065,PRP-0514,master_suite,no
FTR-02066,PRP-0515,solar_panels,Yes
FTR-02067,PRP-0515,fireplace,0
FTR-02068,PRP-0515,new_roof,1
FTR-02069,PRP-0515,stainless_appliances,yes
FTR-02070,PRP-0515,open_floor_plan,yes
FTR-02071,PRP-0516,smart_home,yes
FTR-02072,PRP-0516,vaulted_ceilings,yes
FTR-02073,PRP-0516,fireplace,YES
FTR-02074,PRP-0516,updated_kitchen,1
FTR-02075,PRP-0516,open_floor_plan,no
FTR-02076,PRP-0517,fresh_paint,1
FTR-02077,PRP-0517,solar_panels,no
FTR-02078,PRP-0517,open_floor_plan,Yes
FTR-02079,PRP-0518,new_roof,0
FTR-02080,PRP-0518,stainless_appliances,0
FTR-02081,PRP-0519,solar_panels,no
FTR-02082,PRP-0519,fireplace,1
FTR-02083,PRP-0519,stainless_appliances,yes
FTR-02084,PRP-0519,open_floor_plan,1
FTR-02085,PRP-0520,smart_home,yes
FTR-02086,PRP-0520,stainless_appliances,yes
FTR-02087,PRP-0520,central_ac,0
FTR-02088,PRP-0520,updated_kitchen,1
FTR-02089,PRP-0520,open_floor_plan,YES
FTR-02090,PRP-0521,central_ac,no
FTR-02091,PRP-0521,vaulted_ceilings,0
FTR-02092,PRP-0521,master_suite,Yes
FTR-02093,PRP-0522,open_floor_plan,Yes
FTR-02094,PRP-0522,updated_kitchen,1
FTR-02095,PRP-0522,walk_in_closet,yes
FTR-02096,PRP-0522,fireplace,YES
FTR-02097,PRP-0523,smart_home,1
FTR-02098,PRP-0523,master_suite,no
FTR-02099,PRP-0523,hardwood_floors,yes
FTR-02100,PRP-0523,fireplace,Yes
FTR-02101,PRP-0523,stainless_appliances,YES
FTR-02102,PRP-0523,central_ac,1
FTR-02103,PRP-0524,master_suite,no
FTR-02104,PRP-0524,updated_kitchen,no
FTR-02105,PRP-0524,solar_panels,Yes
FTR-02106,PRP-0524,fresh_paint,0
FTR-02107,PRP-0524,central_ac,YES
FTR-02108,PRP-0525,stainless_appliances,YES
FTR-02109,PRP-0525,master_suite,Yes
FTR-02110,PRP-0525,fresh_paint,Yes
FTR-02111,PRP-0526,solar_panels,no
FTR-02112,PRP-0526,central_ac,no
FTR-02113,PRP-0526,stainless_appliances,yes
FTR-02114,PRP-0527,hardwood_floors,yes
FTR-02115,PRP-0527,master_suite,0
FTR-02116,PRP-0527,vaulted_ceilings,Yes
FTR-02117,PRP-0528,stainless_appliances,1
FTR-02118,PRP-0528,fresh_paint,Yes
FTR-02119,PRP-0529,fireplace,1
FTR-02120,PRP-0529,smart_home,Yes
FTR-02121,PRP-0529,updated_kitchen,no
FTR-02122,PRP-0529,walk_in_closet,YES
FTR-02123,PRP-0529,hardwood_floors,0
FTR-02124,PRP-0529,master_suite,Yes
FTR-02125,PRP-0530,updated_kitchen,Yes
FTR-02126,PRP-0530,open_floor_plan,no
FTR-02127,PRP-0531,hardwood_floors,yes
FTR-02128,PRP-0531,updated_kitchen,no
FTR-02129,PRP-0531,new_roof,YES
FTR-02130,PRP-0531,fresh_paint,0
FTR-02131,PRP-0531,stainless_appliances,0
FTR-02132,PRP-0532,updated_kitchen,no
FTR-02133,PRP-0532,fireplace,YES
FTR-02134,PRP-0533,smart_home,1
FTR-02135,PRP-0533,solar_panels,Yes
FTR-02136,PRP-0533,updated_kitchen,0
FTR-02137,PRP-0534,master_suite,no
FTR-02138,PRP-0534,solar_panels,yes
FTR-02139,PRP-0534,granite_counters,yes
FTR-02140,PRP-0535,smart_home,no
FTR-02141,PRP-0535,walk_in_closet,YES
FTR-02142,PRP-0535,master_suite,no
FTR-02143,PRP-0535,granite_counters,no
FTR-02144,PRP-0535,updated_kitchen,1
FTR-02145,PRP-0535,open_floor_plan,1
FTR-02146,PRP-0536,granite_counters,yes
FTR-02147,PRP-0536,hardwood_floors,0
FTR-02148,PRP-0536,solar_panels,1
FTR-02149,PRP-0536,walk_in_closet,yes
FTR-02150,PRP-0536,open_floor_plan,0
FTR-02151,PRP-0536,smart_home,1
FTR-02152,PRP-0537,fireplace,yes
FTR-02153,PRP-0537,walk_in_closet,yes
FTR-02154,PRP-0537,central_ac,Yes
FTR-02155,PRP-0537,smart_home,yes
FTR-02156,PRP-0537,master_suite,no
FTR-02157,PRP-0538,smart_home,0
FTR-02158,PRP-0538,central_ac,yes
FTR-02159,PRP-0539,granite_counters,YES
FTR-02160,PRP-0539,fresh_paint,0
FTR-02161,PRP-0540,solar_panels,1
FTR-02162,PRP-0540,central_ac,0
FTR-02163,PRP-0541,stainless_appliances,Yes
FTR-02164,PRP-0541,updated_kitchen,Yes
FTR-02165,PRP-0541,solar_panels,Yes
FTR-02166,PRP-0542,fireplace,YES
FTR-02167,PRP-0542,new_roof,YES
FTR-02168,PRP-0542,solar_panels,Yes
FTR-02169,PRP-0542,master_suite,yes
FTR-02170,PRP-0542,central_ac,0
FTR-02171,PRP-0543,updated_kitchen,1
FTR-02172,PRP-0543,master_suite,Yes
FTR-02173,PRP-0543,open_floor_plan,Yes
FTR-02174,PRP-0543,central_ac,Yes
FTR-02175,PRP-0543,hardwood_floors,no
FTR-02176,PRP-0544,master_suite,Yes
FTR-02177,PRP-0544,hardwood_floors,Yes
FTR-02178,PRP-0544,central_ac,Yes
FTR-02179,PRP-0544,fireplace,yes
FTR-02180,PRP-0544,new_roof,yes
FTR-02181,PRP-0545,granite_counters,0
FTR-02182,PRP-0545,smart_home,Yes
FTR-02183,PRP-0545,stainless_appliances,yes
FTR-02184,PRP-0545,hardwood_floors,0
FTR-02185,PRP-0545,solar_panels,no
FTR-02186,PRP-0546,stainless_appliances,no
FTR-02187,PRP-0546,hardwood_floors,0
FTR-02188,PRP-0546,fresh_paint,1
FTR-02189,PRP-0547,new_roof,0
FTR-02190,PRP-0547,fireplace,Yes
FTR-02191,PRP-0547,central_ac,no
FTR-02192,PRP-0547,updated_kitchen,1
FTR-02193,PRP-0547,solar_panels,0
FTR-02194,PRP-0548,solar_panels,YES
FTR-02195,PRP-0548,master_suite,yes
FTR-02196,PRP-0549,stainless_appliances,yes
FTR-02197,PRP-0549,updated_kitchen,1
FTR-02198,PRP-0549,smart_home,no
FTR-02199,PRP-0550,fresh_paint,0
FTR-02200,PRP-0550,walk_in_closet,Yes
FTR-02201,PRP-0550,new_roof,0
FTR-02202,PRP-0550,granite_counters,yes
FTR-02203,PRP-0551,vaulted_ceilings,yes
FTR-02204,PRP-0551,open_floor_plan,no
FTR-02205,PRP-0551,walk_in_closet,1
FTR-02206,PRP-0551,updated_kitchen,no
FTR-02207,PRP-0551,master_suite,YES
FTR-02208,PRP-0552,central_ac,YES
FTR-02209,PRP-0552,new_roof,1
FTR-02210,PRP-0552,updated_kitchen,0
FTR-02211,PRP-0552,granite_counters,Yes
FTR-02212,PRP-0552,fireplace,yes
FTR-02213,PRP-0553,updated_kitchen,no
FTR-02214,PRP-0553,central_ac,yes
FTR-02215,PRP-0553,master_suite,0
FTR-02216,PRP-0553,fresh_paint,1
FTR-02217,PRP-0554,fresh_paint,1
FTR-02218,PRP-0554,walk_in_closet,YES
FTR-02219,PRP-0554,master_suite,no
FTR-02220,PRP-0554,stainless_appliances,1
FTR-02221,PRP-0554,updated_kitchen,yes
FTR-02222,PRP-0555,fresh_paint,1
FTR-02223,PRP-0555,vaulted_ceilings,YES
FTR-02224,PRP-0556,vaulted_ceilings,0
FTR-02225,PRP-0556,walk_in_closet,no
FTR-02226,PRP-0557,master_suite,Yes
FTR-02227,PRP-0557,walk_in_closet,1
FTR-02228,PRP-0557,updated_kitchen,YES
FTR-02229,PRP-0557,new_roof,yes
FTR-02230,PRP-0557,granite_counters,YES
FTR-02231,PRP-0557,smart_home,1
FTR-02232,PRP-0558,new_roof,Yes
FTR-02233,PRP-0558,vaulted_ceilings,1
FTR-02234,PRP-0559,fresh_paint,no
FTR-02235,PRP-0559,new_roof,1
FTR-02236,PRP-0560,vaulted_ceilings,0
FTR-02237,PRP-0560,stainless_appliances,1
FTR-02238,PRP-0560,smart_home,YES
FTR-02239,PRP-0560,solar_panels,yes
FTR-02240,PRP-0560,granite_counters,Yes
FTR-02241,PRP-0560,hardwood_floors,Yes
FTR-02242,PRP-0561,walk_in_closet,no
FTR-02243,PRP-0561,smart_home,1
FTR-02244,PRP-0562,hardwood_floors,1
FTR-02245,PRP-0562,smart_home,yes
FTR-02246,PRP-0562,solar_panels,Yes
FTR-02247,PRP-0562,granite_counters,1
FTR-02248,PRP-0563,fresh_paint,no
FTR-02249,PRP-0563,smart_home,no
FTR-02250,PRP-0563,fireplace,0
FTR-02251,PRP-0563,master_suite,YES
FTR-02252,PRP-0563,walk_in_closet,yes
FTR-02253,PRP-0564,smart_home,no
FTR-02254,PRP-0564,central_ac,no
FTR-02255,PRP-0564,fresh_paint,no
FTR-02256,PRP-0564,master_suite,Yes
FTR-02257,PRP-0565,open_floor_plan,yes
FTR-02258,PRP-0565,master_suite,0
FTR-02259,PRP-0565,granite_counters,1
FTR-02260,PRP-0566,new_roof,0
FTR-02261,PRP-0566,fresh_paint,yes
FTR-02262,PRP-0566,walk_in_closet,Yes
FTR-02263,PRP-0567,fireplace,no
FTR-02264,PRP-0567,fresh_paint,1
FTR-02265,PRP-0567,open_floor_plan,Yes
FTR-02266,PRP-0567,master_suite,0
FTR-02267,PRP-0567,hardwood_floors,1
FTR-02268,PRP-0567,stainless_appliances,no
FTR-02269,PRP-0568,fresh_paint,no
FTR-02270,PRP-0568,open_floor_plan,0
FTR-02271,PRP-0569,hardwood_floors,1
FTR-02272,PRP-0569,fresh_paint,YES
FTR-02273,PRP-0569,master_suite,no
FTR-02274,PRP-0570,central_ac,no
FTR-02275,PRP-0570,master_suite,0
FTR-02276,PRP-0570,new_roof,Yes
FTR-02277,PRP-0570,updated_kitchen,1
FTR-02278,PRP-0570,smart_home,YES
FTR-02279,PRP-0570,open_floor_plan,no
FTR-02280,PRP-0571,updated_kitchen,yes
FTR-02281,PRP-0571,new_roof,1
FTR-02282,PRP-0572,granite_counters,0
FTR-02283,PRP-0572,fresh_paint,YES
FTR-02284,PRP-0572,solar_panels,yes
FTR-02285,PRP-0572,hardwood_floors,0
FTR-02286,PRP-0573,solar_panels,YES
FTR-02287,PRP-0573,hardwood_floors,Yes
FTR-02288,PRP-0573,smart_home,1
FTR-02289,PRP-0573,vaulted_ceilings,1
FTR-02290,PRP-0573,new_roof,Yes
FTR-02291,PRP-0574,granite_counters,no
FTR-02292,PRP-0574,central_ac,Yes
FTR-02293,PRP-0574,updated_kitchen,0
FTR-02294,PRP-0574,stainless_appliances,no
FTR-02295,PRP-0575,granite_counters,yes
FTR-02296,PRP-0575,updated_kitchen,YES
FTR-02297,PRP-0575,solar_panels,Yes
FTR-02298,PRP-0575,fireplace,0
FTR-02299,PRP-0576,fireplace,no
FTR-02300,PRP-0576,walk_in_closet,0
FTR-02301,PRP-0576,granite_counters,0
FTR-02302,PRP-0576,central_ac,1
FTR-02303,PRP-0577,stainless_appliances,0
FTR-02304,PRP-0577,fireplace,0
FTR-02305,PRP-0577,vaulted_ceilings,0
FTR-02306,PRP-0577,hardwood_floors,YES
FTR-02307,PRP-0578,smart_home,0
FTR-02308,PRP-0578,master_suite,no
FTR-02309,PRP-0579,solar_panels,Yes
FTR-02310,PRP-0579,walk_in_closet,1
FTR-02311,PRP-0579,stainless_appliances,Yes
FTR-02312,PRP-0579,hardwood_floors,YES
FTR-02313,PRP-0580,solar_panels,Yes
FTR-02314,PRP-0580,walk_in_closet,0
FTR-02315,PRP-0581,new_roof,Yes
FTR-02316,PRP-0581,stainless_appliances,0
FTR-02317,PRP-0582,central_ac,no
FTR-02318,PRP-0582,solar_panels,yes
FTR-02319,PRP-0582,open_floor_plan,yes
FTR-02320,PRP-0582,master_suite,0
FTR-02321,PRP-0583,fresh_paint,no
FTR-02322,PRP-0583,hardwood_floors,Yes
FTR-02323,PRP-0583,central_ac,no
FTR-02324,PRP-0583,new_roof,Yes
FTR-02325,PRP-0584,stainless_appliances,Yes
FTR-02326,PRP-0584,master_suite,1
FTR-02327,PRP-0584,open_floor_plan,no
FTR-02328,PRP-0585,new_roof,1
FTR-02329,PRP-0585,fresh_paint,YES
FTR-02330,PRP-0585,walk_in_closet,0
FTR-02331,PRP-0585,vaulted_ceilings,yes
FTR-02332,PRP-0585,central_ac,no
FTR-02333,PRP-0585,smart_home,1
FTR-02334,PRP-0586,hardwood_floors,0
FTR-02335,PRP-0586,vaulted_ceilings,no
FTR-02336,PRP-0586,updated_kitchen,0
FTR-02337,PRP-0586,master_suite,no
FTR-02338,PRP-0586,stainless_appliances,Yes
FTR-02339,PRP-0587,stainless_appliances,Yes
FTR-02340,PRP-0587,master_suite,yes
FTR-02341,PRP-0587,fireplace,YES
FTR-02342,PRP-0587,central_ac,YES
FTR-02343,PRP-0587,new_roof,0
FTR-02344,PRP-0588,updated_kitchen,0
FTR-02345,PRP-0588,hardwood_floors,no
FTR-02346,PRP-0588,vaulted_ceilings,yes
FTR-02347,PRP-0588,granite_counters,yes
FTR-02348,PRP-0588,central_ac,YES
FTR-02349,PRP-0589,fresh_paint,0
FTR-02350,PRP-0589,master_suite,Yes
FTR-02351,PRP-0589,vaulted_ceilings,no
FTR-02352,PRP-0590,fireplace,0
FTR-02353,PRP-0590,fresh_paint,1
FTR-02354,PRP-0591,granite_counters,yes
FTR-02355,PRP-0591,new_roof,yes
FTR-02356,PRP-0591,central_ac,0
FTR-02357,PRP-0591,fireplace,Yes
FTR-02358,PRP-0591,hardwood_floors,yes
FTR-02359,PRP-0592,fresh_paint,0
FTR-02360,PRP-0592,open_floor_plan,YES
FTR-02361,PRP-0592,updated_kitchen,0
FTR-02362,PRP-0592,smart_home,YES
FTR-02363,PRP-0592,vaulted_ceilings,YES
FTR-02364,PRP-0592,fireplace,YES
FTR-02365,PRP-0593,fireplace,1
FTR-02366,PRP-0593,hardwood_floors,Yes
FTR-02367,PRP-0593,solar_panels,0
FTR-02368,PRP-0594,solar_panels,0
FTR-02369,PRP-0594,vaulted_ceilings,YES
FTR-02370,PRP-0594,fresh_paint,yes
FTR-02371,PRP-0594,updated_kitchen,yes
FTR-02372,PRP-0595,walk_in_closet,1
FTR-02373,PRP-0595,new_roof,Yes
FTR-02374,PRP-0595,vaulted_ceilings,Yes
FTR-02375,PRP-0596,central_ac,1
FTR-02376,PRP-0596,vaulted_ceilings,YES
FTR-02377,PRP-0596,new_roof,no
FTR-02378,PRP-0597,granite_counters,Yes
FTR-02379,PRP-0597,central_ac,YES
FTR-02380,PRP-0597,master_suite,yes
FTR-02381,PRP-0597,hardwood_floors,Yes
FTR-02382,PRP-0598,stainless_appliances,0
FTR-02383,PRP-0598,smart_home,Yes
FTR-02384,PRP-0598,granite_counters,1
FTR-02385,PRP-0598,vaulted_ceilings,1
FTR-02386,PRP-0598,fresh_paint,YES
FTR-02387,PRP-0598,updated_kitchen,yes
FTR-02388,PRP-0599,updated_kitchen,yes
FTR-02389,PRP-0599,stainless_appliances,0
FTR-02390,PRP-0599,hardwood_floors,Yes
FTR-02391,PRP-0599,solar_panels,YES
FTR-02392,PRP-0600,vaulted_ceilings,1
FTR-02393,PRP-0600,fresh_paint,1
FTR-02394,PRP-0600,smart_home,1
FTR-02395,PRP-0600,open_floor_plan,0
FTR-02396,PRP-0600,hardwood_floors,YES
FTR-02397,PRP-0600,new_roof,Yes
FTR-02398,PRP-0601,central_ac,0
FTR-02399,PRP-0601,open_floor_plan,Yes
FTR-02400,PRP-0601,updated_kitchen,1
FTR-02401,PRP-0601,fresh_paint,1
FTR-02402,PRP-0601,master_suite,0
FTR-02403,PRP-0602,hardwood_floors,yes
FTR-02404,PRP-0602,fresh_paint,0
FTR-02405,PRP-0602,open_floor_plan,YES
FTR-02406,PRP-0602,central_ac,Yes
FTR-02407,PRP-0603,master_suite,YES
FTR-02408,PRP-0603,central_ac,1
FTR-02409,PRP-0603,fresh_paint,no
FTR-02410,PRP-0604,smart_home,Yes
FTR-02411,PRP-0604,walk_in_closet,no
FTR-02412,PRP-0604,hardwood_floors,1
FTR-02413,PRP-0604,stainless_appliances,Yes
FTR-02414,PRP-0604,fresh_paint,YES
FTR-02415,PRP-0604,vaulted_ceilings,Yes
FTR-02416,PRP-0605,fireplace,Yes
FTR-02417,PRP-0605,new_roof,0
FTR-02418,PRP-0605,stainless_appliances,Yes
FTR-02419,PRP-0606,fireplace,yes
FTR-02420,PRP-0606,granite_counters,Yes
FTR-02421,PRP-0606,updated_kitchen,Yes
FTR-02422,PRP-0606,master_suite,yes
FTR-02423,PRP-0606,central_ac,yes
FTR-02424,PRP-0606,vaulted_ceilings,yes
FTR-02425,PRP-0607,solar_panels,yes
FTR-02426,PRP-0607,open_floor_plan,yes
FTR-02427,PRP-0607,vaulted_ceilings,Yes
FTR-02428,PRP-0608,master_suite,0
FTR-02429,PRP-0608,granite_counters,no
FTR-02430,PRP-0608,solar_panels,Yes
FTR-02431,PRP-0609,updated_kitchen,YES
FTR-02432,PRP-0609,solar_panels,YES
FTR-02433,PRP-0609,open_floor_plan,YES
FTR-02434,PRP-0609,hardwood_floors,no
FTR-02435,PRP-0610,master_suite,1
FTR-02436,PRP-0610,updated_kitchen,yes
FTR-02437,PRP-0610,open_floor_plan,YES
FTR-02438,PRP-0611,walk_in_closet,no
FTR-02439,PRP-0611,fresh_paint,yes
FTR-02440,PRP-0611,master_suite,yes
FTR-02441,PRP-0611,new_roof,yes
FTR-02442,PRP-0611,stainless_appliances,no
FTR-02443,PRP-0611,smart_home,0
FTR-02444,PRP-0612,granite_counters,no
FTR-02445,PRP-0612,stainless_appliances,YES
FTR-02446,PRP-0612,solar_panels,yes
FTR-02447,PRP-0612,updated_kitchen,0
FTR-02448,PRP-0613,smart_home,yes
FTR-02449,PRP-0613,open_floor_plan,no
FTR-02450,PRP-0613,hardwood_floors,no
FTR-02451,PRP-0613,fresh_paint,Yes
FTR-02452,PRP-0613,updated_kitchen,0
FTR-02453,PRP-0614,vaulted_ceilings,0
FTR-02454,PRP-0614,central_ac,no
FTR-02455,PRP-0614,smart_home,yes
FTR-02456,PRP-0615,fireplace,yes
FTR-02457,PRP-0615,updated_kitchen,1
FTR-02458,PRP-0615,fresh_paint,yes
FTR-02459,PRP-0615,stainless_appliances,1
FTR-02460,PRP-0615,master_suite,yes
FTR-02461,PRP-0616,central_ac,0
FTR-02462,PRP-0616,open_floor_plan,Yes
FTR-02463,PRP-0616,new_roof,0
FTR-02464,PRP-0616,solar_panels,yes
FTR-02465,PRP-0617,stainless_appliances,1
FTR-02466,PRP-0617,updated_kitchen,no
FTR-02467,PRP-0617,walk_in_closet,0
FTR-02468,PRP-0617,solar_panels,1
FTR-02469,PRP-0618,fresh_paint,no
FTR-02470,PRP-0618,vaulted_ceilings,yes
FTR-02471,PRP-0619,fresh_paint,1
FTR-02472,PRP-0619,master_suite,YES
FTR-02473,PRP-0619,updated_kitchen,yes
FTR-02474,PRP-0620,central_ac,1
FTR-02475,PRP-0620,fireplace,no
FTR-02476,PRP-0621,master_suite,no
FTR-02477,PRP-0621,hardwood_floors,YES
FTR-02478,PRP-0622,master_suite,1
FTR-02479,PRP-0622,smart_home,no
FTR-02480,PRP-0622,fresh_paint,no
FTR-02481,PRP-0622,granite_counters,YES
FTR-02482,PRP-0622,open_floor_plan,no
FTR-02483,PRP-0622,stainless_appliances,1
FTR-02484,PRP-0623,master_suite,Yes
FTR-02485,PRP-0623,walk_in_closet,Yes
FTR-02486,PRP-0623,new_roof,yes
FTR-02487,PRP-0623,smart_home,0
FTR-02488,PRP-0623,updated_kitchen,0
FTR-02489,PRP-0624,stainless_appliances,0
FTR-02490,PRP-0624,open_floor_plan,yes
FTR-02491,PRP-0624,smart_home,Yes
FTR-02492,PRP-0624,master_suite,0
FTR-02493,PRP-0624,vaulted_ceilings,YES
FTR-02494,PRP-0625,updated_kitchen,no
FTR-02495,PRP-0625,vaulted_ceilings,yes
FTR-02496,PRP-0625,hardwood_floors,Yes
FTR-02497,PRP-0625,granite_counters,yes
FTR-02498,PRP-0625,new_roof,Yes
FTR-02499,PRP-0626,fresh_paint,1
FTR-02500,PRP-0626,new_roof,Yes
FTR-02501,PRP-0626,open_floor_plan,no
FTR-02502,PRP-0626,smart_home,YES
FTR-02503,PRP-0627,solar_panels,yes
FTR-02504,PRP-0627,vaulted_ceilings,yes
FTR-02505,PRP-0627,walk_in_closet,no
FTR-02506,PRP-0627,central_ac,YES
FTR-02507,PRP-0627,granite_counters,no
FTR-02508,PRP-0628,central_ac,YES
FTR-02509,PRP-0628,solar_panels,YES
FTR-02510,PRP-0628,fireplace,1
FTR-02511,PRP-0628,master_suite,1
FTR-02512,PRP-0628,walk_in_closet,Yes
FTR-02513,PRP-0628,granite_counters,0
FTR-02514,PRP-0629,walk_in_closet,0
FTR-02515,PRP-0629,open_floor_plan,yes
FTR-02516,PRP-0630,hardwood_floors,no
FTR-02517,PRP-0630,open_floor_plan,0
FTR-02518,PRP-0630,smart_home,yes
FTR-02519,PRP-0630,central_ac,Yes
FTR-02520,PRP-0630,vaulted_ceilings,yes
FTR-02521,PRP-0630,granite_counters,0
FTR-02522,PRP-0631,open_floor_plan,0
FTR-02523,PRP-0631,vaulted_ceilings,YES
FTR-02524,PRP-0631,fresh_paint,no
FTR-02525,PRP-0631,hardwood_floors,1
FTR-02526,PRP-0631,fireplace,YES
FTR-02527,PRP-0631,stainless_appliances,Yes
FTR-02528,PRP-0632,stainless_appliances,0
FTR-02529,PRP-0632,central_ac,1
FTR-02530,PRP-0633,stainless_appliances,Yes
FTR-02531,PRP-0633,vaulted_ceilings,no
FTR-02532,PRP-0633,updated_kitchen,no
FTR-02533,PRP-0634,stainless_appliances,yes
FTR-02534,PRP-0634,fresh_paint,1
FTR-02535,PRP-0634,updated_kitchen,0
FTR-02536,PRP-0635,new_roof,YES
FTR-02537,PRP-0635,hardwood_floors,1
FTR-02538,PRP-0635,fresh_paint,no
FTR-02539,PRP-0635,granite_counters,yes
FTR-02540,PRP-0635,stainless_appliances,no
FTR-02541,PRP-0636,master_suite,YES
FTR-02542,PRP-0636,stainless_appliances,Yes
FTR-02543,PRP-0636,updated_kitchen,0
FTR-02544,PRP-0637,open_floor_plan,0
FTR-02545,PRP-0637,vaulted_ceilings,no
FTR-02546,PRP-0637,fireplace,no
FTR-02547,PRP-0638,smart_home,YES
FTR-02548,PRP-0638,solar_panels,yes
FTR-02549,PRP-0638,stainless_appliances,yes
FTR-02550,PRP-0639,fireplace,1
FTR-02551,PRP-0639,stainless_appliances,YES
FTR-02552,PRP-0639,smart_home,0
FTR-02553,PRP-0639,master_suite,no
FTR-02554,PRP-0639,updated_kitchen,Yes
FTR-02555,PRP-0640,stainless_appliances,no
FTR-02556,PRP-0640,central_ac,Yes
FTR-02557,PRP-0640,smart_home,0
FTR-02558,PRP-0641,stainless_appliances,Yes
FTR-02559,PRP-0641,new_roof,no
FTR-02560,PRP-0641,smart_home,no
FTR-02561,PRP-0641,hardwood_floors,YES
FTR-02562,PRP-0641,central_ac,YES
FTR-02563,PRP-0642,solar_panels,yes
FTR-02564,PRP-0642,vaulted_ceilings,Yes
FTR-02565,PRP-0642,open_floor_plan,no
FTR-02566,PRP-0642,central_ac,0
FTR-02567,PRP-0643,walk_in_closet,Yes
FTR-02568,PRP-0643,updated_kitchen,YES
FTR-02569,PRP-0643,new_roof,1
FTR-02570,PRP-0643,smart_home,YES
FTR-02571,PRP-0643,open_floor_plan,yes
FTR-02572,PRP-0644,stainless_appliances,Yes
FTR-02573,PRP-0644,solar_panels,0
FTR-02574,PRP-0644,open_floor_plan,yes
FTR-02575,PRP-0645,open_floor_plan,YES
FTR-02576,PRP-0645,master_suite,Yes
FTR-02577,PRP-0645,fireplace,1
FTR-02578,PRP-0645,walk_in_closet,0
FTR-02579,PRP-0646,solar_panels,0
FTR-02580,PRP-0646,new_roof,YES
FTR-02581,PRP-0646,updated_kitchen,1
FTR-02582,PRP-0646,fireplace,no
FTR-02583,PRP-0647,solar_panels,0
FTR-02584,PRP-0647,smart_home,Yes
FTR-02585,PRP-0648,fireplace,0
FTR-02586,PRP-0648,granite_counters,yes
FTR-02587,PRP-0648,fresh_paint,yes
FTR-02588,PRP-0648,stainless_appliances,YES
FTR-02589,PRP-0649,central_ac,0
FTR-02590,PRP-0649,open_floor_plan,1
FTR-02591,PRP-0649,smart_home,1
FTR-02592,PRP-0649,granite_counters,no
FTR-02593,PRP-0650,fireplace,yes
FTR-02594,PRP-0650,new_roof,0
FTR-02595,PRP-0650,granite_counters,no
FTR-02596,PRP-0650,central_ac,YES
FTR-02597,PRP-0650,hardwood_floors,no
FTR-02598,PRP-0651,updated_kitchen,0
FTR-02599,PRP-0651,hardwood_floors,YES
FTR-02600,PRP-0651,open_floor_plan,Yes
FTR-02601,PRP-0651,master_suite,0
FTR-02602,PRP-0652,stainless_appliances,YES
FTR-02603,PRP-0652,open_floor_plan,1
FTR-02604,PRP-0652,smart_home,no
FTR-02605,PRP-0653,hardwood_floors,1
FTR-02606,PRP-0653,central_ac,no
FTR-02607,PRP-0653,walk_in_closet,YES
FTR-02608,PRP-0653,updated_kitchen,yes
FTR-02609,PRP-0653,fresh_paint,0
FTR-02610,PRP-0653,master_suite,YES
FTR-02611,PRP-0654,vaulted_ceilings,Yes
FTR-02612,PRP-0654,stainless_appliances,yes
FTR-02613,PRP-0654,granite_counters,YES
FTR-02614,PRP-0654,updated_kitchen,YES
FTR-02615,PRP-0654,new_roof,no
FTR-02616,PRP-0654,solar_panels,yes
FTR-02617,PRP-0655,master_suite,no
FTR-02618,PRP-0655,smart_home,Yes
FTR-02619,PRP-0655,solar_panels,Yes
FTR-02620,PRP-0655,updated_kitchen,YES
FTR-02621,PRP-0655,vaulted_ceilings,yes
FTR-02622,PRP-0655,granite_counters,1
FTR-02623,PRP-0656,vaulted_ceilings,YES
FTR-02624,PRP-0656,central_ac,Yes
FTR-02625,PRP-0657,master_suite,YES
FTR-02626,PRP-0657,updated_kitchen,Yes
FTR-02627,PRP-0657,open_floor_plan,YES
FTR-02628,PRP-0658,new_roof,Yes
FTR-02629,PRP-0658,vaulted_ceilings,no
FTR-02630,PRP-0658,fresh_paint,yes
FTR-02631,PRP-0658,smart_home,1
FTR-02632,PRP-0658,master_suite,Yes
FTR-02633,PRP-0658,walk_in_closet,no
FTR-02634,PRP-0659,fireplace,yes
FTR-02635,PRP-0659,granite_counters,yes
FTR-02636,PRP-0659,new_roof,0
FTR-02637,PRP-0659,updated_kitchen,Yes
FTR-02638,PRP-0659,solar_panels,YES
FTR-02639,PRP-0660,master_suite,0
FTR-02640,PRP-0660,central_ac,0
FTR-02641,PRP-0660,vaulted_ceilings,no
FTR-02642,PRP-0661,vaulted_ceilings,1
FTR-02643,PRP-0661,stainless_appliances,1
FTR-02644,PRP-0661,solar_panels,YES
FTR-02645,PRP-0661,fresh_paint,1
FTR-02646,PRP-0661,open_floor_plan,Yes
FTR-02647,PRP-0661,walk_in_closet,Yes
FTR-02648,PRP-0662,open_floor_plan,Yes
FTR-02649,PRP-0662,walk_in_closet,yes
FTR-02650,PRP-0662,vaulted_ceilings,Yes
FTR-02651,PRP-0662,hardwood_floors,1
FTR-02652,PRP-0663,new_roof,yes
FTR-02653,PRP-0663,smart_home,YES
FTR-02654,PRP-0663,hardwood_floors,yes
FTR-02655,PRP-0663,master_suite,YES
FTR-02656,PRP-0663,solar_panels,YES
FTR-02657,PRP-0664,fresh_paint,1
FTR-02658,PRP-0664,stainless_appliances,no
FTR-02659,PRP-0664,master_suite,no
FTR-02660,PRP-0664,vaulted_ceilings,yes
FTR-02661,PRP-0664,smart_home,1
FTR-02662,PRP-0664,updated_kitchen,no
FTR-02663,PRP-0665,walk_in_closet,yes
FTR-02664,PRP-0665,smart_home,Yes
FTR-02665,PRP-0666,solar_panels,0
FTR-02666,PRP-0666,fresh_paint,1
FTR-02667,PRP-0666,master_suite,Yes
FTR-02668,PRP-0666,hardwood_floors,yes
FTR-02669,PRP-0666,vaulted_ceilings,1
FTR-02670,PRP-0667,updated_kitchen,YES
FTR-02671,PRP-0667,master_suite,1
FTR-02672,PRP-0667,central_ac,0
FTR-02673,PRP-0667,open_floor_plan,YES
FTR-02674,PRP-0668,central_ac,no
FTR-02675,PRP-0668,solar_panels,Yes
FTR-02676,PRP-0668,stainless_appliances,Yes
FTR-02677,PRP-0668,fireplace,1
FTR-02678,PRP-0668,open_floor_plan,no
FTR-02679,PRP-0668,new_roof,yes
FTR-02680,PRP-0669,hardwood_floors,0
FTR-02681,PRP-0669,smart_home,YES
FTR-02682,PRP-0669,granite_counters,yes
FTR-02683,PRP-0669,new_roof,Yes
FTR-02684,PRP-0670,stainless_appliances,no
FTR-02685,PRP-0670,central_ac,1
FTR-02686,PRP-0670,hardwood_floors,Yes
FTR-02687,PRP-0670,updated_kitchen,Yes
FTR-02688,PRP-0670,smart_home,0
FTR-02689,PRP-0671,fresh_paint,no
FTR-02690,PRP-0671,solar_panels,YES
FTR-02691,PRP-0671,new_roof,no
FTR-02692,PRP-0671,updated_kitchen,no
FTR-02693,PRP-0671,walk_in_closet,1
FTR-02694,PRP-0671,vaulted_ceilings,YES
FTR-02695,PRP-0672,central_ac,0
FTR-02696,PRP-0672,walk_in_closet,0
FTR-02697,PRP-0672,hardwood_floors,YES
FTR-02698,PRP-0672,fireplace,0
FTR-02699,PRP-0672,updated_kitchen,0
FTR-02700,PRP-0673,updated_kitchen,Yes
FTR-02701,PRP-0673,open_floor_plan,1
FTR-02702,PRP-0673,stainless_appliances,yes
FTR-02703,PRP-0673,new_roof,Yes
FTR-02704,PRP-0673,walk_in_closet,yes
FTR-02705,PRP-0673,smart_home,0
FTR-02706,PRP-0674,master_suite,1
FTR-02707,PRP-0674,walk_in_closet,yes
FTR-02708,PRP-0674,solar_panels,no
FTR-02709,PRP-0674,fireplace,1
FTR-02710,PRP-0674,stainless_appliances,YES
FTR-02711,PRP-0674,updated_kitchen,YES
FTR-02712,PRP-0675,master_suite,0
FTR-02713,PRP-0675,updated_kitchen,Yes
FTR-02714,PRP-0675,vaulted_ceilings,YES
FTR-02715,PRP-0675,new_roof,YES
FTR-02716,PRP-0675,granite_counters,yes
FTR-02717,PRP-0676,new_roof,Yes
FTR-02718,PRP-0676,hardwood_floors,no
FTR-02719,PRP-0676,granite_counters,0
FTR-02720,PRP-0676,fireplace,YES
FTR-02721,PRP-0676,master_suite,no
FTR-02722,PRP-0677,stainless_appliances,yes
FTR-02723,PRP-0677,new_roof,no
FTR-02724,PRP-0677,smart_home,no
FTR-02725,PRP-0677,hardwood_floors,Yes
FTR-02726,PRP-0678,fresh_paint,Yes
FTR-02727,PRP-0678,fireplace,YES
FTR-02728,PRP-0678,smart_home,Yes
FTR-02729,PRP-0679,smart_home,yes
FTR-02730,PRP-0679,master_suite,yes
FTR-02731,PRP-0679,open_floor_plan,Yes
FTR-02732,PRP-0679,walk_in_closet,yes
FTR-02733,PRP-0680,central_ac,0
FTR-02734,PRP-0680,vaulted_ceilings,YES
FTR-02735,PRP-0681,vaulted_ceilings,no
FTR-02736,PRP-0681,walk_in_closet,Yes
FTR-02737,PRP-0681,stainless_appliances,1
FTR-02738,PRP-0681,hardwood_floors,1
FTR-02739,PRP-0681,new_roof,0
FTR-02740,PRP-0682,new_roof,no
FTR-02741,PRP-0682,granite_counters,1
FTR-02742,PRP-0682,open_floor_plan,1
FTR-02743,PRP-0682,walk_in_closet,no
FTR-02744,PRP-0683,master_suite,yes
FTR-02745,PRP-0683,vaulted_ceilings,yes
FTR-02746,PRP-0683,hardwood_floors,0
FTR-02747,PRP-0683,solar_panels,1
FTR-02748,PRP-0683,open_floor_plan,YES
FTR-02749,PRP-0684,stainless_appliances,yes
FTR-02750,PRP-0684,master_suite,Yes
FTR-02751,PRP-0684,hardwood_floors,0
FTR-02752,PRP-0684,new_roof,0
FTR-02753,PRP-0684,updated_kitchen,0
FTR-02754,PRP-0685,fireplace,YES
FTR-02755,PRP-0685,walk_in_closet,1
FTR-02756,PRP-0685,solar_panels,YES
FTR-02757,PRP-0685,new_roof,Yes
FTR-02758,PRP-0686,fireplace,no
FTR-02759,PRP-0686,solar_panels,0
FTR-02760,PRP-0686,walk_in_closet,no
FTR-02761,PRP-0686,granite_counters,1
FTR-02762,PRP-0686,smart_home,1
FTR-02763,PRP-0687,updated_kitchen,yes
FTR-02764,PRP-0687,stainless_appliances,0
FTR-02765,PRP-0687,central_ac,no
FTR-02766,PRP-0687,vaulted_ceilings,1
FTR-02767,PRP-0687,granite_counters,1
FTR-02768,PRP-0688,new_roof,1
FTR-02769,PRP-0688,smart_home,no
FTR-02770,PRP-0688,solar_panels,1
FTR-02771,PRP-0689,open_floor_plan,Yes
FTR-02772,PRP-0689,fresh_paint,yes
FTR-02773,PRP-0690,smart_home,0
FTR-02774,PRP-0690,vaulted_ceilings,1
FTR-02775,PRP-0690,updated_kitchen,YES
FTR-02776,PRP-0690,central_ac,yes
FTR-02777,PRP-0690,fireplace,1
FTR-02778,PRP-0691,updated_kitchen,0
FTR-02779,PRP-0691,stainless_appliances,YES
FTR-02780,PRP-0691,smart_home,Yes
FTR-02781,PRP-0691,walk_in_closet,1
FTR-02782,PRP-0691,fireplace,Yes
FTR-02783,PRP-0692,updated_kitchen,YES
FTR-02784,PRP-0692,granite_counters,no
FTR-02785,PRP-0692,smart_home,YES
FTR-02786,PRP-0692,central_ac,yes
FTR-02787,PRP-0692,master_suite,Yes
FTR-02788,PRP-0692,vaulted_ceilings,yes
FTR-02789,PRP-0693,stainless_appliances,yes
FTR-02790,PRP-0693,vaulted_ceilings,Yes
FTR-02791,PRP-0693,open_floor_plan,1
FTR-02792,PRP-0693,solar_panels,YES
FTR-02793,PRP-0693,updated_kitchen,YES
FTR-02794,PRP-0694,stainless_appliances,0
FTR-02795,PRP-0694,solar_panels,1
FTR-02796,PRP-0694,open_floor_plan,no
FTR-02797,PRP-0694,walk_in_closet,1
FTR-02798,PRP-0694,updated_kitchen,0
FTR-02799,PRP-0694,central_ac,yes
FTR-02800,PRP-0695,smart_home,no
FTR-02801,PRP-0695,fresh_paint,0
FTR-02802,PRP-0695,fireplace,Yes
FTR-02803,PRP-0695,stainless_appliances,0
FTR-02804,PRP-0696,new_roof,no
FTR-02805,PRP-0696,fresh_paint,yes
FTR-02806,PRP-0697,master_suite,yes
FTR-02807,PRP-0697,fresh_paint,1
FTR-02808,PRP-0697,fireplace,no
FTR-02809,PRP-0697,open_floor_plan,Yes
FTR-02810,PRP-0697,central_ac,0
FTR-02811,PRP-0698,smart_home,no
FTR-02812,PRP-0698,solar_panels,Yes
FTR-02813,PRP-0698,fireplace,1
FTR-02814,PRP-0699,smart_home,no
FTR-02815,PRP-0699,new_roof,1
FTR-02816,PRP-0699,stainless_appliances,Yes
FTR-02817,PRP-0700,stainless_appliances,YES
FTR-02818,PRP-0700,vaulted_ceilings,yes
FTR-02819,PRP-0700,fresh_paint,yes
FTR-02820,PRP-0701,stainless_appliances,0
FTR-02821,PRP-0701,updated_kitchen,YES
FTR-02822,PRP-0701,fresh_paint,1
FTR-02823,PRP-0701,walk_in_closet,yes
FTR-02824,PRP-0702,solar_panels,no
FTR-02825,PRP-0702,granite_counters,yes
FTR-02826,PRP-0702,vaulted_ceilings,Yes
FTR-02827,PRP-0702,hardwood_floors,0
FTR-02828,PRP-0703,open_floor_plan,no
FTR-02829,PRP-0703,hardwood_floors,YES
FTR-02830,PRP-0703,walk_in_closet,0
FTR-02831,PRP-0703,solar_panels,1
FTR-02832,PRP-0704,granite_counters,0
FTR-02833,PRP-0704,master_suite,YES
FTR-02834,PRP-0704,hardwood_floors,0
FTR-02835,PRP-0704,open_floor_plan,1
FTR-02836,PRP-0704,vaulted_ceilings,yes
FTR-02837,PRP-0704,solar_panels,Yes
FTR-02838,PRP-0705,open_floor_plan,yes
FTR-02839,PRP-0705,updated_kitchen,yes
FTR-02840,PRP-0705,solar_panels,Yes
FTR-02841,PRP-0705,hardwood_floors,Yes
FTR-02842,PRP-0705,master_suite,Yes
FTR-02843,PRP-0706,vaulted_ceilings,YES
FTR-02844,PRP-0706,walk_in_closet,Yes
FTR-02845,PRP-0706,stainless_appliances,Yes
FTR-02846,PRP-0707,hardwood_floors,YES
FTR-02847,PRP-0707,fireplace,1
FTR-02848,PRP-0707,central_ac,1
FTR-02849,PRP-0707,smart_home,1
FTR-02850,PRP-0707,stainless_appliances,no
FTR-02851,PRP-0708,master_suite,1
FTR-02852,PRP-0708,fresh_paint,yes
FTR-02853,PRP-0708,walk_in_closet,1
FTR-02854,PRP-0709,fresh_paint,1
FTR-02855,PRP-0709,smart_home,Yes
FTR-02856,PRP-0709,fireplace,0
FTR-02857,PRP-0709,updated_kitchen,YES
FTR-02858,PRP-0709,hardwood_floors,YES
FTR-02859,PRP-0710,walk_in_closet,YES
FTR-02860,PRP-0710,hardwood_floors,YES
FTR-02861,PRP-0710,new_roof,0
FTR-02862,PRP-0710,updated_kitchen,Yes
FTR-02863,PRP-0711,solar_panels,1
FTR-02864,PRP-0711,smart_home,yes
FTR-02865,PRP-0711,granite_counters,yes
FTR-02866,PRP-0711,updated_kitchen,YES
FTR-02867,PRP-0711,new_roof,Yes
FTR-02868,PRP-0712,stainless_appliances,yes
FTR-02869,PRP-0712,solar_panels,yes
FTR-02870,PRP-0712,fireplace,Yes
FTR-02871,PRP-0712,smart_home,yes
FTR-02872,PRP-0712,granite_counters,YES
FTR-02873,PRP-0713,updated_kitchen,YES
FTR-02874,PRP-0713,walk_in_closet,no
FTR-02875,PRP-0713,solar_panels,yes
FTR-02876,PRP-0713,central_ac,YES
FTR-02877,PRP-0713,new_roof,yes
FTR-02878,PRP-0713,fireplace,0
FTR-02879,PRP-0714,solar_panels,no
FTR-02880,PRP-0714,fresh_paint,YES
FTR-02881,PRP-0714,fireplace,YES
FTR-02882,PRP-0714,master_suite,YES
FTR-02883,PRP-0714,hardwood_floors,yes
FTR-02884,PRP-0714,walk_in_closet,0
FTR-02885,PRP-0715,granite_counters,YES
FTR-02886,PRP-0715,walk_in_closet,yes
FTR-02887,PRP-0715,vaulted_ceilings,no
FTR-02888,PRP-0715,hardwood_floors,0
FTR-02889,PRP-0716,stainless_appliances,Yes
FTR-02890,PRP-0716,hardwood_floors,YES
FTR-02891,PRP-0716,fireplace,1
FTR-02892,PRP-0716,open_floor_plan,1
FTR-02893,PRP-0717,master_suite,0
FTR-02894,PRP-0717,fresh_paint,no
FTR-02895,PRP-0717,granite_counters,yes
FTR-02896,PRP-0718,solar_panels,yes
FTR-02897,PRP-0718,fresh_paint,Yes
FTR-02898,PRP-0718,vaulted_ceilings,Yes
FTR-02899,PRP-0718,walk_in_closet,YES
FTR-02900,PRP-0719,walk_in_closet,YES
FTR-02901,PRP-0719,fireplace,no
FTR-02902,PRP-0719,hardwood_floors,YES
FTR-02903,PRP-0719,vaulted_ceilings,YES
FTR-02904,PRP-0719,open_floor_plan,yes
FTR-02905,PRP-0719,fresh_paint,yes
FTR-02906,PRP-0720,solar_panels,Yes
FTR-02907,PRP-0720,stainless_appliances,yes
FTR-02908,PRP-0720,new_roof,no
FTR-02909,PRP-0720,master_suite,Yes
FTR-02910,PRP-0720,open_floor_plan,0
FTR-02911,PRP-0720,hardwood_floors,no
FTR-02912,PRP-0721,stainless_appliances,0
FTR-02913,PRP-0721,hardwood_floors,yes
FTR-02914,PRP-0721,fireplace,1
FTR-02915,PRP-0722,new_roof,no
FTR-02916,PRP-0722,fresh_paint,YES
FTR-02917,PRP-0722,granite_counters,0
FTR-02918,PRP-0722,central_ac,yes
FTR-02919,PRP-0723,new_roof,yes
FTR-02920,PRP-0723,master_suite,Yes
FTR-02921,PRP-0723,fresh_paint,yes
FTR-02922,PRP-0723,stainless_appliances,no
FTR-02923,PRP-0724,smart_home,yes
FTR-02924,PRP-0724,stainless_appliances,0
FTR-02925,PRP-0725,fresh_paint,0
FTR-02926,PRP-0725,stainless_appliances,0
FTR-02927,PRP-0726,updated_kitchen,0
FTR-02928,PRP-0726,fresh_paint,0
FTR-02929,PRP-0726,master_suite,Yes
FTR-02930,PRP-0726,solar_panels,Yes
FTR-02931,PRP-0726,fireplace,YES
FTR-02932,PRP-0726,vaulted_ceilings,0
FTR-02933,PRP-0727,fresh_paint,no
FTR-02934,PRP-0727,walk_in_closet,1
FTR-02935,PRP-0727,master_suite,0
FTR-02936,PRP-0727,updated_kitchen,Yes
FTR-02937,PRP-0727,central_ac,Yes
FTR-02938,PRP-0728,fresh_paint,no
FTR-02939,PRP-0728,new_roof,Yes
FTR-02940,PRP-0729,granite_counters,0
FTR-02941,PRP-0729,fresh_paint,yes
FTR-02942,PRP-0729,vaulted_ceilings,0
FTR-02943,PRP-0730,smart_home,YES
FTR-02944,PRP-0730,central_ac,Yes
FTR-02945,PRP-0730,fresh_paint,Yes
FTR-02946,PRP-0730,updated_kitchen,yes
FTR-02947,PRP-0730,fireplace,0
FTR-02948,PRP-0731,hardwood_floors,Yes
FTR-02949,PRP-0731,vaulted_ceilings,no
FTR-02950,PRP-0731,master_suite,YES
FTR-02951,PRP-0731,updated_kitchen,1
FTR-02952,PRP-0731,solar_panels,Yes
FTR-02953,PRP-0731,fireplace,yes
FTR-02954,PRP-0732,fresh_paint,1
FTR-02955,PRP-0732,vaulted_ceilings,yes
FTR-02956,PRP-0732,fireplace,yes
FTR-02957,PRP-0732,hardwood_floors,1
FTR-02958,PRP-0732,walk_in_closet,yes
FTR-02959,PRP-0732,updated_kitchen,Yes
FTR-02960,PRP-0733,open_floor_plan,0
FTR-02961,PRP-0733,master_suite,0
FTR-02962,PRP-0733,solar_panels,1
FTR-02963,PRP-0733,granite_counters,Yes
FTR-02964,PRP-0733,updated_kitchen,YES
FTR-02965,PRP-0733,fireplace,Yes
FTR-02966,PRP-0734,walk_in_closet,no
FTR-02967,PRP-0734,fireplace,yes
FTR-02968,PRP-0734,open_floor_plan,0
FTR-02969,PRP-0734,fresh_paint,1
FTR-02970,PRP-0734,updated_kitchen,yes
FTR-02971,PRP-0735,walk_in_closet,YES
FTR-02972,PRP-0735,master_suite,no
FTR-02973,PRP-0735,updated_kitchen,yes
FTR-02974,PRP-0736,central_ac,Yes
FTR-02975,PRP-0736,fireplace,yes
FTR-02976,PRP-0736,smart_home,0
FTR-02977,PRP-0736,solar_panels,0
FTR-02978,PRP-0736,vaulted_ceilings,0
FTR-02979,PRP-0737,fresh_paint,yes
FTR-02980,PRP-0737,fireplace,0
FTR-02981,PRP-0737,master_suite,YES
FTR-02982,PRP-0737,open_floor_plan,no
FTR-02983,PRP-0738,fresh_paint,Yes
FTR-02984,PRP-0738,new_roof,1
FTR-02985,PRP-0738,granite_counters,no
FTR-02986,PRP-0738,hardwood_floors,1
FTR-02987,PRP-0739,granite_counters,YES
FTR-02988,PRP-0739,new_roof,0
FTR-02989,PRP-0740,walk_in_closet,YES
FTR-02990,PRP-0740,master_suite,YES
FTR-02991,PRP-0740,fireplace,no
FTR-02992,PRP-0740,smart_home,YES
FTR-02993,PRP-0741,solar_panels,no
FTR-02994,PRP-0741,smart_home,0
FTR-02995,PRP-0741,new_roof,yes
FTR-02996,PRP-0741,central_ac,yes
FTR-02997,PRP-0742,updated_kitchen,0
FTR-02998,PRP-0742,open_floor_plan,1
FTR-02999,PRP-0742,granite_counters,0
FTR-03000,PRP-0743,walk_in_closet,1
FTR-03001,PRP-0743,new_roof,YES
FTR-03002,PRP-0743,fireplace,1
FTR-03003,PRP-0743,fresh_paint,Yes
FTR-03004,PRP-0743,stainless_appliances,Yes
FTR-03005,PRP-0743,open_floor_plan,no
FTR-03006,PRP-0744,open_floor_plan,YES
FTR-03007,PRP-0744,hardwood_floors,0
FTR-03008,PRP-0744,fireplace,no
FTR-03009,PRP-0744,master_suite,yes
FTR-03010,PRP-0744,smart_home,1
FTR-03011,PRP-0745,fireplace,YES
FTR-03012,PRP-0745,walk_in_closet,0
FTR-03013,PRP-0745,fresh_paint,yes
FTR-03014,PRP-0745,solar_panels,0
FTR-03015,PRP-0745,new_roof,1
FTR-03016,PRP-0746,fresh_paint,Yes
FTR-03017,PRP-0746,stainless_appliances,yes
FTR-03018,PRP-0747,updated_kitchen,1
FTR-03019,PRP-0747,vaulted_ceilings,1
FTR-03020,PRP-0748,central_ac,yes
FTR-03021,PRP-0748,vaulted_ceilings,YES
FTR-03022,PRP-0748,stainless_appliances,1
FTR-03023,PRP-0748,open_floor_plan,Yes
FTR-03024,PRP-0748,hardwood_floors,yes
FTR-03025,PRP-0748,master_suite,YES
FTR-03026,PRP-0749,vaulted_ceilings,YES
FTR-03027,PRP-0749,walk_in_closet,0
FTR-03028,PRP-0750,vaulted_ceilings,Yes
FTR-03029,PRP-0750,fireplace,YES
FTR-03030,PRP-0750,updated_kitchen,yes
FTR-03031,PRP-0751,open_floor_plan,no
FTR-03032,PRP-0751,new_roof,YES
FTR-03033,PRP-0751,hardwood_floors,yes
FTR-03034,PRP-0751,fireplace,yes
FTR-03035,PRP-0751,stainless_appliances,YES
FTR-03036,PRP-0751,solar_panels,Yes
FTR-03037,PRP-0752,granite_counters,1
FTR-03038,PRP-0752,fireplace,yes
FTR-03039,PRP-0753,granite_counters,no
FTR-03040,PRP-0753,master_suite,0
FTR-03041,PRP-0753,vaulted_ceilings,YES
FTR-03042,PRP-0754,open_floor_plan,YES
FTR-03043,PRP-0754,new_roof,yes
FTR-03044,PRP-0754,smart_home,0
FTR-03045,PRP-0754,stainless_appliances,0
FTR-03046,PRP-0755,fireplace,Yes
FTR-03047,PRP-0755,master_suite,yes
FTR-03048,PRP-0755,hardwood_floors,YES
FTR-03049,PRP-0756,solar_panels,no
FTR-03050,PRP-0756,stainless_appliances,yes
FTR-03051,PRP-0756,new_roof,Yes
FTR-03052,PRP-0756,hardwood_floors,0
FTR-03053,PRP-0756,fireplace,yes
FTR-03054,PRP-0756,updated_kitchen,YES
FTR-03055,PRP-0757,smart_home,yes
FTR-03056,PRP-0757,stainless_appliances,0
FTR-03057,PRP-0757,fireplace,YES
FTR-03058,PRP-0757,master_suite,yes
FTR-03059,PRP-0757,open_floor_plan,no
FTR-03060,PRP-0758,granite_counters,0
FTR-03061,PRP-0758,updated_kitchen,1
FTR-03062,PRP-0759,granite_counters,1
FTR-03063,PRP-0759,open_floor_plan,no
FTR-03064,PRP-0759,stainless_appliances,1
FTR-03065,PRP-0759,central_ac,YES
FTR-03066,PRP-0759,hardwood_floors,0
FTR-03067,PRP-0760,fresh_paint,Yes
FTR-03068,PRP-0760,new_roof,no
FTR-03069,PRP-0761,solar_panels,Yes
FTR-03070,PRP-0761,central_ac,0
FTR-03071,PRP-0761,granite_counters,yes
FTR-03072,PRP-0761,updated_kitchen,0
FTR-03073,PRP-0762,open_floor_plan,0
FTR-03074,PRP-0762,updated_kitchen,yes
FTR-03075,PRP-0762,smart_home,no
FTR-03076,PRP-0762,central_ac,0
FTR-03077,PRP-0762,walk_in_closet,Yes
FTR-03078,PRP-0762,new_roof,1
FTR-03079,PRP-0763,walk_in_closet,YES
FTR-03080,PRP-0763,stainless_appliances,YES
FTR-03081,PRP-0763,open_floor_plan,0
FTR-03082,PRP-0763,vaulted_ceilings,0
FTR-03083,PRP-0764,hardwood_floors,Yes
FTR-03084,PRP-0764,open_floor_plan,Yes
FTR-03085,PRP-0764,vaulted_ceilings,1
FTR-03086,PRP-0764,central_ac,yes
FTR-03087,PRP-0765,stainless_appliances,Yes
FTR-03088,PRP-0765,vaulted_ceilings,YES
FTR-03089,PRP-0765,updated_kitchen,yes
FTR-03090,PRP-0765,new_roof,1
FTR-03091,PRP-0766,walk_in_closet,Yes
FTR-03092,PRP-0766,central_ac,yes
FTR-03093,PRP-0767,smart_home,0
FTR-03094,PRP-0767,updated_kitchen,Yes
FTR-03095,PRP-0767,new_roof,Yes
FTR-03096,PRP-0767,stainless_appliances,Yes
FTR-03097,PRP-0767,granite_counters,yes
FTR-03098,PRP-0768,solar_panels,YES
FTR-03099,PRP-0768,central_ac,yes
FTR-03100,PRP-0768,master_suite,1
FTR-03101,PRP-0768,granite_counters,1
FTR-03102,PRP-0768,vaulted_ceilings,1
FTR-03103,PRP-0768,stainless_appliances,1
FTR-03104,PRP-0769,walk_in_closet,YES
FTR-03105,PRP-0769,stainless_appliances,1
FTR-03106,PRP-0770,fresh_paint,yes
FTR-03107,PRP-0770,granite_counters,yes
FTR-03108,PRP-0770,master_suite,YES
FTR-03109,PRP-0770,solar_panels,1
FTR-03110,PRP-0770,new_roof,Yes
FTR-03111,PRP-0770,central_ac,0
FTR-03112,PRP-0771,stainless_appliances,Yes
FTR-03113,PRP-0771,walk_in_closet,1
FTR-03114,PRP-0771,granite_counters,1
FTR-03115,PRP-0771,master_suite,0
FTR-03116,PRP-0771,fireplace,no
FTR-03117,PRP-0772,vaulted_ceilings,yes
FTR-03118,PRP-0772,open_floor_plan,YES
FTR-03119,PRP-0772,smart_home,YES
FTR-03120,PRP-0772,fireplace,YES
FTR-03121,PRP-0772,updated_kitchen,0
FTR-03122,PRP-0773,solar_panels,no
FTR-03123,PRP-0773,granite_counters,yes
FTR-03124,PRP-0774,granite_counters,1
FTR-03125,PRP-0774,stainless_appliances,no
FTR-03126,PRP-0774,vaulted_ceilings,Yes
FTR-03127,PRP-0774,open_floor_plan,no
FTR-03128,PRP-0774,fireplace,no
FTR-03129,PRP-0775,smart_home,YES
FTR-03130,PRP-0775,open_floor_plan,YES
FTR-03131,PRP-0776,hardwood_floors,0
FTR-03132,PRP-0776,walk_in_closet,1
FTR-03133,PRP-0777,open_floor_plan,0
FTR-03134,PRP-0777,new_roof,Yes
FTR-03135,PRP-0777,master_suite,Yes
FTR-03136,PRP-0777,smart_home,no
FTR-03137,PRP-0777,vaulted_ceilings,yes
FTR-03138,PRP-0778,hardwood_floors,1
FTR-03139,PRP-0778,stainless_appliances,yes
FTR-03140,PRP-0779,fireplace,Yes
FTR-03141,PRP-0779,vaulted_ceilings,yes
FTR-03142,PRP-0779,solar_panels,YES
FTR-03143,PRP-0780,granite_counters,0
FTR-03144,PRP-0780,smart_home,1
FTR-03145,PRP-0780,fresh_paint,no
FTR-03146,PRP-0780,new_roof,1
FTR-03147,PRP-0781,vaulted_ceilings,YES
FTR-03148,PRP-0781,central_ac,1
FTR-03149,PRP-0781,updated_kitchen,1
FTR-03150,PRP-0781,granite_counters,YES
FTR-03151,PRP-0781,solar_panels,1
FTR-03152,PRP-0782,granite_counters,no
FTR-03153,PRP-0782,vaulted_ceilings,no
FTR-03154,PRP-0783,vaulted_ceilings,0
FTR-03155,PRP-0783,solar_panels,no
FTR-03156,PRP-0783,new_roof,yes
FTR-03157,PRP-0783,walk_in_closet,yes
FTR-03158,PRP-0783,open_floor_plan,YES
FTR-03159,PRP-0784,fireplace,YES
FTR-03160,PRP-0784,granite_counters,no
FTR-03161,PRP-0784,stainless_appliances,Yes
FTR-03162,PRP-0785,solar_panels,1
FTR-03163,PRP-0785,new_roof,no
FTR-03164,PRP-0786,vaulted_ceilings,0
FTR-03165,PRP-0786,hardwood_floors,0
FTR-03166,PRP-0786,stainless_appliances,no
FTR-03167,PRP-0786,new_roof,Yes
FTR-03168,PRP-0786,fireplace,1
FTR-03169,PRP-0787,open_floor_plan,1
FTR-03170,PRP-0787,vaulted_ceilings,yes
FTR-03171,PRP-0787,central_ac,YES
FTR-03172,PRP-0787,stainless_appliances,1
FTR-03173,PRP-0787,master_suite,Yes
FTR-03174,PRP-0787,walk_in_closet,no
FTR-03175,PRP-0788,stainless_appliances,0
FTR-03176,PRP-0788,hardwood_floors,no
FTR-03177,PRP-0789,granite_counters,Yes
FTR-03178,PRP-0789,new_roof,yes
FTR-03179,PRP-0789,walk_in_closet,no
FTR-03180,PRP-0790,open_floor_plan,YES
FTR-03181,PRP-0790,updated_kitchen,1
FTR-03182,PRP-0790,solar_panels,YES
FTR-03183,PRP-0790,walk_in_closet,yes
FTR-03184,PRP-0790,hardwood_floors,no
FTR-03185,PRP-0790,vaulted_ceilings,Yes
FTR-03186,PRP-0791,vaulted_ceilings,0
FTR-03187,PRP-0791,smart_home,YES
FTR-03188,PRP-0791,granite_counters,Yes
FTR-03189,PRP-0791,walk_in_closet,yes
FTR-03190,PRP-0792,fresh_paint,Yes
FTR-03191,PRP-0792,hardwood_floors,Yes
FTR-03192,PRP-0792,master_suite,0
FTR-03193,PRP-0792,vaulted_ceilings,no
FTR-03194,PRP-0793,fireplace,YES
FTR-03195,PRP-0793,hardwood_floors,YES
FTR-03196,PRP-0793,new_roof,no
FTR-03197,PRP-0793,open_floor_plan,no
FTR-03198,PRP-0793,vaulted_ceilings,yes
FTR-03199,PRP-0794,fireplace,yes
FTR-03200,PRP-0794,walk_in_closet,no
FTR-03201,PRP-0794,open_floor_plan,YES
FTR-03202,PRP-0794,vaulted_ceilings,yes
FTR-03203,PRP-0794,stainless_appliances,no
FTR-03204,PRP-0795,granite_counters,no
FTR-03205,PRP-0795,fireplace,Yes
FTR-03206,PRP-0795,master_suite,1
FTR-03207,PRP-0795,hardwood_floors,YES
FTR-03208,PRP-0795,updated_kitchen,0
FTR-03209,PRP-0796,walk_in_closet,yes
FTR-03210,PRP-0796,central_ac,yes
FTR-03211,PRP-0796,hardwood_floors,YES
FTR-03212,PRP-0797,granite_counters,0
FTR-03213,PRP-0797,fireplace,1
FTR-03214,PRP-0798,central_ac,yes
FTR-03215,PRP-0798,master_suite,1
FTR-03216,PRP-0799,vaulted_ceilings,1
FTR-03217,PRP-0799,solar_panels,YES
FTR-03218,PRP-0799,fireplace,0
FTR-03219,PRP-0799,granite_counters,no
FTR-03220,PRP-0799,master_suite,yes
FTR-03221,PRP-0800,new_roof,yes
FTR-03222,PRP-0800,fireplace,Yes
FTR-03223,PRP-0800,hardwood_floors,YES
FTR-03224,PRP-0800,granite_counters,Yes
FTR-03225,PRP-0801,vaulted_ceilings,0
FTR-03226,PRP-0801,walk_in_closet,no
FTR-03227,PRP-0801,updated_kitchen,yes
FTR-03228,PRP-0801,granite_counters,0
FTR-03229,PRP-0801,master_suite,yes
FTR-03230,PRP-0802,open_floor_plan,Yes
FTR-03231,PRP-0802,granite_counters,1
FTR-03232,PRP-0802,vaulted_ceilings,no
FTR-03233,PRP-0802,hardwood_floors,1
FTR-03234,PRP-0802,fireplace,Yes
FTR-03235,PRP-0803,central_ac,no
FTR-03236,PRP-0803,vaulted_ceilings,1
FTR-03237,PRP-0803,new_roof,no
FTR-03238,PRP-0804,smart_home,yes
FTR-03239,PRP-0804,central_ac,0
FTR-03240,PRP-0804,walk_in_closet,no
FTR-03241,PRP-0804,solar_panels,0
FTR-03242,PRP-0804,fresh_paint,0
FTR-03243,PRP-0804,vaulted_ceilings,no
FTR-03244,PRP-0805,master_suite,0
FTR-03245,PRP-0805,smart_home,1
FTR-03246,PRP-0805,vaulted_ceilings,YES
FTR-03247,PRP-0805,solar_panels,yes
FTR-03248,PRP-0806,updated_kitchen,1
FTR-03249,PRP-0806,master_suite,Yes
FTR-03250,PRP-0806,fireplace,0
FTR-03251,PRP-0806,central_ac,0
FTR-03252,PRP-0806,open_floor_plan,YES
FTR-03253,PRP-0806,smart_home,1
FTR-03254,PRP-0807,smart_home,0
FTR-03255,PRP-0807,updated_kitchen,YES
FTR-03256,PRP-0808,fireplace,yes
FTR-03257,PRP-0808,vaulted_ceilings,Yes
FTR-03258,PRP-0808,stainless_appliances,YES
FTR-03259,PRP-0809,vaulted_ceilings,no
FTR-03260,PRP-0809,master_suite,YES
FTR-03261,PRP-0810,central_ac,1
FTR-03262,PRP-0810,vaulted_ceilings,yes
FTR-03263,PRP-0810,granite_counters,YES
FTR-03264,PRP-0810,fresh_paint,yes
FTR-03265,PRP-0810,stainless_appliances,no
FTR-03266,PRP-0810,open_floor_plan,yes
FTR-03267,PRP-0811,solar_panels,no
FTR-03268,PRP-0811,vaulted_ceilings,1
FTR-03269,PRP-0811,new_roof,1
FTR-03270,PRP-0811,open_floor_plan,yes
FTR-03271,PRP-0811,granite_counters,yes
FTR-03272,PRP-0812,solar_panels,Yes
FTR-03273,PRP-0812,walk_in_closet,YES
FTR-03274,PRP-0812,open_floor_plan,no
FTR-03275,PRP-0812,fireplace,yes
FTR-03276,PRP-0812,new_roof,yes
FTR-03277,PRP-0813,fresh_paint,1
FTR-03278,PRP-0813,granite_counters,yes
FTR-03279,PRP-0813,new_roof,no
FTR-03280,PRP-0813,stainless_appliances,no
FTR-03281,PRP-0813,hardwood_floors,0
FTR-03282,PRP-0814,master_suite,Yes
FTR-03283,PRP-0814,granite_counters,Yes
FTR-03284,PRP-0814,stainless_appliances,1
FTR-03285,PRP-0815,hardwood_floors,Yes
FTR-03286,PRP-0815,granite_counters,1
FTR-03287,PRP-0815,fresh_paint,Yes
FTR-03288,PRP-0815,updated_kitchen,0
FTR-03289,PRP-0815,new_roof,no
FTR-03290,PRP-0816,solar_panels,1
FTR-03291,PRP-0816,granite_counters,YES
FTR-03292,PRP-0816,smart_home,YES
FTR-03293,PRP-0816,hardwood_floors,YES
FTR-03294,PRP-0816,fresh_paint,YES
FTR-03295,PRP-0817,smart_home,1
FTR-03296,PRP-0817,fireplace,0
FTR-03297,PRP-0817,central_ac,0
FTR-03298,PRP-0817,granite_counters,Yes
FTR-03299,PRP-0818,vaulted_ceilings,0
FTR-03300,PRP-0818,granite_counters,1
FTR-03301,PRP-0818,stainless_appliances,no
FTR-03302,PRP-0818,walk_in_closet,YES
FTR-03303,PRP-0818,hardwood_floors,yes
FTR-03304,PRP-0819,smart_home,yes
FTR-03305,PRP-0819,granite_counters,yes
FTR-03306,PRP-0820,fresh_paint,Yes
FTR-03307,PRP-0820,walk_in_closet,Yes
FTR-03308,PRP-0820,updated_kitchen,YES
FTR-03309,PRP-0820,central_ac,no
FTR-03310,PRP-0820,new_roof,1
FTR-03311,PRP-0821,hardwood_floors,0
FTR-03312,PRP-0821,fireplace,no
FTR-03313,PRP-0821,granite_counters,0
FTR-03314,PRP-0821,open_floor_plan,no
FTR-03315,PRP-0822,updated_kitchen,0
FTR-03316,PRP-0822,smart_home,YES
FTR-03317,PRP-0822,fireplace,no
FTR-03318,PRP-0822,central_ac,1
FTR-03319,PRP-0822,new_roof,1
FTR-03320,PRP-0822,walk_in_closet,Yes
FTR-03321,PRP-0823,hardwood_floors,Yes
FTR-03322,PRP-0823,central_ac,1
FTR-03323,PRP-0823,new_roof,0
FTR-03324,PRP-0823,granite_counters,1
FTR-03325,PRP-0824,solar_panels,0
FTR-03326,PRP-0824,smart_home,yes
FTR-03327,PRP-0825,stainless_appliances,no
FTR-03328,PRP-0825,granite_counters,1
FTR-03329,PRP-0825,walk_in_closet,0
FTR-03330,PRP-0825,vaulted_ceilings,no
FTR-03331,PRP-0825,smart_home,no
FTR-03332,PRP-0826,master_suite,0
FTR-03333,PRP-0826,granite_counters,yes
FTR-03334,PRP-0827,new_roof,yes
FTR-03335,PRP-0827,fireplace,Yes
FTR-03336,PRP-0827,solar_panels,YES
FTR-03337,PRP-0827,central_ac,yes
FTR-03338,PRP-0828,stainless_appliances,YES
FTR-03339,PRP-0828,hardwood_floors,0
FTR-03340,PRP-0828,fireplace,YES
FTR-03341,PRP-0829,walk_in_closet,0
FTR-03342,PRP-0829,vaulted_ceilings,Yes
FTR-03343,PRP-0830,walk_in_closet,YES
FTR-03344,PRP-0830,hardwood_floors,YES
FTR-03345,PRP-0830,master_suite,Yes
FTR-03346,PRP-0830,new_roof,Yes
FTR-03347,PRP-0830,fireplace,yes
FTR-03348,PRP-0831,vaulted_ceilings,0
FTR-03349,PRP-0831,fireplace,YES
FTR-03350,PRP-0831,hardwood_floors,no
FTR-03351,PRP-0831,walk_in_closet,no
FTR-03352,PRP-0832,new_roof,no
FTR-03353,PRP-0832,master_suite,yes
FTR-03354,PRP-0832,central_ac,1
FTR-03355,PRP-0832,open_floor_plan,no
FTR-03356,PRP-0832,solar_panels,1
FTR-03357,PRP-0833,central_ac,YES
FTR-03358,PRP-0833,fireplace,yes
FTR-03359,PRP-0834,fresh_paint,no
FTR-03360,PRP-0834,vaulted_ceilings,Yes
FTR-03361,PRP-0834,fireplace,yes
FTR-03362,PRP-0834,stainless_appliances,yes
FTR-03363,PRP-0835,stainless_appliances,1
FTR-03364,PRP-0835,new_roof,1
FTR-03365,PRP-0835,fresh_paint,Yes
FTR-03366,PRP-0835,vaulted_ceilings,Yes
FTR-03367,PRP-0835,open_floor_plan,1
FTR-03368,PRP-0835,master_suite,yes
FTR-03369,PRP-0836,open_floor_plan,yes
FTR-03370,PRP-0836,walk_in_closet,yes
FTR-03371,PRP-0836,new_roof,no
FTR-03372,PRP-0836,stainless_appliances,yes
FTR-03373,PRP-0836,central_ac,Yes
FTR-03374,PRP-0836,smart_home,yes
FTR-03375,PRP-0837,fireplace,no
FTR-03376,PRP-0837,central_ac,Yes
FTR-03377,PRP-0837,solar_panels,Yes
FTR-03378,PRP-0837,fresh_paint,yes
FTR-03379,PRP-0837,stainless_appliances,no
FTR-03380,PRP-0838,updated_kitchen,1
FTR-03381,PRP-0838,stainless_appliances,no
FTR-03382,PRP-0838,central_ac,no
FTR-03383,PRP-0838,walk_in_closet,Yes
FTR-03384,PRP-0839,new_roof,1
FTR-03385,PRP-0839,smart_home,Yes
FTR-03386,PRP-0840,updated_kitchen,yes
FTR-03387,PRP-0840,solar_panels,1
FTR-03388,PRP-0841,open_floor_plan,yes
FTR-03389,PRP-0841,solar_panels,0
FTR-03390,PRP-0841,central_ac,Yes
FTR-03391,PRP-0841,vaulted_ceilings,0
FTR-03392,PRP-0841,walk_in_closet,Yes
FTR-03393,PRP-0842,new_roof,Yes
FTR-03394,PRP-0842,solar_panels,no
FTR-03395,PRP-0842,open_floor_plan,1
FTR-03396,PRP-0843,solar_panels,Yes
FTR-03397,PRP-0843,fireplace,0
FTR-03398,PRP-0843,open_floor_plan,YES
FTR-03399,PRP-0844,new_roof,1
FTR-03400,PRP-0844,smart_home,YES
FTR-03401,PRP-0845,fireplace,Yes
FTR-03402,PRP-0845,central_ac,no
FTR-03403,PRP-0845,smart_home,no
FTR-03404,PRP-0846,walk_in_closet,no
FTR-03405,PRP-0846,new_roof,no
FTR-03406,PRP-0846,smart_home,no
FTR-03407,PRP-0846,vaulted_ceilings,yes
FTR-03408,PRP-0846,fireplace,Yes
FTR-03409,PRP-0846,master_suite,Yes
FTR-03410,PRP-0847,vaulted_ceilings,no
FTR-03411,PRP-0847,hardwood_floors,Yes
FTR-03412,PRP-0847,solar_panels,1
FTR-03413,PRP-0847,granite_counters,yes
FTR-03414,PRP-0847,central_ac,no
FTR-03415,PRP-0847,stainless_appliances,0
FTR-03416,PRP-0848,fresh_paint,1
FTR-03417,PRP-0848,central_ac,YES
FTR-03418,PRP-0848,stainless_appliances,no
FTR-03419,PRP-0848,open_floor_plan,no
FTR-03420,PRP-0848,solar_panels,0
FTR-03421,PRP-0848,granite_counters,YES
FTR-03422,PRP-0849,smart_home,0
FTR-03423,PRP-0849,walk_in_closet,yes
FTR-03424,PRP-0849,fireplace,YES
FTR-03425,PRP-0849,vaulted_ceilings,Yes
FTR-03426,PRP-0850,vaulted_ceilings,no
FTR-03427,PRP-0850,solar_panels,0
FTR-03428,PRP-0850,master_suite,YES
FTR-03429,PRP-0850,hardwood_floors,YES
FTR-03430,PRP-0850,granite_counters,no
FTR-03431,PRP-0851,hardwood_floors,0
FTR-03432,PRP-0851,open_floor_plan,0
FTR-03433,PRP-0851,fireplace,no
FTR-03434,PRP-0852,fireplace,YES
FTR-03435,PRP-0852,open_floor_plan,YES
FTR-03436,PRP-0852,hardwood_floors,yes
FTR-03437,PRP-0853,central_ac,Yes
FTR-03438,PRP-0853,walk_in_closet,0
FTR-03439,PRP-0853,smart_home,Yes
FTR-03440,PRP-0854,open_floor_plan,0
FTR-03441,PRP-0854,stainless_appliances,no
FTR-03442,PRP-0854,walk_in_closet,0
FTR-03443,PRP-0854,updated_kitchen,0
FTR-03444,PRP-0855,smart_home,yes
FTR-03445,PRP-0855,solar_panels,0
FTR-03446,PRP-0855,hardwood_floors,1
FTR-03447,PRP-0855,walk_in_closet,0
FTR-03448,PRP-0855,updated_kitchen,0
FTR-03449,PRP-0856,fireplace,Yes
FTR-03450,PRP-0856,smart_home,YES
FTR-03451,PRP-0857,central_ac,Yes
FTR-03452,PRP-0857,stainless_appliances,Yes
FTR-03453,PRP-0857,updated_kitchen,0
FTR-03454,PRP-0857,hardwood_floors,0
FTR-03455,PRP-0857,vaulted_ceilings,1
FTR-03456,PRP-0857,master_suite,1
FTR-03457,PRP-0858,hardwood_floors,yes
FTR-03458,PRP-0858,fresh_paint,0
FTR-03459,PRP-0858,walk_in_closet,no
FTR-03460,PRP-0859,hardwood_floors,1
FTR-03461,PRP-0859,fireplace,YES
FTR-03462,PRP-0859,updated_kitchen,yes
FTR-03463,PRP-0860,new_roof,no
FTR-03464,PRP-0860,solar_panels,yes
FTR-03465,PRP-0860,granite_counters,1
FTR-03466,PRP-0860,walk_in_closet,yes
FTR-03467,PRP-0860,smart_home,YES
FTR-03468,PRP-0861,vaulted_ceilings,0
FTR-03469,PRP-0861,central_ac,YES
FTR-03470,PRP-0861,open_floor_plan,Yes
FTR-03471,PRP-0861,walk_in_closet,YES
FTR-03472,PRP-0861,stainless_appliances,Yes
FTR-03473,PRP-0861,new_roof,yes
FTR-03474,PRP-0862,central_ac,1
FTR-03475,PRP-0862,master_suite,YES
FTR-03476,PRP-0862,solar_panels,YES
FTR-03477,PRP-0862,hardwood_floors,no
FTR-03478,PRP-0863,fireplace,Yes
FTR-03479,PRP-0863,fresh_paint,1
FTR-03480,PRP-0864,new_roof,YES
FTR-03481,PRP-0864,walk_in_closet,yes
FTR-03482,PRP-0864,smart_home,yes
FTR-03483,PRP-0864,updated_kitchen,no
FTR-03484,PRP-0864,open_floor_plan,1
FTR-03485,PRP-0864,vaulted_ceilings,YES
FTR-03486,PRP-0865,solar_panels,Yes
FTR-03487,PRP-0865,central_ac,Yes
FTR-03488,PRP-0865,granite_counters,Yes
FTR-03489,PRP-0865,fireplace,YES
FTR-03490,PRP-0866,hardwood_floors,no
FTR-03491,PRP-0866,stainless_appliances,yes
FTR-03492,PRP-0866,vaulted_ceilings,YES
FTR-03493,PRP-0866,fresh_paint,Yes
FTR-03494,PRP-0866,walk_in_closet,yes
FTR-03495,PRP-0866,updated_kitchen,0
FTR-03496,PRP-0867,vaulted_ceilings,YES
FTR-03497,PRP-0867,open_floor_plan,1
FTR-03498,PRP-0868,walk_in_closet,1
FTR-03499,PRP-0868,solar_panels,YES
FTR-03500,PRP-0868,smart_home,YES
FTR-03501,PRP-0868,granite_counters,Yes
FTR-03502,PRP-0868,master_suite,0
FTR-03503,PRP-0869,smart_home,0
FTR-03504,PRP-0869,hardwood_floors,yes
FTR-03505,PRP-0870,master_suite,1
FTR-03506,PRP-0870,smart_home,no
FTR-03507,PRP-0870,open_floor_plan,YES
FTR-03508,PRP-0870,new_roof,1
FTR-03509,PRP-0870,updated_kitchen,YES
FTR-03510,PRP-0871,walk_in_closet,YES
FTR-03511,PRP-0871,central_ac,yes
FTR-03512,PRP-0871,new_roof,YES
FTR-03513,PRP-0871,hardwood_floors,1
FTR-03514,PRP-0871,solar_panels,YES
FTR-03515,PRP-0871,master_suite,YES
FTR-03516,PRP-0872,hardwood_floors,no
FTR-03517,PRP-0872,master_suite,Yes
FTR-03518,PRP-0873,central_ac,1
FTR-03519,PRP-0873,fresh_paint,Yes
FTR-03520,PRP-0873,fireplace,1
FTR-03521,PRP-0874,updated_kitchen,0
FTR-03522,PRP-0874,fresh_paint,yes
FTR-03523,PRP-0874,master_suite,yes
FTR-03524,PRP-0874,new_roof,YES
FTR-03525,PRP-0875,master_suite,0
FTR-03526,PRP-0875,updated_kitchen,no
FTR-03527,PRP-0875,hardwood_floors,yes
FTR-03528,PRP-0875,open_floor_plan,1
FTR-03529,PRP-0876,fresh_paint,yes
FTR-03530,PRP-0876,master_suite,yes
FTR-03531,PRP-0877,master_suite,no
FTR-03532,PRP-0877,granite_counters,no
FTR-03533,PRP-0877,solar_panels,Yes
FTR-03534,PRP-0877,fireplace,1
FTR-03535,PRP-0877,vaulted_ceilings,YES
FTR-03536,PRP-0877,stainless_appliances,yes
FTR-03537,PRP-0878,updated_kitchen,YES
FTR-03538,PRP-0878,fresh_paint,0
FTR-03539,PRP-0878,new_roof,no
FTR-03540,PRP-0878,smart_home,Yes
FTR-03541,PRP-0879,smart_home,1
FTR-03542,PRP-0879,central_ac,Yes
FTR-03543,PRP-0879,walk_in_closet,1
FTR-03544,PRP-0879,master_suite,YES
FTR-03545,PRP-0879,solar_panels,yes
FTR-03546,PRP-0879,stainless_appliances,no
FTR-03547,PRP-0880,open_floor_plan,YES
FTR-03548,PRP-0880,updated_kitchen,no
FTR-03549,PRP-0880,master_suite,Yes
FTR-03550,PRP-0880,stainless_appliances,no
FTR-03551,PRP-0880,fireplace,YES
FTR-03552,PRP-0881,new_roof,yes
FTR-03553,PRP-0881,master_suite,1
FTR-03554,PRP-0882,vaulted_ceilings,YES
FTR-03555,PRP-0882,solar_panels,YES
FTR-03556,PRP-0882,fresh_paint,no
FTR-03557,PRP-0883,solar_panels,no
FTR-03558,PRP-0883,smart_home,1
FTR-03559,PRP-0884,granite_counters,Yes
FTR-03560,PRP-0884,walk_in_closet,Yes
FTR-03561,PRP-0885,granite_counters,Yes
FTR-03562,PRP-0885,fresh_paint,yes
FTR-03563,PRP-0886,walk_in_closet,0
FTR-03564,PRP-0886,stainless_appliances,0
FTR-03565,PRP-0887,fresh_paint,0
FTR-03566,PRP-0887,hardwood_floors,yes
FTR-03567,PRP-0887,updated_kitchen,0
FTR-03568,PRP-0887,open_floor_plan,YES
FTR-03569,PRP-0888,vaulted_ceilings,YES
FTR-03570,PRP-0888,fireplace,no
FTR-03571,PRP-0888,master_suite,yes
FTR-03572,PRP-0888,granite_counters,0
FTR-03573,PRP-0889,walk_in_closet,1
FTR-03574,PRP-0889,solar_panels,1
FTR-03575,PRP-0889,hardwood_floors,Yes
FTR-03576,PRP-0890,open_floor_plan,0
FTR-03577,PRP-0890,fresh_paint,no
FTR-03578,PRP-0890,fireplace,0
FTR-03579,PRP-0890,central_ac,YES
FTR-03580,PRP-0891,granite_counters,yes
FTR-03581,PRP-0891,vaulted_ceilings,Yes
FTR-03582,PRP-0891,fresh_paint,Yes
FTR-03583,PRP-0891,open_floor_plan,0
FTR-03584,PRP-0891,hardwood_floors,yes
FTR-03585,PRP-0891,master_suite,YES
FTR-03586,PRP-0892,smart_home,0
FTR-03587,PRP-0892,hardwood_floors,YES
FTR-03588,PRP-0892,fireplace,no
FTR-03589,PRP-0892,master_suite,Yes
FTR-03590,PRP-0893,granite_counters,0
FTR-03591,PRP-0893,master_suite,0
FTR-03592,PRP-0894,granite_counters,yes
FTR-03593,PRP-0894,smart_home,1
FTR-03594,PRP-0895,solar_panels,no
FTR-03595,PRP-0895,walk_in_closet,yes
FTR-03596,PRP-0895,updated_kitchen,no
FTR-03597,PRP-0895,smart_home,0
FTR-03598,PRP-0896,smart_home,0
FTR-03599,PRP-0896,walk_in_closet,1
FTR-03600,PRP-0896,open_floor_plan,0
FTR-03601,PRP-0896,central_ac,Yes
FTR-03602,PRP-0896,granite_counters,no
FTR-03603,PRP-0896,new_roof,YES
FTR-03604,PRP-0897,walk_in_closet,no
FTR-03605,PRP-0897,updated_kitchen,YES
FTR-03606,PRP-0897,stainless_appliances,no
FTR-03607,PRP-0897,open_floor_plan,no
FTR-03608,PRP-0898,smart_home,Yes
FTR-03609,PRP-0898,granite_counters,yes
FTR-03610,PRP-0898,solar_panels,0
FTR-03611,PRP-0898,hardwood_floors,no
FTR-03612,PRP-0898,stainless_appliances,0
FTR-03613,PRP-0899,fireplace,no
FTR-03614,PRP-0899,vaulted_ceilings,1
FTR-03615,PRP-0899,walk_in_closet,0
FTR-03616,PRP-0900,open_floor_plan,1
FTR-03617,PRP-0900,fireplace,yes
FTR-03618,PRP-0900,master_suite,no
FTR-03619,PRP-0901,stainless_appliances,Yes
FTR-03620,PRP-0901,vaulted_ceilings,no
FTR-03621,PRP-0902,open_floor_plan,Yes
FTR-03622,PRP-0902,new_roof,1
FTR-03623,PRP-0903,solar_panels,0
FTR-03624,PRP-0903,walk_in_closet,Yes
FTR-03625,PRP-0903,fireplace,0
FTR-03626,PRP-0903,new_roof,0
FTR-03627,PRP-0903,master_suite,yes
FTR-03628,PRP-0904,stainless_appliances,yes
FTR-03629,PRP-0904,vaulted_ceilings,YES
FTR-03630,PRP-0904,fresh_paint,yes
FTR-03631,PRP-0905,solar_panels,Yes
FTR-03632,PRP-0905,open_floor_plan,no
FTR-03633,PRP-0906,fireplace,no
FTR-03634,PRP-0906,walk_in_closet,1
FTR-03635,PRP-0906,solar_panels,Yes
FTR-03636,PRP-0906,smart_home,1
FTR-03637,PRP-0907,fresh_paint,0
FTR-03638,PRP-0907,granite_counters,yes
FTR-03639,PRP-0907,walk_in_closet,1
FTR-03640,PRP-0907,smart_home,no
FTR-03641,PRP-0907,hardwood_floors,1
FTR-03642,PRP-0907,fireplace,0
FTR-03643,PRP-0908,open_floor_plan,Yes
FTR-03644,PRP-0908,stainless_appliances,no
FTR-03645,PRP-0908,granite_counters,YES
FTR-03646,PRP-0909,solar_panels,0
FTR-03647,PRP-0909,master_suite,YES
FTR-03648,PRP-0909,fresh_paint,Yes
FTR-03649,PRP-0909,central_ac,yes
FTR-03650,PRP-0910,vaulted_ceilings,yes
FTR-03651,PRP-0910,updated_kitchen,1
FTR-03652,PRP-0910,granite_counters,0
FTR-03653,PRP-0910,master_suite,1
FTR-03654,PRP-0910,fresh_paint,0
FTR-03655,PRP-0911,solar_panels,1
FTR-03656,PRP-0911,updated_kitchen,1
FTR-03657,PRP-0911,master_suite,Yes
FTR-03658,PRP-0911,fireplace,Yes
FTR-03659,PRP-0911,granite_counters,no
FTR-03660,PRP-0912,updated_kitchen,Yes
FTR-03661,PRP-0912,master_suite,no
FTR-03662,PRP-0912,new_roof,Yes
FTR-03663,PRP-0912,fresh_paint,no
FTR-03664,PRP-0913,solar_panels,1
FTR-03665,PRP-0913,hardwood_floors,no
FTR-03666,PRP-0913,granite_counters,1
FTR-03667,PRP-0913,central_ac,YES
FTR-03668,PRP-0913,open_floor_plan,1
FTR-03669,PRP-0914,open_floor_plan,1
FTR-03670,PRP-0914,hardwood_floors,Yes
FTR-03671,PRP-0914,vaulted_ceilings,no
FTR-03672,PRP-0914,master_suite,no
FTR-03673,PRP-0914,fresh_paint,yes
FTR-03674,PRP-0915,walk_in_closet,0
FTR-03675,PRP-0915,central_ac,YES
FTR-03676,PRP-0915,vaulted_ceilings,1
FTR-03677,PRP-0915,granite_counters,Yes
FTR-03678,PRP-0915,master_suite,Yes
FTR-03679,PRP-0916,hardwood_floors,no
FTR-03680,PRP-0916,central_ac,no
FTR-03681,PRP-0916,fireplace,yes
FTR-03682,PRP-0916,new_roof,0
FTR-03683,PRP-0916,solar_panels,Yes
FTR-03684,PRP-0917,central_ac,yes
FTR-03685,PRP-0917,fireplace,no
FTR-03686,PRP-0917,granite_counters,no
FTR-03687,PRP-0917,fresh_paint,Yes
FTR-03688,PRP-0918,master_suite,YES
FTR-03689,PRP-0918,vaulted_ceilings,Yes
FTR-03690,PRP-0919,master_suite,0
FTR-03691,PRP-0919,granite_counters,yes
FTR-03692,PRP-0919,updated_kitchen,YES
FTR-03693,PRP-0919,stainless_appliances,0
FTR-03694,PRP-0919,fireplace,0
FTR-03695,PRP-0919,central_ac,1
FTR-03696,PRP-0920,stainless_appliances,1
FTR-03697,PRP-0920,solar_panels,YES
FTR-03698,PRP-0920,walk_in_closet,Yes
FTR-03699,PRP-0921,central_ac,Yes
FTR-03700,PRP-0921,granite_counters,YES
FTR-03701,PRP-0921,new_roof,yes
FTR-03702,PRP-0922,fireplace,no
FTR-03703,PRP-0922,new_roof,1
FTR-03704,PRP-0923,updated_kitchen,yes
FTR-03705,PRP-0923,fireplace,yes
FTR-03706,PRP-0923,open_floor_plan,no
FTR-03707,PRP-0923,walk_in_closet,0
FTR-03708,PRP-0924,central_ac,no
FTR-03709,PRP-0924,master_suite,yes
FTR-03710,PRP-0924,vaulted_ceilings,1
FTR-03711,PRP-0925,central_ac,Yes
FTR-03712,PRP-0925,master_suite,no
FTR-03713,PRP-0925,hardwood_floors,0
FTR-03714,PRP-0925,fireplace,YES
FTR-03715,PRP-0925,stainless_appliances,no
FTR-03716,PRP-0925,granite_counters,0
FTR-03717,PRP-0926,granite_counters,Yes
FTR-03718,PRP-0926,solar_panels,Yes
FTR-03719,PRP-0926,walk_in_closet,YES
FTR-03720,PRP-0926,fresh_paint,0
FTR-03721,PRP-0926,fireplace,yes
FTR-03722,PRP-0926,new_roof,YES
FTR-03723,PRP-0927,stainless_appliances,no
FTR-03724,PRP-0927,fireplace,no
FTR-03725,PRP-0927,granite_counters,yes
FTR-03726,PRP-0927,master_suite,YES
FTR-03727,PRP-0928,solar_panels,no
FTR-03728,PRP-0928,stainless_appliances,no
FTR-03729,PRP-0928,central_ac,0
FTR-03730,PRP-0928,updated_kitchen,yes
FTR-03731,PRP-0928,hardwood_floors,YES
FTR-03732,PRP-0928,fresh_paint,yes
FTR-03733,PRP-0929,updated_kitchen,0
FTR-03734,PRP-0929,master_suite,no
FTR-03735,PRP-0929,stainless_appliances,YES
FTR-03736,PRP-0929,hardwood_floors,no
FTR-03737,PRP-0930,new_roof,YES
FTR-03738,PRP-0930,smart_home,yes
FTR-03739,PRP-0930,fireplace,0
FTR-03740,PRP-0930,hardwood_floors,1
FTR-03741,PRP-0931,granite_counters,yes
FTR-03742,PRP-0931,smart_home,no
FTR-03743,PRP-0931,master_suite,yes
FTR-03744,PRP-0931,new_roof,yes
FTR-03745,PRP-0932,granite_counters,no
FTR-03746,PRP-0932,walk_in_closet,1
FTR-03747,PRP-0932,open_floor_plan,no
FTR-03748,PRP-0933,fireplace,Yes
FTR-03749,PRP-0933,granite_counters,no
FTR-03750,PRP-0934,vaulted_ceilings,no
FTR-03751,PRP-0934,hardwood_floors,no
FTR-03752,PRP-0934,solar_panels,YES
FTR-03753,PRP-0934,updated_kitchen,0
FTR-03754,PRP-0934,open_floor_plan,YES
FTR-03755,PRP-0934,stainless_appliances,1
FTR-03756,PRP-0935,master_suite,no
FTR-03757,PRP-0935,vaulted_ceilings,yes
FTR-03758,PRP-0935,updated_kitchen,0
FTR-03759,PRP-0935,smart_home,1
FTR-03760,PRP-0935,granite_counters,0
FTR-03761,PRP-0936,updated_kitchen,yes
FTR-03762,PRP-0936,new_roof,YES
FTR-03763,PRP-0936,central_ac,yes
FTR-03764,PRP-0937,walk_in_closet,yes
FTR-03765,PRP-0937,master_suite,YES
FTR-03766,PRP-0937,solar_panels,yes
FTR-03767,PRP-0938,smart_home,Yes
FTR-03768,PRP-0938,vaulted_ceilings,yes
FTR-03769,PRP-0938,updated_kitchen,YES
FTR-03770,PRP-0938,granite_counters,YES
FTR-03771,PRP-0938,open_floor_plan,yes
FTR-03772,PRP-0938,fireplace,yes
FTR-03773,PRP-0939,new_roof,0
FTR-03774,PRP-0939,hardwood_floors,0
FTR-03775,PRP-0939,open_floor_plan,no
FTR-03776,PRP-0939,master_suite,1
FTR-03777,PRP-0940,fresh_paint,1
FTR-03778,PRP-0940,stainless_appliances,yes
FTR-03779,PRP-0940,solar_panels,Yes
FTR-03780,PRP-0940,fireplace,yes
FTR-03781,PRP-0941,stainless_appliances,YES
FTR-03782,PRP-0941,fresh_paint,yes
FTR-03783,PRP-0941,new_roof,Yes
FTR-03784,PRP-0942,open_floor_plan,yes
FTR-03785,PRP-0942,vaulted_ceilings,YES
FTR-03786,PRP-0942,smart_home,1
FTR-03787,PRP-0943,updated_kitchen,yes
FTR-03788,PRP-0943,hardwood_floors,yes
FTR-03789,PRP-0943,vaulted_ceilings,1
FTR-03790,PRP-0943,stainless_appliances,no
FTR-03791,PRP-0943,fresh_paint,1
FTR-03792,PRP-0943,granite_counters,YES
FTR-03793,PRP-0944,solar_panels,Yes
FTR-03794,PRP-0944,granite_counters,0
FTR-03795,PRP-0944,stainless_appliances,YES
FTR-03796,PRP-0944,smart_home,no
FTR-03797,PRP-0944,walk_in_closet,Yes
FTR-03798,PRP-0944,fireplace,1
FTR-03799,PRP-0945,stainless_appliances,no
FTR-03800,PRP-0945,smart_home,0
FTR-03801,PRP-0945,updated_kitchen,no
FTR-03802,PRP-0945,new_roof,YES
FTR-03803,PRP-0945,granite_counters,1
FTR-03804,PRP-0946,vaulted_ceilings,1
FTR-03805,PRP-0946,stainless_appliances,1
FTR-03806,PRP-0946,smart_home,1
FTR-03807,PRP-0946,central_ac,YES
FTR-03808,PRP-0946,walk_in_closet,Yes
FTR-03809,PRP-0946,fireplace,YES
FTR-03810,PRP-0947,new_roof,0
FTR-03811,PRP-0947,master_suite,1
FTR-03812,PRP-0948,smart_home,1
FTR-03813,PRP-0948,central_ac,0
FTR-03814,PRP-0948,master_suite,no
FTR-03815,PRP-0948,fireplace,no
FTR-03816,PRP-0949,open_floor_plan,1
FTR-03817,PRP-0949,fireplace,Yes
FTR-03818,PRP-0949,hardwood_floors,no
FTR-03819,PRP-0949,granite_counters,Yes
FTR-03820,PRP-0949,central_ac,no
FTR-03821,PRP-0950,central_ac,yes
FTR-03822,PRP-0950,solar_panels,Yes
FTR-03823,PRP-0950,fresh_paint,1
FTR-03824,PRP-0951,hardwood_floors,yes
FTR-03825,PRP-0951,central_ac,0
FTR-03826,PRP-0951,new_roof,no
FTR-03827,PRP-0951,stainless_appliances,no
FTR-03828,PRP-0951,smart_home,1
FTR-03829,PRP-0951,updated_kitchen,YES
FTR-03830,PRP-0952,updated_kitchen,0
FTR-03831,PRP-0952,walk_in_closet,0
FTR-03832,PRP-0952,granite_counters,no
FTR-03833,PRP-0952,stainless_appliances,Yes
FTR-03834,PRP-0952,hardwood_floors,YES
FTR-03835,PRP-0952,master_suite,no
FTR-03836,PRP-0953,master_suite,yes
FTR-03837,PRP-0953,updated_kitchen,0
FTR-03838,PRP-0953,granite_counters,YES
FTR-03839,PRP-0953,stainless_appliances,0
FTR-03840,PRP-0954,hardwood_floors,1
FTR-03841,PRP-0954,smart_home,0
FTR-03842,PRP-0954,vaulted_ceilings,YES
FTR-03843,PRP-0954,central_ac,1
FTR-03844,PRP-0954,open_floor_plan,0
FTR-03845,PRP-0954,updated_kitchen,yes
FTR-03846,PRP-0955,fresh_paint,1
FTR-03847,PRP-0955,new_roof,YES
FTR-03848,PRP-0955,solar_panels,yes
FTR-03849,PRP-0955,open_floor_plan,yes
FTR-03850,PRP-0955,stainless_appliances,0
FTR-03851,PRP-0956,fireplace,YES
FTR-03852,PRP-0956,stainless_appliances,no
FTR-03853,PRP-0956,walk_in_closet,yes
FTR-03854,PRP-0956,smart_home,Yes
FTR-03855,PRP-0956,new_roof,1
FTR-03856,PRP-0957,fireplace,Yes
FTR-03857,PRP-0957,granite_counters,no
FTR-03858,PRP-0957,fresh_paint,Yes
FTR-03859,PRP-0958,smart_home,0
FTR-03860,PRP-0958,master_suite,1
FTR-03861,PRP-0959,fresh_paint,no
FTR-03862,PRP-0959,central_ac,YES
FTR-03863,PRP-0959,walk_in_closet,no
FTR-03864,PRP-0959,fireplace,no
FTR-03865,PRP-0959,solar_panels,no
FTR-03866,PRP-0960,smart_home,0
FTR-03867,PRP-0960,fresh_paint,no
FTR-03868,PRP-0961,updated_kitchen,no
FTR-03869,PRP-0961,open_floor_plan,0
FTR-03870,PRP-0961,solar_panels,Yes
FTR-03871,PRP-0962,fireplace,no
FTR-03872,PRP-0962,hardwood_floors,no
FTR-03873,PRP-0962,smart_home,1
FTR-03874,PRP-0962,updated_kitchen,no
FTR-03875,PRP-0962,central_ac,yes
FTR-03876,PRP-0963,walk_in_closet,0
FTR-03877,PRP-0963,vaulted_ceilings,yes
FTR-03878,PRP-0964,central_ac,yes
FTR-03879,PRP-0964,walk_in_closet,0
FTR-03880,PRP-0964,new_roof,1
FTR-03881,PRP-0964,stainless_appliances,YES
FTR-03882,PRP-0964,hardwood_floors,yes
FTR-03883,PRP-0965,new_roof,Yes
FTR-03884,PRP-0965,stainless_appliances,Yes
FTR-03885,PRP-0965,granite_counters,0
FTR-03886,PRP-0966,walk_in_closet,1
FTR-03887,PRP-0966,master_suite,0
FTR-03888,PRP-0966,open_floor_plan,YES
FTR-03889,PRP-0966,smart_home,1
FTR-03890,PRP-0966,new_roof,yes
FTR-03891,PRP-0967,walk_in_closet,yes
FTR-03892,PRP-0967,stainless_appliances,Yes
FTR-03893,PRP-0967,open_floor_plan,no
FTR-03894,PRP-0967,central_ac,1
FTR-03895,PRP-0967,fresh_paint,0
FTR-03896,PRP-0968,master_suite,no
FTR-03897,PRP-0968,granite_counters,yes
FTR-03898,PRP-0969,walk_in_closet,Yes
FTR-03899,PRP-0969,vaulted_ceilings,Yes
FTR-03900,PRP-0969,fireplace,0
FTR-03901,PRP-0969,fresh_paint,Yes
FTR-03902,PRP-0970,new_roof,1
FTR-03903,PRP-0970,central_ac,yes
FTR-03904,PRP-0970,stainless_appliances,Yes
FTR-03905,PRP-0970,hardwood_floors,yes
FTR-03906,PRP-0970,vaulted_ceilings,0
FTR-03907,PRP-0971,hardwood_floors,Yes
FTR-03908,PRP-0971,master_suite,no
FTR-03909,PRP-0971,walk_in_closet,1
FTR-03910,PRP-0971,solar_panels,Yes
FTR-03911,PRP-0971,smart_home,no
FTR-03912,PRP-0971,fresh_paint,no
FTR-03913,PRP-0972,walk_in_closet,1
FTR-03914,PRP-0972,solar_panels,1
FTR-03915,PRP-0973,updated_kitchen,1
FTR-03916,PRP-0973,new_roof,Yes
FTR-03917,PRP-0973,stainless_appliances,1
FTR-03918,PRP-0973,fresh_paint,YES
FTR-03919,PRP-0973,master_suite,no
FTR-03920,PRP-0973,open_floor_plan,1
FTR-03921,PRP-0974,fireplace,yes
FTR-03922,PRP-0974,vaulted_ceilings,yes
FTR-03923,PRP-0974,granite_counters,YES
FTR-03924,PRP-0974,open_floor_plan,1
FTR-03925,PRP-0974,hardwood_floors,Yes
FTR-03926,PRP-0975,hardwood_floors,Yes
FTR-03927,PRP-0975,smart_home,Yes
FTR-03928,PRP-0975,new_roof,1
FTR-03929,PRP-0975,solar_panels,1
FTR-03930,PRP-0976,walk_in_closet,1
FTR-03931,PRP-0976,central_ac,0
FTR-03932,PRP-0977,fireplace,Yes
FTR-03933,PRP-0977,open_floor_plan,YES
FTR-03934,PRP-0977,granite_counters,no
FTR-03935,PRP-0977,smart_home,yes
FTR-03936,PRP-0978,vaulted_ceilings,no
FTR-03937,PRP-0978,solar_panels,0
FTR-03938,PRP-0978,smart_home,YES
FTR-03939,PRP-0978,master_suite,0
FTR-03940,PRP-0978,hardwood_floors,YES
FTR-03941,PRP-0979,new_roof,1
FTR-03942,PRP-0979,fireplace,1
FTR-03943,PRP-0979,walk_in_closet,Yes
FTR-03944,PRP-0979,master_suite,no
FTR-03945,PRP-0979,updated_kitchen,1
FTR-03946,PRP-0980,walk_in_closet,no
FTR-03947,PRP-0980,updated_kitchen,Yes
FTR-03948,PRP-0981,stainless_appliances,0
FTR-03949,PRP-0981,fireplace,1
FTR-03950,PRP-0981,walk_in_closet,1
FTR-03951,PRP-0982,central_ac,1
FTR-03952,PRP-0982,fireplace,yes
FTR-03953,PRP-0982,solar_panels,Yes
FTR-03954,PRP-0983,open_floor_plan,1
FTR-03955,PRP-0983,new_roof,1
FTR-03956,PRP-0984,hardwood_floors,1
FTR-03957,PRP-0984,vaulted_ceilings,1
FTR-03958,PRP-0984,stainless_appliances,yes
FTR-03959,PRP-0984,smart_home,YES
FTR-03960,PRP-0985,fireplace,yes
FTR-03961,PRP-0985,walk_in_closet,0
FTR-03962,PRP-0985,solar_panels,YES
FTR-03963,PRP-0985,stainless_appliances,0
FTR-03964,PRP-0985,fresh_paint,no
FTR-03965,PRP-0986,updated_kitchen,Yes
FTR-03966,PRP-0986,walk_in_closet,no
FTR-03967,PRP-0986,solar_panels,1
FTR-03968,PRP-0986,fireplace,yes
FTR-03969,PRP-0986,central_ac,0
FTR-03970,PRP-0987,vaulted_ceilings,1
FTR-03971,PRP-0987,solar_panels,yes
FTR-03972,PRP-0987,open_floor_plan,Yes
FTR-03973,PRP-0987,fireplace,yes
FTR-03974,PRP-0988,hardwood_floors,0
FTR-03975,PRP-0988,smart_home,no
FTR-03976,PRP-0988,granite_counters,YES
FTR-03977,PRP-0989,fresh_paint,1
FTR-03978,PRP-0989,stainless_appliances,no
FTR-03979,PRP-0990,smart_home,YES
FTR-03980,PRP-0990,hardwood_floors,no
FTR-03981,PRP-0990,open_floor_plan,0
FTR-03982,PRP-0990,fresh_paint,YES
FTR-03983,PRP-0990,stainless_appliances,no
FTR-03984,PRP-0991,new_roof,1
FTR-03985,PRP-0991,smart_home,Yes
FTR-03986,PRP-0991,updated_kitchen,Yes
FTR-03987,PRP-0991,walk_in_closet,0
FTR-03988,PRP-0991,solar_panels,yes
FTR-03989,PRP-0992,updated_kitchen,1
FTR-03990,PRP-0992,central_ac,1
FTR-03991,PRP-0992,stainless_appliances,Yes
FTR-03992,PRP-0992,walk_in_closet,1
FTR-03993,PRP-0993,open_floor_plan,no
FTR-03994,PRP-0993,fresh_paint,no
FTR-03995,PRP-0993,granite_counters,1
FTR-03996,PRP-0993,smart_home,1
FTR-03997,PRP-0994,open_floor_plan,Yes
FTR-03998,PRP-0994,solar_panels,0
FTR-03999,PRP-0994,new_roof,yes
FTR-04000,PRP-0995,central_ac,0
FTR-04001,PRP-0995,master_suite,1
FTR-04002,PRP-0995,fresh_paint,Yes
FTR-04003,PRP-0996,fireplace,0
FTR-04004,PRP-0996,fresh_paint,yes
FTR-04005,PRP-0997,central_ac,yes
FTR-04006,PRP-0997,open_floor_plan,no
FTR-04007,PRP-0997,solar_panels,1
FTR-04008,PRP-0997,updated_kitchen,no
FTR-04009,PRP-0997,vaulted_ceilings,1
FTR-04010,PRP-0998,fresh_paint,yes
FTR-04011,PRP-0998,solar_panels,no
FTR-04012,PRP-0998,central_ac,no
FTR-04013,PRP-0998,fireplace,no
FTR-04014,PRP-0998,vaulted_ceilings,YES
FTR-04015,PRP-0999,smart_home,yes
FTR-04016,PRP-0999,stainless_appliances,no
FTR-04017,PRP-0999,open_floor_plan,0
FTR-04018,PRP-1000,central_ac,yes
FTR-04019,PRP-1000,walk_in_closet,0
FTR-04020,PRP-1001,open_floor_plan,no
FTR-04021,PRP-1001,fresh_paint,YES
FTR-04022,PRP-1001,central_ac,YES
FTR-04023,PRP-1001,hardwood_floors,yes
FTR-04024,PRP-1002,vaulted_ceilings,1
FTR-04025,PRP-1002,smart_home,yes
FTR-04026,PRP-1002,hardwood_floors,YES
FTR-04027,PRP-1002,stainless_appliances,1
FTR-04028,PRP-1002,open_floor_plan,yes
FTR-04029,PRP-1003,fresh_paint,YES
FTR-04030,PRP-1003,new_roof,yes
FTR-04031,PRP-1003,granite_counters,Yes
FTR-04032,PRP-1004,hardwood_floors,YES
FTR-04033,PRP-1004,granite_counters,Yes
FTR-04034,PRP-1004,solar_panels,yes
FTR-04035,PRP-1004,new_roof,yes
FTR-04036,PRP-1004,smart_home,no
FTR-04037,PRP-1004,stainless_appliances,1
FTR-04038,PRP-1005,vaulted_ceilings,Yes
FTR-04039,PRP-1005,granite_counters,no
FTR-04040,PRP-1005,walk_in_closet,Yes
FTR-04041,PRP-1005,fireplace,YES
FTR-04042,PRP-1005,solar_panels,yes
FTR-04043,PRP-1005,updated_kitchen,0
FTR-04044,PRP-1006,updated_kitchen,0
FTR-04045,PRP-1006,walk_in_closet,yes
FTR-04046,PRP-1007,smart_home,1
FTR-04047,PRP-1007,walk_in_closet,no
FTR-04048,PRP-1007,fresh_paint,YES
FTR-04049,PRP-1008,fireplace,no
FTR-04050,PRP-1008,solar_panels,yes
FTR-04051,PRP-1008,granite_counters,no
FTR-04052,PRP-1008,vaulted_ceilings,YES
FTR-04053,PRP-1009,solar_panels,YES
FTR-04054,PRP-1009,fresh_paint,yes
FTR-04055,PRP-1009,updated_kitchen,Yes
FTR-04056,PRP-1009,central_ac,yes
FTR-04057,PRP-1009,granite_counters,YES
FTR-04058,PRP-1009,walk_in_closet,1
FTR-04059,PRP-1010,open_floor_plan,yes
FTR-04060,PRP-1010,master_suite,yes
FTR-04061,PRP-1010,central_ac,no
FTR-04062,PRP-1011,walk_in_closet,no
FTR-04063,PRP-1011,granite_counters,Yes
FTR-04064,PRP-1011,central_ac,1
FTR-04065,PRP-1012,central_ac,Yes
FTR-04066,PRP-1012,open_floor_plan,1
FTR-04067,PRP-1012,stainless_appliances,no
FTR-04068,PRP-1012,master_suite,YES
FTR-04069,PRP-1013,new_roof,yes
FTR-04070,PRP-1013,updated_kitchen,1
FTR-04071,PRP-1013,granite_counters,Yes
FTR-04072,PRP-1013,open_floor_plan,0
FTR-04073,PRP-1013,fresh_paint,Yes
FTR-04074,PRP-1014,hardwood_floors,YES
FTR-04075,PRP-1014,master_suite,YES
FTR-04076,PRP-1014,smart_home,Yes
FTR-04077,PRP-1014,fresh_paint,Yes
FTR-04078,PRP-1014,granite_counters,0
FTR-04079,PRP-1015,master_suite,1
FTR-04080,PRP-1015,granite_counters,no
FTR-04081,PRP-1015,central_ac,no
FTR-04082,PRP-1015,fresh_paint,yes
FTR-04083,PRP-1015,new_roof,YES
FTR-04084,PRP-1015,walk_in_closet,Yes
FTR-04085,PRP-1016,fireplace,yes
FTR-04086,PRP-1016,master_suite,yes
FTR-04087,PRP-1016,central_ac,YES
FTR-04088,PRP-1016,hardwood_floors,1
FTR-04089,PRP-1016,stainless_appliances,yes
FTR-04090,PRP-1016,vaulted_ceilings,Yes
FTR-04091,PRP-1017,open_floor_plan,0
FTR-04092,PRP-1017,master_suite,Yes
FTR-04093,PRP-1017,updated_kitchen,0
FTR-04094,PRP-1017,fireplace,YES
FTR-04095,PRP-1017,smart_home,1
FTR-04096,PRP-1018,walk_in_closet,0
FTR-04097,PRP-1018,master_suite,0
FTR-04098,PRP-1019,updated_kitchen,Yes
FTR-04099,PRP-1019,walk_in_closet,no
FTR-04100,PRP-1019,fresh_paint,yes
FTR-04101,PRP-1019,master_suite,Yes
FTR-04102,PRP-1019,granite_counters,no
FTR-04103,PRP-1020,fireplace,no
FTR-04104,PRP-1020,updated_kitchen,0
FTR-04105,PRP-1020,central_ac,1
FTR-04106,PRP-1020,fresh_paint,0
FTR-04107,PRP-1020,stainless_appliances,no
FTR-04108,PRP-1020,walk_in_closet,0
FTR-04109,PRP-1021,granite_counters,1
FTR-04110,PRP-1021,new_roof,Yes
FTR-04111,PRP-1021,master_suite,yes
FTR-04112,PRP-1021,fireplace,no
FTR-04113,PRP-1021,smart_home,YES
FTR-04114,PRP-1021,open_floor_plan,YES
FTR-04115,PRP-1022,smart_home,1
FTR-04116,PRP-1022,hardwood_floors,0
FTR-04117,PRP-1022,fresh_paint,YES
FTR-04118,PRP-1023,vaulted_ceilings,no
FTR-04119,PRP-1023,new_roof,YES
FTR-04120,PRP-1023,master_suite,Yes
FTR-04121,PRP-1023,open_floor_plan,yes
FTR-04122,PRP-1023,updated_kitchen,0
FTR-04123,PRP-1023,solar_panels,no
FTR-04124,PRP-1024,fresh_paint,Yes
FTR-04125,PRP-1024,walk_in_closet,0
FTR-04126,PRP-1024,stainless_appliances,yes
FTR-04127,PRP-1024,solar_panels,0
FTR-04128,PRP-1025,vaulted_ceilings,0
FTR-04129,PRP-1025,updated_kitchen,Yes
FTR-04130,PRP-1026,stainless_appliances,Yes
FTR-04131,PRP-1026,master_suite,YES
FTR-04132,PRP-1026,open_floor_plan,YES
FTR-04133,PRP-1027,solar_panels,YES
FTR-04134,PRP-1027,fresh_paint,YES
FTR-04135,PRP-1027,updated_kitchen,yes
FTR-04136,PRP-1027,open_floor_plan,YES
FTR-04137,PRP-1027,walk_in_closet,YES
FTR-04138,PRP-1027,granite_counters,no
FTR-04139,PRP-1028,fireplace,1
FTR-04140,PRP-1028,vaulted_ceilings,YES
FTR-04141,PRP-1028,central_ac,0
FTR-04142,PRP-1028,updated_kitchen,0
FTR-04143,PRP-1028,fresh_paint,1
FTR-04144,PRP-1028,solar_panels,0
FTR-04145,PRP-1029,central_ac,0
FTR-04146,PRP-1029,granite_counters,no
FTR-04147,PRP-1029,smart_home,no
FTR-04148,PRP-1029,vaulted_ceilings,yes
FTR-04149,PRP-1029,open_floor_plan,1
FTR-04150,PRP-1030,updated_kitchen,0
FTR-04151,PRP-1030,open_floor_plan,YES
FTR-04152,PRP-1030,stainless_appliances,YES
FTR-04153,PRP-1031,stainless_appliances,YES
FTR-04154,PRP-1031,vaulted_ceilings,no
FTR-04155,PRP-1031,central_ac,no
FTR-04156,PRP-1031,new_roof,no
FTR-04157,PRP-1031,fireplace,no
FTR-04158,PRP-1032,vaulted_ceilings,yes
FTR-04159,PRP-1032,smart_home,YES
FTR-04160,PRP-1032,new_roof,Yes
FTR-04161,PRP-1033,solar_panels,1
FTR-04162,PRP-1033,granite_counters,Yes
FTR-04163,PRP-1033,vaulted_ceilings,Yes
FTR-04164,PRP-1033,fresh_paint,YES
FTR-04165,PRP-1033,open_floor_plan,YES
FTR-04166,PRP-1034,vaulted_ceilings,0
FTR-04167,PRP-1034,master_suite,1
FTR-04168,PRP-1034,central_ac,YES
FTR-04169,PRP-1034,fireplace,yes
FTR-04170,PRP-1035,hardwood_floors,yes
FTR-04171,PRP-1035,granite_counters,1
FTR-04172,PRP-1035,fireplace,0
FTR-04173,PRP-1035,smart_home,1
FTR-04174,PRP-1035,stainless_appliances,no
FTR-04175,PRP-1035,open_floor_plan,0
FTR-04176,PRP-1036,smart_home,Yes
FTR-04177,PRP-1036,stainless_appliances,Yes
FTR-04178,PRP-1037,hardwood_floors,1
FTR-04179,PRP-1037,master_suite,YES
FTR-04180,PRP-1038,central_ac,YES
FTR-04181,PRP-1038,new_roof,0
FTR-04182,PRP-1038,fresh_paint,yes
FTR-04183,PRP-1038,hardwood_floors,YES
FTR-04184,PRP-1038,solar_panels,no
FTR-04185,PRP-1038,updated_kitchen,no
FTR-04186,PRP-1039,central_ac,yes
FTR-04187,PRP-1039,new_roof,0
FTR-04188,PRP-1039,hardwood_floors,no
FTR-04189,PRP-1040,granite_counters,no
FTR-04190,PRP-1040,fireplace,Yes
FTR-04191,PRP-1040,open_floor_plan,no
FTR-04192,PRP-1040,smart_home,no
FTR-04193,PRP-1040,walk_in_closet,1
FTR-04194,PRP-1041,hardwood_floors,Yes
FTR-04195,PRP-1041,fresh_paint,YES
FTR-04196,PRP-1041,fireplace,yes
FTR-04197,PRP-1041,new_roof,yes
FTR-04198,PRP-1042,vaulted_ceilings,Yes
FTR-04199,PRP-1042,walk_in_closet,yes
FTR-04200,PRP-1043,fireplace,1
FTR-04201,PRP-1043,hardwood_floors,0
FTR-04202,PRP-1043,central_ac,1
FTR-04203,PRP-1043,stainless_appliances,0
FTR-04204,PRP-1043,solar_panels,YES
FTR-04205,PRP-1044,solar_panels,1
FTR-04206,PRP-1044,updated_kitchen,no
FTR-04207,PRP-1044,hardwood_floors,YES
FTR-04208,PRP-1044,smart_home,YES
FTR-04209,PRP-1045,vaulted_ceilings,Yes
FTR-04210,PRP-1045,fresh_paint,yes
FTR-04211,PRP-1045,granite_counters,YES
FTR-04212,PRP-1045,fireplace,0
FTR-04213,PRP-1046,walk_in_closet,Yes
FTR-04214,PRP-1046,fireplace,YES
FTR-04215,PRP-1046,central_ac,Yes
FTR-04216,PRP-1046,updated_kitchen,yes
FTR-04217,PRP-1046,solar_panels,YES
FTR-04218,PRP-1047,master_suite,no
FTR-04219,PRP-1047,walk_in_closet,no
FTR-04220,PRP-1048,granite_counters,1
FTR-04221,PRP-1048,master_suite,yes
FTR-04222,PRP-1048,fresh_paint,0
FTR-04223,PRP-1048,new_roof,0
FTR-04224,PRP-1049,smart_home,yes
FTR-04225,PRP-1049,open_floor_plan,0
FTR-04226,PRP-1050,vaulted_ceilings,Yes
FTR-04227,PRP-1050,updated_kitchen,yes
FTR-04228,PRP-1050,smart_home,yes
FTR-04229,PRP-1050,hardwood_floors,Yes
FTR-04230,PRP-1051,master_suite,YES
FTR-04231,PRP-1051,granite_counters,YES
FTR-04232,PRP-1051,solar_panels,1
FTR-04233,PRP-1051,open_floor_plan,no
FTR-04234,PRP-1052,hardwood_floors,0
FTR-04235,PRP-1052,solar_panels,yes
FTR-04236,PRP-1052,updated_kitchen,yes
FTR-04237,PRP-1052,central_ac,YES
FTR-04238,PRP-1053,solar_panels,0
FTR-04239,PRP-1053,fireplace,0
FTR-04240,PRP-1053,fresh_paint,1
FTR-04241,PRP-1053,vaulted_ceilings,no
FTR-04242,PRP-1054,fresh_paint,YES
FTR-04243,PRP-1054,open_floor_plan,1
FTR-04244,PRP-1054,updated_kitchen,no
FTR-04245,PRP-1055,fireplace,1
FTR-04246,PRP-1055,updated_kitchen,yes
FTR-04247,PRP-1056,open_floor_plan,YES
FTR-04248,PRP-1056,fireplace,no
FTR-04249,PRP-1056,smart_home,1
FTR-04250,PRP-1056,vaulted_ceilings,yes
FTR-04251,PRP-1056,fresh_paint,yes
FTR-04252,PRP-1057,master_suite,0
FTR-04253,PRP-1057,updated_kitchen,Yes
FTR-04254,PRP-1057,new_roof,no
FTR-04255,PRP-1057,fresh_paint,1
FTR-04256,PRP-1057,solar_panels,no
FTR-04257,PRP-1058,smart_home,no
FTR-04258,PRP-1058,open_floor_plan,1
FTR-04259,PRP-1058,fireplace,yes
FTR-04260,PRP-1059,vaulted_ceilings,0
FTR-04261,PRP-1059,fresh_paint,1
FTR-04262,PRP-1059,updated_kitchen,0
FTR-04263,PRP-1059,solar_panels,1
FTR-04264,PRP-1059,new_roof,YES
FTR-04265,PRP-1060,walk_in_closet,YES
FTR-04266,PRP-1060,stainless_appliances,YES
FTR-04267,PRP-1061,updated_kitchen,1
FTR-04268,PRP-1061,central_ac,0
FTR-04269,PRP-1061,new_roof,YES
FTR-04270,PRP-1061,vaulted_ceilings,YES
FTR-04271,PRP-1061,walk_in_closet,1
FTR-04272,PRP-1061,master_suite,yes
FTR-04273,PRP-1062,open_floor_plan,Yes
FTR-04274,PRP-1062,stainless_appliances,no
FTR-04275,PRP-1062,walk_in_closet,Yes
FTR-04276,PRP-1062,fresh_paint,0
FTR-04277,PRP-1063,walk_in_closet,no
FTR-04278,PRP-1063,new_roof,0
FTR-04279,PRP-1063,smart_home,1
FTR-04280,PRP-1063,fresh_paint,Yes
FTR-04281,PRP-1064,updated_kitchen,YES
FTR-04282,PRP-1064,new_roof,YES
FTR-04283,PRP-1064,solar_panels,Yes
FTR-04284,PRP-1065,walk_in_closet,1
FTR-04285,PRP-1065,solar_panels,no
FTR-04286,PRP-1065,stainless_appliances,Yes
FTR-04287,PRP-1065,master_suite,yes
FTR-04288,PRP-1065,hardwood_floors,Yes
FTR-04289,PRP-1066,fresh_paint,YES
FTR-04290,PRP-1066,walk_in_closet,YES
FTR-04291,PRP-1066,solar_panels,yes
FTR-04292,PRP-1066,updated_kitchen,Yes
FTR-04293,PRP-1066,smart_home,Yes
FTR-04294,PRP-1066,new_roof,0
FTR-04295,PRP-1067,central_ac,no
FTR-04296,PRP-1067,fresh_paint,1
FTR-04297,PRP-1067,solar_panels,yes
FTR-04298,PRP-1068,smart_home,0
FTR-04299,PRP-1068,walk_in_closet,yes
FTR-04300,PRP-1068,hardwood_floors,YES
FTR-04301,PRP-1068,central_ac,no
FTR-04302,PRP-1069,solar_panels,Yes
FTR-04303,PRP-1069,open_floor_plan,no
FTR-04304,PRP-1069,walk_in_closet,1
FTR-04305,PRP-1069,master_suite,yes
FTR-04306,PRP-1069,central_ac,Yes
FTR-04307,PRP-1070,vaulted_ceilings,0
FTR-04308,PRP-1070,solar_panels,0
FTR-04309,PRP-1070,smart_home,Yes
FTR-04310,PRP-1070,walk_in_closet,no
FTR-04311,PRP-1070,open_floor_plan,1
FTR-04312,PRP-1071,stainless_appliances,YES
FTR-04313,PRP-1071,master_suite,no
FTR-04314,PRP-1071,smart_home,YES
FTR-04315,PRP-1071,fireplace,1
FTR-04316,PRP-1072,granite_counters,no
FTR-04317,PRP-1072,smart_home,1
FTR-04318,PRP-1072,new_roof,yes
FTR-04319,PRP-1072,vaulted_ceilings,Yes
FTR-04320,PRP-1072,stainless_appliances,yes
FTR-04321,PRP-1073,open_floor_plan,yes
FTR-04322,PRP-1073,new_roof,Yes
FTR-04323,PRP-1073,fresh_paint,no
FTR-04324,PRP-1073,updated_kitchen,Yes
FTR-04325,PRP-1073,vaulted_ceilings,1
FTR-04326,PRP-1073,walk_in_closet,0
FTR-04327,PRP-1074,fresh_paint,0
FTR-04328,PRP-1074,open_floor_plan,1
FTR-04329,PRP-1074,updated_kitchen,0
FTR-04330,PRP-1074,new_roof,YES
FTR-04331,PRP-1075,updated_kitchen,0
FTR-04332,PRP-1075,walk_in_closet,no
FTR-04333,PRP-1075,granite_counters,0
FTR-04334,PRP-1075,fresh_paint,Yes
FTR-04335,PRP-1075,smart_home,1
FTR-04336,PRP-1075,hardwood_floors,no
FTR-04337,PRP-1076,open_floor_plan,1
FTR-04338,PRP-1076,fresh_paint,1
FTR-04339,PRP-1076,walk_in_closet,Yes
FTR-04340,PRP-1076,fireplace,YES
FTR-04341,PRP-1076,updated_kitchen,1
FTR-04342,PRP-1077,updated_kitchen,0
FTR-04343,PRP-1077,new_roof,no
FTR-04344,PRP-1077,granite_counters,Yes
FTR-04345,PRP-1077,smart_home,Yes
FTR-04346,PRP-1078,new_roof,no
FTR-04347,PRP-1078,master_suite,YES
FTR-04348,PRP-1078,fresh_paint,0
FTR-04349,PRP-1078,stainless_appliances,YES
FTR-04350,PRP-1078,smart_home,1
FTR-04351,PRP-1079,updated_kitchen,yes
FTR-04352,PRP-1079,fireplace,no
FTR-04353,PRP-1079,solar_panels,yes
FTR-04354,PRP-1080,updated_kitchen,Yes
FTR-04355,PRP-1080,master_suite,no
FTR-04356,PRP-1080,stainless_appliances,Yes
FTR-04357,PRP-1080,hardwood_floors,1
FTR-04358,PRP-1081,fresh_paint,YES
FTR-04359,PRP-1081,smart_home,1
FTR-04360,PRP-1081,central_ac,Yes
FTR-04361,PRP-1082,master_suite,0
FTR-04362,PRP-1082,smart_home,yes
FTR-04363,PRP-1082,hardwood_floors,0
FTR-04364,PRP-1082,fresh_paint,no
FTR-04365,PRP-1082,new_roof,no
FTR-04366,PRP-1082,fireplace,0
FTR-04367,PRP-1083,smart_home,1
FTR-04368,PRP-1083,fireplace,1
FTR-04369,PRP-1083,vaulted_ceilings,no
FTR-04370,PRP-1084,fresh_paint,0
FTR-04371,PRP-1084,open_floor_plan,Yes
FTR-04372,PRP-1085,fireplace,Yes
FTR-04373,PRP-1085,fresh_paint,no
FTR-04374,PRP-1085,vaulted_ceilings,1
FTR-04375,PRP-1085,stainless_appliances,no
FTR-04376,PRP-1086,granite_counters,0
FTR-04377,PRP-1086,new_roof,YES
FTR-04378,PRP-1086,fireplace,0
FTR-04379,PRP-1086,master_suite,Yes
FTR-04380,PRP-1087,new_roof,1
FTR-04381,PRP-1087,hardwood_floors,no
FTR-04382,PRP-1087,granite_counters,1
FTR-04383,PRP-1088,new_roof,YES
FTR-04384,PRP-1088,master_suite,0
FTR-04385,PRP-1088,hardwood_floors,0
FTR-04386,PRP-1088,open_floor_plan,YES
FTR-04387,PRP-1089,granite_counters,YES
FTR-04388,PRP-1089,walk_in_closet,YES
FTR-04389,PRP-1089,stainless_appliances,no
FTR-04390,PRP-1089,open_floor_plan,1
FTR-04391,PRP-1090,walk_in_closet,yes
FTR-04392,PRP-1090,stainless_appliances,YES
FTR-04393,PRP-1090,vaulted_ceilings,YES
FTR-04394,PRP-1090,updated_kitchen,no
FTR-04395,PRP-1090,hardwood_floors,1
FTR-04396,PRP-1090,open_floor_plan,yes
FTR-04397,PRP-1091,central_ac,1
FTR-04398,PRP-1091,fireplace,0
FTR-04399,PRP-1091,vaulted_ceilings,no
FTR-04400,PRP-1091,fresh_paint,1
FTR-04401,PRP-1092,granite_counters,no
FTR-04402,PRP-1092,solar_panels,0
FTR-04403,PRP-1093,master_suite,yes
FTR-04404,PRP-1093,fresh_paint,yes
FTR-04405,PRP-1093,vaulted_ceilings,no
FTR-04406,PRP-1093,hardwood_floors,0
FTR-04407,PRP-1093,updated_kitchen,Yes
FTR-04408,PRP-1093,new_roof,1
FTR-04409,PRP-1094,stainless_appliances,Yes
FTR-04410,PRP-1094,vaulted_ceilings,Yes
FTR-04411,PRP-1095,hardwood_floors,0
FTR-04412,PRP-1095,fresh_paint,YES
FTR-04413,PRP-1095,fireplace,no
FTR-04414,PRP-1095,granite_counters,no
FTR-04415,PRP-1095,solar_panels,no
FTR-04416,PRP-1095,smart_home,0
FTR-04417,PRP-1096,new_roof,no
FTR-04418,PRP-1096,updated_kitchen,no
FTR-04419,PRP-1096,fresh_paint,YES
FTR-04420,PRP-1096,hardwood_floors,YES
FTR-04421,PRP-1097,solar_panels,YES
FTR-04422,PRP-1097,updated_kitchen,YES
FTR-04423,PRP-1097,stainless_appliances,yes
FTR-04424,PRP-1097,vaulted_ceilings,no
FTR-04425,PRP-1097,smart_home,YES
FTR-04426,PRP-1097,granite_counters,0
FTR-04427,PRP-1098,open_floor_plan,0
FTR-04428,PRP-1098,granite_counters,Yes
FTR-04429,PRP-1098,vaulted_ceilings,1
FTR-04430,PRP-1098,new_roof,0
FTR-04431,PRP-1098,solar_panels,0
FTR-04432,PRP-1098,stainless_appliances,no
FTR-04433,PRP-1099,solar_panels,no
FTR-04434,PRP-1099,fresh_paint,no
FTR-04435,PRP-1099,new_roof,Yes
FTR-04436,PRP-1100,central_ac,Yes
FTR-04437,PRP-1100,new_roof,Yes
FTR-04438,PRP-1100,master_suite,0
FTR-04439,PRP-1100,fresh_paint,YES
FTR-04440,PRP-1101,updated_kitchen,yes
FTR-04441,PRP-1101,walk_in_closet,yes
FTR-04442,PRP-1101,solar_panels,0
FTR-04443,PRP-1101,vaulted_ceilings,no
FTR-04444,PRP-1101,open_floor_plan,no
FTR-04445,PRP-1101,master_suite,0
FTR-04446,PRP-1102,central_ac,YES
FTR-04447,PRP-1102,solar_panels,0
FTR-04448,PRP-1102,open_floor_plan,YES
FTR-04449,PRP-1102,vaulted_ceilings,yes
FTR-04450,PRP-1102,smart_home,yes
FTR-04451,PRP-1103,hardwood_floors,Yes
FTR-04452,PRP-1103,granite_counters,Yes
FTR-04453,PRP-1103,master_suite,Yes
FTR-04454,PRP-1104,hardwood_floors,1
FTR-04455,PRP-1104,master_suite,0
FTR-04456,PRP-1105,solar_panels,YES
FTR-04457,PRP-1105,smart_home,YES
FTR-04458,PRP-1105,hardwood_floors,YES
FTR-04459,PRP-1105,fireplace,yes
FTR-04460,PRP-1105,updated_kitchen,0
FTR-04461,PRP-1106,master_suite,yes
FTR-04462,PRP-1106,fresh_paint,YES
FTR-04463,PRP-1106,solar_panels,Yes
FTR-04464,PRP-1106,smart_home,1
FTR-04465,PRP-1107,central_ac,yes
FTR-04466,PRP-1107,smart_home,yes
FTR-04467,PRP-1107,updated_kitchen,no
FTR-04468,PRP-1108,hardwood_floors,0
FTR-04469,PRP-1108,walk_in_closet,YES
FTR-04470,PRP-1109,fireplace,1
FTR-04471,PRP-1109,open_floor_plan,0
FTR-04472,PRP-1110,master_suite,YES
FTR-04473,PRP-1110,updated_kitchen,1
FTR-04474,PRP-1110,smart_home,YES
FTR-04475,PRP-1110,granite_counters,YES
FTR-04476,PRP-1110,solar_panels,Yes
FTR-04477,PRP-1110,walk_in_closet,0
FTR-04478,PRP-1111,new_roof,0
FTR-04479,PRP-1111,master_suite,no
FTR-04480,PRP-1111,central_ac,yes
FTR-04481,PRP-1111,walk_in_closet,1
FTR-04482,PRP-1111,solar_panels,YES
FTR-04483,PRP-1111,fireplace,Yes
FTR-04484,PRP-1112,new_roof,YES
FTR-04485,PRP-1112,open_floor_plan,Yes
FTR-04486,PRP-1112,hardwood_floors,YES
FTR-04487,PRP-1112,vaulted_ceilings,yes
FTR-04488,PRP-1113,vaulted_ceilings,Yes
FTR-04489,PRP-1113,stainless_appliances,1
FTR-04490,PRP-1113,master_suite,Yes
FTR-04491,PRP-1114,central_ac,no
FTR-04492,PRP-1114,vaulted_ceilings,yes
FTR-04493,PRP-1114,granite_counters,0
FTR-04494,PRP-1115,smart_home,yes
FTR-04495,PRP-1115,open_floor_plan,1
FTR-04496,PRP-1115,central_ac,0
FTR-04497,PRP-1115,fireplace,0
FTR-04498,PRP-1116,granite_counters,0
FTR-04499,PRP-1116,walk_in_closet,Yes
FTR-04500,PRP-1117,updated_kitchen,Yes
FTR-04501,PRP-1117,vaulted_ceilings,yes
FTR-04502,PRP-1118,updated_kitchen,yes
FTR-04503,PRP-1118,fresh_paint,Yes
FTR-04504,PRP-1118,open_floor_plan,yes
FTR-04505,PRP-1119,updated_kitchen,YES
FTR-04506,PRP-1119,central_ac,YES
FTR-04507,PRP-1119,new_roof,0
FTR-04508,PRP-1120,fresh_paint,YES
FTR-04509,PRP-1120,open_floor_plan,YES
FTR-04510,PRP-1120,central_ac,no
FTR-04511,PRP-1120,master_suite,0
FTR-04512,PRP-1121,smart_home,no
FTR-04513,PRP-1121,fireplace,no
FTR-04514,PRP-1121,fresh_paint,yes
FTR-04515,PRP-1121,hardwood_floors,YES
FTR-04516,PRP-1121,new_roof,YES
FTR-04517,PRP-1121,vaulted_ceilings,no
FTR-04518,PRP-1122,open_floor_plan,0
FTR-04519,PRP-1122,vaulted_ceilings,0
FTR-04520,PRP-1123,open_floor_plan,no
FTR-04521,PRP-1123,new_roof,1
FTR-04522,PRP-1123,central_ac,yes
FTR-04523,PRP-1123,granite_counters,Yes
FTR-04524,PRP-1123,stainless_appliances,0
FTR-04525,PRP-1124,stainless_appliances,YES
FTR-04526,PRP-1124,master_suite,yes
FTR-04527,PRP-1124,granite_counters,YES
FTR-04528,PRP-1124,fireplace,no
FTR-04529,PRP-1125,vaulted_ceilings,Yes
FTR-04530,PRP-1125,fresh_paint,no
FTR-04531,PRP-1125,smart_home,Yes
FTR-04532,PRP-1125,solar_panels,Yes
FTR-04533,PRP-1125,open_floor_plan,YES
FTR-04534,PRP-1125,walk_in_closet,Yes
FTR-04535,PRP-1126,solar_panels,no
FTR-04536,PRP-1126,open_floor_plan,0
FTR-04537,PRP-1126,updated_kitchen,no
FTR-04538,PRP-1126,master_suite,YES
FTR-04539,PRP-1126,vaulted_ceilings,YES
FTR-04540,PRP-1127,smart_home,no
FTR-04541,PRP-1127,updated_kitchen,no
FTR-04542,PRP-1127,master_suite,no
FTR-04543,PRP-1127,solar_panels,YES
FTR-04544,PRP-1127,fresh_paint,no
FTR-04545,PRP-1127,open_floor_plan,Yes
FTR-04546,PRP-1128,smart_home,1
FTR-04547,PRP-1128,hardwood_floors,no
FTR-04548,PRP-1128,open_floor_plan,1
FTR-04549,PRP-1128,fresh_paint,YES
FTR-04550,PRP-1128,granite_counters,0
FTR-04551,PRP-1128,new_roof,YES
FTR-04552,PRP-1129,new_roof,Yes
FTR-04553,PRP-1129,vaulted_ceilings,YES
FTR-04554,PRP-1130,updated_kitchen,no
FTR-04555,PRP-1130,stainless_appliances,yes
FTR-04556,PRP-1130,fresh_paint,0
FTR-04557,PRP-1131,fresh_paint,1
FTR-04558,PRP-1131,new_roof,1
FTR-04559,PRP-1131,updated_kitchen,Yes
FTR-04560,PRP-1131,open_floor_plan,0
FTR-04561,PRP-1131,vaulted_ceilings,no
FTR-04562,PRP-1132,granite_counters,0
FTR-04563,PRP-1132,hardwood_floors,Yes
FTR-04564,PRP-1132,updated_kitchen,Yes
FTR-04565,PRP-1132,master_suite,0
FTR-04566,PRP-1133,hardwood_floors,no
FTR-04567,PRP-1133,granite_counters,yes
FTR-04568,PRP-1133,master_suite,0
FTR-04569,PRP-1133,walk_in_closet,YES
FTR-04570,PRP-1134,open_floor_plan,no
FTR-04571,PRP-1134,hardwood_floors,no
FTR-04572,PRP-1134,vaulted_ceilings,1
FTR-04573,PRP-1135,hardwood_floors,YES
FTR-04574,PRP-1135,new_roof,YES
FTR-04575,PRP-1136,central_ac,YES
FTR-04576,PRP-1136,new_roof,Yes
FTR-04577,PRP-1136,open_floor_plan,Yes
FTR-04578,PRP-1137,hardwood_floors,0
FTR-04579,PRP-1137,open_floor_plan,YES
FTR-04580,PRP-1137,master_suite,no
FTR-04581,PRP-1137,fresh_paint,no
FTR-04582,PRP-1138,open_floor_plan,no
FTR-04583,PRP-1138,new_roof,YES
FTR-04584,PRP-1139,smart_home,1
FTR-04585,PRP-1139,vaulted_ceilings,yes
FTR-04586,PRP-1139,walk_in_closet,0
FTR-04587,PRP-1139,central_ac,no
FTR-04588,PRP-1139,fresh_paint,1
FTR-04589,PRP-1139,updated_kitchen,1
FTR-04590,PRP-1140,granite_counters,1
FTR-04591,PRP-1140,fresh_paint,yes
FTR-04592,PRP-1140,open_floor_plan,no
FTR-04593,PRP-1140,stainless_appliances,yes
FTR-04594,PRP-1140,hardwood_floors,no
FTR-04595,PRP-1140,new_roof,no
FTR-04596,PRP-1141,master_suite,YES
FTR-04597,PRP-1141,fresh_paint,YES
FTR-04598,PRP-1141,hardwood_floors,no
FTR-04599,PRP-1141,granite_counters,1
FTR-04600,PRP-1141,new_roof,1
FTR-04601,PRP-1142,central_ac,0
FTR-04602,PRP-1142,smart_home,no
FTR-04603,PRP-1142,new_roof,0
FTR-04604,PRP-1143,solar_panels,0
FTR-04605,PRP-1143,granite_counters,Yes
FTR-04606,PRP-1144,walk_in_closet,YES
FTR-04607,PRP-1144,hardwood_floors,yes
FTR-04608,PRP-1144,central_ac,0
FTR-04609,PRP-1144,solar_panels,no
FTR-04610,PRP-1145,solar_panels,1
FTR-04611,PRP-1145,walk_in_closet,0
FTR-04612,PRP-1146,hardwood_floors,0
FTR-04613,PRP-1146,new_roof,YES
FTR-04614,PRP-1146,vaulted_ceilings,YES
FTR-04615,PRP-1146,granite_counters,0
FTR-04616,PRP-1147,stainless_appliances,YES
FTR-04617,PRP-1147,hardwood_floors,no
FTR-04618,PRP-1147,fresh_paint,YES
FTR-04619,PRP-1147,smart_home,1
FTR-04620,PRP-1147,new_roof,yes
FTR-04621,PRP-1147,open_floor_plan,1
FTR-04622,PRP-1148,vaulted_ceilings,1
FTR-04623,PRP-1148,new_roof,Yes
FTR-04624,PRP-1149,walk_in_closet,Yes
FTR-04625,PRP-1149,open_floor_plan,YES
FTR-04626,PRP-1149,smart_home,no
FTR-04627,PRP-1150,fresh_paint,1
FTR-04628,PRP-1150,solar_panels,YES
FTR-04629,PRP-1151,fireplace,Yes
FTR-04630,PRP-1151,smart_home,no
FTR-04631,PRP-1151,vaulted_ceilings,Yes
FTR-04632,PRP-1151,stainless_appliances,yes
FTR-04633,PRP-1152,master_suite,1
FTR-04634,PRP-1152,smart_home,0
FTR-04635,PRP-1152,open_floor_plan,no
FTR-04636,PRP-1153,walk_in_closet,1
FTR-04637,PRP-1153,master_suite,Yes
FTR-04638,PRP-1153,smart_home,no
FTR-04639,PRP-1153,vaulted_ceilings,1
FTR-04640,PRP-1154,open_floor_plan,no
FTR-04641,PRP-1154,stainless_appliances,0
FTR-04642,PRP-1154,granite_counters,0
FTR-04643,PRP-1154,fireplace,no
FTR-04644,PRP-1154,central_ac,Yes
FTR-04645,PRP-1154,vaulted_ceilings,yes
FTR-04646,PRP-1155,open_floor_plan,YES
FTR-04647,PRP-1155,vaulted_ceilings,1
FTR-04648,PRP-1155,solar_panels,0
FTR-04649,PRP-1156,central_ac,0
FTR-04650,PRP-1156,updated_kitchen,YES
FTR-04651,PRP-1156,fireplace,Yes
FTR-04652,PRP-1156,open_floor_plan,1
FTR-04653,PRP-1157,walk_in_closet,1
FTR-04654,PRP-1157,updated_kitchen,1
FTR-04655,PRP-1157,stainless_appliances,YES
FTR-04656,PRP-1157,master_suite,YES
FTR-04657,PRP-1157,fireplace,YES
FTR-04658,PRP-1157,smart_home,0
FTR-04659,PRP-1158,vaulted_ceilings,YES
FTR-04660,PRP-1158,updated_kitchen,yes
FTR-04661,PRP-1159,updated_kitchen,Yes
FTR-04662,PRP-1159,fireplace,yes
FTR-04663,PRP-1159,smart_home,0
FTR-04664,PRP-1159,open_floor_plan,no
FTR-04665,PRP-1159,walk_in_closet,Yes
FTR-04666,PRP-1160,open_floor_plan,1
FTR-04667,PRP-1160,solar_panels,yes
FTR-04668,PRP-1160,central_ac,no
FTR-04669,PRP-1160,master_suite,1
FTR-04670,PRP-1160,stainless_appliances,0
FTR-04671,PRP-1161,hardwood_floors,yes
FTR-04672,PRP-1161,master_suite,yes
FTR-04673,PRP-1161,updated_kitchen,0
FTR-04674,PRP-1162,hardwood_floors,yes
FTR-04675,PRP-1162,granite_counters,Yes
FTR-04676,PRP-1162,stainless_appliances,Yes
FTR-04677,PRP-1163,hardwood_floors,YES
FTR-04678,PRP-1163,granite_counters,0
FTR-04679,PRP-1164,vaulted_ceilings,0
FTR-04680,PRP-1164,stainless_appliances,Yes
FTR-04681,PRP-1164,open_floor_plan,yes
FTR-04682,PRP-1164,walk_in_closet,1
FTR-04683,PRP-1164,fireplace,YES
FTR-04684,PRP-1164,smart_home,Yes
FTR-04685,PRP-1165,smart_home,1
FTR-04686,PRP-1165,master_suite,1
FTR-04687,PRP-1165,fresh_paint,yes
FTR-04688,PRP-1166,master_suite,1
FTR-04689,PRP-1166,new_roof,Yes
FTR-04690,PRP-1166,open_floor_plan,1
FTR-04691,PRP-1166,hardwood_floors,yes
FTR-04692,PRP-1166,fireplace,0
FTR-04693,PRP-1167,vaulted_ceilings,no
FTR-04694,PRP-1167,fresh_paint,Yes
FTR-04695,PRP-1167,smart_home,0
FTR-04696,PRP-1167,solar_panels,1
FTR-04697,PRP-1167,master_suite,Yes
FTR-04698,PRP-1168,vaulted_ceilings,0
FTR-04699,PRP-1168,central_ac,no
FTR-04700,PRP-1168,smart_home,no
FTR-04701,PRP-1168,walk_in_closet,Yes
FTR-04702,PRP-1168,solar_panels,YES
FTR-04703,PRP-1168,stainless_appliances,yes
FTR-04704,PRP-1169,master_suite,no
FTR-04705,PRP-1169,fireplace,0
FTR-04706,PRP-1170,central_ac,YES
FTR-04707,PRP-1170,stainless_appliances,0
FTR-04708,PRP-1170,hardwood_floors,1
FTR-04709,PRP-1170,solar_panels,Yes
FTR-04710,PRP-1170,fresh_paint,1
FTR-04711,PRP-1171,walk_in_closet,1
FTR-04712,PRP-1171,vaulted_ceilings,yes
FTR-04713,PRP-1171,updated_kitchen,yes
FTR-04714,PRP-1172,fireplace,yes
FTR-04715,PRP-1172,vaulted_ceilings,YES
FTR-04716,PRP-1172,granite_counters,Yes
FTR-04717,PRP-1172,stainless_appliances,yes
FTR-04718,PRP-1172,solar_panels,no
FTR-04719,PRP-1173,vaulted_ceilings,1
FTR-04720,PRP-1173,fresh_paint,0
FTR-04721,PRP-1173,hardwood_floors,0
FTR-04722,PRP-1174,updated_kitchen,1
FTR-04723,PRP-1174,new_roof,no
FTR-04724,PRP-1174,walk_in_closet,yes
FTR-04725,PRP-1174,solar_panels,no
FTR-04726,PRP-1174,central_ac,1
FTR-04727,PRP-1175,smart_home,no
FTR-04728,PRP-1175,granite_counters,1
FTR-04729,PRP-1175,fireplace,1
FTR-04730,PRP-1175,hardwood_floors,1
FTR-04731,PRP-1176,new_roof,yes
FTR-04732,PRP-1176,solar_panels,Yes
FTR-04733,PRP-1176,smart_home,no
FTR-04734,PRP-1176,hardwood_floors,Yes
FTR-04735,PRP-1176,walk_in_closet,0
FTR-04736,PRP-1176,stainless_appliances,YES
FTR-04737,PRP-1177,granite_counters,1
FTR-04738,PRP-1177,smart_home,yes
FTR-04739,PRP-1177,stainless_appliances,Yes
FTR-04740,PRP-1177,fresh_paint,no
FTR-04741,PRP-1178,new_roof,yes
FTR-04742,PRP-1178,fireplace,1
FTR-04743,PRP-1178,granite_counters,1
FTR-04744,PRP-1178,smart_home,YES
FTR-04745,PRP-1179,central_ac,Yes
FTR-04746,PRP-1179,walk_in_closet,0
FTR-04747,PRP-1179,solar_panels,YES
FTR-04748,PRP-1179,stainless_appliances,no
FTR-04749,PRP-1179,vaulted_ceilings,no
FTR-04750,PRP-1179,updated_kitchen,no
FTR-04751,PRP-1180,granite_counters,yes
FTR-04752,PRP-1180,hardwood_floors,no
FTR-04753,PRP-1180,open_floor_plan,yes
FTR-04754,PRP-1180,stainless_appliances,0
FTR-04755,PRP-1180,central_ac,Yes
FTR-04756,PRP-1181,fresh_paint,yes
FTR-04757,PRP-1181,stainless_appliances,0
FTR-04758,PRP-1181,walk_in_closet,yes
FTR-04759,PRP-1181,granite_counters,0
FTR-04760,PRP-1182,hardwood_floors,yes
FTR-04761,PRP-1182,smart_home,yes
FTR-04762,PRP-1183,updated_kitchen,0
FTR-04763,PRP-1183,new_roof,0
FTR-04764,PRP-1183,central_ac,1
FTR-04765,PRP-1183,hardwood_floors,1
FTR-04766,PRP-1184,new_roof,0
FTR-04767,PRP-1184,vaulted_ceilings,1
FTR-04768,PRP-1184,granite_counters,no
FTR-04769,PRP-1184,central_ac,1
FTR-04770,PRP-1184,stainless_appliances,1
FTR-04771,PRP-1185,stainless_appliances,1
FTR-04772,PRP-1185,vaulted_ceilings,1
FTR-04773,PRP-1185,new_roof,no
FTR-04774,PRP-1186,master_suite,yes
FTR-04775,PRP-1186,fireplace,YES
FTR-04776,PRP-1186,granite_counters,yes
FTR-04777,PRP-1186,stainless_appliances,YES
FTR-04778,PRP-1186,new_roof,no
FTR-04779,PRP-1187,smart_home,yes
FTR-04780,PRP-1187,central_ac,YES
FTR-04781,PRP-1188,fresh_paint,1
FTR-04782,PRP-1188,central_ac,no
FTR-04783,PRP-1188,fireplace,YES
FTR-04784,PRP-1188,stainless_appliances,1
FTR-04785,PRP-1189,central_ac,0
FTR-04786,PRP-1189,walk_in_closet,YES
FTR-04787,PRP-1189,fireplace,YES
FTR-04788,PRP-1189,fresh_paint,no
FTR-04789,PRP-1189,updated_kitchen,0
FTR-04790,PRP-1190,updated_kitchen,YES
FTR-04791,PRP-1190,open_floor_plan,no
FTR-04792,PRP-1190,vaulted_ceilings,0
FTR-04793,PRP-1190,walk_in_closet,Yes
FTR-04794,PRP-1190,master_suite,yes
FTR-04795,PRP-1191,solar_panels,yes
FTR-04796,PRP-1191,smart_home,Yes
FTR-04797,PRP-1192,fresh_paint,YES
FTR-04798,PRP-1192,smart_home,0
FTR-04799,PRP-1192,granite_counters,0
FTR-04800,PRP-1192,hardwood_floors,0
FTR-04801,PRP-1192,solar_panels,1
FTR-04802,PRP-1192,walk_in_closet,1
FTR-04803,PRP-1193,granite_counters,Yes
FTR-04804,PRP-1193,walk_in_closet,yes
FTR-04805,PRP-1193,open_floor_plan,0
FTR-04806,PRP-1193,fresh_paint,no
FTR-04807,PRP-1193,updated_kitchen,Yes
FTR-04808,PRP-1194,stainless_appliances,1
FTR-04809,PRP-1194,hardwood_floors,1
FTR-04810,PRP-1194,central_ac,0
FTR-04811,PRP-1194,fireplace,1
FTR-04812,PRP-1194,new_roof,1
FTR-04813,PRP-1194,fresh_paint,1
FTR-04814,PRP-1195,solar_panels,0
FTR-04815,PRP-1195,master_suite,1
FTR-04816,PRP-1195,stainless_appliances,Yes
FTR-04817,PRP-1195,central_ac,0
FTR-04818,PRP-1195,walk_in_closet,0
FTR-04819,PRP-1196,open_floor_plan,Yes
FTR-04820,PRP-1196,fireplace,Yes
FTR-04821,PRP-1196,new_roof,1
FTR-04822,PRP-1196,stainless_appliances,YES
FTR-04823,PRP-1196,updated_kitchen,no
FTR-04824,PRP-1197,central_ac,YES
FTR-04825,PRP-1197,solar_panels,yes
FTR-04826,PRP-1197,vaulted_ceilings,1
FTR-04827,PRP-1198,hardwood_floors,yes
FTR-04828,PRP-1198,walk_in_closet,yes
FTR-04829,PRP-1198,central_ac,1
FTR-04830,PRP-1198,vaulted_ceilings,yes
FTR-04831,PRP-1198,solar_panels,no
FTR-04832,PRP-1199,open_floor_plan,1
FTR-04833,PRP-1199,updated_kitchen,YES
FTR-04834,PRP-1199,master_suite,YES
FTR-04835,PRP-1199,stainless_appliances,Yes
FTR-04836,PRP-1200,granite_counters,1
FTR-04837,PRP-1200,stainless_appliances,0
FTR-04838,PRP-1200,vaulted_ceilings,1
FTR-04839,PRP-1201,granite_counters,0
FTR-04840,PRP-1201,solar_panels,0
FTR-04841,PRP-1201,stainless_appliances,YES
FTR-04842,PRP-1201,vaulted_ceilings,Yes
FTR-04843,PRP-1202,hardwood_floors,1
FTR-04844,PRP-1202,vaulted_ceilings,yes
FTR-04845,PRP-1202,open_floor_plan,1
FTR-04846,PRP-1203,central_ac,no
FTR-04847,PRP-1203,new_roof,1
FTR-04848,PRP-1203,open_floor_plan,yes
FTR-04849,PRP-1203,solar_panels,1
FTR-04850,PRP-1203,fireplace,1
FTR-04851,PRP-1203,vaulted_ceilings,Yes
FTR-04852,PRP-1204,solar_panels,yes
FTR-04853,PRP-1204,new_roof,no
FTR-04854,PRP-1204,granite_counters,Yes
FTR-04855,PRP-1204,hardwood_floors,no
FTR-04856,PRP-1204,fresh_paint,yes
FTR-04857,PRP-1205,solar_panels,1
FTR-04858,PRP-1205,master_suite,YES
FTR-04859,PRP-1205,central_ac,0
FTR-04860,PRP-1205,fireplace,no
FTR-04861,PRP-1206,central_ac,1
FTR-04862,PRP-1206,granite_counters,YES
FTR-04863,PRP-1206,fireplace,Yes
FTR-04864,PRP-1206,master_suite,no
FTR-04865,PRP-1206,vaulted_ceilings,0
FTR-04866,PRP-1206,hardwood_floors,0
FTR-04867,PRP-1207,updated_kitchen,no
FTR-04868,PRP-1207,walk_in_closet,1
FTR-04869,PRP-1207,hardwood_floors,yes
FTR-04870,PRP-1208,new_roof,0
FTR-04871,PRP-1208,smart_home,0
FTR-04872,PRP-1208,updated_kitchen,yes
FTR-04873,PRP-1209,open_floor_plan,1
FTR-04874,PRP-1209,vaulted_ceilings,no
FTR-04875,PRP-1209,updated_kitchen,0
FTR-04876,PRP-1210,granite_counters,no
FTR-04877,PRP-1210,master_suite,yes
FTR-04878,PRP-1210,smart_home,yes
FTR-04879,PRP-1210,fireplace,YES
FTR-04880,PRP-1210,central_ac,yes
FTR-04881,PRP-1210,updated_kitchen,yes
FTR-04882,PRP-1211,open_floor_plan,1
FTR-04883,PRP-1211,fireplace,yes
FTR-04884,PRP-1211,stainless_appliances,Yes
FTR-04885,PRP-1211,granite_counters,1
FTR-04886,PRP-1211,walk_in_closet,YES
FTR-04887,PRP-1211,master_suite,0
FTR-04888,PRP-1212,granite_counters,1
FTR-04889,PRP-1212,new_roof,no
FTR-04890,PRP-1212,smart_home,0
FTR-04891,PRP-1212,walk_in_closet,1
FTR-04892,PRP-1212,fireplace,0
FTR-04893,PRP-1212,updated_kitchen,YES
FTR-04894,PRP-1213,granite_counters,1
FTR-04895,PRP-1213,fireplace,0
FTR-04896,PRP-1213,hardwood_floors,YES
FTR-04897,PRP-1213,master_suite,1
FTR-04898,PRP-1214,stainless_appliances,yes
FTR-04899,PRP-1214,smart_home,YES
FTR-04900,PRP-1215,fresh_paint,no
FTR-04901,PRP-1215,solar_panels,yes
FTR-04902,PRP-1215,stainless_appliances,yes
FTR-04903,PRP-1215,open_floor_plan,no
FTR-04904,PRP-1216,smart_home,yes
FTR-04905,PRP-1216,granite_counters,no
FTR-04906,PRP-1216,new_roof,YES
FTR-04907,PRP-1216,fireplace,Yes
FTR-04908,PRP-1217,hardwood_floors,no
FTR-04909,PRP-1217,walk_in_closet,0
FTR-04910,PRP-1217,smart_home,1
FTR-04911,PRP-1217,master_suite,no
FTR-04912,PRP-1217,solar_panels,1
FTR-04913,PRP-1218,master_suite,yes
FTR-04914,PRP-1218,central_ac,YES
FTR-04915,PRP-1218,solar_panels,1
FTR-04916,PRP-1218,updated_kitchen,no
FTR-04917,PRP-1218,walk_in_closet,1
FTR-04918,PRP-1218,hardwood_floors,0
FTR-04919,PRP-1219,updated_kitchen,YES
FTR-04920,PRP-1219,open_floor_plan,yes
FTR-04921,PRP-1219,new_roof,Yes
FTR-04922,PRP-1220,hardwood_floors,yes
FTR-04923,PRP-1220,central_ac,YES
FTR-04924,PRP-1220,stainless_appliances,no
FTR-04925,PRP-1220,fireplace,0
FTR-04926,PRP-1220,new_roof,Yes
FTR-04927,PRP-1220,open_floor_plan,YES
FTR-04928,PRP-1221,fireplace,Yes
FTR-04929,PRP-1221,vaulted_ceilings,YES
FTR-04930,PRP-1221,fresh_paint,1
FTR-04931,PRP-1222,fireplace,YES
FTR-04932,PRP-1222,walk_in_closet,Yes
FTR-04933,PRP-1223,open_floor_plan,1
FTR-04934,PRP-1223,solar_panels,0
FTR-04935,PRP-1223,hardwood_floors,no
FTR-04936,PRP-1223,stainless_appliances,Yes
FTR-04937,PRP-1224,fresh_paint,no
FTR-04938,PRP-1224,new_roof,0
FTR-04939,PRP-1225,hardwood_floors,1
FTR-04940,PRP-1225,granite_counters,0
FTR-04941,PRP-1226,updated_kitchen,yes
FTR-04942,PRP-1226,fresh_paint,no
FTR-04943,PRP-1226,central_ac,YES
FTR-04944,PRP-1227,smart_home,Yes
FTR-04945,PRP-1227,new_roof,YES
FTR-04946,PRP-1227,granite_counters,no
FTR-04947,PRP-1227,vaulted_ceilings,YES
FTR-04948,PRP-1227,fresh_paint,Yes
FTR-04949,PRP-1228,new_roof,yes
FTR-04950,PRP-1228,vaulted_ceilings,0
FTR-04951,PRP-1228,fresh_paint,no
FTR-04952,PRP-1229,walk_in_closet,no
FTR-04953,PRP-1229,new_roof,1
FTR-04954,PRP-1229,fresh_paint,Yes
FTR-04955,PRP-1229,stainless_appliances,no
FTR-04956,PRP-1229,master_suite,Yes
FTR-04957,PRP-1230,new_roof,yes
FTR-04958,PRP-1230,solar_panels,YES
FTR-04959,PRP-1230,vaulted_ceilings,0
FTR-04960,PRP-1230,master_suite,Yes
FTR-04961,PRP-1230,hardwood_floors,0
FTR-04962,PRP-1231,fireplace,Yes
FTR-04963,PRP-1231,granite_counters,1
FTR-04964,PRP-1231,walk_in_closet,0
FTR-04965,PRP-1231,solar_panels,0
FTR-04966,PRP-1231,master_suite,yes
FTR-04967,PRP-1231,updated_kitchen,Yes
FTR-04968,PRP-1232,vaulted_ceilings,Yes
FTR-04969,PRP-1232,granite_counters,no
FTR-04970,PRP-1232,new_roof,YES
FTR-04971,PRP-1232,solar_panels,0
FTR-04972,PRP-1232,fresh_paint,0
FTR-04973,PRP-1232,stainless_appliances,YES
FTR-04974,PRP-1233,fresh_paint,yes
FTR-04975,PRP-1233,new_roof,YES
FTR-04976,PRP-1233,solar_panels,YES
FTR-04977,PRP-1233,hardwood_floors,no
FTR-04978,PRP-1234,central_ac,0
FTR-04979,PRP-1234,vaulted_ceilings,no
FTR-04980,PRP-1234,granite_counters,yes
FTR-04981,PRP-1235,stainless_appliances,0
FTR-04982,PRP-1235,hardwood_floors,YES
FTR-04983,PRP-1236,updated_kitchen,yes
FTR-04984,PRP-1236,fresh_paint,Yes
FTR-04985,PRP-1236,stainless_appliances,YES
FTR-04986,PRP-1236,granite_counters,1
FTR-04987,PRP-1237,vaulted_ceilings,YES
FTR-04988,PRP-1237,granite_counters,yes
FTR-04989,PRP-1238,vaulted_ceilings,yes
FTR-04990,PRP-1238,master_suite,yes
FTR-04991,PRP-1238,walk_in_closet,0
FTR-04992,PRP-1238,open_floor_plan,no
FTR-04993,PRP-1238,new_roof,Yes
FTR-04994,PRP-1239,central_ac,0
FTR-04995,PRP-1239,updated_kitchen,1
FTR-04996,PRP-1240,granite_counters,yes
FTR-04997,PRP-1240,new_roof,0
FTR-04998,PRP-1240,central_ac,no
FTR-04999,PRP-1240,walk_in_closet,no
FTR-05000,PRP-1241,solar_panels,YES
FTR-05001,PRP-1241,updated_kitchen,1
FTR-05002,PRP-1241,new_roof,Yes
FTR-05003,PRP-1241,granite_counters,no
FTR-05004,PRP-1241,fresh_paint,no
FTR-05005,PRP-1242,fresh_paint,1
FTR-05006,PRP-1242,vaulted_ceilings,no
FTR-05007,PRP-1242,smart_home,0
FTR-05008,PRP-1242,updated_kitchen,no
FTR-05009,PRP-1243,smart_home,no
FTR-05010,PRP-1243,hardwood_floors,no
FTR-05011,PRP-1244,hardwood_floors,no
FTR-05012,PRP-1244,fresh_paint,0
FTR-05013,PRP-1244,vaulted_ceilings,0
FTR-05014,PRP-1244,central_ac,yes
FTR-05015,PRP-1245,granite_counters,1
FTR-05016,PRP-1245,solar_panels,0
FTR-05017,PRP-1245,central_ac,0
FTR-05018,PRP-1246,master_suite,yes
FTR-05019,PRP-1246,new_roof,no
FTR-05020,PRP-1246,stainless_appliances,yes
FTR-05021,PRP-1246,central_ac,1
FTR-05022,PRP-1247,walk_in_closet,0
FTR-05023,PRP-1247,vaulted_ceilings,YES
FTR-05024,PRP-1247,central_ac,no
FTR-05025,PRP-1247,master_suite,1
FTR-05026,PRP-1248,vaulted_ceilings,0
FTR-05027,PRP-1248,hardwood_floors,YES
FTR-05028,PRP-1248,master_suite,1
FTR-05029,PRP-1248,updated_kitchen,no
FTR-05030,PRP-1248,new_roof,yes
FTR-05031,PRP-1248,granite_counters,YES
FTR-05032,PRP-1249,solar_panels,no
FTR-05033,PRP-1249,walk_in_closet,no
FTR-05034,PRP-1249,stainless_appliances,0
FTR-05035,PRP-1249,central_ac,yes
FTR-05036,PRP-1249,open_floor_plan,YES
FTR-05037,PRP-1250,vaulted_ceilings,Yes
FTR-05038,PRP-1250,updated_kitchen,yes
FTR-05039,PRP-1251,stainless_appliances,1
FTR-05040,PRP-1251,fresh_paint,YES
FTR-05041,PRP-1251,central_ac,0
FTR-05042,PRP-1251,granite_counters,Yes
FTR-05043,PRP-1251,updated_kitchen,Yes
FTR-05044,PRP-1251,smart_home,yes
FTR-05045,PRP-1252,granite_counters,no
FTR-05046,PRP-1252,master_suite,yes
FTR-05047,PRP-1252,walk_in_closet,yes
FTR-05048,PRP-1253,smart_home,YES
FTR-05049,PRP-1253,central_ac,1
FTR-05050,PRP-1253,master_suite,0
FTR-05051,PRP-1253,vaulted_ceilings,YES
FTR-05052,PRP-1254,master_suite,no
FTR-05053,PRP-1254,updated_kitchen,YES
FTR-05054,PRP-1254,smart_home,yes
FTR-05055,PRP-1254,granite_counters,Yes
FTR-05056,PRP-1254,open_floor_plan,Yes
FTR-05057,PRP-1255,hardwood_floors,Yes
FTR-05058,PRP-1255,smart_home,yes
FTR-05059,PRP-1255,stainless_appliances,1
FTR-05060,PRP-1255,walk_in_closet,no
FTR-05061,PRP-1256,walk_in_closet,yes
FTR-05062,PRP-1256,granite_counters,0
FTR-05063,PRP-1256,stainless_appliances,1
FTR-05064,PRP-1256,smart_home,Yes
FTR-05065,PRP-1257,new_roof,YES
FTR-05066,PRP-1257,central_ac,no
FTR-05067,PRP-1257,hardwood_floors,YES
FTR-05068,PRP-1257,smart_home,0
FTR-05069,PRP-1257,walk_in_closet,no
FTR-05070,PRP-1257,stainless_appliances,YES
FTR-05071,PRP-1258,stainless_appliances,Yes
FTR-05072,PRP-1258,vaulted_ceilings,no
FTR-05073,PRP-1258,walk_in_closet,1
FTR-05074,PRP-1258,solar_panels,YES
FTR-05075,PRP-1259,walk_in_closet,1
FTR-05076,PRP-1259,hardwood_floors,1
FTR-05077,PRP-1259,stainless_appliances,1
FTR-05078,PRP-1260,new_roof,Yes
FTR-05079,PRP-1260,vaulted_ceilings,YES
FTR-05080,PRP-1260,walk_in_closet,yes
FTR-05081,PRP-1261,new_roof,no
FTR-05082,PRP-1261,central_ac,1
FTR-05083,PRP-1261,master_suite,YES
FTR-05084,PRP-1261,open_floor_plan,1
FTR-05085,PRP-1261,fireplace,no
FTR-05086,PRP-1261,walk_in_closet,0
FTR-05087,PRP-1262,master_suite,yes
FTR-05088,PRP-1262,updated_kitchen,yes
FTR-05089,PRP-1262,stainless_appliances,Yes
FTR-05090,PRP-1262,vaulted_ceilings,no
FTR-05091,PRP-1262,central_ac,Yes
FTR-05092,PRP-1262,fireplace,no
FTR-05093,PRP-1263,updated_kitchen,1
FTR-05094,PRP-1263,vaulted_ceilings,YES
FTR-05095,PRP-1263,walk_in_closet,0
FTR-05096,PRP-1263,hardwood_floors,0
FTR-05097,PRP-1263,fireplace,Yes
FTR-05098,PRP-1263,solar_panels,Yes
FTR-05099,PRP-1264,fireplace,yes
FTR-05100,PRP-1264,solar_panels,YES
FTR-05101,PRP-1264,new_roof,Yes
FTR-05102,PRP-1264,central_ac,1
FTR-05103,PRP-1265,smart_home,Yes
FTR-05104,PRP-1265,new_roof,Yes
FTR-05105,PRP-1266,smart_home,yes
FTR-05106,PRP-1266,open_floor_plan,YES
FTR-05107,PRP-1266,solar_panels,yes
FTR-05108,PRP-1267,smart_home,no
FTR-05109,PRP-1267,fireplace,yes
FTR-05110,PRP-1267,fresh_paint,YES
FTR-05111,PRP-1267,walk_in_closet,0
FTR-05112,PRP-1267,updated_kitchen,yes
FTR-05113,PRP-1268,granite_counters,0
FTR-05114,PRP-1268,vaulted_ceilings,0
FTR-05115,PRP-1268,central_ac,Yes
FTR-05116,PRP-1268,fresh_paint,1
FTR-05117,PRP-1268,solar_panels,0
FTR-05118,PRP-1268,fireplace,0
FTR-05119,PRP-1269,master_suite,0
FTR-05120,PRP-1269,fresh_paint,1
FTR-05121,PRP-1269,fireplace,1
FTR-05122,PRP-1269,walk_in_closet,0
FTR-05123,PRP-1269,solar_panels,Yes
FTR-05124,PRP-1270,stainless_appliances,1
FTR-05125,PRP-1270,granite_counters,Yes
FTR-05126,PRP-1270,new_roof,YES
FTR-05127,PRP-1270,master_suite,yes
FTR-05128,PRP-1270,central_ac,0
FTR-05129,PRP-1270,walk_in_closet,Yes
FTR-05130,PRP-1271,smart_home,1
FTR-05131,PRP-1271,open_floor_plan,0
FTR-05132,PRP-1272,fireplace,no
FTR-05133,PRP-1272,master_suite,YES
FTR-05134,PRP-1272,new_roof,1
FTR-05135,PRP-1273,stainless_appliances,Yes
FTR-05136,PRP-1273,fresh_paint,1
FTR-05137,PRP-1274,open_floor_plan,yes
FTR-05138,PRP-1274,walk_in_closet,YES
FTR-05139,PRP-1274,stainless_appliances,yes
FTR-05140,PRP-1274,vaulted_ceilings,no
FTR-05141,PRP-1275,vaulted_ceilings,1
FTR-05142,PRP-1275,walk_in_closet,0
FTR-05143,PRP-1275,master_suite,Yes
FTR-05144,PRP-1275,hardwood_floors,Yes
FTR-05145,PRP-1275,granite_counters,1
FTR-05146,PRP-1275,central_ac,1
FTR-05147,PRP-1276,solar_panels,no
FTR-05148,PRP-1276,updated_kitchen,Yes
FTR-05149,PRP-1276,master_suite,yes
FTR-05150,PRP-1276,open_floor_plan,yes
FTR-05151,PRP-1276,central_ac,Yes
FTR-05152,PRP-1276,hardwood_floors,no
FTR-05153,PRP-1277,updated_kitchen,yes
FTR-05154,PRP-1277,walk_in_closet,yes
FTR-05155,PRP-1277,smart_home,no
FTR-05156,PRP-1277,fireplace,YES
FTR-05157,PRP-1277,vaulted_ceilings,Yes
FTR-05158,PRP-1277,fresh_paint,yes
FTR-05159,PRP-1278,stainless_appliances,YES
FTR-05160,PRP-1278,central_ac,1
FTR-05161,PRP-1278,granite_counters,yes
FTR-05162,PRP-1278,master_suite,1
FTR-05163,PRP-1278,open_floor_plan,YES
FTR-05164,PRP-1279,stainless_appliances,yes
FTR-05165,PRP-1279,fresh_paint,yes
FTR-05166,PRP-1280,solar_panels,1
FTR-05167,PRP-1280,granite_counters,YES
FTR-05168,PRP-1280,stainless_appliances,yes
FTR-05169,PRP-1280,new_roof,Yes
FTR-05170,PRP-1281,smart_home,yes
FTR-05171,PRP-1281,fresh_paint,0
FTR-05172,PRP-1281,new_roof,yes
FTR-05173,PRP-1281,updated_kitchen,no
FTR-05174,PRP-1281,stainless_appliances,0
FTR-05175,PRP-1282,stainless_appliances,YES
FTR-05176,PRP-1282,fireplace,no
FTR-05177,PRP-1282,new_roof,no
FTR-05178,PRP-1282,updated_kitchen,YES
FTR-05179,PRP-1283,solar_panels,YES
FTR-05180,PRP-1283,master_suite,YES
FTR-05181,PRP-1284,fireplace,0
FTR-05182,PRP-1284,smart_home,no
FTR-05183,PRP-1285,granite_counters,yes
FTR-05184,PRP-1285,fresh_paint,1
FTR-05185,PRP-1285,open_floor_plan,no
FTR-05186,PRP-1285,new_roof,Yes
FTR-05187,PRP-1285,stainless_appliances,0
FTR-05188,PRP-1286,solar_panels,no
FTR-05189,PRP-1286,master_suite,YES
FTR-05190,PRP-1286,granite_counters,no
FTR-05191,PRP-1287,hardwood_floors,0
FTR-05192,PRP-1287,fireplace,no
FTR-05193,PRP-1288,granite_counters,0
FTR-05194,PRP-1288,open_floor_plan,Yes
FTR-05195,PRP-1288,walk_in_closet,1
FTR-05196,PRP-1288,vaulted_ceilings,0
FTR-05197,PRP-1288,solar_panels,YES
FTR-05198,PRP-1288,hardwood_floors,no
FTR-05199,PRP-1289,central_ac,yes
FTR-05200,PRP-1289,hardwood_floors,yes
FTR-05201,PRP-1289,new_roof,0
FTR-05202,PRP-1289,stainless_appliances,no
FTR-05203,PRP-1289,vaulted_ceilings,yes
FTR-05204,PRP-1290,hardwood_floors,Yes
FTR-05205,PRP-1290,new_roof,1
FTR-05206,PRP-1291,smart_home,1
FTR-05207,PRP-1291,vaulted_ceilings,0
FTR-05208,PRP-1292,fireplace,YES
FTR-05209,PRP-1292,fresh_paint,YES
FTR-05210,PRP-1292,stainless_appliances,Yes
FTR-05211,PRP-1293,vaulted_ceilings,1
FTR-05212,PRP-1293,solar_panels,Yes
FTR-05213,PRP-1293,hardwood_floors,yes
FTR-05214,PRP-1293,master_suite,no
FTR-05215,PRP-1293,stainless_appliances,1
FTR-05216,PRP-1294,fresh_paint,YES
FTR-05217,PRP-1294,walk_in_closet,YES
FTR-05218,PRP-1294,updated_kitchen,Yes
FTR-05219,PRP-1294,fireplace,no
FTR-05220,PRP-1294,central_ac,Yes
FTR-05221,PRP-1294,granite_counters,YES
FTR-05222,PRP-1295,solar_panels,no
FTR-05223,PRP-1295,updated_kitchen,0
FTR-05224,PRP-1295,walk_in_closet,yes
FTR-05225,PRP-1296,new_roof,yes
FTR-05226,PRP-1296,granite_counters,0
FTR-05227,PRP-1296,solar_panels,Yes
FTR-05228,PRP-1296,vaulted_ceilings,0
FTR-05229,PRP-1297,granite_counters,no
FTR-05230,PRP-1297,solar_panels,0
FTR-05231,PRP-1297,open_floor_plan,0
FTR-05232,PRP-1297,updated_kitchen,yes
FTR-05233,PRP-1297,hardwood_floors,yes
FTR-05234,PRP-1298,granite_counters,no
FTR-05235,PRP-1298,open_floor_plan,YES
FTR-05236,PRP-1299,central_ac,Yes
FTR-05237,PRP-1299,hardwood_floors,yes
FTR-05238,PRP-1299,new_roof,0
FTR-05239,PRP-1299,walk_in_closet,1
FTR-05240,PRP-1300,walk_in_closet,YES
FTR-05241,PRP-1300,new_roof,0
FTR-05242,PRP-1300,fresh_paint,no
FTR-05243,PRP-1300,fireplace,yes
FTR-05244,PRP-1300,central_ac,Yes
FTR-05245,PRP-1300,hardwood_floors,Yes
FTR-05246,PRP-1301,fireplace,1
FTR-05247,PRP-1301,fresh_paint,YES
FTR-05248,PRP-1301,master_suite,YES
FTR-05249,PRP-1301,central_ac,yes
FTR-05250,PRP-1302,walk_in_closet,YES
FTR-05251,PRP-1302,central_ac,YES
FTR-05252,PRP-1302,new_roof,no
FTR-05253,PRP-1302,master_suite,Yes
FTR-05254,PRP-1302,updated_kitchen,yes
FTR-05255,PRP-1302,solar_panels,no
FTR-05256,PRP-1303,master_suite,1
FTR-05257,PRP-1303,open_floor_plan,Yes
FTR-05258,PRP-1303,walk_in_closet,no
FTR-05259,PRP-1303,granite_counters,1
FTR-05260,PRP-1303,solar_panels,yes
FTR-05261,PRP-1303,new_roof,0
FTR-05262,PRP-1304,master_suite,0
FTR-05263,PRP-1304,updated_kitchen,no
FTR-05264,PRP-1304,solar_panels,yes
FTR-05265,PRP-1305,master_suite,yes
FTR-05266,PRP-1305,granite_counters,yes
FTR-05267,PRP-1306,fresh_paint,0
FTR-05268,PRP-1306,walk_in_closet,0
FTR-05269,PRP-1306,central_ac,yes
FTR-05270,PRP-1306,solar_panels,0
FTR-05271,PRP-1306,stainless_appliances,0
FTR-05272,PRP-1306,master_suite,1
FTR-05273,PRP-1307,central_ac,1
FTR-05274,PRP-1307,fireplace,no
FTR-05275,PRP-1307,walk_in_closet,YES
FTR-05276,PRP-1307,updated_kitchen,0
FTR-05277,PRP-1307,hardwood_floors,no
FTR-05278,PRP-1307,master_suite,yes
FTR-05279,PRP-1308,walk_in_closet,0
FTR-05280,PRP-1308,hardwood_floors,YES
FTR-05281,PRP-1308,updated_kitchen,0
FTR-05282,PRP-1308,smart_home,1
FTR-05283,PRP-1309,granite_counters,YES
FTR-05284,PRP-1309,vaulted_ceilings,1
FTR-05285,PRP-1310,granite_counters,Yes
FTR-05286,PRP-1310,solar_panels,yes
FTR-05287,PRP-1310,central_ac,YES
FTR-05288,PRP-1311,smart_home,yes
FTR-05289,PRP-1311,stainless_appliances,YES
FTR-05290,PRP-1311,fresh_paint,no
FTR-05291,PRP-1311,open_floor_plan,Yes
FTR-05292,PRP-1312,fireplace,0
FTR-05293,PRP-1312,stainless_appliances,0
FTR-05294,PRP-1312,hardwood_floors,no
FTR-05295,PRP-1312,open_floor_plan,1
FTR-05296,PRP-1313,smart_home,no
FTR-05297,PRP-1313,master_suite,0
FTR-05298,PRP-1313,walk_in_closet,yes
FTR-05299,PRP-1313,granite_counters,1
FTR-05300,PRP-1314,open_floor_plan,YES
FTR-05301,PRP-1314,smart_home,0
FTR-05302,PRP-1314,master_suite,0
FTR-05303,PRP-1314,new_roof,0
FTR-05304,PRP-1314,solar_panels,0
FTR-05305,PRP-1314,fresh_paint,yes
FTR-05306,PRP-1315,granite_counters,0
FTR-05307,PRP-1315,fresh_paint,no
FTR-05308,PRP-1315,central_ac,yes
FTR-05309,PRP-1315,updated_kitchen,Yes
FTR-05310,PRP-1315,hardwood_floors,YES
FTR-05311,PRP-1316,granite_counters,0
FTR-05312,PRP-1316,updated_kitchen,1
FTR-05313,PRP-1317,master_suite,Yes
FTR-05314,PRP-1317,fresh_paint,Yes
FTR-05315,PRP-1317,central_ac,YES
FTR-05316,PRP-1317,fireplace,YES
FTR-05317,PRP-1317,walk_in_closet,no
FTR-05318,PRP-1317,solar_panels,yes
FTR-05319,PRP-1318,new_roof,no
FTR-05320,PRP-1318,walk_in_closet,yes
FTR-05321,PRP-1319,solar_panels,YES
FTR-05322,PRP-1319,granite_counters,yes
FTR-05323,PRP-1319,hardwood_floors,no
FTR-05324,PRP-1319,fireplace,1
FTR-05325,PRP-1319,smart_home,YES
FTR-05326,PRP-1320,new_roof,Yes
FTR-05327,PRP-1320,fresh_paint,no
FTR-05328,PRP-1320,vaulted_ceilings,Yes
FTR-05329,PRP-1321,vaulted_ceilings,0
FTR-05330,PRP-1321,granite_counters,no
FTR-05331,PRP-1321,fresh_paint,0
FTR-05332,PRP-1321,open_floor_plan,no
FTR-05333,PRP-1321,hardwood_floors,Yes
FTR-05334,PRP-1322,central_ac,0
FTR-05335,PRP-1322,fresh_paint,no
FTR-05336,PRP-1322,hardwood_floors,0
FTR-05337,PRP-1322,master_suite,1
FTR-05338,PRP-1322,vaulted_ceilings,yes
FTR-05339,PRP-1323,updated_kitchen,1
FTR-05340,PRP-1323,open_floor_plan,yes
FTR-05341,PRP-1323,solar_panels,0
FTR-05342,PRP-1324,smart_home,YES
FTR-05343,PRP-1324,fresh_paint,no
FTR-05344,PRP-1324,updated_kitchen,1
FTR-05345,PRP-1325,solar_panels,no
FTR-05346,PRP-1325,granite_counters,no
FTR-05347,PRP-1325,vaulted_ceilings,0
FTR-05348,PRP-1325,central_ac,yes
FTR-05349,PRP-1325,fireplace,yes
FTR-05350,PRP-1325,updated_kitchen,1
FTR-05351,PRP-1326,vaulted_ceilings,Yes
FTR-05352,PRP-1326,fresh_paint,Yes
FTR-05353,PRP-1327,vaulted_ceilings,no
FTR-05354,PRP-1327,smart_home,yes
FTR-05355,PRP-1328,open_floor_plan,no
FTR-05356,PRP-1328,smart_home,YES
FTR-05357,PRP-1328,new_roof,no
FTR-05358,PRP-1328,master_suite,0
FTR-05359,PRP-1328,solar_panels,yes
FTR-05360,PRP-1329,vaulted_ceilings,no
FTR-05361,PRP-1329,solar_panels,Yes
FTR-05362,PRP-1329,master_suite,YES
FTR-05363,PRP-1329,fireplace,no
FTR-05364,PRP-1330,open_floor_plan,Yes
FTR-05365,PRP-1330,central_ac,Yes
FTR-05366,PRP-1330,granite_counters,YES
FTR-05367,PRP-1330,master_suite,0
FTR-05368,PRP-1330,stainless_appliances,no
FTR-05369,PRP-1331,hardwood_floors,YES
FTR-05370,PRP-1331,central_ac,0
FTR-05371,PRP-1331,stainless_appliances,no
FTR-05372,PRP-1332,stainless_appliances,Yes
FTR-05373,PRP-1332,fresh_paint,YES
FTR-05374,PRP-1333,vaulted_ceilings,YES
FTR-05375,PRP-1333,open_floor_plan,1
FTR-05376,PRP-1333,fireplace,Yes
FTR-05377,PRP-1333,fresh_paint,YES
FTR-05378,PRP-1333,granite_counters,yes
FTR-05379,PRP-1333,master_suite,Yes
FTR-05380,PRP-1334,new_roof,0
FTR-05381,PRP-1334,fireplace,0
FTR-05382,PRP-1334,open_floor_plan,0
FTR-05383,PRP-1335,walk_in_closet,no
FTR-05384,PRP-1335,updated_kitchen,0
FTR-05385,PRP-1336,stainless_appliances,yes
FTR-05386,PRP-1336,fresh_paint,1
FTR-05387,PRP-1336,hardwood_floors,1
FTR-05388,PRP-1336,updated_kitchen,1
FTR-05389,PRP-1336,new_roof,1
FTR-05390,PRP-1336,open_floor_plan,1
FTR-05391,PRP-1337,smart_home,Yes
FTR-05392,PRP-1337,fireplace,YES
FTR-05393,PRP-1337,granite_counters,Yes
FTR-05394,PRP-1338,updated_kitchen,1
FTR-05395,PRP-1338,fresh_paint,1
FTR-05396,PRP-1338,master_suite,yes
FTR-05397,PRP-1338,stainless_appliances,0
FTR-05398,PRP-1339,solar_panels,YES
FTR-05399,PRP-1339,master_suite,0
FTR-05400,PRP-1340,smart_home,0
FTR-05401,PRP-1340,solar_panels,0
FTR-05402,PRP-1340,fresh_paint,no
FTR-05403,PRP-1341,granite_counters,YES
FTR-05404,PRP-1341,hardwood_floors,no
FTR-05405,PRP-1342,new_roof,yes
FTR-05406,PRP-1342,solar_panels,0
FTR-05407,PRP-1342,central_ac,yes
FTR-05408,PRP-1343,master_suite,1
FTR-05409,PRP-1343,solar_panels,0
FTR-05410,PRP-1343,open_floor_plan,1
FTR-05411,PRP-1343,new_roof,1
FTR-05412,PRP-1343,central_ac,no
FTR-05413,PRP-1344,new_roof,no
FTR-05414,PRP-1344,central_ac,yes
FTR-05415,PRP-1344,updated_kitchen,no
FTR-05416,PRP-1345,updated_kitchen,YES
FTR-05417,PRP-1345,walk_in_closet,Yes
FTR-05418,PRP-1345,vaulted_ceilings,0
FTR-05419,PRP-1345,smart_home,Yes
FTR-05420,PRP-1346,stainless_appliances,YES
FTR-05421,PRP-1346,fresh_paint,1
FTR-05422,PRP-1347,vaulted_ceilings,YES
FTR-05423,PRP-1347,walk_in_closet,Yes
FTR-05424,PRP-1347,new_roof,yes
FTR-05425,PRP-1347,fireplace,YES
FTR-05426,PRP-1347,hardwood_floors,1
FTR-05427,PRP-1348,granite_counters,1
FTR-05428,PRP-1348,new_roof,1
FTR-05429,PRP-1348,vaulted_ceilings,Yes
FTR-05430,PRP-1348,updated_kitchen,yes
FTR-05431,PRP-1348,master_suite,1
FTR-05432,PRP-1348,fireplace,1
FTR-05433,PRP-1349,walk_in_closet,no
FTR-05434,PRP-1349,updated_kitchen,yes
FTR-05435,PRP-1349,solar_panels,0
FTR-05436,PRP-1349,smart_home,0
FTR-05437,PRP-1350,walk_in_closet,0
FTR-05438,PRP-1350,new_roof,1
FTR-05439,PRP-1350,hardwood_floors,Yes
FTR-05440,PRP-1350,open_floor_plan,YES
FTR-05441,PRP-1350,fresh_paint,0
FTR-05442,PRP-1351,vaulted_ceilings,1
FTR-05443,PRP-1351,master_suite,1
FTR-05444,PRP-1352,new_roof,1
FTR-05445,PRP-1352,granite_counters,no
FTR-05446,PRP-1353,master_suite,0
FTR-05447,PRP-1353,updated_kitchen,0
FTR-05448,PRP-1353,vaulted_ceilings,YES
FTR-05449,PRP-1353,smart_home,yes
FTR-05450,PRP-1353,open_floor_plan,no
FTR-05451,PRP-1353,solar_panels,Yes
FTR-05452,PRP-1354,updated_kitchen,0
FTR-05453,PRP-1354,smart_home,1
FTR-05454,PRP-1354,granite_counters,no
FTR-05455,PRP-1354,walk_in_closet,0
FTR-05456,PRP-1355,central_ac,Yes
FTR-05457,PRP-1355,walk_in_closet,YES
FTR-05458,PRP-1355,updated_kitchen,Yes
FTR-05459,PRP-1355,open_floor_plan,Yes
FTR-05460,PRP-1355,smart_home,YES
FTR-05461,PRP-1356,stainless_appliances,yes
FTR-05462,PRP-1356,fresh_paint,0
FTR-05463,PRP-1356,fireplace,0
FTR-05464,PRP-1356,vaulted_ceilings,no
FTR-05465,PRP-1357,open_floor_plan,YES
FTR-05466,PRP-1357,solar_panels,1
FTR-05467,PRP-1357,new_roof,YES
FTR-05468,PRP-1358,stainless_appliances,Yes
FTR-05469,PRP-1358,hardwood_floors,yes
FTR-05470,PRP-1359,walk_in_closet,yes
FTR-05471,PRP-1359,new_roof,yes
FTR-05472,PRP-1359,solar_panels,0
FTR-05473,PRP-1359,updated_kitchen,1
FTR-05474,PRP-1360,fresh_paint,YES
FTR-05475,PRP-1360,open_floor_plan,Yes
FTR-05476,PRP-1361,updated_kitchen,1
FTR-05477,PRP-1361,granite_counters,no
FTR-05478,PRP-1361,stainless_appliances,0
FTR-05479,PRP-1361,open_floor_plan,no
FTR-05480,PRP-1361,fresh_paint,0
FTR-05481,PRP-1362,hardwood_floors,1
FTR-05482,PRP-1362,fresh_paint,yes
FTR-05483,PRP-1363,open_floor_plan,yes
FTR-05484,PRP-1363,smart_home,no
FTR-05485,PRP-1363,stainless_appliances,0
FTR-05486,PRP-1363,vaulted_ceilings,Yes
FTR-05487,PRP-1363,walk_in_closet,0
FTR-05488,PRP-1364,hardwood_floors,1
FTR-05489,PRP-1364,smart_home,yes
FTR-05490,PRP-1364,stainless_appliances,yes
FTR-05491,PRP-1364,new_roof,0
FTR-05492,PRP-1364,granite_counters,yes
FTR-05493,PRP-1364,solar_panels,1
FTR-05494,PRP-1365,updated_kitchen,no
FTR-05495,PRP-1365,open_floor_plan,Yes
FTR-05496,PRP-1366,granite_counters,no
FTR-05497,PRP-1366,open_floor_plan,1
FTR-05498,PRP-1366,vaulted_ceilings,0
FTR-05499,PRP-1367,fresh_paint,YES
FTR-05500,PRP-1367,master_suite,0
FTR-05501,PRP-1368,open_floor_plan,yes
FTR-05502,PRP-1368,central_ac,yes
FTR-05503,PRP-1368,fresh_paint,no
FTR-05504,PRP-1369,open_floor_plan,1
FTR-05505,PRP-1369,vaulted_ceilings,Yes
FTR-05506,PRP-1370,updated_kitchen,Yes
FTR-05507,PRP-1370,stainless_appliances,0
FTR-05508,PRP-1371,vaulted_ceilings,no
FTR-05509,PRP-1371,walk_in_closet,yes
FTR-05510,PRP-1372,master_suite,1
FTR-05511,PRP-1372,fireplace,Yes
FTR-05512,PRP-1372,walk_in_closet,Yes
FTR-05513,PRP-1373,fresh_paint,no
FTR-05514,PRP-1373,hardwood_floors,0
FTR-05515,PRP-1373,stainless_appliances,YES
FTR-05516,PRP-1373,master_suite,yes
FTR-05517,PRP-1374,granite_counters,YES
FTR-05518,PRP-1374,vaulted_ceilings,0
FTR-05519,PRP-1374,hardwood_floors,Yes
FTR-05520,PRP-1374,updated_kitchen,yes
FTR-05521,PRP-1375,fireplace,yes
FTR-05522,PRP-1375,open_floor_plan,no
FTR-05523,PRP-1375,hardwood_floors,YES
FTR-05524,PRP-1375,fresh_paint,0
FTR-05525,PRP-1375,master_suite,YES
FTR-05526,PRP-1375,walk_in_closet,Yes
FTR-05527,PRP-1376,central_ac,YES
FTR-05528,PRP-1376,solar_panels,0
FTR-05529,PRP-1376,fresh_paint,YES
FTR-05530,PRP-1376,master_suite,yes
FTR-05531,PRP-1376,new_roof,yes
FTR-05532,PRP-1376,updated_kitchen,1
FTR-05533,PRP-1377,walk_in_closet,Yes
FTR-05534,PRP-1377,open_floor_plan,Yes
FTR-05535,PRP-1377,smart_home,Yes
FTR-05536,PRP-1378,solar_panels,1
FTR-05537,PRP-1378,open_floor_plan,0
FTR-05538,PRP-1378,central_ac,0
FTR-05539,PRP-1379,master_suite,1
FTR-05540,PRP-1379,solar_panels,yes
FTR-05541,PRP-1380,master_suite,Yes
FTR-05542,PRP-1380,open_floor_plan,YES
FTR-05543,PRP-1380,granite_counters,0
FTR-05544,PRP-1381,granite_counters,YES
FTR-05545,PRP-1381,smart_home,1
FTR-05546,PRP-1381,stainless_appliances,Yes
FTR-05547,PRP-1381,open_floor_plan,YES
FTR-05548,PRP-1381,vaulted_ceilings,0
FTR-05549,PRP-1381,fresh_paint,yes
FTR-05550,PRP-1382,new_roof,yes
FTR-05551,PRP-1382,central_ac,YES
FTR-05552,PRP-1382,granite_counters,1
FTR-05553,PRP-1382,fresh_paint,1
FTR-05554,PRP-1382,hardwood_floors,Yes
FTR-05555,PRP-1383,smart_home,0
FTR-05556,PRP-1383,stainless_appliances,yes
FTR-05557,PRP-1384,hardwood_floors,1
FTR-05558,PRP-1384,master_suite,no
FTR-05559,PRP-1384,updated_kitchen,0
FTR-05560,PRP-1384,smart_home,YES
FTR-05561,PRP-1384,new_roof,yes
FTR-05562,PRP-1384,fireplace,YES
FTR-05563,PRP-1385,smart_home,YES
FTR-05564,PRP-1385,updated_kitchen,Yes
FTR-05565,PRP-1385,master_suite,no
FTR-05566,PRP-1385,open_floor_plan,no
FTR-05567,PRP-1385,granite_counters,yes
FTR-05568,PRP-1386,fresh_paint,no
FTR-05569,PRP-1386,walk_in_closet,YES
FTR-05570,PRP-1386,new_roof,0
FTR-05571,PRP-1387,stainless_appliances,Yes
FTR-05572,PRP-1387,open_floor_plan,1
FTR-05573,PRP-1388,smart_home,YES
FTR-05574,PRP-1388,fireplace,no
FTR-05575,PRP-1388,open_floor_plan,Yes
FTR-05576,PRP-1388,updated_kitchen,0
FTR-05577,PRP-1388,walk_in_closet,YES
FTR-05578,PRP-1389,updated_kitchen,0
FTR-05579,PRP-1389,stainless_appliances,yes
FTR-05580,PRP-1389,new_roof,YES
FTR-05581,PRP-1390,open_floor_plan,Yes
FTR-05582,PRP-1390,stainless_appliances,no
FTR-05583,PRP-1390,master_suite,no
FTR-05584,PRP-1390,granite_counters,no
FTR-05585,PRP-1390,smart_home,1
FTR-05586,PRP-1390,central_ac,Yes
FTR-05587,PRP-1391,smart_home,1
FTR-05588,PRP-1391,updated_kitchen,0
FTR-05589,PRP-1392,stainless_appliances,yes
FTR-05590,PRP-1392,open_floor_plan,no
FTR-05591,PRP-1392,updated_kitchen,no
FTR-05592,PRP-1392,walk_in_closet,no
FTR-05593,PRP-1393,walk_in_closet,yes
FTR-05594,PRP-1393,fireplace,YES
FTR-05595,PRP-1393,master_suite,no
FTR-05596,PRP-1393,granite_counters,no
FTR-05597,PRP-1393,solar_panels,yes
FTR-05598,PRP-1394,stainless_appliances,1
FTR-05599,PRP-1394,central_ac,1
FTR-05600,PRP-1394,hardwood_floors,yes
FTR-05601,PRP-1394,open_floor_plan,yes
FTR-05602,PRP-1394,solar_panels,0
FTR-05603,PRP-1394,fireplace,yes
FTR-05604,PRP-1395,open_floor_plan,no
FTR-05605,PRP-1395,central_ac,1
FTR-05606,PRP-1395,stainless_appliances,1
FTR-05607,PRP-1395,smart_home,1
FTR-05608,PRP-1395,fresh_paint,0
FTR-05609,PRP-1395,master_suite,yes
FTR-05610,PRP-1396,updated_kitchen,YES
FTR-05611,PRP-1396,fresh_paint,no
FTR-05612,PRP-1396,smart_home,1
FTR-05613,PRP-1396,fireplace,no
FTR-05614,PRP-1396,central_ac,0
FTR-05615,PRP-1397,new_roof,Yes
FTR-05616,PRP-1397,stainless_appliances,yes
FTR-05617,PRP-1397,vaulted_ceilings,yes
FTR-05618,PRP-1398,fireplace,0
FTR-05619,PRP-1398,open_floor_plan,no
FTR-05620,PRP-1398,solar_panels,no
FTR-05621,PRP-1399,vaulted_ceilings,0
FTR-05622,PRP-1399,central_ac,Yes
FTR-05623,PRP-1400,hardwood_floors,yes
FTR-05624,PRP-1400,granite_counters,1
FTR-05625,PRP-1400,central_ac,1
FTR-05626,PRP-1401,vaulted_ceilings,YES
FTR-05627,PRP-1401,hardwood_floors,Yes
FTR-05628,PRP-1402,fresh_paint,YES
FTR-05629,PRP-1402,vaulted_ceilings,0
FTR-05630,PRP-1403,walk_in_closet,1
FTR-05631,PRP-1403,solar_panels,YES
FTR-05632,PRP-1403,hardwood_floors,Yes
FTR-05633,PRP-1403,smart_home,yes
FTR-05634,PRP-1404,master_suite,no
FTR-05635,PRP-1404,fresh_paint,yes
FTR-05636,PRP-1404,smart_home,Yes
FTR-05637,PRP-1404,stainless_appliances,Yes
FTR-05638,PRP-1404,central_ac,1
FTR-05639,PRP-1405,granite_counters,no
FTR-05640,PRP-1405,smart_home,YES
FTR-05641,PRP-1405,master_suite,yes
FTR-05642,PRP-1406,granite_counters,0
FTR-05643,PRP-1406,solar_panels,no
FTR-05644,PRP-1406,vaulted_ceilings,1
FTR-05645,PRP-1407,walk_in_closet,1
FTR-05646,PRP-1407,new_roof,yes
FTR-05647,PRP-1407,central_ac,yes
FTR-05648,PRP-1407,solar_panels,0
FTR-05649,PRP-1407,vaulted_ceilings,yes
FTR-05650,PRP-1407,open_floor_plan,YES
FTR-05651,PRP-1408,solar_panels,Yes
FTR-05652,PRP-1408,hardwood_floors,YES
FTR-05653,PRP-1408,central_ac,0
FTR-05654,PRP-1408,updated_kitchen,no
FTR-05655,PRP-1408,smart_home,no
FTR-05656,PRP-1409,granite_counters,Yes
FTR-05657,PRP-1409,open_floor_plan,yes
FTR-05658,PRP-1409,stainless_appliances,yes
FTR-05659,PRP-1409,central_ac,YES
FTR-05660,PRP-1409,new_roof,0
FTR-05661,PRP-1409,solar_panels,1
FTR-05662,PRP-1410,fresh_paint,1
FTR-05663,PRP-1410,smart_home,Yes
FTR-05664,PRP-1410,central_ac,YES
FTR-05665,PRP-1410,stainless_appliances,yes
FTR-05666,PRP-1410,vaulted_ceilings,no
FTR-05667,PRP-1410,master_suite,YES
FTR-05668,PRP-1411,stainless_appliances,no
FTR-05669,PRP-1411,fireplace,Yes
FTR-05670,PRP-1411,vaulted_ceilings,Yes
FTR-05671,PRP-1411,solar_panels,1
FTR-05672,PRP-1411,central_ac,YES
FTR-05673,PRP-1412,open_floor_plan,no
FTR-05674,PRP-1412,stainless_appliances,yes
FTR-05675,PRP-1412,granite_counters,yes
FTR-05676,PRP-1412,smart_home,0
FTR-05677,PRP-1412,solar_panels,no
FTR-05678,PRP-1413,central_ac,Yes
FTR-05679,PRP-1413,solar_panels,1
FTR-05680,PRP-1414,new_roof,yes
FTR-05681,PRP-1414,fresh_paint,no
FTR-05682,PRP-1415,new_roof,no
FTR-05683,PRP-1415,hardwood_floors,Yes
FTR-05684,PRP-1415,stainless_appliances,1
FTR-05685,PRP-1415,walk_in_closet,Yes
FTR-05686,PRP-1415,updated_kitchen,yes
FTR-05687,PRP-1416,smart_home,Yes
FTR-05688,PRP-1416,open_floor_plan,YES
FTR-05689,PRP-1416,vaulted_ceilings,yes
FTR-05690,PRP-1416,granite_counters,1
FTR-05691,PRP-1417,fresh_paint,yes
FTR-05692,PRP-1417,fireplace,YES
FTR-05693,PRP-1417,walk_in_closet,Yes
FTR-05694,PRP-1418,vaulted_ceilings,yes
FTR-05695,PRP-1418,stainless_appliances,0
FTR-05696,PRP-1418,updated_kitchen,no
FTR-05697,PRP-1418,new_roof,Yes
FTR-05698,PRP-1418,central_ac,YES
FTR-05699,PRP-1418,fireplace,1
FTR-05700,PRP-1419,fireplace,0
FTR-05701,PRP-1419,fresh_paint,1
FTR-05702,PRP-1419,granite_counters,no
FTR-05703,PRP-1420,smart_home,yes
FTR-05704,PRP-1420,master_suite,yes
FTR-05705,PRP-1420,granite_counters,0
FTR-05706,PRP-1421,solar_panels,1
FTR-05707,PRP-1421,fireplace,0
FTR-05708,PRP-1421,open_floor_plan,1
FTR-05709,PRP-1421,new_roof,yes
FTR-05710,PRP-1421,smart_home,1
FTR-05711,PRP-1422,vaulted_ceilings,YES
FTR-05712,PRP-1422,smart_home,1
FTR-05713,PRP-1422,walk_in_closet,0
FTR-05714,PRP-1422,granite_counters,yes
FTR-05715,PRP-1423,hardwood_floors,no
FTR-05716,PRP-1423,walk_in_closet,0
FTR-05717,PRP-1423,vaulted_ceilings,no
FTR-05718,PRP-1423,smart_home,YES
FTR-05719,PRP-1424,stainless_appliances,Yes
FTR-05720,PRP-1424,solar_panels,Yes
FTR-05721,PRP-1424,fireplace,0
FTR-05722,PRP-1424,fresh_paint,no
FTR-05723,PRP-1424,updated_kitchen,yes
FTR-05724,PRP-1425,vaulted_ceilings,YES
FTR-05725,PRP-1425,master_suite,yes
FTR-05726,PRP-1426,open_floor_plan,1
FTR-05727,PRP-1426,granite_counters,Yes
FTR-05728,PRP-1426,fresh_paint,0
FTR-05729,PRP-1427,fireplace,0
FTR-05730,PRP-1427,master_suite,0
FTR-05731,PRP-1428,master_suite,1
FTR-05732,PRP-1428,updated_kitchen,Yes
FTR-05733,PRP-1428,open_floor_plan,no
FTR-05734,PRP-1428,walk_in_closet,Yes
FTR-05735,PRP-1429,central_ac,0
FTR-05736,PRP-1429,fresh_paint,Yes
FTR-05737,PRP-1429,hardwood_floors,yes
FTR-05738,PRP-1429,solar_panels,Yes
FTR-05739,PRP-1429,master_suite,no
FTR-05740,PRP-1430,open_floor_plan,Yes
FTR-05741,PRP-1430,updated_kitchen,YES
FTR-05742,PRP-1430,central_ac,1
FTR-05743,PRP-1430,granite_counters,0
FTR-05744,PRP-1430,stainless_appliances,1
FTR-05745,PRP-1431,granite_counters,0
FTR-05746,PRP-1431,hardwood_floors,Yes
FTR-05747,PRP-1432,new_roof,yes
FTR-05748,PRP-1432,master_suite,1
FTR-05749,PRP-1432,solar_panels,no
FTR-05750,PRP-1432,walk_in_closet,Yes
FTR-05751,PRP-1432,updated_kitchen,0
FTR-05752,PRP-1433,open_floor_plan,YES
FTR-05753,PRP-1433,fresh_paint,1
FTR-05754,PRP-1433,central_ac,1
FTR-05755,PRP-1433,hardwood_floors,yes
FTR-05756,PRP-1433,granite_counters,no
FTR-05757,PRP-1434,new_roof,yes
FTR-05758,PRP-1434,master_suite,1
FTR-05759,PRP-1434,updated_kitchen,yes
FTR-05760,PRP-1434,stainless_appliances,no
FTR-05761,PRP-1435,master_suite,1
FTR-05762,PRP-1435,granite_counters,Yes
FTR-05763,PRP-1435,walk_in_closet,YES
FTR-05764,PRP-1435,hardwood_floors,YES
FTR-05765,PRP-1435,central_ac,Yes
FTR-05766,PRP-1436,fireplace,yes
FTR-05767,PRP-1436,smart_home,no
FTR-05768,PRP-1436,granite_counters,Yes
FTR-05769,PRP-1436,stainless_appliances,1
FTR-05770,PRP-1436,hardwood_floors,no
FTR-05771,PRP-1437,stainless_appliances,no
FTR-05772,PRP-1437,vaulted_ceilings,YES
FTR-05773,PRP-1437,smart_home,0
FTR-05774,PRP-1437,solar_panels,1
FTR-05775,PRP-1438,granite_counters,Yes
FTR-05776,PRP-1438,smart_home,Yes
FTR-05777,PRP-1438,new_roof,Yes
FTR-05778,PRP-1438,walk_in_closet,1
FTR-05779,PRP-1438,stainless_appliances,YES
FTR-05780,PRP-1439,solar_panels,YES
FTR-05781,PRP-1439,granite_counters,no
FTR-05782,PRP-1439,updated_kitchen,no
FTR-05783,PRP-1440,fireplace,0
FTR-05784,PRP-1440,central_ac,1
FTR-05785,PRP-1440,smart_home,yes
FTR-05786,PRP-1440,stainless_appliances,0
FTR-05787,PRP-1440,open_floor_plan,Yes
FTR-05788,PRP-1441,granite_counters,YES
FTR-05789,PRP-1441,updated_kitchen,1
FTR-05790,PRP-1441,open_floor_plan,0
FTR-05791,PRP-1441,vaulted_ceilings,Yes
FTR-05792,PRP-1442,stainless_appliances,0
FTR-05793,PRP-1442,updated_kitchen,no
FTR-05794,PRP-1442,solar_panels,YES
FTR-05795,PRP-1442,open_floor_plan,1
FTR-05796,PRP-1442,fireplace,yes
FTR-05797,PRP-1443,hardwood_floors,Yes
FTR-05798,PRP-1443,central_ac,Yes
FTR-05799,PRP-1443,updated_kitchen,0
FTR-05800,PRP-1443,granite_counters,yes
FTR-05801,PRP-1444,hardwood_floors,Yes
FTR-05802,PRP-1444,master_suite,YES
FTR-05803,PRP-1444,central_ac,no
FTR-05804,PRP-1445,walk_in_closet,0
FTR-05805,PRP-1445,stainless_appliances,no
FTR-05806,PRP-1445,master_suite,yes
FTR-05807,PRP-1445,fireplace,YES
FTR-05808,PRP-1445,new_roof,yes
FTR-05809,PRP-1445,updated_kitchen,no
FTR-05810,PRP-1446,hardwood_floors,0
FTR-05811,PRP-1446,solar_panels,0
FTR-05812,PRP-1446,vaulted_ceilings,Yes
FTR-05813,PRP-1446,central_ac,yes
FTR-05814,PRP-1446,updated_kitchen,yes
FTR-05815,PRP-1446,fireplace,no
FTR-05816,PRP-1447,stainless_appliances,Yes
FTR-05817,PRP-1447,central_ac,1
FTR-05818,PRP-1447,master_suite,YES
FTR-05819,PRP-1448,hardwood_floors,no
FTR-05820,PRP-1448,granite_counters,yes
FTR-05821,PRP-1448,master_suite,0
FTR-05822,PRP-1448,solar_panels,1
FTR-05823,PRP-1449,hardwood_floors,0
FTR-05824,PRP-1449,fresh_paint,yes
FTR-05825,PRP-1449,smart_home,Yes
FTR-05826,PRP-1449,central_ac,no
FTR-05827,PRP-1449,open_floor_plan,YES
FTR-05828,PRP-1449,vaulted_ceilings,no
FTR-05829,PRP-1450,central_ac,0
FTR-05830,PRP-1450,master_suite,yes
FTR-05831,PRP-1450,hardwood_floors,no
FTR-05832,PRP-1450,fresh_paint,no
FTR-05833,PRP-1451,updated_kitchen,yes
FTR-05834,PRP-1451,vaulted_ceilings,1
FTR-05835,PRP-1451,new_roof,0
FTR-05836,PRP-1451,hardwood_floors,no
FTR-05837,PRP-1451,fresh_paint,1
FTR-05838,PRP-1452,solar_panels,0
FTR-05839,PRP-1452,hardwood_floors,no
FTR-05840,PRP-1452,smart_home,yes
FTR-05841,PRP-1452,stainless_appliances,yes
FTR-05842,PRP-1452,vaulted_ceilings,Yes
FTR-05843,PRP-1452,fresh_paint,Yes
FTR-05844,PRP-1453,solar_panels,YES
FTR-05845,PRP-1453,walk_in_closet,1
FTR-05846,PRP-1454,solar_panels,0
FTR-05847,PRP-1454,central_ac,0
FTR-05848,PRP-1455,open_floor_plan,YES
FTR-05849,PRP-1455,smart_home,no
FTR-05850,PRP-1455,new_roof,YES
FTR-05851,PRP-1455,master_suite,yes
FTR-05852,PRP-1456,stainless_appliances,YES
FTR-05853,PRP-1456,vaulted_ceilings,1
FTR-05854,PRP-1456,granite_counters,no
FTR-05855,PRP-1457,hardwood_floors,yes
FTR-05856,PRP-1457,new_roof,YES
FTR-05857,PRP-1457,solar_panels,no
FTR-05858,PRP-1457,granite_counters,0
FTR-05859,PRP-1457,fireplace,yes
FTR-05860,PRP-1457,stainless_appliances,yes
FTR-05861,PRP-1458,central_ac,Yes
FTR-05862,PRP-1458,granite_counters,YES
FTR-05863,PRP-1458,updated_kitchen,no
FTR-05864,PRP-1459,updated_kitchen,no
FTR-05865,PRP-1459,solar_panels,YES
FTR-05866,PRP-1459,master_suite,YES
FTR-05867,PRP-1459,fresh_paint,Yes
FTR-05868,PRP-1460,fresh_paint,yes
FTR-05869,PRP-1460,hardwood_floors,yes
FTR-05870,PRP-1460,master_suite,no
FTR-05871,PRP-1461,solar_panels,0
FTR-05872,PRP-1461,hardwood_floors,YES
FTR-05873,PRP-1461,updated_kitchen,YES
FTR-05874,PRP-1461,fresh_paint,0
FTR-05875,PRP-1461,open_floor_plan,1
FTR-05876,PRP-1462,hardwood_floors,no
FTR-05877,PRP-1462,vaulted_ceilings,0
FTR-05878,PRP-1462,solar_panels,no
FTR-05879,PRP-1462,central_ac,no
FTR-05880,PRP-1463,walk_in_closet,0
FTR-05881,PRP-1463,granite_counters,yes
FTR-05882,PRP-1463,central_ac,Yes
FTR-05883,PRP-1463,solar_panels,no
FTR-05884,PRP-1463,new_roof,yes
FTR-05885,PRP-1463,hardwood_floors,no
FTR-05886,PRP-1464,stainless_appliances,yes
FTR-05887,PRP-1464,solar_panels,1
FTR-05888,PRP-1464,open_floor_plan,1
FTR-05889,PRP-1465,open_floor_plan,0
FTR-05890,PRP-1465,fireplace,no
FTR-05891,PRP-1465,master_suite,Yes
FTR-05892,PRP-1466,stainless_appliances,YES
FTR-05893,PRP-1466,fireplace,no
FTR-05894,PRP-1466,vaulted_ceilings,1
FTR-05895,PRP-1466,master_suite,0
FTR-05896,PRP-1466,new_roof,1
FTR-05897,PRP-1466,solar_panels,0
FTR-05898,PRP-1467,central_ac,Yes
FTR-05899,PRP-1467,fresh_paint,yes
FTR-05900,PRP-1467,granite_counters,yes
FTR-05901,PRP-1467,walk_in_closet,yes
FTR-05902,PRP-1467,fireplace,yes
FTR-05903,PRP-1468,hardwood_floors,YES
FTR-05904,PRP-1468,open_floor_plan,0
FTR-05905,PRP-1468,fresh_paint,0
FTR-05906,PRP-1468,updated_kitchen,0
FTR-05907,PRP-1468,walk_in_closet,no
FTR-05908,PRP-1468,fireplace,yes
FTR-05909,PRP-1469,stainless_appliances,no
FTR-05910,PRP-1469,master_suite,0
FTR-05911,PRP-1469,hardwood_floors,1
FTR-05912,PRP-1469,smart_home,no
FTR-05913,PRP-1470,stainless_appliances,yes
FTR-05914,PRP-1470,central_ac,YES
FTR-05915,PRP-1470,walk_in_closet,yes
FTR-05916,PRP-1470,fireplace,0
FTR-05917,PRP-1471,smart_home,1
FTR-05918,PRP-1471,central_ac,0
FTR-05919,PRP-1471,new_roof,YES
FTR-05920,PRP-1472,stainless_appliances,Yes
FTR-05921,PRP-1472,open_floor_plan,yes
FTR-05922,PRP-1472,central_ac,no
FTR-05923,PRP-1472,fresh_paint,Yes
FTR-05924,PRP-1472,hardwood_floors,YES
FTR-05925,PRP-1473,open_floor_plan,YES
FTR-05926,PRP-1473,master_suite,1
FTR-05927,PRP-1473,solar_panels,yes
FTR-05928,PRP-1474,smart_home,YES
FTR-05929,PRP-1474,updated_kitchen,0
FTR-05930,PRP-1474,walk_in_closet,no
FTR-05931,PRP-1474,central_ac,YES
FTR-05932,PRP-1474,stainless_appliances,yes
FTR-05933,PRP-1474,fresh_paint,yes
FTR-05934,PRP-1475,stainless_appliances,yes
FTR-05935,PRP-1475,walk_in_closet,0
FTR-05936,PRP-1475,granite_counters,1
FTR-05937,PRP-1475,vaulted_ceilings,YES
FTR-05938,PRP-1475,updated_kitchen,no
FTR-05939,PRP-1475,solar_panels,YES
FTR-05940,PRP-1476,new_roof,Yes
FTR-05941,PRP-1476,updated_kitchen,0
FTR-05942,PRP-1476,fireplace,no
FTR-05943,PRP-1477,open_floor_plan,no
FTR-05944,PRP-1477,master_suite,0
FTR-05945,PRP-1477,central_ac,YES
FTR-05946,PRP-1477,fresh_paint,no
FTR-05947,PRP-1477,new_roof,no
FTR-05948,PRP-1477,updated_kitchen,Yes
FTR-05949,PRP-1478,new_roof,no
FTR-05950,PRP-1478,walk_in_closet,1
FTR-05951,PRP-1478,vaulted_ceilings,1
FTR-05952,PRP-1479,fireplace,YES
FTR-05953,PRP-1479,fresh_paint,0
FTR-05954,PRP-1479,hardwood_floors,Yes
FTR-05955,PRP-1479,vaulted_ceilings,no
FTR-05956,PRP-1479,master_suite,no
FTR-05957,PRP-1480,new_roof,1
FTR-05958,PRP-1480,walk_in_closet,no
FTR-05959,PRP-1480,central_ac,Yes
FTR-05960,PRP-1480,updated_kitchen,yes
FTR-05961,PRP-1481,smart_home,no
FTR-05962,PRP-1481,fresh_paint,1
FTR-05963,PRP-1481,updated_kitchen,1
FTR-05964,PRP-1481,fireplace,1
FTR-05965,PRP-1481,walk_in_closet,1
FTR-05966,PRP-1482,fresh_paint,1
FTR-05967,PRP-1482,walk_in_closet,no
FTR-05968,PRP-1482,new_roof,0
FTR-05969,PRP-1482,open_floor_plan,yes
FTR-05970,PRP-1482,hardwood_floors,YES
FTR-05971,PRP-1482,vaulted_ceilings,0
FTR-05972,PRP-1483,updated_kitchen,YES
FTR-05973,PRP-1483,central_ac,0
FTR-05974,PRP-1483,hardwood_floors,YES
FTR-05975,PRP-1484,vaulted_ceilings,Yes
FTR-05976,PRP-1484,granite_counters,Yes
FTR-05977,PRP-1484,hardwood_floors,YES
FTR-05978,PRP-1484,master_suite,1
FTR-05979,PRP-1484,stainless_appliances,1
FTR-05980,PRP-1484,solar_panels,YES
FTR-05981,PRP-1485,fresh_paint,0
FTR-05982,PRP-1485,stainless_appliances,YES
FTR-05983,PRP-1485,granite_counters,no
FTR-05984,PRP-1486,stainless_appliances,0
FTR-05985,PRP-1486,updated_kitchen,no
FTR-05986,PRP-1486,hardwood_floors,Yes
FTR-05987,PRP-1486,solar_panels,Yes
FTR-05988,PRP-1486,new_roof,1
FTR-05989,PRP-1486,fresh_paint,1
FTR-05990,PRP-1487,central_ac,no
FTR-05991,PRP-1487,granite_counters,0
FTR-05992,PRP-1487,master_suite,YES
FTR-05993,PRP-1487,stainless_appliances,Yes
FTR-05994,PRP-1487,open_floor_plan,YES
FTR-05995,PRP-1487,new_roof,YES
FTR-05996,PRP-1488,hardwood_floors,1
FTR-05997,PRP-1488,master_suite,Yes
FTR-05998,PRP-1488,fresh_paint,Yes
FTR-05999,PRP-1488,walk_in_closet,no
FTR-06000,PRP-1488,solar_panels,no
FTR-06001,PRP-1489,master_suite,1
FTR-06002,PRP-1489,fresh_paint,0
FTR-06003,PRP-1489,open_floor_plan,1
FTR-06004,PRP-1489,updated_kitchen,Yes
FTR-06005,PRP-1489,walk_in_closet,YES
FTR-06006,PRP-1489,central_ac,0
FTR-06007,PRP-1490,walk_in_closet,Yes
FTR-06008,PRP-1490,fresh_paint,yes
FTR-06009,PRP-1491,smart_home,Yes
FTR-06010,PRP-1491,central_ac,Yes
FTR-06011,PRP-1491,hardwood_floors,yes
FTR-06012,PRP-1491,new_roof,no
FTR-06013,PRP-1492,walk_in_closet,0
FTR-06014,PRP-1492,updated_kitchen,Yes
FTR-06015,PRP-1492,hardwood_floors,0
FTR-06016,PRP-1492,master_suite,no
FTR-06017,PRP-1493,vaulted_ceilings,YES
FTR-06018,PRP-1493,fresh_paint,YES
FTR-06019,PRP-1493,walk_in_closet,0
FTR-06020,PRP-1494,vaulted_ceilings,0
FTR-06021,PRP-1494,central_ac,no
FTR-06022,PRP-1494,stainless_appliances,Yes
FTR-06023,PRP-1494,fireplace,YES
FTR-06024,PRP-1495,fireplace,1
FTR-06025,PRP-1495,open_floor_plan,Yes
FTR-06026,PRP-1495,walk_in_closet,1
FTR-06027,PRP-1496,open_floor_plan,0
FTR-06028,PRP-1496,stainless_appliances,yes
FTR-06029,PRP-1496,new_roof,1
FTR-06030,PRP-1496,walk_in_closet,yes
FTR-06031,PRP-1496,fireplace,yes
FTR-06032,PRP-1497,walk_in_closet,Yes
FTR-06033,PRP-1497,central_ac,Yes
FTR-06034,PRP-1497,solar_panels,1
FTR-06035,PRP-1497,fresh_paint,1
FTR-06036,PRP-1497,hardwood_floors,0
FTR-06037,PRP-1497,smart_home,1
FTR-06038,PRP-1498,updated_kitchen,yes
FTR-06039,PRP-1498,master_suite,YES
FTR-06040,PRP-1498,granite_counters,0
FTR-06041,PRP-1498,smart_home,YES
FTR-06042,PRP-1498,new_roof,Yes
FTR-06043,PRP-1498,fireplace,Yes
FTR-06044,PRP-1499,stainless_appliances,YES
FTR-06045,PRP-1499,smart_home,YES
FTR-06046,PRP-1499,hardwood_floors,Yes
FTR-06047,PRP-1500,stainless_appliances,YES
FTR-06048,PRP-1500,master_suite,YES
FTR-06049,PRP-1500,fresh_paint,0
FTR-06050,PRP-1500,open_floor_plan,Yes
FTR-06051,PRP-1500,solar_panels,1
FTR-06052,PRP-1500,smart_home,1
FTR-06053,PRP-1501,master_suite,yes
FTR-06054,PRP-1501,fresh_paint,YES
FTR-06055,PRP-1501,solar_panels,YES
FTR-06056,PRP-1501,walk_in_closet,0
FTR-06057,PRP-1502,open_floor_plan,0
FTR-06058,PRP-1502,granite_counters,1
FTR-06059,PRP-1502,master_suite,Yes
FTR-06060,PRP-1502,fresh_paint,0
FTR-06061,PRP-1502,fireplace,Yes
FTR-06062,PRP-1502,new_roof,1
FTR-06063,PRP-1503,stainless_appliances,yes
FTR-06064,PRP-1503,master_suite,YES
FTR-06065,PRP-1503,solar_panels,yes
FTR-06066,PRP-1503,new_roof,Yes
FTR-06067,PRP-1503,walk_in_closet,0
FTR-06068,PRP-1503,granite_counters,no
FTR-06069,PRP-1504,updated_kitchen,YES
FTR-06070,PRP-1504,vaulted_ceilings,yes
FTR-06071,PRP-1504,fireplace,0
FTR-06072,PRP-1504,fresh_paint,no
FTR-06073,PRP-1505,fresh_paint,1
FTR-06074,PRP-1505,vaulted_ceilings,yes
FTR-06075,PRP-1505,solar_panels,yes
FTR-06076,PRP-1505,granite_counters,1
FTR-06077,PRP-1505,hardwood_floors,Yes
FTR-06078,PRP-1505,central_ac,1
FTR-06079,PRP-1506,master_suite,1
FTR-06080,PRP-1506,granite_counters,Yes
FTR-06081,PRP-1506,central_ac,YES
FTR-06082,PRP-1507,stainless_appliances,YES
FTR-06083,PRP-1507,open_floor_plan,YES
FTR-06084,PRP-1507,vaulted_ceilings,no
FTR-06085,PRP-1507,walk_in_closet,1
FTR-06086,PRP-1508,stainless_appliances,0
FTR-06087,PRP-1508,new_roof,Yes
FTR-06088,PRP-1508,updated_kitchen,no
FTR-06089,PRP-1508,hardwood_floors,yes
FTR-06090,PRP-1509,granite_counters,YES
FTR-06091,PRP-1509,open_floor_plan,yes
FTR-06092,PRP-1509,updated_kitchen,1
FTR-06093,PRP-1509,stainless_appliances,YES
FTR-06094,PRP-1510,walk_in_closet,Yes
FTR-06095,PRP-1510,new_roof,YES
FTR-06096,PRP-1510,open_floor_plan,YES
FTR-06097,PRP-1511,stainless_appliances,1
FTR-06098,PRP-1511,updated_kitchen,1
FTR-06099,PRP-1511,hardwood_floors,YES
FTR-06100,PRP-1512,walk_in_closet,1
FTR-06101,PRP-1512,solar_panels,no
FTR-06102,PRP-1513,hardwood_floors,no
FTR-06103,PRP-1513,central_ac,no
FTR-06104,PRP-1513,granite_counters,1
FTR-06105,PRP-1513,updated_kitchen,Yes
FTR-06106,PRP-1514,new_roof,YES
FTR-06107,PRP-1514,central_ac,1
FTR-06108,PRP-1514,walk_in_closet,YES
FTR-06109,PRP-1514,stainless_appliances,Yes
FTR-06110,PRP-1514,updated_kitchen,1
FTR-06111,PRP-1514,fresh_paint,no
FTR-06112,PRP-1515,master_suite,yes
FTR-06113,PRP-1515,smart_home,0
FTR-06114,PRP-1516,hardwood_floors,0
FTR-06115,PRP-1516,central_ac,Yes
FTR-06116,PRP-1516,open_floor_plan,yes
FTR-06117,PRP-1516,walk_in_closet,1
FTR-06118,PRP-1516,fresh_paint,no
FTR-06119,PRP-1517,fresh_paint,yes
FTR-06120,PRP-1517,hardwood_floors,yes
FTR-06121,PRP-1517,stainless_appliances,yes
FTR-06122,PRP-1517,master_suite,1
FTR-06123,PRP-1517,vaulted_ceilings,YES
FTR-06124,PRP-1518,stainless_appliances,YES
FTR-06125,PRP-1518,walk_in_closet,no
FTR-06126,PRP-1519,fireplace,YES
FTR-06127,PRP-1519,master_suite,0
FTR-06128,PRP-1519,hardwood_floors,no
FTR-06129,PRP-1520,fireplace,Yes
FTR-06130,PRP-1520,updated_kitchen,YES
FTR-06131,PRP-1520,vaulted_ceilings,yes
FTR-06132,PRP-1520,hardwood_floors,YES
FTR-06133,PRP-1520,walk_in_closet,YES
FTR-06134,PRP-1520,central_ac,YES
FTR-06135,PRP-1521,updated_kitchen,yes
FTR-06136,PRP-1521,granite_counters,yes
FTR-06137,PRP-1522,granite_counters,no
FTR-06138,PRP-1522,vaulted_ceilings,YES
FTR-06139,PRP-1522,open_floor_plan,0
FTR-06140,PRP-1522,new_roof,YES
FTR-06141,PRP-1523,open_floor_plan,YES
FTR-06142,PRP-1523,granite_counters,no
FTR-06143,PRP-1523,updated_kitchen,1
FTR-06144,PRP-1523,solar_panels,no
FTR-06145,PRP-1523,fireplace,0
FTR-06146,PRP-1524,new_roof,YES
FTR-06147,PRP-1524,fresh_paint,Yes
FTR-06148,PRP-1524,updated_kitchen,Yes
FTR-06149,PRP-1524,vaulted_ceilings,1
FTR-06150,PRP-1524,walk_in_closet,0
FTR-06151,PRP-1524,solar_panels,yes
FTR-06152,PRP-1525,solar_panels,0
FTR-06153,PRP-1525,master_suite,Yes
FTR-06154,PRP-1525,vaulted_ceilings,0
FTR-06155,PRP-1526,hardwood_floors,Yes
FTR-06156,PRP-1526,walk_in_closet,0
FTR-06157,PRP-1526,fireplace,no
FTR-06158,PRP-1526,updated_kitchen,yes
FTR-06159,PRP-1527,central_ac,Yes
FTR-06160,PRP-1527,solar_panels,yes
FTR-06161,PRP-1527,vaulted_ceilings,yes
FTR-06162,PRP-1527,updated_kitchen,yes
FTR-06163,PRP-1527,open_floor_plan,0
FTR-06164,PRP-1528,updated_kitchen,Yes
FTR-06165,PRP-1528,new_roof,YES
FTR-06166,PRP-1528,master_suite,Yes
FTR-06167,PRP-1528,stainless_appliances,yes
FTR-06168,PRP-1528,smart_home,0
FTR-06169,PRP-1529,vaulted_ceilings,yes
FTR-06170,PRP-1529,central_ac,no
FTR-06171,PRP-1530,updated_kitchen,0
FTR-06172,PRP-1530,solar_panels,Yes
FTR-06173,PRP-1530,fireplace,1
FTR-06174,PRP-1530,vaulted_ceilings,no
FTR-06175,PRP-1530,hardwood_floors,0
FTR-06176,PRP-1530,open_floor_plan,Yes
FTR-06177,PRP-1531,stainless_appliances,no
FTR-06178,PRP-1531,smart_home,no
FTR-06179,PRP-1531,solar_panels,1
FTR-06180,PRP-1531,vaulted_ceilings,yes
FTR-06181,PRP-1531,fresh_paint,YES
FTR-06182,PRP-1531,granite_counters,0
FTR-06183,PRP-1532,new_roof,no
FTR-06184,PRP-1532,solar_panels,0
FTR-06185,PRP-1533,updated_kitchen,1
FTR-06186,PRP-1533,open_floor_plan,Yes
FTR-06187,PRP-1533,stainless_appliances,0
FTR-06188,PRP-1534,smart_home,YES
FTR-06189,PRP-1534,master_suite,yes
FTR-06190,PRP-1535,vaulted_ceilings,1
FTR-06191,PRP-1535,central_ac,0
FTR-06192,PRP-1536,granite_counters,0
FTR-06193,PRP-1536,solar_panels,YES
FTR-06194,PRP-1536,vaulted_ceilings,0
FTR-06195,PRP-1536,walk_in_closet,YES
FTR-06196,PRP-1537,hardwood_floors,1
FTR-06197,PRP-1537,master_suite,yes
FTR-06198,PRP-1537,granite_counters,Yes
FTR-06199,PRP-1537,fresh_paint,yes
FTR-06200,PRP-1538,solar_panels,1
FTR-06201,PRP-1538,updated_kitchen,no
FTR-06202,PRP-1538,granite_counters,no
FTR-06203,PRP-1538,stainless_appliances,0
FTR-06204,PRP-1538,fireplace,no
FTR-06205,PRP-1539,fireplace,YES
FTR-06206,PRP-1539,vaulted_ceilings,no
FTR-06207,PRP-1539,solar_panels,yes
FTR-06208,PRP-1539,central_ac,0
FTR-06209,PRP-1539,stainless_appliances,YES
FTR-06210,PRP-1539,updated_kitchen,1
FTR-06211,PRP-1540,solar_panels,0
FTR-06212,PRP-1540,hardwood_floors,1
FTR-06213,PRP-1540,vaulted_ceilings,1
FTR-06214,PRP-1540,new_roof,no
FTR-06215,PRP-1540,fresh_paint,0
FTR-06216,PRP-1541,vaulted_ceilings,0
FTR-06217,PRP-1541,smart_home,yes
FTR-06218,PRP-1541,hardwood_floors,Yes
FTR-06219,PRP-1542,stainless_appliances,1
FTR-06220,PRP-1542,updated_kitchen,no
FTR-06221,PRP-1542,solar_panels,Yes
FTR-06222,PRP-1543,fresh_paint,0
FTR-06223,PRP-1543,stainless_appliances,Yes
FTR-06224,PRP-1544,updated_kitchen,no
FTR-06225,PRP-1544,central_ac,YES
FTR-06226,PRP-1544,master_suite,YES
FTR-06227,PRP-1544,open_floor_plan,yes
FTR-06228,PRP-1544,fireplace,1
FTR-06229,PRP-1545,fresh_paint,YES
FTR-06230,PRP-1545,hardwood_floors,0
FTR-06231,PRP-1545,vaulted_ceilings,yes
FTR-06232,PRP-1545,new_roof,1
FTR-06233,PRP-1546,new_roof,YES
FTR-06234,PRP-1546,updated_kitchen,yes
FTR-06235,PRP-1546,central_ac,YES
FTR-06236,PRP-1546,granite_counters,Yes
FTR-06237,PRP-1546,vaulted_ceilings,yes
FTR-06238,PRP-1547,walk_in_closet,no
FTR-06239,PRP-1547,fresh_paint,YES
FTR-06240,PRP-1547,new_roof,yes
FTR-06241,PRP-1548,solar_panels,YES
FTR-06242,PRP-1548,open_floor_plan,1
FTR-06243,PRP-1549,vaulted_ceilings,no
FTR-06244,PRP-1549,updated_kitchen,Yes
FTR-06245,PRP-1550,new_roof,1
FTR-06246,PRP-1550,open_floor_plan,YES
FTR-06247,PRP-1551,fireplace,1
FTR-06248,PRP-1551,stainless_appliances,no
FTR-06249,PRP-1552,central_ac,yes
FTR-06250,PRP-1552,walk_in_closet,yes
FTR-06251,PRP-1552,master_suite,no
FTR-06252,PRP-1552,solar_panels,1
FTR-06253,PRP-1553,master_suite,YES
FTR-06254,PRP-1553,open_floor_plan,YES
FTR-06255,PRP-1554,fireplace,1
FTR-06256,PRP-1554,hardwood_floors,YES
FTR-06257,PRP-1554,solar_panels,yes
FTR-06258,PRP-1555,vaulted_ceilings,yes
FTR-06259,PRP-1555,fireplace,YES
FTR-06260,PRP-1556,stainless_appliances,1
FTR-06261,PRP-1556,updated_kitchen,YES
FTR-06262,PRP-1556,solar_panels,yes
FTR-06263,PRP-1557,open_floor_plan,0
FTR-06264,PRP-1557,smart_home,0
FTR-06265,PRP-1557,fresh_paint,1
FTR-06266,PRP-1557,walk_in_closet,0
FTR-06267,PRP-1557,stainless_appliances,1
FTR-06268,PRP-1557,hardwood_floors,yes
FTR-06269,PRP-1558,new_roof,Yes
FTR-06270,PRP-1558,open_floor_plan,1
FTR-06271,PRP-1559,vaulted_ceilings,yes
FTR-06272,PRP-1559,new_roof,yes
FTR-06273,PRP-1560,central_ac,no
FTR-06274,PRP-1560,open_floor_plan,0
FTR-06275,PRP-1560,granite_counters,YES
FTR-06276,PRP-1560,hardwood_floors,0
FTR-06277,PRP-1560,smart_home,0
FTR-06278,PRP-1560,fresh_paint,YES
FTR-06279,PRP-1561,granite_counters,1
FTR-06280,PRP-1561,solar_panels,0
FTR-06281,PRP-1561,vaulted_ceilings,0
FTR-06282,PRP-1561,open_floor_plan,no
FTR-06283,PRP-1561,stainless_appliances,0
FTR-06284,PRP-1562,hardwood_floors,no
FTR-06285,PRP-1562,fresh_paint,yes
FTR-06286,PRP-1563,updated_kitchen,0
FTR-06287,PRP-1563,smart_home,no
FTR-06288,PRP-1563,fresh_paint,Yes
FTR-06289,PRP-1563,solar_panels,YES
FTR-06290,PRP-1563,granite_counters,Yes
FTR-06291,PRP-1563,hardwood_floors,yes
FTR-06292,PRP-1564,updated_kitchen,0
FTR-06293,PRP-1564,granite_counters,YES
FTR-06294,PRP-1564,walk_in_closet,YES
FTR-06295,PRP-1565,central_ac,no
FTR-06296,PRP-1565,updated_kitchen,yes
FTR-06297,PRP-1566,new_roof,no
FTR-06298,PRP-1566,smart_home,1
FTR-06299,PRP-1567,new_roof,no
FTR-06300,PRP-1567,vaulted_ceilings,yes
FTR-06301,PRP-1567,stainless_appliances,0
FTR-06302,PRP-1567,smart_home,yes
FTR-06303,PRP-1567,granite_counters,no
FTR-06304,PRP-1568,fireplace,yes
FTR-06305,PRP-1568,updated_kitchen,0
FTR-06306,PRP-1569,solar_panels,no
FTR-06307,PRP-1569,master_suite,yes
FTR-06308,PRP-1569,fresh_paint,0
FTR-06309,PRP-1569,hardwood_floors,0
FTR-06310,PRP-1569,vaulted_ceilings,0
FTR-06311,PRP-1569,fireplace,1
FTR-06312,PRP-1570,fireplace,0
FTR-06313,PRP-1570,open_floor_plan,Yes
FTR-06314,PRP-1570,master_suite,1
FTR-06315,PRP-1571,walk_in_closet,yes
FTR-06316,PRP-1571,fireplace,YES
FTR-06317,PRP-1571,smart_home,1
FTR-06318,PRP-1571,updated_kitchen,1
FTR-06319,PRP-1571,master_suite,Yes
FTR-06320,PRP-1571,fresh_paint,1
FTR-06321,PRP-1572,new_roof,no
FTR-06322,PRP-1572,granite_counters,yes
FTR-06323,PRP-1572,fresh_paint,1
FTR-06324,PRP-1572,solar_panels,no
FTR-06325,PRP-1572,smart_home,1
FTR-06326,PRP-1573,granite_counters,1
FTR-06327,PRP-1573,smart_home,no
FTR-06328,PRP-1573,fresh_paint,YES
FTR-06329,PRP-1574,hardwood_floors,1
FTR-06330,PRP-1574,updated_kitchen,1
FTR-06331,PRP-1574,walk_in_closet,Yes
FTR-06332,PRP-1575,vaulted_ceilings,yes
FTR-06333,PRP-1575,new_roof,no
FTR-06334,PRP-1576,fireplace,YES
FTR-06335,PRP-1576,granite_counters,yes
FTR-06336,PRP-1576,vaulted_ceilings,no
FTR-06337,PRP-1577,updated_kitchen,0
FTR-06338,PRP-1577,smart_home,1
FTR-06339,PRP-1577,central_ac,0
FTR-06340,PRP-1578,open_floor_plan,Yes
FTR-06341,PRP-1578,fresh_paint,0
FTR-06342,PRP-1579,solar_panels,no
FTR-06343,PRP-1579,fireplace,0
FTR-06344,PRP-1579,granite_counters,yes
FTR-06345,PRP-1579,walk_in_closet,no
FTR-06346,PRP-1579,open_floor_plan,no
FTR-06347,PRP-1579,new_roof,Yes
FTR-06348,PRP-1580,walk_in_closet,YES
FTR-06349,PRP-1580,central_ac,Yes
FTR-06350,PRP-1581,vaulted_ceilings,Yes
FTR-06351,PRP-1581,granite_counters,0
FTR-06352,PRP-1582,granite_counters,no
FTR-06353,PRP-1582,fireplace,yes
FTR-06354,PRP-1582,smart_home,YES
FTR-06355,PRP-1582,fresh_paint,YES
FTR-06356,PRP-1583,stainless_appliances,no
FTR-06357,PRP-1583,updated_kitchen,yes
FTR-06358,PRP-1584,central_ac,yes
FTR-06359,PRP-1584,walk_in_closet,1
FTR-06360,PRP-1584,new_roof,0
FTR-06361,PRP-1585,vaulted_ceilings,1
FTR-06362,PRP-1585,master_suite,YES
FTR-06363,PRP-1585,open_floor_plan,0
FTR-06364,PRP-1586,central_ac,YES
FTR-06365,PRP-1586,stainless_appliances,YES
FTR-06366,PRP-1586,open_floor_plan,0
FTR-06367,PRP-1587,new_roof,Yes
FTR-06368,PRP-1587,granite_counters,Yes
FTR-06369,PRP-1588,hardwood_floors,YES
FTR-06370,PRP-1588,vaulted_ceilings,0
FTR-06371,PRP-1588,new_roof,yes
FTR-06372,PRP-1588,walk_in_closet,no
FTR-06373,PRP-1588,updated_kitchen,yes
FTR-06374,PRP-1588,central_ac,0
FTR-06375,PRP-1589,granite_counters,0
FTR-06376,PRP-1589,fireplace,1
FTR-06377,PRP-1589,central_ac,yes
FTR-06378,PRP-1589,fresh_paint,1
FTR-06379,PRP-1589,stainless_appliances,YES
FTR-06380,PRP-1589,hardwood_floors,Yes
FTR-06381,PRP-1590,stainless_appliances,no
FTR-06382,PRP-1590,new_roof,0
FTR-06383,PRP-1590,central_ac,1
FTR-06384,PRP-1590,granite_counters,YES
FTR-06385,PRP-1590,fireplace,1
FTR-06386,PRP-1590,fresh_paint,yes
FTR-06387,PRP-1591,open_floor_plan,1
FTR-06388,PRP-1591,fireplace,Yes
FTR-06389,PRP-1591,hardwood_floors,0
FTR-06390,PRP-1592,smart_home,1
FTR-06391,PRP-1592,updated_kitchen,no
FTR-06392,PRP-1592,master_suite,no
FTR-06393,PRP-1593,fireplace,1
FTR-06394,PRP-1593,central_ac,Yes
FTR-06395,PRP-1594,central_ac,YES
FTR-06396,PRP-1594,updated_kitchen,yes
FTR-06397,PRP-1594,open_floor_plan,0
FTR-06398,PRP-1594,granite_counters,1
FTR-06399,PRP-1594,fireplace,1
FTR-06400,PRP-1595,master_suite,0
FTR-06401,PRP-1595,fireplace,1
FTR-06402,PRP-1595,open_floor_plan,no
FTR-06403,PRP-1595,granite_counters,YES
FTR-06404,PRP-1595,updated_kitchen,no
FTR-06405,PRP-1595,smart_home,1
FTR-06406,PRP-1596,granite_counters,1
FTR-06407,PRP-1596,fresh_paint,0
FTR-06408,PRP-1596,new_roof,1
FTR-06409,PRP-1596,solar_panels,0
FTR-06410,PRP-1596,updated_kitchen,Yes
FTR-06411,PRP-1596,central_ac,no
FTR-06412,PRP-1597,master_suite,0
FTR-06413,PRP-1597,smart_home,Yes
FTR-06414,PRP-1597,stainless_appliances,Yes
FTR-06415,PRP-1597,new_roof,0
FTR-06416,PRP-1597,walk_in_closet,no
FTR-06417,PRP-1598,stainless_appliances,yes
FTR-06418,PRP-1598,master_suite,YES
FTR-06419,PRP-1598,granite_counters,YES
FTR-06420,PRP-1598,fireplace,no
FTR-06421,PRP-1599,central_ac,YES
FTR-06422,PRP-1599,stainless_appliances,0
FTR-06423,PRP-1599,updated_kitchen,Yes
FTR-06424,PRP-1599,smart_home,Yes
FTR-06425,PRP-1599,walk_in_closet,0
FTR-06426,PRP-1599,granite_counters,yes
FTR-06427,PRP-1600,master_suite,YES
FTR-06428,PRP-1600,solar_panels,0
FTR-06429,PRP-1600,granite_counters,no
FTR-06430,PRP-1600,updated_kitchen,no
FTR-06431,PRP-1600,stainless_appliances,Yes
FTR-06432,PRP-1600,fireplace,Yes
FTR-06433,PRP-1601,fireplace,no
FTR-06434,PRP-1601,solar_panels,YES
FTR-06435,PRP-1602,vaulted_ceilings,Yes
FTR-06436,PRP-1602,new_roof,1
FTR-06437,PRP-1602,smart_home,Yes
FTR-06438,PRP-1602,stainless_appliances,no
FTR-06439,PRP-1602,fireplace,YES
FTR-06440,PRP-1602,walk_in_closet,1
FTR-06441,PRP-1603,granite_counters,yes
FTR-06442,PRP-1603,new_roof,0
FTR-06443,PRP-1603,open_floor_plan,no
FTR-06444,PRP-1603,updated_kitchen,yes
FTR-06445,PRP-1603,stainless_appliances,no
FTR-06446,PRP-1604,granite_counters,no
FTR-06447,PRP-1604,hardwood_floors,YES
FTR-06448,PRP-1604,updated_kitchen,no
FTR-06449,PRP-1605,open_floor_plan,1
FTR-06450,PRP-1605,fireplace,yes
FTR-06451,PRP-1605,granite_counters,no
FTR-06452,PRP-1606,new_roof,1
FTR-06453,PRP-1606,updated_kitchen,yes
FTR-06454,PRP-1606,granite_counters,0
FTR-06455,PRP-1606,fireplace,YES
FTR-06456,PRP-1607,updated_kitchen,1
FTR-06457,PRP-1607,smart_home,no
FTR-06458,PRP-1607,solar_panels,no
FTR-06459,PRP-1608,walk_in_closet,1
FTR-06460,PRP-1608,hardwood_floors,0
FTR-06461,PRP-1608,granite_counters,Yes
FTR-06462,PRP-1608,fresh_paint,no
FTR-06463,PRP-1609,central_ac,no
FTR-06464,PRP-1609,open_floor_plan,Yes
FTR-06465,PRP-1609,vaulted_ceilings,no
FTR-06466,PRP-1609,fireplace,yes
FTR-06467,PRP-1609,updated_kitchen,YES
FTR-06468,PRP-1609,solar_panels,YES
FTR-06469,PRP-1610,hardwood_floors,0
FTR-06470,PRP-1610,granite_counters,1
FTR-06471,PRP-1610,updated_kitchen,Yes
FTR-06472,PRP-1610,stainless_appliances,no
FTR-06473,PRP-1610,fireplace,yes
FTR-06474,PRP-1611,new_roof,1
FTR-06475,PRP-1611,master_suite,yes
FTR-06476,PRP-1612,open_floor_plan,1
FTR-06477,PRP-1612,hardwood_floors,no
FTR-06478,PRP-1612,master_suite,no
FTR-06479,PRP-1612,fireplace,no
FTR-06480,PRP-1612,central_ac,YES
FTR-06481,PRP-1613,hardwood_floors,0
FTR-06482,PRP-1613,walk_in_closet,yes
FTR-06483,PRP-1613,updated_kitchen,Yes
FTR-06484,PRP-1613,fireplace,yes
FTR-06485,PRP-1613,granite_counters,0
FTR-06486,PRP-1614,granite_counters,1
FTR-06487,PRP-1614,fresh_paint,yes
FTR-06488,PRP-1614,updated_kitchen,YES
FTR-06489,PRP-1614,master_suite,0
FTR-06490,PRP-1615,solar_panels,Yes
FTR-06491,PRP-1615,stainless_appliances,0
FTR-06492,PRP-1615,walk_in_closet,yes
FTR-06493,PRP-1616,fireplace,0
FTR-06494,PRP-1616,new_roof,YES
FTR-06495,PRP-1616,smart_home,yes
FTR-06496,PRP-1616,hardwood_floors,Yes
FTR-06497,PRP-1617,updated_kitchen,1
FTR-06498,PRP-1617,fresh_paint,YES
FTR-06499,PRP-1617,smart_home,yes
FTR-06500,PRP-1618,updated_kitchen,no
FTR-06501,PRP-1618,granite_counters,Yes
FTR-06502,PRP-1618,central_ac,no
FTR-06503,PRP-1619,smart_home,yes
FTR-06504,PRP-1619,central_ac,1
FTR-06505,PRP-1619,new_roof,yes
FTR-06506,PRP-1620,fresh_paint,no
FTR-06507,PRP-1620,stainless_appliances,no
FTR-06508,PRP-1620,new_roof,no
FTR-06509,PRP-1621,solar_panels,yes
FTR-06510,PRP-1621,master_suite,yes
FTR-06511,PRP-1621,new_roof,YES
FTR-06512,PRP-1621,fireplace,yes
FTR-06513,PRP-1622,hardwood_floors,1
FTR-06514,PRP-1622,open_floor_plan,YES
FTR-06515,PRP-1622,vaulted_ceilings,no
FTR-06516,PRP-1623,fireplace,YES
FTR-06517,PRP-1623,master_suite,1
FTR-06518,PRP-1623,smart_home,no
FTR-06519,PRP-1623,new_roof,Yes
FTR-06520,PRP-1623,fresh_paint,no
FTR-06521,PRP-1623,stainless_appliances,0
FTR-06522,PRP-1624,new_roof,Yes
FTR-06523,PRP-1624,smart_home,0
FTR-06524,PRP-1624,fresh_paint,YES
FTR-06525,PRP-1624,solar_panels,yes
FTR-06526,PRP-1624,granite_counters,1
FTR-06527,PRP-1624,vaulted_ceilings,yes
FTR-06528,PRP-1625,smart_home,1
FTR-06529,PRP-1625,master_suite,no
FTR-06530,PRP-1625,open_floor_plan,0
FTR-06531,PRP-1625,stainless_appliances,0
FTR-06532,PRP-1625,hardwood_floors,Yes
FTR-06533,PRP-1625,fireplace,YES
FTR-06534,PRP-1626,stainless_appliances,no
FTR-06535,PRP-1626,smart_home,yes
FTR-06536,PRP-1626,granite_counters,Yes
FTR-06537,PRP-1626,open_floor_plan,0
FTR-06538,PRP-1627,central_ac,0
FTR-06539,PRP-1627,new_roof,YES
FTR-06540,PRP-1627,walk_in_closet,no
FTR-06541,PRP-1627,granite_counters,YES
FTR-06542,PRP-1627,master_suite,0
FTR-06543,PRP-1628,solar_panels,Yes
FTR-06544,PRP-1628,fresh_paint,no
FTR-06545,PRP-1628,smart_home,no
FTR-06546,PRP-1628,hardwood_floors,yes
FTR-06547,PRP-1628,master_suite,1
FTR-06548,PRP-1629,open_floor_plan,1
FTR-06549,PRP-1629,fireplace,yes
FTR-06550,PRP-1629,solar_panels,1
FTR-06551,PRP-1629,fresh_paint,0
FTR-06552,PRP-1629,master_suite,yes
FTR-06553,PRP-1630,updated_kitchen,0
FTR-06554,PRP-1630,granite_counters,yes
FTR-06555,PRP-1630,central_ac,1
FTR-06556,PRP-1631,updated_kitchen,Yes
FTR-06557,PRP-1631,new_roof,0
FTR-06558,PRP-1632,fireplace,Yes
FTR-06559,PRP-1632,master_suite,Yes
FTR-06560,PRP-1633,vaulted_ceilings,0
FTR-06561,PRP-1633,walk_in_closet,0
FTR-06562,PRP-1633,updated_kitchen,0
FTR-06563,PRP-1633,fresh_paint,1
FTR-06564,PRP-1633,smart_home,yes
FTR-06565,PRP-1634,hardwood_floors,0
FTR-06566,PRP-1634,updated_kitchen,yes
FTR-06567,PRP-1634,central_ac,yes
FTR-06568,PRP-1634,new_roof,no
FTR-06569,PRP-1634,open_floor_plan,Yes
FTR-06570,PRP-1635,granite_counters,YES
FTR-06571,PRP-1635,fresh_paint,no
FTR-06572,PRP-1636,updated_kitchen,0
FTR-06573,PRP-1636,central_ac,yes
FTR-06574,PRP-1636,open_floor_plan,no
FTR-06575,PRP-1636,fresh_paint,Yes
FTR-06576,PRP-1637,open_floor_plan,Yes
FTR-06577,PRP-1637,stainless_appliances,Yes
FTR-06578,PRP-1637,hardwood_floors,Yes
FTR-06579,PRP-1637,solar_panels,1
FTR-06580,PRP-1637,walk_in_closet,Yes
FTR-06581,PRP-1637,smart_home,yes
FTR-06582,PRP-1638,granite_counters,0
FTR-06583,PRP-1638,solar_panels,0
FTR-06584,PRP-1638,vaulted_ceilings,YES
FTR-06585,PRP-1638,hardwood_floors,Yes
FTR-06586,PRP-1639,open_floor_plan,YES
FTR-06587,PRP-1639,updated_kitchen,0
FTR-06588,PRP-1639,solar_panels,yes
FTR-06589,PRP-1639,new_roof,1
FTR-06590,PRP-1640,new_roof,yes
FTR-06591,PRP-1640,updated_kitchen,1
FTR-06592,PRP-1640,central_ac,1
FTR-06593,PRP-1640,solar_panels,yes
FTR-06594,PRP-1640,open_floor_plan,yes
FTR-06595,PRP-1640,stainless_appliances,1
FTR-06596,PRP-1641,central_ac,0
FTR-06597,PRP-1641,updated_kitchen,0
FTR-06598,PRP-1641,solar_panels,yes
FTR-06599,PRP-1642,updated_kitchen,0
FTR-06600,PRP-1642,open_floor_plan,no
FTR-06601,PRP-1642,solar_panels,YES
FTR-06602,PRP-1643,vaulted_ceilings,no
FTR-06603,PRP-1643,updated_kitchen,YES
FTR-06604,PRP-1644,hardwood_floors,no
FTR-06605,PRP-1644,updated_kitchen,Yes
FTR-06606,PRP-1644,fresh_paint,0
FTR-06607,PRP-1644,new_roof,no
FTR-06608,PRP-1644,open_floor_plan,0
FTR-06609,PRP-1644,stainless_appliances,yes
FTR-06610,PRP-1645,smart_home,1
FTR-06611,PRP-1645,granite_counters,1
FTR-06612,PRP-1645,hardwood_floors,yes
FTR-06613,PRP-1645,fresh_paint,Yes
FTR-06614,PRP-1646,solar_panels,yes
FTR-06615,PRP-1646,fresh_paint,0
FTR-06616,PRP-1646,stainless_appliances,0
FTR-06617,PRP-1646,updated_kitchen,1
FTR-06618,PRP-1647,vaulted_ceilings,0
FTR-06619,PRP-1647,open_floor_plan,0
FTR-06620,PRP-1647,hardwood_floors,no
FTR-06621,PRP-1647,fireplace,YES
FTR-06622,PRP-1647,master_suite,YES
FTR-06623,PRP-1648,walk_in_closet,YES
FTR-06624,PRP-1648,smart_home,no
FTR-06625,PRP-1648,master_suite,yes
FTR-06626,PRP-1649,granite_counters,no
FTR-06627,PRP-1649,stainless_appliances,0
FTR-06628,PRP-1649,central_ac,no
FTR-06629,PRP-1649,hardwood_floors,1
FTR-06630,PRP-1650,new_roof,no
FTR-06631,PRP-1650,vaulted_ceilings,1
FTR-06632,PRP-1650,central_ac,YES
FTR-06633,PRP-1650,open_floor_plan,Yes
FTR-06634,PRP-1651,smart_home,0
FTR-06635,PRP-1651,hardwood_floors,YES
FTR-06636,PRP-1651,stainless_appliances,YES
FTR-06637,PRP-1651,central_ac,yes
FTR-06638,PRP-1652,solar_panels,Yes
FTR-06639,PRP-1652,walk_in_closet,0
FTR-06640,PRP-1652,vaulted_ceilings,1
FTR-06641,PRP-1652,hardwood_floors,1
FTR-06642,PRP-1652,fresh_paint,yes
FTR-06643,PRP-1653,stainless_appliances,Yes
FTR-06644,PRP-1653,solar_panels,yes
FTR-06645,PRP-1653,fireplace,1
FTR-06646,PRP-1653,master_suite,1
FTR-06647,PRP-1653,walk_in_closet,yes
FTR-06648,PRP-1654,new_roof,no
FTR-06649,PRP-1654,updated_kitchen,no
FTR-06650,PRP-1654,fresh_paint,no
FTR-06651,PRP-1654,granite_counters,1
FTR-06652,PRP-1655,smart_home,0
FTR-06653,PRP-1655,granite_counters,0
FTR-06654,PRP-1655,fresh_paint,yes
FTR-06655,PRP-1656,granite_counters,Yes
FTR-06656,PRP-1656,hardwood_floors,Yes
FTR-06657,PRP-1656,central_ac,0
FTR-06658,PRP-1656,updated_kitchen,Yes
FTR-06659,PRP-1656,open_floor_plan,Yes
FTR-06660,PRP-1657,new_roof,1
FTR-06661,PRP-1657,updated_kitchen,1
FTR-06662,PRP-1658,central_ac,Yes
FTR-06663,PRP-1658,granite_counters,YES
FTR-06664,PRP-1659,stainless_appliances,1
FTR-06665,PRP-1659,granite_counters,YES
FTR-06666,PRP-1659,fresh_paint,Yes
FTR-06667,PRP-1659,updated_kitchen,no
FTR-06668,PRP-1660,walk_in_closet,1
FTR-06669,PRP-1660,solar_panels,no
FTR-06670,PRP-1660,open_floor_plan,no
FTR-06671,PRP-1660,new_roof,YES
FTR-06672,PRP-1661,fresh_paint,YES
FTR-06673,PRP-1661,new_roof,no
FTR-06674,PRP-1662,updated_kitchen,0
FTR-06675,PRP-1662,vaulted_ceilings,no
FTR-06676,PRP-1662,stainless_appliances,no
FTR-06677,PRP-1662,central_ac,no
FTR-06678,PRP-1663,vaulted_ceilings,1
FTR-06679,PRP-1663,updated_kitchen,yes
FTR-06680,PRP-1664,open_floor_plan,Yes
FTR-06681,PRP-1664,fresh_paint,Yes
FTR-06682,PRP-1664,central_ac,0
FTR-06683,PRP-1664,fireplace,0
FTR-06684,PRP-1664,vaulted_ceilings,Yes
FTR-06685,PRP-1664,stainless_appliances,1
FTR-06686,PRP-1665,vaulted_ceilings,1
FTR-06687,PRP-1665,central_ac,no
FTR-06688,PRP-1666,solar_panels,Yes
FTR-06689,PRP-1666,hardwood_floors,0
FTR-06690,PRP-1666,updated_kitchen,yes
FTR-06691,PRP-1667,walk_in_closet,Yes
FTR-06692,PRP-1667,solar_panels,YES
FTR-06693,PRP-1667,fireplace,Yes
FTR-06694,PRP-1667,stainless_appliances,0
FTR-06695,PRP-1668,master_suite,YES
FTR-06696,PRP-1668,hardwood_floors,1
FTR-06697,PRP-1668,smart_home,YES
FTR-06698,PRP-1668,fireplace,no
FTR-06699,PRP-1668,granite_counters,0
FTR-06700,PRP-1669,new_roof,Yes
FTR-06701,PRP-1669,central_ac,no
FTR-06702,PRP-1669,walk_in_closet,Yes
FTR-06703,PRP-1669,vaulted_ceilings,YES
FTR-06704,PRP-1669,fireplace,1
FTR-06705,PRP-1670,hardwood_floors,no
FTR-06706,PRP-1670,central_ac,Yes
FTR-06707,PRP-1670,fresh_paint,yes
FTR-06708,PRP-1671,master_suite,Yes
FTR-06709,PRP-1671,updated_kitchen,0
FTR-06710,PRP-1672,solar_panels,YES
FTR-06711,PRP-1672,master_suite,yes
FTR-06712,PRP-1672,walk_in_closet,0
FTR-06713,PRP-1672,fireplace,0
FTR-06714,PRP-1672,vaulted_ceilings,yes
FTR-06715,PRP-1673,stainless_appliances,1
FTR-06716,PRP-1673,central_ac,1
FTR-06717,PRP-1673,master_suite,YES
FTR-06718,PRP-1673,smart_home,yes
FTR-06719,PRP-1674,new_roof,yes
FTR-06720,PRP-1674,updated_kitchen,1
FTR-06721,PRP-1674,central_ac,1
FTR-06722,PRP-1675,master_suite,0
FTR-06723,PRP-1675,open_floor_plan,yes
FTR-06724,PRP-1676,open_floor_plan,0
FTR-06725,PRP-1676,walk_in_closet,YES
FTR-06726,PRP-1676,hardwood_floors,no
FTR-06727,PRP-1676,fireplace,YES
FTR-06728,PRP-1677,stainless_appliances,Yes
FTR-06729,PRP-1677,fresh_paint,0
FTR-06730,PRP-1677,new_roof,no
FTR-06731,PRP-1678,updated_kitchen,YES
FTR-06732,PRP-1678,fireplace,YES
FTR-06733,PRP-1679,master_suite,no
FTR-06734,PRP-1679,solar_panels,yes
FTR-06735,PRP-1680,fresh_paint,0
FTR-06736,PRP-1680,fireplace,Yes
FTR-06737,PRP-1681,fireplace,0
FTR-06738,PRP-1681,stainless_appliances,YES
FTR-06739,PRP-1681,solar_panels,YES
FTR-06740,PRP-1681,walk_in_closet,0
FTR-06741,PRP-1681,central_ac,no
FTR-06742,PRP-1682,vaulted_ceilings,yes
FTR-06743,PRP-1682,fresh_paint,YES
FTR-06744,PRP-1682,granite_counters,Yes
FTR-06745,PRP-1682,new_roof,no
FTR-06746,PRP-1682,updated_kitchen,YES
FTR-06747,PRP-1682,master_suite,yes
FTR-06748,PRP-1683,open_floor_plan,1
FTR-06749,PRP-1683,walk_in_closet,no
FTR-06750,PRP-1683,new_roof,0
FTR-06751,PRP-1683,central_ac,no
FTR-06752,PRP-1683,granite_counters,1
FTR-06753,PRP-1684,master_suite,YES
FTR-06754,PRP-1684,updated_kitchen,1
FTR-06755,PRP-1684,solar_panels,Yes
FTR-06756,PRP-1684,stainless_appliances,0
FTR-06757,PRP-1685,fireplace,1
FTR-06758,PRP-1685,solar_panels,no
FTR-06759,PRP-1685,updated_kitchen,YES
FTR-06760,PRP-1685,granite_counters,YES
FTR-06761,PRP-1685,central_ac,0
FTR-06762,PRP-1685,master_suite,1
FTR-06763,PRP-1686,open_floor_plan,yes
FTR-06764,PRP-1686,hardwood_floors,Yes
FTR-06765,PRP-1687,solar_panels,Yes
FTR-06766,PRP-1687,open_floor_plan,0
FTR-06767,PRP-1687,stainless_appliances,yes
FTR-06768,PRP-1687,hardwood_floors,YES
FTR-06769,PRP-1687,fresh_paint,1
FTR-06770,PRP-1687,smart_home,0
FTR-06771,PRP-1688,walk_in_closet,yes
FTR-06772,PRP-1688,fireplace,YES
FTR-06773,PRP-1688,vaulted_ceilings,YES
FTR-06774,PRP-1688,granite_counters,0
FTR-06775,PRP-1688,solar_panels,no
FTR-06776,PRP-1688,fresh_paint,Yes
FTR-06777,PRP-1689,walk_in_closet,no
FTR-06778,PRP-1689,vaulted_ceilings,1
FTR-06779,PRP-1689,master_suite,0
FTR-06780,PRP-1690,granite_counters,no
FTR-06781,PRP-1690,central_ac,1
FTR-06782,PRP-1690,hardwood_floors,YES
FTR-06783,PRP-1690,walk_in_closet,no
FTR-06784,PRP-1691,granite_counters,Yes
FTR-06785,PRP-1691,open_floor_plan,0
FTR-06786,PRP-1692,solar_panels,0
FTR-06787,PRP-1692,stainless_appliances,0
FTR-06788,PRP-1692,granite_counters,no
FTR-06789,PRP-1692,open_floor_plan,0
FTR-06790,PRP-1692,master_suite,0
FTR-06791,PRP-1693,hardwood_floors,yes
FTR-06792,PRP-1693,smart_home,0
FTR-06793,PRP-1693,updated_kitchen,0
FTR-06794,PRP-1694,updated_kitchen,no
FTR-06795,PRP-1694,solar_panels,0
FTR-06796,PRP-1694,fresh_paint,no
FTR-06797,PRP-1694,open_floor_plan,no
FTR-06798,PRP-1694,hardwood_floors,YES
FTR-06799,PRP-1695,fireplace,no
FTR-06800,PRP-1695,smart_home,0
FTR-06801,PRP-1695,stainless_appliances,yes
FTR-06802,PRP-1695,fresh_paint,yes
FTR-06803,PRP-1695,open_floor_plan,no
FTR-06804,PRP-1695,new_roof,0
FTR-06805,PRP-1696,smart_home,yes
FTR-06806,PRP-1696,granite_counters,no
FTR-06807,PRP-1697,new_roof,Yes
FTR-06808,PRP-1697,walk_in_closet,YES
FTR-06809,PRP-1697,master_suite,YES
FTR-06810,PRP-1697,stainless_appliances,YES
FTR-06811,PRP-1697,granite_counters,yes
FTR-06812,PRP-1698,new_roof,Yes
FTR-06813,PRP-1698,master_suite,no
FTR-06814,PRP-1698,central_ac,1
FTR-06815,PRP-1698,stainless_appliances,no
FTR-06816,PRP-1698,smart_home,1
FTR-06817,PRP-1699,stainless_appliances,yes
FTR-06818,PRP-1699,fireplace,1
FTR-06819,PRP-1699,master_suite,1
FTR-06820,PRP-1699,hardwood_floors,YES
FTR-06821,PRP-1700,granite_counters,Yes
FTR-06822,PRP-1700,central_ac,no
FTR-06823,PRP-1700,master_suite,Yes
FTR-06824,PRP-1700,stainless_appliances,YES
FTR-06825,PRP-1700,hardwood_floors,0
FTR-06826,PRP-1700,open_floor_plan,no
FTR-06827,PRP-1701,updated_kitchen,no
FTR-06828,PRP-1701,fresh_paint,yes
FTR-06829,PRP-1701,solar_panels,yes
FTR-06830,PRP-1701,new_roof,YES
FTR-06831,PRP-1701,hardwood_floors,no
FTR-06832,PRP-1702,updated_kitchen,0
FTR-06833,PRP-1702,fresh_paint,0
FTR-06834,PRP-1703,smart_home,0
FTR-06835,PRP-1703,vaulted_ceilings,YES
FTR-06836,PRP-1704,stainless_appliances,no
FTR-06837,PRP-1704,vaulted_ceilings,0
FTR-06838,PRP-1704,smart_home,Yes
FTR-06839,PRP-1704,hardwood_floors,YES
FTR-06840,PRP-1704,fireplace,0
FTR-06841,PRP-1705,granite_counters,0
FTR-06842,PRP-1705,new_roof,no
FTR-06843,PRP-1706,updated_kitchen,0
FTR-06844,PRP-1706,open_floor_plan,YES
FTR-06845,PRP-1706,walk_in_closet,YES
FTR-06846,PRP-1706,stainless_appliances,Yes
FTR-06847,PRP-1706,central_ac,no
FTR-06848,PRP-1707,master_suite,yes
FTR-06849,PRP-1707,open_floor_plan,0
FTR-06850,PRP-1707,smart_home,YES
FTR-06851,PRP-1707,updated_kitchen,yes
FTR-06852,PRP-1707,fresh_paint,no
FTR-06853,PRP-1708,smart_home,YES
FTR-06854,PRP-1708,fresh_paint,Yes
FTR-06855,PRP-1708,new_roof,0
FTR-06856,PRP-1709,fresh_paint,Yes
FTR-06857,PRP-1709,vaulted_ceilings,YES
FTR-06858,PRP-1709,updated_kitchen,no
FTR-06859,PRP-1710,vaulted_ceilings,1
FTR-06860,PRP-1710,granite_counters,Yes
FTR-06861,PRP-1710,hardwood_floors,0
FTR-06862,PRP-1710,walk_in_closet,Yes
FTR-06863,PRP-1710,fresh_paint,yes
FTR-06864,PRP-1711,solar_panels,yes
FTR-06865,PRP-1711,master_suite,yes
FTR-06866,PRP-1711,open_floor_plan,1
FTR-06867,PRP-1711,updated_kitchen,YES
FTR-06868,PRP-1711,walk_in_closet,0
FTR-06869,PRP-1712,updated_kitchen,yes
FTR-06870,PRP-1712,new_roof,no
FTR-06871,PRP-1712,solar_panels,0
FTR-06872,PRP-1712,walk_in_closet,1
FTR-06873,PRP-1712,fresh_paint,1
FTR-06874,PRP-1712,open_floor_plan,yes
FTR-06875,PRP-1713,walk_in_closet,0
FTR-06876,PRP-1713,hardwood_floors,1
FTR-06877,PRP-1713,open_floor_plan,Yes
FTR-06878,PRP-1713,granite_counters,1
FTR-06879,PRP-1713,vaulted_ceilings,1
FTR-06880,PRP-1714,new_roof,YES
FTR-06881,PRP-1714,solar_panels,YES
FTR-06882,PRP-1714,open_floor_plan,0
FTR-06883,PRP-1715,smart_home,YES
FTR-06884,PRP-1715,walk_in_closet,no
FTR-06885,PRP-1716,smart_home,Yes
FTR-06886,PRP-1716,solar_panels,0
FTR-06887,PRP-1716,updated_kitchen,1
FTR-06888,PRP-1716,new_roof,1
FTR-06889,PRP-1717,fireplace,YES
FTR-06890,PRP-1717,vaulted_ceilings,no
FTR-06891,PRP-1717,open_floor_plan,Yes
FTR-06892,PRP-1717,updated_kitchen,no
FTR-06893,PRP-1718,hardwood_floors,0
FTR-06894,PRP-1718,fresh_paint,no
FTR-06895,PRP-1718,walk_in_closet,YES
FTR-06896,PRP-1718,new_roof,YES
FTR-06897,PRP-1718,solar_panels,YES
FTR-06898,PRP-1718,vaulted_ceilings,Yes
FTR-06899,PRP-1719,vaulted_ceilings,1
FTR-06900,PRP-1719,central_ac,no
FTR-06901,PRP-1720,updated_kitchen,1
FTR-06902,PRP-1720,master_suite,0
FTR-06903,PRP-1720,solar_panels,no
FTR-06904,PRP-1720,vaulted_ceilings,Yes
FTR-06905,PRP-1721,updated_kitchen,Yes
FTR-06906,PRP-1721,hardwood_floors,0
FTR-06907,PRP-1721,vaulted_ceilings,1
FTR-06908,PRP-1721,central_ac,0
FTR-06909,PRP-1721,granite_counters,Yes
FTR-06910,PRP-1721,stainless_appliances,0
FTR-06911,PRP-1722,vaulted_ceilings,yes
FTR-06912,PRP-1722,fresh_paint,0
FTR-06913,PRP-1722,master_suite,no
FTR-06914,PRP-1722,updated_kitchen,YES
FTR-06915,PRP-1723,stainless_appliances,0
FTR-06916,PRP-1723,open_floor_plan,0
FTR-06917,PRP-1723,hardwood_floors,1
FTR-06918,PRP-1723,vaulted_ceilings,no
FTR-06919,PRP-1724,granite_counters,0
FTR-06920,PRP-1724,new_roof,Yes
FTR-06921,PRP-1724,fresh_paint,no
FTR-06922,PRP-1724,hardwood_floors,1
FTR-06923,PRP-1724,solar_panels,no
FTR-06924,PRP-1724,smart_home,no
FTR-06925,PRP-1725,open_floor_plan,no
FTR-06926,PRP-1725,fresh_paint,no
FTR-06927,PRP-1726,updated_kitchen,yes
FTR-06928,PRP-1726,new_roof,1
FTR-06929,PRP-1727,vaulted_ceilings,0
FTR-06930,PRP-1727,hardwood_floors,YES
FTR-06931,PRP-1728,stainless_appliances,1
FTR-06932,PRP-1728,fresh_paint,YES
FTR-06933,PRP-1728,central_ac,no
FTR-06934,PRP-1728,solar_panels,1
FTR-06935,PRP-1729,master_suite,1
FTR-06936,PRP-1729,central_ac,1
FTR-06937,PRP-1729,solar_panels,YES
FTR-06938,PRP-1729,new_roof,1
FTR-06939,PRP-1729,granite_counters,Yes
FTR-06940,PRP-1729,walk_in_closet,1
FTR-06941,PRP-1730,stainless_appliances,no
FTR-06942,PRP-1730,granite_counters,YES
FTR-06943,PRP-1730,central_ac,0
FTR-06944,PRP-1730,new_roof,0
FTR-06945,PRP-1731,solar_panels,yes
FTR-06946,PRP-1731,stainless_appliances,no
FTR-06947,PRP-1732,smart_home,0
FTR-06948,PRP-1732,granite_counters,0
FTR-06949,PRP-1732,stainless_appliances,no
FTR-06950,PRP-1732,vaulted_ceilings,0
FTR-06951,PRP-1733,granite_counters,1
FTR-06952,PRP-1733,hardwood_floors,Yes
FTR-06953,PRP-1733,central_ac,YES
FTR-06954,PRP-1734,fresh_paint,0
FTR-06955,PRP-1734,smart_home,yes
FTR-06956,PRP-1734,new_roof,YES
FTR-06957,PRP-1734,walk_in_closet,0
FTR-06958,PRP-1734,fireplace,yes
FTR-06959,PRP-1735,stainless_appliances,1
FTR-06960,PRP-1735,updated_kitchen,no
FTR-06961,PRP-1735,vaulted_ceilings,0
FTR-06962,PRP-1735,central_ac,YES
FTR-06963,PRP-1735,open_floor_plan,0
FTR-06964,PRP-1735,solar_panels,1
FTR-06965,PRP-1736,fresh_paint,1
FTR-06966,PRP-1736,open_floor_plan,0
FTR-06967,PRP-1736,master_suite,0
FTR-06968,PRP-1736,granite_counters,YES
FTR-06969,PRP-1736,updated_kitchen,no
FTR-06970,PRP-1737,new_roof,YES
FTR-06971,PRP-1737,central_ac,yes
FTR-06972,PRP-1738,central_ac,1
FTR-06973,PRP-1738,walk_in_closet,0
FTR-06974,PRP-1738,fireplace,yes
FTR-06975,PRP-1738,granite_counters,Yes
FTR-06976,PRP-1738,master_suite,0
FTR-06977,PRP-1739,walk_in_closet,yes
FTR-06978,PRP-1739,solar_panels,no
FTR-06979,PRP-1739,master_suite,1
FTR-06980,PRP-1739,vaulted_ceilings,Yes
FTR-06981,PRP-1739,stainless_appliances,Yes
FTR-06982,PRP-1739,granite_counters,no
FTR-06983,PRP-1740,master_suite,no
FTR-06984,PRP-1740,hardwood_floors,0
FTR-06985,PRP-1740,open_floor_plan,yes
FTR-06986,PRP-1740,fireplace,0
FTR-06987,PRP-1741,master_suite,1
FTR-06988,PRP-1741,open_floor_plan,yes
FTR-06989,PRP-1741,solar_panels,1
FTR-06990,PRP-1741,fresh_paint,YES
FTR-06991,PRP-1741,granite_counters,yes
FTR-06992,PRP-1742,fireplace,0
FTR-06993,PRP-1742,open_floor_plan,Yes
FTR-06994,PRP-1742,fresh_paint,YES
FTR-06995,PRP-1742,hardwood_floors,Yes
FTR-06996,PRP-1742,master_suite,yes
FTR-06997,PRP-1743,fireplace,1
FTR-06998,PRP-1743,updated_kitchen,0
FTR-06999,PRP-1744,fresh_paint,1
FTR-07000,PRP-1744,central_ac,0
FTR-07001,PRP-1744,updated_kitchen,YES
FTR-07002,PRP-1744,granite_counters,1
FTR-07003,PRP-1745,central_ac,yes
FTR-07004,PRP-1745,fresh_paint,Yes
FTR-07005,PRP-1745,hardwood_floors,0
FTR-07006,PRP-1745,solar_panels,Yes
FTR-07007,PRP-1746,solar_panels,no
FTR-07008,PRP-1746,open_floor_plan,0
FTR-07009,PRP-1747,central_ac,no
FTR-07010,PRP-1747,fresh_paint,1
FTR-07011,PRP-1747,solar_panels,Yes
FTR-07012,PRP-1748,open_floor_plan,0
FTR-07013,PRP-1748,fireplace,Yes
FTR-07014,PRP-1748,updated_kitchen,0
FTR-07015,PRP-1749,stainless_appliances,Yes
FTR-07016,PRP-1749,walk_in_closet,1
FTR-07017,PRP-1749,fireplace,1
FTR-07018,PRP-1750,updated_kitchen,yes
FTR-07019,PRP-1750,open_floor_plan,1
FTR-07020,PRP-1750,new_roof,yes
FTR-07021,PRP-1750,granite_counters,yes
FTR-07022,PRP-1750,central_ac,0
FTR-07023,PRP-1750,vaulted_ceilings,1
FTR-07024,PRP-1751,updated_kitchen,YES
FTR-07025,PRP-1751,master_suite,1
FTR-07026,PRP-1752,hardwood_floors,no
FTR-07027,PRP-1752,new_roof,YES
FTR-07028,PRP-1753,granite_counters,yes
FTR-07029,PRP-1753,walk_in_closet,no
FTR-07030,PRP-1753,open_floor_plan,YES
FTR-07031,PRP-1753,master_suite,YES
FTR-07032,PRP-1753,stainless_appliances,YES
FTR-07033,PRP-1753,fireplace,0
FTR-07034,PRP-1754,walk_in_closet,1
FTR-07035,PRP-1754,granite_counters,0
FTR-07036,PRP-1755,smart_home,no
FTR-07037,PRP-1755,updated_kitchen,yes
FTR-07038,PRP-1756,master_suite,Yes
FTR-07039,PRP-1756,updated_kitchen,YES
FTR-07040,PRP-1757,fireplace,no
FTR-07041,PRP-1757,walk_in_closet,yes
FTR-07042,PRP-1757,smart_home,YES
FTR-07043,PRP-1757,granite_counters,no
FTR-07044,PRP-1758,vaulted_ceilings,yes
FTR-07045,PRP-1758,granite_counters,Yes
FTR-07046,PRP-1758,stainless_appliances,1
FTR-07047,PRP-1758,solar_panels,1
FTR-07048,PRP-1758,new_roof,yes
FTR-07049,PRP-1758,fireplace,1
FTR-07050,PRP-1759,master_suite,1
FTR-07051,PRP-1759,solar_panels,Yes
FTR-07052,PRP-1759,smart_home,Yes
FTR-07053,PRP-1760,central_ac,1
FTR-07054,PRP-1760,open_floor_plan,1
FTR-07055,PRP-1760,master_suite,1
FTR-07056,PRP-1760,smart_home,Yes
FTR-07057,PRP-1761,fresh_paint,0
FTR-07058,PRP-1761,updated_kitchen,no
FTR-07059,PRP-1761,solar_panels,Yes
FTR-07060,PRP-1761,vaulted_ceilings,Yes
FTR-07061,PRP-1761,hardwood_floors,Yes
FTR-07062,PRP-1762,hardwood_floors,1
FTR-07063,PRP-1762,solar_panels,yes
FTR-07064,PRP-1762,fireplace,1
FTR-07065,PRP-1762,smart_home,YES
FTR-07066,PRP-1763,vaulted_ceilings,YES
FTR-07067,PRP-1763,fresh_paint,YES
FTR-07068,PRP-1763,walk_in_closet,YES
FTR-07069,PRP-1763,open_floor_plan,1
FTR-07070,PRP-1763,new_roof,Yes
FTR-07071,PRP-1764,hardwood_floors,yes
FTR-07072,PRP-1764,master_suite,1
FTR-07073,PRP-1764,smart_home,yes
FTR-07074,PRP-1765,walk_in_closet,Yes
FTR-07075,PRP-1765,smart_home,yes
FTR-07076,PRP-1765,master_suite,Yes
FTR-07077,PRP-1765,new_roof,YES
FTR-07078,PRP-1765,fresh_paint,Yes
FTR-07079,PRP-1765,open_floor_plan,Yes
FTR-07080,PRP-1766,open_floor_plan,yes
FTR-07081,PRP-1766,granite_counters,YES
FTR-07082,PRP-1766,smart_home,yes
FTR-07083,PRP-1766,central_ac,1
FTR-07084,PRP-1767,updated_kitchen,no
FTR-07085,PRP-1767,fresh_paint,0
FTR-07086,PRP-1767,granite_counters,yes
FTR-07087,PRP-1768,central_ac,yes
FTR-07088,PRP-1768,solar_panels,0
FTR-07089,PRP-1769,fresh_paint,0
FTR-07090,PRP-1769,stainless_appliances,1
FTR-07091,PRP-1769,central_ac,YES
FTR-07092,PRP-1769,vaulted_ceilings,yes
FTR-07093,PRP-1770,stainless_appliances,0
FTR-07094,PRP-1770,fireplace,0
FTR-07095,PRP-1770,new_roof,1
FTR-07096,PRP-1771,master_suite,YES
FTR-07097,PRP-1771,hardwood_floors,no
FTR-07098,PRP-1771,stainless_appliances,no
FTR-07099,PRP-1771,central_ac,Yes
FTR-07100,PRP-1772,fresh_paint,0
FTR-07101,PRP-1772,smart_home,no
FTR-07102,PRP-1772,vaulted_ceilings,yes
FTR-07103,PRP-1772,hardwood_floors,1
FTR-07104,PRP-1772,stainless_appliances,yes
FTR-07105,PRP-1772,fireplace,1
FTR-07106,PRP-1773,smart_home,1
FTR-07107,PRP-1773,stainless_appliances,YES
FTR-07108,PRP-1773,master_suite,Yes
FTR-07109,PRP-1773,hardwood_floors,0
FTR-07110,PRP-1773,central_ac,no
FTR-07111,PRP-1773,vaulted_ceilings,1
FTR-07112,PRP-1774,new_roof,1
FTR-07113,PRP-1774,updated_kitchen,0
FTR-07114,PRP-1774,fireplace,1
FTR-07115,PRP-1774,master_suite,Yes
FTR-07116,PRP-1774,walk_in_closet,Yes
FTR-07117,PRP-1775,open_floor_plan,YES
FTR-07118,PRP-1775,fresh_paint,yes
FTR-07119,PRP-1775,vaulted_ceilings,1
FTR-07120,PRP-1775,fireplace,1
FTR-07121,PRP-1775,central_ac,yes
FTR-07122,PRP-1775,granite_counters,YES
FTR-07123,PRP-1776,central_ac,0
FTR-07124,PRP-1776,open_floor_plan,no
FTR-07125,PRP-1776,stainless_appliances,no
FTR-07126,PRP-1776,master_suite,0
FTR-07127,PRP-1777,open_floor_plan,yes
FTR-07128,PRP-1777,updated_kitchen,0
FTR-07129,PRP-1778,walk_in_closet,yes
FTR-07130,PRP-1778,hardwood_floors,no
FTR-07131,PRP-1778,fresh_paint,no
FTR-07132,PRP-1778,smart_home,yes
FTR-07133,PRP-1779,open_floor_plan,0
FTR-07134,PRP-1779,fresh_paint,1
FTR-07135,PRP-1779,walk_in_closet,yes
FTR-07136,PRP-1779,hardwood_floors,YES
FTR-07137,PRP-1779,master_suite,1
FTR-07138,PRP-1780,stainless_appliances,yes
FTR-07139,PRP-1780,fireplace,1
FTR-07140,PRP-1780,hardwood_floors,0
FTR-07141,PRP-1780,master_suite,1
FTR-07142,PRP-1781,new_roof,Yes
FTR-07143,PRP-1781,central_ac,1
FTR-07144,PRP-1781,walk_in_closet,1
FTR-07145,PRP-1781,updated_kitchen,1
FTR-07146,PRP-1781,vaulted_ceilings,0
FTR-07147,PRP-1781,fireplace,YES
FTR-07148,PRP-1782,fresh_paint,Yes
FTR-07149,PRP-1782,updated_kitchen,1
FTR-07150,PRP-1782,stainless_appliances,yes
FTR-07151,PRP-1782,vaulted_ceilings,yes
FTR-07152,PRP-1783,vaulted_ceilings,Yes
FTR-07153,PRP-1783,smart_home,Yes
FTR-07154,PRP-1783,updated_kitchen,YES
FTR-07155,PRP-1783,fireplace,yes
FTR-07156,PRP-1783,fresh_paint,Yes
FTR-07157,PRP-1784,solar_panels,YES
FTR-07158,PRP-1784,hardwood_floors,no
FTR-07159,PRP-1785,vaulted_ceilings,1
FTR-07160,PRP-1785,stainless_appliances,no
FTR-07161,PRP-1785,new_roof,YES
FTR-07162,PRP-1785,solar_panels,YES
FTR-07163,PRP-1785,open_floor_plan,Yes
FTR-07164,PRP-1785,updated_kitchen,YES
FTR-07165,PRP-1786,granite_counters,1
FTR-07166,PRP-1786,open_floor_plan,1
FTR-07167,PRP-1786,stainless_appliances,0
FTR-07168,PRP-1787,master_suite,Yes
FTR-07169,PRP-1787,vaulted_ceilings,0
FTR-07170,PRP-1787,walk_in_closet,1
FTR-07171,PRP-1787,hardwood_floors,yes
FTR-07172,PRP-1787,central_ac,no
FTR-07173,PRP-1787,solar_panels,0
FTR-07174,PRP-1788,fireplace,yes
FTR-07175,PRP-1788,walk_in_closet,no
FTR-07176,PRP-1788,smart_home,yes
FTR-07177,PRP-1788,granite_counters,Yes
FTR-07178,PRP-1788,central_ac,no
FTR-07179,PRP-1788,vaulted_ceilings,yes
FTR-07180,PRP-1789,open_floor_plan,1
FTR-07181,PRP-1789,stainless_appliances,0
FTR-07182,PRP-1790,fresh_paint,0
FTR-07183,PRP-1790,hardwood_floors,YES
FTR-07184,PRP-1790,fireplace,0
FTR-07185,PRP-1791,fireplace,no
FTR-07186,PRP-1791,fresh_paint,YES
FTR-07187,PRP-1791,stainless_appliances,YES
FTR-07188,PRP-1791,updated_kitchen,Yes
FTR-07189,PRP-1791,solar_panels,1
FTR-07190,PRP-1791,granite_counters,Yes
FTR-07191,PRP-1792,hardwood_floors,1
FTR-07192,PRP-1792,new_roof,no
FTR-07193,PRP-1792,solar_panels,Yes
FTR-07194,PRP-1793,master_suite,yes
FTR-07195,PRP-1793,open_floor_plan,no
FTR-07196,PRP-1794,vaulted_ceilings,1
FTR-07197,PRP-1794,smart_home,yes
FTR-07198,PRP-1794,open_floor_plan,0
FTR-07199,PRP-1794,solar_panels,Yes
FTR-07200,PRP-1794,central_ac,Yes
FTR-07201,PRP-1795,fireplace,0
FTR-07202,PRP-1795,master_suite,no
FTR-07203,PRP-1795,updated_kitchen,1
FTR-07204,PRP-1795,central_ac,0
FTR-07205,PRP-1796,fireplace,Yes
FTR-07206,PRP-1796,central_ac,YES
FTR-07207,PRP-1797,stainless_appliances,Yes
FTR-07208,PRP-1797,central_ac,0
FTR-07209,PRP-1797,fireplace,Yes
FTR-07210,PRP-1797,solar_panels,yes
FTR-07211,PRP-1798,open_floor_plan,no
FTR-07212,PRP-1798,fireplace,0
FTR-07213,PRP-1798,fresh_paint,0
FTR-07214,PRP-1798,granite_counters,Yes
FTR-07215,PRP-1799,open_floor_plan,yes
FTR-07216,PRP-1799,fireplace,1
FTR-07217,PRP-1799,walk_in_closet,YES
FTR-07218,PRP-1799,solar_panels,1
FTR-07219,PRP-1800,granite_counters,0
FTR-07220,PRP-1800,fireplace,yes
FTR-07221,PRP-1800,new_roof,no
FTR-07222,PRP-1801,stainless_appliances,Yes
FTR-07223,PRP-1801,open_floor_plan,no
FTR-07224,PRP-1801,new_roof,Yes
FTR-07225,PRP-1801,fireplace,1
FTR-07226,PRP-1802,walk_in_closet,0
FTR-07227,PRP-1802,fresh_paint,Yes
FTR-07228,PRP-1803,updated_kitchen,Yes
FTR-07229,PRP-1803,smart_home,1
FTR-07230,PRP-1803,central_ac,0
FTR-07231,PRP-1804,solar_panels,0
FTR-07232,PRP-1804,fresh_paint,0
FTR-07233,PRP-1805,central_ac,1
FTR-07234,PRP-1805,hardwood_floors,yes
FTR-07235,PRP-1805,fresh_paint,0
FTR-07236,PRP-1805,open_floor_plan,1
FTR-07237,PRP-1805,fireplace,Yes
FTR-07238,PRP-1806,master_suite,YES
FTR-07239,PRP-1806,walk_in_closet,1
FTR-07240,PRP-1806,granite_counters,0
FTR-07241,PRP-1807,smart_home,YES
FTR-07242,PRP-1807,fireplace,YES
FTR-07243,PRP-1807,solar_panels,0
FTR-07244,PRP-1808,smart_home,0
FTR-07245,PRP-1808,granite_counters,1
FTR-07246,PRP-1808,solar_panels,Yes
FTR-07247,PRP-1809,updated_kitchen,no
FTR-07248,PRP-1809,central_ac,YES
FTR-07249,PRP-1809,fireplace,YES
FTR-07250,PRP-1809,fresh_paint,no
FTR-07251,PRP-1810,fireplace,no
FTR-07252,PRP-1810,master_suite,no
FTR-07253,PRP-1810,fresh_paint,no
FTR-07254,PRP-1810,hardwood_floors,Yes
FTR-07255,PRP-1810,smart_home,1
FTR-07256,PRP-1810,updated_kitchen,no
FTR-07257,PRP-1811,open_floor_plan,no
FTR-07258,PRP-1811,solar_panels,Yes
FTR-07259,PRP-1811,granite_counters,yes
FTR-07260,PRP-1811,updated_kitchen,yes
FTR-07261,PRP-1811,stainless_appliances,1
FTR-07262,PRP-1812,new_roof,0
FTR-07263,PRP-1812,updated_kitchen,YES
FTR-07264,PRP-1812,stainless_appliances,Yes
FTR-07265,PRP-1812,master_suite,YES
FTR-07266,PRP-1812,walk_in_closet,no
FTR-07267,PRP-1812,fresh_paint,1
FTR-07268,PRP-1813,hardwood_floors,YES
FTR-07269,PRP-1813,solar_panels,0
FTR-07270,PRP-1813,open_floor_plan,Yes
FTR-07271,PRP-1813,central_ac,YES
FTR-07272,PRP-1814,smart_home,1
FTR-07273,PRP-1814,master_suite,Yes
FTR-07274,PRP-1814,fireplace,1
FTR-07275,PRP-1814,walk_in_closet,0
FTR-07276,PRP-1815,hardwood_floors,1
FTR-07277,PRP-1815,vaulted_ceilings,1
FTR-07278,PRP-1815,fireplace,0
FTR-07279,PRP-1816,solar_panels,yes
FTR-07280,PRP-1816,fresh_paint,no
FTR-07281,PRP-1816,vaulted_ceilings,1
FTR-07282,PRP-1816,central_ac,yes
FTR-07283,PRP-1817,granite_counters,Yes
FTR-07284,PRP-1817,solar_panels,Yes
FTR-07285,PRP-1818,fresh_paint,Yes
FTR-07286,PRP-1818,new_roof,Yes
FTR-07287,PRP-1818,stainless_appliances,0
FTR-07288,PRP-1818,updated_kitchen,yes
FTR-07289,PRP-1818,open_floor_plan,1
FTR-07290,PRP-1818,fireplace,yes
FTR-07291,PRP-1819,updated_kitchen,yes
FTR-07292,PRP-1819,master_suite,0
FTR-07293,PRP-1819,granite_counters,yes
FTR-07294,PRP-1819,vaulted_ceilings,YES
FTR-07295,PRP-1820,stainless_appliances,0
FTR-07296,PRP-1820,walk_in_closet,1
FTR-07297,PRP-1820,hardwood_floors,no
FTR-07298,PRP-1820,central_ac,yes
FTR-07299,PRP-1820,updated_kitchen,0
FTR-07300,PRP-1821,open_floor_plan,0
FTR-07301,PRP-1821,updated_kitchen,YES
FTR-07302,PRP-1821,fireplace,no
FTR-07303,PRP-1821,walk_in_closet,no
FTR-07304,PRP-1821,granite_counters,1
FTR-07305,PRP-1821,new_roof,YES
FTR-07306,PRP-1822,fresh_paint,0
FTR-07307,PRP-1822,central_ac,yes
FTR-07308,PRP-1823,updated_kitchen,no
FTR-07309,PRP-1823,fireplace,no
FTR-07310,PRP-1823,smart_home,0
FTR-07311,PRP-1824,fresh_paint,YES
FTR-07312,PRP-1824,smart_home,0
FTR-07313,PRP-1824,vaulted_ceilings,no
FTR-07314,PRP-1824,master_suite,1
FTR-07315,PRP-1825,walk_in_closet,1
FTR-07316,PRP-1825,open_floor_plan,Yes
FTR-07317,PRP-1825,hardwood_floors,yes
FTR-07318,PRP-1825,granite_counters,Yes
FTR-07319,PRP-1825,solar_panels,no
FTR-07320,PRP-1826,master_suite,Yes
FTR-07321,PRP-1826,walk_in_closet,no
FTR-07322,PRP-1826,stainless_appliances,YES
FTR-07323,PRP-1826,open_floor_plan,no
FTR-07324,PRP-1827,solar_panels,no
FTR-07325,PRP-1827,hardwood_floors,YES
FTR-07326,PRP-1827,smart_home,Yes
FTR-07327,PRP-1828,master_suite,yes
FTR-07328,PRP-1828,granite_counters,Yes
FTR-07329,PRP-1829,new_roof,Yes
FTR-07330,PRP-1829,vaulted_ceilings,no
FTR-07331,PRP-1829,open_floor_plan,1
FTR-07332,PRP-1829,central_ac,yes
FTR-07333,PRP-1829,stainless_appliances,YES
FTR-07334,PRP-1829,walk_in_closet,Yes
FTR-07335,PRP-1830,updated_kitchen,1
FTR-07336,PRP-1830,fresh_paint,0
FTR-07337,PRP-1830,open_floor_plan,0
FTR-07338,PRP-1831,stainless_appliances,no
FTR-07339,PRP-1831,open_floor_plan,yes
FTR-07340,PRP-1831,fireplace,1
FTR-07341,PRP-1831,walk_in_closet,no
FTR-07342,PRP-1831,fresh_paint,1
FTR-07343,PRP-1831,vaulted_ceilings,1
FTR-07344,PRP-1832,fresh_paint,Yes
FTR-07345,PRP-1832,hardwood_floors,0
FTR-07346,PRP-1832,granite_counters,0
FTR-07347,PRP-1833,new_roof,Yes
FTR-07348,PRP-1833,fresh_paint,yes
FTR-07349,PRP-1834,fresh_paint,yes
FTR-07350,PRP-1834,granite_counters,YES
FTR-07351,PRP-1834,walk_in_closet,1
FTR-07352,PRP-1835,fresh_paint,0
FTR-07353,PRP-1835,smart_home,0
FTR-07354,PRP-1835,solar_panels,0
FTR-07355,PRP-1835,stainless_appliances,0
FTR-07356,PRP-1836,master_suite,0
FTR-07357,PRP-1836,smart_home,Yes
FTR-07358,PRP-1837,vaulted_ceilings,1
FTR-07359,PRP-1837,stainless_appliances,Yes
FTR-07360,PRP-1838,stainless_appliances,1
FTR-07361,PRP-1838,fireplace,0
FTR-07362,PRP-1838,open_floor_plan,0
FTR-07363,PRP-1839,smart_home,YES
FTR-07364,PRP-1839,solar_panels,no
FTR-07365,PRP-1840,master_suite,no
FTR-07366,PRP-1840,hardwood_floors,1
FTR-07367,PRP-1840,walk_in_closet,no
FTR-07368,PRP-1840,new_roof,YES
FTR-07369,PRP-1840,smart_home,Yes
FTR-07370,PRP-1841,fresh_paint,no
FTR-07371,PRP-1841,hardwood_floors,Yes
FTR-07372,PRP-1841,new_roof,1
FTR-07373,PRP-1841,smart_home,1
FTR-07374,PRP-1842,central_ac,Yes
FTR-07375,PRP-1842,granite_counters,YES
FTR-07376,PRP-1842,solar_panels,0
FTR-07377,PRP-1843,hardwood_floors,no
FTR-07378,PRP-1843,central_ac,1
FTR-07379,PRP-1843,new_roof,0
FTR-07380,PRP-1843,stainless_appliances,YES
FTR-07381,PRP-1843,open_floor_plan,Yes
FTR-07382,PRP-1844,hardwood_floors,yes
FTR-07383,PRP-1844,granite_counters,YES
FTR-07384,PRP-1844,stainless_appliances,yes
FTR-07385,PRP-1844,new_roof,yes
FTR-07386,PRP-1845,hardwood_floors,1
FTR-07387,PRP-1845,new_roof,1
FTR-07388,PRP-1845,fireplace,0
FTR-07389,PRP-1845,walk_in_closet,1
FTR-07390,PRP-1845,open_floor_plan,1
FTR-07391,PRP-1846,hardwood_floors,0
FTR-07392,PRP-1846,fresh_paint,Yes
FTR-07393,PRP-1846,fireplace,no
FTR-07394,PRP-1846,smart_home,0
FTR-07395,PRP-1847,granite_counters,no
FTR-07396,PRP-1847,solar_panels,Yes
FTR-07397,PRP-1847,vaulted_ceilings,yes
FTR-07398,PRP-1848,walk_in_closet,YES
FTR-07399,PRP-1848,smart_home,yes
FTR-07400,PRP-1849,solar_panels,0
FTR-07401,PRP-1849,granite_counters,Yes
FTR-07402,PRP-1849,stainless_appliances,Yes
FTR-07403,PRP-1849,updated_kitchen,no
FTR-07404,PRP-1849,fireplace,YES
FTR-07405,PRP-1849,fresh_paint,0
FTR-07406,PRP-1850,granite_counters,yes
FTR-07407,PRP-1850,hardwood_floors,0
FTR-07408,PRP-1850,fireplace,1
FTR-07409,PRP-1850,new_roof,YES
FTR-07410,PRP-1850,walk_in_closet,no
FTR-07411,PRP-1851,hardwood_floors,1
FTR-07412,PRP-1851,open_floor_plan,0
FTR-07413,PRP-1851,vaulted_ceilings,1
FTR-07414,PRP-1851,solar_panels,no
FTR-07415,PRP-1851,new_roof,Yes
FTR-07416,PRP-1851,updated_kitchen,0
FTR-07417,PRP-1852,fresh_paint,1
FTR-07418,PRP-1852,central_ac,0
FTR-07419,PRP-1852,vaulted_ceilings,1
FTR-07420,PRP-1852,stainless_appliances,1
FTR-07421,PRP-1853,updated_kitchen,no
FTR-07422,PRP-1853,vaulted_ceilings,YES
FTR-07423,PRP-1853,walk_in_closet,Yes
FTR-07424,PRP-1854,solar_panels,yes
FTR-07425,PRP-1854,fireplace,0
FTR-07426,PRP-1854,granite_counters,no
FTR-07427,PRP-1855,vaulted_ceilings,YES
FTR-07428,PRP-1855,stainless_appliances,Yes
FTR-07429,PRP-1855,walk_in_closet,1
FTR-07430,PRP-1856,fireplace,no
FTR-07431,PRP-1856,solar_panels,YES
FTR-07432,PRP-1856,master_suite,yes
FTR-07433,PRP-1857,master_suite,no
FTR-07434,PRP-1857,hardwood_floors,1
FTR-07435,PRP-1857,fireplace,Yes
FTR-07436,PRP-1857,new_roof,Yes
FTR-07437,PRP-1857,granite_counters,yes
FTR-07438,PRP-1858,walk_in_closet,yes
FTR-07439,PRP-1858,vaulted_ceilings,YES
FTR-07440,PRP-1859,open_floor_plan,no
FTR-07441,PRP-1859,new_roof,0
FTR-07442,PRP-1859,walk_in_closet,Yes
FTR-07443,PRP-1859,central_ac,yes
FTR-07444,PRP-1859,fresh_paint,Yes
FTR-07445,PRP-1860,walk_in_closet,no
FTR-07446,PRP-1860,new_roof,no
FTR-07447,PRP-1860,fireplace,no
FTR-07448,PRP-1860,granite_counters,0
FTR-07449,PRP-1860,solar_panels,1
FTR-07450,PRP-1861,hardwood_floors,no
FTR-07451,PRP-1861,central_ac,no
FTR-07452,PRP-1862,central_ac,1
FTR-07453,PRP-1862,updated_kitchen,yes
FTR-07454,PRP-1862,fresh_paint,no
FTR-07455,PRP-1862,open_floor_plan,no
FTR-07456,PRP-1862,new_roof,0
FTR-07457,PRP-1863,master_suite,YES
FTR-07458,PRP-1863,fireplace,yes
FTR-07459,PRP-1863,stainless_appliances,1
FTR-07460,PRP-1864,vaulted_ceilings,yes
FTR-07461,PRP-1864,granite_counters,yes
FTR-07462,PRP-1865,granite_counters,YES
FTR-07463,PRP-1865,fresh_paint,yes
FTR-07464,PRP-1865,central_ac,YES
FTR-07465,PRP-1865,smart_home,1
FTR-07466,PRP-1865,vaulted_ceilings,Yes
FTR-07467,PRP-1866,fresh_paint,YES
FTR-07468,PRP-1866,fireplace,yes
FTR-07469,PRP-1866,solar_panels,no
FTR-07470,PRP-1867,fresh_paint,1
FTR-07471,PRP-1867,solar_panels,YES
FTR-07472,PRP-1867,smart_home,0
FTR-07473,PRP-1867,central_ac,YES
FTR-07474,PRP-1867,new_roof,YES
FTR-07475,PRP-1867,vaulted_ceilings,Yes
FTR-07476,PRP-1868,fresh_paint,YES
FTR-07477,PRP-1868,walk_in_closet,YES
FTR-07478,PRP-1869,fresh_paint,Yes
FTR-07479,PRP-1869,updated_kitchen,no
FTR-07480,PRP-1869,new_roof,YES
FTR-07481,PRP-1869,smart_home,Yes
FTR-07482,PRP-1870,hardwood_floors,0
FTR-07483,PRP-1870,updated_kitchen,Yes
FTR-07484,PRP-1870,fireplace,no
FTR-07485,PRP-1870,open_floor_plan,no
FTR-07486,PRP-1871,updated_kitchen,YES
FTR-07487,PRP-1871,solar_panels,yes
FTR-07488,PRP-1871,master_suite,yes
FTR-07489,PRP-1871,walk_in_closet,YES
FTR-07490,PRP-1872,central_ac,0
FTR-07491,PRP-1872,new_roof,no
FTR-07492,PRP-1872,hardwood_floors,1
FTR-07493,PRP-1873,master_suite,0
FTR-07494,PRP-1873,solar_panels,Yes
FTR-07495,PRP-1873,updated_kitchen,1
FTR-07496,PRP-1873,stainless_appliances,no
FTR-07497,PRP-1874,open_floor_plan,1
FTR-07498,PRP-1874,fireplace,yes
FTR-07499,PRP-1874,central_ac,1
FTR-07500,PRP-1875,granite_counters,YES
FTR-07501,PRP-1875,vaulted_ceilings,no
FTR-07502,PRP-1875,stainless_appliances,1
FTR-07503,PRP-1876,smart_home,Yes
FTR-07504,PRP-1876,master_suite,YES
FTR-07505,PRP-1876,granite_counters,no
FTR-07506,PRP-1877,fireplace,0
FTR-07507,PRP-1877,hardwood_floors,Yes
FTR-07508,PRP-1877,stainless_appliances,no
FTR-07509,PRP-1877,solar_panels,0
FTR-07510,PRP-1877,open_floor_plan,yes
FTR-07511,PRP-1878,fresh_paint,YES
FTR-07512,PRP-1878,fireplace,YES
FTR-07513,PRP-1878,updated_kitchen,1
FTR-07514,PRP-1878,solar_panels,yes
FTR-07515,PRP-1878,granite_counters,YES
FTR-07516,PRP-1879,open_floor_plan,0
FTR-07517,PRP-1879,updated_kitchen,yes
FTR-07518,PRP-1880,walk_in_closet,0
FTR-07519,PRP-1880,open_floor_plan,1
FTR-07520,PRP-1880,granite_counters,yes
FTR-07521,PRP-1880,solar_panels,YES
FTR-07522,PRP-1881,fireplace,yes
FTR-07523,PRP-1881,central_ac,0
FTR-07524,PRP-1881,new_roof,no
FTR-07525,PRP-1881,smart_home,no
FTR-07526,PRP-1881,vaulted_ceilings,0
FTR-07527,PRP-1881,open_floor_plan,Yes
FTR-07528,PRP-1882,stainless_appliances,1
FTR-07529,PRP-1882,open_floor_plan,no
FTR-07530,PRP-1882,smart_home,no
FTR-07531,PRP-1882,vaulted_ceilings,0
FTR-07532,PRP-1882,solar_panels,YES
FTR-07533,PRP-1883,new_roof,YES
FTR-07534,PRP-1883,hardwood_floors,yes
FTR-07535,PRP-1884,smart_home,Yes
FTR-07536,PRP-1884,new_roof,1
FTR-07537,PRP-1884,fresh_paint,no
FTR-07538,PRP-1885,solar_panels,1
FTR-07539,PRP-1885,updated_kitchen,yes
FTR-07540,PRP-1885,smart_home,YES
FTR-07541,PRP-1885,granite_counters,no
FTR-07542,PRP-1886,hardwood_floors,1
FTR-07543,PRP-1886,smart_home,yes
FTR-07544,PRP-1886,open_floor_plan,0
FTR-07545,PRP-1887,granite_counters,0
FTR-07546,PRP-1887,master_suite,0
FTR-07547,PRP-1887,solar_panels,YES
FTR-07548,PRP-1887,fresh_paint,YES
FTR-07549,PRP-1887,open_floor_plan,yes
FTR-07550,PRP-1888,granite_counters,Yes
FTR-07551,PRP-1888,open_floor_plan,YES
FTR-07552,PRP-1888,stainless_appliances,1
FTR-07553,PRP-1888,master_suite,YES
FTR-07554,PRP-1888,hardwood_floors,YES
FTR-07555,PRP-1889,smart_home,YES
FTR-07556,PRP-1889,master_suite,Yes
FTR-07557,PRP-1890,updated_kitchen,YES
FTR-07558,PRP-1890,new_roof,Yes
FTR-07559,PRP-1890,hardwood_floors,Yes
FTR-07560,PRP-1891,updated_kitchen,0
FTR-07561,PRP-1891,fresh_paint,1
FTR-07562,PRP-1891,smart_home,YES
FTR-07563,PRP-1891,fireplace,1
FTR-07564,PRP-1891,hardwood_floors,Yes
FTR-07565,PRP-1892,open_floor_plan,Yes
FTR-07566,PRP-1892,new_roof,no
FTR-07567,PRP-1892,walk_in_closet,yes
FTR-07568,PRP-1893,vaulted_ceilings,1
FTR-07569,PRP-1893,stainless_appliances,Yes
FTR-07570,PRP-1893,fresh_paint,yes
FTR-07571,PRP-1893,central_ac,no
FTR-07572,PRP-1894,smart_home,yes
FTR-07573,PRP-1894,hardwood_floors,yes
FTR-07574,PRP-1894,open_floor_plan,1
FTR-07575,PRP-1894,central_ac,0
FTR-07576,PRP-1895,stainless_appliances,no
FTR-07577,PRP-1895,solar_panels,YES
FTR-07578,PRP-1895,master_suite,no
FTR-07579,PRP-1895,granite_counters,1
FTR-07580,PRP-1895,central_ac,yes
FTR-07581,PRP-1896,updated_kitchen,Yes
FTR-07582,PRP-1896,new_roof,no
FTR-07583,PRP-1896,fresh_paint,1
FTR-07584,PRP-1896,stainless_appliances,yes
FTR-07585,PRP-1897,master_suite,0
FTR-07586,PRP-1897,fireplace,yes
FTR-07587,PRP-1898,walk_in_closet,YES
FTR-07588,PRP-1898,new_roof,0
FTR-07589,PRP-1898,central_ac,1
FTR-07590,PRP-1898,granite_counters,YES
FTR-07591,PRP-1898,smart_home,yes
FTR-07592,PRP-1899,fireplace,no
FTR-07593,PRP-1899,fresh_paint,1
FTR-07594,PRP-1899,central_ac,0
FTR-07595,PRP-1899,hardwood_floors,yes
FTR-07596,PRP-1899,master_suite,no
FTR-07597,PRP-1900,open_floor_plan,0
FTR-07598,PRP-1900,master_suite,YES
FTR-07599,PRP-1900,fresh_paint,YES
FTR-07600,PRP-1901,vaulted_ceilings,1
FTR-07601,PRP-1901,walk_in_closet,1
FTR-07602,PRP-1901,solar_panels,Yes
FTR-07603,PRP-1901,granite_counters,1
FTR-07604,PRP-1901,central_ac,1
FTR-07605,PRP-1902,walk_in_closet,YES
FTR-07606,PRP-1902,master_suite,0
FTR-07607,PRP-1902,vaulted_ceilings,1
FTR-07608,PRP-1902,new_roof,no
FTR-07609,PRP-1902,open_floor_plan,0
FTR-07610,PRP-1902,solar_panels,Yes
FTR-07611,PRP-1903,vaulted_ceilings,yes
FTR-07612,PRP-1903,granite_counters,0
FTR-07613,PRP-1903,master_suite,yes
FTR-07614,PRP-1904,open_floor_plan,1
FTR-07615,PRP-1904,master_suite,1
FTR-07616,PRP-1904,central_ac,YES
FTR-07617,PRP-1905,smart_home,YES
FTR-07618,PRP-1905,walk_in_closet,no
FTR-07619,PRP-1905,solar_panels,0
FTR-07620,PRP-1905,fireplace,no
FTR-07621,PRP-1906,solar_panels,0
FTR-07622,PRP-1906,granite_counters,yes
FTR-07623,PRP-1906,open_floor_plan,yes
FTR-07624,PRP-1906,master_suite,Yes
FTR-07625,PRP-1906,fresh_paint,yes
FTR-07626,PRP-1907,vaulted_ceilings,0
FTR-07627,PRP-1907,master_suite,yes
FTR-07628,PRP-1907,hardwood_floors,0
FTR-07629,PRP-1907,fireplace,1
FTR-07630,PRP-1907,updated_kitchen,YES
FTR-07631,PRP-1907,walk_in_closet,1
FTR-07632,PRP-1908,fresh_paint,1
FTR-07633,PRP-1908,solar_panels,1
FTR-07634,PRP-1908,central_ac,Yes
FTR-07635,PRP-1908,open_floor_plan,no
FTR-07636,PRP-1908,fireplace,0
FTR-07637,PRP-1909,walk_in_closet,0
FTR-07638,PRP-1909,vaulted_ceilings,Yes
FTR-07639,PRP-1909,central_ac,1
FTR-07640,PRP-1909,hardwood_floors,no
FTR-07641,PRP-1910,smart_home,1
FTR-07642,PRP-1910,updated_kitchen,no
FTR-07643,PRP-1910,hardwood_floors,YES
FTR-07644,PRP-1911,fireplace,YES
FTR-07645,PRP-1911,hardwood_floors,1
FTR-07646,PRP-1911,central_ac,no
FTR-07647,PRP-1911,solar_panels,1
FTR-07648,PRP-1911,updated_kitchen,Yes
FTR-07649,PRP-1912,updated_kitchen,0
FTR-07650,PRP-1912,fireplace,0
FTR-07651,PRP-1913,new_roof,0
FTR-07652,PRP-1913,vaulted_ceilings,1
FTR-07653,PRP-1913,open_floor_plan,yes
FTR-07654,PRP-1913,updated_kitchen,YES
FTR-07655,PRP-1913,master_suite,no
FTR-07656,PRP-1913,fireplace,YES
FTR-07657,PRP-1914,new_roof,no
FTR-07658,PRP-1914,hardwood_floors,0
FTR-07659,PRP-1914,solar_panels,yes
FTR-07660,PRP-1915,new_roof,YES
FTR-07661,PRP-1915,hardwood_floors,YES
FTR-07662,PRP-1915,smart_home,yes
FTR-07663,PRP-1916,walk_in_closet,no
FTR-07664,PRP-1916,stainless_appliances,0
FTR-07665,PRP-1916,central_ac,YES
FTR-07666,PRP-1916,updated_kitchen,yes
FTR-07667,PRP-1917,master_suite,no
FTR-07668,PRP-1917,granite_counters,Yes
FTR-07669,PRP-1917,open_floor_plan,1
FTR-07670,PRP-1917,stainless_appliances,0
FTR-07671,PRP-1917,updated_kitchen,no
FTR-07672,PRP-1917,fireplace,Yes
FTR-07673,PRP-1918,open_floor_plan,0
FTR-07674,PRP-1918,stainless_appliances,0
FTR-07675,PRP-1918,central_ac,YES
FTR-07676,PRP-1918,hardwood_floors,no
FTR-07677,PRP-1919,new_roof,no
FTR-07678,PRP-1919,fresh_paint,YES
FTR-07679,PRP-1919,updated_kitchen,0
FTR-07680,PRP-1919,vaulted_ceilings,Yes
FTR-07681,PRP-1920,updated_kitchen,yes
FTR-07682,PRP-1920,vaulted_ceilings,0
FTR-07683,PRP-1920,smart_home,0
FTR-07684,PRP-1921,smart_home,Yes
FTR-07685,PRP-1921,open_floor_plan,0
FTR-07686,PRP-1921,fireplace,yes
FTR-07687,PRP-1922,fireplace,1
FTR-07688,PRP-1922,stainless_appliances,no
FTR-07689,PRP-1922,granite_counters,YES
FTR-07690,PRP-1922,updated_kitchen,no
FTR-07691,PRP-1923,open_floor_plan,1
FTR-07692,PRP-1923,fireplace,Yes
FTR-07693,PRP-1924,walk_in_closet,0
FTR-07694,PRP-1924,vaulted_ceilings,no
FTR-07695,PRP-1924,new_roof,0
FTR-07696,PRP-1924,fireplace,no
FTR-07697,PRP-1924,updated_kitchen,0
FTR-07698,PRP-1924,hardwood_floors,Yes
FTR-07699,PRP-1925,stainless_appliances,yes
FTR-07700,PRP-1925,fireplace,yes
FTR-07701,PRP-1925,master_suite,Yes
FTR-07702,PRP-1925,walk_in_closet,YES
FTR-07703,PRP-1925,vaulted_ceilings,no
FTR-07704,PRP-1925,fresh_paint,0
FTR-07705,PRP-1926,central_ac,YES
FTR-07706,PRP-1926,updated_kitchen,1
FTR-07707,PRP-1926,fresh_paint,Yes
FTR-07708,PRP-1926,new_roof,no
FTR-07709,PRP-1927,hardwood_floors,Yes
FTR-07710,PRP-1927,central_ac,no
FTR-07711,PRP-1927,smart_home,0
FTR-07712,PRP-1927,walk_in_closet,YES
FTR-07713,PRP-1927,granite_counters,yes
FTR-07714,PRP-1928,solar_panels,YES
FTR-07715,PRP-1928,stainless_appliances,YES
FTR-07716,PRP-1928,new_roof,no
FTR-07717,PRP-1928,updated_kitchen,Yes
FTR-07718,PRP-1928,vaulted_ceilings,1
FTR-07719,PRP-1928,hardwood_floors,Yes
FTR-07720,PRP-1929,new_roof,YES
FTR-07721,PRP-1929,central_ac,yes
FTR-07722,PRP-1929,open_floor_plan,yes
FTR-07723,PRP-1929,walk_in_closet,1
FTR-07724,PRP-1929,fresh_paint,1
FTR-07725,PRP-1930,new_roof,Yes
FTR-07726,PRP-1930,central_ac,yes
FTR-07727,PRP-1930,solar_panels,Yes
FTR-07728,PRP-1930,stainless_appliances,yes
FTR-07729,PRP-1930,fireplace,0
FTR-07730,PRP-1931,solar_panels,yes
FTR-07731,PRP-1931,smart_home,1
FTR-07732,PRP-1931,updated_kitchen,0
FTR-07733,PRP-1931,walk_in_closet,no
FTR-07734,PRP-1932,central_ac,YES
FTR-07735,PRP-1932,open_floor_plan,YES
FTR-07736,PRP-1932,granite_counters,0
FTR-07737,PRP-1932,fresh_paint,YES
FTR-07738,PRP-1932,master_suite,1
FTR-07739,PRP-1932,vaulted_ceilings,Yes
FTR-07740,PRP-1933,vaulted_ceilings,no
FTR-07741,PRP-1933,master_suite,YES
FTR-07742,PRP-1933,new_roof,YES
FTR-07743,PRP-1933,fresh_paint,no
FTR-07744,PRP-1934,granite_counters,Yes
FTR-07745,PRP-1934,master_suite,0
FTR-07746,PRP-1934,open_floor_plan,no
FTR-07747,PRP-1935,central_ac,no
FTR-07748,PRP-1935,master_suite,Yes
FTR-07749,PRP-1935,vaulted_ceilings,Yes
FTR-07750,PRP-1935,walk_in_closet,YES
FTR-07751,PRP-1935,granite_counters,0
FTR-07752,PRP-1935,fireplace,yes
FTR-07753,PRP-1936,smart_home,no
FTR-07754,PRP-1936,open_floor_plan,no
FTR-07755,PRP-1936,vaulted_ceilings,1
FTR-07756,PRP-1937,smart_home,1
FTR-07757,PRP-1937,vaulted_ceilings,Yes
FTR-07758,PRP-1937,solar_panels,0
FTR-07759,PRP-1937,new_roof,no
FTR-07760,PRP-1937,granite_counters,1
FTR-07761,PRP-1937,master_suite,no
FTR-07762,PRP-1938,central_ac,yes
FTR-07763,PRP-1938,granite_counters,0
FTR-07764,PRP-1938,smart_home,Yes
FTR-07765,PRP-1938,fireplace,yes
FTR-07766,PRP-1939,fireplace,Yes
FTR-07767,PRP-1939,solar_panels,yes
FTR-07768,PRP-1939,fresh_paint,YES
FTR-07769,PRP-1939,master_suite,yes
FTR-07770,PRP-1939,granite_counters,yes
FTR-07771,PRP-1940,fireplace,YES
FTR-07772,PRP-1940,smart_home,0
FTR-07773,PRP-1941,fireplace,Yes
FTR-07774,PRP-1941,solar_panels,yes
FTR-07775,PRP-1941,walk_in_closet,1
FTR-07776,PRP-1942,master_suite,0
FTR-07777,PRP-1942,granite_counters,0
FTR-07778,PRP-1942,hardwood_floors,YES
FTR-07779,PRP-1942,open_floor_plan,YES
FTR-07780,PRP-1943,vaulted_ceilings,yes
FTR-07781,PRP-1943,stainless_appliances,YES
FTR-07782,PRP-1943,open_floor_plan,YES
FTR-07783,PRP-1944,master_suite,YES
FTR-07784,PRP-1944,solar_panels,0
FTR-07785,PRP-1944,central_ac,Yes
FTR-07786,PRP-1944,open_floor_plan,0
FTR-07787,PRP-1945,walk_in_closet,1
FTR-07788,PRP-1945,open_floor_plan,YES
FTR-07789,PRP-1945,solar_panels,YES
FTR-07790,PRP-1945,granite_counters,1
FTR-07791,PRP-1945,vaulted_ceilings,Yes
FTR-07792,PRP-1946,stainless_appliances,no
FTR-07793,PRP-1946,central_ac,Yes
FTR-07794,PRP-1946,hardwood_floors,Yes
FTR-07795,PRP-1946,walk_in_closet,YES
FTR-07796,PRP-1946,fireplace,yes
FTR-07797,PRP-1946,vaulted_ceilings,YES
FTR-07798,PRP-1947,smart_home,no
FTR-07799,PRP-1947,fresh_paint,Yes
FTR-07800,PRP-1947,open_floor_plan,no
FTR-07801,PRP-1947,solar_panels,Yes
FTR-07802,PRP-1948,solar_panels,0
FTR-07803,PRP-1948,smart_home,no
FTR-07804,PRP-1948,hardwood_floors,Yes
FTR-07805,PRP-1948,fireplace,1
FTR-07806,PRP-1948,new_roof,0
FTR-07807,PRP-1949,solar_panels,Yes
FTR-07808,PRP-1949,stainless_appliances,no
FTR-07809,PRP-1949,new_roof,yes
FTR-07810,PRP-1949,granite_counters,1
FTR-07811,PRP-1950,fireplace,YES
FTR-07812,PRP-1950,smart_home,Yes
FTR-07813,PRP-1950,updated_kitchen,0
FTR-07814,PRP-1950,master_suite,no
FTR-07815,PRP-1950,granite_counters,YES
FTR-07816,PRP-1951,central_ac,1
FTR-07817,PRP-1951,smart_home,1
FTR-07818,PRP-1951,fresh_paint,0
FTR-07819,PRP-1951,stainless_appliances,YES
FTR-07820,PRP-1951,walk_in_closet,0
FTR-07821,PRP-1951,granite_counters,no
FTR-07822,PRP-1952,solar_panels,Yes
FTR-07823,PRP-1952,fireplace,1
FTR-07824,PRP-1952,stainless_appliances,yes
FTR-07825,PRP-1952,smart_home,Yes
FTR-07826,PRP-1952,granite_counters,YES
FTR-07827,PRP-1953,walk_in_closet,Yes
FTR-07828,PRP-1953,central_ac,Yes
FTR-07829,PRP-1953,updated_kitchen,no
FTR-07830,PRP-1953,open_floor_plan,YES
FTR-07831,PRP-1954,granite_counters,yes
FTR-07832,PRP-1954,updated_kitchen,yes
FTR-07833,PRP-1954,vaulted_ceilings,0
FTR-07834,PRP-1954,hardwood_floors,yes
FTR-07835,PRP-1955,hardwood_floors,yes
FTR-07836,PRP-1955,central_ac,YES
FTR-07837,PRP-1956,granite_counters,yes
FTR-07838,PRP-1956,updated_kitchen,no
FTR-07839,PRP-1956,vaulted_ceilings,Yes
FTR-07840,PRP-1957,central_ac,0
FTR-07841,PRP-1957,vaulted_ceilings,no
FTR-07842,PRP-1957,open_floor_plan,no
FTR-07843,PRP-1957,granite_counters,0
FTR-07844,PRP-1957,new_roof,no
FTR-07845,PRP-1958,master_suite,1
FTR-07846,PRP-1958,stainless_appliances,YES
FTR-07847,PRP-1959,updated_kitchen,YES
FTR-07848,PRP-1959,smart_home,0
FTR-07849,PRP-1960,updated_kitchen,no
FTR-07850,PRP-1960,vaulted_ceilings,yes
FTR-07851,PRP-1960,stainless_appliances,Yes
FTR-07852,PRP-1960,fireplace,no
FTR-07853,PRP-1960,new_roof,Yes
FTR-07854,PRP-1961,stainless_appliances,Yes
FTR-07855,PRP-1961,vaulted_ceilings,yes
FTR-07856,PRP-1961,fresh_paint,Yes
FTR-07857,PRP-1961,smart_home,no
FTR-07858,PRP-1961,fireplace,0
FTR-07859,PRP-1962,central_ac,Yes
FTR-07860,PRP-1962,stainless_appliances,1
FTR-07861,PRP-1962,solar_panels,0
FTR-07862,PRP-1962,hardwood_floors,yes
FTR-07863,PRP-1962,fireplace,YES
FTR-07864,PRP-1962,granite_counters,1
FTR-07865,PRP-1963,fireplace,Yes
FTR-07866,PRP-1963,granite_counters,0
FTR-07867,PRP-1963,new_roof,Yes
FTR-07868,PRP-1963,stainless_appliances,0
FTR-07869,PRP-1963,solar_panels,0
FTR-07870,PRP-1964,stainless_appliances,Yes
FTR-07871,PRP-1964,smart_home,yes
FTR-07872,PRP-1965,stainless_appliances,0
FTR-07873,PRP-1965,open_floor_plan,1
FTR-07874,PRP-1965,new_roof,no
FTR-07875,PRP-1965,solar_panels,Yes
FTR-07876,PRP-1965,smart_home,yes
FTR-07877,PRP-1966,stainless_appliances,Yes
FTR-07878,PRP-1966,walk_in_closet,1
FTR-07879,PRP-1966,fresh_paint,YES
FTR-07880,PRP-1966,granite_counters,Yes
FTR-07881,PRP-1967,updated_kitchen,Yes
FTR-07882,PRP-1967,open_floor_plan,no
FTR-07883,PRP-1967,master_suite,Yes
FTR-07884,PRP-1967,smart_home,no
FTR-07885,PRP-1967,central_ac,YES
FTR-07886,PRP-1968,smart_home,no
FTR-07887,PRP-1968,walk_in_closet,0
FTR-07888,PRP-1968,stainless_appliances,Yes
FTR-07889,PRP-1968,open_floor_plan,YES
FTR-07890,PRP-1969,solar_panels,Yes
FTR-07891,PRP-1969,vaulted_ceilings,YES
FTR-07892,PRP-1970,central_ac,yes
FTR-07893,PRP-1970,new_roof,yes
FTR-07894,PRP-1971,fireplace,yes
FTR-07895,PRP-1971,updated_kitchen,1
FTR-07896,PRP-1971,open_floor_plan,0
FTR-07897,PRP-1971,vaulted_ceilings,0
FTR-07898,PRP-1971,new_roof,yes
FTR-07899,PRP-1972,granite_counters,YES
FTR-07900,PRP-1972,walk_in_closet,no
FTR-07901,PRP-1972,smart_home,1
FTR-07902,PRP-1972,master_suite,Yes
FTR-07903,PRP-1973,stainless_appliances,Yes
FTR-07904,PRP-1973,smart_home,1
FTR-07905,PRP-1974,walk_in_closet,yes
FTR-07906,PRP-1974,open_floor_plan,yes
FTR-07907,PRP-1974,new_roof,yes
FTR-07908,PRP-1974,updated_kitchen,1
FTR-07909,PRP-1975,updated_kitchen,yes
FTR-07910,PRP-1975,fireplace,Yes
FTR-07911,PRP-1975,vaulted_ceilings,1
FTR-07912,PRP-1975,central_ac,1
FTR-07913,PRP-1975,open_floor_plan,Yes
FTR-07914,PRP-1975,hardwood_floors,Yes
FTR-07915,PRP-1976,open_floor_plan,1
FTR-07916,PRP-1976,granite_counters,yes
FTR-07917,PRP-1976,fireplace,yes
FTR-07918,PRP-1976,hardwood_floors,YES
FTR-07919,PRP-1977,open_floor_plan,no
FTR-07920,PRP-1977,master_suite,no
FTR-07921,PRP-1977,smart_home,0
FTR-07922,PRP-1977,updated_kitchen,1
FTR-07923,PRP-1977,solar_panels,YES
FTR-07924,PRP-1977,stainless_appliances,yes
FTR-07925,PRP-1978,smart_home,Yes
FTR-07926,PRP-1978,fresh_paint,Yes
FTR-07927,PRP-1978,open_floor_plan,YES
FTR-07928,PRP-1978,walk_in_closet,yes
FTR-07929,PRP-1979,walk_in_closet,yes
FTR-07930,PRP-1979,solar_panels,yes
FTR-07931,PRP-1979,master_suite,1
FTR-07932,PRP-1979,new_roof,YES
FTR-07933,PRP-1979,central_ac,1
FTR-07934,PRP-1980,granite_counters,0
FTR-07935,PRP-1980,vaulted_ceilings,Yes
FTR-07936,PRP-1980,hardwood_floors,no
FTR-07937,PRP-1980,smart_home,no
FTR-07938,PRP-1980,fresh_paint,YES
FTR-07939,PRP-1980,new_roof,yes
FTR-07940,PRP-1981,granite_counters,no
FTR-07941,PRP-1981,smart_home,1
FTR-07942,PRP-1981,central_ac,0
FTR-07943,PRP-1981,solar_panels,no
FTR-07944,PRP-1981,fresh_paint,0
FTR-07945,PRP-1982,central_ac,YES
FTR-07946,PRP-1982,master_suite,YES
FTR-07947,PRP-1983,vaulted_ceilings,YES
FTR-07948,PRP-1983,updated_kitchen,yes
FTR-07949,PRP-1983,fresh_paint,yes
FTR-07950,PRP-1983,open_floor_plan,0
FTR-07951,PRP-1983,fireplace,YES
FTR-07952,PRP-1983,central_ac,1
FTR-07953,PRP-1984,granite_counters,YES
FTR-07954,PRP-1984,fireplace,YES
FTR-07955,PRP-1984,fresh_paint,0
FTR-07956,PRP-1984,central_ac,yes
FTR-07957,PRP-1984,open_floor_plan,Yes
FTR-07958,PRP-1985,granite_counters,1
FTR-07959,PRP-1985,open_floor_plan,no
FTR-07960,PRP-1985,solar_panels,yes
FTR-07961,PRP-1985,central_ac,yes
FTR-07962,PRP-1985,vaulted_ceilings,YES
FTR-07963,PRP-1986,vaulted_ceilings,1
FTR-07964,PRP-1986,open_floor_plan,YES
FTR-07965,PRP-1986,solar_panels,Yes
FTR-07966,PRP-1986,updated_kitchen,Yes
FTR-07967,PRP-1986,central_ac,Yes
FTR-07968,PRP-1986,walk_in_closet,1
FTR-07969,PRP-1987,granite_counters,no
FTR-07970,PRP-1987,new_roof,YES
FTR-07971,PRP-1987,smart_home,1
FTR-07972,PRP-1987,hardwood_floors,no
FTR-07973,PRP-1987,stainless_appliances,Yes
FTR-07974,PRP-1988,central_ac,yes
FTR-07975,PRP-1988,master_suite,1
FTR-07976,PRP-1988,solar_panels,1
FTR-07977,PRP-1988,fresh_paint,Yes
FTR-07978,PRP-1988,walk_in_closet,yes
FTR-07979,PRP-1989,fireplace,no
FTR-07980,PRP-1989,updated_kitchen,yes
FTR-07981,PRP-1989,vaulted_ceilings,no
FTR-07982,PRP-1990,smart_home,yes
FTR-07983,PRP-1990,fireplace,YES
FTR-07984,PRP-1990,vaulted_ceilings,YES
FTR-07985,PRP-1990,updated_kitchen,no
FTR-07986,PRP-1990,granite_counters,Yes
FTR-07987,PRP-1991,walk_in_closet,YES
FTR-07988,PRP-1991,open_floor_plan,1
FTR-07989,PRP-1991,fireplace,no
FTR-07990,PRP-1991,updated_kitchen,Yes
FTR-07991,PRP-1992,fresh_paint,yes
FTR-07992,PRP-1992,smart_home,0
FTR-07993,PRP-1992,new_roof,no
FTR-07994,PRP-1992,master_suite,no
FTR-07995,PRP-1992,vaulted_ceilings,no
FTR-07996,PRP-1993,central_ac,0
FTR-07997,PRP-1993,hardwood_floors,no
FTR-07998,PRP-1993,stainless_appliances,YES
FTR-07999,PRP-1993,fireplace,YES
FTR-08000,PRP-1993,granite_counters,yes
FTR-08001,PRP-1994,vaulted_ceilings,Yes
FTR-08002,PRP-1994,updated_kitchen,no
FTR-08003,PRP-1995,new_roof,1
FTR-08004,PRP-1995,updated_kitchen,yes
FTR-08005,PRP-1995,granite_counters,YES
FTR-08006,PRP-1996,vaulted_ceilings,yes
FTR-08007,PRP-1996,smart_home,yes
FTR-08008,PRP-1996,central_ac,yes
FTR-08009,PRP-1997,open_floor_plan,1
FTR-08010,PRP-1997,new_roof,1
FTR-08011,PRP-1997,updated_kitchen,Yes
FTR-08012,PRP-1998,hardwood_floors,yes
FTR-08013,PRP-1998,updated_kitchen,yes
FTR-08014,PRP-1998,central_ac,1
FTR-08015,PRP-1998,open_floor_plan,yes
FTR-08016,PRP-1998,fireplace,yes
FTR-08017,PRP-1998,granite_counters,1
FTR-08018,PRP-1999,stainless_appliances,yes
FTR-08019,PRP-1999,vaulted_ceilings,0
FTR-08020,PRP-1999,fireplace,1
FTR-08021,PRP-1999,hardwood_floors,Yes
FTR-08022,PRP-1999,solar_panels,0
FTR-08023,PRP-2000,fresh_paint,YES
FTR-08024,PRP-2000,solar_panels,YES
FTR-08025,PRP-2000,walk_in_closet,YES
FTR-08026,PRP-2000,granite_counters,YES
FTR-08027,PRP-2000,open_floor_plan,Yes
FTR-08028,PRP-2000,fireplace,1
FTR-08029,PRP-2001,granite_counters,1
FTR-08030,PRP-2001,updated_kitchen,Yes
FTR-08031,PRP-2001,master_suite,1
FTR-08032,PRP-2001,smart_home,1
FTR-08033,PRP-2002,central_ac,no
FTR-08034,PRP-2002,open_floor_plan,no
FTR-08035,PRP-2002,new_roof,no
FTR-08036,PRP-2003,central_ac,no
FTR-08037,PRP-2003,fireplace,0
FTR-08038,PRP-2003,new_roof,YES
FTR-08039,PRP-2003,solar_panels,1
FTR-08040,PRP-2003,updated_kitchen,1
FTR-08041,PRP-2004,stainless_appliances,YES
FTR-08042,PRP-2004,granite_counters,yes
FTR-08043,PRP-2004,fresh_paint,0
FTR-08044,PRP-2004,smart_home,yes
FTR-08045,PRP-2004,master_suite,yes
FTR-08046,PRP-2005,fresh_paint,no
FTR-08047,PRP-2005,open_floor_plan,Yes
FTR-08048,PRP-2005,walk_in_closet,0
FTR-08049,PRP-2005,hardwood_floors,YES
FTR-08050,PRP-2005,solar_panels,no
FTR-08051,PRP-2006,smart_home,Yes
FTR-08052,PRP-2006,fireplace,YES
FTR-08053,PRP-2006,central_ac,Yes
FTR-08054,PRP-2006,fresh_paint,0
FTR-08055,PRP-2006,master_suite,1
FTR-08056,PRP-2007,smart_home,YES
FTR-08057,PRP-2007,fireplace,no
FTR-08058,PRP-2007,hardwood_floors,Yes
FTR-08059,PRP-2007,updated_kitchen,1
FTR-08060,PRP-2007,new_roof,no
FTR-08061,PRP-2007,walk_in_closet,YES
FTR-08062,PRP-2008,fresh_paint,1
FTR-08063,PRP-2008,walk_in_closet,0
FTR-08064,PRP-2008,stainless_appliances,1
FTR-08065,PRP-2008,updated_kitchen,YES
FTR-08066,PRP-2008,new_roof,0
FTR-08067,PRP-2008,fireplace,yes
FTR-08068,PRP-2009,vaulted_ceilings,no
FTR-08069,PRP-2009,master_suite,Yes
FTR-08070,PRP-2009,walk_in_closet,YES
FTR-08071,PRP-2009,hardwood_floors,0
FTR-08072,PRP-2009,updated_kitchen,yes
FTR-08073,PRP-2010,central_ac,yes
FTR-08074,PRP-2010,stainless_appliances,YES
FTR-08075,PRP-2010,fireplace,Yes
FTR-08076,PRP-2010,fresh_paint,YES
FTR-08077,PRP-2010,smart_home,no
FTR-08078,PRP-2011,vaulted_ceilings,0
FTR-08079,PRP-2011,hardwood_floors,YES
FTR-08080,PRP-2011,walk_in_closet,yes
FTR-08081,PRP-2012,smart_home,yes
FTR-08082,PRP-2012,vaulted_ceilings,0
FTR-08083,PRP-2012,solar_panels,no
FTR-08084,PRP-2012,new_roof,YES
FTR-08085,PRP-2013,open_floor_plan,0
FTR-08086,PRP-2013,stainless_appliances,no
FTR-08087,PRP-2013,updated_kitchen,0
FTR-08088,PRP-2013,hardwood_floors,0
FTR-08089,PRP-2014,updated_kitchen,YES
FTR-08090,PRP-2014,open_floor_plan,0
FTR-08091,PRP-2014,granite_counters,Yes
FTR-08092,PRP-2014,fresh_paint,no
FTR-08093,PRP-2014,hardwood_floors,yes
FTR-08094,PRP-2014,stainless_appliances,YES
FTR-08095,PRP-2015,new_roof,no
FTR-08096,PRP-2015,walk_in_closet,no
FTR-08097,PRP-2015,vaulted_ceilings,no
FTR-08098,PRP-2015,solar_panels,1
FTR-08099,PRP-2015,stainless_appliances,1
FTR-08100,PRP-2015,open_floor_plan,yes
FTR-08101,PRP-2016,vaulted_ceilings,1
FTR-08102,PRP-2016,new_roof,0
FTR-08103,PRP-2017,open_floor_plan,Yes
FTR-08104,PRP-2017,hardwood_floors,no
FTR-08105,PRP-2017,vaulted_ceilings,yes
FTR-08106,PRP-2017,stainless_appliances,YES
FTR-08107,PRP-2018,vaulted_ceilings,YES
FTR-08108,PRP-2018,updated_kitchen,Yes
FTR-08109,PRP-2018,fresh_paint,1
FTR-08110,PRP-2018,master_suite,0
FTR-08111,PRP-2019,solar_panels,0
FTR-08112,PRP-2019,fireplace,1
FTR-08113,PRP-2020,stainless_appliances,YES
FTR-08114,PRP-2020,walk_in_closet,0
FTR-08115,PRP-2020,fireplace,1
FTR-08116,PRP-2020,updated_kitchen,1
FTR-08117,PRP-2021,open_floor_plan,yes
FTR-08118,PRP-2021,vaulted_ceilings,Yes
FTR-08119,PRP-2021,updated_kitchen,no
FTR-08120,PRP-2021,solar_panels,1
FTR-08121,PRP-2021,new_roof,Yes
FTR-08122,PRP-2022,smart_home,YES
FTR-08123,PRP-2022,fresh_paint,Yes
FTR-08124,PRP-2023,solar_panels,1
FTR-08125,PRP-2023,fireplace,yes
FTR-08126,PRP-2023,walk_in_closet,no
FTR-08127,PRP-2023,granite_counters,0
FTR-08128,PRP-2023,vaulted_ceilings,0
FTR-08129,PRP-2024,central_ac,no
FTR-08130,PRP-2024,stainless_appliances,1
FTR-08131,PRP-2024,updated_kitchen,1
FTR-08132,PRP-2024,open_floor_plan,YES
FTR-08133,PRP-2025,fireplace,1
FTR-08134,PRP-2025,smart_home,yes
FTR-08135,PRP-2025,updated_kitchen,YES
FTR-08136,PRP-2025,open_floor_plan,1
FTR-08137,PRP-2025,new_roof,no
FTR-08138,PRP-2026,updated_kitchen,Yes
FTR-08139,PRP-2026,stainless_appliances,Yes
FTR-08140,PRP-2027,vaulted_ceilings,yes
FTR-08141,PRP-2027,central_ac,1
FTR-08142,PRP-2028,walk_in_closet,0
FTR-08143,PRP-2028,smart_home,no
FTR-08144,PRP-2029,fireplace,1
FTR-08145,PRP-2029,master_suite,0
FTR-08146,PRP-2030,fresh_paint,yes
FTR-08147,PRP-2030,central_ac,1
FTR-08148,PRP-2030,solar_panels,Yes
FTR-08149,PRP-2031,central_ac,yes
FTR-08150,PRP-2031,smart_home,0
FTR-08151,PRP-2032,solar_panels,1
FTR-08152,PRP-2032,new_roof,0
FTR-08153,PRP-2033,fresh_paint,no
FTR-08154,PRP-2033,granite_counters,no
FTR-08155,PRP-2033,walk_in_closet,yes
FTR-08156,PRP-2033,central_ac,1
FTR-08157,PRP-2034,smart_home,no
FTR-08158,PRP-2034,updated_kitchen,yes
FTR-08159,PRP-2034,solar_panels,yes
FTR-08160,PRP-2034,granite_counters,no
FTR-08161,PRP-2034,hardwood_floors,Yes
FTR-08162,PRP-2035,solar_panels,1
FTR-08163,PRP-2035,walk_in_closet,no
FTR-08164,PRP-2036,central_ac,1
FTR-08165,PRP-2036,smart_home,Yes
FTR-08166,PRP-2036,granite_counters,1
FTR-08167,PRP-2037,fireplace,no
FTR-08168,PRP-2037,central_ac,YES
FTR-08169,PRP-2037,solar_panels,no
FTR-08170,PRP-2037,master_suite,yes
FTR-08171,PRP-2038,new_roof,yes
FTR-08172,PRP-2038,smart_home,YES
FTR-08173,PRP-2038,solar_panels,Yes
FTR-08174,PRP-2038,stainless_appliances,no
FTR-08175,PRP-2038,walk_in_closet,no
FTR-08176,PRP-2039,new_roof,0
FTR-08177,PRP-2039,open_floor_plan,1
FTR-08178,PRP-2040,walk_in_closet,no
FTR-08179,PRP-2040,smart_home,0
FTR-08180,PRP-2041,updated_kitchen,0
FTR-08181,PRP-2041,master_suite,no
FTR-08182,PRP-2041,hardwood_floors,Yes
FTR-08183,PRP-2041,granite_counters,YES
FTR-08184,PRP-2041,vaulted_ceilings,Yes
FTR-08185,PRP-2042,walk_in_closet,0
FTR-08186,PRP-2042,updated_kitchen,yes
FTR-08187,PRP-2042,fireplace,0
FTR-08188,PRP-2042,vaulted_ceilings,Yes
FTR-08189,PRP-2042,stainless_appliances,0
FTR-08190,PRP-2043,smart_home,yes
FTR-08191,PRP-2043,hardwood_floors,Yes
FTR-08192,PRP-2043,walk_in_closet,0
FTR-08193,PRP-2044,solar_panels,yes
FTR-08194,PRP-2044,hardwood_floors,1
FTR-08195,PRP-2044,master_suite,no
FTR-08196,PRP-2044,central_ac,1
FTR-08197,PRP-2045,smart_home,Yes
FTR-08198,PRP-2045,updated_kitchen,Yes
FTR-08199,PRP-2045,hardwood_floors,1
FTR-08200,PRP-2045,walk_in_closet,Yes
FTR-08201,PRP-2045,vaulted_ceilings,0
FTR-08202,PRP-2045,central_ac,yes
FTR-08203,PRP-2046,granite_counters,1
FTR-08204,PRP-2046,open_floor_plan,YES
FTR-08205,PRP-2046,stainless_appliances,0
FTR-08206,PRP-2047,solar_panels,Yes
FTR-08207,PRP-2047,stainless_appliances,no
FTR-08208,PRP-2047,fresh_paint,yes
FTR-08209,PRP-2047,hardwood_floors,yes
FTR-08210,PRP-2047,open_floor_plan,no
FTR-08211,PRP-2047,walk_in_closet,yes
FTR-08212,PRP-2048,hardwood_floors,yes
FTR-08213,PRP-2048,central_ac,Yes
FTR-08214,PRP-2048,solar_panels,YES
FTR-08215,PRP-2048,vaulted_ceilings,yes
FTR-08216,PRP-2049,fresh_paint,no
FTR-08217,PRP-2049,open_floor_plan,yes
FTR-08218,PRP-2049,master_suite,0
FTR-08219,PRP-2049,new_roof,1
FTR-08220,PRP-2049,granite_counters,Yes
FTR-08221,PRP-2050,new_roof,yes
FTR-08222,PRP-2050,hardwood_floors,0
FTR-08223,PRP-2050,updated_kitchen,Yes
FTR-08224,PRP-2050,stainless_appliances,no
FTR-08225,PRP-2050,solar_panels,YES
FTR-08226,PRP-2050,vaulted_ceilings,YES
FTR-08227,PRP-2051,granite_counters,Yes
FTR-08228,PRP-2051,hardwood_floors,0
FTR-08229,PRP-2051,solar_panels,no
FTR-08230,PRP-2051,master_suite,Yes
FTR-08231,PRP-2051,fireplace,yes
FTR-08232,PRP-2051,fresh_paint,YES
FTR-08233,PRP-2052,updated_kitchen,YES
FTR-08234,PRP-2052,fresh_paint,Yes
FTR-08235,PRP-2052,granite_counters,YES
FTR-08236,PRP-2052,hardwood_floors,0
FTR-08237,PRP-2052,solar_panels,Yes
FTR-08238,PRP-2052,master_suite,0
FTR-08239,PRP-2053,updated_kitchen,0
FTR-08240,PRP-2053,stainless_appliances,Yes
FTR-08241,PRP-2053,master_suite,Yes
FTR-08242,PRP-2054,vaulted_ceilings,yes
FTR-08243,PRP-2054,master_suite,no
FTR-08244,PRP-2054,granite_counters,Yes
FTR-08245,PRP-2054,smart_home,Yes
FTR-08246,PRP-2055,fresh_paint,YES
FTR-08247,PRP-2055,master_suite,no
FTR-08248,PRP-2055,stainless_appliances,YES
FTR-08249,PRP-2055,vaulted_ceilings,yes
FTR-08250,PRP-2056,vaulted_ceilings,1
FTR-08251,PRP-2056,updated_kitchen,no
FTR-08252,PRP-2056,stainless_appliances,Yes
FTR-08253,PRP-2056,solar_panels,1
FTR-08254,PRP-2056,master_suite,1
FTR-08255,PRP-2056,new_roof,0
FTR-08256,PRP-2057,walk_in_closet,yes
FTR-08257,PRP-2057,granite_counters,yes
FTR-08258,PRP-2057,hardwood_floors,Yes
FTR-08259,PRP-2057,open_floor_plan,YES
FTR-08260,PRP-2057,central_ac,YES
FTR-08261,PRP-2057,smart_home,no
FTR-08262,PRP-2058,walk_in_closet,YES
FTR-08263,PRP-2058,fresh_paint,no
FTR-08264,PRP-2058,central_ac,0
FTR-08265,PRP-2058,smart_home,0
FTR-08266,PRP-2058,updated_kitchen,yes
FTR-08267,PRP-2059,fresh_paint,1
FTR-08268,PRP-2059,central_ac,Yes
FTR-08269,PRP-2059,vaulted_ceilings,0
FTR-08270,PRP-2059,open_floor_plan,yes
FTR-08271,PRP-2059,updated_kitchen,1
FTR-08272,PRP-2059,walk_in_closet,Yes
FTR-08273,PRP-2060,updated_kitchen,yes
FTR-08274,PRP-2060,fireplace,yes
FTR-08275,PRP-2060,master_suite,YES
FTR-08276,PRP-2060,open_floor_plan,Yes
FTR-08277,PRP-2060,new_roof,yes
FTR-08278,PRP-2060,smart_home,1
FTR-08279,PRP-2061,vaulted_ceilings,no
FTR-08280,PRP-2061,fireplace,Yes
FTR-08281,PRP-2061,open_floor_plan,YES
FTR-08282,PRP-2061,stainless_appliances,no
FTR-08283,PRP-2061,new_roof,1
FTR-08284,PRP-2062,smart_home,no
FTR-08285,PRP-2062,granite_counters,yes
FTR-08286,PRP-2062,walk_in_closet,1
FTR-08287,PRP-2062,open_floor_plan,0
FTR-08288,PRP-2062,master_suite,yes
FTR-08289,PRP-2063,fresh_paint,1
FTR-08290,PRP-2063,vaulted_ceilings,0
FTR-08291,PRP-2063,central_ac,0
FTR-08292,PRP-2063,new_roof,YES
FTR-08293,PRP-2063,solar_panels,0
FTR-08294,PRP-2064,hardwood_floors,no
FTR-08295,PRP-2064,smart_home,1
FTR-08296,PRP-2065,new_roof,yes
FTR-08297,PRP-2065,fireplace,YES
FTR-08298,PRP-2066,open_floor_plan,1
FTR-08299,PRP-2066,fireplace,Yes
FTR-08300,PRP-2066,granite_counters,Yes
FTR-08301,PRP-2066,hardwood_floors,Yes
FTR-08302,PRP-2066,vaulted_ceilings,yes
FTR-08303,PRP-2066,master_suite,YES
FTR-08304,PRP-2067,stainless_appliances,no
FTR-08305,PRP-2067,open_floor_plan,1
FTR-08306,PRP-2067,updated_kitchen,0
FTR-08307,PRP-2067,new_roof,0
FTR-08308,PRP-2067,solar_panels,yes
FTR-08309,PRP-2067,granite_counters,Yes
FTR-08310,PRP-2068,fresh_paint,0
FTR-08311,PRP-2068,granite_counters,yes
FTR-08312,PRP-2068,master_suite,1
FTR-08313,PRP-2069,granite_counters,Yes
FTR-08314,PRP-2069,central_ac,1
FTR-08315,PRP-2070,solar_panels,yes
FTR-08316,PRP-2070,updated_kitchen,no
FTR-08317,PRP-2070,fireplace,0
FTR-08318,PRP-2071,granite_counters,yes
FTR-08319,PRP-2071,updated_kitchen,YES
FTR-08320,PRP-2071,stainless_appliances,no
FTR-08321,PRP-2071,central_ac,0
FTR-08322,PRP-2071,master_suite,0
FTR-08323,PRP-2071,solar_panels,yes
FTR-08324,PRP-2072,vaulted_ceilings,YES
FTR-08325,PRP-2072,fireplace,Yes
FTR-08326,PRP-2072,fresh_paint,YES
FTR-08327,PRP-2072,updated_kitchen,Yes
FTR-08328,PRP-2073,master_suite,Yes
FTR-08329,PRP-2073,new_roof,YES
FTR-08330,PRP-2073,updated_kitchen,YES
FTR-08331,PRP-2074,walk_in_closet,yes
FTR-08332,PRP-2074,master_suite,yes
FTR-08333,PRP-2075,hardwood_floors,1
FTR-08334,PRP-2075,updated_kitchen,Yes
FTR-08335,PRP-2075,walk_in_closet,0
FTR-08336,PRP-2075,open_floor_plan,0
FTR-08337,PRP-2076,open_floor_plan,0
FTR-08338,PRP-2076,updated_kitchen,Yes
FTR-08339,PRP-2076,solar_panels,yes
FTR-08340,PRP-2077,master_suite,1
FTR-08341,PRP-2077,smart_home,yes
FTR-08342,PRP-2077,walk_in_closet,YES
FTR-08343,PRP-2077,fireplace,Yes
FTR-08344,PRP-2077,updated_kitchen,Yes
FTR-08345,PRP-2077,central_ac,yes
FTR-08346,PRP-2078,new_roof,0
FTR-08347,PRP-2078,smart_home,Yes
FTR-08348,PRP-2078,solar_panels,0
FTR-08349,PRP-2078,fireplace,YES
FTR-08350,PRP-2079,vaulted_ceilings,1
FTR-08351,PRP-2079,granite_counters,1
FTR-08352,PRP-2079,central_ac,1
FTR-08353,PRP-2080,open_floor_plan,YES
FTR-08354,PRP-2080,granite_counters,no
FTR-08355,PRP-2080,master_suite,yes
FTR-08356,PRP-2080,central_ac,no
FTR-08357,PRP-2081,solar_panels,Yes
FTR-08358,PRP-2081,fireplace,yes
FTR-08359,PRP-2081,open_floor_plan,YES
FTR-08360,PRP-2082,fireplace,yes
FTR-08361,PRP-2082,vaulted_ceilings,yes
FTR-08362,PRP-2083,fresh_paint,yes
FTR-08363,PRP-2083,updated_kitchen,no
FTR-08364,PRP-2083,hardwood_floors,yes
FTR-08365,PRP-2083,fireplace,Yes
FTR-08366,PRP-2083,open_floor_plan,1
FTR-08367,PRP-2083,new_roof,no
FTR-08368,PRP-2084,open_floor_plan,no
FTR-08369,PRP-2084,hardwood_floors,no
FTR-08370,PRP-2085,vaulted_ceilings,yes
FTR-08371,PRP-2085,solar_panels,1
FTR-08372,PRP-2085,new_roof,1
FTR-08373,PRP-2085,smart_home,no
FTR-08374,PRP-2085,fresh_paint,0
FTR-08375,PRP-2086,vaulted_ceilings,1
FTR-08376,PRP-2086,new_roof,yes
FTR-08377,PRP-2086,central_ac,0
FTR-08378,PRP-2086,walk_in_closet,YES
FTR-08379,PRP-2086,fresh_paint,yes
FTR-08380,PRP-2087,fresh_paint,1
FTR-08381,PRP-2087,stainless_appliances,1
FTR-08382,PRP-2087,hardwood_floors,yes
FTR-08383,PRP-2088,open_floor_plan,1
FTR-08384,PRP-2088,stainless_appliances,Yes
FTR-08385,PRP-2088,granite_counters,YES
FTR-08386,PRP-2088,walk_in_closet,Yes
FTR-08387,PRP-2089,hardwood_floors,1
FTR-08388,PRP-2089,new_roof,Yes
FTR-08389,PRP-2089,smart_home,Yes
FTR-08390,PRP-2089,stainless_appliances,no
FTR-08391,PRP-2089,updated_kitchen,no
FTR-08392,PRP-2090,new_roof,Yes
FTR-08393,PRP-2090,open_floor_plan,Yes
FTR-08394,PRP-2090,stainless_appliances,0
FTR-08395,PRP-2090,fresh_paint,0
FTR-08396,PRP-2090,solar_panels,yes
FTR-08397,PRP-2090,fireplace,Yes
FTR-08398,PRP-2091,solar_panels,1
FTR-08399,PRP-2091,updated_kitchen,0
FTR-08400,PRP-2092,fireplace,0
FTR-08401,PRP-2092,vaulted_ceilings,yes
FTR-08402,PRP-2092,smart_home,1
FTR-08403,PRP-2092,walk_in_closet,Yes
FTR-08404,PRP-2093,solar_panels,0
FTR-08405,PRP-2093,master_suite,no
FTR-08406,PRP-2094,fresh_paint,1
FTR-08407,PRP-2094,hardwood_floors,yes
FTR-08408,PRP-2094,fireplace,1
FTR-08409,PRP-2094,master_suite,no
FTR-08410,PRP-2094,updated_kitchen,no
FTR-08411,PRP-2095,master_suite,no
FTR-08412,PRP-2095,updated_kitchen,Yes
FTR-08413,PRP-2095,walk_in_closet,yes
FTR-08414,PRP-2095,hardwood_floors,yes
FTR-08415,PRP-2095,solar_panels,no
FTR-08416,PRP-2096,solar_panels,yes
FTR-08417,PRP-2096,updated_kitchen,yes
FTR-08418,PRP-2097,fresh_paint,1
FTR-08419,PRP-2097,hardwood_floors,0
FTR-08420,PRP-2097,smart_home,Yes
FTR-08421,PRP-2097,solar_panels,YES
FTR-08422,PRP-2098,walk_in_closet,Yes
FTR-08423,PRP-2098,solar_panels,Yes
FTR-08424,PRP-2098,smart_home,Yes
FTR-08425,PRP-2099,vaulted_ceilings,1
FTR-08426,PRP-2099,walk_in_closet,yes
FTR-08427,PRP-2099,updated_kitchen,Yes
FTR-08428,PRP-2099,granite_counters,Yes
FTR-08429,PRP-2100,new_roof,Yes
FTR-08430,PRP-2100,smart_home,no
FTR-08431,PRP-2100,solar_panels,0
FTR-08432,PRP-2100,granite_counters,Yes
FTR-08433,PRP-2100,fresh_paint,Yes
FTR-08434,PRP-2100,open_floor_plan,0
FTR-08435,PRP-2101,solar_panels,yes
FTR-08436,PRP-2101,open_floor_plan,yes
FTR-08437,PRP-2101,walk_in_closet,YES
FTR-08438,PRP-2101,smart_home,no
FTR-08439,PRP-2102,new_roof,yes
FTR-08440,PRP-2102,master_suite,YES
FTR-08441,PRP-2102,smart_home,1
FTR-08442,PRP-2102,walk_in_closet,YES
FTR-08443,PRP-2102,fresh_paint,yes
FTR-08444,PRP-2103,master_suite,0
FTR-08445,PRP-2103,granite_counters,0
FTR-08446,PRP-2103,open_floor_plan,yes
FTR-08447,PRP-2103,fresh_paint,0
FTR-08448,PRP-2103,vaulted_ceilings,YES
FTR-08449,PRP-2103,smart_home,Yes
FTR-08450,PRP-2104,walk_in_closet,no
FTR-08451,PRP-2104,stainless_appliances,Yes
FTR-08452,PRP-2105,vaulted_ceilings,0
FTR-08453,PRP-2105,stainless_appliances,no
FTR-08454,PRP-2105,walk_in_closet,yes
FTR-08455,PRP-2105,smart_home,yes
FTR-08456,PRP-2105,granite_counters,yes
FTR-08457,PRP-2106,new_roof,Yes
FTR-08458,PRP-2106,fresh_paint,no
FTR-08459,PRP-2106,central_ac,0
FTR-08460,PRP-2107,smart_home,YES
FTR-08461,PRP-2107,master_suite,Yes
FTR-08462,PRP-2107,walk_in_closet,no
FTR-08463,PRP-2107,fresh_paint,no
FTR-08464,PRP-2107,solar_panels,YES
FTR-08465,PRP-2107,stainless_appliances,no
FTR-08466,PRP-2108,fresh_paint,0
FTR-08467,PRP-2108,new_roof,yes
FTR-08468,PRP-2108,central_ac,no
FTR-08469,PRP-2109,fresh_paint,1
FTR-08470,PRP-2109,walk_in_closet,0
FTR-08471,PRP-2109,granite_counters,no
FTR-08472,PRP-2109,smart_home,YES
FTR-08473,PRP-2109,new_roof,1
FTR-08474,PRP-2110,solar_panels,YES
FTR-08475,PRP-2110,fresh_paint,no
FTR-08476,PRP-2110,master_suite,Yes
FTR-08477,PRP-2110,granite_counters,1
FTR-08478,PRP-2111,central_ac,Yes
FTR-08479,PRP-2111,smart_home,yes
FTR-08480,PRP-2111,walk_in_closet,yes
FTR-08481,PRP-2111,fireplace,1
FTR-08482,PRP-2111,granite_counters,yes
FTR-08483,PRP-2112,hardwood_floors,no
FTR-08484,PRP-2112,stainless_appliances,1
FTR-08485,PRP-2113,vaulted_ceilings,no
FTR-08486,PRP-2113,solar_panels,yes
FTR-08487,PRP-2113,central_ac,YES
FTR-08488,PRP-2113,smart_home,Yes
FTR-08489,PRP-2114,updated_kitchen,yes
FTR-08490,PRP-2114,central_ac,yes
FTR-08491,PRP-2114,new_roof,no
FTR-08492,PRP-2114,open_floor_plan,no
FTR-08493,PRP-2114,fireplace,Yes
FTR-08494,PRP-2114,solar_panels,YES
FTR-08495,PRP-2115,central_ac,Yes
FTR-08496,PRP-2115,updated_kitchen,YES
FTR-08497,PRP-2116,solar_panels,0
FTR-08498,PRP-2116,fireplace,1
FTR-08499,PRP-2116,hardwood_floors,no
FTR-08500,PRP-2116,vaulted_ceilings,no
FTR-08501,PRP-2117,walk_in_closet,YES
FTR-08502,PRP-2117,granite_counters,yes
FTR-08503,PRP-2117,fireplace,1
FTR-08504,PRP-2118,walk_in_closet,YES
FTR-08505,PRP-2118,new_roof,no
FTR-08506,PRP-2118,central_ac,Yes
FTR-08507,PRP-2119,walk_in_closet,yes
FTR-08508,PRP-2119,solar_panels,0
FTR-08509,PRP-2119,smart_home,1
FTR-08510,PRP-2119,granite_counters,YES
FTR-08511,PRP-2119,fireplace,no
FTR-08512,PRP-2120,new_roof,1
FTR-08513,PRP-2120,central_ac,no
FTR-08514,PRP-2120,granite_counters,no
FTR-08515,PRP-2121,stainless_appliances,1
FTR-08516,PRP-2121,solar_panels,YES
FTR-08517,PRP-2121,hardwood_floors,YES
FTR-08518,PRP-2121,smart_home,1
FTR-08519,PRP-2122,central_ac,1
FTR-08520,PRP-2122,master_suite,YES
FTR-08521,PRP-2123,fireplace,no
FTR-08522,PRP-2123,walk_in_closet,YES
FTR-08523,PRP-2124,vaulted_ceilings,no
FTR-08524,PRP-2124,fireplace,0
FTR-08525,PRP-2124,granite_counters,yes
FTR-08526,PRP-2124,stainless_appliances,no
FTR-08527,PRP-2124,master_suite,0
FTR-08528,PRP-2124,new_roof,1
FTR-08529,PRP-2125,granite_counters,0
FTR-08530,PRP-2125,hardwood_floors,YES
FTR-08531,PRP-2125,vaulted_ceilings,yes
FTR-08532,PRP-2126,solar_panels,YES
FTR-08533,PRP-2126,open_floor_plan,YES
FTR-08534,PRP-2126,granite_counters,1
FTR-08535,PRP-2126,fresh_paint,Yes
FTR-08536,PRP-2127,new_roof,0
FTR-08537,PRP-2127,stainless_appliances,no
FTR-08538,PRP-2127,central_ac,yes
FTR-08539,PRP-2127,fireplace,1
FTR-08540,PRP-2128,walk_in_closet,yes
FTR-08541,PRP-2128,hardwood_floors,yes
FTR-08542,PRP-2128,open_floor_plan,YES
FTR-08543,PRP-2128,master_suite,Yes
FTR-08544,PRP-2128,fresh_paint,Yes
FTR-08545,PRP-2129,granite_counters,1
FTR-08546,PRP-2129,open_floor_plan,no
FTR-08547,PRP-2129,central_ac,no
FTR-08548,PRP-2129,new_roof,1
FTR-08549,PRP-2129,smart_home,Yes
FTR-08550,PRP-2129,fresh_paint,0
FTR-08551,PRP-2130,master_suite,YES
FTR-08552,PRP-2130,hardwood_floors,yes
FTR-08553,PRP-2131,fresh_paint,0
FTR-08554,PRP-2131,new_roof,yes
FTR-08555,PRP-2131,updated_kitchen,Yes
FTR-08556,PRP-2132,master_suite,no
FTR-08557,PRP-2132,granite_counters,yes
FTR-08558,PRP-2132,fresh_paint,no
FTR-08559,PRP-2133,smart_home,YES
FTR-08560,PRP-2133,central_ac,Yes
FTR-08561,PRP-2133,open_floor_plan,yes
FTR-08562,PRP-2133,updated_kitchen,yes
FTR-08563,PRP-2133,granite_counters,YES
FTR-08564,PRP-2133,stainless_appliances,0
FTR-08565,PRP-2134,master_suite,yes
FTR-08566,PRP-2134,hardwood_floors,no
FTR-08567,PRP-2134,fireplace,no
FTR-08568,PRP-2134,updated_kitchen,Yes
FTR-08569,PRP-2135,new_roof,1
FTR-08570,PRP-2135,walk_in_closet,YES
FTR-08571,PRP-2135,granite_counters,no
FTR-08572,PRP-2135,fresh_paint,YES
FTR-08573,PRP-2136,granite_counters,no
FTR-08574,PRP-2136,central_ac,0
FTR-08575,PRP-2136,new_roof,YES
FTR-08576,PRP-2137,hardwood_floors,0
FTR-08577,PRP-2137,fireplace,Yes
FTR-08578,PRP-2137,walk_in_closet,yes
FTR-08579,PRP-2138,vaulted_ceilings,YES
FTR-08580,PRP-2138,master_suite,no
FTR-08581,PRP-2138,smart_home,YES
FTR-08582,PRP-2138,central_ac,no
FTR-08583,PRP-2138,updated_kitchen,0
FTR-08584,PRP-2138,solar_panels,yes
FTR-08585,PRP-2139,fireplace,1
FTR-08586,PRP-2139,granite_counters,YES
FTR-08587,PRP-2139,updated_kitchen,YES
FTR-08588,PRP-2140,walk_in_closet,1
FTR-08589,PRP-2140,stainless_appliances,no
FTR-08590,PRP-2140,new_roof,yes
FTR-08591,PRP-2141,central_ac,yes
FTR-08592,PRP-2141,open_floor_plan,0
FTR-08593,PRP-2141,fresh_paint,no
FTR-08594,PRP-2141,hardwood_floors,YES
FTR-08595,PRP-2141,master_suite,0
FTR-08596,PRP-2141,walk_in_closet,Yes
FTR-08597,PRP-2142,updated_kitchen,Yes
FTR-08598,PRP-2142,open_floor_plan,YES
FTR-08599,PRP-2143,updated_kitchen,Yes
FTR-08600,PRP-2143,vaulted_ceilings,0
FTR-08601,PRP-2143,fresh_paint,1
FTR-08602,PRP-2143,master_suite,0
FTR-08603,PRP-2143,central_ac,Yes
FTR-08604,PRP-2144,updated_kitchen,Yes
FTR-08605,PRP-2144,vaulted_ceilings,yes
FTR-08606,PRP-2144,open_floor_plan,no
FTR-08607,PRP-2144,granite_counters,1
FTR-08608,PRP-2144,fireplace,no
FTR-08609,PRP-2144,smart_home,0
FTR-08610,PRP-2145,walk_in_closet,YES
FTR-08611,PRP-2145,stainless_appliances,yes
FTR-08612,PRP-2146,new_roof,1
FTR-08613,PRP-2146,hardwood_floors,YES
FTR-08614,PRP-2147,fireplace,1
FTR-08615,PRP-2147,fresh_paint,0
FTR-08616,PRP-2147,master_suite,0
FTR-08617,PRP-2147,updated_kitchen,Yes
FTR-08618,PRP-2147,vaulted_ceilings,0
FTR-08619,PRP-2148,open_floor_plan,yes
FTR-08620,PRP-2148,vaulted_ceilings,1
FTR-08621,PRP-2148,solar_panels,yes
FTR-08622,PRP-2148,stainless_appliances,0
FTR-08623,PRP-2148,walk_in_closet,yes
FTR-08624,PRP-2148,smart_home,yes
FTR-08625,PRP-2149,solar_panels,yes
FTR-08626,PRP-2149,new_roof,0
FTR-08627,PRP-2149,smart_home,Yes
FTR-08628,PRP-2149,granite_counters,1
FTR-08629,PRP-2149,open_floor_plan,no
FTR-08630,PRP-2150,vaulted_ceilings,1
FTR-08631,PRP-2150,central_ac,no
FTR-08632,PRP-2151,granite_counters,no
FTR-08633,PRP-2151,fireplace,1
FTR-08634,PRP-2152,solar_panels,Yes
FTR-08635,PRP-2152,walk_in_closet,1
FTR-08636,PRP-2152,fresh_paint,0
FTR-08637,PRP-2152,central_ac,no
FTR-08638,PRP-2152,new_roof,yes
FTR-08639,PRP-2152,master_suite,0
FTR-08640,PRP-2153,walk_in_closet,0
FTR-08641,PRP-2153,fresh_paint,1
FTR-08642,PRP-2153,vaulted_ceilings,Yes
FTR-08643,PRP-2153,solar_panels,1
FTR-08644,PRP-2153,master_suite,no
FTR-08645,PRP-2154,granite_counters,YES
FTR-08646,PRP-2154,updated_kitchen,yes
FTR-08647,PRP-2154,solar_panels,Yes
FTR-08648,PRP-2155,walk_in_closet,Yes
FTR-08649,PRP-2155,granite_counters,1
FTR-08650,PRP-2155,fresh_paint,YES
FTR-08651,PRP-2156,fresh_paint,YES
FTR-08652,PRP-2156,smart_home,1
FTR-08653,PRP-2157,stainless_appliances,1
FTR-08654,PRP-2157,new_roof,1
FTR-08655,PRP-2157,vaulted_ceilings,yes
FTR-08656,PRP-2157,updated_kitchen,Yes
FTR-08657,PRP-2157,walk_in_closet,0
FTR-08658,PRP-2158,smart_home,0
FTR-08659,PRP-2158,stainless_appliances,0
FTR-08660,PRP-2159,vaulted_ceilings,no
FTR-08661,PRP-2159,walk_in_closet,yes
FTR-08662,PRP-2159,granite_counters,Yes
FTR-08663,PRP-2159,fresh_paint,Yes
FTR-08664,PRP-2159,smart_home,no
FTR-08665,PRP-2160,walk_in_closet,YES
FTR-08666,PRP-2160,fresh_paint,0
FTR-08667,PRP-2161,updated_kitchen,no
FTR-08668,PRP-2161,open_floor_plan,1
FTR-08669,PRP-2162,hardwood_floors,YES
FTR-08670,PRP-2162,master_suite,0
FTR-08671,PRP-2163,walk_in_closet,1
FTR-08672,PRP-2163,fireplace,YES
FTR-08673,PRP-2163,central_ac,Yes
FTR-08674,PRP-2163,solar_panels,Yes
FTR-08675,PRP-2164,master_suite,no
FTR-08676,PRP-2164,hardwood_floors,YES
FTR-08677,PRP-2164,updated_kitchen,0
FTR-08678,PRP-2164,new_roof,no
FTR-08679,PRP-2164,open_floor_plan,YES
FTR-08680,PRP-2165,fireplace,1
FTR-08681,PRP-2165,updated_kitchen,1
FTR-08682,PRP-2165,smart_home,1
FTR-08683,PRP-2165,central_ac,Yes
FTR-08684,PRP-2165,walk_in_closet,no
FTR-08685,PRP-2166,new_roof,YES
FTR-08686,PRP-2166,vaulted_ceilings,1
FTR-08687,PRP-2166,hardwood_floors,1
FTR-08688,PRP-2167,central_ac,0
FTR-08689,PRP-2167,smart_home,Yes
FTR-08690,PRP-2167,hardwood_floors,yes
FTR-08691,PRP-2167,solar_panels,Yes
FTR-08692,PRP-2168,new_roof,0
FTR-08693,PRP-2168,central_ac,0
FTR-08694,PRP-2168,open_floor_plan,Yes
FTR-08695,PRP-2168,updated_kitchen,1
FTR-08696,PRP-2168,fresh_paint,yes
FTR-08697,PRP-2168,master_suite,no
FTR-08698,PRP-2169,new_roof,no
FTR-08699,PRP-2169,open_floor_plan,yes
FTR-08700,PRP-2170,smart_home,Yes
FTR-08701,PRP-2170,granite_counters,1
FTR-08702,PRP-2171,fireplace,0
FTR-08703,PRP-2171,fresh_paint,1
FTR-08704,PRP-2172,walk_in_closet,0
FTR-08705,PRP-2172,new_roof,0
FTR-08706,PRP-2172,fresh_paint,1
FTR-08707,PRP-2172,central_ac,no
FTR-08708,PRP-2172,master_suite,no
FTR-08709,PRP-2173,hardwood_floors,1
FTR-08710,PRP-2173,vaulted_ceilings,Yes
FTR-08711,PRP-2173,new_roof,Yes
FTR-08712,PRP-2174,fireplace,0
FTR-08713,PRP-2174,solar_panels,YES
FTR-08714,PRP-2175,walk_in_closet,YES
FTR-08715,PRP-2175,central_ac,YES
FTR-08716,PRP-2175,master_suite,YES
FTR-08717,PRP-2175,new_roof,no
FTR-08718,PRP-2176,granite_counters,YES
FTR-08719,PRP-2176,open_floor_plan,no
FTR-08720,PRP-2176,walk_in_closet,0
FTR-08721,PRP-2176,fresh_paint,1
FTR-08722,PRP-2176,master_suite,1
FTR-08723,PRP-2176,solar_panels,no
FTR-08724,PRP-2177,new_roof,0
FTR-08725,PRP-2177,fireplace,YES
FTR-08726,PRP-2177,central_ac,Yes
FTR-08727,PRP-2177,updated_kitchen,0
FTR-08728,PRP-2178,central_ac,0
FTR-08729,PRP-2178,smart_home,Yes
FTR-08730,PRP-2178,solar_panels,yes
FTR-08731,PRP-2178,master_suite,1
FTR-08732,PRP-2178,vaulted_ceilings,1
FTR-08733,PRP-2179,vaulted_ceilings,no
FTR-08734,PRP-2179,master_suite,yes
FTR-08735,PRP-2179,fireplace,YES
FTR-08736,PRP-2180,new_roof,0
FTR-08737,PRP-2180,central_ac,1
FTR-08738,PRP-2180,hardwood_floors,no
FTR-08739,PRP-2180,fresh_paint,yes
FTR-08740,PRP-2181,solar_panels,no
FTR-08741,PRP-2181,fresh_paint,no
FTR-08742,PRP-2182,stainless_appliances,Yes
FTR-08743,PRP-2182,vaulted_ceilings,Yes
FTR-08744,PRP-2182,updated_kitchen,0
FTR-08745,PRP-2182,granite_counters,0
FTR-08746,PRP-2182,central_ac,yes
FTR-08747,PRP-2183,master_suite,YES
FTR-08748,PRP-2183,solar_panels,YES
FTR-08749,PRP-2183,stainless_appliances,0
FTR-08750,PRP-2184,new_roof,Yes
FTR-08751,PRP-2184,fireplace,yes
FTR-08752,PRP-2184,smart_home,YES
FTR-08753,PRP-2184,vaulted_ceilings,yes
FTR-08754,PRP-2184,fresh_paint,YES
FTR-08755,PRP-2185,smart_home,no
FTR-08756,PRP-2185,fireplace,1
FTR-08757,PRP-2186,fireplace,no
FTR-08758,PRP-2186,master_suite,0
FTR-08759,PRP-2186,hardwood_floors,1
FTR-08760,PRP-2186,central_ac,1
FTR-08761,PRP-2186,solar_panels,no
FTR-08762,PRP-2187,fireplace,yes
FTR-08763,PRP-2187,central_ac,1
FTR-08764,PRP-2187,granite_counters,Yes
FTR-08765,PRP-2187,updated_kitchen,yes
FTR-08766,PRP-2187,master_suite,no
FTR-08767,PRP-2188,master_suite,no
FTR-08768,PRP-2188,new_roof,no
FTR-08769,PRP-2188,granite_counters,1
FTR-08770,PRP-2188,solar_panels,1
FTR-08771,PRP-2188,central_ac,YES
FTR-08772,PRP-2189,open_floor_plan,Yes
FTR-08773,PRP-2189,fireplace,1
FTR-08774,PRP-2189,new_roof,no
FTR-08775,PRP-2189,solar_panels,yes
FTR-08776,PRP-2189,vaulted_ceilings,YES
FTR-08777,PRP-2189,granite_counters,0
FTR-08778,PRP-2190,stainless_appliances,1
FTR-08779,PRP-2190,updated_kitchen,yes
FTR-08780,PRP-2190,vaulted_ceilings,1
FTR-08781,PRP-2190,granite_counters,yes
FTR-08782,PRP-2191,fireplace,1
FTR-08783,PRP-2191,vaulted_ceilings,yes
FTR-08784,PRP-2192,fireplace,yes
FTR-08785,PRP-2192,new_roof,0
FTR-08786,PRP-2192,master_suite,no
FTR-08787,PRP-2192,open_floor_plan,1
FTR-08788,PRP-2192,solar_panels,0
FTR-08789,PRP-2192,vaulted_ceilings,no
FTR-08790,PRP-2193,stainless_appliances,1
FTR-08791,PRP-2193,updated_kitchen,YES
FTR-08792,PRP-2193,master_suite,0
FTR-08793,PRP-2194,central_ac,1
FTR-08794,PRP-2194,smart_home,0
FTR-08795,PRP-2194,hardwood_floors,no
FTR-08796,PRP-2195,new_roof,1
FTR-08797,PRP-2195,open_floor_plan,yes
FTR-08798,PRP-2195,central_ac,Yes
FTR-08799,PRP-2195,hardwood_floors,no
FTR-08800,PRP-2196,solar_panels,Yes
FTR-08801,PRP-2196,fireplace,1
FTR-08802,PRP-2196,hardwood_floors,no
FTR-08803,PRP-2196,stainless_appliances,Yes
FTR-08804,PRP-2196,fresh_paint,no
FTR-08805,PRP-2196,updated_kitchen,no
FTR-08806,PRP-2197,hardwood_floors,YES
FTR-08807,PRP-2197,walk_in_closet,1
FTR-08808,PRP-2197,fresh_paint,0
FTR-08809,PRP-2198,granite_counters,yes
FTR-08810,PRP-2198,new_roof,yes
FTR-08811,PRP-2198,fresh_paint,no
FTR-08812,PRP-2199,granite_counters,0
FTR-08813,PRP-2199,hardwood_floors,1
FTR-08814,PRP-2199,updated_kitchen,yes
FTR-08815,PRP-2200,new_roof,YES
FTR-08816,PRP-2200,fireplace,Yes
FTR-08817,PRP-2200,smart_home,1
FTR-08818,PRP-2200,granite_counters,yes
FTR-08819,PRP-2200,fresh_paint,no
FTR-08820,PRP-2200,updated_kitchen,no
FTR-08821,PRP-2201,vaulted_ceilings,yes
FTR-08822,PRP-2201,master_suite,1
FTR-08823,PRP-2201,hardwood_floors,no
FTR-08824,PRP-2201,stainless_appliances,Yes
FTR-08825,PRP-2201,new_roof,YES
FTR-08826,PRP-2202,granite_counters,no
FTR-08827,PRP-2202,hardwood_floors,0
FTR-08828,PRP-2202,open_floor_plan,no
FTR-08829,PRP-2202,new_roof,yes
FTR-08830,PRP-2202,stainless_appliances,no
FTR-08831,PRP-2202,fireplace,YES
FTR-08832,PRP-2203,open_floor_plan,YES
FTR-08833,PRP-2203,fresh_paint,no
FTR-08834,PRP-2203,walk_in_closet,Yes
FTR-08835,PRP-2203,new_roof,1
FTR-08836,PRP-2203,updated_kitchen,0
FTR-08837,PRP-2204,solar_panels,yes
FTR-08838,PRP-2204,master_suite,no
FTR-08839,PRP-2204,vaulted_ceilings,1
FTR-08840,PRP-2204,walk_in_closet,YES
FTR-08841,PRP-2204,fireplace,Yes
FTR-08842,PRP-2205,smart_home,YES
FTR-08843,PRP-2205,granite_counters,no
FTR-08844,PRP-2205,central_ac,Yes
FTR-08845,PRP-2205,fireplace,Yes
FTR-08846,PRP-2205,hardwood_floors,Yes
FTR-08847,PRP-2205,new_roof,no
FTR-08848,PRP-2206,open_floor_plan,yes
FTR-08849,PRP-2206,granite_counters,YES
FTR-08850,PRP-2207,solar_panels,no
FTR-08851,PRP-2207,smart_home,yes
FTR-08852,PRP-2207,open_floor_plan,Yes
FTR-08853,PRP-2208,vaulted_ceilings,1
FTR-08854,PRP-2208,granite_counters,1
FTR-08855,PRP-2208,open_floor_plan,no
FTR-08856,PRP-2208,smart_home,1
FTR-08857,PRP-2208,fresh_paint,yes
FTR-08858,PRP-2209,master_suite,no
FTR-08859,PRP-2209,stainless_appliances,yes
FTR-08860,PRP-2209,new_roof,Yes
FTR-08861,PRP-2210,hardwood_floors,yes
FTR-08862,PRP-2210,fireplace,1
FTR-08863,PRP-2210,granite_counters,Yes
FTR-08864,PRP-2211,open_floor_plan,0
FTR-08865,PRP-2211,stainless_appliances,0
FTR-08866,PRP-2211,updated_kitchen,yes
FTR-08867,PRP-2212,hardwood_floors,1
FTR-08868,PRP-2212,granite_counters,YES
FTR-08869,PRP-2212,master_suite,no
FTR-08870,PRP-2213,master_suite,Yes
FTR-08871,PRP-2213,vaulted_ceilings,1
FTR-08872,PRP-2213,fireplace,YES
FTR-08873,PRP-2213,stainless_appliances,0
FTR-08874,PRP-2214,hardwood_floors,yes
FTR-08875,PRP-2214,granite_counters,YES
FTR-08876,PRP-2214,fresh_paint,0
FTR-08877,PRP-2214,walk_in_closet,yes
FTR-08878,PRP-2215,fresh_paint,no
FTR-08879,PRP-2215,updated_kitchen,1
FTR-08880,PRP-2215,walk_in_closet,no
FTR-08881,PRP-2215,fireplace,Yes
FTR-08882,PRP-2216,walk_in_closet,yes
FTR-08883,PRP-2216,master_suite,1
FTR-08884,PRP-2217,walk_in_closet,yes
FTR-08885,PRP-2217,fireplace,0
FTR-08886,PRP-2217,updated_kitchen,yes
FTR-08887,PRP-2218,new_roof,YES
FTR-08888,PRP-2218,vaulted_ceilings,Yes
FTR-08889,PRP-2218,walk_in_closet,1
FTR-08890,PRP-2218,granite_counters,1
FTR-08891,PRP-2219,fireplace,Yes
FTR-08892,PRP-2219,central_ac,YES
FTR-08893,PRP-2219,master_suite,0
FTR-08894,PRP-2219,vaulted_ceilings,1
FTR-08895,PRP-2219,solar_panels,1
FTR-08896,PRP-2220,fireplace,no
FTR-08897,PRP-2220,open_floor_plan,Yes
FTR-08898,PRP-2221,master_suite,1
FTR-08899,PRP-2221,walk_in_closet,no
FTR-08900,PRP-2222,smart_home,1
FTR-08901,PRP-2222,granite_counters,Yes
FTR-08902,PRP-2223,solar_panels,0
FTR-08903,PRP-2223,stainless_appliances,yes
FTR-08904,PRP-2223,master_suite,YES
FTR-08905,PRP-2223,open_floor_plan,yes
FTR-08906,PRP-2223,granite_counters,no
FTR-08907,PRP-2223,smart_home,1
FTR-08908,PRP-2224,updated_kitchen,no
FTR-08909,PRP-2224,fireplace,no
FTR-08910,PRP-2224,granite_counters,0
FTR-08911,PRP-2224,smart_home,YES
FTR-08912,PRP-2224,walk_in_closet,Yes
FTR-08913,PRP-2224,open_floor_plan,Yes
FTR-08914,PRP-2225,smart_home,1
FTR-08915,PRP-2225,open_floor_plan,no
FTR-08916,PRP-2225,walk_in_closet,Yes
FTR-08917,PRP-2225,hardwood_floors,no
FTR-08918,PRP-2226,master_suite,0
FTR-08919,PRP-2226,open_floor_plan,1
FTR-08920,PRP-2227,solar_panels,Yes
FTR-08921,PRP-2227,fireplace,Yes
FTR-08922,PRP-2228,new_roof,no
FTR-08923,PRP-2228,fireplace,Yes
FTR-08924,PRP-2229,hardwood_floors,yes
FTR-08925,PRP-2229,master_suite,no
FTR-08926,PRP-2230,central_ac,yes
FTR-08927,PRP-2230,vaulted_ceilings,Yes
FTR-08928,PRP-2230,master_suite,Yes
FTR-08929,PRP-2231,vaulted_ceilings,no
FTR-08930,PRP-2231,stainless_appliances,yes
FTR-08931,PRP-2232,new_roof,1
FTR-08932,PRP-2232,hardwood_floors,yes
FTR-08933,PRP-2233,granite_counters,no
FTR-08934,PRP-2233,smart_home,0
FTR-08935,PRP-2234,walk_in_closet,yes
FTR-08936,PRP-2234,stainless_appliances,yes
FTR-08937,PRP-2235,smart_home,0
FTR-08938,PRP-2235,granite_counters,1
FTR-08939,PRP-2236,walk_in_closet,Yes
FTR-08940,PRP-2236,open_floor_plan,YES
FTR-08941,PRP-2236,fireplace,0
FTR-08942,PRP-2236,solar_panels,1
FTR-08943,PRP-2236,vaulted_ceilings,no
FTR-08944,PRP-2237,master_suite,YES
FTR-08945,PRP-2237,central_ac,yes
FTR-08946,PRP-2237,solar_panels,no
FTR-08947,PRP-2237,smart_home,YES
FTR-08948,PRP-2238,new_roof,yes
FTR-08949,PRP-2238,fireplace,0
FTR-08950,PRP-2238,central_ac,yes
FTR-08951,PRP-2238,stainless_appliances,0
FTR-08952,PRP-2238,fresh_paint,YES
FTR-08953,PRP-2239,solar_panels,YES
FTR-08954,PRP-2239,vaulted_ceilings,1
FTR-08955,PRP-2239,walk_in_closet,no
FTR-08956,PRP-2239,updated_kitchen,YES
FTR-08957,PRP-2239,central_ac,yes
FTR-08958,PRP-2240,solar_panels,no
FTR-08959,PRP-2240,vaulted_ceilings,yes
FTR-08960,PRP-2240,master_suite,YES
FTR-08961,PRP-2240,fireplace,0
FTR-08962,PRP-2240,stainless_appliances,YES
FTR-08963,PRP-2241,updated_kitchen,Yes
FTR-08964,PRP-2241,fresh_paint,0
FTR-08965,PRP-2241,central_ac,no
FTR-08966,PRP-2241,open_floor_plan,0
FTR-08967,PRP-2241,master_suite,yes
FTR-08968,PRP-2241,walk_in_closet,1
FTR-08969,PRP-2242,vaulted_ceilings,0
FTR-08970,PRP-2242,new_roof,Yes
FTR-08971,PRP-2242,central_ac,1
FTR-08972,PRP-2242,stainless_appliances,YES
FTR-08973,PRP-2242,updated_kitchen,1
FTR-08974,PRP-2242,fireplace,Yes
FTR-08975,PRP-2243,central_ac,no
FTR-08976,PRP-2243,solar_panels,Yes
FTR-08977,PRP-2243,fireplace,yes
FTR-08978,PRP-2243,smart_home,1
FTR-08979,PRP-2243,granite_counters,0
FTR-08980,PRP-2244,stainless_appliances,yes
FTR-08981,PRP-2244,master_suite,1
FTR-08982,PRP-2244,granite_counters,yes
FTR-08983,PRP-2245,granite_counters,YES
FTR-08984,PRP-2245,vaulted_ceilings,0
FTR-08985,PRP-2245,updated_kitchen,0
FTR-08986,PRP-2246,hardwood_floors,0
FTR-08987,PRP-2246,walk_in_closet,YES
FTR-08988,PRP-2247,solar_panels,yes
FTR-08989,PRP-2247,updated_kitchen,no
FTR-08990,PRP-2247,fresh_paint,YES
FTR-08991,PRP-2247,new_roof,Yes
FTR-08992,PRP-2247,vaulted_ceilings,0
FTR-08993,PRP-2247,walk_in_closet,yes
FTR-08994,PRP-2248,new_roof,yes
FTR-08995,PRP-2248,master_suite,Yes
FTR-08996,PRP-2248,hardwood_floors,YES
FTR-08997,PRP-2248,solar_panels,YES
FTR-08998,PRP-2248,central_ac,0
FTR-08999,PRP-2248,stainless_appliances,0
FTR-09000,PRP-2249,open_floor_plan,1
FTR-09001,PRP-2249,smart_home,0
FTR-09002,PRP-2249,hardwood_floors,1
FTR-09003,PRP-2249,solar_panels,no
FTR-09004,PRP-2250,hardwood_floors,1
FTR-09005,PRP-2250,fireplace,YES
FTR-09006,PRP-2250,open_floor_plan,Yes
FTR-09007,PRP-2250,vaulted_ceilings,YES
FTR-09008,PRP-2251,solar_panels,yes
FTR-09009,PRP-2251,fresh_paint,no
FTR-09010,PRP-2251,stainless_appliances,0
FTR-09011,PRP-2251,fireplace,YES
FTR-09012,PRP-2251,vaulted_ceilings,0
FTR-09013,PRP-2252,master_suite,Yes
FTR-09014,PRP-2252,open_floor_plan,no
FTR-09015,PRP-2252,granite_counters,1
FTR-09016,PRP-2252,central_ac,no
FTR-09017,PRP-2252,vaulted_ceilings,0
FTR-09018,PRP-2252,walk_in_closet,Yes
FTR-09019,PRP-2253,solar_panels,no
FTR-09020,PRP-2253,smart_home,no
FTR-09021,PRP-2253,granite_counters,YES
FTR-09022,PRP-2253,master_suite,Yes
FTR-09023,PRP-2254,vaulted_ceilings,0
FTR-09024,PRP-2254,walk_in_closet,YES
FTR-09025,PRP-2255,solar_panels,no
FTR-09026,PRP-2255,granite_counters,YES
FTR-09027,PRP-2255,stainless_appliances,Yes
FTR-09028,PRP-2256,solar_panels,YES
FTR-09029,PRP-2256,central_ac,no
FTR-09030,PRP-2256,master_suite,no
FTR-09031,PRP-2256,vaulted_ceilings,0
FTR-09032,PRP-2256,open_floor_plan,1
FTR-09033,PRP-2257,open_floor_plan,YES
FTR-09034,PRP-2257,stainless_appliances,Yes
FTR-09035,PRP-2257,fresh_paint,1
FTR-09036,PRP-2257,master_suite,no
FTR-09037,PRP-2258,solar_panels,yes
FTR-09038,PRP-2258,stainless_appliances,yes
FTR-09039,PRP-2258,central_ac,yes
FTR-09040,PRP-2258,smart_home,no
FTR-09041,PRP-2258,fireplace,no
FTR-09042,PRP-2258,updated_kitchen,Yes
FTR-09043,PRP-2259,open_floor_plan,no
FTR-09044,PRP-2259,walk_in_closet,Yes
FTR-09045,PRP-2259,master_suite,1
FTR-09046,PRP-2260,walk_in_closet,0
FTR-09047,PRP-2260,smart_home,0
FTR-09048,PRP-2260,stainless_appliances,1
FTR-09049,PRP-2260,fireplace,Yes
FTR-09050,PRP-2261,smart_home,no
FTR-09051,PRP-2261,master_suite,1
FTR-09052,PRP-2261,fireplace,YES
FTR-09053,PRP-2261,solar_panels,0
FTR-09054,PRP-2261,updated_kitchen,yes
FTR-09055,PRP-2262,granite_counters,1
FTR-09056,PRP-2262,vaulted_ceilings,yes
FTR-09057,PRP-2262,fireplace,no
FTR-09058,PRP-2263,solar_panels,YES
FTR-09059,PRP-2263,vaulted_ceilings,Yes
FTR-09060,PRP-2263,granite_counters,1
FTR-09061,PRP-2263,fireplace,1
FTR-09062,PRP-2264,solar_panels,YES
FTR-09063,PRP-2264,master_suite,yes
FTR-09064,PRP-2265,granite_counters,Yes
FTR-09065,PRP-2265,hardwood_floors,Yes
FTR-09066,PRP-2265,solar_panels,yes
FTR-09067,PRP-2265,walk_in_closet,0
FTR-09068,PRP-2265,new_roof,0
FTR-09069,PRP-2266,master_suite,YES
FTR-09070,PRP-2266,updated_kitchen,1
FTR-09071,PRP-2266,vaulted_ceilings,yes
FTR-09072,PRP-2266,solar_panels,1
FTR-09073,PRP-2266,fireplace,no
FTR-09074,PRP-2267,fireplace,no
FTR-09075,PRP-2267,updated_kitchen,YES
FTR-09076,PRP-2267,new_roof,0
FTR-09077,PRP-2267,master_suite,YES
FTR-09078,PRP-2267,granite_counters,no
FTR-09079,PRP-2267,vaulted_ceilings,no
FTR-09080,PRP-2268,central_ac,yes
FTR-09081,PRP-2268,fresh_paint,0
FTR-09082,PRP-2268,smart_home,YES
FTR-09083,PRP-2268,open_floor_plan,YES
FTR-09084,PRP-2268,granite_counters,yes
FTR-09085,PRP-2269,new_roof,YES
FTR-09086,PRP-2269,smart_home,0
FTR-09087,PRP-2269,solar_panels,Yes
FTR-09088,PRP-2269,updated_kitchen,yes
FTR-09089,PRP-2269,granite_counters,yes
FTR-09090,PRP-2269,open_floor_plan,0
FTR-09091,PRP-2270,updated_kitchen,YES
FTR-09092,PRP-2270,vaulted_ceilings,yes
FTR-09093,PRP-2270,smart_home,1
FTR-09094,PRP-2270,stainless_appliances,YES
FTR-09095,PRP-2271,stainless_appliances,YES
FTR-09096,PRP-2271,fireplace,1
FTR-09097,PRP-2271,new_roof,1
FTR-09098,PRP-2272,hardwood_floors,1
FTR-09099,PRP-2272,smart_home,yes
FTR-09100,PRP-2272,vaulted_ceilings,YES
FTR-09101,PRP-2272,granite_counters,0
FTR-09102,PRP-2272,fresh_paint,no
FTR-09103,PRP-2273,hardwood_floors,0
FTR-09104,PRP-2273,vaulted_ceilings,0
FTR-09105,PRP-2273,walk_in_closet,1
FTR-09106,PRP-2273,stainless_appliances,no
FTR-09107,PRP-2273,master_suite,1
FTR-09108,PRP-2274,walk_in_closet,yes
FTR-09109,PRP-2274,hardwood_floors,no
FTR-09110,PRP-2274,smart_home,1
FTR-09111,PRP-2275,granite_counters,0
FTR-09112,PRP-2275,walk_in_closet,YES
FTR-09113,PRP-2275,solar_panels,no
FTR-09114,PRP-2276,granite_counters,no
FTR-09115,PRP-2276,hardwood_floors,yes
FTR-09116,PRP-2276,vaulted_ceilings,0
FTR-09117,PRP-2276,updated_kitchen,0
FTR-09118,PRP-2277,walk_in_closet,no
FTR-09119,PRP-2277,central_ac,YES
FTR-09120,PRP-2277,new_roof,1
FTR-09121,PRP-2277,updated_kitchen,yes
FTR-09122,PRP-2278,hardwood_floors,Yes
FTR-09123,PRP-2278,open_floor_plan,0
FTR-09124,PRP-2278,central_ac,0
FTR-09125,PRP-2278,granite_counters,1
FTR-09126,PRP-2278,master_suite,no
FTR-09127,PRP-2279,updated_kitchen,yes
FTR-09128,PRP-2279,vaulted_ceilings,no
FTR-09129,PRP-2279,central_ac,1
FTR-09130,PRP-2280,smart_home,yes
FTR-09131,PRP-2280,walk_in_closet,0
FTR-09132,PRP-2281,hardwood_floors,yes
FTR-09133,PRP-2281,open_floor_plan,Yes
FTR-09134,PRP-2281,new_roof,1
FTR-09135,PRP-2281,central_ac,Yes
FTR-09136,PRP-2281,granite_counters,Yes
FTR-09137,PRP-2281,vaulted_ceilings,1
FTR-09138,PRP-2282,smart_home,Yes
FTR-09139,PRP-2282,solar_panels,1
FTR-09140,PRP-2283,hardwood_floors,yes
FTR-09141,PRP-2283,fresh_paint,0
FTR-09142,PRP-2283,updated_kitchen,0
FTR-09143,PRP-2283,central_ac,0
FTR-09144,PRP-2283,stainless_appliances,Yes
FTR-09145,PRP-2284,solar_panels,1
FTR-09146,PRP-2284,stainless_appliances,Yes
FTR-09147,PRP-2285,master_suite,1
FTR-09148,PRP-2285,fireplace,0
FTR-09149,PRP-2285,hardwood_floors,0
FTR-09150,PRP-2285,open_floor_plan,no
FTR-09151,PRP-2285,vaulted_ceilings,no
FTR-09152,PRP-2285,granite_counters,YES
FTR-09153,PRP-2286,walk_in_closet,Yes
FTR-09154,PRP-2286,stainless_appliances,yes
FTR-09155,PRP-2286,granite_counters,0
FTR-09156,PRP-2286,vaulted_ceilings,no
FTR-09157,PRP-2287,central_ac,0
FTR-09158,PRP-2287,granite_counters,0
FTR-09159,PRP-2287,updated_kitchen,YES
FTR-09160,PRP-2287,fireplace,yes
FTR-09161,PRP-2287,smart_home,1
FTR-09162,PRP-2288,master_suite,yes
FTR-09163,PRP-2288,smart_home,no
FTR-09164,PRP-2288,walk_in_closet,yes
FTR-09165,PRP-2288,granite_counters,YES
FTR-09166,PRP-2288,updated_kitchen,no
FTR-09167,PRP-2288,vaulted_ceilings,no
FTR-09168,PRP-2289,open_floor_plan,0
FTR-09169,PRP-2289,vaulted_ceilings,1
FTR-09170,PRP-2289,solar_panels,no
FTR-09171,PRP-2289,fresh_paint,1
FTR-09172,PRP-2289,updated_kitchen,0
FTR-09173,PRP-2290,new_roof,0
FTR-09174,PRP-2290,updated_kitchen,YES
FTR-09175,PRP-2290,hardwood_floors,yes
FTR-09176,PRP-2290,master_suite,Yes
FTR-09177,PRP-2290,vaulted_ceilings,Yes
FTR-09178,PRP-2291,updated_kitchen,YES
FTR-09179,PRP-2291,central_ac,YES
FTR-09180,PRP-2291,fresh_paint,yes
FTR-09181,PRP-2291,hardwood_floors,no
FTR-09182,PRP-2291,stainless_appliances,Yes
FTR-09183,PRP-2292,solar_panels,no
FTR-09184,PRP-2292,granite_counters,1
FTR-09185,PRP-2292,walk_in_closet,1
FTR-09186,PRP-2293,fireplace,Yes
FTR-09187,PRP-2293,granite_counters,YES
FTR-09188,PRP-2293,solar_panels,yes
FTR-09189,PRP-2293,master_suite,0
FTR-09190,PRP-2293,central_ac,no
FTR-09191,PRP-2294,walk_in_closet,YES
FTR-09192,PRP-2294,hardwood_floors,yes
FTR-09193,PRP-2294,vaulted_ceilings,1
FTR-09194,PRP-2294,open_floor_plan,no
FTR-09195,PRP-2294,updated_kitchen,YES
FTR-09196,PRP-2295,stainless_appliances,yes
FTR-09197,PRP-2295,updated_kitchen,yes
FTR-09198,PRP-2296,fireplace,1
FTR-09199,PRP-2296,walk_in_closet,0
FTR-09200,PRP-2296,hardwood_floors,yes
FTR-09201,PRP-2296,granite_counters,0
FTR-09202,PRP-2296,stainless_appliances,YES
FTR-09203,PRP-2297,stainless_appliances,no
FTR-09204,PRP-2297,granite_counters,YES
FTR-09205,PRP-2297,vaulted_ceilings,YES
FTR-09206,PRP-2297,open_floor_plan,Yes
FTR-09207,PRP-2297,fresh_paint,no
FTR-09208,PRP-2298,granite_counters,YES
FTR-09209,PRP-2298,stainless_appliances,YES
FTR-09210,PRP-2298,master_suite,0
FTR-09211,PRP-2298,open_floor_plan,no
FTR-09212,PRP-2299,hardwood_floors,no
FTR-09213,PRP-2299,new_roof,no
FTR-09214,PRP-2299,master_suite,0
FTR-09215,PRP-2299,granite_counters,Yes
FTR-09216,PRP-2299,updated_kitchen,YES
FTR-09217,PRP-2299,open_floor_plan,yes
FTR-09218,PRP-2300,master_suite,YES
FTR-09219,PRP-2300,fresh_paint,yes
FTR-09220,PRP-2300,fireplace,YES
FTR-09221,PRP-2300,smart_home,yes
FTR-09222,PRP-2300,open_floor_plan,no
FTR-09223,PRP-2301,fireplace,yes
FTR-09224,PRP-2301,smart_home,0
FTR-09225,PRP-2301,vaulted_ceilings,Yes
FTR-09226,PRP-2301,fresh_paint,Yes
FTR-09227,PRP-2302,stainless_appliances,0
FTR-09228,PRP-2302,vaulted_ceilings,yes
FTR-09229,PRP-2302,solar_panels,Yes
FTR-09230,PRP-2302,fresh_paint,yes
FTR-09231,PRP-2302,walk_in_closet,no
FTR-09232,PRP-2303,fresh_paint,YES
FTR-09233,PRP-2303,stainless_appliances,yes
FTR-09234,PRP-2303,central_ac,yes
FTR-09235,PRP-2303,walk_in_closet,1
FTR-09236,PRP-2303,fireplace,1
FTR-09237,PRP-2303,new_roof,Yes
FTR-09238,PRP-2304,central_ac,no
FTR-09239,PRP-2304,new_roof,0
FTR-09240,PRP-2304,smart_home,Yes
FTR-09241,PRP-2304,hardwood_floors,0
FTR-09242,PRP-2304,granite_counters,yes
FTR-09243,PRP-2304,updated_kitchen,YES
FTR-09244,PRP-2305,solar_panels,no
FTR-09245,PRP-2305,fresh_paint,Yes
FTR-09246,PRP-2305,fireplace,1
FTR-09247,PRP-2305,master_suite,yes
FTR-09248,PRP-2305,stainless_appliances,no
FTR-09249,PRP-2306,fireplace,YES
FTR-09250,PRP-2306,central_ac,yes
FTR-09251,PRP-2306,solar_panels,Yes
FTR-09252,PRP-2306,open_floor_plan,no
FTR-09253,PRP-2307,smart_home,yes
FTR-09254,PRP-2307,central_ac,Yes
FTR-09255,PRP-2307,updated_kitchen,YES
FTR-09256,PRP-2307,hardwood_floors,Yes
FTR-09257,PRP-2307,open_floor_plan,no
FTR-09258,PRP-2308,smart_home,Yes
FTR-09259,PRP-2308,new_roof,Yes
FTR-09260,PRP-2308,fireplace,Yes
FTR-09261,PRP-2308,vaulted_ceilings,0
FTR-09262,PRP-2308,updated_kitchen,no
FTR-09263,PRP-2309,fresh_paint,no
FTR-09264,PRP-2309,granite_counters,1
FTR-09265,PRP-2309,hardwood_floors,yes
FTR-09266,PRP-2309,walk_in_closet,yes
FTR-09267,PRP-2309,open_floor_plan,yes
FTR-09268,PRP-2310,fresh_paint,no
FTR-09269,PRP-2310,walk_in_closet,Yes
FTR-09270,PRP-2310,granite_counters,yes
FTR-09271,PRP-2310,fireplace,0
FTR-09272,PRP-2311,walk_in_closet,no
FTR-09273,PRP-2311,vaulted_ceilings,Yes
FTR-09274,PRP-2311,granite_counters,no
FTR-09275,PRP-2311,stainless_appliances,no
FTR-09276,PRP-2312,open_floor_plan,1
FTR-09277,PRP-2312,fresh_paint,no
FTR-09278,PRP-2312,fireplace,yes
FTR-09279,PRP-2312,master_suite,YES
FTR-09280,PRP-2312,stainless_appliances,Yes
FTR-09281,PRP-2312,solar_panels,yes
FTR-09282,PRP-2313,hardwood_floors,yes
FTR-09283,PRP-2313,walk_in_closet,0
FTR-09284,PRP-2313,vaulted_ceilings,Yes
FTR-09285,PRP-2313,central_ac,yes
FTR-09286,PRP-2313,master_suite,YES
FTR-09287,PRP-2314,updated_kitchen,0
FTR-09288,PRP-2314,solar_panels,1
FTR-09289,PRP-2314,new_roof,Yes
FTR-09290,PRP-2315,stainless_appliances,0
FTR-09291,PRP-2315,solar_panels,1
FTR-09292,PRP-2315,central_ac,no
FTR-09293,PRP-2315,walk_in_closet,1
FTR-09294,PRP-2316,fresh_paint,0
FTR-09295,PRP-2316,hardwood_floors,Yes
FTR-09296,PRP-2316,new_roof,0
FTR-09297,PRP-2317,open_floor_plan,YES
FTR-09298,PRP-2317,new_roof,0
FTR-09299,PRP-2317,hardwood_floors,yes
FTR-09300,PRP-2318,updated_kitchen,Yes
FTR-09301,PRP-2318,granite_counters,no
FTR-09302,PRP-2319,hardwood_floors,Yes
FTR-09303,PRP-2319,fireplace,no
FTR-09304,PRP-2320,hardwood_floors,1
FTR-09305,PRP-2320,updated_kitchen,YES
FTR-09306,PRP-2320,smart_home,yes
FTR-09307,PRP-2320,granite_counters,0
FTR-09308,PRP-2320,walk_in_closet,no
FTR-09309,PRP-2320,fresh_paint,1
FTR-09310,PRP-2321,master_suite,yes
FTR-09311,PRP-2321,walk_in_closet,0
FTR-09312,PRP-2321,central_ac,Yes
FTR-09313,PRP-2321,new_roof,Yes
FTR-09314,PRP-2322,new_roof,yes
FTR-09315,PRP-2322,smart_home,YES
FTR-09316,PRP-2322,fresh_paint,YES
FTR-09317,PRP-2322,vaulted_ceilings,Yes
FTR-09318,PRP-2322,updated_kitchen,yes
FTR-09319,PRP-2322,walk_in_closet,yes
FTR-09320,PRP-2323,walk_in_closet,YES
FTR-09321,PRP-2323,fireplace,Yes
FTR-09322,PRP-2323,granite_counters,1
FTR-09323,PRP-2323,open_floor_plan,YES
FTR-09324,PRP-2324,new_roof,no
FTR-09325,PRP-2324,master_suite,no
FTR-09326,PRP-2324,fresh_paint,0
FTR-09327,PRP-2325,smart_home,1
FTR-09328,PRP-2325,stainless_appliances,1
FTR-09329,PRP-2325,fresh_paint,0
FTR-09330,PRP-2325,updated_kitchen,0
FTR-09331,PRP-2326,stainless_appliances,Yes
FTR-09332,PRP-2326,walk_in_closet,YES
FTR-09333,PRP-2326,hardwood_floors,no
FTR-09334,PRP-2326,fresh_paint,YES
FTR-09335,PRP-2326,new_roof,0
FTR-09336,PRP-2326,smart_home,YES
FTR-09337,PRP-2327,new_roof,Yes
FTR-09338,PRP-2327,master_suite,0
FTR-09339,PRP-2328,solar_panels,no
FTR-09340,PRP-2328,new_roof,yes
FTR-09341,PRP-2328,smart_home,YES
FTR-09342,PRP-2328,fireplace,YES
FTR-09343,PRP-2328,updated_kitchen,YES
FTR-09344,PRP-2329,walk_in_closet,Yes
FTR-09345,PRP-2329,hardwood_floors,yes
FTR-09346,PRP-2330,fresh_paint,no
FTR-09347,PRP-2330,stainless_appliances,no
FTR-09348,PRP-2330,fireplace,0
FTR-09349,PRP-2330,smart_home,Yes
FTR-09350,PRP-2330,open_floor_plan,Yes
FTR-09351,PRP-2331,open_floor_plan,no
FTR-09352,PRP-2331,smart_home,yes
FTR-09353,PRP-2331,solar_panels,0
FTR-09354,PRP-2332,hardwood_floors,YES
FTR-09355,PRP-2332,vaulted_ceilings,0
FTR-09356,PRP-2332,central_ac,0
FTR-09357,PRP-2332,new_roof,0
FTR-09358,PRP-2333,updated_kitchen,no
FTR-09359,PRP-2333,granite_counters,YES
FTR-09360,PRP-2333,stainless_appliances,no
FTR-09361,PRP-2333,hardwood_floors,1
FTR-09362,PRP-2333,master_suite,Yes
FTR-09363,PRP-2334,updated_kitchen,0
FTR-09364,PRP-2334,central_ac,Yes
FTR-09365,PRP-2334,walk_in_closet,YES
FTR-09366,PRP-2334,fireplace,1
FTR-09367,PRP-2334,solar_panels,YES
FTR-09368,PRP-2335,walk_in_closet,no
FTR-09369,PRP-2335,granite_counters,yes
FTR-09370,PRP-2335,fresh_paint,1
FTR-09371,PRP-2336,stainless_appliances,yes
FTR-09372,PRP-2336,master_suite,Yes
FTR-09373,PRP-2337,fireplace,0
FTR-09374,PRP-2337,stainless_appliances,Yes
FTR-09375,PRP-2338,vaulted_ceilings,yes
FTR-09376,PRP-2338,stainless_appliances,1
FTR-09377,PRP-2338,central_ac,Yes
FTR-09378,PRP-2339,updated_kitchen,Yes
FTR-09379,PRP-2339,stainless_appliances,YES
FTR-09380,PRP-2339,solar_panels,YES
FTR-09381,PRP-2339,granite_counters,0
FTR-09382,PRP-2339,smart_home,yes
FTR-09383,PRP-2339,hardwood_floors,no
FTR-09384,PRP-2340,fresh_paint,no
FTR-09385,PRP-2340,new_roof,yes
FTR-09386,PRP-2340,central_ac,Yes
FTR-09387,PRP-2340,smart_home,1
FTR-09388,PRP-2340,hardwood_floors,1
FTR-09389,PRP-2340,stainless_appliances,Yes
FTR-09390,PRP-2341,fresh_paint,YES
FTR-09391,PRP-2341,central_ac,Yes
FTR-09392,PRP-2342,walk_in_closet,no
FTR-09393,PRP-2342,central_ac,yes
FTR-09394,PRP-2342,fresh_paint,YES
FTR-09395,PRP-2342,hardwood_floors,no
FTR-09396,PRP-2342,stainless_appliances,1
FTR-09397,PRP-2343,new_roof,1
FTR-09398,PRP-2343,stainless_appliances,0
FTR-09399,PRP-2343,smart_home,no
FTR-09400,PRP-2344,fresh_paint,no
FTR-09401,PRP-2344,stainless_appliances,Yes
FTR-09402,PRP-2345,new_roof,yes
FTR-09403,PRP-2345,walk_in_closet,1
FTR-09404,PRP-2345,stainless_appliances,YES
FTR-09405,PRP-2345,hardwood_floors,1
FTR-09406,PRP-2345,solar_panels,YES
FTR-09407,PRP-2345,granite_counters,Yes
FTR-09408,PRP-2346,central_ac,Yes
FTR-09409,PRP-2346,open_floor_plan,1
FTR-09410,PRP-2347,solar_panels,1
FTR-09411,PRP-2347,walk_in_closet,0
FTR-09412,PRP-2348,central_ac,0
FTR-09413,PRP-2348,updated_kitchen,Yes
FTR-09414,PRP-2348,walk_in_closet,0
FTR-09415,PRP-2348,solar_panels,Yes
FTR-09416,PRP-2348,new_roof,0
FTR-09417,PRP-2348,stainless_appliances,yes
FTR-09418,PRP-2349,central_ac,0
FTR-09419,PRP-2349,fresh_paint,yes
FTR-09420,PRP-2349,stainless_appliances,no
FTR-09421,PRP-2349,smart_home,0
FTR-09422,PRP-2349,solar_panels,0
FTR-09423,PRP-2350,master_suite,no
FTR-09424,PRP-2350,hardwood_floors,no
FTR-09425,PRP-2350,walk_in_closet,Yes
FTR-09426,PRP-2350,updated_kitchen,YES
FTR-09427,PRP-2350,fresh_paint,Yes
FTR-09428,PRP-2350,central_ac,no
FTR-09429,PRP-2351,fireplace,0
FTR-09430,PRP-2351,central_ac,0
FTR-09431,PRP-2351,walk_in_closet,1
FTR-09432,PRP-2352,walk_in_closet,no
FTR-09433,PRP-2352,vaulted_ceilings,yes
FTR-09434,PRP-2353,fresh_paint,YES
FTR-09435,PRP-2353,vaulted_ceilings,1
FTR-09436,PRP-2353,granite_counters,YES
FTR-09437,PRP-2353,smart_home,Yes
FTR-09438,PRP-2354,fireplace,1
FTR-09439,PRP-2354,hardwood_floors,Yes
FTR-09440,PRP-2354,granite_counters,no
FTR-09441,PRP-2354,fresh_paint,1
FTR-09442,PRP-2354,open_floor_plan,yes
FTR-09443,PRP-2355,fresh_paint,yes
FTR-09444,PRP-2355,open_floor_plan,no
FTR-09445,PRP-2355,master_suite,0
FTR-09446,PRP-2355,fireplace,yes
FTR-09447,PRP-2355,walk_in_closet,0
FTR-09448,PRP-2355,vaulted_ceilings,YES
FTR-09449,PRP-2356,master_suite,no
FTR-09450,PRP-2356,new_roof,0
FTR-09451,PRP-2357,open_floor_plan,Yes
FTR-09452,PRP-2357,hardwood_floors,YES
FTR-09453,PRP-2357,smart_home,1
FTR-09454,PRP-2357,granite_counters,0
FTR-09455,PRP-2357,stainless_appliances,Yes
FTR-09456,PRP-2358,vaulted_ceilings,YES
FTR-09457,PRP-2358,walk_in_closet,no
FTR-09458,PRP-2358,smart_home,0
FTR-09459,PRP-2359,central_ac,yes
FTR-09460,PRP-2359,fireplace,YES
FTR-09461,PRP-2360,master_suite,no
FTR-09462,PRP-2360,granite_counters,yes
FTR-09463,PRP-2360,fresh_paint,Yes
FTR-09464,PRP-2360,vaulted_ceilings,YES
FTR-09465,PRP-2360,solar_panels,1
FTR-09466,PRP-2361,vaulted_ceilings,Yes
FTR-09467,PRP-2361,fresh_paint,0
FTR-09468,PRP-2362,fireplace,Yes
FTR-09469,PRP-2362,hardwood_floors,Yes
FTR-09470,PRP-2362,vaulted_ceilings,1
FTR-09471,PRP-2363,hardwood_floors,1
FTR-09472,PRP-2363,updated_kitchen,1
FTR-09473,PRP-2364,hardwood_floors,1
FTR-09474,PRP-2364,central_ac,Yes
FTR-09475,PRP-2365,fireplace,0
FTR-09476,PRP-2365,central_ac,1
FTR-09477,PRP-2365,smart_home,YES
FTR-09478,PRP-2365,walk_in_closet,yes
FTR-09479,PRP-2366,vaulted_ceilings,1
FTR-09480,PRP-2366,central_ac,yes
FTR-09481,PRP-2366,new_roof,0
FTR-09482,PRP-2366,open_floor_plan,Yes
FTR-09483,PRP-2367,open_floor_plan,no
FTR-09484,PRP-2367,fresh_paint,no
FTR-09485,PRP-2367,smart_home,no
FTR-09486,PRP-2367,new_roof,yes
FTR-09487,PRP-2367,hardwood_floors,Yes
FTR-09488,PRP-2368,granite_counters,Yes
FTR-09489,PRP-2368,central_ac,0
FTR-09490,PRP-2368,smart_home,1
FTR-09491,PRP-2369,fresh_paint,yes
FTR-09492,PRP-2369,stainless_appliances,YES
FTR-09493,PRP-2369,open_floor_plan,0
FTR-09494,PRP-2370,open_floor_plan,0
FTR-09495,PRP-2370,central_ac,no
FTR-09496,PRP-2370,fresh_paint,yes
FTR-09497,PRP-2370,master_suite,0
FTR-09498,PRP-2370,solar_panels,no
FTR-09499,PRP-2371,central_ac,YES
FTR-09500,PRP-2371,fresh_paint,Yes
FTR-09501,PRP-2371,hardwood_floors,1
FTR-09502,PRP-2371,stainless_appliances,yes
FTR-09503,PRP-2372,central_ac,0
FTR-09504,PRP-2372,master_suite,1
FTR-09505,PRP-2373,updated_kitchen,no
FTR-09506,PRP-2373,solar_panels,1
FTR-09507,PRP-2373,central_ac,1
FTR-09508,PRP-2373,open_floor_plan,0
FTR-09509,PRP-2373,walk_in_closet,yes
FTR-09510,PRP-2374,central_ac,yes
FTR-09511,PRP-2374,smart_home,1
FTR-09512,PRP-2374,stainless_appliances,YES
FTR-09513,PRP-2374,master_suite,YES
FTR-09514,PRP-2374,solar_panels,1
FTR-09515,PRP-2375,fresh_paint,no
FTR-09516,PRP-2375,stainless_appliances,1
FTR-09517,PRP-2375,smart_home,yes
FTR-09518,PRP-2375,open_floor_plan,no
FTR-09519,PRP-2376,updated_kitchen,no
FTR-09520,PRP-2376,walk_in_closet,yes
FTR-09521,PRP-2376,fireplace,1
FTR-09522,PRP-2377,walk_in_closet,1
FTR-09523,PRP-2377,new_roof,yes
FTR-09524,PRP-2377,vaulted_ceilings,YES
FTR-09525,PRP-2377,smart_home,no
FTR-09526,PRP-2377,central_ac,1
FTR-09527,PRP-2378,fresh_paint,0
FTR-09528,PRP-2378,fireplace,yes
FTR-09529,PRP-2379,updated_kitchen,1
FTR-09530,PRP-2379,vaulted_ceilings,1
FTR-09531,PRP-2379,smart_home,0
FTR-09532,PRP-2379,granite_counters,0
FTR-09533,PRP-2379,new_roof,no
FTR-09534,PRP-2380,stainless_appliances,0
FTR-09535,PRP-2380,master_suite,1
FTR-09536,PRP-2380,fresh_paint,0
FTR-09537,PRP-2381,updated_kitchen,1
FTR-09538,PRP-2381,fireplace,no
FTR-09539,PRP-2381,solar_panels,yes
FTR-09540,PRP-2382,solar_panels,0
FTR-09541,PRP-2382,vaulted_ceilings,0
FTR-09542,PRP-2382,stainless_appliances,0
FTR-09543,PRP-2383,vaulted_ceilings,Yes
FTR-09544,PRP-2383,solar_panels,Yes
FTR-09545,PRP-2383,updated_kitchen,yes
FTR-09546,PRP-2383,new_roof,1
FTR-09547,PRP-2383,stainless_appliances,no
FTR-09548,PRP-2383,hardwood_floors,Yes
FTR-09549,PRP-2384,central_ac,YES
FTR-09550,PRP-2384,master_suite,1
FTR-09551,PRP-2384,open_floor_plan,1
FTR-09552,PRP-2384,solar_panels,0
FTR-09553,PRP-2385,solar_panels,no
FTR-09554,PRP-2385,updated_kitchen,YES
FTR-09555,PRP-2385,smart_home,0
FTR-09556,PRP-2385,stainless_appliances,YES
FTR-09557,PRP-2385,fresh_paint,yes
FTR-09558,PRP-2386,vaulted_ceilings,1
FTR-09559,PRP-2386,fresh_paint,1
FTR-09560,PRP-2386,master_suite,yes
FTR-09561,PRP-2387,open_floor_plan,Yes
FTR-09562,PRP-2387,solar_panels,no
FTR-09563,PRP-2387,fresh_paint,no
FTR-09564,PRP-2387,master_suite,Yes
FTR-09565,PRP-2388,stainless_appliances,no
FTR-09566,PRP-2388,open_floor_plan,1
FTR-09567,PRP-2388,fresh_paint,1
FTR-09568,PRP-2389,fireplace,yes
FTR-09569,PRP-2389,central_ac,no
FTR-09570,PRP-2389,hardwood_floors,YES
FTR-09571,PRP-2390,hardwood_floors,Yes
FTR-09572,PRP-2390,master_suite,yes
FTR-09573,PRP-2390,fresh_paint,Yes
FTR-09574,PRP-2390,stainless_appliances,YES
FTR-09575,PRP-2390,fireplace,no
FTR-09576,PRP-2390,vaulted_ceilings,Yes
FTR-09577,PRP-2391,open_floor_plan,1
FTR-09578,PRP-2391,fireplace,Yes
FTR-09579,PRP-2392,open_floor_plan,yes
FTR-09580,PRP-2392,central_ac,Yes
FTR-09581,PRP-2392,new_roof,YES
FTR-09582,PRP-2392,updated_kitchen,1
FTR-09583,PRP-2393,open_floor_plan,0
FTR-09584,PRP-2393,walk_in_closet,yes
FTR-09585,PRP-2393,central_ac,YES
FTR-09586,PRP-2394,fireplace,yes
FTR-09587,PRP-2394,updated_kitchen,no
FTR-09588,PRP-2394,stainless_appliances,YES
FTR-09589,PRP-2394,hardwood_floors,Yes
FTR-09590,PRP-2395,stainless_appliances,1
FTR-09591,PRP-2395,open_floor_plan,0
FTR-09592,PRP-2395,hardwood_floors,yes
FTR-09593,PRP-2395,new_roof,Yes
FTR-09594,PRP-2396,smart_home,Yes
FTR-09595,PRP-2396,open_floor_plan,1
FTR-09596,PRP-2396,hardwood_floors,0
FTR-09597,PRP-2396,solar_panels,1
FTR-09598,PRP-2396,granite_counters,no
FTR-09599,PRP-2397,stainless_appliances,0
FTR-09600,PRP-2397,new_roof,0
FTR-09601,PRP-2397,hardwood_floors,YES
FTR-09602,PRP-2397,smart_home,yes
FTR-09603,PRP-2397,vaulted_ceilings,YES
FTR-09604,PRP-2397,open_floor_plan,no
FTR-09605,PRP-2398,master_suite,no
FTR-09606,PRP-2398,stainless_appliances,0
FTR-09607,PRP-2398,open_floor_plan,0
FTR-09608,PRP-2398,updated_kitchen,no
FTR-09609,PRP-2399,vaulted_ceilings,YES
FTR-09610,PRP-2399,new_roof,1
FTR-09611,PRP-2399,smart_home,yes
FTR-09612,PRP-2399,stainless_appliances,YES
FTR-09613,PRP-2400,hardwood_floors,no
FTR-09614,PRP-2400,walk_in_closet,no
FTR-09615,PRP-2401,fresh_paint,Yes
FTR-09616,PRP-2401,hardwood_floors,Yes
FTR-09617,PRP-2402,updated_kitchen,1
FTR-09618,PRP-2402,new_roof,0
FTR-09619,PRP-2402,hardwood_floors,Yes
FTR-09620,PRP-2402,stainless_appliances,0
FTR-09621,PRP-2402,vaulted_ceilings,yes
FTR-09622,PRP-2403,smart_home,0
FTR-09623,PRP-2403,stainless_appliances,Yes
FTR-09624,PRP-2403,vaulted_ceilings,1
FTR-09625,PRP-2403,hardwood_floors,YES
FTR-09626,PRP-2403,granite_counters,0
FTR-09627,PRP-2403,new_roof,0
FTR-09628,PRP-2404,solar_panels,Yes
FTR-09629,PRP-2404,vaulted_ceilings,no
FTR-09630,PRP-2404,hardwood_floors,1
FTR-09631,PRP-2404,fireplace,yes
FTR-09632,PRP-2404,stainless_appliances,1
FTR-09633,PRP-2405,fresh_paint,no
FTR-09634,PRP-2405,central_ac,yes
FTR-09635,PRP-2405,updated_kitchen,no
FTR-09636,PRP-2405,master_suite,YES
FTR-09637,PRP-2405,stainless_appliances,YES
FTR-09638,PRP-2406,updated_kitchen,1
FTR-09639,PRP-2406,stainless_appliances,Yes
FTR-09640,PRP-2407,central_ac,0
FTR-09641,PRP-2407,hardwood_floors,YES
FTR-09642,PRP-2408,central_ac,Yes
FTR-09643,PRP-2408,fresh_paint,YES
FTR-09644,PRP-2408,vaulted_ceilings,YES
FTR-09645,PRP-2408,walk_in_closet,yes
FTR-09646,PRP-2408,smart_home,Yes
FTR-09647,PRP-2409,new_roof,no
FTR-09648,PRP-2409,updated_kitchen,no
FTR-09649,PRP-2409,stainless_appliances,0
FTR-09650,PRP-2409,granite_counters,no
FTR-09651,PRP-2409,walk_in_closet,YES
FTR-09652,PRP-2409,fireplace,no
FTR-09653,PRP-2410,granite_counters,YES
FTR-09654,PRP-2410,stainless_appliances,0
FTR-09655,PRP-2410,fresh_paint,1
FTR-09656,PRP-2410,fireplace,yes
FTR-09657,PRP-2410,new_roof,YES
FTR-09658,PRP-2410,open_floor_plan,no
FTR-09659,PRP-2411,open_floor_plan,1
FTR-09660,PRP-2411,updated_kitchen,yes
FTR-09661,PRP-2411,granite_counters,0
FTR-09662,PRP-2411,hardwood_floors,Yes
FTR-09663,PRP-2411,fireplace,0
FTR-09664,PRP-2412,vaulted_ceilings,0
FTR-09665,PRP-2412,master_suite,Yes
FTR-09666,PRP-2412,new_roof,0
FTR-09667,PRP-2412,open_floor_plan,Yes
FTR-09668,PRP-2413,new_roof,0
FTR-09669,PRP-2413,stainless_appliances,0
FTR-09670,PRP-2413,vaulted_ceilings,0
FTR-09671,PRP-2413,fresh_paint,no
FTR-09672,PRP-2414,vaulted_ceilings,1
FTR-09673,PRP-2414,new_roof,no
FTR-09674,PRP-2414,fireplace,yes
FTR-09675,PRP-2414,master_suite,1
FTR-09676,PRP-2414,fresh_paint,1
FTR-09677,PRP-2415,granite_counters,Yes
FTR-09678,PRP-2415,stainless_appliances,YES
FTR-09679,PRP-2415,walk_in_closet,Yes
FTR-09680,PRP-2415,vaulted_ceilings,no
FTR-09681,PRP-2415,fireplace,Yes
FTR-09682,PRP-2416,master_suite,no
FTR-09683,PRP-2416,hardwood_floors,yes
FTR-09684,PRP-2416,smart_home,yes
FTR-09685,PRP-2416,stainless_appliances,no
FTR-09686,PRP-2417,fresh_paint,YES
FTR-09687,PRP-2417,new_roof,yes
FTR-09688,PRP-2417,vaulted_ceilings,1
FTR-09689,PRP-2418,fresh_paint,yes
FTR-09690,PRP-2418,new_roof,Yes
FTR-09691,PRP-2418,updated_kitchen,no
FTR-09692,PRP-2418,hardwood_floors,Yes
FTR-09693,PRP-2418,open_floor_plan,Yes
FTR-09694,PRP-2418,central_ac,0
FTR-09695,PRP-2419,fireplace,0
FTR-09696,PRP-2419,granite_counters,Yes
FTR-09697,PRP-2419,central_ac,Yes
FTR-09698,PRP-2419,fresh_paint,1
FTR-09699,PRP-2419,hardwood_floors,YES
FTR-09700,PRP-2420,smart_home,Yes
FTR-09701,PRP-2420,new_roof,0
FTR-09702,PRP-2420,fresh_paint,Yes
FTR-09703,PRP-2420,stainless_appliances,YES
FTR-09704,PRP-2421,stainless_appliances,yes
FTR-09705,PRP-2421,fireplace,1
FTR-09706,PRP-2422,hardwood_floors,no
FTR-09707,PRP-2422,master_suite,yes
FTR-09708,PRP-2422,solar_panels,no
FTR-09709,PRP-2423,master_suite,1
FTR-09710,PRP-2423,central_ac,Yes
FTR-09711,PRP-2423,hardwood_floors,YES
FTR-09712,PRP-2424,solar_panels,1
FTR-09713,PRP-2424,open_floor_plan,yes
FTR-09714,PRP-2424,updated_kitchen,1
FTR-09715,PRP-2424,master_suite,1
FTR-09716,PRP-2425,master_suite,Yes
FTR-09717,PRP-2425,fresh_paint,1
FTR-09718,PRP-2425,central_ac,no
FTR-09719,PRP-2425,vaulted_ceilings,YES
FTR-09720,PRP-2425,open_floor_plan,0
FTR-09721,PRP-2426,granite_counters,yes
FTR-09722,PRP-2426,new_roof,1
FTR-09723,PRP-2426,updated_kitchen,1
FTR-09724,PRP-2426,stainless_appliances,0
FTR-09725,PRP-2426,smart_home,1
FTR-09726,PRP-2427,granite_counters,0
FTR-09727,PRP-2427,walk_in_closet,1
FTR-09728,PRP-2427,central_ac,no
FTR-09729,PRP-2427,vaulted_ceilings,Yes
FTR-09730,PRP-2428,master_suite,yes
FTR-09731,PRP-2428,granite_counters,Yes
FTR-09732,PRP-2428,open_floor_plan,1
FTR-09733,PRP-2429,solar_panels,no
FTR-09734,PRP-2429,vaulted_ceilings,Yes
FTR-09735,PRP-2429,stainless_appliances,1
FTR-09736,PRP-2429,open_floor_plan,yes
FTR-09737,PRP-2429,new_roof,YES
FTR-09738,PRP-2429,central_ac,0
FTR-09739,PRP-2430,open_floor_plan,YES
FTR-09740,PRP-2430,fireplace,YES
FTR-09741,PRP-2430,new_roof,1
FTR-09742,PRP-2430,vaulted_ceilings,Yes
FTR-09743,PRP-2431,smart_home,1
FTR-09744,PRP-2431,updated_kitchen,yes
FTR-09745,PRP-2432,new_roof,no
FTR-09746,PRP-2432,fresh_paint,YES
FTR-09747,PRP-2433,hardwood_floors,Yes
FTR-09748,PRP-2433,fresh_paint,Yes
FTR-09749,PRP-2433,granite_counters,yes
FTR-09750,PRP-2433,solar_panels,1
FTR-09751,PRP-2433,updated_kitchen,no
FTR-09752,PRP-2434,walk_in_closet,Yes
FTR-09753,PRP-2434,granite_counters,0
FTR-09754,PRP-2434,master_suite,0
FTR-09755,PRP-2435,stainless_appliances,1
FTR-09756,PRP-2435,hardwood_floors,yes
FTR-09757,PRP-2436,master_suite,yes
FTR-09758,PRP-2436,stainless_appliances,yes
FTR-09759,PRP-2436,vaulted_ceilings,YES
FTR-09760,PRP-2436,updated_kitchen,yes
FTR-09761,PRP-2437,master_suite,yes
FTR-09762,PRP-2437,fresh_paint,no
FTR-09763,PRP-2438,solar_panels,no
FTR-09764,PRP-2438,hardwood_floors,1
FTR-09765,PRP-2438,fresh_paint,yes
FTR-09766,PRP-2438,smart_home,yes
FTR-09767,PRP-2438,central_ac,1
FTR-09768,PRP-2439,open_floor_plan,no
FTR-09769,PRP-2439,fireplace,yes
FTR-09770,PRP-2440,open_floor_plan,no
FTR-09771,PRP-2440,stainless_appliances,yes
FTR-09772,PRP-2440,central_ac,YES
FTR-09773,PRP-2441,master_suite,no
FTR-09774,PRP-2441,open_floor_plan,YES
FTR-09775,PRP-2441,vaulted_ceilings,no
FTR-09776,PRP-2442,smart_home,yes
FTR-09777,PRP-2442,hardwood_floors,yes
FTR-09778,PRP-2442,updated_kitchen,0
FTR-09779,PRP-2442,vaulted_ceilings,yes
FTR-09780,PRP-2442,master_suite,no
FTR-09781,PRP-2442,solar_panels,1
FTR-09782,PRP-2443,vaulted_ceilings,no
FTR-09783,PRP-2443,fireplace,yes
FTR-09784,PRP-2443,master_suite,0
FTR-09785,PRP-2443,hardwood_floors,Yes
FTR-09786,PRP-2443,central_ac,yes
FTR-09787,PRP-2444,solar_panels,yes
FTR-09788,PRP-2444,walk_in_closet,0
FTR-09789,PRP-2444,updated_kitchen,Yes
FTR-09790,PRP-2444,fresh_paint,Yes
FTR-09791,PRP-2445,smart_home,Yes
FTR-09792,PRP-2445,master_suite,YES
FTR-09793,PRP-2446,open_floor_plan,yes
FTR-09794,PRP-2446,solar_panels,yes
FTR-09795,PRP-2446,granite_counters,1
FTR-09796,PRP-2446,updated_kitchen,no
FTR-09797,PRP-2446,hardwood_floors,yes
FTR-09798,PRP-2446,fresh_paint,1
FTR-09799,PRP-2447,solar_panels,no
FTR-09800,PRP-2447,smart_home,YES
FTR-09801,PRP-2447,new_roof,no
FTR-09802,PRP-2447,open_floor_plan,0
FTR-09803,PRP-2447,hardwood_floors,YES
FTR-09804,PRP-2448,updated_kitchen,0
FTR-09805,PRP-2448,open_floor_plan,YES
FTR-09806,PRP-2449,fireplace,no
FTR-09807,PRP-2449,stainless_appliances,no
FTR-09808,PRP-2450,smart_home,no
FTR-09809,PRP-2450,updated_kitchen,1
FTR-09810,PRP-2450,fireplace,no
FTR-09811,PRP-2450,fresh_paint,1
FTR-09812,PRP-2451,new_roof,0
FTR-09813,PRP-2451,vaulted_ceilings,1
FTR-09814,PRP-2451,solar_panels,yes
FTR-09815,PRP-2451,central_ac,no
FTR-09816,PRP-2451,master_suite,0
FTR-09817,PRP-2451,hardwood_floors,yes
FTR-09818,PRP-2452,vaulted_ceilings,Yes
FTR-09819,PRP-2452,walk_in_closet,YES
FTR-09820,PRP-2452,new_roof,1
FTR-09821,PRP-2452,stainless_appliances,Yes
FTR-09822,PRP-2452,open_floor_plan,YES
FTR-09823,PRP-2452,master_suite,1
FTR-09824,PRP-2453,vaulted_ceilings,0
FTR-09825,PRP-2453,granite_counters,1
FTR-09826,PRP-2453,fresh_paint,0
FTR-09827,PRP-2453,central_ac,yes
FTR-09828,PRP-2453,stainless_appliances,no
FTR-09829,PRP-2453,new_roof,0
FTR-09830,PRP-2454,open_floor_plan,1
FTR-09831,PRP-2454,stainless_appliances,0
FTR-09832,PRP-2454,master_suite,YES
FTR-09833,PRP-2454,granite_counters,Yes
FTR-09834,PRP-2454,smart_home,YES
FTR-09835,PRP-2455,open_floor_plan,YES
FTR-09836,PRP-2455,stainless_appliances,YES
FTR-09837,PRP-2455,walk_in_closet,no
FTR-09838,PRP-2456,stainless_appliances,YES
FTR-09839,PRP-2456,granite_counters,YES
FTR-09840,PRP-2456,master_suite,YES
FTR-09841,PRP-2456,vaulted_ceilings,Yes
FTR-09842,PRP-2457,new_roof,YES
FTR-09843,PRP-2457,central_ac,YES
FTR-09844,PRP-2457,granite_counters,no
FTR-09845,PRP-2457,fresh_paint,yes
FTR-09846,PRP-2457,hardwood_floors,0
FTR-09847,PRP-2457,walk_in_closet,1
FTR-09848,PRP-2458,solar_panels,yes
FTR-09849,PRP-2458,stainless_appliances,Yes
FTR-09850,PRP-2458,master_suite,Yes
FTR-09851,PRP-2458,updated_kitchen,0
FTR-09852,PRP-2459,granite_counters,Yes
FTR-09853,PRP-2459,solar_panels,Yes
FTR-09854,PRP-2459,fireplace,no
FTR-09855,PRP-2459,updated_kitchen,YES
FTR-09856,PRP-2459,open_floor_plan,Yes
FTR-09857,PRP-2459,stainless_appliances,1
FTR-09858,PRP-2460,walk_in_closet,YES
FTR-09859,PRP-2460,granite_counters,no
FTR-09860,PRP-2460,hardwood_floors,YES
FTR-09861,PRP-2460,central_ac,1
FTR-09862,PRP-2460,vaulted_ceilings,no
FTR-09863,PRP-2461,fireplace,no
FTR-09864,PRP-2461,solar_panels,yes
FTR-09865,PRP-2461,master_suite,1
FTR-09866,PRP-2462,stainless_appliances,yes
FTR-09867,PRP-2462,open_floor_plan,no
FTR-09868,PRP-2462,new_roof,YES
FTR-09869,PRP-2463,walk_in_closet,0
FTR-09870,PRP-2463,central_ac,1
FTR-09871,PRP-2464,smart_home,no
FTR-09872,PRP-2464,new_roof,no
FTR-09873,PRP-2464,stainless_appliances,YES
FTR-09874,PRP-2464,central_ac,0
FTR-09875,PRP-2464,hardwood_floors,no
FTR-09876,PRP-2465,walk_in_closet,0
FTR-09877,PRP-2465,updated_kitchen,yes
FTR-09878,PRP-2465,master_suite,Yes
FTR-09879,PRP-2465,open_floor_plan,YES
FTR-09880,PRP-2465,stainless_appliances,YES
FTR-09881,PRP-2465,smart_home,no
FTR-09882,PRP-2466,master_suite,no
FTR-09883,PRP-2466,vaulted_ceilings,YES
FTR-09884,PRP-2466,walk_in_closet,yes
FTR-09885,PRP-2466,central_ac,1
FTR-09886,PRP-2466,stainless_appliances,YES
FTR-09887,PRP-2466,solar_panels,YES
FTR-09888,PRP-2467,fireplace,Yes
FTR-09889,PRP-2467,central_ac,1
FTR-09890,PRP-2467,smart_home,1
FTR-09891,PRP-2467,stainless_appliances,1
FTR-09892,PRP-2467,open_floor_plan,Yes
FTR-09893,PRP-2467,new_roof,1
FTR-09894,PRP-2468,fireplace,0
FTR-09895,PRP-2468,hardwood_floors,0
FTR-09896,PRP-2468,granite_counters,Yes
FTR-09897,PRP-2468,central_ac,YES
FTR-09898,PRP-2468,new_roof,no
FTR-09899,PRP-2468,walk_in_closet,no
FTR-09900,PRP-2469,fresh_paint,yes
FTR-09901,PRP-2469,central_ac,Yes
FTR-09902,PRP-2470,central_ac,1
FTR-09903,PRP-2470,master_suite,yes
FTR-09904,PRP-2470,new_roof,Yes
FTR-09905,PRP-2470,granite_counters,yes
FTR-09906,PRP-2470,solar_panels,Yes
FTR-09907,PRP-2471,updated_kitchen,no
FTR-09908,PRP-2471,solar_panels,yes
FTR-09909,PRP-2471,smart_home,0
FTR-09910,PRP-2471,granite_counters,1
FTR-09911,PRP-2471,master_suite,1
FTR-09912,PRP-2471,fireplace,Yes
FTR-09913,PRP-2472,central_ac,Yes
FTR-09914,PRP-2472,smart_home,YES
FTR-09915,PRP-2473,solar_panels,1
FTR-09916,PRP-2473,granite_counters,YES
FTR-09917,PRP-2473,new_roof,no
FTR-09918,PRP-2473,open_floor_plan,YES
FTR-09919,PRP-2474,new_roof,0
FTR-09920,PRP-2474,hardwood_floors,YES
FTR-09921,PRP-2474,central_ac,yes
FTR-09922,PRP-2474,fireplace,YES
FTR-09923,PRP-2474,vaulted_ceilings,0
FTR-09924,PRP-2474,updated_kitchen,no
FTR-09925,PRP-2475,fresh_paint,yes
FTR-09926,PRP-2475,new_roof,Yes
FTR-09927,PRP-2475,central_ac,Yes
FTR-09928,PRP-2476,open_floor_plan,0
FTR-09929,PRP-2476,fresh_paint,YES
FTR-09930,PRP-2476,updated_kitchen,no
FTR-09931,PRP-2476,smart_home,no
FTR-09932,PRP-2476,granite_counters,Yes
FTR-09933,PRP-2476,solar_panels,yes
FTR-09934,PRP-2477,walk_in_closet,YES
FTR-09935,PRP-2477,master_suite,0
FTR-09936,PRP-2477,fireplace,yes
FTR-09937,PRP-2477,hardwood_floors,YES
FTR-09938,PRP-2478,master_suite,0
FTR-09939,PRP-2478,new_roof,YES
FTR-09940,PRP-2478,smart_home,1
FTR-09941,PRP-2478,hardwood_floors,yes
FTR-09942,PRP-2478,updated_kitchen,1
FTR-09943,PRP-2479,master_suite,YES
FTR-09944,PRP-2479,vaulted_ceilings,yes
FTR-09945,PRP-2479,smart_home,Yes
FTR-09946,PRP-2479,fresh_paint,Yes
FTR-09947,PRP-2479,central_ac,0
FTR-09948,PRP-2479,hardwood_floors,Yes
FTR-09949,PRP-2480,open_floor_plan,0
FTR-09950,PRP-2480,vaulted_ceilings,Yes
FTR-09951,PRP-2480,stainless_appliances,0
FTR-09952,PRP-2480,granite_counters,1
FTR-09953,PRP-2480,updated_kitchen,YES
FTR-09954,PRP-2480,walk_in_closet,0
FTR-09955,PRP-2481,smart_home,Yes
FTR-09956,PRP-2481,fresh_paint,no
FTR-09957,PRP-2481,vaulted_ceilings,1
FTR-09958,PRP-2481,updated_kitchen,Yes
FTR-09959,PRP-2482,vaulted_ceilings,Yes
FTR-09960,PRP-2482,fireplace,0
FTR-09961,PRP-2482,granite_counters,1
FTR-09962,PRP-2482,stainless_appliances,no
FTR-09963,PRP-2482,walk_in_closet,no
FTR-09964,PRP-2482,smart_home,yes
FTR-09965,PRP-2483,fireplace,1
FTR-09966,PRP-2483,updated_kitchen,YES
FTR-09967,PRP-2483,new_roof,1
FTR-09968,PRP-2483,stainless_appliances,0
FTR-09969,PRP-2484,granite_counters,no
FTR-09970,PRP-2484,fireplace,Yes
FTR-09971,PRP-2485,vaulted_ceilings,no
FTR-09972,PRP-2485,solar_panels,Yes
FTR-09973,PRP-2485,new_roof,yes
FTR-09974,PRP-2485,updated_kitchen,1
FTR-09975,PRP-2485,smart_home,no
FTR-09976,PRP-2485,granite_counters,no
FTR-09977,PRP-2486,open_floor_plan,0
FTR-09978,PRP-2486,stainless_appliances,Yes
FTR-09979,PRP-2486,updated_kitchen,1
FTR-09980,PRP-2487,fresh_paint,0
FTR-09981,PRP-2487,fireplace,YES
FTR-09982,PRP-2488,hardwood_floors,Yes
FTR-09983,PRP-2488,central_ac,YES
FTR-09984,PRP-2489,open_floor_plan,1
FTR-09985,PRP-2489,master_suite,no
FTR-09986,PRP-2489,updated_kitchen,yes
FTR-09987,PRP-2489,smart_home,YES
FTR-09988,PRP-2490,open_floor_plan,yes
FTR-09989,PRP-2490,granite_counters,Yes
FTR-09990,PRP-2491,fireplace,YES
FTR-09991,PRP-2491,walk_in_closet,1
FTR-09992,PRP-2491,central_ac,YES
FTR-09993,PRP-2491,solar_panels,YES
FTR-09994,PRP-2491,stainless_appliances,Yes
FTR-09995,PRP-2491,open_floor_plan,Yes
FTR-09996,PRP-2492,central_ac,1
FTR-09997,PRP-2492,granite_counters,yes
FTR-09998,PRP-2493,stainless_appliances,Yes
FTR-09999,PRP-2493,walk_in_closet,0
FTR-10000,PRP-2494,solar_panels,no
FTR-10001,PRP-2494,master_suite,no
FTR-10002,PRP-2495,master_suite,YES
FTR-10003,PRP-2495,vaulted_ceilings,no
FTR-10004,PRP-2495,smart_home,YES
FTR-10005,PRP-2496,new_roof,YES
FTR-10006,PRP-2496,walk_in_closet,0
FTR-10007,PRP-2496,open_floor_plan,0
FTR-10008,PRP-2496,fireplace,yes
FTR-10009,PRP-2497,open_floor_plan,yes
FTR-10010,PRP-2497,hardwood_floors,YES
FTR-10011,PRP-2497,smart_home,yes
FTR-10012,PRP-2497,granite_counters,1
FTR-10013,PRP-2497,fireplace,0
FTR-10014,PRP-2498,vaulted_ceilings,Yes
FTR-10015,PRP-2498,fireplace,Yes
FTR-10016,PRP-2498,hardwood_floors,YES
FTR-10017,PRP-2498,smart_home,YES
FTR-10018,PRP-2499,solar_panels,0
FTR-10019,PRP-2499,hardwood_floors,Yes
FTR-10020,PRP-2499,new_roof,1
FTR-10021,PRP-2499,smart_home,no
FTR-10022,PRP-2500,granite_counters,no
FTR-10023,PRP-2500,updated_kitchen,1
FTR-10024,PRP-2501,smart_home,Yes
FTR-10025,PRP-2501,hardwood_floors,Yes
FTR-10026,PRP-2501,central_ac,0
FTR-10027,PRP-2501,new_roof,0
FTR-10028,PRP-2502,granite_counters,no
FTR-10029,PRP-2502,solar_panels,no
FTR-10030,PRP-2503,granite_counters,Yes
FTR-10031,PRP-2503,hardwood_floors,YES
FTR-10032,PRP-2503,fresh_paint,Yes
FTR-10033,PRP-2503,stainless_appliances,yes
FTR-10034,PRP-2504,updated_kitchen,yes
FTR-10035,PRP-2504,master_suite,0
FTR-10036,PRP-2504,smart_home,Yes
FTR-10037,PRP-2504,solar_panels,yes
FTR-10038,PRP-2504,fresh_paint,1
FTR-10039,PRP-2505,fresh_paint,Yes
FTR-10040,PRP-2505,stainless_appliances,yes
FTR-10041,PRP-2506,smart_home,no
FTR-10042,PRP-2506,hardwood_floors,Yes
FTR-10043,PRP-2507,vaulted_ceilings,0
FTR-10044,PRP-2507,granite_counters,yes
FTR-10045,PRP-2507,updated_kitchen,YES
FTR-10046,PRP-2507,fireplace,YES
FTR-10047,PRP-2508,vaulted_ceilings,0
FTR-10048,PRP-2508,fireplace,YES
FTR-10049,PRP-2508,solar_panels,YES
FTR-10050,PRP-2509,vaulted_ceilings,YES
FTR-10051,PRP-2509,hardwood_floors,0
FTR-10052,PRP-2509,new_roof,0
FTR-10053,PRP-2510,open_floor_plan,no
FTR-10054,PRP-2510,updated_kitchen,Yes
FTR-10055,PRP-2510,new_roof,YES
FTR-10056,PRP-2510,stainless_appliances,yes
FTR-10057,PRP-2510,master_suite,yes
FTR-10058,PRP-2510,solar_panels,YES
FTR-10059,PRP-2511,central_ac,no
FTR-10060,PRP-2511,updated_kitchen,0
FTR-10061,PRP-2512,central_ac,no
FTR-10062,PRP-2512,fresh_paint,1
FTR-10063,PRP-2512,granite_counters,YES
FTR-10064,PRP-2512,smart_home,1
FTR-10065,PRP-2512,open_floor_plan,no
FTR-10066,PRP-2512,solar_panels,no
FTR-10067,PRP-2513,fireplace,0
FTR-10068,PRP-2513,solar_panels,YES
FTR-10069,PRP-2513,central_ac,no
FTR-10070,PRP-2514,central_ac,0
FTR-10071,PRP-2514,updated_kitchen,no
FTR-10072,PRP-2514,hardwood_floors,YES
FTR-10073,PRP-2514,fireplace,0
FTR-10074,PRP-2514,fresh_paint,yes
FTR-10075,PRP-2515,smart_home,0
FTR-10076,PRP-2515,stainless_appliances,Yes
FTR-10077,PRP-2515,solar_panels,YES
FTR-10078,PRP-2515,fireplace,YES
FTR-10079,PRP-2515,hardwood_floors,no
FTR-10080,PRP-2516,central_ac,no
FTR-10081,PRP-2516,fresh_paint,1
FTR-10082,PRP-2516,walk_in_closet,0
FTR-10083,PRP-2517,stainless_appliances,1
FTR-10084,PRP-2517,open_floor_plan,YES
FTR-10085,PRP-2517,hardwood_floors,Yes
FTR-10086,PRP-2517,smart_home,1
FTR-10087,PRP-2517,walk_in_closet,1
FTR-10088,PRP-2517,fresh_paint,0
FTR-10089,PRP-2518,walk_in_closet,yes
FTR-10090,PRP-2518,solar_panels,1
FTR-10091,PRP-2519,new_roof,1
FTR-10092,PRP-2519,central_ac,yes
FTR-10093,PRP-2519,hardwood_floors,0
FTR-10094,PRP-2519,vaulted_ceilings,Yes
FTR-10095,PRP-2519,open_floor_plan,0
FTR-10096,PRP-2519,granite_counters,1
FTR-10097,PRP-2520,updated_kitchen,Yes
FTR-10098,PRP-2520,master_suite,YES
FTR-10099,PRP-2520,walk_in_closet,YES
FTR-10100,PRP-2520,stainless_appliances,0
FTR-10101,PRP-2520,open_floor_plan,YES
FTR-10102,PRP-2520,fresh_paint,Yes
FTR-10103,PRP-2521,granite_counters,no
FTR-10104,PRP-2521,hardwood_floors,yes
FTR-10105,PRP-2521,solar_panels,1
FTR-10106,PRP-2522,master_suite,0
FTR-10107,PRP-2522,updated_kitchen,1
FTR-10108,PRP-2523,stainless_appliances,1
FTR-10109,PRP-2523,hardwood_floors,1
FTR-10110,PRP-2524,central_ac,0
FTR-10111,PRP-2524,open_floor_plan,1
FTR-10112,PRP-2524,granite_counters,yes
FTR-10113,PRP-2524,smart_home,YES
FTR-10114,PRP-2524,fresh_paint,yes
FTR-10115,PRP-2525,granite_counters,Yes
FTR-10116,PRP-2525,open_floor_plan,no
FTR-10117,PRP-2525,stainless_appliances,1
FTR-10118,PRP-2525,fireplace,0
FTR-10119,PRP-2525,solar_panels,0
FTR-10120,PRP-2525,central_ac,Yes
FTR-10121,PRP-2526,stainless_appliances,yes
FTR-10122,PRP-2526,vaulted_ceilings,0
FTR-10123,PRP-2526,central_ac,1
FTR-10124,PRP-2527,vaulted_ceilings,yes
FTR-10125,PRP-2527,walk_in_closet,0
FTR-10126,PRP-2527,solar_panels,no
FTR-10127,PRP-2527,stainless_appliances,0
FTR-10128,PRP-2527,central_ac,no
FTR-10129,PRP-2528,central_ac,1
FTR-10130,PRP-2528,fireplace,Yes
FTR-10131,PRP-2528,smart_home,1
FTR-10132,PRP-2528,walk_in_closet,yes
FTR-10133,PRP-2528,granite_counters,1
FTR-10134,PRP-2529,smart_home,1
FTR-10135,PRP-2529,fireplace,yes
FTR-10136,PRP-2529,fresh_paint,0
FTR-10137,PRP-2529,master_suite,Yes
FTR-10138,PRP-2529,solar_panels,1
FTR-10139,PRP-2529,granite_counters,YES
FTR-10140,PRP-2530,solar_panels,Yes
FTR-10141,PRP-2530,granite_counters,1
FTR-10142,PRP-2530,fresh_paint,1
FTR-10143,PRP-2530,master_suite,YES
FTR-10144,PRP-2530,fireplace,no
FTR-10145,PRP-2531,walk_in_closet,yes
FTR-10146,PRP-2531,open_floor_plan,YES
FTR-10147,PRP-2531,hardwood_floors,0
FTR-10148,PRP-2531,central_ac,1
FTR-10149,PRP-2531,fresh_paint,no
FTR-10150,PRP-2532,granite_counters,0
FTR-10151,PRP-2532,smart_home,no
FTR-10152,PRP-2532,fresh_paint,0
FTR-10153,PRP-2532,central_ac,yes
FTR-10154,PRP-2532,walk_in_closet,Yes
FTR-10155,PRP-2532,stainless_appliances,YES
FTR-10156,PRP-2533,fresh_paint,no
FTR-10157,PRP-2533,solar_panels,1
FTR-10158,PRP-2533,open_floor_plan,no
FTR-10159,PRP-2533,fireplace,yes
FTR-10160,PRP-2534,vaulted_ceilings,YES
FTR-10161,PRP-2534,master_suite,0
FTR-10162,PRP-2534,solar_panels,yes
FTR-10163,PRP-2535,central_ac,1
FTR-10164,PRP-2535,fresh_paint,0
FTR-10165,PRP-2535,stainless_appliances,yes
FTR-10166,PRP-2535,hardwood_floors,0
FTR-10167,PRP-2535,fireplace,Yes
FTR-10168,PRP-2535,solar_panels,YES
FTR-10169,PRP-2536,vaulted_ceilings,YES
FTR-10170,PRP-2536,solar_panels,Yes
FTR-10171,PRP-2536,master_suite,YES
FTR-10172,PRP-2536,updated_kitchen,no
FTR-10173,PRP-2536,granite_counters,1
FTR-10174,PRP-2536,stainless_appliances,0
FTR-10175,PRP-2537,solar_panels,no
FTR-10176,PRP-2537,vaulted_ceilings,YES
FTR-10177,PRP-2537,hardwood_floors,0
FTR-10178,PRP-2537,open_floor_plan,0
FTR-10179,PRP-2537,granite_counters,yes
FTR-10180,PRP-2538,vaulted_ceilings,yes
FTR-10181,PRP-2538,new_roof,YES
FTR-10182,PRP-2538,hardwood_floors,YES
FTR-10183,PRP-2538,central_ac,Yes
FTR-10184,PRP-2538,smart_home,1
FTR-10185,PRP-2538,fresh_paint,Yes
FTR-10186,PRP-2539,open_floor_plan,yes
FTR-10187,PRP-2539,new_roof,yes
FTR-10188,PRP-2540,new_roof,YES
FTR-10189,PRP-2540,walk_in_closet,0
FTR-10190,PRP-2540,granite_counters,1
FTR-10191,PRP-2540,fireplace,no
FTR-10192,PRP-2540,central_ac,Yes
FTR-10193,PRP-2541,vaulted_ceilings,0
FTR-10194,PRP-2541,fireplace,0
FTR-10195,PRP-2541,smart_home,yes
FTR-10196,PRP-2542,walk_in_closet,yes
FTR-10197,PRP-2542,smart_home,yes
FTR-10198,PRP-2542,granite_counters,yes
FTR-10199,PRP-2543,granite_counters,no
FTR-10200,PRP-2543,walk_in_closet,1
FTR-10201,PRP-2543,stainless_appliances,1
FTR-10202,PRP-2543,hardwood_floors,no
FTR-10203,PRP-2544,stainless_appliances,no
FTR-10204,PRP-2544,fireplace,yes
FTR-10205,PRP-2544,walk_in_closet,no
FTR-10206,PRP-2544,central_ac,yes
FTR-10207,PRP-2544,granite_counters,Yes
FTR-10208,PRP-2544,open_floor_plan,Yes
FTR-10209,PRP-2545,master_suite,1
FTR-10210,PRP-2545,solar_panels,0
FTR-10211,PRP-2546,master_suite,yes
FTR-10212,PRP-2546,fireplace,0
FTR-10213,PRP-2546,smart_home,Yes
FTR-10214,PRP-2546,open_floor_plan,1
FTR-10215,PRP-2546,granite_counters,1
FTR-10216,PRP-2547,stainless_appliances,YES
FTR-10217,PRP-2547,updated_kitchen,YES
FTR-10218,PRP-2548,central_ac,YES
FTR-10219,PRP-2548,stainless_appliances,1
FTR-10220,PRP-2548,vaulted_ceilings,0
FTR-10221,PRP-2548,hardwood_floors,YES
FTR-10222,PRP-2548,walk_in_closet,Yes
FTR-10223,PRP-2549,vaulted_ceilings,Yes
FTR-10224,PRP-2549,fresh_paint,Yes
FTR-10225,PRP-2549,stainless_appliances,1
FTR-10226,PRP-2549,hardwood_floors,no
FTR-10227,PRP-2550,open_floor_plan,0
FTR-10228,PRP-2550,vaulted_ceilings,0
FTR-10229,PRP-2550,master_suite,yes
FTR-10230,PRP-2550,fireplace,YES
FTR-10231,PRP-2550,smart_home,Yes
FTR-10232,PRP-2551,open_floor_plan,1
FTR-10233,PRP-2551,fireplace,yes
FTR-10234,PRP-2551,master_suite,0
FTR-10235,PRP-2551,hardwood_floors,0
FTR-10236,PRP-2551,walk_in_closet,Yes
FTR-10237,PRP-2552,hardwood_floors,no
FTR-10238,PRP-2552,fresh_paint,0
FTR-10239,PRP-2552,solar_panels,0
FTR-10240,PRP-2552,updated_kitchen,YES
FTR-10241,PRP-2553,stainless_appliances,yes
FTR-10242,PRP-2553,granite_counters,0
FTR-10243,PRP-2553,walk_in_closet,YES
FTR-10244,PRP-2553,new_roof,Yes
FTR-10245,PRP-2553,vaulted_ceilings,Yes
FTR-10246,PRP-2553,fireplace,0
FTR-10247,PRP-2554,fireplace,no
FTR-10248,PRP-2554,stainless_appliances,yes
FTR-10249,PRP-2555,master_suite,0
FTR-10250,PRP-2555,fireplace,Yes
FTR-10251,PRP-2555,solar_panels,no
FTR-10252,PRP-2556,new_roof,0
FTR-10253,PRP-2556,smart_home,yes
FTR-10254,PRP-2556,walk_in_closet,0
FTR-10255,PRP-2556,master_suite,YES
FTR-10256,PRP-2556,central_ac,yes
FTR-10257,PRP-2556,open_floor_plan,Yes
FTR-10258,PRP-2557,hardwood_floors,1
FTR-10259,PRP-2557,walk_in_closet,Yes
FTR-10260,PRP-2557,central_ac,Yes
FTR-10261,PRP-2557,updated_kitchen,Yes
FTR-10262,PRP-2557,open_floor_plan,Yes
FTR-10263,PRP-2557,solar_panels,1
FTR-10264,PRP-2558,stainless_appliances,YES
FTR-10265,PRP-2558,master_suite,yes
FTR-10266,PRP-2559,central_ac,no
FTR-10267,PRP-2559,hardwood_floors,YES
FTR-10268,PRP-2559,smart_home,no
FTR-10269,PRP-2559,solar_panels,1
FTR-10270,PRP-2560,solar_panels,no
FTR-10271,PRP-2560,smart_home,1
FTR-10272,PRP-2561,updated_kitchen,1
FTR-10273,PRP-2561,granite_counters,1
FTR-10274,PRP-2562,updated_kitchen,Yes
FTR-10275,PRP-2562,walk_in_closet,1
FTR-10276,PRP-2563,hardwood_floors,0
FTR-10277,PRP-2563,new_roof,no
FTR-10278,PRP-2564,hardwood_floors,no
FTR-10279,PRP-2564,smart_home,0
FTR-10280,PRP-2564,solar_panels,Yes
FTR-10281,PRP-2564,fresh_paint,Yes
FTR-10282,PRP-2564,vaulted_ceilings,no
FTR-10283,PRP-2564,updated_kitchen,1
FTR-10284,PRP-2565,open_floor_plan,Yes
FTR-10285,PRP-2565,fresh_paint,1
FTR-10286,PRP-2565,master_suite,Yes
FTR-10287,PRP-2565,new_roof,YES
FTR-10288,PRP-2565,vaulted_ceilings,YES
FTR-10289,PRP-2566,new_roof,1
FTR-10290,PRP-2566,granite_counters,Yes
FTR-10291,PRP-2566,master_suite,YES
FTR-10292,PRP-2566,stainless_appliances,1
FTR-10293,PRP-2566,walk_in_closet,no
FTR-10294,PRP-2567,central_ac,Yes
FTR-10295,PRP-2567,hardwood_floors,yes
FTR-10296,PRP-2567,smart_home,no
FTR-10297,PRP-2567,vaulted_ceilings,Yes
FTR-10298,PRP-2568,new_roof,1
FTR-10299,PRP-2568,central_ac,Yes
FTR-10300,PRP-2569,vaulted_ceilings,yes
FTR-10301,PRP-2569,master_suite,1
FTR-10302,PRP-2569,walk_in_closet,no
FTR-10303,PRP-2570,updated_kitchen,yes
FTR-10304,PRP-2570,hardwood_floors,1
FTR-10305,PRP-2571,stainless_appliances,Yes
FTR-10306,PRP-2571,open_floor_plan,yes
FTR-10307,PRP-2571,vaulted_ceilings,0
FTR-10308,PRP-2571,solar_panels,0
FTR-10309,PRP-2572,open_floor_plan,yes
FTR-10310,PRP-2572,master_suite,Yes
FTR-10311,PRP-2572,central_ac,no
FTR-10312,PRP-2573,open_floor_plan,1
FTR-10313,PRP-2573,fireplace,YES
FTR-10314,PRP-2573,updated_kitchen,yes
FTR-10315,PRP-2573,vaulted_ceilings,1
FTR-10316,PRP-2573,new_roof,1
FTR-10317,PRP-2574,hardwood_floors,1
FTR-10318,PRP-2574,master_suite,Yes
FTR-10319,PRP-2574,walk_in_closet,YES
FTR-10320,PRP-2574,vaulted_ceilings,no
FTR-10321,PRP-2574,solar_panels,yes
FTR-10322,PRP-2574,updated_kitchen,YES
FTR-10323,PRP-2575,smart_home,1
FTR-10324,PRP-2575,walk_in_closet,no
FTR-10325,PRP-2575,updated_kitchen,no
FTR-10326,PRP-2575,fireplace,no
FTR-10327,PRP-2575,solar_panels,1
FTR-10328,PRP-2576,new_roof,YES
FTR-10329,PRP-2576,solar_panels,1
FTR-10330,PRP-2576,central_ac,YES
FTR-10331,PRP-2576,open_floor_plan,yes
FTR-10332,PRP-2576,updated_kitchen,no
FTR-10333,PRP-2576,stainless_appliances,YES
FTR-10334,PRP-2577,walk_in_closet,no
FTR-10335,PRP-2577,new_roof,Yes
FTR-10336,PRP-2577,solar_panels,no
FTR-10337,PRP-2577,fresh_paint,1
FTR-10338,PRP-2577,granite_counters,0
FTR-10339,PRP-2578,smart_home,Yes
FTR-10340,PRP-2578,hardwood_floors,1
FTR-10341,PRP-2578,central_ac,Yes
FTR-10342,PRP-2578,fireplace,Yes
FTR-10343,PRP-2579,hardwood_floors,Yes
FTR-10344,PRP-2579,vaulted_ceilings,0
FTR-10345,PRP-2579,smart_home,1
FTR-10346,PRP-2579,walk_in_closet,YES
FTR-10347,PRP-2579,updated_kitchen,yes
FTR-10348,PRP-2579,solar_panels,Yes
FTR-10349,PRP-2580,hardwood_floors,Yes
FTR-10350,PRP-2580,fresh_paint,no
FTR-10351,PRP-2580,updated_kitchen,0
FTR-10352,PRP-2580,master_suite,1
FTR-10353,PRP-2580,vaulted_ceilings,Yes
FTR-10354,PRP-2581,smart_home,Yes
FTR-10355,PRP-2581,granite_counters,Yes
FTR-10356,PRP-2582,open_floor_plan,0
FTR-10357,PRP-2582,smart_home,1
FTR-10358,PRP-2582,stainless_appliances,no
FTR-10359,PRP-2582,vaulted_ceilings,0
FTR-10360,PRP-2582,central_ac,0
FTR-10361,PRP-2582,hardwood_floors,yes
FTR-10362,PRP-2583,open_floor_plan,no
FTR-10363,PRP-2583,solar_panels,YES
FTR-10364,PRP-2583,hardwood_floors,YES
FTR-10365,PRP-2583,vaulted_ceilings,no
FTR-10366,PRP-2583,fireplace,0
FTR-10367,PRP-2584,updated_kitchen,yes
FTR-10368,PRP-2584,fresh_paint,no
FTR-10369,PRP-2585,central_ac,0
FTR-10370,PRP-2585,granite_counters,YES
FTR-10371,PRP-2586,walk_in_closet,Yes
FTR-10372,PRP-2586,stainless_appliances,YES
FTR-10373,PRP-2586,granite_counters,1
FTR-10374,PRP-2586,vaulted_ceilings,1
FTR-10375,PRP-2586,fireplace,YES
FTR-10376,PRP-2586,hardwood_floors,no
FTR-10377,PRP-2587,new_roof,yes
FTR-10378,PRP-2587,stainless_appliances,1
FTR-10379,PRP-2587,fireplace,yes
FTR-10380,PRP-2587,smart_home,yes
FTR-10381,PRP-2588,solar_panels,Yes
FTR-10382,PRP-2588,smart_home,Yes
FTR-10383,PRP-2588,new_roof,1
FTR-10384,PRP-2588,central_ac,Yes
FTR-10385,PRP-2589,granite_counters,1
FTR-10386,PRP-2589,smart_home,Yes
FTR-10387,PRP-2590,walk_in_closet,1
FTR-10388,PRP-2590,open_floor_plan,YES
FTR-10389,PRP-2590,fireplace,1
FTR-10390,PRP-2590,updated_kitchen,no
FTR-10391,PRP-2590,new_roof,no
FTR-10392,PRP-2591,updated_kitchen,1
FTR-10393,PRP-2591,walk_in_closet,1
FTR-10394,PRP-2591,fireplace,yes
FTR-10395,PRP-2592,central_ac,yes
FTR-10396,PRP-2592,granite_counters,YES
FTR-10397,PRP-2593,new_roof,Yes
FTR-10398,PRP-2593,fireplace,YES
FTR-10399,PRP-2593,master_suite,no
FTR-10400,PRP-2594,stainless_appliances,yes
FTR-10401,PRP-2594,open_floor_plan,YES
FTR-10402,PRP-2594,granite_counters,1
FTR-10403,PRP-2594,vaulted_ceilings,Yes
FTR-10404,PRP-2594,new_roof,no
FTR-10405,PRP-2594,fresh_paint,YES
FTR-10406,PRP-2595,vaulted_ceilings,Yes
FTR-10407,PRP-2595,open_floor_plan,YES
FTR-10408,PRP-2595,fireplace,Yes
FTR-10409,PRP-2595,stainless_appliances,1
FTR-10410,PRP-2595,central_ac,YES
FTR-10411,PRP-2595,hardwood_floors,1
FTR-10412,PRP-2596,central_ac,YES
FTR-10413,PRP-2596,new_roof,no
FTR-10414,PRP-2596,solar_panels,Yes
FTR-10415,PRP-2597,new_roof,0
FTR-10416,PRP-2597,fireplace,YES
FTR-10417,PRP-2597,walk_in_closet,no
FTR-10418,PRP-2597,solar_panels,yes
FTR-10419,PRP-2597,stainless_appliances,YES
FTR-10420,PRP-2597,updated_kitchen,no
FTR-10421,PRP-2598,central_ac,no
FTR-10422,PRP-2598,vaulted_ceilings,1
FTR-10423,PRP-2598,new_roof,no
FTR-10424,PRP-2598,solar_panels,1
FTR-10425,PRP-2598,smart_home,1
FTR-10426,PRP-2599,stainless_appliances,1
FTR-10427,PRP-2599,smart_home,Yes
FTR-10428,PRP-2600,stainless_appliances,Yes
FTR-10429,PRP-2600,updated_kitchen,YES
FTR-10430,PRP-2600,granite_counters,1
FTR-10431,PRP-2600,fresh_paint,Yes
FTR-10432,PRP-2600,fireplace,yes
FTR-10433,PRP-2601,stainless_appliances,1
FTR-10434,PRP-2601,fireplace,YES
FTR-10435,PRP-2601,central_ac,0
FTR-10436,PRP-2602,smart_home,YES
FTR-10437,PRP-2602,open_floor_plan,0
FTR-10438,PRP-2602,granite_counters,Yes
FTR-10439,PRP-2602,central_ac,YES
FTR-10440,PRP-2602,vaulted_ceilings,1
FTR-10441,PRP-2602,fresh_paint,Yes
FTR-10442,PRP-2603,central_ac,YES
FTR-10443,PRP-2603,granite_counters,no
FTR-10444,PRP-2603,open_floor_plan,0
FTR-10445,PRP-2603,stainless_appliances,1
FTR-10446,PRP-2603,walk_in_closet,YES
FTR-10447,PRP-2603,fireplace,no
FTR-10448,PRP-2604,central_ac,YES
FTR-10449,PRP-2604,master_suite,Yes
FTR-10450,PRP-2604,updated_kitchen,1
FTR-10451,PRP-2604,walk_in_closet,no
FTR-10452,PRP-2604,vaulted_ceilings,1
FTR-10453,PRP-2605,stainless_appliances,1
FTR-10454,PRP-2605,granite_counters,no
FTR-10455,PRP-2605,solar_panels,0
FTR-10456,PRP-2605,updated_kitchen,Yes
FTR-10457,PRP-2605,walk_in_closet,1
FTR-10458,PRP-2606,fireplace,yes
FTR-10459,PRP-2606,new_roof,YES
FTR-10460,PRP-2607,fresh_paint,YES
FTR-10461,PRP-2607,stainless_appliances,YES
FTR-10462,PRP-2608,granite_counters,Yes
FTR-10463,PRP-2608,solar_panels,Yes
FTR-10464,PRP-2608,stainless_appliances,YES
FTR-10465,PRP-2608,updated_kitchen,YES
FTR-10466,PRP-2608,smart_home,Yes
FTR-10467,PRP-2608,fresh_paint,1
FTR-10468,PRP-2609,new_roof,no
FTR-10469,PRP-2609,vaulted_ceilings,1
FTR-10470,PRP-2609,open_floor_plan,no
FTR-10471,PRP-2610,vaulted_ceilings,YES
FTR-10472,PRP-2610,fireplace,1
FTR-10473,PRP-2611,vaulted_ceilings,YES
FTR-10474,PRP-2611,solar_panels,no
FTR-10475,PRP-2611,walk_in_closet,Yes
FTR-10476,PRP-2612,new_roof,1
FTR-10477,PRP-2612,open_floor_plan,1
FTR-10478,PRP-2612,master_suite,0
FTR-10479,PRP-2612,hardwood_floors,0
FTR-10480,PRP-2612,walk_in_closet,YES
FTR-10481,PRP-2612,updated_kitchen,Yes
FTR-10482,PRP-2613,walk_in_closet,yes
FTR-10483,PRP-2613,granite_counters,yes
FTR-10484,PRP-2613,hardwood_floors,YES
FTR-10485,PRP-2613,fireplace,no
FTR-10486,PRP-2614,smart_home,yes
FTR-10487,PRP-2614,master_suite,no
FTR-10488,PRP-2614,new_roof,0
FTR-10489,PRP-2614,open_floor_plan,yes
FTR-10490,PRP-2614,vaulted_ceilings,no
FTR-10491,PRP-2614,fresh_paint,Yes
FTR-10492,PRP-2615,updated_kitchen,no
FTR-10493,PRP-2615,central_ac,0
FTR-10494,PRP-2615,fresh_paint,1
FTR-10495,PRP-2615,stainless_appliances,0
FTR-10496,PRP-2615,fireplace,0
FTR-10497,PRP-2615,granite_counters,1
FTR-10498,PRP-2616,stainless_appliances,no
FTR-10499,PRP-2616,central_ac,no
FTR-10500,PRP-2616,walk_in_closet,0
FTR-10501,PRP-2617,fresh_paint,yes
FTR-10502,PRP-2617,stainless_appliances,Yes
FTR-10503,PRP-2617,fireplace,YES
FTR-10504,PRP-2617,granite_counters,1
FTR-10505,PRP-2617,open_floor_plan,yes
FTR-10506,PRP-2618,fireplace,no
FTR-10507,PRP-2618,master_suite,0
FTR-10508,PRP-2618,central_ac,no
FTR-10509,PRP-2618,vaulted_ceilings,Yes
FTR-10510,PRP-2618,fresh_paint,Yes
FTR-10511,PRP-2619,solar_panels,no
FTR-10512,PRP-2619,master_suite,yes
FTR-10513,PRP-2619,fireplace,1
FTR-10514,PRP-2619,fresh_paint,Yes
FTR-10515,PRP-2620,updated_kitchen,yes
FTR-10516,PRP-2620,hardwood_floors,Yes
FTR-10517,PRP-2620,new_roof,no
FTR-10518,PRP-2620,granite_counters,0
FTR-10519,PRP-2620,vaulted_ceilings,no
FTR-10520,PRP-2620,stainless_appliances,no
FTR-10521,PRP-2621,open_floor_plan,0
FTR-10522,PRP-2621,walk_in_closet,YES
FTR-10523,PRP-2621,new_roof,Yes
FTR-10524,PRP-2621,updated_kitchen,yes
FTR-10525,PRP-2622,fresh_paint,yes
FTR-10526,PRP-2622,granite_counters,no
FTR-10527,PRP-2622,smart_home,no
FTR-10528,PRP-2623,master_suite,no
FTR-10529,PRP-2623,granite_counters,0
FTR-10530,PRP-2623,updated_kitchen,no
FTR-10531,PRP-2623,fresh_paint,Yes
FTR-10532,PRP-2624,central_ac,no
FTR-10533,PRP-2624,vaulted_ceilings,YES
FTR-10534,PRP-2624,solar_panels,1
FTR-10535,PRP-2624,updated_kitchen,no
FTR-10536,PRP-2625,hardwood_floors,0
FTR-10537,PRP-2625,solar_panels,no
FTR-10538,PRP-2625,fireplace,1
FTR-10539,PRP-2625,updated_kitchen,1
FTR-10540,PRP-2625,open_floor_plan,1
FTR-10541,PRP-2626,stainless_appliances,YES
FTR-10542,PRP-2626,master_suite,YES
FTR-10543,PRP-2626,new_roof,0
FTR-10544,PRP-2626,smart_home,no
FTR-10545,PRP-2627,granite_counters,no
FTR-10546,PRP-2627,vaulted_ceilings,no
FTR-10547,PRP-2628,solar_panels,Yes
FTR-10548,PRP-2628,granite_counters,Yes
FTR-10549,PRP-2629,fireplace,yes
FTR-10550,PRP-2629,smart_home,yes
FTR-10551,PRP-2629,walk_in_closet,yes
FTR-10552,PRP-2630,fresh_paint,YES
FTR-10553,PRP-2630,fireplace,no
FTR-10554,PRP-2630,solar_panels,YES
FTR-10555,PRP-2630,master_suite,Yes
FTR-10556,PRP-2630,open_floor_plan,YES
FTR-10557,PRP-2630,vaulted_ceilings,yes
FTR-10558,PRP-2631,vaulted_ceilings,0
FTR-10559,PRP-2631,solar_panels,0
FTR-10560,PRP-2631,granite_counters,YES
FTR-10561,PRP-2631,master_suite,0
FTR-10562,PRP-2631,updated_kitchen,Yes
FTR-10563,PRP-2632,open_floor_plan,yes
FTR-10564,PRP-2632,central_ac,0
FTR-10565,PRP-2632,master_suite,Yes
FTR-10566,PRP-2632,hardwood_floors,yes
FTR-10567,PRP-2633,new_roof,Yes
FTR-10568,PRP-2633,vaulted_ceilings,no
FTR-10569,PRP-2633,stainless_appliances,no
FTR-10570,PRP-2633,walk_in_closet,YES
FTR-10571,PRP-2634,walk_in_closet,no
FTR-10572,PRP-2634,hardwood_floors,YES
FTR-10573,PRP-2634,smart_home,no
FTR-10574,PRP-2635,smart_home,yes
FTR-10575,PRP-2635,hardwood_floors,YES
FTR-10576,PRP-2635,updated_kitchen,YES
FTR-10577,PRP-2635,fireplace,YES
FTR-10578,PRP-2635,solar_panels,no
FTR-10579,PRP-2636,open_floor_plan,no
FTR-10580,PRP-2636,fresh_paint,no
FTR-10581,PRP-2637,granite_counters,1
FTR-10582,PRP-2637,solar_panels,0
FTR-10583,PRP-2637,fresh_paint,no
FTR-10584,PRP-2637,master_suite,no
FTR-10585,PRP-2637,updated_kitchen,YES
FTR-10586,PRP-2638,fresh_paint,0
FTR-10587,PRP-2638,hardwood_floors,yes
FTR-10588,PRP-2638,new_roof,1
FTR-10589,PRP-2638,central_ac,YES
FTR-10590,PRP-2639,master_suite,no
FTR-10591,PRP-2639,vaulted_ceilings,1
FTR-10592,PRP-2640,fireplace,yes
FTR-10593,PRP-2640,hardwood_floors,0
FTR-10594,PRP-2640,updated_kitchen,yes
FTR-10595,PRP-2640,master_suite,YES
FTR-10596,PRP-2640,vaulted_ceilings,no
FTR-10597,PRP-2641,fireplace,no
FTR-10598,PRP-2641,updated_kitchen,yes
FTR-10599,PRP-2641,fresh_paint,Yes
FTR-10600,PRP-2641,walk_in_closet,Yes
FTR-10601,PRP-2641,new_roof,0
FTR-10602,PRP-2641,vaulted_ceilings,1
FTR-10603,PRP-2642,hardwood_floors,1
FTR-10604,PRP-2642,master_suite,YES
FTR-10605,PRP-2642,granite_counters,yes
FTR-10606,PRP-2643,vaulted_ceilings,0
FTR-10607,PRP-2643,central_ac,0
FTR-10608,PRP-2644,central_ac,0
FTR-10609,PRP-2644,stainless_appliances,Yes
FTR-10610,PRP-2644,solar_panels,yes
FTR-10611,PRP-2644,hardwood_floors,Yes
FTR-10612,PRP-2644,smart_home,1
FTR-10613,PRP-2645,central_ac,0
FTR-10614,PRP-2645,granite_counters,no
FTR-10615,PRP-2645,open_floor_plan,1
FTR-10616,PRP-2646,fresh_paint,no
FTR-10617,PRP-2646,fireplace,yes
FTR-10618,PRP-2647,new_roof,Yes
FTR-10619,PRP-2647,central_ac,no
FTR-10620,PRP-2647,smart_home,1
FTR-10621,PRP-2647,granite_counters,Yes
FTR-10622,PRP-2648,walk_in_closet,YES
FTR-10623,PRP-2648,fresh_paint,0
FTR-10624,PRP-2648,central_ac,Yes
FTR-10625,PRP-2649,updated_kitchen,0
FTR-10626,PRP-2649,solar_panels,0
FTR-10627,PRP-2650,vaulted_ceilings,Yes
FTR-10628,PRP-2650,new_roof,Yes
FTR-10629,PRP-2650,master_suite,no
FTR-10630,PRP-2651,updated_kitchen,YES
FTR-10631,PRP-2651,master_suite,0
FTR-10632,PRP-2651,walk_in_closet,YES
FTR-10633,PRP-2651,open_floor_plan,Yes
FTR-10634,PRP-2651,fireplace,YES
FTR-10635,PRP-2651,stainless_appliances,Yes
FTR-10636,PRP-2652,hardwood_floors,yes
FTR-10637,PRP-2652,granite_counters,1
FTR-10638,PRP-2652,central_ac,Yes
FTR-10639,PRP-2652,stainless_appliances,Yes
FTR-10640,PRP-2653,updated_kitchen,no
FTR-10641,PRP-2653,hardwood_floors,yes
FTR-10642,PRP-2654,walk_in_closet,yes
FTR-10643,PRP-2654,smart_home,Yes
FTR-10644,PRP-2654,master_suite,yes
FTR-10645,PRP-2654,stainless_appliances,yes
FTR-10646,PRP-2655,central_ac,no
FTR-10647,PRP-2655,new_roof,no
FTR-10648,PRP-2655,fresh_paint,no
FTR-10649,PRP-2655,smart_home,yes
FTR-10650,PRP-2655,master_suite,no
FTR-10651,PRP-2656,new_roof,yes
FTR-10652,PRP-2656,hardwood_floors,0
FTR-10653,PRP-2657,new_roof,yes
FTR-10654,PRP-2657,walk_in_closet,yes
FTR-10655,PRP-2657,stainless_appliances,no
FTR-10656,PRP-2657,updated_kitchen,no
FTR-10657,PRP-2657,fresh_paint,no
FTR-10658,PRP-2658,master_suite,no
FTR-10659,PRP-2658,fresh_paint,Yes
FTR-10660,PRP-2659,fresh_paint,yes
FTR-10661,PRP-2659,granite_counters,YES
FTR-10662,PRP-2659,master_suite,yes
FTR-10663,PRP-2659,smart_home,YES
FTR-10664,PRP-2660,stainless_appliances,1
FTR-10665,PRP-2660,new_roof,1
FTR-10666,PRP-2660,updated_kitchen,no
FTR-10667,PRP-2660,fresh_paint,0
FTR-10668,PRP-2660,smart_home,Yes
FTR-10669,PRP-2660,open_floor_plan,no
FTR-10670,PRP-2661,open_floor_plan,yes
FTR-10671,PRP-2661,solar_panels,1
FTR-10672,PRP-2661,granite_counters,no
FTR-10673,PRP-2661,fireplace,yes
FTR-10674,PRP-2662,fireplace,Yes
FTR-10675,PRP-2662,walk_in_closet,yes
FTR-10676,PRP-2662,solar_panels,0
FTR-10677,PRP-2663,central_ac,no
FTR-10678,PRP-2663,walk_in_closet,1
FTR-10679,PRP-2664,granite_counters,YES
FTR-10680,PRP-2664,fresh_paint,yes
FTR-10681,PRP-2664,new_roof,yes
FTR-10682,PRP-2664,vaulted_ceilings,YES
FTR-10683,PRP-2664,fireplace,yes
FTR-10684,PRP-2664,stainless_appliances,0
FTR-10685,PRP-2665,stainless_appliances,no
FTR-10686,PRP-2665,vaulted_ceilings,no
FTR-10687,PRP-2665,fresh_paint,0
FTR-10688,PRP-2666,fireplace,1
FTR-10689,PRP-2666,solar_panels,1
FTR-10690,PRP-2667,granite_counters,no
FTR-10691,PRP-2667,new_roof,no
FTR-10692,PRP-2667,vaulted_ceilings,YES
FTR-10693,PRP-2667,fireplace,yes
FTR-10694,PRP-2668,master_suite,YES
FTR-10695,PRP-2668,new_roof,YES
FTR-10696,PRP-2668,smart_home,0
FTR-10697,PRP-2668,stainless_appliances,Yes
FTR-10698,PRP-2669,fireplace,yes
FTR-10699,PRP-2669,open_floor_plan,no
FTR-10700,PRP-2670,hardwood_floors,1
FTR-10701,PRP-2670,vaulted_ceilings,YES
FTR-10702,PRP-2670,solar_panels,Yes
FTR-10703,PRP-2670,fireplace,Yes
FTR-10704,PRP-2671,stainless_appliances,no
FTR-10705,PRP-2671,walk_in_closet,0
FTR-10706,PRP-2671,fireplace,yes
FTR-10707,PRP-2671,open_floor_plan,no
FTR-10708,PRP-2671,updated_kitchen,1
FTR-10709,PRP-2672,updated_kitchen,yes
FTR-10710,PRP-2672,new_roof,1
FTR-10711,PRP-2672,walk_in_closet,YES
FTR-10712,PRP-2672,master_suite,Yes
FTR-10713,PRP-2673,master_suite,YES
FTR-10714,PRP-2673,vaulted_ceilings,1
FTR-10715,PRP-2673,granite_counters,1
FTR-10716,PRP-2674,hardwood_floors,yes
FTR-10717,PRP-2674,central_ac,0
FTR-10718,PRP-2675,stainless_appliances,1
FTR-10719,PRP-2675,granite_counters,yes
FTR-10720,PRP-2675,hardwood_floors,0
FTR-10721,PRP-2675,central_ac,1
FTR-10722,PRP-2675,open_floor_plan,no
FTR-10723,PRP-2675,master_suite,0
FTR-10724,PRP-2676,solar_panels,yes
FTR-10725,PRP-2676,fireplace,0
FTR-10726,PRP-2676,new_roof,Yes
FTR-10727,PRP-2677,new_roof,0
FTR-10728,PRP-2677,hardwood_floors,1
FTR-10729,PRP-2677,granite_counters,yes
FTR-10730,PRP-2678,fireplace,1
FTR-10731,PRP-2678,open_floor_plan,Yes
FTR-10732,PRP-2679,central_ac,Yes
FTR-10733,PRP-2679,open_floor_plan,yes
FTR-10734,PRP-2679,updated_kitchen,YES
FTR-10735,PRP-2679,smart_home,yes
FTR-10736,PRP-2680,master_suite,1
FTR-10737,PRP-2680,solar_panels,1
FTR-10738,PRP-2680,granite_counters,0
FTR-10739,PRP-2680,open_floor_plan,YES
FTR-10740,PRP-2680,new_roof,Yes
FTR-10741,PRP-2681,granite_counters,YES
FTR-10742,PRP-2681,walk_in_closet,0
FTR-10743,PRP-2681,central_ac,0
FTR-10744,PRP-2682,updated_kitchen,no
FTR-10745,PRP-2682,solar_panels,yes
FTR-10746,PRP-2682,walk_in_closet,no
FTR-10747,PRP-2683,smart_home,YES
FTR-10748,PRP-2683,granite_counters,YES
FTR-10749,PRP-2683,hardwood_floors,1
FTR-10750,PRP-2684,master_suite,YES
FTR-10751,PRP-2684,central_ac,0
FTR-10752,PRP-2684,walk_in_closet,YES
FTR-10753,PRP-2684,smart_home,Yes
FTR-10754,PRP-2684,updated_kitchen,YES
FTR-10755,PRP-2684,open_floor_plan,no
FTR-10756,PRP-2685,walk_in_closet,YES
FTR-10757,PRP-2685,smart_home,no
FTR-10758,PRP-2686,fresh_paint,yes
FTR-10759,PRP-2686,open_floor_plan,Yes
FTR-10760,PRP-2687,central_ac,no
FTR-10761,PRP-2687,granite_counters,YES
FTR-10762,PRP-2687,fireplace,0
FTR-10763,PRP-2687,new_roof,no
FTR-10764,PRP-2687,vaulted_ceilings,no
FTR-10765,PRP-2688,open_floor_plan,no
FTR-10766,PRP-2688,master_suite,YES
FTR-10767,PRP-2688,solar_panels,no
FTR-10768,PRP-2689,hardwood_floors,1
FTR-10769,PRP-2689,walk_in_closet,YES
FTR-10770,PRP-2690,updated_kitchen,yes
FTR-10771,PRP-2690,hardwood_floors,Yes
FTR-10772,PRP-2690,solar_panels,Yes
FTR-10773,PRP-2690,stainless_appliances,Yes
FTR-10774,PRP-2690,fireplace,yes
FTR-10775,PRP-2690,open_floor_plan,yes
FTR-10776,PRP-2691,fresh_paint,1
FTR-10777,PRP-2691,open_floor_plan,Yes
FTR-10778,PRP-2691,walk_in_closet,no
FTR-10779,PRP-2691,updated_kitchen,yes
FTR-10780,PRP-2692,updated_kitchen,0
FTR-10781,PRP-2692,master_suite,YES
FTR-10782,PRP-2692,solar_panels,0
FTR-10783,PRP-2692,fireplace,1
FTR-10784,PRP-2692,open_floor_plan,YES
FTR-10785,PRP-2692,central_ac,0
FTR-10786,PRP-2693,vaulted_ceilings,yes
FTR-10787,PRP-2693,master_suite,YES
FTR-10788,PRP-2693,fresh_paint,no
FTR-10789,PRP-2694,smart_home,Yes
FTR-10790,PRP-2694,granite_counters,1
FTR-10791,PRP-2695,fresh_paint,1
FTR-10792,PRP-2695,smart_home,YES
FTR-10793,PRP-2695,stainless_appliances,1
FTR-10794,PRP-2695,hardwood_floors,YES
FTR-10795,PRP-2695,new_roof,no
FTR-10796,PRP-2696,master_suite,1
FTR-10797,PRP-2696,granite_counters,YES
FTR-10798,PRP-2696,smart_home,0
FTR-10799,PRP-2696,vaulted_ceilings,Yes
FTR-10800,PRP-2696,open_floor_plan,no
FTR-10801,PRP-2697,new_roof,yes
FTR-10802,PRP-2697,stainless_appliances,no
FTR-10803,PRP-2697,central_ac,YES
FTR-10804,PRP-2697,granite_counters,yes
FTR-10805,PRP-2697,open_floor_plan,Yes
FTR-10806,PRP-2698,smart_home,no
FTR-10807,PRP-2698,fresh_paint,no
FTR-10808,PRP-2698,granite_counters,no
FTR-10809,PRP-2698,vaulted_ceilings,YES
FTR-10810,PRP-2699,solar_panels,YES
FTR-10811,PRP-2699,walk_in_closet,0
FTR-10812,PRP-2699,smart_home,yes
FTR-10813,PRP-2699,master_suite,no
FTR-10814,PRP-2699,granite_counters,yes
FTR-10815,PRP-2699,fireplace,0
FTR-10816,PRP-2700,new_roof,yes
FTR-10817,PRP-2700,fireplace,0
FTR-10818,PRP-2700,smart_home,1
FTR-10819,PRP-2700,granite_counters,Yes
FTR-10820,PRP-2701,new_roof,1
FTR-10821,PRP-2701,granite_counters,YES
FTR-10822,PRP-2702,new_roof,YES
FTR-10823,PRP-2702,fireplace,YES
FTR-10824,PRP-2702,fresh_paint,yes
FTR-10825,PRP-2702,master_suite,yes
FTR-10826,PRP-2702,smart_home,1
FTR-10827,PRP-2703,granite_counters,Yes
FTR-10828,PRP-2703,master_suite,YES
FTR-10829,PRP-2703,hardwood_floors,1
FTR-10830,PRP-2703,fresh_paint,yes
FTR-10831,PRP-2703,open_floor_plan,Yes
FTR-10832,PRP-2704,new_roof,YES
FTR-10833,PRP-2704,master_suite,0
FTR-10834,PRP-2704,updated_kitchen,0
FTR-10835,PRP-2704,vaulted_ceilings,yes
FTR-10836,PRP-2704,fireplace,Yes
FTR-10837,PRP-2705,solar_panels,0
FTR-10838,PRP-2705,fresh_paint,no
FTR-10839,PRP-2705,updated_kitchen,YES
FTR-10840,PRP-2706,fresh_paint,no
FTR-10841,PRP-2706,stainless_appliances,no
FTR-10842,PRP-2706,fireplace,YES
FTR-10843,PRP-2706,smart_home,YES
FTR-10844,PRP-2707,hardwood_floors,Yes
FTR-10845,PRP-2707,vaulted_ceilings,yes
FTR-10846,PRP-2707,smart_home,YES
FTR-10847,PRP-2707,granite_counters,YES
FTR-10848,PRP-2708,walk_in_closet,no
FTR-10849,PRP-2708,fireplace,no
FTR-10850,PRP-2708,fresh_paint,yes
FTR-10851,PRP-2709,smart_home,yes
FTR-10852,PRP-2709,hardwood_floors,1
FTR-10853,PRP-2710,smart_home,Yes
FTR-10854,PRP-2710,new_roof,Yes
FTR-10855,PRP-2711,fireplace,1
FTR-10856,PRP-2711,central_ac,YES
FTR-10857,PRP-2711,vaulted_ceilings,YES
FTR-10858,PRP-2711,walk_in_closet,YES
FTR-10859,PRP-2711,smart_home,yes
FTR-10860,PRP-2711,stainless_appliances,Yes
FTR-10861,PRP-2712,fresh_paint,1
FTR-10862,PRP-2712,fireplace,Yes
FTR-10863,PRP-2712,updated_kitchen,Yes
FTR-10864,PRP-2712,smart_home,YES
FTR-10865,PRP-2712,central_ac,Yes
FTR-10866,PRP-2712,open_floor_plan,1
FTR-10867,PRP-2713,granite_counters,yes
FTR-10868,PRP-2713,stainless_appliances,0
FTR-10869,PRP-2713,fresh_paint,YES
FTR-10870,PRP-2713,walk_in_closet,no
FTR-10871,PRP-2714,central_ac,yes
FTR-10872,PRP-2714,new_roof,YES
FTR-10873,PRP-2715,fresh_paint,no
FTR-10874,PRP-2715,vaulted_ceilings,no
FTR-10875,PRP-2715,walk_in_closet,yes
FTR-10876,PRP-2715,updated_kitchen,1
FTR-10877,PRP-2715,open_floor_plan,1
FTR-10878,PRP-2715,fireplace,0
FTR-10879,PRP-2716,hardwood_floors,YES
FTR-10880,PRP-2716,stainless_appliances,0
FTR-10881,PRP-2717,hardwood_floors,1
FTR-10882,PRP-2717,granite_counters,0
FTR-10883,PRP-2717,solar_panels,1
FTR-10884,PRP-2717,vaulted_ceilings,yes
FTR-10885,PRP-2718,new_roof,1
FTR-10886,PRP-2718,walk_in_closet,Yes
FTR-10887,PRP-2718,solar_panels,1
FTR-10888,PRP-2718,vaulted_ceilings,0
FTR-10889,PRP-2719,updated_kitchen,no
FTR-10890,PRP-2719,open_floor_plan,1
FTR-10891,PRP-2719,new_roof,YES
FTR-10892,PRP-2719,walk_in_closet,0
FTR-10893,PRP-2719,fresh_paint,no
FTR-10894,PRP-2720,master_suite,YES
FTR-10895,PRP-2720,central_ac,yes
FTR-10896,PRP-2721,open_floor_plan,1
FTR-10897,PRP-2721,fresh_paint,no
FTR-10898,PRP-2722,vaulted_ceilings,yes
FTR-10899,PRP-2722,fresh_paint,yes
FTR-10900,PRP-2722,fireplace,no
FTR-10901,PRP-2722,updated_kitchen,YES
FTR-10902,PRP-2722,smart_home,0
FTR-10903,PRP-2722,hardwood_floors,YES
FTR-10904,PRP-2723,central_ac,no
FTR-10905,PRP-2723,master_suite,yes
FTR-10906,PRP-2723,fireplace,no
FTR-10907,PRP-2723,solar_panels,no
FTR-10908,PRP-2724,vaulted_ceilings,Yes
FTR-10909,PRP-2724,new_roof,0
FTR-10910,PRP-2724,smart_home,no
FTR-10911,PRP-2724,central_ac,yes
FTR-10912,PRP-2724,fireplace,yes
FTR-10913,PRP-2725,central_ac,0
FTR-10914,PRP-2725,hardwood_floors,no
FTR-10915,PRP-2725,open_floor_plan,Yes
FTR-10916,PRP-2725,new_roof,Yes
FTR-10917,PRP-2725,smart_home,0
FTR-10918,PRP-2726,master_suite,no
FTR-10919,PRP-2726,fireplace,yes
FTR-10920,PRP-2726,walk_in_closet,1
FTR-10921,PRP-2726,stainless_appliances,yes
FTR-10922,PRP-2726,updated_kitchen,no
FTR-10923,PRP-2727,fireplace,no
FTR-10924,PRP-2727,granite_counters,no
FTR-10925,PRP-2727,updated_kitchen,0
FTR-10926,PRP-2727,fresh_paint,YES
FTR-10927,PRP-2728,open_floor_plan,yes
FTR-10928,PRP-2728,central_ac,Yes
FTR-10929,PRP-2728,fireplace,yes
FTR-10930,PRP-2728,granite_counters,0
FTR-10931,PRP-2729,solar_panels,0
FTR-10932,PRP-2729,central_ac,yes
FTR-10933,PRP-2729,granite_counters,no
FTR-10934,PRP-2729,walk_in_closet,1
FTR-10935,PRP-2730,updated_kitchen,1
FTR-10936,PRP-2730,master_suite,YES
FTR-10937,PRP-2730,granite_counters,1
FTR-10938,PRP-2731,fresh_paint,Yes
FTR-10939,PRP-2731,central_ac,1
FTR-10940,PRP-2731,master_suite,yes
FTR-10941,PRP-2731,stainless_appliances,Yes
FTR-10942,PRP-2731,vaulted_ceilings,YES
FTR-10943,PRP-2732,granite_counters,yes
FTR-10944,PRP-2732,fireplace,Yes
FTR-10945,PRP-2732,new_roof,YES
FTR-10946,PRP-2732,walk_in_closet,yes
FTR-10947,PRP-2733,updated_kitchen,no
FTR-10948,PRP-2733,central_ac,no
FTR-10949,PRP-2733,master_suite,no
FTR-10950,PRP-2733,solar_panels,0
FTR-10951,PRP-2734,master_suite,1
FTR-10952,PRP-2734,open_floor_plan,0
FTR-10953,PRP-2734,walk_in_closet,yes
FTR-10954,PRP-2734,updated_kitchen,yes
FTR-10955,PRP-2735,smart_home,YES
FTR-10956,PRP-2735,master_suite,0
FTR-10957,PRP-2735,fireplace,yes
FTR-10958,PRP-2735,fresh_paint,Yes
FTR-10959,PRP-2735,new_roof,yes
FTR-10960,PRP-2736,open_floor_plan,1
FTR-10961,PRP-2736,fresh_paint,1
FTR-10962,PRP-2736,central_ac,YES
FTR-10963,PRP-2736,granite_counters,YES
FTR-10964,PRP-2737,smart_home,1
FTR-10965,PRP-2737,stainless_appliances,Yes
FTR-10966,PRP-2737,new_roof,yes
FTR-10967,PRP-2737,fireplace,YES
FTR-10968,PRP-2737,walk_in_closet,0
FTR-10969,PRP-2737,solar_panels,no
FTR-10970,PRP-2738,stainless_appliances,no
FTR-10971,PRP-2738,new_roof,YES
FTR-10972,PRP-2738,hardwood_floors,YES
FTR-10973,PRP-2738,vaulted_ceilings,yes
FTR-10974,PRP-2739,granite_counters,YES
FTR-10975,PRP-2739,new_roof,1
FTR-10976,PRP-2739,stainless_appliances,1
FTR-10977,PRP-2739,fresh_paint,1
FTR-10978,PRP-2739,solar_panels,no
FTR-10979,PRP-2739,fireplace,YES
FTR-10980,PRP-2740,updated_kitchen,0
FTR-10981,PRP-2740,fresh_paint,no
FTR-10982,PRP-2740,new_roof,no
FTR-10983,PRP-2740,hardwood_floors,YES
FTR-10984,PRP-2741,granite_counters,0
FTR-10985,PRP-2741,central_ac,yes
FTR-10986,PRP-2741,new_roof,no
FTR-10987,PRP-2742,updated_kitchen,no
FTR-10988,PRP-2742,vaulted_ceilings,no
FTR-10989,PRP-2742,fireplace,no
FTR-10990,PRP-2742,master_suite,Yes
FTR-10991,PRP-2742,central_ac,no
FTR-10992,PRP-2743,fresh_paint,no
FTR-10993,PRP-2743,vaulted_ceilings,0
FTR-10994,PRP-2743,smart_home,0
FTR-10995,PRP-2744,open_floor_plan,Yes
FTR-10996,PRP-2744,stainless_appliances,1
FTR-10997,PRP-2744,solar_panels,Yes
FTR-10998,PRP-2744,new_roof,0
FTR-10999,PRP-2744,fresh_paint,no
FTR-11000,PRP-2744,updated_kitchen,1
FTR-11001,PRP-2745,fireplace,1
FTR-11002,PRP-2745,hardwood_floors,yes
FTR-11003,PRP-2745,updated_kitchen,Yes
FTR-11004,PRP-2745,stainless_appliances,1
FTR-11005,PRP-2745,smart_home,1
FTR-11006,PRP-2746,stainless_appliances,0
FTR-11007,PRP-2746,open_floor_plan,Yes
FTR-11008,PRP-2747,fresh_paint,0
FTR-11009,PRP-2747,new_roof,1
FTR-11010,PRP-2747,updated_kitchen,Yes
FTR-11011,PRP-2748,solar_panels,YES
FTR-11012,PRP-2748,smart_home,1
FTR-11013,PRP-2748,fireplace,1
FTR-11014,PRP-2749,walk_in_closet,no
FTR-11015,PRP-2749,fresh_paint,Yes
FTR-11016,PRP-2749,vaulted_ceilings,no
FTR-11017,PRP-2749,solar_panels,no
FTR-11018,PRP-2749,granite_counters,0
FTR-11019,PRP-2749,updated_kitchen,YES
FTR-11020,PRP-2750,central_ac,no
FTR-11021,PRP-2750,granite_counters,yes
FTR-11022,PRP-2750,fireplace,0
FTR-11023,PRP-2750,vaulted_ceilings,no
FTR-11024,PRP-2751,central_ac,yes
FTR-11025,PRP-2751,updated_kitchen,YES
FTR-11026,PRP-2751,open_floor_plan,1
FTR-11027,PRP-2752,fresh_paint,no
FTR-11028,PRP-2752,new_roof,YES
FTR-11029,PRP-2752,granite_counters,yes
FTR-11030,PRP-2752,solar_panels,Yes
FTR-11031,PRP-2753,walk_in_closet,no
FTR-11032,PRP-2753,open_floor_plan,yes
FTR-11033,PRP-2753,smart_home,no
FTR-11034,PRP-2753,granite_counters,1
FTR-11035,PRP-2753,updated_kitchen,1
FTR-11036,PRP-2753,new_roof,1
FTR-11037,PRP-2754,fireplace,YES
FTR-11038,PRP-2754,walk_in_closet,YES
FTR-11039,PRP-2754,open_floor_plan,1
FTR-11040,PRP-2754,smart_home,yes
FTR-11041,PRP-2754,new_roof,yes
FTR-11042,PRP-2754,central_ac,YES
FTR-11043,PRP-2755,open_floor_plan,YES
FTR-11044,PRP-2755,hardwood_floors,Yes
FTR-11045,PRP-2755,updated_kitchen,YES
FTR-11046,PRP-2756,hardwood_floors,1
FTR-11047,PRP-2756,open_floor_plan,0
FTR-11048,PRP-2757,central_ac,Yes
FTR-11049,PRP-2757,vaulted_ceilings,Yes
FTR-11050,PRP-2757,open_floor_plan,1
FTR-11051,PRP-2757,updated_kitchen,Yes
FTR-11052,PRP-2757,walk_in_closet,0
FTR-11053,PRP-2757,fireplace,1
FTR-11054,PRP-2758,fresh_paint,1
FTR-11055,PRP-2758,new_roof,Yes
FTR-11056,PRP-2758,solar_panels,1
FTR-11057,PRP-2758,smart_home,0
FTR-11058,PRP-2758,open_floor_plan,1
FTR-11059,PRP-2759,hardwood_floors,1
FTR-11060,PRP-2759,updated_kitchen,yes
FTR-11061,PRP-2759,smart_home,YES
FTR-11062,PRP-2759,new_roof,0
FTR-11063,PRP-2759,central_ac,Yes
FTR-11064,PRP-2760,new_roof,YES
FTR-11065,PRP-2760,fresh_paint,yes
FTR-11066,PRP-2760,master_suite,1
FTR-11067,PRP-2760,fireplace,YES
FTR-11068,PRP-2761,solar_panels,Yes
FTR-11069,PRP-2761,master_suite,yes
FTR-11070,PRP-2761,central_ac,Yes
FTR-11071,PRP-2761,open_floor_plan,YES
FTR-11072,PRP-2762,fresh_paint,YES
FTR-11073,PRP-2762,open_floor_plan,0
FTR-11074,PRP-2762,hardwood_floors,0
FTR-11075,PRP-2762,vaulted_ceilings,YES
FTR-11076,PRP-2762,smart_home,Yes
FTR-11077,PRP-2763,central_ac,1
FTR-11078,PRP-2763,new_roof,1
FTR-11079,PRP-2763,updated_kitchen,no
FTR-11080,PRP-2764,new_roof,YES
FTR-11081,PRP-2764,open_floor_plan,1
FTR-11082,PRP-2764,hardwood_floors,YES
FTR-11083,PRP-2764,walk_in_closet,0
FTR-11084,PRP-2765,solar_panels,no
FTR-11085,PRP-2765,granite_counters,YES
FTR-11086,PRP-2765,hardwood_floors,0
FTR-11087,PRP-2765,central_ac,1
FTR-11088,PRP-2766,updated_kitchen,yes
FTR-11089,PRP-2766,fresh_paint,yes
FTR-11090,PRP-2766,solar_panels,yes
FTR-11091,PRP-2766,fireplace,Yes
FTR-11092,PRP-2766,smart_home,YES
FTR-11093,PRP-2767,fireplace,yes
FTR-11094,PRP-2767,master_suite,yes
FTR-11095,PRP-2767,solar_panels,Yes
FTR-11096,PRP-2767,updated_kitchen,no
FTR-11097,PRP-2767,open_floor_plan,no
FTR-11098,PRP-2767,smart_home,YES
FTR-11099,PRP-2768,fireplace,YES
FTR-11100,PRP-2768,vaulted_ceilings,YES
FTR-11101,PRP-2768,smart_home,no
FTR-11102,PRP-2768,fresh_paint,no
FTR-11103,PRP-2768,granite_counters,Yes
FTR-11104,PRP-2769,smart_home,no
FTR-11105,PRP-2769,central_ac,0
FTR-11106,PRP-2769,fireplace,no
FTR-11107,PRP-2770,central_ac,Yes
FTR-11108,PRP-2770,solar_panels,yes
FTR-11109,PRP-2770,updated_kitchen,no
FTR-11110,PRP-2770,granite_counters,no
FTR-11111,PRP-2770,new_roof,1
FTR-11112,PRP-2770,smart_home,yes
FTR-11113,PRP-2771,master_suite,no
FTR-11114,PRP-2771,vaulted_ceilings,no
FTR-11115,PRP-2771,fresh_paint,Yes
FTR-11116,PRP-2771,fireplace,yes
FTR-11117,PRP-2771,central_ac,Yes
FTR-11118,PRP-2771,walk_in_closet,Yes
FTR-11119,PRP-2772,open_floor_plan,yes
FTR-11120,PRP-2772,granite_counters,no
FTR-11121,PRP-2773,walk_in_closet,Yes
FTR-11122,PRP-2773,hardwood_floors,YES
FTR-11123,PRP-2773,central_ac,YES
FTR-11124,PRP-2773,smart_home,yes
FTR-11125,PRP-2773,fireplace,0
FTR-11126,PRP-2773,granite_counters,Yes
FTR-11127,PRP-2774,stainless_appliances,yes
FTR-11128,PRP-2774,new_roof,YES
FTR-11129,PRP-2774,solar_panels,1
FTR-11130,PRP-2774,open_floor_plan,0
FTR-11131,PRP-2774,master_suite,1
FTR-11132,PRP-2774,fireplace,yes
FTR-11133,PRP-2775,granite_counters,0
FTR-11134,PRP-2775,updated_kitchen,1
FTR-11135,PRP-2775,open_floor_plan,yes
FTR-11136,PRP-2775,central_ac,yes
FTR-11137,PRP-2776,updated_kitchen,Yes
FTR-11138,PRP-2776,fresh_paint,yes
FTR-11139,PRP-2776,walk_in_closet,1
FTR-11140,PRP-2776,open_floor_plan,0
FTR-11141,PRP-2777,master_suite,1
FTR-11142,PRP-2777,vaulted_ceilings,1
FTR-11143,PRP-2777,walk_in_closet,Yes
FTR-11144,PRP-2777,open_floor_plan,no
FTR-11145,PRP-2778,smart_home,0
FTR-11146,PRP-2778,solar_panels,1
FTR-11147,PRP-2778,fireplace,0
FTR-11148,PRP-2778,master_suite,0
FTR-11149,PRP-2779,master_suite,1
FTR-11150,PRP-2779,vaulted_ceilings,no
FTR-11151,PRP-2779,smart_home,0
FTR-11152,PRP-2780,stainless_appliances,Yes
FTR-11153,PRP-2780,fresh_paint,YES
FTR-11154,PRP-2780,vaulted_ceilings,YES
FTR-11155,PRP-2780,smart_home,Yes
FTR-11156,PRP-2780,updated_kitchen,1
FTR-11157,PRP-2780,central_ac,0
FTR-11158,PRP-2781,walk_in_closet,0
FTR-11159,PRP-2781,open_floor_plan,no
FTR-11160,PRP-2781,fresh_paint,Yes
FTR-11161,PRP-2781,hardwood_floors,1
FTR-11162,PRP-2781,updated_kitchen,Yes
FTR-11163,PRP-2782,vaulted_ceilings,yes
FTR-11164,PRP-2782,master_suite,Yes
FTR-11165,PRP-2783,walk_in_closet,1
FTR-11166,PRP-2783,smart_home,YES
FTR-11167,PRP-2783,open_floor_plan,Yes
FTR-11168,PRP-2783,vaulted_ceilings,yes
FTR-11169,PRP-2783,new_roof,no
FTR-11170,PRP-2784,stainless_appliances,yes
FTR-11171,PRP-2784,solar_panels,yes
FTR-11172,PRP-2785,fresh_paint,no
FTR-11173,PRP-2785,granite_counters,1
FTR-11174,PRP-2785,open_floor_plan,Yes
FTR-11175,PRP-2785,walk_in_closet,no
FTR-11176,PRP-2786,hardwood_floors,YES
FTR-11177,PRP-2786,updated_kitchen,Yes
FTR-11178,PRP-2786,solar_panels,0
FTR-11179,PRP-2786,master_suite,YES
FTR-11180,PRP-2786,fireplace,Yes
FTR-11181,PRP-2787,smart_home,Yes
FTR-11182,PRP-2787,stainless_appliances,YES
FTR-11183,PRP-2788,smart_home,yes
FTR-11184,PRP-2788,master_suite,1
FTR-11185,PRP-2788,granite_counters,yes
FTR-11186,PRP-2788,walk_in_closet,no
FTR-11187,PRP-2789,fresh_paint,no
FTR-11188,PRP-2789,vaulted_ceilings,0
FTR-11189,PRP-2789,stainless_appliances,1
FTR-11190,PRP-2790,smart_home,YES
FTR-11191,PRP-2790,walk_in_closet,Yes
FTR-11192,PRP-2791,stainless_appliances,YES
FTR-11193,PRP-2791,vaulted_ceilings,yes
FTR-11194,PRP-2792,open_floor_plan,no
FTR-11195,PRP-2792,central_ac,YES
FTR-11196,PRP-2792,walk_in_closet,YES
FTR-11197,PRP-2792,fireplace,no
FTR-11198,PRP-2792,hardwood_floors,no
FTR-11199,PRP-2792,updated_kitchen,1
FTR-11200,PRP-2793,master_suite,no
FTR-11201,PRP-2793,central_ac,1
FTR-11202,PRP-2793,solar_panels,0
FTR-11203,PRP-2793,new_roof,0
FTR-11204,PRP-2793,fireplace,YES
FTR-11205,PRP-2794,stainless_appliances,Yes
FTR-11206,PRP-2794,solar_panels,yes
FTR-11207,PRP-2795,open_floor_plan,no
FTR-11208,PRP-2795,walk_in_closet,no
FTR-11209,PRP-2795,vaulted_ceilings,no
FTR-11210,PRP-2795,master_suite,0
FTR-11211,PRP-2796,stainless_appliances,YES
FTR-11212,PRP-2796,smart_home,1
FTR-11213,PRP-2796,central_ac,YES
FTR-11214,PRP-2796,hardwood_floors,Yes
FTR-11215,PRP-2796,vaulted_ceilings,1
FTR-11216,PRP-2797,updated_kitchen,no
FTR-11217,PRP-2797,new_roof,yes
FTR-11218,PRP-2798,open_floor_plan,no
FTR-11219,PRP-2798,granite_counters,0
FTR-11220,PRP-2798,fresh_paint,0
FTR-11221,PRP-2798,master_suite,1
FTR-11222,PRP-2798,walk_in_closet,0
FTR-11223,PRP-2799,master_suite,1
FTR-11224,PRP-2799,central_ac,1
FTR-11225,PRP-2799,granite_counters,1
FTR-11226,PRP-2799,walk_in_closet,no
FTR-11227,PRP-2799,new_roof,Yes
FTR-11228,PRP-2800,hardwood_floors,0
FTR-11229,PRP-2800,stainless_appliances,no
FTR-11230,PRP-2800,fireplace,YES
FTR-11231,PRP-2800,master_suite,0
FTR-11232,PRP-2801,vaulted_ceilings,YES
FTR-11233,PRP-2801,solar_panels,Yes
FTR-11234,PRP-2802,master_suite,no
FTR-11235,PRP-2802,walk_in_closet,YES
FTR-11236,PRP-2803,updated_kitchen,YES
FTR-11237,PRP-2803,fireplace,yes
FTR-11238,PRP-2803,solar_panels,no
FTR-11239,PRP-2804,fresh_paint,yes
FTR-11240,PRP-2804,master_suite,0
FTR-11241,PRP-2805,walk_in_closet,Yes
FTR-11242,PRP-2805,granite_counters,Yes
FTR-11243,PRP-2805,updated_kitchen,YES
FTR-11244,PRP-2806,open_floor_plan,YES
FTR-11245,PRP-2806,fireplace,yes
FTR-11246,PRP-2806,master_suite,1
FTR-11247,PRP-2806,solar_panels,1
FTR-11248,PRP-2806,new_roof,yes
FTR-11249,PRP-2806,smart_home,1
FTR-11250,PRP-2807,granite_counters,Yes
FTR-11251,PRP-2807,vaulted_ceilings,Yes
FTR-11252,PRP-2807,hardwood_floors,yes
FTR-11253,PRP-2807,open_floor_plan,YES
FTR-11254,PRP-2808,fireplace,0
FTR-11255,PRP-2808,open_floor_plan,0
FTR-11256,PRP-2809,walk_in_closet,YES
FTR-11257,PRP-2809,hardwood_floors,no
FTR-11258,PRP-2810,granite_counters,Yes
FTR-11259,PRP-2810,smart_home,Yes
FTR-11260,PRP-2810,fireplace,1
FTR-11261,PRP-2810,hardwood_floors,Yes
FTR-11262,PRP-2810,fresh_paint,0
FTR-11263,PRP-2810,vaulted_ceilings,1
FTR-11264,PRP-2811,stainless_appliances,YES
FTR-11265,PRP-2811,hardwood_floors,YES
FTR-11266,PRP-2811,vaulted_ceilings,Yes
FTR-11267,PRP-2812,master_suite,1
FTR-11268,PRP-2812,fresh_paint,1
FTR-11269,PRP-2812,granite_counters,no
FTR-11270,PRP-2812,hardwood_floors,Yes
FTR-11271,PRP-2813,walk_in_closet,YES
FTR-11272,PRP-2813,stainless_appliances,Yes
FTR-11273,PRP-2813,open_floor_plan,YES
FTR-11274,PRP-2813,central_ac,yes
FTR-11275,PRP-2813,master_suite,1
FTR-11276,PRP-2813,granite_counters,0
FTR-11277,PRP-2814,stainless_appliances,0
FTR-11278,PRP-2814,granite_counters,Yes
FTR-11279,PRP-2814,vaulted_ceilings,YES
FTR-11280,PRP-2814,solar_panels,yes
FTR-11281,PRP-2814,open_floor_plan,YES
FTR-11282,PRP-2814,new_roof,no
FTR-11283,PRP-2815,hardwood_floors,yes
FTR-11284,PRP-2815,updated_kitchen,yes
FTR-11285,PRP-2816,vaulted_ceilings,no
FTR-11286,PRP-2816,open_floor_plan,no
FTR-11287,PRP-2817,vaulted_ceilings,Yes
FTR-11288,PRP-2817,new_roof,yes
FTR-11289,PRP-2817,smart_home,Yes
FTR-11290,PRP-2817,central_ac,Yes
FTR-11291,PRP-2817,hardwood_floors,YES
FTR-11292,PRP-2817,updated_kitchen,1
FTR-11293,PRP-2818,updated_kitchen,0
FTR-11294,PRP-2818,fresh_paint,no
FTR-11295,PRP-2818,fireplace,yes
FTR-11296,PRP-2818,master_suite,0
FTR-11297,PRP-2819,new_roof,yes
FTR-11298,PRP-2819,central_ac,yes
FTR-11299,PRP-2819,smart_home,0
FTR-11300,PRP-2820,fireplace,yes
FTR-11301,PRP-2820,smart_home,Yes
FTR-11302,PRP-2820,open_floor_plan,yes
FTR-11303,PRP-2820,central_ac,1
FTR-11304,PRP-2821,hardwood_floors,1
FTR-11305,PRP-2821,central_ac,YES
FTR-11306,PRP-2821,fireplace,1
FTR-11307,PRP-2821,fresh_paint,0
FTR-11308,PRP-2822,vaulted_ceilings,1
FTR-11309,PRP-2822,central_ac,no
FTR-11310,PRP-2823,master_suite,1
FTR-11311,PRP-2823,fireplace,0
FTR-11312,PRP-2823,new_roof,0
FTR-11313,PRP-2823,vaulted_ceilings,0
FTR-11314,PRP-2823,updated_kitchen,yes
FTR-11315,PRP-2824,fireplace,0
FTR-11316,PRP-2824,new_roof,no
FTR-11317,PRP-2824,central_ac,no
FTR-11318,PRP-2825,hardwood_floors,1
FTR-11319,PRP-2825,central_ac,yes
FTR-11320,PRP-2826,master_suite,YES
FTR-11321,PRP-2826,fireplace,0
FTR-11322,PRP-2826,new_roof,yes
FTR-11323,PRP-2826,hardwood_floors,yes
FTR-11324,PRP-2827,master_suite,YES
FTR-11325,PRP-2827,new_roof,no
FTR-11326,PRP-2827,solar_panels,no
FTR-11327,PRP-2827,stainless_appliances,yes
FTR-11328,PRP-2828,fireplace,1
FTR-11329,PRP-2828,new_roof,YES
FTR-11330,PRP-2829,open_floor_plan,yes
FTR-11331,PRP-2829,central_ac,0
FTR-11332,PRP-2829,solar_panels,0
FTR-11333,PRP-2829,master_suite,1
FTR-11334,PRP-2829,fresh_paint,0
FTR-11335,PRP-2829,hardwood_floors,YES
FTR-11336,PRP-2830,fireplace,1
FTR-11337,PRP-2830,central_ac,yes
FTR-11338,PRP-2830,walk_in_closet,YES
FTR-11339,PRP-2830,stainless_appliances,Yes
FTR-11340,PRP-2831,stainless_appliances,no
FTR-11341,PRP-2831,hardwood_floors,1
FTR-11342,PRP-2831,granite_counters,YES
FTR-11343,PRP-2831,master_suite,1
FTR-11344,PRP-2832,solar_panels,1
FTR-11345,PRP-2832,vaulted_ceilings,0
FTR-11346,PRP-2832,walk_in_closet,no
FTR-11347,PRP-2832,central_ac,Yes
FTR-11348,PRP-2832,smart_home,yes
FTR-11349,PRP-2832,updated_kitchen,no
FTR-11350,PRP-2833,granite_counters,Yes
FTR-11351,PRP-2833,updated_kitchen,Yes
FTR-11352,PRP-2833,smart_home,Yes
FTR-11353,PRP-2833,vaulted_ceilings,YES
FTR-11354,PRP-2833,master_suite,1
FTR-11355,PRP-2833,hardwood_floors,yes
FTR-11356,PRP-2834,fresh_paint,1
FTR-11357,PRP-2834,open_floor_plan,0
FTR-11358,PRP-2834,walk_in_closet,Yes
FTR-11359,PRP-2835,granite_counters,1
FTR-11360,PRP-2835,open_floor_plan,1
FTR-11361,PRP-2836,hardwood_floors,1
FTR-11362,PRP-2836,walk_in_closet,YES
FTR-11363,PRP-2836,updated_kitchen,no
FTR-11364,PRP-2836,solar_panels,no
FTR-11365,PRP-2836,new_roof,YES
FTR-11366,PRP-2836,stainless_appliances,yes
FTR-11367,PRP-2837,solar_panels,YES
FTR-11368,PRP-2837,walk_in_closet,0
FTR-11369,PRP-2838,open_floor_plan,no
FTR-11370,PRP-2838,central_ac,0
FTR-11371,PRP-2838,smart_home,Yes
FTR-11372,PRP-2838,walk_in_closet,yes
FTR-11373,PRP-2838,granite_counters,YES
FTR-11374,PRP-2839,new_roof,no
FTR-11375,PRP-2839,solar_panels,yes
FTR-11376,PRP-2839,master_suite,0
FTR-11377,PRP-2839,updated_kitchen,yes
FTR-11378,PRP-2839,vaulted_ceilings,Yes
FTR-11379,PRP-2839,open_floor_plan,0
FTR-11380,PRP-2840,smart_home,no
FTR-11381,PRP-2840,stainless_appliances,Yes
FTR-11382,PRP-2841,hardwood_floors,Yes
FTR-11383,PRP-2841,fresh_paint,Yes
FTR-11384,PRP-2841,new_roof,no
FTR-11385,PRP-2841,fireplace,no
FTR-11386,PRP-2842,granite_counters,yes
FTR-11387,PRP-2842,fireplace,no
FTR-11388,PRP-2842,solar_panels,1
FTR-11389,PRP-2842,central_ac,yes
FTR-11390,PRP-2843,fireplace,Yes
FTR-11391,PRP-2843,central_ac,0
FTR-11392,PRP-2844,vaulted_ceilings,no
FTR-11393,PRP-2844,stainless_appliances,yes
FTR-11394,PRP-2845,fresh_paint,yes
FTR-11395,PRP-2845,vaulted_ceilings,YES
FTR-11396,PRP-2845,smart_home,YES
FTR-11397,PRP-2845,stainless_appliances,no
FTR-11398,PRP-2845,master_suite,YES
FTR-11399,PRP-2845,fireplace,no
FTR-11400,PRP-2846,central_ac,no
FTR-11401,PRP-2846,master_suite,0
FTR-11402,PRP-2846,smart_home,Yes
FTR-11403,PRP-2847,granite_counters,1
FTR-11404,PRP-2847,stainless_appliances,no
FTR-11405,PRP-2847,solar_panels,no
FTR-11406,PRP-2847,walk_in_closet,yes
FTR-11407,PRP-2847,updated_kitchen,yes
FTR-11408,PRP-2848,stainless_appliances,1
FTR-11409,PRP-2848,hardwood_floors,no
FTR-11410,PRP-2848,open_floor_plan,yes
FTR-11411,PRP-2849,solar_panels,0
FTR-11412,PRP-2849,granite_counters,YES
FTR-11413,PRP-2849,hardwood_floors,YES
FTR-11414,PRP-2849,new_roof,1
FTR-11415,PRP-2850,solar_panels,no
FTR-11416,PRP-2850,granite_counters,YES
FTR-11417,PRP-2850,new_roof,yes
FTR-11418,PRP-2851,smart_home,YES
FTR-11419,PRP-2851,granite_counters,yes
FTR-11420,PRP-2851,vaulted_ceilings,YES
FTR-11421,PRP-2852,solar_panels,YES
FTR-11422,PRP-2852,walk_in_closet,YES
FTR-11423,PRP-2853,master_suite,0
FTR-11424,PRP-2853,central_ac,0
FTR-11425,PRP-2853,stainless_appliances,YES
FTR-11426,PRP-2854,new_roof,1
FTR-11427,PRP-2854,solar_panels,yes
FTR-11428,PRP-2854,fresh_paint,1
FTR-11429,PRP-2854,granite_counters,0
FTR-11430,PRP-2855,walk_in_closet,Yes
FTR-11431,PRP-2855,open_floor_plan,1
FTR-11432,PRP-2856,open_floor_plan,yes
FTR-11433,PRP-2856,vaulted_ceilings,no
FTR-11434,PRP-2856,hardwood_floors,yes
FTR-11435,PRP-2856,new_roof,yes
FTR-11436,PRP-2857,stainless_appliances,YES
FTR-11437,PRP-2857,central_ac,Yes
FTR-11438,PRP-2857,fresh_paint,yes
FTR-11439,PRP-2857,open_floor_plan,1
FTR-11440,PRP-2857,updated_kitchen,YES
FTR-11441,PRP-2857,granite_counters,Yes
FTR-11442,PRP-2858,vaulted_ceilings,yes
FTR-11443,PRP-2858,fireplace,yes
FTR-11444,PRP-2858,updated_kitchen,yes
FTR-11445,PRP-2858,master_suite,no
FTR-11446,PRP-2859,hardwood_floors,1
FTR-11447,PRP-2859,smart_home,Yes
FTR-11448,PRP-2859,master_suite,Yes
FTR-11449,PRP-2859,solar_panels,0
FTR-11450,PRP-2860,smart_home,yes
FTR-11451,PRP-2860,new_roof,1
FTR-11452,PRP-2860,master_suite,YES
FTR-11453,PRP-2860,open_floor_plan,1
FTR-11454,PRP-2860,central_ac,1
FTR-11455,PRP-2860,updated_kitchen,YES
FTR-11456,PRP-2861,vaulted_ceilings,YES
FTR-11457,PRP-2861,walk_in_closet,1
FTR-11458,PRP-2861,updated_kitchen,no
FTR-11459,PRP-2861,fresh_paint,no
FTR-11460,PRP-2861,smart_home,YES
FTR-11461,PRP-2861,open_floor_plan,yes
FTR-11462,PRP-2862,new_roof,0
FTR-11463,PRP-2862,open_floor_plan,YES
FTR-11464,PRP-2863,vaulted_ceilings,no
FTR-11465,PRP-2863,fresh_paint,0
FTR-11466,PRP-2863,central_ac,1
FTR-11467,PRP-2863,fireplace,Yes
FTR-11468,PRP-2864,new_roof,yes
FTR-11469,PRP-2864,stainless_appliances,yes
FTR-11470,PRP-2864,fresh_paint,Yes
FTR-11471,PRP-2865,updated_kitchen,no
FTR-11472,PRP-2865,hardwood_floors,YES
FTR-11473,PRP-2866,fresh_paint,1
FTR-11474,PRP-2866,fireplace,1
FTR-11475,PRP-2866,open_floor_plan,1
FTR-11476,PRP-2866,master_suite,1
FTR-11477,PRP-2867,smart_home,no
FTR-11478,PRP-2867,new_roof,1
FTR-11479,PRP-2867,walk_in_closet,YES
FTR-11480,PRP-2867,fireplace,Yes
FTR-11481,PRP-2868,master_suite,Yes
FTR-11482,PRP-2868,updated_kitchen,no
FTR-11483,PRP-2869,fresh_paint,0
FTR-11484,PRP-2869,fireplace,0
FTR-11485,PRP-2869,vaulted_ceilings,yes
FTR-11486,PRP-2869,open_floor_plan,yes
FTR-11487,PRP-2869,granite_counters,no
FTR-11488,PRP-2869,stainless_appliances,1
FTR-11489,PRP-2870,open_floor_plan,Yes
FTR-11490,PRP-2870,walk_in_closet,Yes
FTR-11491,PRP-2870,central_ac,no
FTR-11492,PRP-2870,stainless_appliances,no
FTR-11493,PRP-2870,new_roof,0
FTR-11494,PRP-2870,updated_kitchen,YES
FTR-11495,PRP-2871,new_roof,Yes
FTR-11496,PRP-2871,vaulted_ceilings,no
FTR-11497,PRP-2872,new_roof,YES
FTR-11498,PRP-2872,open_floor_plan,yes
FTR-11499,PRP-2872,smart_home,Yes
FTR-11500,PRP-2872,solar_panels,no
FTR-11501,PRP-2872,walk_in_closet,yes
FTR-11502,PRP-2873,new_roof,1
FTR-11503,PRP-2873,open_floor_plan,Yes
FTR-11504,PRP-2873,updated_kitchen,Yes
FTR-11505,PRP-2874,granite_counters,1
FTR-11506,PRP-2874,master_suite,yes
FTR-11507,PRP-2874,solar_panels,Yes
FTR-11508,PRP-2874,vaulted_ceilings,YES
FTR-11509,PRP-2875,stainless_appliances,0
FTR-11510,PRP-2875,new_roof,yes
FTR-11511,PRP-2875,vaulted_ceilings,1
FTR-11512,PRP-2875,granite_counters,yes
FTR-11513,PRP-2875,fireplace,0
FTR-11514,PRP-2875,hardwood_floors,0
FTR-11515,PRP-2876,hardwood_floors,no
FTR-11516,PRP-2876,fresh_paint,YES
FTR-11517,PRP-2877,updated_kitchen,yes
FTR-11518,PRP-2877,fresh_paint,yes
FTR-11519,PRP-2877,hardwood_floors,Yes
FTR-11520,PRP-2877,solar_panels,yes
FTR-11521,PRP-2877,central_ac,no
FTR-11522,PRP-2878,new_roof,1
FTR-11523,PRP-2878,updated_kitchen,0
FTR-11524,PRP-2878,solar_panels,YES
FTR-11525,PRP-2878,open_floor_plan,Yes
FTR-11526,PRP-2879,fresh_paint,no
FTR-11527,PRP-2879,smart_home,no
FTR-11528,PRP-2879,walk_in_closet,YES
FTR-11529,PRP-2879,open_floor_plan,Yes
FTR-11530,PRP-2879,fireplace,Yes
FTR-11531,PRP-2880,vaulted_ceilings,Yes
FTR-11532,PRP-2880,stainless_appliances,no
FTR-11533,PRP-2880,open_floor_plan,YES
FTR-11534,PRP-2880,hardwood_floors,Yes
FTR-11535,PRP-2880,master_suite,1
FTR-11536,PRP-2880,updated_kitchen,no
FTR-11537,PRP-2881,new_roof,Yes
FTR-11538,PRP-2881,stainless_appliances,no
FTR-11539,PRP-2882,hardwood_floors,0
FTR-11540,PRP-2882,smart_home,no
FTR-11541,PRP-2882,new_roof,0
FTR-11542,PRP-2882,updated_kitchen,YES
FTR-11543,PRP-2882,vaulted_ceilings,no
FTR-11544,PRP-2882,walk_in_closet,Yes
FTR-11545,PRP-2883,smart_home,yes
FTR-11546,PRP-2883,open_floor_plan,no
FTR-11547,PRP-2883,granite_counters,no
FTR-11548,PRP-2883,solar_panels,Yes
FTR-11549,PRP-2883,vaulted_ceilings,0
FTR-11550,PRP-2884,master_suite,0
FTR-11551,PRP-2884,smart_home,YES
FTR-11552,PRP-2884,updated_kitchen,Yes
FTR-11553,PRP-2884,central_ac,Yes
FTR-11554,PRP-2884,hardwood_floors,no
FTR-11555,PRP-2884,new_roof,0
FTR-11556,PRP-2885,solar_panels,Yes
FTR-11557,PRP-2885,master_suite,Yes
FTR-11558,PRP-2886,hardwood_floors,yes
FTR-11559,PRP-2886,new_roof,yes
FTR-11560,PRP-2886,updated_kitchen,0
FTR-11561,PRP-2886,central_ac,no
FTR-11562,PRP-2887,smart_home,yes
FTR-11563,PRP-2887,new_roof,0
FTR-11564,PRP-2887,walk_in_closet,no
FTR-11565,PRP-2887,open_floor_plan,1
FTR-11566,PRP-2887,central_ac,no
FTR-11567,PRP-2888,central_ac,Yes
FTR-11568,PRP-2888,updated_kitchen,no
FTR-11569,PRP-2889,vaulted_ceilings,yes
FTR-11570,PRP-2889,fresh_paint,yes
FTR-11571,PRP-2889,walk_in_closet,YES
FTR-11572,PRP-2889,solar_panels,YES
FTR-11573,PRP-2890,open_floor_plan,YES
FTR-11574,PRP-2890,central_ac,yes
FTR-11575,PRP-2890,smart_home,1
FTR-11576,PRP-2890,stainless_appliances,yes
FTR-11577,PRP-2891,fireplace,no
FTR-11578,PRP-2891,master_suite,1
FTR-11579,PRP-2892,smart_home,0
FTR-11580,PRP-2892,walk_in_closet,no
FTR-11581,PRP-2892,granite_counters,YES
FTR-11582,PRP-2892,stainless_appliances,YES
FTR-11583,PRP-2893,updated_kitchen,yes
FTR-11584,PRP-2893,central_ac,Yes
FTR-11585,PRP-2893,master_suite,yes
FTR-11586,PRP-2894,smart_home,Yes
FTR-11587,PRP-2894,new_roof,0
FTR-11588,PRP-2894,master_suite,YES
FTR-11589,PRP-2894,walk_in_closet,yes
FTR-11590,PRP-2894,central_ac,Yes
FTR-11591,PRP-2895,new_roof,1
FTR-11592,PRP-2895,central_ac,no
FTR-11593,PRP-2895,open_floor_plan,Yes
FTR-11594,PRP-2895,hardwood_floors,yes
FTR-11595,PRP-2895,vaulted_ceilings,YES
FTR-11596,PRP-2895,fireplace,Yes
FTR-11597,PRP-2896,stainless_appliances,1
FTR-11598,PRP-2896,fireplace,no
FTR-11599,PRP-2897,solar_panels,no
FTR-11600,PRP-2897,new_roof,no
FTR-11601,PRP-2898,new_roof,Yes
FTR-11602,PRP-2898,smart_home,yes
FTR-11603,PRP-2898,open_floor_plan,no
FTR-11604,PRP-2899,fresh_paint,Yes
FTR-11605,PRP-2899,updated_kitchen,Yes
FTR-11606,PRP-2899,walk_in_closet,YES
FTR-11607,PRP-2899,open_floor_plan,YES
FTR-11608,PRP-2899,granite_counters,Yes
FTR-11609,PRP-2899,solar_panels,yes
FTR-11610,PRP-2900,master_suite,0
FTR-11611,PRP-2900,central_ac,0
FTR-11612,PRP-2900,updated_kitchen,no
FTR-11613,PRP-2900,solar_panels,Yes
FTR-11614,PRP-2901,master_suite,no
FTR-11615,PRP-2901,updated_kitchen,no
FTR-11616,PRP-2901,walk_in_closet,yes
FTR-11617,PRP-2901,solar_panels,0
FTR-11618,PRP-2901,hardwood_floors,YES
FTR-11619,PRP-2901,central_ac,Yes
FTR-11620,PRP-2902,master_suite,0
FTR-11621,PRP-2902,hardwood_floors,yes
FTR-11622,PRP-2903,solar_panels,Yes
FTR-11623,PRP-2903,hardwood_floors,YES
FTR-11624,PRP-2903,smart_home,1
FTR-11625,PRP-2904,new_roof,no
FTR-11626,PRP-2904,vaulted_ceilings,yes
FTR-11627,PRP-2904,master_suite,Yes
FTR-11628,PRP-2905,new_roof,YES
FTR-11629,PRP-2905,central_ac,1
FTR-11630,PRP-2906,vaulted_ceilings,YES
FTR-11631,PRP-2906,stainless_appliances,no
FTR-11632,PRP-2906,fireplace,yes
FTR-11633,PRP-2906,updated_kitchen,no
FTR-11634,PRP-2907,walk_in_closet,no
FTR-11635,PRP-2907,vaulted_ceilings,YES
FTR-11636,PRP-2907,updated_kitchen,no
FTR-11637,PRP-2908,granite_counters,yes
FTR-11638,PRP-2908,walk_in_closet,no
FTR-11639,PRP-2908,central_ac,1
FTR-11640,PRP-2909,master_suite,0
FTR-11641,PRP-2909,granite_counters,no
FTR-11642,PRP-2909,walk_in_closet,YES
FTR-11643,PRP-2909,hardwood_floors,yes
FTR-11644,PRP-2909,smart_home,yes
FTR-11645,PRP-2909,open_floor_plan,no
FTR-11646,PRP-2910,central_ac,1
FTR-11647,PRP-2910,updated_kitchen,no
FTR-11648,PRP-2910,smart_home,yes
FTR-11649,PRP-2911,fireplace,yes
FTR-11650,PRP-2911,hardwood_floors,Yes
FTR-11651,PRP-2912,master_suite,yes
FTR-11652,PRP-2912,updated_kitchen,Yes
FTR-11653,PRP-2913,walk_in_closet,0
FTR-11654,PRP-2913,new_roof,no
FTR-11655,PRP-2913,central_ac,no
FTR-11656,PRP-2913,fireplace,0
FTR-11657,PRP-2914,updated_kitchen,0
FTR-11658,PRP-2914,stainless_appliances,0
FTR-11659,PRP-2914,fireplace,yes
FTR-11660,PRP-2915,granite_counters,yes
FTR-11661,PRP-2915,central_ac,1
FTR-11662,PRP-2915,updated_kitchen,Yes
FTR-11663,PRP-2915,vaulted_ceilings,Yes
FTR-11664,PRP-2915,hardwood_floors,yes
FTR-11665,PRP-2915,solar_panels,no
FTR-11666,PRP-2916,master_suite,0
FTR-11667,PRP-2916,solar_panels,YES
FTR-11668,PRP-2916,stainless_appliances,0
FTR-11669,PRP-2916,smart_home,Yes
FTR-11670,PRP-2917,new_roof,YES
FTR-11671,PRP-2917,granite_counters,Yes
FTR-11672,PRP-2917,walk_in_closet,yes
FTR-11673,PRP-2917,fresh_paint,yes
FTR-11674,PRP-2917,updated_kitchen,no
FTR-11675,PRP-2918,granite_counters,0
FTR-11676,PRP-2918,fresh_paint,0
FTR-11677,PRP-2919,new_roof,Yes
FTR-11678,PRP-2919,updated_kitchen,0
FTR-11679,PRP-2920,smart_home,Yes
FTR-11680,PRP-2920,fresh_paint,1
FTR-11681,PRP-2920,stainless_appliances,Yes
FTR-11682,PRP-2920,open_floor_plan,YES
FTR-11683,PRP-2920,central_ac,0
FTR-11684,PRP-2920,granite_counters,YES
FTR-11685,PRP-2921,fireplace,no
FTR-11686,PRP-2921,open_floor_plan,YES
FTR-11687,PRP-2921,updated_kitchen,no
FTR-11688,PRP-2921,walk_in_closet,Yes
FTR-11689,PRP-2921,master_suite,yes
FTR-11690,PRP-2921,hardwood_floors,1
FTR-11691,PRP-2922,fireplace,YES
FTR-11692,PRP-2922,fresh_paint,yes
FTR-11693,PRP-2922,stainless_appliances,0
FTR-11694,PRP-2922,updated_kitchen,Yes
FTR-11695,PRP-2922,hardwood_floors,no
FTR-11696,PRP-2922,open_floor_plan,yes
FTR-11697,PRP-2923,hardwood_floors,no
FTR-11698,PRP-2923,solar_panels,no
FTR-11699,PRP-2924,walk_in_closet,1
FTR-11700,PRP-2924,hardwood_floors,yes
FTR-11701,PRP-2924,stainless_appliances,no
FTR-11702,PRP-2924,vaulted_ceilings,1
FTR-11703,PRP-2925,central_ac,Yes
FTR-11704,PRP-2925,fresh_paint,yes
FTR-11705,PRP-2925,updated_kitchen,Yes
FTR-11706,PRP-2925,solar_panels,1
FTR-11707,PRP-2925,master_suite,no
FTR-11708,PRP-2925,smart_home,yes
FTR-11709,PRP-2926,solar_panels,yes
FTR-11710,PRP-2926,walk_in_closet,0
FTR-11711,PRP-2926,fireplace,0
FTR-11712,PRP-2926,granite_counters,no
FTR-11713,PRP-2926,fresh_paint,Yes
FTR-11714,PRP-2926,central_ac,Yes
FTR-11715,PRP-2927,updated_kitchen,1
FTR-11716,PRP-2927,vaulted_ceilings,Yes
FTR-11717,PRP-2927,solar_panels,Yes
FTR-11718,PRP-2927,stainless_appliances,Yes
FTR-11719,PRP-2928,stainless_appliances,Yes
FTR-11720,PRP-2928,new_roof,1
FTR-11721,PRP-2928,fireplace,1
FTR-11722,PRP-2928,vaulted_ceilings,no
FTR-11723,PRP-2928,central_ac,0
FTR-11724,PRP-2928,granite_counters,1
FTR-11725,PRP-2929,granite_counters,yes
FTR-11726,PRP-2929,open_floor_plan,no
FTR-11727,PRP-2929,vaulted_ceilings,yes
FTR-11728,PRP-2929,solar_panels,YES
FTR-11729,PRP-2929,walk_in_closet,YES
FTR-11730,PRP-2930,fresh_paint,no
FTR-11731,PRP-2930,open_floor_plan,yes
FTR-11732,PRP-2931,master_suite,1
FTR-11733,PRP-2931,vaulted_ceilings,Yes
FTR-11734,PRP-2931,walk_in_closet,yes
FTR-11735,PRP-2931,new_roof,YES
FTR-11736,PRP-2932,walk_in_closet,1
FTR-11737,PRP-2932,granite_counters,yes
FTR-11738,PRP-2932,stainless_appliances,0
FTR-11739,PRP-2932,vaulted_ceilings,Yes
FTR-11740,PRP-2933,walk_in_closet,yes
FTR-11741,PRP-2933,master_suite,no
FTR-11742,PRP-2933,stainless_appliances,Yes
FTR-11743,PRP-2933,fresh_paint,yes
FTR-11744,PRP-2934,hardwood_floors,no
FTR-11745,PRP-2934,granite_counters,Yes
FTR-11746,PRP-2934,open_floor_plan,1
FTR-11747,PRP-2934,new_roof,1
FTR-11748,PRP-2935,fireplace,0
FTR-11749,PRP-2935,stainless_appliances,YES
FTR-11750,PRP-2935,open_floor_plan,1
FTR-11751,PRP-2935,master_suite,0
FTR-11752,PRP-2935,walk_in_closet,YES
FTR-11753,PRP-2936,fresh_paint,Yes
FTR-11754,PRP-2936,vaulted_ceilings,yes
FTR-11755,PRP-2936,granite_counters,Yes
FTR-11756,PRP-2936,new_roof,YES
FTR-11757,PRP-2936,hardwood_floors,1
FTR-11758,PRP-2936,walk_in_closet,1
FTR-11759,PRP-2937,new_roof,1
FTR-11760,PRP-2937,updated_kitchen,no
FTR-11761,PRP-2937,smart_home,1
FTR-11762,PRP-2937,stainless_appliances,no
FTR-11763,PRP-2938,walk_in_closet,no
FTR-11764,PRP-2938,new_roof,YES
FTR-11765,PRP-2938,updated_kitchen,Yes
FTR-11766,PRP-2938,solar_panels,yes
FTR-11767,PRP-2938,central_ac,0
FTR-11768,PRP-2938,hardwood_floors,YES
FTR-11769,PRP-2939,new_roof,yes
FTR-11770,PRP-2939,stainless_appliances,1
FTR-11771,PRP-2939,central_ac,1
FTR-11772,PRP-2939,smart_home,0
FTR-11773,PRP-2939,vaulted_ceilings,yes
FTR-11774,PRP-2940,smart_home,yes
FTR-11775,PRP-2940,granite_counters,YES
FTR-11776,PRP-2941,stainless_appliances,0
FTR-11777,PRP-2941,new_roof,YES
FTR-11778,PRP-2941,fireplace,1
FTR-11779,PRP-2941,open_floor_plan,1
FTR-11780,PRP-2941,updated_kitchen,no
FTR-11781,PRP-2942,hardwood_floors,0
FTR-11782,PRP-2942,granite_counters,yes
FTR-11783,PRP-2943,granite_counters,0
FTR-11784,PRP-2943,smart_home,0
FTR-11785,PRP-2943,master_suite,YES
FTR-11786,PRP-2943,hardwood_floors,1
FTR-11787,PRP-2943,open_floor_plan,Yes
FTR-11788,PRP-2943,updated_kitchen,yes
FTR-11789,PRP-2944,master_suite,no
FTR-11790,PRP-2944,smart_home,YES
FTR-11791,PRP-2944,solar_panels,no
FTR-11792,PRP-2945,smart_home,0
FTR-11793,PRP-2945,stainless_appliances,Yes
FTR-11794,PRP-2945,new_roof,Yes
FTR-11795,PRP-2945,vaulted_ceilings,YES
FTR-11796,PRP-2946,new_roof,1
FTR-11797,PRP-2946,updated_kitchen,Yes
FTR-11798,PRP-2946,fresh_paint,Yes
FTR-11799,PRP-2946,smart_home,1
FTR-11800,PRP-2947,vaulted_ceilings,1
FTR-11801,PRP-2947,new_roof,yes
FTR-11802,PRP-2947,central_ac,yes
FTR-11803,PRP-2947,solar_panels,1
FTR-11804,PRP-2947,hardwood_floors,yes
FTR-11805,PRP-2947,master_suite,Yes
FTR-11806,PRP-2948,walk_in_closet,Yes
FTR-11807,PRP-2948,master_suite,yes
FTR-11808,PRP-2948,fireplace,1
FTR-11809,PRP-2948,updated_kitchen,1
FTR-11810,PRP-2948,fresh_paint,0
FTR-11811,PRP-2949,fireplace,0
FTR-11812,PRP-2949,new_roof,Yes
FTR-11813,PRP-2949,master_suite,0
FTR-11814,PRP-2949,walk_in_closet,no
FTR-11815,PRP-2949,open_floor_plan,YES
FTR-11816,PRP-2950,granite_counters,yes
FTR-11817,PRP-2950,hardwood_floors,YES
FTR-11818,PRP-2950,central_ac,YES
FTR-11819,PRP-2950,fresh_paint,yes
FTR-11820,PRP-2950,open_floor_plan,yes
FTR-11821,PRP-2951,granite_counters,0
FTR-11822,PRP-2951,fresh_paint,YES
FTR-11823,PRP-2951,stainless_appliances,YES
FTR-11824,PRP-2951,updated_kitchen,Yes
FTR-11825,PRP-2951,master_suite,1
FTR-11826,PRP-2951,smart_home,1
FTR-11827,PRP-2952,stainless_appliances,0
FTR-11828,PRP-2952,updated_kitchen,1
FTR-11829,PRP-2953,granite_counters,YES
FTR-11830,PRP-2953,smart_home,1
FTR-11831,PRP-2953,central_ac,YES
FTR-11832,PRP-2953,stainless_appliances,YES
FTR-11833,PRP-2953,fresh_paint,YES
FTR-11834,PRP-2954,open_floor_plan,yes
FTR-11835,PRP-2954,master_suite,Yes
FTR-11836,PRP-2954,granite_counters,YES
FTR-11837,PRP-2954,new_roof,yes
FTR-11838,PRP-2954,stainless_appliances,yes
FTR-11839,PRP-2954,updated_kitchen,1
FTR-11840,PRP-2955,updated_kitchen,Yes
FTR-11841,PRP-2955,master_suite,YES
FTR-11842,PRP-2955,solar_panels,no
FTR-11843,PRP-2956,hardwood_floors,0
FTR-11844,PRP-2956,new_roof,YES
FTR-11845,PRP-2956,vaulted_ceilings,Yes
FTR-11846,PRP-2956,master_suite,0
FTR-11847,PRP-2956,open_floor_plan,yes
FTR-11848,PRP-2957,solar_panels,Yes
FTR-11849,PRP-2957,new_roof,YES
FTR-11850,PRP-2957,fresh_paint,Yes
FTR-11851,PRP-2957,hardwood_floors,no
FTR-11852,PRP-2957,vaulted_ceilings,1
FTR-11853,PRP-2957,granite_counters,0
FTR-11854,PRP-2958,granite_counters,no
FTR-11855,PRP-2958,vaulted_ceilings,yes
FTR-11856,PRP-2958,smart_home,no
FTR-11857,PRP-2959,hardwood_floors,1
FTR-11858,PRP-2959,smart_home,0
FTR-11859,PRP-2959,granite_counters,yes
FTR-11860,PRP-2960,central_ac,0
FTR-11861,PRP-2960,vaulted_ceilings,yes
FTR-11862,PRP-2960,master_suite,no
FTR-11863,PRP-2960,fireplace,1
FTR-11864,PRP-2960,solar_panels,yes
FTR-11865,PRP-2961,new_roof,no
FTR-11866,PRP-2961,walk_in_closet,1
FTR-11867,PRP-2961,fireplace,0
FTR-11868,PRP-2961,granite_counters,0
FTR-11869,PRP-2961,vaulted_ceilings,0
FTR-11870,PRP-2962,hardwood_floors,no
FTR-11871,PRP-2962,new_roof,YES
FTR-11872,PRP-2962,open_floor_plan,YES
FTR-11873,PRP-2962,master_suite,Yes
FTR-11874,PRP-2962,vaulted_ceilings,1
FTR-11875,PRP-2962,fireplace,yes
FTR-11876,PRP-2963,master_suite,YES
FTR-11877,PRP-2963,fresh_paint,1
FTR-11878,PRP-2963,walk_in_closet,yes
FTR-11879,PRP-2963,open_floor_plan,Yes
FTR-11880,PRP-2963,vaulted_ceilings,1
FTR-11881,PRP-2964,central_ac,no
FTR-11882,PRP-2964,fireplace,Yes
FTR-11883,PRP-2964,smart_home,1
FTR-11884,PRP-2964,open_floor_plan,YES
FTR-11885,PRP-2965,new_roof,0
FTR-11886,PRP-2965,fireplace,1
FTR-11887,PRP-2965,updated_kitchen,YES
FTR-11888,PRP-2965,hardwood_floors,0
FTR-11889,PRP-2965,master_suite,YES
FTR-11890,PRP-2966,solar_panels,yes
FTR-11891,PRP-2966,new_roof,no
FTR-11892,PRP-2967,hardwood_floors,0
FTR-11893,PRP-2967,walk_in_closet,yes
FTR-11894,PRP-2967,updated_kitchen,YES
FTR-11895,PRP-2968,smart_home,1
FTR-11896,PRP-2968,hardwood_floors,0
FTR-11897,PRP-2968,solar_panels,0
FTR-11898,PRP-2968,walk_in_closet,YES
FTR-11899,PRP-2969,master_suite,1
FTR-11900,PRP-2969,granite_counters,no
FTR-11901,PRP-2969,vaulted_ceilings,yes
FTR-11902,PRP-2969,solar_panels,no
FTR-11903,PRP-2969,hardwood_floors,0
FTR-11904,PRP-2969,smart_home,0
FTR-11905,PRP-2970,solar_panels,YES
FTR-11906,PRP-2970,fresh_paint,Yes
FTR-11907,PRP-2970,vaulted_ceilings,YES
FTR-11908,PRP-2970,central_ac,yes
FTR-11909,PRP-2971,updated_kitchen,1
FTR-11910,PRP-2971,stainless_appliances,1
FTR-11911,PRP-2972,updated_kitchen,YES
FTR-11912,PRP-2972,vaulted_ceilings,0
FTR-11913,PRP-2972,open_floor_plan,1
FTR-11914,PRP-2972,fireplace,yes
FTR-11915,PRP-2972,granite_counters,yes
FTR-11916,PRP-2972,new_roof,YES
FTR-11917,PRP-2973,granite_counters,YES
FTR-11918,PRP-2973,fresh_paint,YES
FTR-11919,PRP-2974,vaulted_ceilings,0
FTR-11920,PRP-2974,solar_panels,yes
FTR-11921,PRP-2974,hardwood_floors,1
FTR-11922,PRP-2974,stainless_appliances,1
FTR-11923,PRP-2975,master_suite,1
FTR-11924,PRP-2975,stainless_appliances,yes
FTR-11925,PRP-2975,new_roof,no
FTR-11926,PRP-2976,hardwood_floors,yes
FTR-11927,PRP-2976,fireplace,1
FTR-11928,PRP-2976,smart_home,0
FTR-11929,PRP-2976,walk_in_closet,yes
FTR-11930,PRP-2976,granite_counters,yes
FTR-11931,PRP-2976,updated_kitchen,YES
FTR-11932,PRP-2977,smart_home,no
FTR-11933,PRP-2977,updated_kitchen,yes
FTR-11934,PRP-2977,granite_counters,0
FTR-11935,PRP-2977,fresh_paint,yes
FTR-11936,PRP-2977,hardwood_floors,yes
FTR-11937,PRP-2978,fireplace,1
FTR-11938,PRP-2978,central_ac,no
FTR-11939,PRP-2978,smart_home,Yes
FTR-11940,PRP-2979,hardwood_floors,YES
FTR-11941,PRP-2979,granite_counters,0
FTR-11942,PRP-2979,new_roof,no
FTR-11943,PRP-2979,fresh_paint,yes
FTR-11944,PRP-2979,central_ac,0
FTR-11945,PRP-2980,central_ac,0
FTR-11946,PRP-2980,fireplace,1
FTR-11947,PRP-2980,granite_counters,yes
FTR-11948,PRP-2980,updated_kitchen,0
FTR-11949,PRP-2980,solar_panels,YES
FTR-11950,PRP-2980,open_floor_plan,yes
FTR-11951,PRP-2981,central_ac,Yes
FTR-11952,PRP-2981,open_floor_plan,no
FTR-11953,PRP-2982,hardwood_floors,yes
FTR-11954,PRP-2982,fresh_paint,Yes
FTR-11955,PRP-2982,fireplace,Yes
FTR-11956,PRP-2982,stainless_appliances,yes
FTR-11957,PRP-2982,smart_home,yes
FTR-11958,PRP-2982,solar_panels,Yes
FTR-11959,PRP-2983,fireplace,1
FTR-11960,PRP-2983,open_floor_plan,yes
FTR-11961,PRP-2983,stainless_appliances,1
FTR-11962,PRP-2983,walk_in_closet,0
FTR-11963,PRP-2983,master_suite,YES
FTR-11964,PRP-2983,smart_home,1
FTR-11965,PRP-2984,granite_counters,1
FTR-11966,PRP-2984,walk_in_closet,1
FTR-11967,PRP-2985,solar_panels,yes
FTR-11968,PRP-2985,hardwood_floors,1
FTR-11969,PRP-2985,granite_counters,yes
FTR-11970,PRP-2985,master_suite,1
FTR-11971,PRP-2986,open_floor_plan,no
FTR-11972,PRP-2986,granite_counters,YES
FTR-11973,PRP-2986,stainless_appliances,Yes
FTR-11974,PRP-2986,new_roof,Yes
FTR-11975,PRP-2986,walk_in_closet,Yes
FTR-11976,PRP-2986,hardwood_floors,yes
FTR-11977,PRP-2987,solar_panels,yes
FTR-11978,PRP-2987,hardwood_floors,yes
FTR-11979,PRP-2987,new_roof,Yes
FTR-11980,PRP-2987,vaulted_ceilings,Yes
FTR-11981,PRP-2988,walk_in_closet,1
FTR-11982,PRP-2988,new_roof,yes
FTR-11983,PRP-2988,granite_counters,0
FTR-11984,PRP-2988,master_suite,no
FTR-11985,PRP-2989,central_ac,YES
FTR-11986,PRP-2989,smart_home,YES
FTR-11987,PRP-2989,master_suite,Yes
FTR-11988,PRP-2989,vaulted_ceilings,YES
FTR-11989,PRP-2990,central_ac,no
FTR-11990,PRP-2990,vaulted_ceilings,YES
FTR-11991,PRP-2990,stainless_appliances,Yes
FTR-11992,PRP-2991,open_floor_plan,YES
FTR-11993,PRP-2991,vaulted_ceilings,YES
FTR-11994,PRP-2991,granite_counters,YES
FTR-11995,PRP-2991,new_roof,no
FTR-11996,PRP-2992,master_suite,no
FTR-11997,PRP-2992,smart_home,yes
FTR-11998,PRP-2993,updated_kitchen,yes
FTR-11999,PRP-2993,granite_counters,no
FTR-12000,PRP-2993,open_floor_plan,0
FTR-12001,PRP-2993,master_suite,no
FTR-12002,PRP-2994,granite_counters,no
FTR-12003,PRP-2994,central_ac,1
FTR-12004,PRP-2994,new_roof,0
FTR-12005,PRP-2995,fireplace,no
FTR-12006,PRP-2995,new_roof,0
FTR-12007,PRP-2995,master_suite,1
FTR-12008,PRP-2996,walk_in_closet,no
FTR-12009,PRP-2996,open_floor_plan,0
FTR-12010,PRP-2996,granite_counters,0
FTR-12011,PRP-2996,vaulted_ceilings,yes
FTR-12012,PRP-2997,updated_kitchen,no
FTR-12013,PRP-2997,vaulted_ceilings,yes
FTR-12014,PRP-2997,fresh_paint,1
FTR-12015,PRP-2997,central_ac,yes
FTR-12016,PRP-2997,new_roof,1
FTR-12017,PRP-2998,new_roof,no
FTR-12018,PRP-2998,updated_kitchen,1
FTR-12019,PRP-2998,fresh_paint,yes
FTR-12020,PRP-2999,solar_panels,yes
FTR-12021,PRP-2999,new_roof,no
FTR-12022,PRP-2999,master_suite,1
FTR-12023,PRP-3000,open_floor_plan,no
FTR-12024,PRP-3000,fireplace,Yes
FTR-12025,PRP-3000,master_suite,0
FTR-12026,PRP-3001,granite_counters,0
FTR-12027,PRP-3001,central_ac,1
FTR-12028,PRP-3002,vaulted_ceilings,1
FTR-12029,PRP-3002,fresh_paint,0
FTR-12030,PRP-3003,walk_in_closet,Yes
FTR-12031,PRP-3003,central_ac,Yes
FTR-12032,PRP-3003,open_floor_plan,YES
FTR-12033,PRP-3003,fresh_paint,no
FTR-12034,PRP-3003,new_roof,0
FTR-12035,PRP-3004,fireplace,0
FTR-12036,PRP-3004,hardwood_floors,1
FTR-12037,PRP-3005,granite_counters,yes
FTR-12038,PRP-3005,hardwood_floors,1
FTR-12039,PRP-3006,walk_in_closet,0
FTR-12040,PRP-3006,solar_panels,yes
FTR-12041,PRP-3006,vaulted_ceilings,Yes
FTR-12042,PRP-3006,hardwood_floors,0
FTR-12043,PRP-3006,smart_home,no
FTR-12044,PRP-3006,granite_counters,no
FTR-12045,PRP-3007,central_ac,0
FTR-12046,PRP-3007,fireplace,0
FTR-12047,PRP-3007,new_roof,yes
FTR-12048,PRP-3008,master_suite,YES
FTR-12049,PRP-3008,solar_panels,0
FTR-12050,PRP-3008,vaulted_ceilings,1
FTR-12051,PRP-3009,hardwood_floors,0
FTR-12052,PRP-3009,open_floor_plan,0
FTR-12053,PRP-3009,vaulted_ceilings,Yes
FTR-12054,PRP-3009,master_suite,Yes
FTR-12055,PRP-3009,central_ac,YES
FTR-12056,PRP-3009,stainless_appliances,yes
FTR-12057,PRP-3010,new_roof,YES
FTR-12058,PRP-3010,fireplace,no
FTR-12059,PRP-3010,central_ac,1
FTR-12060,PRP-3011,central_ac,no
FTR-12061,PRP-3011,fresh_paint,yes
FTR-12062,PRP-3012,vaulted_ceilings,yes
FTR-12063,PRP-3012,smart_home,yes
FTR-12064,PRP-3013,master_suite,yes
FTR-12065,PRP-3013,fireplace,YES
FTR-12066,PRP-3013,open_floor_plan,1
FTR-12067,PRP-3013,solar_panels,YES
FTR-12068,PRP-3014,master_suite,1
FTR-12069,PRP-3014,stainless_appliances,0
FTR-12070,PRP-3014,new_roof,YES
FTR-12071,PRP-3014,walk_in_closet,yes
FTR-12072,PRP-3014,fresh_paint,yes
FTR-12073,PRP-3014,updated_kitchen,YES
FTR-12074,PRP-3015,open_floor_plan,yes
FTR-12075,PRP-3015,master_suite,Yes
FTR-12076,PRP-3015,central_ac,YES
FTR-12077,PRP-3015,solar_panels,no
FTR-12078,PRP-3015,hardwood_floors,Yes
FTR-12079,PRP-3015,vaulted_ceilings,0
FTR-12080,PRP-3016,solar_panels,0
FTR-12081,PRP-3016,smart_home,yes
FTR-12082,PRP-3016,central_ac,1
FTR-12083,PRP-3016,master_suite,YES
FTR-12084,PRP-3017,walk_in_closet,YES
FTR-12085,PRP-3017,updated_kitchen,no
FTR-12086,PRP-3017,central_ac,1
FTR-12087,PRP-3017,vaulted_ceilings,Yes
FTR-12088,PRP-3018,fireplace,yes
FTR-12089,PRP-3018,vaulted_ceilings,1
FTR-12090,PRP-3018,granite_counters,1
FTR-12091,PRP-3019,solar_panels,no
FTR-12092,PRP-3019,open_floor_plan,yes
FTR-12093,PRP-3019,updated_kitchen,Yes
FTR-12094,PRP-3019,new_roof,0
FTR-12095,PRP-3020,smart_home,0
FTR-12096,PRP-3020,solar_panels,0
FTR-12097,PRP-3020,granite_counters,1
FTR-12098,PRP-3021,central_ac,Yes
FTR-12099,PRP-3021,granite_counters,1
FTR-12100,PRP-3021,vaulted_ceilings,0
FTR-12101,PRP-3022,fresh_paint,Yes
FTR-12102,PRP-3022,stainless_appliances,YES
FTR-12103,PRP-3022,new_roof,1
FTR-12104,PRP-3022,central_ac,no
FTR-12105,PRP-3022,granite_counters,Yes
FTR-12106,PRP-3022,smart_home,Yes
FTR-12107,PRP-3023,fresh_paint,0
FTR-12108,PRP-3023,updated_kitchen,YES
FTR-12109,PRP-3023,fireplace,Yes
FTR-12110,PRP-3024,master_suite,yes
FTR-12111,PRP-3024,stainless_appliances,0
FTR-12112,PRP-3024,updated_kitchen,0
FTR-12113,PRP-3024,open_floor_plan,YES
FTR-12114,PRP-3024,fresh_paint,0
FTR-12115,PRP-3024,fireplace,1
FTR-12116,PRP-3025,open_floor_plan,1
FTR-12117,PRP-3025,fireplace,Yes
FTR-12118,PRP-3025,new_roof,Yes
FTR-12119,PRP-3025,granite_counters,YES
FTR-12120,PRP-3025,master_suite,YES
FTR-12121,PRP-3025,fresh_paint,Yes
FTR-12122,PRP-3026,walk_in_closet,yes
FTR-12123,PRP-3026,updated_kitchen,0
FTR-12124,PRP-3026,new_roof,YES
FTR-12125,PRP-3026,central_ac,Yes
FTR-12126,PRP-3027,stainless_appliances,Yes
FTR-12127,PRP-3027,granite_counters,yes
FTR-12128,PRP-3027,solar_panels,1
FTR-12129,PRP-3028,open_floor_plan,YES
FTR-12130,PRP-3028,stainless_appliances,Yes
FTR-12131,PRP-3028,hardwood_floors,YES
FTR-12132,PRP-3029,hardwood_floors,YES
FTR-12133,PRP-3029,new_roof,YES
FTR-12134,PRP-3029,stainless_appliances,yes
FTR-12135,PRP-3029,central_ac,Yes
FTR-12136,PRP-3029,updated_kitchen,1
FTR-12137,PRP-3030,solar_panels,YES
FTR-12138,PRP-3030,new_roof,1
FTR-12139,PRP-3030,granite_counters,1
FTR-12140,PRP-3030,stainless_appliances,1
FTR-12141,PRP-3030,smart_home,1
FTR-12142,PRP-3030,fresh_paint,1
FTR-12143,PRP-3031,vaulted_ceilings,1
FTR-12144,PRP-3031,new_roof,1
FTR-12145,PRP-3032,new_roof,yes
FTR-12146,PRP-3032,vaulted_ceilings,YES
FTR-12147,PRP-3032,smart_home,0
FTR-12148,PRP-3033,fresh_paint,YES
FTR-12149,PRP-3033,new_roof,yes
FTR-12150,PRP-3033,fireplace,YES
FTR-12151,PRP-3033,central_ac,no
FTR-12152,PRP-3033,stainless_appliances,yes
FTR-12153,PRP-3034,solar_panels,yes
FTR-12154,PRP-3034,central_ac,yes
FTR-12155,PRP-3034,new_roof,no
FTR-12156,PRP-3034,fresh_paint,yes
FTR-12157,PRP-3034,granite_counters,yes
FTR-12158,PRP-3034,fireplace,Yes
FTR-12159,PRP-3035,new_roof,yes
FTR-12160,PRP-3035,vaulted_ceilings,0
FTR-12161,PRP-3035,hardwood_floors,Yes
FTR-12162,PRP-3035,walk_in_closet,1
FTR-12163,PRP-3036,stainless_appliances,yes
FTR-12164,PRP-3036,vaulted_ceilings,Yes
FTR-12165,PRP-3036,fresh_paint,yes
FTR-12166,PRP-3036,solar_panels,Yes
FTR-12167,PRP-3036,smart_home,Yes
FTR-12168,PRP-3036,open_floor_plan,1
FTR-12169,PRP-3037,new_roof,yes
FTR-12170,PRP-3037,granite_counters,0
FTR-12171,PRP-3037,walk_in_closet,YES
FTR-12172,PRP-3037,updated_kitchen,Yes
FTR-12173,PRP-3038,hardwood_floors,1
FTR-12174,PRP-3038,new_roof,0
FTR-12175,PRP-3038,walk_in_closet,Yes
FTR-12176,PRP-3038,smart_home,YES
FTR-12177,PRP-3038,vaulted_ceilings,Yes
FTR-12178,PRP-3039,central_ac,yes
FTR-12179,PRP-3039,walk_in_closet,Yes
FTR-12180,PRP-3040,walk_in_closet,yes
FTR-12181,PRP-3040,solar_panels,Yes
FTR-12182,PRP-3040,master_suite,no
FTR-12183,PRP-3040,central_ac,no
FTR-12184,PRP-3040,vaulted_ceilings,yes
FTR-12185,PRP-3041,granite_counters,0
FTR-12186,PRP-3041,open_floor_plan,1
FTR-12187,PRP-3041,stainless_appliances,1
FTR-12188,PRP-3042,open_floor_plan,0
FTR-12189,PRP-3042,central_ac,Yes
FTR-12190,PRP-3043,granite_counters,0
FTR-12191,PRP-3043,fireplace,YES
FTR-12192,PRP-3043,stainless_appliances,YES
FTR-12193,PRP-3043,open_floor_plan,yes
FTR-12194,PRP-3043,walk_in_closet,no
FTR-12195,PRP-3044,smart_home,YES
FTR-12196,PRP-3044,hardwood_floors,0
FTR-12197,PRP-3044,fresh_paint,yes
FTR-12198,PRP-3045,stainless_appliances,Yes
FTR-12199,PRP-3045,solar_panels,Yes
FTR-12200,PRP-3046,stainless_appliances,yes
FTR-12201,PRP-3046,updated_kitchen,YES
FTR-12202,PRP-3046,vaulted_ceilings,yes
FTR-12203,PRP-3046,open_floor_plan,yes
FTR-12204,PRP-3046,solar_panels,1
FTR-12205,PRP-3046,walk_in_closet,yes
FTR-12206,PRP-3047,updated_kitchen,YES
FTR-12207,PRP-3047,stainless_appliances,yes
FTR-12208,PRP-3047,fresh_paint,0
FTR-12209,PRP-3048,vaulted_ceilings,yes
FTR-12210,PRP-3048,fireplace,YES
FTR-12211,PRP-3048,open_floor_plan,no
FTR-12212,PRP-3048,fresh_paint,Yes
FTR-12213,PRP-3048,master_suite,no
FTR-12214,PRP-3049,hardwood_floors,YES
FTR-12215,PRP-3049,new_roof,1
FTR-12216,PRP-3049,smart_home,yes
FTR-12217,PRP-3050,smart_home,Yes
FTR-12218,PRP-3050,fresh_paint,Yes
FTR-12219,PRP-3051,fresh_paint,yes
FTR-12220,PRP-3051,master_suite,1
FTR-12221,PRP-3051,solar_panels,0
FTR-12222,PRP-3051,vaulted_ceilings,YES
FTR-12223,PRP-3052,fresh_paint,no
FTR-12224,PRP-3052,fireplace,0
FTR-12225,PRP-3052,granite_counters,YES
FTR-12226,PRP-3053,stainless_appliances,YES
FTR-12227,PRP-3053,fresh_paint,no
FTR-12228,PRP-3054,solar_panels,0
FTR-12229,PRP-3054,updated_kitchen,1
FTR-12230,PRP-3054,open_floor_plan,no
FTR-12231,PRP-3054,walk_in_closet,YES
FTR-12232,PRP-3054,hardwood_floors,YES
FTR-12233,PRP-3054,master_suite,YES
FTR-12234,PRP-3055,fireplace,Yes
FTR-12235,PRP-3055,updated_kitchen,YES
FTR-12236,PRP-3055,fresh_paint,no
FTR-12237,PRP-3055,smart_home,YES
FTR-12238,PRP-3055,solar_panels,no
FTR-12239,PRP-3056,hardwood_floors,yes
FTR-12240,PRP-3056,walk_in_closet,1
FTR-12241,PRP-3056,fireplace,1
FTR-12242,PRP-3056,granite_counters,no
FTR-12243,PRP-3056,master_suite,no
FTR-12244,PRP-3057,granite_counters,yes
FTR-12245,PRP-3057,new_roof,1
FTR-12246,PRP-3057,fresh_paint,0
FTR-12247,PRP-3057,vaulted_ceilings,YES
FTR-12248,PRP-3058,smart_home,1
FTR-12249,PRP-3058,fresh_paint,no
FTR-12250,PRP-3058,open_floor_plan,1
FTR-12251,PRP-3059,vaulted_ceilings,1
FTR-12252,PRP-3059,stainless_appliances,YES
FTR-12253,PRP-3059,walk_in_closet,YES
FTR-12254,PRP-3059,hardwood_floors,no
FTR-12255,PRP-3060,central_ac,yes
FTR-12256,PRP-3060,open_floor_plan,no
FTR-12257,PRP-3060,new_roof,no
FTR-12258,PRP-3060,granite_counters,1
FTR-12259,PRP-3060,smart_home,1
FTR-12260,PRP-3060,fresh_paint,no
FTR-12261,PRP-3061,open_floor_plan,yes
FTR-12262,PRP-3061,hardwood_floors,1
FTR-12263,PRP-3061,central_ac,YES
FTR-12264,PRP-3061,smart_home,yes
FTR-12265,PRP-3061,solar_panels,yes
FTR-12266,PRP-3061,master_suite,0
FTR-12267,PRP-3062,vaulted_ceilings,0
FTR-12268,PRP-3062,new_roof,Yes
FTR-12269,PRP-3062,master_suite,yes
FTR-12270,PRP-3063,smart_home,yes
FTR-12271,PRP-3063,granite_counters,YES
FTR-12272,PRP-3063,central_ac,1
FTR-12273,PRP-3063,updated_kitchen,YES
FTR-12274,PRP-3063,vaulted_ceilings,0
FTR-12275,PRP-3063,new_roof,0
FTR-12276,PRP-3064,new_roof,YES
FTR-12277,PRP-3064,fireplace,0
FTR-12278,PRP-3064,fresh_paint,1
FTR-12279,PRP-3064,stainless_appliances,1
FTR-12280,PRP-3065,central_ac,0
FTR-12281,PRP-3065,vaulted_ceilings,1
FTR-12282,PRP-3065,new_roof,0
FTR-12283,PRP-3065,smart_home,no
FTR-12284,PRP-3065,hardwood_floors,Yes
FTR-12285,PRP-3065,granite_counters,0
FTR-12286,PRP-3066,new_roof,no
FTR-12287,PRP-3066,hardwood_floors,no
FTR-12288,PRP-3066,fireplace,YES
FTR-12289,PRP-3066,central_ac,no
FTR-12290,PRP-3066,fresh_paint,0
FTR-12291,PRP-3066,walk_in_closet,no
FTR-12292,PRP-3067,granite_counters,0
FTR-12293,PRP-3067,smart_home,1
FTR-12294,PRP-3068,walk_in_closet,0
FTR-12295,PRP-3068,central_ac,YES
FTR-12296,PRP-3068,stainless_appliances,Yes
FTR-12297,PRP-3068,master_suite,0
FTR-12298,PRP-3068,fireplace,YES
FTR-12299,PRP-3069,vaulted_ceilings,no
FTR-12300,PRP-3069,solar_panels,0
FTR-12301,PRP-3069,walk_in_closet,YES
FTR-12302,PRP-3069,hardwood_floors,yes
FTR-12303,PRP-3069,granite_counters,0
FTR-12304,PRP-3069,fireplace,Yes
FTR-12305,PRP-3070,granite_counters,yes
FTR-12306,PRP-3070,walk_in_closet,no
FTR-12307,PRP-3070,stainless_appliances,no
FTR-12308,PRP-3070,vaulted_ceilings,Yes
FTR-12309,PRP-3070,updated_kitchen,0
FTR-12310,PRP-3070,solar_panels,yes
FTR-12311,PRP-3071,walk_in_closet,no
FTR-12312,PRP-3071,open_floor_plan,no
FTR-12313,PRP-3071,hardwood_floors,yes
FTR-12314,PRP-3071,smart_home,Yes
FTR-12315,PRP-3071,master_suite,yes
FTR-12316,PRP-3072,fresh_paint,Yes
FTR-12317,PRP-3072,central_ac,Yes
FTR-12318,PRP-3072,master_suite,yes
FTR-12319,PRP-3072,vaulted_ceilings,0
FTR-12320,PRP-3073,smart_home,YES
FTR-12321,PRP-3073,solar_panels,yes
FTR-12322,PRP-3074,granite_counters,Yes
FTR-12323,PRP-3074,solar_panels,yes
FTR-12324,PRP-3074,open_floor_plan,Yes
FTR-12325,PRP-3074,hardwood_floors,YES
FTR-12326,PRP-3074,stainless_appliances,YES
FTR-12327,PRP-3074,walk_in_closet,YES
FTR-12328,PRP-3075,hardwood_floors,yes
FTR-12329,PRP-3075,open_floor_plan,yes
FTR-12330,PRP-3075,walk_in_closet,Yes
FTR-12331,PRP-3075,fresh_paint,Yes
FTR-12332,PRP-3075,master_suite,1
FTR-12333,PRP-3075,fireplace,1
FTR-12334,PRP-3076,new_roof,1
FTR-12335,PRP-3076,open_floor_plan,1
FTR-12336,PRP-3076,stainless_appliances,YES
FTR-12337,PRP-3076,central_ac,Yes
FTR-12338,PRP-3076,hardwood_floors,no
FTR-12339,PRP-3076,walk_in_closet,no
FTR-12340,PRP-3077,walk_in_closet,Yes
FTR-12341,PRP-3077,fresh_paint,0
FTR-12342,PRP-3077,fireplace,Yes
FTR-12343,PRP-3078,master_suite,Yes
FTR-12344,PRP-3078,new_roof,Yes
FTR-12345,PRP-3078,solar_panels,Yes
FTR-12346,PRP-3078,fresh_paint,0
FTR-12347,PRP-3078,vaulted_ceilings,Yes
FTR-12348,PRP-3078,central_ac,yes
FTR-12349,PRP-3079,fresh_paint,YES
FTR-12350,PRP-3079,new_roof,yes
FTR-12351,PRP-3079,stainless_appliances,Yes
FTR-12352,PRP-3080,vaulted_ceilings,no
FTR-12353,PRP-3080,master_suite,yes
FTR-12354,PRP-3080,updated_kitchen,0
FTR-12355,PRP-3080,walk_in_closet,Yes
FTR-12356,PRP-3080,stainless_appliances,YES
FTR-12357,PRP-3080,smart_home,yes
FTR-12358,PRP-3081,walk_in_closet,YES
FTR-12359,PRP-3081,stainless_appliances,no
FTR-12360,PRP-3082,central_ac,no
FTR-12361,PRP-3082,updated_kitchen,0
FTR-12362,PRP-3082,solar_panels,YES
FTR-12363,PRP-3082,stainless_appliances,Yes
FTR-12364,PRP-3082,hardwood_floors,yes
FTR-12365,PRP-3083,vaulted_ceilings,yes
FTR-12366,PRP-3083,fireplace,no
FTR-12367,PRP-3083,walk_in_closet,1
FTR-12368,PRP-3083,fresh_paint,1
FTR-12369,PRP-3083,solar_panels,Yes
FTR-12370,PRP-3084,fresh_paint,yes
FTR-12371,PRP-3084,open_floor_plan,yes
FTR-12372,PRP-3084,central_ac,no
FTR-12373,PRP-3084,stainless_appliances,no
FTR-12374,PRP-3084,hardwood_floors,0
FTR-12375,PRP-3084,smart_home,Yes
FTR-12376,PRP-3085,master_suite,no
FTR-12377,PRP-3085,updated_kitchen,no
FTR-12378,PRP-3086,updated_kitchen,YES
FTR-12379,PRP-3086,walk_in_closet,Yes
FTR-12380,PRP-3086,open_floor_plan,Yes
FTR-12381,PRP-3086,new_roof,yes
FTR-12382,PRP-3087,fresh_paint,no
FTR-12383,PRP-3087,stainless_appliances,no
FTR-12384,PRP-3087,vaulted_ceilings,1
FTR-12385,PRP-3087,hardwood_floors,no
FTR-12386,PRP-3088,central_ac,1
FTR-12387,PRP-3088,smart_home,Yes
FTR-12388,PRP-3088,hardwood_floors,YES
FTR-12389,PRP-3089,smart_home,no
FTR-12390,PRP-3089,fresh_paint,0
FTR-12391,PRP-3090,fresh_paint,0
FTR-12392,PRP-3090,vaulted_ceilings,Yes
FTR-12393,PRP-3090,central_ac,Yes
FTR-12394,PRP-3090,walk_in_closet,0
FTR-12395,PRP-3090,solar_panels,YES
FTR-12396,PRP-3091,smart_home,YES
FTR-12397,PRP-3091,master_suite,YES
FTR-12398,PRP-3091,granite_counters,0
FTR-12399,PRP-3091,walk_in_closet,YES
FTR-12400,PRP-3091,solar_panels,Yes
FTR-12401,PRP-3092,granite_counters,yes
FTR-12402,PRP-3092,new_roof,0
FTR-12403,PRP-3093,granite_counters,1
FTR-12404,PRP-3093,vaulted_ceilings,1
FTR-12405,PRP-3093,solar_panels,YES
FTR-12406,PRP-3093,open_floor_plan,yes
FTR-12407,PRP-3093,stainless_appliances,YES
FTR-12408,PRP-3094,master_suite,yes
FTR-12409,PRP-3094,walk_in_closet,no
FTR-12410,PRP-3094,open_floor_plan,0
FTR-12411,PRP-3094,fresh_paint,Yes
FTR-12412,PRP-3094,vaulted_ceilings,Yes
FTR-12413,PRP-3094,solar_panels,no
FTR-12414,PRP-3095,stainless_appliances,0
FTR-12415,PRP-3095,vaulted_ceilings,0
FTR-12416,PRP-3095,fresh_paint,yes
FTR-12417,PRP-3096,central_ac,0
FTR-12418,PRP-3096,vaulted_ceilings,0
FTR-12419,PRP-3096,new_roof,no
FTR-12420,PRP-3096,walk_in_closet,1
FTR-12421,PRP-3096,master_suite,YES
FTR-12422,PRP-3096,fireplace,1
FTR-12423,PRP-3097,vaulted_ceilings,no
FTR-12424,PRP-3097,master_suite,yes
FTR-12425,PRP-3097,central_ac,Yes
FTR-12426,PRP-3098,solar_panels,no
FTR-12427,PRP-3098,master_suite,yes
FTR-12428,PRP-3099,walk_in_closet,1
FTR-12429,PRP-3099,granite_counters,YES
FTR-12430,PRP-3099,hardwood_floors,0
FTR-12431,PRP-3099,fresh_paint,no
FTR-12432,PRP-3100,stainless_appliances,YES
FTR-12433,PRP-3100,hardwood_floors,no
FTR-12434,PRP-3100,open_floor_plan,no
FTR-12435,PRP-3100,fresh_paint,no
FTR-12436,PRP-3101,new_roof,YES
FTR-12437,PRP-3101,solar_panels,1
FTR-12438,PRP-3101,central_ac,yes
FTR-12439,PRP-3101,hardwood_floors,yes
FTR-12440,PRP-3101,vaulted_ceilings,no
FTR-12441,PRP-3101,smart_home,yes
FTR-12442,PRP-3102,vaulted_ceilings,no
FTR-12443,PRP-3102,solar_panels,yes
FTR-12444,PRP-3102,walk_in_closet,Yes
FTR-12445,PRP-3102,hardwood_floors,0
FTR-12446,PRP-3102,master_suite,0
FTR-12447,PRP-3102,fresh_paint,YES
FTR-12448,PRP-3103,solar_panels,0
FTR-12449,PRP-3103,central_ac,0
FTR-12450,PRP-3104,vaulted_ceilings,yes
FTR-12451,PRP-3104,granite_counters,1
FTR-12452,PRP-3104,solar_panels,0
FTR-12453,PRP-3104,walk_in_closet,Yes
FTR-12454,PRP-3105,central_ac,Yes
FTR-12455,PRP-3105,master_suite,YES
FTR-12456,PRP-3105,fireplace,no
FTR-12457,PRP-3105,solar_panels,no
FTR-12458,PRP-3106,vaulted_ceilings,YES
FTR-12459,PRP-3106,walk_in_closet,0
FTR-12460,PRP-3106,hardwood_floors,0
FTR-12461,PRP-3106,smart_home,yes
FTR-12462,PRP-3106,solar_panels,yes
FTR-12463,PRP-3107,stainless_appliances,no
FTR-12464,PRP-3107,solar_panels,no
FTR-12465,PRP-3107,new_roof,no
FTR-12466,PRP-3107,open_floor_plan,no
FTR-12467,PRP-3108,open_floor_plan,0
FTR-12468,PRP-3108,master_suite,no
FTR-12469,PRP-3108,central_ac,yes
FTR-12470,PRP-3108,new_roof,0
FTR-12471,PRP-3108,fresh_paint,no
FTR-12472,PRP-3109,master_suite,no
FTR-12473,PRP-3109,solar_panels,1
FTR-12474,PRP-3109,fresh_paint,1
FTR-12475,PRP-3110,granite_counters,YES
FTR-12476,PRP-3110,vaulted_ceilings,YES
FTR-12477,PRP-3110,fresh_paint,1
FTR-12478,PRP-3110,new_roof,YES
FTR-12479,PRP-3110,solar_panels,no
FTR-12480,PRP-3110,stainless_appliances,no
FTR-12481,PRP-3111,fresh_paint,0
FTR-12482,PRP-3111,fireplace,1
FTR-12483,PRP-3111,hardwood_floors,no
FTR-12484,PRP-3111,granite_counters,yes
FTR-12485,PRP-3112,master_suite,Yes
FTR-12486,PRP-3112,vaulted_ceilings,no
FTR-12487,PRP-3112,new_roof,no
FTR-12488,PRP-3112,central_ac,Yes
FTR-12489,PRP-3112,hardwood_floors,no
FTR-12490,PRP-3112,open_floor_plan,YES
FTR-12491,PRP-3113,new_roof,0
FTR-12492,PRP-3113,fresh_paint,Yes
FTR-12493,PRP-3114,fireplace,no
FTR-12494,PRP-3114,solar_panels,0
FTR-12495,PRP-3114,master_suite,1
FTR-12496,PRP-3114,stainless_appliances,1
FTR-12497,PRP-3114,open_floor_plan,1
FTR-12498,PRP-3115,hardwood_floors,Yes
FTR-12499,PRP-3115,open_floor_plan,Yes
FTR-12500,PRP-3115,granite_counters,no
FTR-12501,PRP-3116,master_suite,Yes
FTR-12502,PRP-3116,central_ac,no
FTR-12503,PRP-3116,hardwood_floors,Yes
FTR-12504,PRP-3117,master_suite,no
FTR-12505,PRP-3117,walk_in_closet,0
FTR-12506,PRP-3117,new_roof,1
FTR-12507,PRP-3118,central_ac,no
FTR-12508,PRP-3118,solar_panels,no
FTR-12509,PRP-3118,fireplace,yes
FTR-12510,PRP-3119,vaulted_ceilings,1
FTR-12511,PRP-3119,open_floor_plan,Yes
FTR-12512,PRP-3120,open_floor_plan,no
FTR-12513,PRP-3120,new_roof,0
FTR-12514,PRP-3121,new_roof,no
FTR-12515,PRP-3121,smart_home,1
FTR-12516,PRP-3121,fresh_paint,1
FTR-12517,PRP-3122,master_suite,0
FTR-12518,PRP-3122,open_floor_plan,YES
FTR-12519,PRP-3122,updated_kitchen,1
FTR-12520,PRP-3123,vaulted_ceilings,Yes
FTR-12521,PRP-3123,walk_in_closet,1
FTR-12522,PRP-3123,updated_kitchen,no
FTR-12523,PRP-3123,central_ac,Yes
FTR-12524,PRP-3124,solar_panels,0
FTR-12525,PRP-3124,updated_kitchen,1
FTR-12526,PRP-3124,master_suite,1
FTR-12527,PRP-3124,walk_in_closet,0
FTR-12528,PRP-3125,granite_counters,1
FTR-12529,PRP-3125,smart_home,YES
FTR-12530,PRP-3125,master_suite,0
FTR-12531,PRP-3125,hardwood_floors,0
FTR-12532,PRP-3125,updated_kitchen,no
FTR-12533,PRP-3126,vaulted_ceilings,no
FTR-12534,PRP-3126,central_ac,yes
FTR-12535,PRP-3127,stainless_appliances,1
FTR-12536,PRP-3127,fireplace,1
FTR-12537,PRP-3128,master_suite,Yes
FTR-12538,PRP-3128,open_floor_plan,Yes
FTR-12539,PRP-3128,walk_in_closet,0
FTR-12540,PRP-3128,hardwood_floors,yes
FTR-12541,PRP-3128,fireplace,Yes
FTR-12542,PRP-3128,central_ac,YES
FTR-12543,PRP-3129,solar_panels,no
FTR-12544,PRP-3129,walk_in_closet,Yes
FTR-12545,PRP-3129,updated_kitchen,YES
FTR-12546,PRP-3129,master_suite,YES
FTR-12547,PRP-3129,new_roof,Yes
FTR-12548,PRP-3130,solar_panels,Yes
FTR-12549,PRP-3130,new_roof,1
FTR-12550,PRP-3130,hardwood_floors,YES
FTR-12551,PRP-3130,stainless_appliances,0
FTR-12552,PRP-3130,open_floor_plan,no
FTR-12553,PRP-3130,smart_home,Yes
FTR-12554,PRP-3131,granite_counters,YES
FTR-12555,PRP-3131,master_suite,0
FTR-12556,PRP-3131,central_ac,no
FTR-12557,PRP-3131,fireplace,Yes
FTR-12558,PRP-3131,solar_panels,1
FTR-12559,PRP-3132,stainless_appliances,1
FTR-12560,PRP-3132,fireplace,no
FTR-12561,PRP-3132,central_ac,1
FTR-12562,PRP-3132,fresh_paint,no
FTR-12563,PRP-3132,walk_in_closet,yes
FTR-12564,PRP-3132,updated_kitchen,0
FTR-12565,PRP-3133,updated_kitchen,0
FTR-12566,PRP-3133,open_floor_plan,Yes
FTR-12567,PRP-3134,fireplace,yes
FTR-12568,PRP-3134,master_suite,0
FTR-12569,PRP-3134,central_ac,yes
FTR-12570,PRP-3134,smart_home,0
FTR-12571,PRP-3135,vaulted_ceilings,YES
FTR-12572,PRP-3135,stainless_appliances,Yes
FTR-12573,PRP-3135,master_suite,YES
FTR-12574,PRP-3135,new_roof,0
FTR-12575,PRP-3136,hardwood_floors,Yes
FTR-12576,PRP-3136,vaulted_ceilings,YES
FTR-12577,PRP-3136,fresh_paint,yes
FTR-12578,PRP-3136,open_floor_plan,YES
FTR-12579,PRP-3137,solar_panels,YES
FTR-12580,PRP-3137,master_suite,Yes
FTR-12581,PRP-3138,central_ac,1
FTR-12582,PRP-3138,hardwood_floors,1
FTR-12583,PRP-3138,new_roof,1
FTR-12584,PRP-3138,vaulted_ceilings,YES
FTR-12585,PRP-3138,open_floor_plan,yes
FTR-12586,PRP-3138,fresh_paint,1
FTR-12587,PRP-3139,open_floor_plan,no
FTR-12588,PRP-3139,stainless_appliances,1
FTR-12589,PRP-3139,vaulted_ceilings,YES
FTR-12590,PRP-3139,updated_kitchen,0
FTR-12591,PRP-3140,new_roof,0
FTR-12592,PRP-3140,updated_kitchen,yes
FTR-12593,PRP-3140,master_suite,0
FTR-12594,PRP-3141,granite_counters,1
FTR-12595,PRP-3141,hardwood_floors,1
FTR-12596,PRP-3141,master_suite,Yes
FTR-12597,PRP-3141,fireplace,0
FTR-12598,PRP-3141,stainless_appliances,yes
FTR-12599,PRP-3141,updated_kitchen,YES
FTR-12600,PRP-3142,vaulted_ceilings,no
FTR-12601,PRP-3142,hardwood_floors,yes
FTR-12602,PRP-3142,smart_home,yes
FTR-12603,PRP-3142,master_suite,YES
FTR-12604,PRP-3143,master_suite,YES
FTR-12605,PRP-3143,solar_panels,1
FTR-12606,PRP-3144,walk_in_closet,no
FTR-12607,PRP-3144,central_ac,Yes
FTR-12608,PRP-3144,stainless_appliances,YES
FTR-12609,PRP-3145,new_roof,yes
FTR-12610,PRP-3145,open_floor_plan,1
FTR-12611,PRP-3145,fireplace,Yes
FTR-12612,PRP-3145,master_suite,YES
FTR-12613,PRP-3145,fresh_paint,1
FTR-12614,PRP-3145,hardwood_floors,Yes
FTR-12615,PRP-3146,smart_home,YES
FTR-12616,PRP-3146,granite_counters,no
FTR-12617,PRP-3146,open_floor_plan,YES
FTR-12618,PRP-3146,updated_kitchen,0
FTR-12619,PRP-3146,fireplace,yes
FTR-12620,PRP-3146,vaulted_ceilings,1
FTR-12621,PRP-3147,new_roof,yes
FTR-12622,PRP-3147,updated_kitchen,YES
FTR-12623,PRP-3147,open_floor_plan,no
FTR-12624,PRP-3148,granite_counters,YES
FTR-12625,PRP-3148,open_floor_plan,1
FTR-12626,PRP-3148,stainless_appliances,YES
FTR-12627,PRP-3148,updated_kitchen,Yes
FTR-12628,PRP-3148,central_ac,YES
FTR-12629,PRP-3149,new_roof,1
FTR-12630,PRP-3149,open_floor_plan,YES
FTR-12631,PRP-3150,open_floor_plan,Yes
FTR-12632,PRP-3150,stainless_appliances,1
FTR-12633,PRP-3150,new_roof,0
FTR-12634,PRP-3151,smart_home,0
FTR-12635,PRP-3151,walk_in_closet,0
FTR-12636,PRP-3151,solar_panels,no
FTR-12637,PRP-3151,master_suite,1
FTR-12638,PRP-3151,stainless_appliances,0
FTR-12639,PRP-3152,updated_kitchen,YES
FTR-12640,PRP-3152,fireplace,YES
FTR-12641,PRP-3152,walk_in_closet,0
FTR-12642,PRP-3153,vaulted_ceilings,yes
FTR-12643,PRP-3153,master_suite,Yes
FTR-12644,PRP-3153,updated_kitchen,0
FTR-12645,PRP-3153,hardwood_floors,no
FTR-12646,PRP-3154,solar_panels,yes
FTR-12647,PRP-3154,walk_in_closet,no
FTR-12648,PRP-3154,fresh_paint,0
FTR-12649,PRP-3154,master_suite,1
FTR-12650,PRP-3154,open_floor_plan,0
FTR-12651,PRP-3155,central_ac,yes
FTR-12652,PRP-3155,stainless_appliances,no
FTR-12653,PRP-3155,master_suite,YES
FTR-12654,PRP-3155,solar_panels,Yes
FTR-12655,PRP-3155,updated_kitchen,1
FTR-12656,PRP-3156,walk_in_closet,yes
FTR-12657,PRP-3156,vaulted_ceilings,no
FTR-12658,PRP-3156,updated_kitchen,yes
FTR-12659,PRP-3156,new_roof,no
FTR-12660,PRP-3156,master_suite,no
FTR-12661,PRP-3157,vaulted_ceilings,no
FTR-12662,PRP-3157,granite_counters,no
FTR-12663,PRP-3157,master_suite,1
FTR-12664,PRP-3157,hardwood_floors,yes
FTR-12665,PRP-3157,updated_kitchen,0
FTR-12666,PRP-3157,central_ac,Yes
FTR-12667,PRP-3158,central_ac,1
FTR-12668,PRP-3158,granite_counters,YES
FTR-12669,PRP-3158,walk_in_closet,Yes
FTR-12670,PRP-3158,fireplace,0
FTR-12671,PRP-3158,fresh_paint,no
FTR-12672,PRP-3159,fireplace,no
FTR-12673,PRP-3159,smart_home,1
FTR-12674,PRP-3159,updated_kitchen,1
FTR-12675,PRP-3159,new_roof,1
FTR-12676,PRP-3160,solar_panels,YES
FTR-12677,PRP-3160,granite_counters,1
FTR-12678,PRP-3160,updated_kitchen,no
FTR-12679,PRP-3161,new_roof,no
FTR-12680,PRP-3161,fireplace,1
FTR-12681,PRP-3161,walk_in_closet,yes
FTR-12682,PRP-3162,master_suite,YES
FTR-12683,PRP-3162,central_ac,no
FTR-12684,PRP-3162,walk_in_closet,YES
FTR-12685,PRP-3162,vaulted_ceilings,no
FTR-12686,PRP-3162,hardwood_floors,YES
FTR-12687,PRP-3162,granite_counters,yes
FTR-12688,PRP-3163,vaulted_ceilings,no
FTR-12689,PRP-3163,central_ac,0
FTR-12690,PRP-3163,fresh_paint,yes
FTR-12691,PRP-3164,updated_kitchen,Yes
FTR-12692,PRP-3164,central_ac,1
FTR-12693,PRP-3165,smart_home,no
FTR-12694,PRP-3165,fireplace,Yes
FTR-12695,PRP-3165,open_floor_plan,no
FTR-12696,PRP-3165,new_roof,no
FTR-12697,PRP-3166,master_suite,Yes
FTR-12698,PRP-3166,fresh_paint,1
FTR-12699,PRP-3166,smart_home,YES
FTR-12700,PRP-3166,open_floor_plan,YES
FTR-12701,PRP-3167,fresh_paint,yes
FTR-12702,PRP-3167,new_roof,Yes
FTR-12703,PRP-3167,fireplace,yes
FTR-12704,PRP-3167,granite_counters,no
FTR-12705,PRP-3167,vaulted_ceilings,yes
FTR-12706,PRP-3168,fresh_paint,1
FTR-12707,PRP-3168,stainless_appliances,YES
FTR-12708,PRP-3168,vaulted_ceilings,no
FTR-12709,PRP-3168,granite_counters,Yes
FTR-12710,PRP-3169,fireplace,yes
FTR-12711,PRP-3169,central_ac,YES
FTR-12712,PRP-3169,new_roof,0
FTR-12713,PRP-3169,granite_counters,1
FTR-12714,PRP-3170,walk_in_closet,1
FTR-12715,PRP-3170,hardwood_floors,1
FTR-12716,PRP-3171,fresh_paint,1
FTR-12717,PRP-3171,granite_counters,1
FTR-12718,PRP-3171,central_ac,yes
FTR-12719,PRP-3172,hardwood_floors,yes
FTR-12720,PRP-3172,new_roof,Yes
FTR-12721,PRP-3172,smart_home,0
FTR-12722,PRP-3172,granite_counters,0
FTR-12723,PRP-3172,fireplace,Yes
FTR-12724,PRP-3173,central_ac,yes
FTR-12725,PRP-3173,master_suite,1
FTR-12726,PRP-3173,fireplace,no
FTR-12727,PRP-3173,granite_counters,1
FTR-12728,PRP-3174,solar_panels,yes
FTR-12729,PRP-3174,new_roof,yes
FTR-12730,PRP-3175,fireplace,0
FTR-12731,PRP-3175,smart_home,YES
FTR-12732,PRP-3175,stainless_appliances,0
FTR-12733,PRP-3176,smart_home,yes
FTR-12734,PRP-3176,vaulted_ceilings,0
FTR-12735,PRP-3176,stainless_appliances,no
FTR-12736,PRP-3176,open_floor_plan,1
FTR-12737,PRP-3176,walk_in_closet,0
FTR-12738,PRP-3177,open_floor_plan,Yes
FTR-12739,PRP-3177,stainless_appliances,Yes
FTR-12740,PRP-3177,hardwood_floors,no
FTR-12741,PRP-3177,fresh_paint,yes
FTR-12742,PRP-3177,vaulted_ceilings,0
FTR-12743,PRP-3177,solar_panels,no
FTR-12744,PRP-3178,hardwood_floors,0
FTR-12745,PRP-3178,master_suite,yes
FTR-12746,PRP-3178,central_ac,no
FTR-12747,PRP-3179,master_suite,no
FTR-12748,PRP-3179,updated_kitchen,0
FTR-12749,PRP-3179,smart_home,YES
FTR-12750,PRP-3180,fireplace,YES
FTR-12751,PRP-3180,master_suite,1
FTR-12752,PRP-3180,central_ac,no
FTR-12753,PRP-3181,hardwood_floors,0
FTR-12754,PRP-3181,open_floor_plan,no
FTR-12755,PRP-3181,fireplace,0
FTR-12756,PRP-3181,vaulted_ceilings,Yes
FTR-12757,PRP-3181,master_suite,YES
FTR-12758,PRP-3182,stainless_appliances,Yes
FTR-12759,PRP-3182,hardwood_floors,YES
FTR-12760,PRP-3183,central_ac,1
FTR-12761,PRP-3183,fireplace,YES
FTR-12762,PRP-3184,updated_kitchen,1
FTR-12763,PRP-3184,vaulted_ceilings,Yes
FTR-12764,PRP-3185,walk_in_closet,no
FTR-12765,PRP-3185,master_suite,YES
FTR-12766,PRP-3185,hardwood_floors,no
FTR-12767,PRP-3185,stainless_appliances,0
FTR-12768,PRP-3186,open_floor_plan,no
FTR-12769,PRP-3186,smart_home,0
FTR-12770,PRP-3186,central_ac,1
FTR-12771,PRP-3187,granite_counters,yes
FTR-12772,PRP-3187,new_roof,yes
FTR-12773,PRP-3187,solar_panels,1
FTR-12774,PRP-3188,stainless_appliances,1
FTR-12775,PRP-3188,solar_panels,no
FTR-12776,PRP-3188,smart_home,YES
FTR-12777,PRP-3188,central_ac,no
FTR-12778,PRP-3189,granite_counters,1
FTR-12779,PRP-3189,fresh_paint,no
FTR-12780,PRP-3189,walk_in_closet,yes
FTR-12781,PRP-3189,stainless_appliances,Yes
FTR-12782,PRP-3189,new_roof,0
FTR-12783,PRP-3189,solar_panels,1
FTR-12784,PRP-3190,central_ac,yes
FTR-12785,PRP-3190,fireplace,no
FTR-12786,PRP-3190,updated_kitchen,YES
FTR-12787,PRP-3190,solar_panels,1
FTR-12788,PRP-3190,hardwood_floors,Yes
FTR-12789,PRP-3191,walk_in_closet,yes
FTR-12790,PRP-3191,new_roof,yes
FTR-12791,PRP-3191,open_floor_plan,YES
FTR-12792,PRP-3191,solar_panels,1
FTR-12793,PRP-3191,master_suite,no
FTR-12794,PRP-3192,central_ac,yes
FTR-12795,PRP-3192,fireplace,1
FTR-12796,PRP-3192,master_suite,0
FTR-12797,PRP-3193,granite_counters,1
FTR-12798,PRP-3193,vaulted_ceilings,yes
FTR-12799,PRP-3193,smart_home,0
FTR-12800,PRP-3193,hardwood_floors,no
FTR-12801,PRP-3193,solar_panels,YES
FTR-12802,PRP-3193,central_ac,0
FTR-12803,PRP-3194,fireplace,1
FTR-12804,PRP-3194,hardwood_floors,YES
FTR-12805,PRP-3195,fresh_paint,yes
FTR-12806,PRP-3195,hardwood_floors,yes
FTR-12807,PRP-3195,walk_in_closet,Yes
FTR-12808,PRP-3196,fireplace,0
FTR-12809,PRP-3196,hardwood_floors,yes
FTR-12810,PRP-3196,central_ac,1
FTR-12811,PRP-3196,solar_panels,Yes
FTR-12812,PRP-3196,updated_kitchen,1
FTR-12813,PRP-3196,vaulted_ceilings,Yes
FTR-12814,PRP-3197,central_ac,yes
FTR-12815,PRP-3197,fresh_paint,no
FTR-12816,PRP-3197,solar_panels,YES
FTR-12817,PRP-3197,stainless_appliances,Yes
FTR-12818,PRP-3197,granite_counters,1
FTR-12819,PRP-3197,master_suite,no
FTR-12820,PRP-3198,fresh_paint,Yes
FTR-12821,PRP-3198,open_floor_plan,1
FTR-12822,PRP-3198,central_ac,no
FTR-12823,PRP-3198,granite_counters,yes
FTR-12824,PRP-3199,vaulted_ceilings,Yes
FTR-12825,PRP-3199,fresh_paint,Yes
FTR-12826,PRP-3199,hardwood_floors,0
FTR-12827,PRP-3199,master_suite,YES
FTR-12828,PRP-3200,central_ac,0
FTR-12829,PRP-3200,open_floor_plan,yes
FTR-12830,PRP-3200,updated_kitchen,0
FTR-12831,PRP-3200,smart_home,1
FTR-12832,PRP-3200,master_suite,YES
FTR-12833,PRP-3201,hardwood_floors,no
FTR-12834,PRP-3201,updated_kitchen,YES
FTR-12835,PRP-3201,granite_counters,yes
FTR-12836,PRP-3201,stainless_appliances,yes
FTR-12837,PRP-3201,central_ac,YES
FTR-12838,PRP-3202,smart_home,1
FTR-12839,PRP-3202,open_floor_plan,YES
FTR-12840,PRP-3202,walk_in_closet,yes
FTR-12841,PRP-3202,granite_counters,no
FTR-12842,PRP-3202,central_ac,Yes
FTR-12843,PRP-3203,hardwood_floors,Yes
FTR-12844,PRP-3203,granite_counters,Yes
FTR-12845,PRP-3203,vaulted_ceilings,YES
FTR-12846,PRP-3203,fresh_paint,YES
FTR-12847,PRP-3203,central_ac,YES
FTR-12848,PRP-3203,open_floor_plan,YES
FTR-12849,PRP-3204,master_suite,yes
FTR-12850,PRP-3204,open_floor_plan,Yes
FTR-12851,PRP-3204,walk_in_closet,1
FTR-12852,PRP-3204,updated_kitchen,Yes
FTR-12853,PRP-3204,solar_panels,0
FTR-12854,PRP-3204,granite_counters,YES
FTR-12855,PRP-3205,central_ac,yes
FTR-12856,PRP-3205,stainless_appliances,1
FTR-12857,PRP-3205,granite_counters,YES
FTR-12858,PRP-3205,hardwood_floors,no
FTR-12859,PRP-3205,fresh_paint,yes
FTR-12860,PRP-3206,walk_in_closet,yes
FTR-12861,PRP-3206,hardwood_floors,no
FTR-12862,PRP-3206,smart_home,0
FTR-12863,PRP-3206,solar_panels,1
FTR-12864,PRP-3206,central_ac,1
FTR-12865,PRP-3207,smart_home,Yes
FTR-12866,PRP-3207,fireplace,Yes
FTR-12867,PRP-3207,master_suite,no
FTR-12868,PRP-3207,hardwood_floors,yes
FTR-12869,PRP-3208,vaulted_ceilings,1
FTR-12870,PRP-3208,hardwood_floors,Yes
FTR-12871,PRP-3208,fireplace,0
FTR-12872,PRP-3208,solar_panels,YES
FTR-12873,PRP-3209,fresh_paint,YES
FTR-12874,PRP-3209,open_floor_plan,YES
FTR-12875,PRP-3209,smart_home,no
FTR-12876,PRP-3209,granite_counters,yes
FTR-12877,PRP-3210,updated_kitchen,Yes
FTR-12878,PRP-3210,hardwood_floors,0
FTR-12879,PRP-3210,fireplace,no
FTR-12880,PRP-3210,stainless_appliances,no
FTR-12881,PRP-3210,central_ac,1
FTR-12882,PRP-3211,fresh_paint,yes
FTR-12883,PRP-3211,stainless_appliances,0
FTR-12884,PRP-3211,hardwood_floors,0
FTR-12885,PRP-3212,walk_in_closet,Yes
FTR-12886,PRP-3212,new_roof,Yes
FTR-12887,PRP-3212,updated_kitchen,0
FTR-12888,PRP-3212,fireplace,yes
FTR-12889,PRP-3213,fresh_paint,Yes
FTR-12890,PRP-3213,open_floor_plan,no
FTR-12891,PRP-3213,walk_in_closet,YES
FTR-12892,PRP-3214,vaulted_ceilings,1
FTR-12893,PRP-3214,master_suite,0
FTR-12894,PRP-3214,new_roof,1
FTR-12895,PRP-3214,open_floor_plan,yes
FTR-12896,PRP-3215,master_suite,Yes
FTR-12897,PRP-3215,central_ac,no
FTR-12898,PRP-3215,solar_panels,yes
FTR-12899,PRP-3216,hardwood_floors,no
FTR-12900,PRP-3216,smart_home,YES
FTR-12901,PRP-3216,new_roof,Yes
FTR-12902,PRP-3217,smart_home,yes
FTR-12903,PRP-3217,central_ac,yes
FTR-12904,PRP-3217,fireplace,yes
FTR-12905,PRP-3217,hardwood_floors,Yes
FTR-12906,PRP-3218,open_floor_plan,no
FTR-12907,PRP-3218,master_suite,yes
FTR-12908,PRP-3218,central_ac,YES
FTR-12909,PRP-3218,stainless_appliances,1
FTR-12910,PRP-3218,hardwood_floors,Yes
FTR-12911,PRP-3219,smart_home,1
FTR-12912,PRP-3219,granite_counters,YES
FTR-12913,PRP-3219,master_suite,no
FTR-12914,PRP-3219,vaulted_ceilings,no
FTR-12915,PRP-3220,vaulted_ceilings,0
FTR-12916,PRP-3220,smart_home,YES
FTR-12917,PRP-3220,granite_counters,Yes
FTR-12918,PRP-3221,hardwood_floors,1
FTR-12919,PRP-3221,vaulted_ceilings,yes
FTR-12920,PRP-3221,fresh_paint,Yes
FTR-12921,PRP-3222,open_floor_plan,YES
FTR-12922,PRP-3222,hardwood_floors,yes
FTR-12923,PRP-3222,central_ac,Yes
FTR-12924,PRP-3222,new_roof,no
FTR-12925,PRP-3222,fireplace,YES
FTR-12926,PRP-3222,smart_home,Yes
FTR-12927,PRP-3223,vaulted_ceilings,yes
FTR-12928,PRP-3223,hardwood_floors,YES
FTR-12929,PRP-3223,walk_in_closet,YES
FTR-12930,PRP-3223,fireplace,Yes
FTR-12931,PRP-3223,solar_panels,0
FTR-12932,PRP-3224,hardwood_floors,0
FTR-12933,PRP-3224,stainless_appliances,yes
FTR-12934,PRP-3225,fireplace,Yes
FTR-12935,PRP-3225,open_floor_plan,0
FTR-12936,PRP-3225,master_suite,Yes
FTR-12937,PRP-3225,stainless_appliances,Yes
FTR-12938,PRP-3225,updated_kitchen,YES
FTR-12939,PRP-3225,vaulted_ceilings,no
FTR-12940,PRP-3226,vaulted_ceilings,no
FTR-12941,PRP-3226,open_floor_plan,YES
FTR-12942,PRP-3226,master_suite,Yes
FTR-12943,PRP-3226,stainless_appliances,0
FTR-12944,PRP-3227,fireplace,yes
FTR-12945,PRP-3227,updated_kitchen,Yes
FTR-12946,PRP-3228,granite_counters,no
FTR-12947,PRP-3228,fireplace,1
FTR-12948,PRP-3228,central_ac,Yes
FTR-12949,PRP-3228,new_roof,1
FTR-12950,PRP-3229,walk_in_closet,no
FTR-12951,PRP-3229,updated_kitchen,0
FTR-12952,PRP-3229,vaulted_ceilings,Yes
FTR-12953,PRP-3229,new_roof,YES
FTR-12954,PRP-3230,hardwood_floors,no
FTR-12955,PRP-3230,open_floor_plan,YES
FTR-12956,PRP-3231,granite_counters,1
FTR-12957,PRP-3231,fresh_paint,0
FTR-12958,PRP-3231,fireplace,YES
FTR-12959,PRP-3231,new_roof,Yes
FTR-12960,PRP-3231,stainless_appliances,yes
FTR-12961,PRP-3231,solar_panels,0
FTR-12962,PRP-3232,vaulted_ceilings,no
FTR-12963,PRP-3232,fireplace,1
FTR-12964,PRP-3232,walk_in_closet,1
FTR-12965,PRP-3232,new_roof,Yes
FTR-12966,PRP-3232,hardwood_floors,0
FTR-12967,PRP-3232,open_floor_plan,1
FTR-12968,PRP-3233,updated_kitchen,0
FTR-12969,PRP-3233,new_roof,1
FTR-12970,PRP-3233,stainless_appliances,YES
FTR-12971,PRP-3234,fresh_paint,1
FTR-12972,PRP-3234,vaulted_ceilings,0
FTR-12973,PRP-3234,hardwood_floors,yes
FTR-12974,PRP-3234,stainless_appliances,yes
FTR-12975,PRP-3235,smart_home,Yes
FTR-12976,PRP-3235,central_ac,1
FTR-12977,PRP-3235,master_suite,YES
FTR-12978,PRP-3235,updated_kitchen,YES
FTR-12979,PRP-3235,fireplace,YES
FTR-12980,PRP-3236,granite_counters,YES
FTR-12981,PRP-3236,walk_in_closet,1
FTR-12982,PRP-3236,smart_home,no
FTR-12983,PRP-3237,master_suite,no
FTR-12984,PRP-3237,hardwood_floors,yes
FTR-12985,PRP-3237,solar_panels,1
FTR-12986,PRP-3238,updated_kitchen,Yes
FTR-12987,PRP-3238,granite_counters,yes
FTR-12988,PRP-3239,granite_counters,YES
FTR-12989,PRP-3239,open_floor_plan,Yes
FTR-12990,PRP-3239,smart_home,0
FTR-12991,PRP-3239,master_suite,no
FTR-12992,PRP-3240,solar_panels,no
FTR-12993,PRP-3240,open_floor_plan,1
FTR-12994,PRP-3240,granite_counters,no
FTR-12995,PRP-3240,hardwood_floors,1
FTR-12996,PRP-3240,new_roof,0
FTR-12997,PRP-3240,fireplace,1
FTR-12998,PRP-3241,hardwood_floors,0
FTR-12999,PRP-3241,granite_counters,YES
FTR-13000,PRP-3241,stainless_appliances,YES
FTR-13001,PRP-3242,open_floor_plan,no
FTR-13002,PRP-3242,hardwood_floors,0
FTR-13003,PRP-3242,stainless_appliances,yes
FTR-13004,PRP-3242,updated_kitchen,Yes
FTR-13005,PRP-3242,master_suite,YES
FTR-13006,PRP-3243,open_floor_plan,0
FTR-13007,PRP-3243,smart_home,yes
FTR-13008,PRP-3243,master_suite,yes
FTR-13009,PRP-3243,walk_in_closet,no
FTR-13010,PRP-3244,vaulted_ceilings,0
FTR-13011,PRP-3244,updated_kitchen,0
FTR-13012,PRP-3244,fireplace,YES
FTR-13013,PRP-3244,hardwood_floors,yes
FTR-13014,PRP-3245,central_ac,yes
FTR-13015,PRP-3245,fresh_paint,no
FTR-13016,PRP-3245,new_roof,yes
FTR-13017,PRP-3245,granite_counters,Yes
FTR-13018,PRP-3245,updated_kitchen,no
FTR-13019,PRP-3246,fireplace,0
FTR-13020,PRP-3246,updated_kitchen,no
FTR-13021,PRP-3246,stainless_appliances,no
FTR-13022,PRP-3246,walk_in_closet,YES
FTR-13023,PRP-3246,vaulted_ceilings,0
FTR-13024,PRP-3247,new_roof,0
FTR-13025,PRP-3247,fresh_paint,1
FTR-13026,PRP-3247,walk_in_closet,no
FTR-13027,PRP-3248,fireplace,yes
FTR-13028,PRP-3248,central_ac,Yes
FTR-13029,PRP-3248,walk_in_closet,yes
FTR-13030,PRP-3248,hardwood_floors,yes
FTR-13031,PRP-3248,updated_kitchen,no
FTR-13032,PRP-3249,vaulted_ceilings,0
FTR-13033,PRP-3249,hardwood_floors,YES
FTR-13034,PRP-3250,central_ac,YES
FTR-13035,PRP-3250,stainless_appliances,no
FTR-13036,PRP-3250,hardwood_floors,no
FTR-13037,PRP-3250,fresh_paint,YES
FTR-13038,PRP-3250,new_roof,no
FTR-13039,PRP-3251,fresh_paint,0
FTR-13040,PRP-3251,master_suite,0
FTR-13041,PRP-3251,stainless_appliances,yes
FTR-13042,PRP-3252,hardwood_floors,0
FTR-13043,PRP-3252,smart_home,yes
FTR-13044,PRP-3252,walk_in_closet,no
FTR-13045,PRP-3253,central_ac,0
FTR-13046,PRP-3253,open_floor_plan,no
FTR-13047,PRP-3253,master_suite,YES
FTR-13048,PRP-3253,granite_counters,Yes
FTR-13049,PRP-3254,updated_kitchen,Yes
FTR-13050,PRP-3254,fireplace,no
FTR-13051,PRP-3254,walk_in_closet,YES
FTR-13052,PRP-3254,new_roof,1
FTR-13053,PRP-3255,smart_home,no
FTR-13054,PRP-3255,solar_panels,YES
FTR-13055,PRP-3255,master_suite,no
FTR-13056,PRP-3255,walk_in_closet,0
FTR-13057,PRP-3255,hardwood_floors,0
FTR-13058,PRP-3255,open_floor_plan,0
FTR-13059,PRP-3256,fireplace,YES
FTR-13060,PRP-3256,smart_home,yes
FTR-13061,PRP-3256,solar_panels,1
FTR-13062,PRP-3256,open_floor_plan,no
FTR-13063,PRP-3256,walk_in_closet,Yes
FTR-13064,PRP-3257,master_suite,Yes
FTR-13065,PRP-3257,hardwood_floors,no
FTR-13066,PRP-3257,granite_counters,no
FTR-13067,PRP-3257,open_floor_plan,yes
FTR-13068,PRP-3257,new_roof,no
FTR-13069,PRP-3258,walk_in_closet,Yes
FTR-13070,PRP-3258,solar_panels,no
FTR-13071,PRP-3259,walk_in_closet,1
FTR-13072,PRP-3259,master_suite,no
FTR-13073,PRP-3259,open_floor_plan,1
FTR-13074,PRP-3259,updated_kitchen,YES
FTR-13075,PRP-3259,vaulted_ceilings,Yes
FTR-13076,PRP-3260,smart_home,YES
FTR-13077,PRP-3260,central_ac,Yes
FTR-13078,PRP-3260,fresh_paint,no
FTR-13079,PRP-3261,new_roof,yes
FTR-13080,PRP-3261,updated_kitchen,0
FTR-13081,PRP-3261,master_suite,YES
FTR-13082,PRP-3262,open_floor_plan,yes
FTR-13083,PRP-3262,updated_kitchen,yes
FTR-13084,PRP-3262,smart_home,YES
FTR-13085,PRP-3262,central_ac,0
FTR-13086,PRP-3263,granite_counters,0
FTR-13087,PRP-3263,fresh_paint,0
FTR-13088,PRP-3264,updated_kitchen,no
FTR-13089,PRP-3264,vaulted_ceilings,0
FTR-13090,PRP-3264,fresh_paint,yes
FTR-13091,PRP-3264,smart_home,Yes
FTR-13092,PRP-3265,master_suite,0
FTR-13093,PRP-3265,updated_kitchen,1
FTR-13094,PRP-3265,smart_home,no
FTR-13095,PRP-3266,solar_panels,no
FTR-13096,PRP-3266,walk_in_closet,yes
FTR-13097,PRP-3266,updated_kitchen,yes
FTR-13098,PRP-3266,master_suite,Yes
FTR-13099,PRP-3266,stainless_appliances,YES
FTR-13100,PRP-3266,fireplace,YES
FTR-13101,PRP-3267,master_suite,1
FTR-13102,PRP-3267,hardwood_floors,yes
FTR-13103,PRP-3267,smart_home,no
FTR-13104,PRP-3267,open_floor_plan,0
FTR-13105,PRP-3267,walk_in_closet,YES
FTR-13106,PRP-3267,fireplace,yes
FTR-13107,PRP-3268,fresh_paint,YES
FTR-13108,PRP-3268,smart_home,YES
FTR-13109,PRP-3268,hardwood_floors,1
FTR-13110,PRP-3269,solar_panels,no
FTR-13111,PRP-3269,master_suite,0
FTR-13112,PRP-3269,granite_counters,no
FTR-13113,PRP-3270,granite_counters,YES
FTR-13114,PRP-3270,new_roof,1
FTR-13115,PRP-3270,vaulted_ceilings,0
FTR-13116,PRP-3270,fresh_paint,YES
FTR-13117,PRP-3270,updated_kitchen,1
FTR-13118,PRP-3271,solar_panels,0
FTR-13119,PRP-3271,hardwood_floors,yes
FTR-13120,PRP-3271,fireplace,1
FTR-13121,PRP-3272,granite_counters,Yes
FTR-13122,PRP-3272,fresh_paint,Yes
FTR-13123,PRP-3273,walk_in_closet,1
FTR-13124,PRP-3273,fireplace,1
FTR-13125,PRP-3273,master_suite,0
FTR-13126,PRP-3274,fireplace,Yes
FTR-13127,PRP-3274,central_ac,Yes
FTR-13128,PRP-3274,master_suite,Yes
FTR-13129,PRP-3274,solar_panels,no
FTR-13130,PRP-3274,new_roof,yes
FTR-13131,PRP-3275,granite_counters,Yes
FTR-13132,PRP-3275,central_ac,0
FTR-13133,PRP-3275,hardwood_floors,1
FTR-13134,PRP-3276,walk_in_closet,YES
FTR-13135,PRP-3276,updated_kitchen,YES
FTR-13136,PRP-3276,fireplace,YES
FTR-13137,PRP-3276,fresh_paint,0
FTR-13138,PRP-3276,master_suite,no
FTR-13139,PRP-3276,vaulted_ceilings,no
FTR-13140,PRP-3277,walk_in_closet,no
FTR-13141,PRP-3277,hardwood_floors,yes
FTR-13142,PRP-3278,vaulted_ceilings,0
FTR-13143,PRP-3278,granite_counters,yes
FTR-13144,PRP-3278,hardwood_floors,yes
FTR-13145,PRP-3278,fresh_paint,yes
FTR-13146,PRP-3279,walk_in_closet,Yes
FTR-13147,PRP-3279,updated_kitchen,1
FTR-13148,PRP-3279,stainless_appliances,yes
FTR-13149,PRP-3280,smart_home,0
FTR-13150,PRP-3280,fireplace,no
FTR-13151,PRP-3280,updated_kitchen,yes
FTR-13152,PRP-3281,open_floor_plan,yes
FTR-13153,PRP-3281,central_ac,yes
FTR-13154,PRP-3281,fireplace,0
FTR-13155,PRP-3281,updated_kitchen,YES
FTR-13156,PRP-3281,new_roof,0
FTR-13157,PRP-3282,new_roof,YES
FTR-13158,PRP-3282,master_suite,1
FTR-13159,PRP-3283,fresh_paint,1
FTR-13160,PRP-3283,solar_panels,yes
FTR-13161,PRP-3283,vaulted_ceilings,1
FTR-13162,PRP-3284,stainless_appliances,Yes
FTR-13163,PRP-3284,walk_in_closet,Yes
FTR-13164,PRP-3285,updated_kitchen,no
FTR-13165,PRP-3285,hardwood_floors,0
FTR-13166,PRP-3285,fireplace,1
FTR-13167,PRP-3285,stainless_appliances,0
FTR-13168,PRP-3285,granite_counters,no
FTR-13169,PRP-3285,central_ac,0
FTR-13170,PRP-3286,updated_kitchen,Yes
FTR-13171,PRP-3286,hardwood_floors,yes
FTR-13172,PRP-3286,fireplace,YES
FTR-13173,PRP-3287,smart_home,YES
FTR-13174,PRP-3287,stainless_appliances,yes
FTR-13175,PRP-3287,master_suite,0
FTR-13176,PRP-3287,granite_counters,0
FTR-13177,PRP-3287,new_roof,no
FTR-13178,PRP-3288,open_floor_plan,yes
FTR-13179,PRP-3288,fresh_paint,YES
FTR-13180,PRP-3288,master_suite,Yes
FTR-13181,PRP-3288,solar_panels,YES
FTR-13182,PRP-3288,fireplace,1
FTR-13183,PRP-3288,new_roof,0
FTR-13184,PRP-3289,master_suite,no
FTR-13185,PRP-3289,walk_in_closet,Yes
FTR-13186,PRP-3290,open_floor_plan,no
FTR-13187,PRP-3290,hardwood_floors,yes
FTR-13188,PRP-3290,new_roof,1
FTR-13189,PRP-3291,vaulted_ceilings,0
FTR-13190,PRP-3291,new_roof,yes
FTR-13191,PRP-3291,master_suite,no
FTR-13192,PRP-3292,vaulted_ceilings,1
FTR-13193,PRP-3292,solar_panels,0
FTR-13194,PRP-3292,granite_counters,0
FTR-13195,PRP-3292,open_floor_plan,yes
FTR-13196,PRP-3293,central_ac,Yes
FTR-13197,PRP-3293,fireplace,YES
FTR-13198,PRP-3294,new_roof,YES
FTR-13199,PRP-3294,open_floor_plan,1
FTR-13200,PRP-3295,master_suite,0
FTR-13201,PRP-3295,hardwood_floors,yes
FTR-13202,PRP-3295,walk_in_closet,Yes
FTR-13203,PRP-3295,smart_home,0
FTR-13204,PRP-3296,solar_panels,Yes
FTR-13205,PRP-3296,new_roof,no
FTR-13206,PRP-3296,central_ac,no
FTR-13207,PRP-3296,updated_kitchen,0
FTR-13208,PRP-3296,walk_in_closet,no
FTR-13209,PRP-3296,smart_home,no
FTR-13210,PRP-3297,master_suite,Yes
FTR-13211,PRP-3297,stainless_appliances,no
FTR-13212,PRP-3297,walk_in_closet,0
FTR-13213,PRP-3297,updated_kitchen,no
FTR-13214,PRP-3297,open_floor_plan,no
FTR-13215,PRP-3298,hardwood_floors,yes
FTR-13216,PRP-3298,fireplace,YES
FTR-13217,PRP-3298,smart_home,1
FTR-13218,PRP-3299,open_floor_plan,yes
FTR-13219,PRP-3299,hardwood_floors,1
FTR-13220,PRP-3299,vaulted_ceilings,yes
FTR-13221,PRP-3299,solar_panels,no
FTR-13222,PRP-3299,walk_in_closet,0
FTR-13223,PRP-3300,granite_counters,YES
FTR-13224,PRP-3300,solar_panels,0
FTR-13225,PRP-3301,hardwood_floors,1
FTR-13226,PRP-3301,stainless_appliances,Yes
FTR-13227,PRP-3301,new_roof,yes
FTR-13228,PRP-3302,vaulted_ceilings,yes
FTR-13229,PRP-3302,walk_in_closet,1
FTR-13230,PRP-3302,master_suite,1
FTR-13231,PRP-3302,stainless_appliances,YES
FTR-13232,PRP-3302,solar_panels,no
FTR-13233,PRP-3302,granite_counters,YES
FTR-13234,PRP-3303,smart_home,YES
FTR-13235,PRP-3303,stainless_appliances,Yes
FTR-13236,PRP-3303,central_ac,1
FTR-13237,PRP-3303,fireplace,Yes
FTR-13238,PRP-3303,fresh_paint,yes
FTR-13239,PRP-3303,open_floor_plan,1
FTR-13240,PRP-3304,updated_kitchen,no
FTR-13241,PRP-3304,fireplace,YES
FTR-13242,PRP-3304,smart_home,0
FTR-13243,PRP-3304,walk_in_closet,yes
FTR-13244,PRP-3304,open_floor_plan,Yes
FTR-13245,PRP-3304,vaulted_ceilings,Yes
FTR-13246,PRP-3305,granite_counters,1
FTR-13247,PRP-3305,fresh_paint,1
FTR-13248,PRP-3306,fireplace,yes
FTR-13249,PRP-3306,walk_in_closet,0
FTR-13250,PRP-3306,smart_home,yes
FTR-13251,PRP-3306,updated_kitchen,Yes
FTR-13252,PRP-3307,fresh_paint,no
FTR-13253,PRP-3307,vaulted_ceilings,1
FTR-13254,PRP-3307,updated_kitchen,Yes
FTR-13255,PRP-3308,updated_kitchen,YES
FTR-13256,PRP-3308,solar_panels,no
FTR-13257,PRP-3308,smart_home,0
FTR-13258,PRP-3308,new_roof,no
FTR-13259,PRP-3309,open_floor_plan,yes
FTR-13260,PRP-3309,solar_panels,YES
FTR-13261,PRP-3309,granite_counters,YES
FTR-13262,PRP-3309,master_suite,YES
FTR-13263,PRP-3310,walk_in_closet,YES
FTR-13264,PRP-3310,hardwood_floors,Yes
FTR-13265,PRP-3310,central_ac,yes
FTR-13266,PRP-3310,solar_panels,1
FTR-13267,PRP-3311,central_ac,YES
FTR-13268,PRP-3311,vaulted_ceilings,yes
FTR-13269,PRP-3311,open_floor_plan,0
FTR-13270,PRP-3311,fresh_paint,0
FTR-13271,PRP-3311,master_suite,Yes
FTR-13272,PRP-3312,stainless_appliances,no
FTR-13273,PRP-3312,central_ac,Yes
FTR-13274,PRP-3312,new_roof,Yes
FTR-13275,PRP-3313,granite_counters,no
FTR-13276,PRP-3313,vaulted_ceilings,no
FTR-13277,PRP-3313,smart_home,yes
FTR-13278,PRP-3313,solar_panels,1
FTR-13279,PRP-3313,stainless_appliances,yes
FTR-13280,PRP-3313,fireplace,no
FTR-13281,PRP-3314,vaulted_ceilings,0
FTR-13282,PRP-3314,walk_in_closet,YES
FTR-13283,PRP-3314,smart_home,0
FTR-13284,PRP-3314,master_suite,Yes
FTR-13285,PRP-3314,fireplace,YES
FTR-13286,PRP-3315,smart_home,0
FTR-13287,PRP-3315,new_roof,Yes
FTR-13288,PRP-3315,walk_in_closet,yes
FTR-13289,PRP-3316,new_roof,Yes
FTR-13290,PRP-3316,stainless_appliances,yes
FTR-13291,PRP-3316,central_ac,0
FTR-13292,PRP-3316,hardwood_floors,YES
FTR-13293,PRP-3316,walk_in_closet,yes
FTR-13294,PRP-3316,granite_counters,YES
FTR-13295,PRP-3317,vaulted_ceilings,no
FTR-13296,PRP-3317,updated_kitchen,Yes
FTR-13297,PRP-3318,vaulted_ceilings,YES
FTR-13298,PRP-3318,new_roof,yes
FTR-13299,PRP-3318,hardwood_floors,0
FTR-13300,PRP-3318,fireplace,yes
FTR-13301,PRP-3318,smart_home,no
FTR-13302,PRP-3318,fresh_paint,Yes
FTR-13303,PRP-3319,new_roof,1
FTR-13304,PRP-3319,master_suite,1
FTR-13305,PRP-3319,walk_in_closet,1
FTR-13306,PRP-3320,central_ac,Yes
FTR-13307,PRP-3320,open_floor_plan,yes
FTR-13308,PRP-3320,solar_panels,0
FTR-13309,PRP-3320,new_roof,YES
FTR-13310,PRP-3321,granite_counters,1
FTR-13311,PRP-3321,new_roof,YES
FTR-13312,PRP-3321,walk_in_closet,no
FTR-13313,PRP-3322,walk_in_closet,yes
FTR-13314,PRP-3322,fresh_paint,1
FTR-13315,PRP-3322,updated_kitchen,yes
FTR-13316,PRP-3322,stainless_appliances,YES
FTR-13317,PRP-3322,open_floor_plan,Yes
FTR-13318,PRP-3322,smart_home,0
FTR-13319,PRP-3323,fireplace,YES
FTR-13320,PRP-3323,central_ac,1
FTR-13321,PRP-3323,fresh_paint,1
FTR-13322,PRP-3323,open_floor_plan,no
FTR-13323,PRP-3324,stainless_appliances,no
FTR-13324,PRP-3324,master_suite,yes
FTR-13325,PRP-3324,hardwood_floors,no
FTR-13326,PRP-3324,fireplace,yes
FTR-13327,PRP-3324,walk_in_closet,no
FTR-13328,PRP-3324,open_floor_plan,1
FTR-13329,PRP-3325,updated_kitchen,yes
FTR-13330,PRP-3325,vaulted_ceilings,no
FTR-13331,PRP-3325,open_floor_plan,0
FTR-13332,PRP-3325,solar_panels,1
FTR-13333,PRP-3326,master_suite,0
FTR-13334,PRP-3326,new_roof,no
FTR-13335,PRP-3326,vaulted_ceilings,Yes
FTR-13336,PRP-3327,open_floor_plan,no
FTR-13337,PRP-3327,new_roof,1
FTR-13338,PRP-3327,fireplace,1
FTR-13339,PRP-3327,fresh_paint,1
FTR-13340,PRP-3328,solar_panels,YES
FTR-13341,PRP-3328,vaulted_ceilings,0
FTR-13342,PRP-3328,updated_kitchen,no
FTR-13343,PRP-3328,granite_counters,0
FTR-13344,PRP-3328,fireplace,no
FTR-13345,PRP-3329,walk_in_closet,0
FTR-13346,PRP-3329,open_floor_plan,yes
FTR-13347,PRP-3329,solar_panels,Yes
FTR-13348,PRP-3329,fireplace,1
FTR-13349,PRP-3330,walk_in_closet,yes
FTR-13350,PRP-3330,fresh_paint,0
FTR-13351,PRP-3330,central_ac,0
FTR-13352,PRP-3330,open_floor_plan,0
FTR-13353,PRP-3330,solar_panels,1
FTR-13354,PRP-3330,master_suite,1
FTR-13355,PRP-3331,updated_kitchen,yes
FTR-13356,PRP-3331,walk_in_closet,1
FTR-13357,PRP-3331,granite_counters,0
FTR-13358,PRP-3331,fresh_paint,1
FTR-13359,PRP-3332,open_floor_plan,1
FTR-13360,PRP-3332,smart_home,1
FTR-13361,PRP-3332,walk_in_closet,1
FTR-13362,PRP-3333,fireplace,no
FTR-13363,PRP-3333,open_floor_plan,no
FTR-13364,PRP-3333,central_ac,YES
FTR-13365,PRP-3333,smart_home,0
FTR-13366,PRP-3334,smart_home,yes
FTR-13367,PRP-3334,new_roof,0
FTR-13368,PRP-3335,fireplace,yes
FTR-13369,PRP-3335,vaulted_ceilings,YES
FTR-13370,PRP-3335,hardwood_floors,Yes
FTR-13371,PRP-3335,fresh_paint,YES
FTR-13372,PRP-3335,walk_in_closet,YES
FTR-13373,PRP-3335,master_suite,0
FTR-13374,PRP-3336,central_ac,0
FTR-13375,PRP-3336,smart_home,yes
FTR-13376,PRP-3336,fireplace,yes
FTR-13377,PRP-3337,solar_panels,no
FTR-13378,PRP-3337,fireplace,no
FTR-13379,PRP-3337,smart_home,no
FTR-13380,PRP-3338,hardwood_floors,no
FTR-13381,PRP-3338,central_ac,1
FTR-13382,PRP-3338,master_suite,no
FTR-13383,PRP-3339,central_ac,1
FTR-13384,PRP-3339,vaulted_ceilings,no
FTR-13385,PRP-3339,solar_panels,0
FTR-13386,PRP-3339,smart_home,0
FTR-13387,PRP-3340,fireplace,YES
FTR-13388,PRP-3340,new_roof,Yes
FTR-13389,PRP-3340,central_ac,yes
FTR-13390,PRP-3340,fresh_paint,YES
FTR-13391,PRP-3340,hardwood_floors,1
FTR-13392,PRP-3341,central_ac,yes
FTR-13393,PRP-3341,master_suite,YES
FTR-13394,PRP-3342,solar_panels,0
FTR-13395,PRP-3342,walk_in_closet,Yes
FTR-13396,PRP-3342,fresh_paint,no
FTR-13397,PRP-3343,walk_in_closet,Yes
FTR-13398,PRP-3343,stainless_appliances,yes
FTR-13399,PRP-3343,master_suite,0
FTR-13400,PRP-3343,granite_counters,yes
FTR-13401,PRP-3344,central_ac,Yes
FTR-13402,PRP-3344,new_roof,1
FTR-13403,PRP-3344,open_floor_plan,yes
FTR-13404,PRP-3344,fresh_paint,0
FTR-13405,PRP-3344,hardwood_floors,no
FTR-13406,PRP-3345,granite_counters,yes
FTR-13407,PRP-3345,solar_panels,yes
FTR-13408,PRP-3345,walk_in_closet,1
FTR-13409,PRP-3345,fireplace,YES
FTR-13410,PRP-3345,stainless_appliances,yes
FTR-13411,PRP-3346,master_suite,Yes
FTR-13412,PRP-3346,new_roof,yes
FTR-13413,PRP-3347,open_floor_plan,YES
FTR-13414,PRP-3347,central_ac,Yes
FTR-13415,PRP-3347,stainless_appliances,1
FTR-13416,PRP-3347,fireplace,YES
FTR-13417,PRP-3347,fresh_paint,yes
FTR-13418,PRP-3348,updated_kitchen,no
FTR-13419,PRP-3348,walk_in_closet,no
FTR-13420,PRP-3348,hardwood_floors,yes
FTR-13421,PRP-3348,stainless_appliances,Yes
FTR-13422,PRP-3348,vaulted_ceilings,no
FTR-13423,PRP-3349,updated_kitchen,1
FTR-13424,PRP-3349,walk_in_closet,yes
FTR-13425,PRP-3349,master_suite,0
FTR-13426,PRP-3350,master_suite,YES
FTR-13427,PRP-3350,smart_home,yes
FTR-13428,PRP-3351,open_floor_plan,1
FTR-13429,PRP-3351,granite_counters,Yes
FTR-13430,PRP-3351,new_roof,no
FTR-13431,PRP-3351,master_suite,1
FTR-13432,PRP-3351,fresh_paint,yes
FTR-13433,PRP-3351,central_ac,Yes
FTR-13434,PRP-3352,smart_home,no
FTR-13435,PRP-3352,master_suite,no
FTR-13436,PRP-3352,granite_counters,1
FTR-13437,PRP-3352,fresh_paint,no
FTR-13438,PRP-3352,updated_kitchen,Yes
FTR-13439,PRP-3353,master_suite,yes
FTR-13440,PRP-3353,granite_counters,1
FTR-13441,PRP-3353,hardwood_floors,Yes
FTR-13442,PRP-3353,smart_home,1
FTR-13443,PRP-3353,updated_kitchen,no
FTR-13444,PRP-3353,fireplace,yes
FTR-13445,PRP-3354,solar_panels,YES
FTR-13446,PRP-3354,walk_in_closet,Yes
FTR-13447,PRP-3355,walk_in_closet,YES
FTR-13448,PRP-3355,updated_kitchen,no
FTR-13449,PRP-3355,master_suite,0
FTR-13450,PRP-3355,stainless_appliances,Yes
FTR-13451,PRP-3356,fresh_paint,YES
FTR-13452,PRP-3356,vaulted_ceilings,no
FTR-13453,PRP-3356,hardwood_floors,0
FTR-13454,PRP-3356,updated_kitchen,1
FTR-13455,PRP-3356,master_suite,0
FTR-13456,PRP-3357,master_suite,YES
FTR-13457,PRP-3357,vaulted_ceilings,1
FTR-13458,PRP-3357,fireplace,no
FTR-13459,PRP-3358,fresh_paint,0
FTR-13460,PRP-3358,stainless_appliances,yes
FTR-13461,PRP-3359,new_roof,YES
FTR-13462,PRP-3359,updated_kitchen,1
FTR-13463,PRP-3360,granite_counters,no
FTR-13464,PRP-3360,master_suite,YES
FTR-13465,PRP-3360,new_roof,YES
FTR-13466,PRP-3361,new_roof,yes
FTR-13467,PRP-3361,master_suite,yes
FTR-13468,PRP-3361,smart_home,Yes
FTR-13469,PRP-3362,master_suite,no
FTR-13470,PRP-3362,stainless_appliances,no
FTR-13471,PRP-3362,granite_counters,0
FTR-13472,PRP-3363,smart_home,Yes
FTR-13473,PRP-3363,central_ac,YES
FTR-13474,PRP-3363,stainless_appliances,1
FTR-13475,PRP-3363,fireplace,yes
FTR-13476,PRP-3363,open_floor_plan,Yes
FTR-13477,PRP-3363,updated_kitchen,0
FTR-13478,PRP-3364,smart_home,yes
FTR-13479,PRP-3364,updated_kitchen,no
FTR-13480,PRP-3364,granite_counters,no
FTR-13481,PRP-3364,hardwood_floors,1
FTR-13482,PRP-3365,updated_kitchen,YES
FTR-13483,PRP-3365,open_floor_plan,Yes
FTR-13484,PRP-3365,new_roof,0
FTR-13485,PRP-3365,smart_home,yes
FTR-13486,PRP-3365,fireplace,1
FTR-13487,PRP-3365,hardwood_floors,yes
FTR-13488,PRP-3366,updated_kitchen,0
FTR-13489,PRP-3366,solar_panels,0
FTR-13490,PRP-3366,stainless_appliances,no
FTR-13491,PRP-3367,master_suite,Yes
FTR-13492,PRP-3367,smart_home,0
FTR-13493,PRP-3367,stainless_appliances,no
FTR-13494,PRP-3367,vaulted_ceilings,Yes
FTR-13495,PRP-3368,granite_counters,YES
FTR-13496,PRP-3368,smart_home,no
FTR-13497,PRP-3368,solar_panels,YES
FTR-13498,PRP-3368,master_suite,0
FTR-13499,PRP-3368,fireplace,Yes
FTR-13500,PRP-3368,updated_kitchen,YES
FTR-13501,PRP-3369,vaulted_ceilings,yes
FTR-13502,PRP-3369,fireplace,no
FTR-13503,PRP-3369,new_roof,yes
FTR-13504,PRP-3370,fireplace,yes
FTR-13505,PRP-3370,stainless_appliances,yes
FTR-13506,PRP-3370,new_roof,YES
FTR-13507,PRP-3371,fireplace,YES
FTR-13508,PRP-3371,master_suite,0
FTR-13509,PRP-3371,new_roof,YES
FTR-13510,PRP-3371,updated_kitchen,no
FTR-13511,PRP-3371,open_floor_plan,1
FTR-13512,PRP-3371,smart_home,0
FTR-13513,PRP-3372,new_roof,0
FTR-13514,PRP-3372,fresh_paint,no
FTR-13515,PRP-3372,smart_home,1
FTR-13516,PRP-3372,walk_in_closet,YES
FTR-13517,PRP-3372,stainless_appliances,no
FTR-13518,PRP-3373,updated_kitchen,0
FTR-13519,PRP-3373,fresh_paint,no
FTR-13520,PRP-3373,central_ac,yes
FTR-13521,PRP-3373,smart_home,0
FTR-13522,PRP-3373,stainless_appliances,yes
FTR-13523,PRP-3374,open_floor_plan,1
FTR-13524,PRP-3374,central_ac,1
FTR-13525,PRP-3374,fireplace,Yes
FTR-13526,PRP-3375,stainless_appliances,no
FTR-13527,PRP-3375,vaulted_ceilings,no
FTR-13528,PRP-3375,open_floor_plan,YES
FTR-13529,PRP-3375,walk_in_closet,Yes
FTR-13530,PRP-3375,updated_kitchen,Yes
FTR-13531,PRP-3375,master_suite,YES
FTR-13532,PRP-3376,new_roof,0
FTR-13533,PRP-3376,vaulted_ceilings,0
FTR-13534,PRP-3377,granite_counters,0
FTR-13535,PRP-3377,updated_kitchen,no
FTR-13536,PRP-3378,walk_in_closet,yes
FTR-13537,PRP-3378,hardwood_floors,no
FTR-13538,PRP-3378,stainless_appliances,Yes
FTR-13539,PRP-3379,stainless_appliances,1
FTR-13540,PRP-3379,master_suite,0
FTR-13541,PRP-3380,vaulted_ceilings,no
FTR-13542,PRP-3380,smart_home,YES
FTR-13543,PRP-3380,open_floor_plan,0
FTR-13544,PRP-3380,hardwood_floors,no
FTR-13545,PRP-3381,central_ac,0
FTR-13546,PRP-3381,fireplace,YES
FTR-13547,PRP-3381,vaulted_ceilings,1
FTR-13548,PRP-3381,hardwood_floors,0
FTR-13549,PRP-3381,solar_panels,Yes
FTR-13550,PRP-3382,hardwood_floors,0
FTR-13551,PRP-3382,fireplace,yes
FTR-13552,PRP-3382,solar_panels,no
FTR-13553,PRP-3383,stainless_appliances,no
FTR-13554,PRP-3383,solar_panels,yes
FTR-13555,PRP-3383,central_ac,no
FTR-13556,PRP-3383,granite_counters,0
FTR-13557,PRP-3383,hardwood_floors,yes
FTR-13558,PRP-3383,walk_in_closet,YES
FTR-13559,PRP-3384,vaulted_ceilings,0
FTR-13560,PRP-3384,updated_kitchen,no
FTR-13561,PRP-3384,smart_home,yes
FTR-13562,PRP-3384,open_floor_plan,no
FTR-13563,PRP-3385,fireplace,1
FTR-13564,PRP-3385,new_roof,yes
FTR-13565,PRP-3386,new_roof,0
FTR-13566,PRP-3386,solar_panels,0
FTR-13567,PRP-3386,open_floor_plan,Yes
FTR-13568,PRP-3387,stainless_appliances,1
FTR-13569,PRP-3387,open_floor_plan,1
FTR-13570,PRP-3387,hardwood_floors,1
FTR-13571,PRP-3388,walk_in_closet,YES
FTR-13572,PRP-3388,central_ac,yes
FTR-13573,PRP-3388,smart_home,YES
FTR-13574,PRP-3388,master_suite,YES
FTR-13575,PRP-3389,walk_in_closet,yes
FTR-13576,PRP-3389,hardwood_floors,YES
FTR-13577,PRP-3390,open_floor_plan,YES
FTR-13578,PRP-3390,fireplace,Yes
FTR-13579,PRP-3390,fresh_paint,0
FTR-13580,PRP-3390,stainless_appliances,0
FTR-13581,PRP-3390,central_ac,no
FTR-13582,PRP-3390,updated_kitchen,yes
FTR-13583,PRP-3391,hardwood_floors,YES
FTR-13584,PRP-3391,fireplace,0
FTR-13585,PRP-3391,master_suite,1
FTR-13586,PRP-3391,granite_counters,0
FTR-13587,PRP-3391,updated_kitchen,YES
FTR-13588,PRP-3391,open_floor_plan,Yes
FTR-13589,PRP-3392,hardwood_floors,1
FTR-13590,PRP-3392,walk_in_closet,Yes
FTR-13591,PRP-3392,updated_kitchen,yes
FTR-13592,PRP-3392,granite_counters,1
FTR-13593,PRP-3393,central_ac,1
FTR-13594,PRP-3393,smart_home,no
FTR-13595,PRP-3393,master_suite,YES
FTR-13596,PRP-3393,open_floor_plan,1
FTR-13597,PRP-3393,walk_in_closet,0
FTR-13598,PRP-3394,master_suite,Yes
FTR-13599,PRP-3394,new_roof,no
FTR-13600,PRP-3394,updated_kitchen,yes
FTR-13601,PRP-3395,hardwood_floors,0
FTR-13602,PRP-3395,stainless_appliances,1
FTR-13603,PRP-3395,granite_counters,no
FTR-13604,PRP-3395,new_roof,Yes
FTR-13605,PRP-3395,updated_kitchen,YES
FTR-13606,PRP-3395,vaulted_ceilings,YES
FTR-13607,PRP-3396,fresh_paint,Yes
FTR-13608,PRP-3396,updated_kitchen,no
FTR-13609,PRP-3396,granite_counters,1
FTR-13610,PRP-3396,central_ac,0
FTR-13611,PRP-3396,master_suite,YES
FTR-13612,PRP-3397,central_ac,yes
FTR-13613,PRP-3397,updated_kitchen,no
FTR-13614,PRP-3398,vaulted_ceilings,no
FTR-13615,PRP-3398,fireplace,1
FTR-13616,PRP-3399,smart_home,1
FTR-13617,PRP-3399,granite_counters,1
FTR-13618,PRP-3399,open_floor_plan,YES
FTR-13619,PRP-3399,solar_panels,yes
FTR-13620,PRP-3400,master_suite,1
FTR-13621,PRP-3400,solar_panels,no
FTR-13622,PRP-3400,updated_kitchen,yes
FTR-13623,PRP-3400,fresh_paint,YES
FTR-13624,PRP-3400,stainless_appliances,1
FTR-13625,PRP-3400,central_ac,no
FTR-13626,PRP-3401,hardwood_floors,YES
FTR-13627,PRP-3401,fireplace,Yes
FTR-13628,PRP-3402,updated_kitchen,0
FTR-13629,PRP-3402,walk_in_closet,YES
FTR-13630,PRP-3402,fireplace,no
FTR-13631,PRP-3403,master_suite,no
FTR-13632,PRP-3403,updated_kitchen,1
FTR-13633,PRP-3403,solar_panels,1
FTR-13634,PRP-3404,smart_home,yes
FTR-13635,PRP-3404,stainless_appliances,yes
FTR-13636,PRP-3404,master_suite,0
FTR-13637,PRP-3404,hardwood_floors,YES
FTR-13638,PRP-3404,vaulted_ceilings,yes
FTR-13639,PRP-3404,granite_counters,1
FTR-13640,PRP-3405,master_suite,no
FTR-13641,PRP-3405,walk_in_closet,yes
FTR-13642,PRP-3406,smart_home,0
FTR-13643,PRP-3406,fireplace,YES
FTR-13644,PRP-3406,walk_in_closet,Yes
FTR-13645,PRP-3406,master_suite,no
FTR-13646,PRP-3406,updated_kitchen,0
FTR-13647,PRP-3406,granite_counters,yes
FTR-13648,PRP-3407,new_roof,1
FTR-13649,PRP-3407,central_ac,1
FTR-13650,PRP-3407,open_floor_plan,Yes
FTR-13651,PRP-3407,fireplace,yes
FTR-13652,PRP-3408,fresh_paint,YES
FTR-13653,PRP-3408,hardwood_floors,no
FTR-13654,PRP-3409,fresh_paint,yes
FTR-13655,PRP-3409,open_floor_plan,YES
FTR-13656,PRP-3409,smart_home,Yes
FTR-13657,PRP-3409,hardwood_floors,yes
FTR-13658,PRP-3410,new_roof,no
FTR-13659,PRP-3410,stainless_appliances,YES
FTR-13660,PRP-3411,fireplace,Yes
FTR-13661,PRP-3411,master_suite,1
FTR-13662,PRP-3411,smart_home,no
FTR-13663,PRP-3411,stainless_appliances,yes
FTR-13664,PRP-3411,central_ac,YES
FTR-13665,PRP-3412,fireplace,YES
FTR-13666,PRP-3412,vaulted_ceilings,yes
FTR-13667,PRP-3412,granite_counters,1
FTR-13668,PRP-3413,vaulted_ceilings,Yes
FTR-13669,PRP-3413,solar_panels,no
FTR-13670,PRP-3413,smart_home,1
FTR-13671,PRP-3413,master_suite,1
FTR-13672,PRP-3413,fireplace,yes
FTR-13673,PRP-3414,vaulted_ceilings,0
FTR-13674,PRP-3414,open_floor_plan,YES
FTR-13675,PRP-3414,updated_kitchen,1
FTR-13676,PRP-3414,fireplace,0
FTR-13677,PRP-3415,hardwood_floors,YES
FTR-13678,PRP-3415,fireplace,Yes
FTR-13679,PRP-3415,granite_counters,YES
FTR-13680,PRP-3416,solar_panels,YES
FTR-13681,PRP-3416,central_ac,yes
FTR-13682,PRP-3416,vaulted_ceilings,YES
FTR-13683,PRP-3416,fireplace,no
FTR-13684,PRP-3416,updated_kitchen,Yes
FTR-13685,PRP-3416,new_roof,yes
FTR-13686,PRP-3417,new_roof,0
FTR-13687,PRP-3417,updated_kitchen,Yes
FTR-13688,PRP-3417,master_suite,0
FTR-13689,PRP-3418,updated_kitchen,YES
FTR-13690,PRP-3418,central_ac,YES
FTR-13691,PRP-3418,fireplace,Yes
FTR-13692,PRP-3418,hardwood_floors,Yes
FTR-13693,PRP-3419,stainless_appliances,YES
FTR-13694,PRP-3419,vaulted_ceilings,Yes
FTR-13695,PRP-3419,smart_home,0
FTR-13696,PRP-3419,open_floor_plan,no
FTR-13697,PRP-3419,updated_kitchen,YES
FTR-13698,PRP-3420,smart_home,YES
FTR-13699,PRP-3420,central_ac,yes
FTR-13700,PRP-3420,walk_in_closet,YES
FTR-13701,PRP-3420,solar_panels,Yes
FTR-13702,PRP-3420,new_roof,Yes
FTR-13703,PRP-3421,granite_counters,0
FTR-13704,PRP-3421,fresh_paint,no
FTR-13705,PRP-3421,open_floor_plan,0
FTR-13706,PRP-3421,updated_kitchen,no
FTR-13707,PRP-3421,stainless_appliances,YES
FTR-13708,PRP-3421,hardwood_floors,0
FTR-13709,PRP-3422,new_roof,YES
FTR-13710,PRP-3422,walk_in_closet,0
FTR-13711,PRP-3422,solar_panels,YES
FTR-13712,PRP-3422,central_ac,YES
FTR-13713,PRP-3423,granite_counters,no
FTR-13714,PRP-3423,central_ac,0
FTR-13715,PRP-3424,smart_home,no
FTR-13716,PRP-3424,solar_panels,yes
FTR-13717,PRP-3425,solar_panels,YES
FTR-13718,PRP-3425,updated_kitchen,Yes
FTR-13719,PRP-3425,smart_home,0
FTR-13720,PRP-3425,fireplace,YES
FTR-13721,PRP-3425,stainless_appliances,YES
FTR-13722,PRP-3425,granite_counters,1
FTR-13723,PRP-3426,smart_home,YES
FTR-13724,PRP-3426,solar_panels,Yes
FTR-13725,PRP-3426,open_floor_plan,YES
FTR-13726,PRP-3426,new_roof,0
FTR-13727,PRP-3426,updated_kitchen,YES
FTR-13728,PRP-3426,vaulted_ceilings,0
FTR-13729,PRP-3427,granite_counters,no
FTR-13730,PRP-3427,solar_panels,0
FTR-13731,PRP-3428,new_roof,0
FTR-13732,PRP-3428,hardwood_floors,Yes
FTR-13733,PRP-3429,central_ac,0
FTR-13734,PRP-3429,solar_panels,0
FTR-13735,PRP-3429,granite_counters,no
FTR-13736,PRP-3429,walk_in_closet,Yes
FTR-13737,PRP-3429,updated_kitchen,Yes
FTR-13738,PRP-3429,open_floor_plan,no
FTR-13739,PRP-3430,open_floor_plan,YES
FTR-13740,PRP-3430,fireplace,1
FTR-13741,PRP-3430,granite_counters,Yes
FTR-13742,PRP-3430,new_roof,yes
FTR-13743,PRP-3431,walk_in_closet,yes
FTR-13744,PRP-3431,master_suite,no
FTR-13745,PRP-3432,stainless_appliances,YES
FTR-13746,PRP-3432,hardwood_floors,1
FTR-13747,PRP-3432,master_suite,Yes
FTR-13748,PRP-3432,walk_in_closet,YES
FTR-13749,PRP-3433,new_roof,no
FTR-13750,PRP-3433,solar_panels,YES
FTR-13751,PRP-3433,granite_counters,yes
FTR-13752,PRP-3433,fireplace,YES
FTR-13753,PRP-3434,smart_home,yes
FTR-13754,PRP-3434,fireplace,YES
FTR-13755,PRP-3434,central_ac,1
FTR-13756,PRP-3435,walk_in_closet,no
FTR-13757,PRP-3435,new_roof,1
FTR-13758,PRP-3435,master_suite,0
FTR-13759,PRP-3435,smart_home,0
FTR-13760,PRP-3436,master_suite,no
FTR-13761,PRP-3436,vaulted_ceilings,Yes
FTR-13762,PRP-3436,central_ac,no
FTR-13763,PRP-3436,fresh_paint,no
FTR-13764,PRP-3437,master_suite,Yes
FTR-13765,PRP-3437,vaulted_ceilings,no
FTR-13766,PRP-3437,solar_panels,no
FTR-13767,PRP-3437,open_floor_plan,1
FTR-13768,PRP-3438,vaulted_ceilings,no
FTR-13769,PRP-3438,fresh_paint,1
FTR-13770,PRP-3439,smart_home,0
FTR-13771,PRP-3439,solar_panels,YES
FTR-13772,PRP-3439,walk_in_closet,no
FTR-13773,PRP-3439,stainless_appliances,YES
FTR-13774,PRP-3439,fireplace,1
FTR-13775,PRP-3440,stainless_appliances,1
FTR-13776,PRP-3440,smart_home,YES
FTR-13777,PRP-3440,master_suite,yes
FTR-13778,PRP-3440,vaulted_ceilings,no
FTR-13779,PRP-3440,open_floor_plan,Yes
FTR-13780,PRP-3440,solar_panels,yes
FTR-13781,PRP-3441,open_floor_plan,1
FTR-13782,PRP-3441,updated_kitchen,YES
FTR-13783,PRP-3441,walk_in_closet,0
FTR-13784,PRP-3442,stainless_appliances,YES
FTR-13785,PRP-3442,new_roof,Yes
FTR-13786,PRP-3442,smart_home,Yes
FTR-13787,PRP-3442,solar_panels,YES
FTR-13788,PRP-3442,master_suite,yes
FTR-13789,PRP-3442,vaulted_ceilings,1
FTR-13790,PRP-3443,vaulted_ceilings,yes
FTR-13791,PRP-3443,smart_home,no
FTR-13792,PRP-3443,fireplace,1
FTR-13793,PRP-3443,stainless_appliances,1
FTR-13794,PRP-3444,walk_in_closet,no
FTR-13795,PRP-3444,smart_home,Yes
FTR-13796,PRP-3444,solar_panels,YES
FTR-13797,PRP-3445,vaulted_ceilings,yes
FTR-13798,PRP-3445,fireplace,0
FTR-13799,PRP-3445,master_suite,no
FTR-13800,PRP-3445,solar_panels,1
FTR-13801,PRP-3445,new_roof,no
FTR-13802,PRP-3445,walk_in_closet,yes
FTR-13803,PRP-3446,central_ac,1
FTR-13804,PRP-3446,fresh_paint,YES
FTR-13805,PRP-3446,stainless_appliances,yes
FTR-13806,PRP-3447,central_ac,yes
FTR-13807,PRP-3447,vaulted_ceilings,Yes
FTR-13808,PRP-3447,updated_kitchen,Yes
FTR-13809,PRP-3448,fresh_paint,1
FTR-13810,PRP-3448,updated_kitchen,1
FTR-13811,PRP-3448,smart_home,yes
FTR-13812,PRP-3448,vaulted_ceilings,YES
FTR-13813,PRP-3448,new_roof,yes
FTR-13814,PRP-3449,new_roof,yes
FTR-13815,PRP-3449,fresh_paint,no
FTR-13816,PRP-3449,hardwood_floors,no
FTR-13817,PRP-3449,walk_in_closet,YES
FTR-13818,PRP-3449,solar_panels,0
FTR-13819,PRP-3449,granite_counters,1
FTR-13820,PRP-3450,master_suite,Yes
FTR-13821,PRP-3450,updated_kitchen,no
FTR-13822,PRP-3450,hardwood_floors,yes
FTR-13823,PRP-3450,granite_counters,1
FTR-13824,PRP-3450,fresh_paint,0
FTR-13825,PRP-3451,fresh_paint,0
FTR-13826,PRP-3451,granite_counters,1
FTR-13827,PRP-3451,stainless_appliances,0
FTR-13828,PRP-3451,hardwood_floors,1
FTR-13829,PRP-3451,new_roof,no
FTR-13830,PRP-3451,smart_home,YES
FTR-13831,PRP-3452,vaulted_ceilings,no
FTR-13832,PRP-3452,smart_home,0
FTR-13833,PRP-3452,central_ac,YES
FTR-13834,PRP-3452,hardwood_floors,no
FTR-13835,PRP-3453,new_roof,YES
FTR-13836,PRP-3453,updated_kitchen,YES
FTR-13837,PRP-3453,central_ac,Yes
FTR-13838,PRP-3453,granite_counters,yes
FTR-13839,PRP-3454,open_floor_plan,1
FTR-13840,PRP-3454,updated_kitchen,YES
FTR-13841,PRP-3455,new_roof,YES
FTR-13842,PRP-3455,central_ac,no
FTR-13843,PRP-3455,fresh_paint,Yes
FTR-13844,PRP-3456,open_floor_plan,YES
FTR-13845,PRP-3456,fireplace,no
FTR-13846,PRP-3456,walk_in_closet,YES
FTR-13847,PRP-3456,hardwood_floors,yes
FTR-13848,PRP-3456,central_ac,0
FTR-13849,PRP-3456,updated_kitchen,Yes
FTR-13850,PRP-3457,central_ac,Yes
FTR-13851,PRP-3457,stainless_appliances,no
FTR-13852,PRP-3458,vaulted_ceilings,1
FTR-13853,PRP-3458,new_roof,no
FTR-13854,PRP-3458,hardwood_floors,Yes
FTR-13855,PRP-3458,open_floor_plan,yes
FTR-13856,PRP-3459,smart_home,no
FTR-13857,PRP-3459,vaulted_ceilings,Yes
FTR-13858,PRP-3459,walk_in_closet,no
FTR-13859,PRP-3459,granite_counters,no
FTR-13860,PRP-3459,fresh_paint,0
FTR-13861,PRP-3460,master_suite,0
FTR-13862,PRP-3460,vaulted_ceilings,1
FTR-13863,PRP-3460,central_ac,0
FTR-13864,PRP-3460,open_floor_plan,0
FTR-13865,PRP-3460,granite_counters,Yes
FTR-13866,PRP-3460,updated_kitchen,yes
FTR-13867,PRP-3461,new_roof,1
FTR-13868,PRP-3461,central_ac,Yes
FTR-13869,PRP-3461,master_suite,no
FTR-13870,PRP-3461,granite_counters,0
FTR-13871,PRP-3461,vaulted_ceilings,1
FTR-13872,PRP-3462,vaulted_ceilings,no
FTR-13873,PRP-3462,open_floor_plan,Yes
FTR-13874,PRP-3462,central_ac,1
FTR-13875,PRP-3462,updated_kitchen,YES
FTR-13876,PRP-3462,solar_panels,YES
FTR-13877,PRP-3463,updated_kitchen,yes
FTR-13878,PRP-3463,stainless_appliances,yes
FTR-13879,PRP-3463,hardwood_floors,YES
FTR-13880,PRP-3463,smart_home,yes
FTR-13881,PRP-3464,central_ac,yes
FTR-13882,PRP-3464,solar_panels,0
FTR-13883,PRP-3464,granite_counters,1
FTR-13884,PRP-3464,new_roof,0
FTR-13885,PRP-3464,master_suite,Yes
FTR-13886,PRP-3464,vaulted_ceilings,yes
FTR-13887,PRP-3465,central_ac,no
FTR-13888,PRP-3465,updated_kitchen,0
FTR-13889,PRP-3465,master_suite,Yes
FTR-13890,PRP-3465,smart_home,yes
FTR-13891,PRP-3465,hardwood_floors,YES
FTR-13892,PRP-3466,central_ac,no
FTR-13893,PRP-3466,fresh_paint,YES
FTR-13894,PRP-3466,new_roof,yes
FTR-13895,PRP-3467,solar_panels,0
FTR-13896,PRP-3467,walk_in_closet,Yes
FTR-13897,PRP-3467,master_suite,Yes
FTR-13898,PRP-3467,hardwood_floors,0
FTR-13899,PRP-3467,open_floor_plan,Yes
FTR-13900,PRP-3468,walk_in_closet,yes
FTR-13901,PRP-3468,updated_kitchen,no
FTR-13902,PRP-3468,central_ac,no
FTR-13903,PRP-3468,open_floor_plan,0
FTR-13904,PRP-3469,stainless_appliances,Yes
FTR-13905,PRP-3469,solar_panels,yes
FTR-13906,PRP-3469,smart_home,no
FTR-13907,PRP-3470,solar_panels,0
FTR-13908,PRP-3470,fresh_paint,0
FTR-13909,PRP-3470,open_floor_plan,no
FTR-13910,PRP-3470,central_ac,Yes
FTR-13911,PRP-3470,fireplace,Yes
FTR-13912,PRP-3470,walk_in_closet,YES
FTR-13913,PRP-3471,solar_panels,0
FTR-13914,PRP-3471,vaulted_ceilings,yes
FTR-13915,PRP-3471,master_suite,0
FTR-13916,PRP-3471,central_ac,1
FTR-13917,PRP-3472,granite_counters,YES
FTR-13918,PRP-3472,new_roof,YES
FTR-13919,PRP-3472,open_floor_plan,YES
FTR-13920,PRP-3473,fresh_paint,YES
FTR-13921,PRP-3473,stainless_appliances,0
FTR-13922,PRP-3473,new_roof,yes
FTR-13923,PRP-3474,solar_panels,0
FTR-13924,PRP-3474,granite_counters,yes
FTR-13925,PRP-3474,new_roof,no
FTR-13926,PRP-3474,open_floor_plan,YES
FTR-13927,PRP-3475,granite_counters,Yes
FTR-13928,PRP-3475,hardwood_floors,YES
FTR-13929,PRP-3475,central_ac,0
FTR-13930,PRP-3475,open_floor_plan,yes
FTR-13931,PRP-3475,smart_home,Yes
FTR-13932,PRP-3476,vaulted_ceilings,yes
FTR-13933,PRP-3476,stainless_appliances,1
FTR-13934,PRP-3476,solar_panels,YES
FTR-13935,PRP-3476,granite_counters,0
FTR-13936,PRP-3476,new_roof,0
FTR-13937,PRP-3477,open_floor_plan,yes
FTR-13938,PRP-3477,vaulted_ceilings,1
FTR-13939,PRP-3477,fireplace,0
FTR-13940,PRP-3477,granite_counters,Yes
FTR-13941,PRP-3477,smart_home,yes
FTR-13942,PRP-3477,stainless_appliances,yes
FTR-13943,PRP-3478,stainless_appliances,0
FTR-13944,PRP-3478,new_roof,YES
FTR-13945,PRP-3479,open_floor_plan,Yes
FTR-13946,PRP-3479,updated_kitchen,YES
FTR-13947,PRP-3479,smart_home,0
FTR-13948,PRP-3479,granite_counters,Yes
FTR-13949,PRP-3480,open_floor_plan,YES
FTR-13950,PRP-3480,solar_panels,0
FTR-13951,PRP-3481,central_ac,0
FTR-13952,PRP-3481,smart_home,YES
FTR-13953,PRP-3482,master_suite,Yes
FTR-13954,PRP-3482,new_roof,yes
FTR-13955,PRP-3482,solar_panels,yes
FTR-13956,PRP-3482,walk_in_closet,YES
FTR-13957,PRP-3482,vaulted_ceilings,yes
FTR-13958,PRP-3483,new_roof,Yes
FTR-13959,PRP-3483,vaulted_ceilings,0
FTR-13960,PRP-3483,walk_in_closet,1
FTR-13961,PRP-3483,smart_home,Yes
FTR-13962,PRP-3483,updated_kitchen,0
FTR-13963,PRP-3484,fresh_paint,YES
FTR-13964,PRP-3484,solar_panels,Yes
FTR-13965,PRP-3484,stainless_appliances,Yes
FTR-13966,PRP-3484,central_ac,Yes
FTR-13967,PRP-3484,new_roof,0
FTR-13968,PRP-3485,open_floor_plan,no
FTR-13969,PRP-3485,solar_panels,yes
FTR-13970,PRP-3486,smart_home,no
FTR-13971,PRP-3486,updated_kitchen,0
FTR-13972,PRP-3486,fireplace,YES
FTR-13973,PRP-3486,walk_in_closet,0
FTR-13974,PRP-3486,granite_counters,1
FTR-13975,PRP-3487,master_suite,0
FTR-13976,PRP-3487,solar_panels,no
FTR-13977,PRP-3487,walk_in_closet,0
FTR-13978,PRP-3487,vaulted_ceilings,0
FTR-13979,PRP-3487,new_roof,Yes
FTR-13980,PRP-3487,fireplace,Yes
FTR-13981,PRP-3488,vaulted_ceilings,Yes
FTR-13982,PRP-3488,new_roof,Yes
FTR-13983,PRP-3488,updated_kitchen,1
FTR-13984,PRP-3488,walk_in_closet,no
FTR-13985,PRP-3488,fireplace,Yes
FTR-13986,PRP-3489,hardwood_floors,yes
FTR-13987,PRP-3489,walk_in_closet,1
FTR-13988,PRP-3489,stainless_appliances,0
FTR-13989,PRP-3490,new_roof,no
FTR-13990,PRP-3490,central_ac,no
FTR-13991,PRP-3490,updated_kitchen,1
FTR-13992,PRP-3490,fresh_paint,1
FTR-13993,PRP-3490,open_floor_plan,YES
FTR-13994,PRP-3491,granite_counters,Yes
FTR-13995,PRP-3491,vaulted_ceilings,Yes
FTR-13996,PRP-3491,open_floor_plan,YES
FTR-13997,PRP-3492,granite_counters,Yes
FTR-13998,PRP-3492,open_floor_plan,Yes
FTR-13999,PRP-3492,walk_in_closet,YES
FTR-14000,PRP-3492,updated_kitchen,yes
FTR-14001,PRP-3492,master_suite,0
FTR-14002,PRP-3492,smart_home,no
FTR-14003,PRP-3493,new_roof,yes
FTR-14004,PRP-3493,central_ac,Yes
FTR-14005,PRP-3493,updated_kitchen,no
FTR-14006,PRP-3494,stainless_appliances,no
FTR-14007,PRP-3494,walk_in_closet,Yes
FTR-14008,PRP-3494,vaulted_ceilings,1
FTR-14009,PRP-3495,updated_kitchen,yes
FTR-14010,PRP-3495,walk_in_closet,0
FTR-14011,PRP-3496,fireplace,no
FTR-14012,PRP-3496,new_roof,YES
FTR-14013,PRP-3496,fresh_paint,0
FTR-14014,PRP-3496,solar_panels,no
FTR-14015,PRP-3497,solar_panels,YES
FTR-14016,PRP-3497,stainless_appliances,yes
FTR-14017,PRP-3497,hardwood_floors,YES
FTR-14018,PRP-3498,stainless_appliances,YES
FTR-14019,PRP-3498,hardwood_floors,1
FTR-14020,PRP-3498,new_roof,yes
FTR-14021,PRP-3498,open_floor_plan,YES
FTR-14022,PRP-3498,fresh_paint,0
FTR-14023,PRP-3499,granite_counters,0
FTR-14024,PRP-3499,new_roof,yes
FTR-14025,PRP-3500,new_roof,0
FTR-14026,PRP-3500,master_suite,no
FTR-14027,PRP-3500,solar_panels,1
FTR-14028,PRP-3500,updated_kitchen,Yes
FTR-14029,PRP-3500,central_ac,no
FTR-14030,PRP-3500,hardwood_floors,yes
FTR-14031,PRP-3501,stainless_appliances,Yes
FTR-14032,PRP-3501,new_roof,1
FTR-14033,PRP-3501,granite_counters,no
FTR-14034,PRP-3502,master_suite,Yes
FTR-14035,PRP-3502,fireplace,Yes
FTR-14036,PRP-3503,stainless_appliances,YES
FTR-14037,PRP-3503,fireplace,yes
FTR-14038,PRP-3503,open_floor_plan,no
FTR-14039,PRP-3503,vaulted_ceilings,yes
FTR-14040,PRP-3503,smart_home,no
FTR-14041,PRP-3503,master_suite,no
FTR-14042,PRP-3504,vaulted_ceilings,Yes
FTR-14043,PRP-3504,stainless_appliances,yes
FTR-14044,PRP-3504,new_roof,1
FTR-14045,PRP-3504,updated_kitchen,1
FTR-14046,PRP-3504,smart_home,Yes
FTR-14047,PRP-3504,open_floor_plan,0
FTR-14048,PRP-3505,master_suite,yes
FTR-14049,PRP-3505,updated_kitchen,YES
FTR-14050,PRP-3506,vaulted_ceilings,0
FTR-14051,PRP-3506,smart_home,Yes
FTR-14052,PRP-3506,granite_counters,Yes
FTR-14053,PRP-3506,updated_kitchen,yes
FTR-14054,PRP-3507,smart_home,Yes
FTR-14055,PRP-3507,open_floor_plan,yes
FTR-14056,PRP-3507,fireplace,0
FTR-14057,PRP-3507,updated_kitchen,1
FTR-14058,PRP-3508,smart_home,YES
FTR-14059,PRP-3508,fresh_paint,YES
FTR-14060,PRP-3508,solar_panels,no
FTR-14061,PRP-3508,fireplace,Yes
FTR-14062,PRP-3508,new_roof,Yes
FTR-14063,PRP-3509,stainless_appliances,1
FTR-14064,PRP-3509,solar_panels,Yes
FTR-14065,PRP-3509,hardwood_floors,YES
FTR-14066,PRP-3509,new_roof,Yes
FTR-14067,PRP-3510,fresh_paint,Yes
FTR-14068,PRP-3510,stainless_appliances,YES
FTR-14069,PRP-3511,solar_panels,1
FTR-14070,PRP-3511,central_ac,0
FTR-14071,PRP-3511,granite_counters,0
FTR-14072,PRP-3511,new_roof,yes
FTR-14073,PRP-3511,updated_kitchen,Yes
FTR-14074,PRP-3512,hardwood_floors,1
FTR-14075,PRP-3512,fresh_paint,0
FTR-14076,PRP-3512,new_roof,Yes
FTR-14077,PRP-3512,central_ac,YES
FTR-14078,PRP-3512,fireplace,no
FTR-14079,PRP-3512,stainless_appliances,YES
FTR-14080,PRP-3513,central_ac,1
FTR-14081,PRP-3513,stainless_appliances,no
FTR-14082,PRP-3513,vaulted_ceilings,YES
FTR-14083,PRP-3513,open_floor_plan,0
FTR-14084,PRP-3513,new_roof,Yes
FTR-14085,PRP-3514,solar_panels,Yes
FTR-14086,PRP-3514,fireplace,0
FTR-14087,PRP-3514,vaulted_ceilings,yes
FTR-14088,PRP-3514,updated_kitchen,YES
FTR-14089,PRP-3514,hardwood_floors,YES
FTR-14090,PRP-3514,fresh_paint,no
FTR-14091,PRP-3515,smart_home,yes
FTR-14092,PRP-3515,hardwood_floors,yes
FTR-14093,PRP-3516,vaulted_ceilings,no
FTR-14094,PRP-3516,granite_counters,1
FTR-14095,PRP-3516,updated_kitchen,1
FTR-14096,PRP-3516,fresh_paint,no
FTR-14097,PRP-3516,central_ac,0
FTR-14098,PRP-3516,master_suite,Yes
FTR-14099,PRP-3517,updated_kitchen,1
FTR-14100,PRP-3517,hardwood_floors,YES
FTR-14101,PRP-3517,stainless_appliances,1
FTR-14102,PRP-3517,new_roof,YES
FTR-14103,PRP-3517,granite_counters,yes
FTR-14104,PRP-3517,open_floor_plan,Yes
FTR-14105,PRP-3518,fresh_paint,Yes
FTR-14106,PRP-3518,solar_panels,1
FTR-14107,PRP-3518,new_roof,0
FTR-14108,PRP-3518,walk_in_closet,YES
FTR-14109,PRP-3519,vaulted_ceilings,YES
FTR-14110,PRP-3519,updated_kitchen,Yes
FTR-14111,PRP-3519,open_floor_plan,YES
FTR-14112,PRP-3519,fresh_paint,1
FTR-14113,PRP-3519,solar_panels,1
FTR-14114,PRP-3520,new_roof,no
FTR-14115,PRP-3520,smart_home,yes
FTR-14116,PRP-3521,granite_counters,Yes
FTR-14117,PRP-3521,walk_in_closet,no
FTR-14118,PRP-3521,solar_panels,Yes
FTR-14119,PRP-3522,granite_counters,1
FTR-14120,PRP-3522,master_suite,no
FTR-14121,PRP-3522,stainless_appliances,yes
FTR-14122,PRP-3522,smart_home,yes
FTR-14123,PRP-3522,updated_kitchen,Yes
FTR-14124,PRP-3523,fresh_paint,Yes
FTR-14125,PRP-3523,stainless_appliances,1
FTR-14126,PRP-3523,master_suite,1
FTR-14127,PRP-3523,central_ac,yes
FTR-14128,PRP-3523,hardwood_floors,0
FTR-14129,PRP-3523,granite_counters,0
FTR-14130,PRP-3524,stainless_appliances,YES
FTR-14131,PRP-3524,solar_panels,1
FTR-14132,PRP-3524,walk_in_closet,1
FTR-14133,PRP-3524,new_roof,Yes
FTR-14134,PRP-3524,master_suite,yes
FTR-14135,PRP-3525,vaulted_ceilings,YES
FTR-14136,PRP-3525,smart_home,YES
FTR-14137,PRP-3526,vaulted_ceilings,yes
FTR-14138,PRP-3526,smart_home,no
FTR-14139,PRP-3526,central_ac,yes
FTR-14140,PRP-3527,new_roof,1
FTR-14141,PRP-3527,fireplace,0
FTR-14142,PRP-3527,open_floor_plan,yes
FTR-14143,PRP-3527,central_ac,no
FTR-14144,PRP-3527,smart_home,YES
FTR-14145,PRP-3528,walk_in_closet,no
FTR-14146,PRP-3528,smart_home,0
FTR-14147,PRP-3528,open_floor_plan,no
FTR-14148,PRP-3528,solar_panels,1
FTR-14149,PRP-3528,new_roof,YES
FTR-14150,PRP-3529,fireplace,0
FTR-14151,PRP-3529,new_roof,yes
FTR-14152,PRP-3530,central_ac,0
FTR-14153,PRP-3530,vaulted_ceilings,0
FTR-14154,PRP-3530,fireplace,Yes
FTR-14155,PRP-3530,solar_panels,1
FTR-14156,PRP-3530,fresh_paint,YES
FTR-14157,PRP-3530,walk_in_closet,YES
FTR-14158,PRP-3531,smart_home,yes
FTR-14159,PRP-3531,vaulted_ceilings,1
FTR-14160,PRP-3531,solar_panels,yes
FTR-14161,PRP-3532,fresh_paint,YES
FTR-14162,PRP-3532,solar_panels,1
FTR-14163,PRP-3532,vaulted_ceilings,no
FTR-14164,PRP-3532,stainless_appliances,Yes
FTR-14165,PRP-3533,smart_home,Yes
FTR-14166,PRP-3533,fresh_paint,1
FTR-14167,PRP-3533,updated_kitchen,Yes
FTR-14168,PRP-3534,hardwood_floors,0
FTR-14169,PRP-3534,smart_home,yes
FTR-14170,PRP-3535,updated_kitchen,Yes
FTR-14171,PRP-3535,new_roof,Yes
FTR-14172,PRP-3535,open_floor_plan,YES
FTR-14173,PRP-3535,central_ac,1
FTR-14174,PRP-3535,fresh_paint,1
FTR-14175,PRP-3535,smart_home,0
FTR-14176,PRP-3536,new_roof,YES
FTR-14177,PRP-3536,smart_home,1
FTR-14178,PRP-3536,vaulted_ceilings,no
FTR-14179,PRP-3537,hardwood_floors,1
FTR-14180,PRP-3537,new_roof,no
FTR-14181,PRP-3537,fresh_paint,no
FTR-14182,PRP-3538,updated_kitchen,YES
FTR-14183,PRP-3538,stainless_appliances,yes
FTR-14184,PRP-3538,smart_home,yes
FTR-14185,PRP-3538,new_roof,1
FTR-14186,PRP-3539,new_roof,0
FTR-14187,PRP-3539,fresh_paint,YES
FTR-14188,PRP-3540,new_roof,no
FTR-14189,PRP-3540,updated_kitchen,0
FTR-14190,PRP-3540,open_floor_plan,1
FTR-14191,PRP-3540,central_ac,0
FTR-14192,PRP-3541,new_roof,no
FTR-14193,PRP-3541,fresh_paint,YES
FTR-14194,PRP-3541,smart_home,YES
FTR-14195,PRP-3541,updated_kitchen,Yes
FTR-14196,PRP-3541,hardwood_floors,0
FTR-14197,PRP-3541,solar_panels,yes
FTR-14198,PRP-3542,central_ac,0
FTR-14199,PRP-3542,vaulted_ceilings,0
FTR-14200,PRP-3542,solar_panels,yes
FTR-14201,PRP-3543,new_roof,1
FTR-14202,PRP-3543,central_ac,no
FTR-14203,PRP-3543,fresh_paint,yes
FTR-14204,PRP-3543,walk_in_closet,1
FTR-14205,PRP-3544,walk_in_closet,1
FTR-14206,PRP-3544,new_roof,yes
FTR-14207,PRP-3544,stainless_appliances,no
FTR-14208,PRP-3544,hardwood_floors,no
FTR-14209,PRP-3544,fresh_paint,no
FTR-14210,PRP-3544,central_ac,1
FTR-14211,PRP-3545,granite_counters,no
FTR-14212,PRP-3545,stainless_appliances,yes
FTR-14213,PRP-3545,walk_in_closet,YES
FTR-14214,PRP-3545,vaulted_ceilings,YES
FTR-14215,PRP-3545,hardwood_floors,yes
FTR-14216,PRP-3546,fireplace,YES
FTR-14217,PRP-3546,granite_counters,0
FTR-14218,PRP-3546,fresh_paint,1
FTR-14219,PRP-3546,solar_panels,YES
FTR-14220,PRP-3546,smart_home,YES
FTR-14221,PRP-3546,hardwood_floors,yes
FTR-14222,PRP-3547,new_roof,0
FTR-14223,PRP-3547,solar_panels,YES
FTR-14224,PRP-3547,walk_in_closet,yes
FTR-14225,PRP-3547,open_floor_plan,Yes
FTR-14226,PRP-3547,vaulted_ceilings,0
FTR-14227,PRP-3547,fireplace,Yes
FTR-14228,PRP-3548,walk_in_closet,Yes
FTR-14229,PRP-3548,hardwood_floors,Yes
FTR-14230,PRP-3548,vaulted_ceilings,yes
FTR-14231,PRP-3548,smart_home,yes
FTR-14232,PRP-3549,fireplace,0
FTR-14233,PRP-3549,walk_in_closet,1
FTR-14234,PRP-3549,central_ac,YES
FTR-14235,PRP-3549,solar_panels,0
FTR-14236,PRP-3549,master_suite,1
FTR-14237,PRP-3550,central_ac,YES
FTR-14238,PRP-3550,smart_home,no
FTR-14239,PRP-3550,new_roof,1
FTR-14240,PRP-3550,updated_kitchen,YES
FTR-14241,PRP-3550,fireplace,1
FTR-14242,PRP-3550,solar_panels,0
FTR-14243,PRP-3551,vaulted_ceilings,0
FTR-14244,PRP-3551,central_ac,yes
FTR-14245,PRP-3551,master_suite,YES
FTR-14246,PRP-3551,fireplace,yes
FTR-14247,PRP-3551,fresh_paint,0
FTR-14248,PRP-3551,updated_kitchen,1
FTR-14249,PRP-3552,master_suite,Yes
FTR-14250,PRP-3552,hardwood_floors,YES
FTR-14251,PRP-3552,walk_in_closet,YES
FTR-14252,PRP-3552,fireplace,yes
FTR-14253,PRP-3552,central_ac,1
FTR-14254,PRP-3552,new_roof,YES
FTR-14255,PRP-3553,walk_in_closet,no
FTR-14256,PRP-3553,granite_counters,no
FTR-14257,PRP-3554,smart_home,Yes
FTR-14258,PRP-3554,master_suite,YES
FTR-14259,PRP-3554,fireplace,0
FTR-14260,PRP-3554,central_ac,no
FTR-14261,PRP-3555,walk_in_closet,Yes
FTR-14262,PRP-3555,stainless_appliances,no
FTR-14263,PRP-3555,solar_panels,0
FTR-14264,PRP-3555,central_ac,1
FTR-14265,PRP-3556,solar_panels,no
FTR-14266,PRP-3556,central_ac,YES
FTR-14267,PRP-3556,master_suite,Yes
FTR-14268,PRP-3556,open_floor_plan,no
FTR-14269,PRP-3556,updated_kitchen,Yes
FTR-14270,PRP-3557,master_suite,0
FTR-14271,PRP-3557,central_ac,no
FTR-14272,PRP-3557,granite_counters,YES
FTR-14273,PRP-3558,granite_counters,Yes
FTR-14274,PRP-3558,new_roof,YES
FTR-14275,PRP-3558,walk_in_closet,no
FTR-14276,PRP-3558,vaulted_ceilings,Yes
FTR-14277,PRP-3558,open_floor_plan,0
FTR-14278,PRP-3558,stainless_appliances,no
FTR-14279,PRP-3559,master_suite,0
FTR-14280,PRP-3559,fresh_paint,YES
FTR-14281,PRP-3560,new_roof,no
FTR-14282,PRP-3560,master_suite,0
FTR-14283,PRP-3561,smart_home,YES
FTR-14284,PRP-3561,vaulted_ceilings,1
FTR-14285,PRP-3561,updated_kitchen,yes
FTR-14286,PRP-3561,granite_counters,yes
FTR-14287,PRP-3562,updated_kitchen,1
FTR-14288,PRP-3562,vaulted_ceilings,yes
FTR-14289,PRP-3563,smart_home,YES
FTR-14290,PRP-3563,granite_counters,1
FTR-14291,PRP-3563,hardwood_floors,Yes
FTR-14292,PRP-3563,fireplace,Yes
FTR-14293,PRP-3564,granite_counters,no
FTR-14294,PRP-3564,vaulted_ceilings,yes
FTR-14295,PRP-3564,central_ac,no
FTR-14296,PRP-3564,smart_home,1
FTR-14297,PRP-3564,open_floor_plan,no
FTR-14298,PRP-3564,fresh_paint,YES
FTR-14299,PRP-3565,smart_home,no
FTR-14300,PRP-3565,open_floor_plan,Yes
FTR-14301,PRP-3565,fireplace,Yes
FTR-14302,PRP-3565,hardwood_floors,yes
FTR-14303,PRP-3566,new_roof,0
FTR-14304,PRP-3566,solar_panels,Yes
FTR-14305,PRP-3566,smart_home,no
FTR-14306,PRP-3567,central_ac,1
FTR-14307,PRP-3567,fresh_paint,yes
FTR-14308,PRP-3568,fireplace,no
FTR-14309,PRP-3568,fresh_paint,no
FTR-14310,PRP-3568,master_suite,Yes
FTR-14311,PRP-3569,hardwood_floors,yes
FTR-14312,PRP-3569,walk_in_closet,Yes
FTR-14313,PRP-3569,granite_counters,0
FTR-14314,PRP-3569,solar_panels,YES
FTR-14315,PRP-3569,smart_home,1
FTR-14316,PRP-3570,updated_kitchen,1
FTR-14317,PRP-3570,granite_counters,no
FTR-14318,PRP-3570,fresh_paint,YES
FTR-14319,PRP-3571,smart_home,yes
FTR-14320,PRP-3571,hardwood_floors,Yes
FTR-14321,PRP-3571,central_ac,1
FTR-14322,PRP-3572,hardwood_floors,yes
FTR-14323,PRP-3572,new_roof,YES
FTR-14324,PRP-3573,granite_counters,0
FTR-14325,PRP-3573,fresh_paint,1
FTR-14326,PRP-3573,solar_panels,yes
FTR-14327,PRP-3573,walk_in_closet,0
FTR-14328,PRP-3574,vaulted_ceilings,0
FTR-14329,PRP-3574,open_floor_plan,no
FTR-14330,PRP-3574,fresh_paint,no
FTR-14331,PRP-3575,stainless_appliances,YES
FTR-14332,PRP-3575,updated_kitchen,1
FTR-14333,PRP-3576,updated_kitchen,0
FTR-14334,PRP-3576,hardwood_floors,yes
FTR-14335,PRP-3576,granite_counters,0
FTR-14336,PRP-3576,master_suite,yes
FTR-14337,PRP-3576,stainless_appliances,YES
FTR-14338,PRP-3577,fresh_paint,0
FTR-14339,PRP-3577,updated_kitchen,Yes
FTR-14340,PRP-3577,master_suite,0
FTR-14341,PRP-3577,solar_panels,1
FTR-14342,PRP-3577,new_roof,Yes
FTR-14343,PRP-3578,hardwood_floors,YES
FTR-14344,PRP-3578,smart_home,yes
FTR-14345,PRP-3578,solar_panels,Yes
FTR-14346,PRP-3578,vaulted_ceilings,no
FTR-14347,PRP-3579,granite_counters,Yes
FTR-14348,PRP-3579,hardwood_floors,YES
FTR-14349,PRP-3579,walk_in_closet,0
FTR-14350,PRP-3579,open_floor_plan,Yes
FTR-14351,PRP-3580,open_floor_plan,YES
FTR-14352,PRP-3580,new_roof,0
FTR-14353,PRP-3580,granite_counters,Yes
FTR-14354,PRP-3580,hardwood_floors,yes
FTR-14355,PRP-3581,new_roof,YES
FTR-14356,PRP-3581,open_floor_plan,yes
FTR-14357,PRP-3581,stainless_appliances,YES
FTR-14358,PRP-3581,hardwood_floors,Yes
FTR-14359,PRP-3581,fireplace,no
FTR-14360,PRP-3581,solar_panels,YES
FTR-14361,PRP-3582,new_roof,yes
FTR-14362,PRP-3582,vaulted_ceilings,1
FTR-14363,PRP-3582,fireplace,yes
FTR-14364,PRP-3582,stainless_appliances,yes
FTR-14365,PRP-3582,hardwood_floors,no
FTR-14366,PRP-3583,fireplace,YES
FTR-14367,PRP-3583,solar_panels,Yes
FTR-14368,PRP-3583,new_roof,0
FTR-14369,PRP-3583,hardwood_floors,YES
FTR-14370,PRP-3583,stainless_appliances,Yes
FTR-14371,PRP-3584,smart_home,YES
FTR-14372,PRP-3584,granite_counters,no
FTR-14373,PRP-3584,solar_panels,YES
FTR-14374,PRP-3584,central_ac,Yes
FTR-14375,PRP-3585,granite_counters,1
FTR-14376,PRP-3585,fresh_paint,Yes
FTR-14377,PRP-3585,new_roof,Yes
FTR-14378,PRP-3585,solar_panels,0
FTR-14379,PRP-3585,updated_kitchen,YES
FTR-14380,PRP-3586,central_ac,YES
FTR-14381,PRP-3586,open_floor_plan,1
FTR-14382,PRP-3586,fireplace,1
FTR-14383,PRP-3587,updated_kitchen,yes
FTR-14384,PRP-3587,smart_home,Yes
FTR-14385,PRP-3587,granite_counters,0
FTR-14386,PRP-3587,fresh_paint,0
FTR-14387,PRP-3587,stainless_appliances,Yes
FTR-14388,PRP-3588,central_ac,Yes
FTR-14389,PRP-3588,walk_in_closet,YES
FTR-14390,PRP-3588,stainless_appliances,0
FTR-14391,PRP-3588,new_roof,Yes
FTR-14392,PRP-3588,hardwood_floors,0
FTR-14393,PRP-3589,hardwood_floors,YES
FTR-14394,PRP-3589,updated_kitchen,Yes
FTR-14395,PRP-3589,stainless_appliances,0
FTR-14396,PRP-3589,master_suite,0
FTR-14397,PRP-3589,fresh_paint,Yes
FTR-14398,PRP-3590,central_ac,Yes
FTR-14399,PRP-3590,new_roof,YES
FTR-14400,PRP-3590,fireplace,YES
FTR-14401,PRP-3590,open_floor_plan,1
FTR-14402,PRP-3590,smart_home,no
FTR-14403,PRP-3590,fresh_paint,YES
FTR-14404,PRP-3591,fireplace,yes
FTR-14405,PRP-3591,open_floor_plan,Yes
FTR-14406,PRP-3591,master_suite,yes
FTR-14407,PRP-3592,master_suite,YES
FTR-14408,PRP-3592,fireplace,0
FTR-14409,PRP-3592,central_ac,Yes
FTR-14410,PRP-3593,walk_in_closet,no
FTR-14411,PRP-3593,solar_panels,1
FTR-14412,PRP-3593,smart_home,1
FTR-14413,PRP-3594,hardwood_floors,Yes
FTR-14414,PRP-3594,fresh_paint,no
FTR-14415,PRP-3594,stainless_appliances,YES
FTR-14416,PRP-3594,walk_in_closet,1
FTR-14417,PRP-3594,master_suite,0
FTR-14418,PRP-3594,vaulted_ceilings,1
FTR-14419,PRP-3595,stainless_appliances,yes
FTR-14420,PRP-3595,hardwood_floors,Yes
FTR-14421,PRP-3595,central_ac,1
FTR-14422,PRP-3595,fireplace,YES
FTR-14423,PRP-3596,new_roof,Yes
FTR-14424,PRP-3596,updated_kitchen,0
FTR-14425,PRP-3596,fireplace,Yes
FTR-14426,PRP-3596,stainless_appliances,0
FTR-14427,PRP-3596,fresh_paint,Yes
FTR-14428,PRP-3596,central_ac,0
FTR-14429,PRP-3597,fireplace,yes
FTR-14430,PRP-3597,updated_kitchen,1
FTR-14431,PRP-3597,fresh_paint,no
FTR-14432,PRP-3598,stainless_appliances,yes
FTR-14433,PRP-3598,walk_in_closet,0
FTR-14434,PRP-3598,solar_panels,Yes
FTR-14435,PRP-3598,new_roof,Yes
FTR-14436,PRP-3599,fireplace,yes
FTR-14437,PRP-3599,fresh_paint,Yes
FTR-14438,PRP-3599,granite_counters,no
FTR-14439,PRP-3600,smart_home,Yes
FTR-14440,PRP-3600,central_ac,Yes
FTR-14441,PRP-3600,stainless_appliances,no
FTR-14442,PRP-3601,hardwood_floors,0
FTR-14443,PRP-3601,fireplace,0
FTR-14444,PRP-3601,vaulted_ceilings,0
FTR-14445,PRP-3601,open_floor_plan,no
FTR-14446,PRP-3601,smart_home,Yes
FTR-14447,PRP-3601,central_ac,1
FTR-14448,PRP-3602,vaulted_ceilings,Yes
FTR-14449,PRP-3602,central_ac,yes
FTR-14450,PRP-3602,updated_kitchen,yes
FTR-14451,PRP-3603,walk_in_closet,no
FTR-14452,PRP-3603,vaulted_ceilings,yes
FTR-14453,PRP-3603,granite_counters,1
FTR-14454,PRP-3603,open_floor_plan,no
FTR-14455,PRP-3603,hardwood_floors,yes
FTR-14456,PRP-3603,fresh_paint,1
FTR-14457,PRP-3604,open_floor_plan,1
FTR-14458,PRP-3604,updated_kitchen,0
FTR-14459,PRP-3605,walk_in_closet,YES
FTR-14460,PRP-3605,master_suite,Yes
FTR-14461,PRP-3606,stainless_appliances,Yes
FTR-14462,PRP-3606,vaulted_ceilings,YES
FTR-14463,PRP-3606,fireplace,Yes
FTR-14464,PRP-3606,smart_home,YES
FTR-14465,PRP-3607,central_ac,Yes
FTR-14466,PRP-3607,walk_in_closet,1
FTR-14467,PRP-3607,smart_home,Yes
FTR-14468,PRP-3607,fireplace,0
FTR-14469,PRP-3608,granite_counters,Yes
FTR-14470,PRP-3608,solar_panels,no
FTR-14471,PRP-3609,vaulted_ceilings,YES
FTR-14472,PRP-3609,central_ac,1
FTR-14473,PRP-3609,updated_kitchen,YES
FTR-14474,PRP-3609,open_floor_plan,Yes
FTR-14475,PRP-3609,fireplace,1
FTR-14476,PRP-3609,fresh_paint,YES
FTR-14477,PRP-3610,fresh_paint,YES
FTR-14478,PRP-3610,walk_in_closet,1
FTR-14479,PRP-3610,stainless_appliances,Yes
FTR-14480,PRP-3611,smart_home,YES
FTR-14481,PRP-3611,fresh_paint,0
FTR-14482,PRP-3612,smart_home,1
FTR-14483,PRP-3612,hardwood_floors,no
FTR-14484,PRP-3613,stainless_appliances,no
FTR-14485,PRP-3613,open_floor_plan,Yes
FTR-14486,PRP-3613,central_ac,Yes
FTR-14487,PRP-3613,walk_in_closet,no
FTR-14488,PRP-3613,master_suite,1
FTR-14489,PRP-3614,stainless_appliances,Yes
FTR-14490,PRP-3614,central_ac,1
FTR-14491,PRP-3614,open_floor_plan,1
FTR-14492,PRP-3614,smart_home,no
FTR-14493,PRP-3614,new_roof,no
FTR-14494,PRP-3615,stainless_appliances,YES
FTR-14495,PRP-3615,fireplace,1
FTR-14496,PRP-3615,granite_counters,YES
FTR-14497,PRP-3615,smart_home,1
FTR-14498,PRP-3615,master_suite,yes
FTR-14499,PRP-3616,fireplace,YES
FTR-14500,PRP-3616,updated_kitchen,0
FTR-14501,PRP-3616,central_ac,0
FTR-14502,PRP-3616,hardwood_floors,no
FTR-14503,PRP-3617,walk_in_closet,YES
FTR-14504,PRP-3617,hardwood_floors,yes
FTR-14505,PRP-3618,stainless_appliances,Yes
FTR-14506,PRP-3618,hardwood_floors,no
FTR-14507,PRP-3618,smart_home,YES
FTR-14508,PRP-3618,open_floor_plan,YES
FTR-14509,PRP-3618,solar_panels,YES
FTR-14510,PRP-3618,vaulted_ceilings,1
FTR-14511,PRP-3619,granite_counters,no
FTR-14512,PRP-3619,central_ac,0
FTR-14513,PRP-3620,granite_counters,no
FTR-14514,PRP-3620,fresh_paint,1
FTR-14515,PRP-3620,open_floor_plan,0
FTR-14516,PRP-3620,new_roof,no
FTR-14517,PRP-3620,stainless_appliances,1
FTR-14518,PRP-3621,open_floor_plan,yes
FTR-14519,PRP-3621,solar_panels,1
FTR-14520,PRP-3622,master_suite,yes
FTR-14521,PRP-3622,fireplace,1
FTR-14522,PRP-3623,hardwood_floors,no
FTR-14523,PRP-3623,walk_in_closet,0
FTR-14524,PRP-3623,fresh_paint,YES
FTR-14525,PRP-3623,new_roof,YES
FTR-14526,PRP-3623,vaulted_ceilings,Yes
FTR-14527,PRP-3623,open_floor_plan,no
FTR-14528,PRP-3624,fresh_paint,yes
FTR-14529,PRP-3624,central_ac,Yes
FTR-14530,PRP-3624,master_suite,0
FTR-14531,PRP-3624,new_roof,no
FTR-14532,PRP-3624,stainless_appliances,no
FTR-14533,PRP-3625,smart_home,yes
FTR-14534,PRP-3625,walk_in_closet,yes
FTR-14535,PRP-3625,central_ac,1
FTR-14536,PRP-3625,stainless_appliances,yes
FTR-14537,PRP-3625,granite_counters,no
FTR-14538,PRP-3625,fireplace,yes
FTR-14539,PRP-3626,solar_panels,yes
FTR-14540,PRP-3626,new_roof,no
FTR-14541,PRP-3627,master_suite,0
FTR-14542,PRP-3627,fresh_paint,no
FTR-14543,PRP-3627,solar_panels,0
FTR-14544,PRP-3627,stainless_appliances,YES
FTR-14545,PRP-3628,hardwood_floors,1
FTR-14546,PRP-3628,new_roof,YES
FTR-14547,PRP-3628,granite_counters,Yes
FTR-14548,PRP-3629,vaulted_ceilings,1
FTR-14549,PRP-3629,walk_in_closet,no
FTR-14550,PRP-3629,smart_home,1
FTR-14551,PRP-3630,stainless_appliances,YES
FTR-14552,PRP-3630,central_ac,no
FTR-14553,PRP-3630,open_floor_plan,0
FTR-14554,PRP-3630,walk_in_closet,YES
FTR-14555,PRP-3631,master_suite,no
FTR-14556,PRP-3631,hardwood_floors,Yes
FTR-14557,PRP-3631,fireplace,YES
FTR-14558,PRP-3631,solar_panels,no
FTR-14559,PRP-3632,walk_in_closet,Yes
FTR-14560,PRP-3632,master_suite,yes
FTR-14561,PRP-3632,vaulted_ceilings,Yes
FTR-14562,PRP-3632,fireplace,YES
FTR-14563,PRP-3633,stainless_appliances,1
FTR-14564,PRP-3633,smart_home,Yes
FTR-14565,PRP-3633,solar_panels,0
FTR-14566,PRP-3633,fresh_paint,no
FTR-14567,PRP-3633,fireplace,no
FTR-14568,PRP-3633,walk_in_closet,0
FTR-14569,PRP-3634,master_suite,no
FTR-14570,PRP-3634,fresh_paint,Yes
FTR-14571,PRP-3634,new_roof,YES
FTR-14572,PRP-3634,granite_counters,YES
FTR-14573,PRP-3635,granite_counters,0
FTR-14574,PRP-3635,vaulted_ceilings,yes
FTR-14575,PRP-3635,smart_home,1
FTR-14576,PRP-3635,fresh_paint,0
FTR-14577,PRP-3635,updated_kitchen,YES
FTR-14578,PRP-3635,central_ac,Yes
FTR-14579,PRP-3636,stainless_appliances,Yes
FTR-14580,PRP-3636,fresh_paint,1
FTR-14581,PRP-3637,vaulted_ceilings,yes
FTR-14582,PRP-3637,central_ac,1
FTR-14583,PRP-3637,hardwood_floors,Yes
FTR-14584,PRP-3637,fireplace,1
FTR-14585,PRP-3637,walk_in_closet,0
FTR-14586,PRP-3638,fresh_paint,1
FTR-14587,PRP-3638,walk_in_closet,yes
FTR-14588,PRP-3638,new_roof,Yes
FTR-14589,PRP-3638,smart_home,0
FTR-14590,PRP-3638,master_suite,Yes
FTR-14591,PRP-3638,granite_counters,no
FTR-14592,PRP-3639,updated_kitchen,0
FTR-14593,PRP-3639,fresh_paint,0
FTR-14594,PRP-3639,granite_counters,Yes
FTR-14595,PRP-3639,solar_panels,no
FTR-14596,PRP-3639,stainless_appliances,1
FTR-14597,PRP-3640,new_roof,Yes
FTR-14598,PRP-3640,master_suite,no
FTR-14599,PRP-3640,walk_in_closet,yes
FTR-14600,PRP-3641,fireplace,Yes
FTR-14601,PRP-3641,master_suite,YES
FTR-14602,PRP-3642,granite_counters,no
FTR-14603,PRP-3642,new_roof,1
FTR-14604,PRP-3642,fireplace,0
FTR-14605,PRP-3642,stainless_appliances,yes
FTR-14606,PRP-3642,fresh_paint,0
FTR-14607,PRP-3642,updated_kitchen,no
FTR-14608,PRP-3643,walk_in_closet,Yes
FTR-14609,PRP-3643,central_ac,no
FTR-14610,PRP-3643,solar_panels,0
FTR-14611,PRP-3643,vaulted_ceilings,yes
FTR-14612,PRP-3643,stainless_appliances,no
FTR-14613,PRP-3644,hardwood_floors,YES
FTR-14614,PRP-3644,granite_counters,yes
FTR-14615,PRP-3644,open_floor_plan,Yes
FTR-14616,PRP-3644,fresh_paint,1
FTR-14617,PRP-3645,stainless_appliances,yes
FTR-14618,PRP-3645,smart_home,1
FTR-14619,PRP-3645,vaulted_ceilings,1
FTR-14620,PRP-3645,central_ac,no
FTR-14621,PRP-3645,fireplace,YES
FTR-14622,PRP-3646,walk_in_closet,YES
FTR-14623,PRP-3646,open_floor_plan,Yes
FTR-14624,PRP-3646,smart_home,no
FTR-14625,PRP-3646,solar_panels,no
FTR-14626,PRP-3646,new_roof,no
FTR-14627,PRP-3647,stainless_appliances,1
FTR-14628,PRP-3647,open_floor_plan,1
FTR-14629,PRP-3648,updated_kitchen,0
FTR-14630,PRP-3648,open_floor_plan,1
FTR-14631,PRP-3648,fireplace,0
FTR-14632,PRP-3648,central_ac,0
FTR-14633,PRP-3648,walk_in_closet,YES
FTR-14634,PRP-3648,fresh_paint,no
FTR-14635,PRP-3649,fireplace,YES
FTR-14636,PRP-3649,updated_kitchen,1
FTR-14637,PRP-3650,master_suite,yes
FTR-14638,PRP-3650,hardwood_floors,no
FTR-14639,PRP-3651,solar_panels,YES
FTR-14640,PRP-3651,master_suite,YES
FTR-14641,PRP-3651,granite_counters,0
FTR-14642,PRP-3651,hardwood_floors,0
FTR-14643,PRP-3651,open_floor_plan,1
FTR-14644,PRP-3652,vaulted_ceilings,yes
FTR-14645,PRP-3652,walk_in_closet,no
FTR-14646,PRP-3652,fireplace,Yes
FTR-14647,PRP-3652,updated_kitchen,yes
FTR-14648,PRP-3653,granite_counters,no
FTR-14649,PRP-3653,updated_kitchen,yes
FTR-14650,PRP-3653,stainless_appliances,0
FTR-14651,PRP-3653,open_floor_plan,YES
FTR-14652,PRP-3653,fireplace,0
FTR-14653,PRP-3653,master_suite,no
FTR-14654,PRP-3654,hardwood_floors,1
FTR-14655,PRP-3654,new_roof,YES
FTR-14656,PRP-3654,fireplace,YES
FTR-14657,PRP-3654,master_suite,Yes
FTR-14658,PRP-3655,central_ac,YES
FTR-14659,PRP-3655,updated_kitchen,yes
FTR-14660,PRP-3655,new_roof,no
FTR-14661,PRP-3655,granite_counters,Yes
FTR-14662,PRP-3655,fresh_paint,yes
FTR-14663,PRP-3656,granite_counters,1
FTR-14664,PRP-3656,new_roof,1
FTR-14665,PRP-3656,vaulted_ceilings,YES
FTR-14666,PRP-3656,smart_home,0
FTR-14667,PRP-3656,open_floor_plan,YES
FTR-14668,PRP-3656,solar_panels,1
FTR-14669,PRP-3657,new_roof,no
FTR-14670,PRP-3657,vaulted_ceilings,0
FTR-14671,PRP-3657,smart_home,Yes
FTR-14672,PRP-3657,granite_counters,no
FTR-14673,PRP-3657,solar_panels,yes
FTR-14674,PRP-3657,fireplace,no
FTR-14675,PRP-3658,new_roof,YES
FTR-14676,PRP-3658,central_ac,yes
FTR-14677,PRP-3658,stainless_appliances,Yes
FTR-14678,PRP-3658,granite_counters,0
FTR-14679,PRP-3658,fireplace,yes
FTR-14680,PRP-3658,open_floor_plan,0
FTR-14681,PRP-3659,open_floor_plan,no
FTR-14682,PRP-3659,smart_home,0
FTR-14683,PRP-3660,granite_counters,yes
FTR-14684,PRP-3660,hardwood_floors,1
FTR-14685,PRP-3661,new_roof,1
FTR-14686,PRP-3661,solar_panels,Yes
FTR-14687,PRP-3661,updated_kitchen,0
FTR-14688,PRP-3662,stainless_appliances,1
FTR-14689,PRP-3662,updated_kitchen,YES
FTR-14690,PRP-3662,new_roof,YES
FTR-14691,PRP-3662,solar_panels,yes
FTR-14692,PRP-3663,stainless_appliances,YES
FTR-14693,PRP-3663,open_floor_plan,yes
FTR-14694,PRP-3663,walk_in_closet,0
FTR-14695,PRP-3663,master_suite,1
FTR-14696,PRP-3664,central_ac,YES
FTR-14697,PRP-3664,fireplace,1
FTR-14698,PRP-3664,hardwood_floors,yes
FTR-14699,PRP-3664,solar_panels,yes
FTR-14700,PRP-3664,new_roof,0
FTR-14701,PRP-3665,vaulted_ceilings,yes
FTR-14702,PRP-3665,open_floor_plan,YES
FTR-14703,PRP-3666,central_ac,1
FTR-14704,PRP-3666,fresh_paint,YES
FTR-14705,PRP-3666,smart_home,Yes
FTR-14706,PRP-3667,vaulted_ceilings,0
FTR-14707,PRP-3667,granite_counters,1
FTR-14708,PRP-3667,stainless_appliances,1
FTR-14709,PRP-3667,master_suite,1
FTR-14710,PRP-3667,walk_in_closet,no
FTR-14711,PRP-3667,fireplace,1
FTR-14712,PRP-3668,stainless_appliances,YES
FTR-14713,PRP-3668,solar_panels,no
FTR-14714,PRP-3668,central_ac,no
FTR-14715,PRP-3668,smart_home,1
FTR-14716,PRP-3668,walk_in_closet,no
FTR-14717,PRP-3669,smart_home,no
FTR-14718,PRP-3669,hardwood_floors,yes
FTR-14719,PRP-3669,walk_in_closet,0
FTR-14720,PRP-3669,vaulted_ceilings,yes
FTR-14721,PRP-3669,solar_panels,Yes
FTR-14722,PRP-3669,granite_counters,1
FTR-14723,PRP-3670,fresh_paint,Yes
FTR-14724,PRP-3670,open_floor_plan,no
FTR-14725,PRP-3670,stainless_appliances,1
FTR-14726,PRP-3671,solar_panels,yes
FTR-14727,PRP-3671,granite_counters,no
FTR-14728,PRP-3671,open_floor_plan,0
FTR-14729,PRP-3671,smart_home,1
FTR-14730,PRP-3671,master_suite,0
FTR-14731,PRP-3671,new_roof,Yes
FTR-14732,PRP-3672,stainless_appliances,Yes
FTR-14733,PRP-3672,hardwood_floors,0
FTR-14734,PRP-3672,fireplace,no
FTR-14735,PRP-3672,vaulted_ceilings,Yes
FTR-14736,PRP-3672,open_floor_plan,yes
FTR-14737,PRP-3673,master_suite,YES
FTR-14738,PRP-3673,vaulted_ceilings,1
FTR-14739,PRP-3673,open_floor_plan,0
FTR-14740,PRP-3673,fireplace,1
FTR-14741,PRP-3673,updated_kitchen,no
FTR-14742,PRP-3674,fresh_paint,YES
FTR-14743,PRP-3674,master_suite,YES
FTR-14744,PRP-3674,walk_in_closet,1
FTR-14745,PRP-3674,stainless_appliances,1
FTR-14746,PRP-3675,walk_in_closet,Yes
FTR-14747,PRP-3675,vaulted_ceilings,no
FTR-14748,PRP-3675,updated_kitchen,no
FTR-14749,PRP-3675,solar_panels,Yes
FTR-14750,PRP-3675,fresh_paint,no
FTR-14751,PRP-3675,smart_home,no
FTR-14752,PRP-3676,vaulted_ceilings,yes
FTR-14753,PRP-3676,master_suite,YES
FTR-14754,PRP-3677,solar_panels,1
FTR-14755,PRP-3677,granite_counters,yes
FTR-14756,PRP-3677,hardwood_floors,Yes
FTR-14757,PRP-3677,walk_in_closet,no
FTR-14758,PRP-3677,stainless_appliances,0
FTR-14759,PRP-3677,master_suite,1
FTR-14760,PRP-3678,central_ac,no
FTR-14761,PRP-3678,smart_home,1
FTR-14762,PRP-3678,open_floor_plan,1
FTR-14763,PRP-3678,solar_panels,YES
FTR-14764,PRP-3679,new_roof,0
FTR-14765,PRP-3679,open_floor_plan,YES
FTR-14766,PRP-3679,master_suite,Yes
FTR-14767,PRP-3679,walk_in_closet,no
FTR-14768,PRP-3679,central_ac,0
FTR-14769,PRP-3679,solar_panels,1
FTR-14770,PRP-3680,hardwood_floors,no
FTR-14771,PRP-3680,granite_counters,YES
FTR-14772,PRP-3680,new_roof,no
FTR-14773,PRP-3680,master_suite,1
FTR-14774,PRP-3680,solar_panels,no
FTR-14775,PRP-3680,open_floor_plan,0
FTR-14776,PRP-3681,smart_home,0
FTR-14777,PRP-3681,hardwood_floors,YES
FTR-14778,PRP-3681,open_floor_plan,no
FTR-14779,PRP-3682,updated_kitchen,1
FTR-14780,PRP-3682,central_ac,YES
FTR-14781,PRP-3683,new_roof,yes
FTR-14782,PRP-3683,updated_kitchen,no
FTR-14783,PRP-3684,fresh_paint,no
FTR-14784,PRP-3684,new_roof,Yes
FTR-14785,PRP-3684,solar_panels,no
FTR-14786,PRP-3684,granite_counters,Yes
FTR-14787,PRP-3684,fireplace,0
FTR-14788,PRP-3684,central_ac,0
FTR-14789,PRP-3685,solar_panels,0
FTR-14790,PRP-3685,hardwood_floors,Yes
FTR-14791,PRP-3686,solar_panels,1
FTR-14792,PRP-3686,central_ac,YES
FTR-14793,PRP-3686,master_suite,0
FTR-14794,PRP-3686,granite_counters,Yes
FTR-14795,PRP-3687,hardwood_floors,no
FTR-14796,PRP-3687,solar_panels,Yes
FTR-14797,PRP-3687,new_roof,1
FTR-14798,PRP-3688,new_roof,no
FTR-14799,PRP-3688,smart_home,no
FTR-14800,PRP-3689,fireplace,1
FTR-14801,PRP-3689,new_roof,yes
FTR-14802,PRP-3689,solar_panels,1
FTR-14803,PRP-3690,solar_panels,YES
FTR-14804,PRP-3690,master_suite,yes
FTR-14805,PRP-3690,hardwood_floors,YES
FTR-14806,PRP-3690,walk_in_closet,1
FTR-14807,PRP-3691,master_suite,0
FTR-14808,PRP-3691,open_floor_plan,1
FTR-14809,PRP-3691,stainless_appliances,0
FTR-14810,PRP-3691,updated_kitchen,1
FTR-14811,PRP-3691,vaulted_ceilings,0
FTR-14812,PRP-3692,open_floor_plan,0
FTR-14813,PRP-3692,updated_kitchen,Yes
FTR-14814,PRP-3692,vaulted_ceilings,1
FTR-14815,PRP-3693,fireplace,no
FTR-14816,PRP-3693,new_roof,yes
FTR-14817,PRP-3693,vaulted_ceilings,Yes
FTR-14818,PRP-3693,master_suite,yes
FTR-14819,PRP-3693,open_floor_plan,1
FTR-14820,PRP-3694,smart_home,0
FTR-14821,PRP-3694,walk_in_closet,1
FTR-14822,PRP-3695,fireplace,Yes
FTR-14823,PRP-3695,vaulted_ceilings,yes
FTR-14824,PRP-3695,central_ac,no
FTR-14825,PRP-3695,open_floor_plan,YES
FTR-14826,PRP-3695,new_roof,YES
FTR-14827,PRP-3695,smart_home,YES
FTR-14828,PRP-3696,fireplace,no
FTR-14829,PRP-3696,fresh_paint,1
FTR-14830,PRP-3696,solar_panels,no
FTR-14831,PRP-3697,central_ac,Yes
FTR-14832,PRP-3697,open_floor_plan,yes
FTR-14833,PRP-3697,stainless_appliances,0
FTR-14834,PRP-3698,walk_in_closet,YES
FTR-14835,PRP-3698,fresh_paint,0
FTR-14836,PRP-3698,open_floor_plan,YES
FTR-14837,PRP-3698,vaulted_ceilings,no
FTR-14838,PRP-3698,smart_home,YES
FTR-14839,PRP-3699,smart_home,1
FTR-14840,PRP-3699,granite_counters,1
FTR-14841,PRP-3699,vaulted_ceilings,Yes
FTR-14842,PRP-3699,stainless_appliances,Yes
FTR-14843,PRP-3699,new_roof,no
FTR-14844,PRP-3700,vaulted_ceilings,YES
FTR-14845,PRP-3700,hardwood_floors,1
FTR-14846,PRP-3700,smart_home,YES
FTR-14847,PRP-3700,solar_panels,1
FTR-14848,PRP-3700,new_roof,0
FTR-14849,PRP-3700,updated_kitchen,Yes
FTR-14850,PRP-3701,walk_in_closet,1
FTR-14851,PRP-3701,new_roof,no
FTR-14852,PRP-3701,vaulted_ceilings,no
FTR-14853,PRP-3701,hardwood_floors,no
FTR-14854,PRP-3702,open_floor_plan,YES
FTR-14855,PRP-3702,new_roof,no
FTR-14856,PRP-3703,hardwood_floors,1
FTR-14857,PRP-3703,master_suite,0
FTR-14858,PRP-3703,granite_counters,no
FTR-14859,PRP-3703,open_floor_plan,0
FTR-14860,PRP-3703,new_roof,yes
FTR-14861,PRP-3704,open_floor_plan,no
FTR-14862,PRP-3704,master_suite,0
FTR-14863,PRP-3705,central_ac,0
FTR-14864,PRP-3705,updated_kitchen,Yes
FTR-14865,PRP-3705,smart_home,no
FTR-14866,PRP-3705,stainless_appliances,0
FTR-14867,PRP-3706,new_roof,no
FTR-14868,PRP-3706,vaulted_ceilings,1
FTR-14869,PRP-3706,updated_kitchen,YES
FTR-14870,PRP-3706,smart_home,no
FTR-14871,PRP-3706,stainless_appliances,1
FTR-14872,PRP-3707,walk_in_closet,1
FTR-14873,PRP-3707,solar_panels,Yes
FTR-14874,PRP-3707,vaulted_ceilings,yes
FTR-14875,PRP-3707,updated_kitchen,no
FTR-14876,PRP-3707,master_suite,Yes
FTR-14877,PRP-3707,smart_home,no
FTR-14878,PRP-3708,fireplace,YES
FTR-14879,PRP-3708,vaulted_ceilings,YES
FTR-14880,PRP-3708,master_suite,Yes
FTR-14881,PRP-3708,new_roof,yes
FTR-14882,PRP-3708,granite_counters,yes
FTR-14883,PRP-3708,fresh_paint,1
FTR-14884,PRP-3709,open_floor_plan,Yes
FTR-14885,PRP-3709,new_roof,YES
FTR-14886,PRP-3710,fireplace,0
FTR-14887,PRP-3710,granite_counters,Yes
FTR-14888,PRP-3710,walk_in_closet,0
FTR-14889,PRP-3710,new_roof,0
FTR-14890,PRP-3710,updated_kitchen,yes
FTR-14891,PRP-3710,master_suite,0
FTR-14892,PRP-3711,updated_kitchen,no
FTR-14893,PRP-3711,smart_home,1
FTR-14894,PRP-3711,open_floor_plan,no
FTR-14895,PRP-3711,central_ac,Yes
FTR-14896,PRP-3712,central_ac,no
FTR-14897,PRP-3712,fireplace,0
FTR-14898,PRP-3712,solar_panels,0
FTR-14899,PRP-3712,master_suite,YES
FTR-14900,PRP-3712,hardwood_floors,yes
FTR-14901,PRP-3713,granite_counters,0
FTR-14902,PRP-3713,fresh_paint,YES
FTR-14903,PRP-3713,open_floor_plan,1
FTR-14904,PRP-3713,new_roof,0
FTR-14905,PRP-3714,central_ac,Yes
FTR-14906,PRP-3714,updated_kitchen,1
FTR-14907,PRP-3715,stainless_appliances,1
FTR-14908,PRP-3715,updated_kitchen,1
FTR-14909,PRP-3715,open_floor_plan,0
FTR-14910,PRP-3715,new_roof,YES
FTR-14911,PRP-3715,solar_panels,yes
FTR-14912,PRP-3716,hardwood_floors,0
FTR-14913,PRP-3716,fireplace,no
FTR-14914,PRP-3716,granite_counters,1
FTR-14915,PRP-3716,vaulted_ceilings,0
FTR-14916,PRP-3717,stainless_appliances,1
FTR-14917,PRP-3717,granite_counters,Yes
FTR-14918,PRP-3717,central_ac,YES
FTR-14919,PRP-3717,fresh_paint,Yes
FTR-14920,PRP-3717,new_roof,0
FTR-14921,PRP-3717,fireplace,Yes
FTR-14922,PRP-3718,new_roof,yes
FTR-14923,PRP-3718,smart_home,YES
FTR-14924,PRP-3718,updated_kitchen,no
FTR-14925,PRP-3718,open_floor_plan,Yes
FTR-14926,PRP-3718,central_ac,YES
FTR-14927,PRP-3719,hardwood_floors,Yes
FTR-14928,PRP-3719,fireplace,yes
FTR-14929,PRP-3719,new_roof,Yes
FTR-14930,PRP-3719,master_suite,no
FTR-14931,PRP-3719,vaulted_ceilings,YES
FTR-14932,PRP-3720,new_roof,1
FTR-14933,PRP-3720,smart_home,yes
FTR-14934,PRP-3720,hardwood_floors,YES
FTR-14935,PRP-3720,master_suite,1
FTR-14936,PRP-3721,walk_in_closet,no
FTR-14937,PRP-3721,master_suite,Yes
FTR-14938,PRP-3722,open_floor_plan,0
FTR-14939,PRP-3722,solar_panels,1
FTR-14940,PRP-3723,granite_counters,0
FTR-14941,PRP-3723,master_suite,0
FTR-14942,PRP-3723,smart_home,YES
FTR-14943,PRP-3723,central_ac,1
FTR-14944,PRP-3723,new_roof,no
FTR-14945,PRP-3724,smart_home,YES
FTR-14946,PRP-3724,fireplace,yes
FTR-14947,PRP-3724,granite_counters,yes
FTR-14948,PRP-3724,updated_kitchen,1
FTR-14949,PRP-3724,fresh_paint,yes
FTR-14950,PRP-3724,new_roof,yes
FTR-14951,PRP-3725,walk_in_closet,no
FTR-14952,PRP-3725,fireplace,YES
FTR-14953,PRP-3725,new_roof,Yes
FTR-14954,PRP-3725,stainless_appliances,yes
FTR-14955,PRP-3725,master_suite,no
FTR-14956,PRP-3726,smart_home,yes
FTR-14957,PRP-3726,open_floor_plan,no
FTR-14958,PRP-3726,solar_panels,yes
FTR-14959,PRP-3726,central_ac,1
FTR-14960,PRP-3727,solar_panels,YES
FTR-14961,PRP-3727,new_roof,1
FTR-14962,PRP-3727,open_floor_plan,no
FTR-14963,PRP-3727,stainless_appliances,Yes
FTR-14964,PRP-3728,walk_in_closet,yes
FTR-14965,PRP-3728,new_roof,no
FTR-14966,PRP-3728,open_floor_plan,no
FTR-14967,PRP-3728,fireplace,yes
FTR-14968,PRP-3728,master_suite,YES
FTR-14969,PRP-3729,updated_kitchen,yes
FTR-14970,PRP-3729,vaulted_ceilings,1
FTR-14971,PRP-3729,fireplace,Yes
FTR-14972,PRP-3729,open_floor_plan,YES
FTR-14973,PRP-3730,walk_in_closet,YES
FTR-14974,PRP-3730,master_suite,yes
FTR-14975,PRP-3730,granite_counters,no
FTR-14976,PRP-3730,updated_kitchen,yes
FTR-14977,PRP-3730,solar_panels,Yes
FTR-14978,PRP-3730,smart_home,0
FTR-14979,PRP-3731,new_roof,1
FTR-14980,PRP-3731,updated_kitchen,0
FTR-14981,PRP-3731,open_floor_plan,0
FTR-14982,PRP-3732,granite_counters,1
FTR-14983,PRP-3732,fresh_paint,Yes
FTR-14984,PRP-3732,stainless_appliances,yes
FTR-14985,PRP-3732,vaulted_ceilings,no
FTR-14986,PRP-3732,hardwood_floors,no
FTR-14987,PRP-3732,master_suite,0
FTR-14988,PRP-3733,solar_panels,yes
FTR-14989,PRP-3733,new_roof,yes
FTR-14990,PRP-3733,smart_home,Yes
FTR-14991,PRP-3733,open_floor_plan,YES
FTR-14992,PRP-3734,new_roof,YES
FTR-14993,PRP-3734,walk_in_closet,yes
FTR-14994,PRP-3734,fresh_paint,no
FTR-14995,PRP-3735,smart_home,no
FTR-14996,PRP-3735,central_ac,no
FTR-14997,PRP-3736,open_floor_plan,YES
FTR-14998,PRP-3736,fresh_paint,Yes
FTR-14999,PRP-3736,granite_counters,yes
FTR-15000,PRP-3737,vaulted_ceilings,YES
FTR-15001,PRP-3737,open_floor_plan,yes
FTR-15002,PRP-3737,walk_in_closet,YES
FTR-15003,PRP-3737,central_ac,YES
FTR-15004,PRP-3737,fresh_paint,no
FTR-15005,PRP-3738,stainless_appliances,yes
FTR-15006,PRP-3738,central_ac,0
FTR-15007,PRP-3738,fresh_paint,Yes
FTR-15008,PRP-3739,solar_panels,no
FTR-15009,PRP-3739,master_suite,0
FTR-15010,PRP-3739,granite_counters,0
FTR-15011,PRP-3739,fresh_paint,yes
FTR-15012,PRP-3740,vaulted_ceilings,no
FTR-15013,PRP-3740,updated_kitchen,1
FTR-15014,PRP-3740,open_floor_plan,Yes
FTR-15015,PRP-3741,new_roof,0
FTR-15016,PRP-3741,stainless_appliances,yes
FTR-15017,PRP-3741,vaulted_ceilings,1
FTR-15018,PRP-3741,central_ac,yes
FTR-15019,PRP-3741,solar_panels,yes
FTR-15020,PRP-3741,smart_home,Yes
FTR-15021,PRP-3742,granite_counters,yes
FTR-15022,PRP-3742,smart_home,1
FTR-15023,PRP-3742,stainless_appliances,1
FTR-15024,PRP-3742,walk_in_closet,yes
FTR-15025,PRP-3743,granite_counters,Yes
FTR-15026,PRP-3743,walk_in_closet,yes
FTR-15027,PRP-3743,fireplace,YES
FTR-15028,PRP-3743,central_ac,no
FTR-15029,PRP-3743,smart_home,Yes
FTR-15030,PRP-3744,stainless_appliances,yes
FTR-15031,PRP-3744,central_ac,yes
FTR-15032,PRP-3744,vaulted_ceilings,yes
FTR-15033,PRP-3744,walk_in_closet,1
FTR-15034,PRP-3744,open_floor_plan,Yes
FTR-15035,PRP-3744,updated_kitchen,Yes
FTR-15036,PRP-3745,updated_kitchen,0
FTR-15037,PRP-3745,fresh_paint,Yes
FTR-15038,PRP-3746,hardwood_floors,YES
FTR-15039,PRP-3746,stainless_appliances,YES
FTR-15040,PRP-3746,solar_panels,no
FTR-15041,PRP-3746,vaulted_ceilings,YES
FTR-15042,PRP-3746,smart_home,no
FTR-15043,PRP-3746,walk_in_closet,0
FTR-15044,PRP-3747,granite_counters,no
FTR-15045,PRP-3747,central_ac,yes
FTR-15046,PRP-3747,vaulted_ceilings,0
FTR-15047,PRP-3747,new_roof,Yes
FTR-15048,PRP-3747,smart_home,yes
FTR-15049,PRP-3748,new_roof,Yes
FTR-15050,PRP-3748,fireplace,yes
FTR-15051,PRP-3748,master_suite,0
FTR-15052,PRP-3748,hardwood_floors,no
FTR-15053,PRP-3748,open_floor_plan,no
FTR-15054,PRP-3749,central_ac,no
FTR-15055,PRP-3749,smart_home,0
FTR-15056,PRP-3749,new_roof,YES
FTR-15057,PRP-3749,fresh_paint,0
FTR-15058,PRP-3749,vaulted_ceilings,Yes
FTR-15059,PRP-3750,walk_in_closet,no
FTR-15060,PRP-3750,granite_counters,0
FTR-15061,PRP-3750,open_floor_plan,0
FTR-15062,PRP-3751,smart_home,0
FTR-15063,PRP-3751,hardwood_floors,YES
FTR-15064,PRP-3752,master_suite,Yes
FTR-15065,PRP-3752,vaulted_ceilings,no
FTR-15066,PRP-3752,hardwood_floors,0
FTR-15067,PRP-3753,updated_kitchen,no
FTR-15068,PRP-3753,solar_panels,YES
FTR-15069,PRP-3753,granite_counters,no
FTR-15070,PRP-3753,central_ac,YES
FTR-15071,PRP-3753,open_floor_plan,0
FTR-15072,PRP-3754,master_suite,YES
FTR-15073,PRP-3754,vaulted_ceilings,no
FTR-15074,PRP-3755,hardwood_floors,yes
FTR-15075,PRP-3755,fresh_paint,Yes
FTR-15076,PRP-3756,updated_kitchen,0
FTR-15077,PRP-3756,solar_panels,0
FTR-15078,PRP-3756,hardwood_floors,YES
FTR-15079,PRP-3756,fresh_paint,YES
FTR-15080,PRP-3756,open_floor_plan,yes
FTR-15081,PRP-3756,new_roof,YES
FTR-15082,PRP-3757,vaulted_ceilings,1
FTR-15083,PRP-3757,central_ac,1
FTR-15084,PRP-3757,new_roof,Yes
FTR-15085,PRP-3757,hardwood_floors,yes
FTR-15086,PRP-3758,new_roof,yes
FTR-15087,PRP-3758,open_floor_plan,yes
FTR-15088,PRP-3758,fireplace,Yes
FTR-15089,PRP-3759,new_roof,yes
FTR-15090,PRP-3759,open_floor_plan,no
FTR-15091,PRP-3759,vaulted_ceilings,Yes
FTR-15092,PRP-3759,hardwood_floors,yes
FTR-15093,PRP-3759,stainless_appliances,yes
FTR-15094,PRP-3759,solar_panels,1
FTR-15095,PRP-3760,granite_counters,yes
FTR-15096,PRP-3760,walk_in_closet,1
FTR-15097,PRP-3760,solar_panels,Yes
FTR-15098,PRP-3760,smart_home,YES
FTR-15099,PRP-3761,smart_home,no
FTR-15100,PRP-3761,fireplace,YES
FTR-15101,PRP-3761,walk_in_closet,0
FTR-15102,PRP-3761,hardwood_floors,1
FTR-15103,PRP-3761,open_floor_plan,1
FTR-15104,PRP-3762,open_floor_plan,Yes
FTR-15105,PRP-3762,vaulted_ceilings,no
FTR-15106,PRP-3762,fresh_paint,YES
FTR-15107,PRP-3762,stainless_appliances,YES
FTR-15108,PRP-3763,central_ac,Yes
FTR-15109,PRP-3763,stainless_appliances,no
FTR-15110,PRP-3763,granite_counters,YES
FTR-15111,PRP-3763,hardwood_floors,no
FTR-15112,PRP-3763,fireplace,Yes
FTR-15113,PRP-3763,walk_in_closet,YES
FTR-15114,PRP-3764,master_suite,Yes
FTR-15115,PRP-3764,walk_in_closet,yes
FTR-15116,PRP-3764,hardwood_floors,yes
FTR-15117,PRP-3765,stainless_appliances,Yes
FTR-15118,PRP-3765,smart_home,no
FTR-15119,PRP-3765,updated_kitchen,0
FTR-15120,PRP-3766,vaulted_ceilings,Yes
FTR-15121,PRP-3766,updated_kitchen,0
FTR-15122,PRP-3766,walk_in_closet,0
FTR-15123,PRP-3767,smart_home,YES
FTR-15124,PRP-3767,central_ac,1
FTR-15125,PRP-3768,updated_kitchen,Yes
FTR-15126,PRP-3768,new_roof,1
FTR-15127,PRP-3768,walk_in_closet,yes
FTR-15128,PRP-3768,hardwood_floors,Yes
FTR-15129,PRP-3768,vaulted_ceilings,Yes
FTR-15130,PRP-3769,open_floor_plan,0
FTR-15131,PRP-3769,walk_in_closet,Yes
FTR-15132,PRP-3769,master_suite,1
FTR-15133,PRP-3770,central_ac,1
FTR-15134,PRP-3770,granite_counters,YES
FTR-15135,PRP-3770,hardwood_floors,1
FTR-15136,PRP-3770,master_suite,1
FTR-15137,PRP-3770,new_roof,Yes
FTR-15138,PRP-3771,new_roof,no
FTR-15139,PRP-3771,stainless_appliances,no
FTR-15140,PRP-3771,open_floor_plan,1
FTR-15141,PRP-3771,walk_in_closet,yes
FTR-15142,PRP-3771,vaulted_ceilings,1
FTR-15143,PRP-3771,smart_home,0
FTR-15144,PRP-3772,fresh_paint,yes
FTR-15145,PRP-3772,open_floor_plan,no
FTR-15146,PRP-3772,new_roof,Yes
FTR-15147,PRP-3772,fireplace,1
FTR-15148,PRP-3772,vaulted_ceilings,yes
FTR-15149,PRP-3772,hardwood_floors,YES
FTR-15150,PRP-3773,walk_in_closet,0
FTR-15151,PRP-3773,vaulted_ceilings,Yes
FTR-15152,PRP-3774,central_ac,Yes
FTR-15153,PRP-3774,master_suite,0
FTR-15154,PRP-3774,fireplace,1
FTR-15155,PRP-3774,walk_in_closet,1
FTR-15156,PRP-3775,central_ac,1
FTR-15157,PRP-3775,smart_home,Yes
FTR-15158,PRP-3775,vaulted_ceilings,1
FTR-15159,PRP-3775,solar_panels,no
FTR-15160,PRP-3775,fresh_paint,Yes
FTR-15161,PRP-3776,vaulted_ceilings,1
FTR-15162,PRP-3776,new_roof,no
FTR-15163,PRP-3776,stainless_appliances,Yes
FTR-15164,PRP-3776,hardwood_floors,1
FTR-15165,PRP-3776,smart_home,0
FTR-15166,PRP-3776,central_ac,yes
FTR-15167,PRP-3777,fresh_paint,no
FTR-15168,PRP-3777,updated_kitchen,Yes
FTR-15169,PRP-3777,master_suite,yes
FTR-15170,PRP-3777,smart_home,no
FTR-15171,PRP-3778,solar_panels,YES
FTR-15172,PRP-3778,hardwood_floors,Yes
FTR-15173,PRP-3778,smart_home,yes
FTR-15174,PRP-3779,fireplace,YES
FTR-15175,PRP-3779,updated_kitchen,1
FTR-15176,PRP-3779,vaulted_ceilings,no
FTR-15177,PRP-3779,central_ac,Yes
FTR-15178,PRP-3779,open_floor_plan,Yes
FTR-15179,PRP-3779,new_roof,1
FTR-15180,PRP-3780,updated_kitchen,0
FTR-15181,PRP-3780,hardwood_floors,yes
FTR-15182,PRP-3780,central_ac,Yes
FTR-15183,PRP-3780,open_floor_plan,1
FTR-15184,PRP-3780,smart_home,yes
FTR-15185,PRP-3780,new_roof,no
FTR-15186,PRP-3781,granite_counters,yes
FTR-15187,PRP-3781,stainless_appliances,Yes
FTR-15188,PRP-3781,new_roof,1
FTR-15189,PRP-3781,solar_panels,0
FTR-15190,PRP-3782,walk_in_closet,1
FTR-15191,PRP-3782,central_ac,YES
FTR-15192,PRP-3782,solar_panels,1
FTR-15193,PRP-3782,updated_kitchen,0
FTR-15194,PRP-3782,granite_counters,no
FTR-15195,PRP-3782,fireplace,no
FTR-15196,PRP-3783,hardwood_floors,Yes
FTR-15197,PRP-3783,open_floor_plan,no
FTR-15198,PRP-3783,central_ac,YES
FTR-15199,PRP-3784,solar_panels,0
FTR-15200,PRP-3784,stainless_appliances,1
FTR-15201,PRP-3784,fresh_paint,yes
FTR-15202,PRP-3784,open_floor_plan,YES
FTR-15203,PRP-3785,vaulted_ceilings,Yes
FTR-15204,PRP-3785,new_roof,no
FTR-15205,PRP-3785,stainless_appliances,no
FTR-15206,PRP-3785,hardwood_floors,YES
FTR-15207,PRP-3786,stainless_appliances,1
FTR-15208,PRP-3786,granite_counters,0
FTR-15209,PRP-3786,master_suite,Yes
FTR-15210,PRP-3787,fireplace,1
FTR-15211,PRP-3787,smart_home,1
FTR-15212,PRP-3788,walk_in_closet,yes
FTR-15213,PRP-3788,stainless_appliances,0
FTR-15214,PRP-3788,hardwood_floors,YES
FTR-15215,PRP-3789,vaulted_ceilings,no
FTR-15216,PRP-3789,fireplace,no
FTR-15217,PRP-3789,solar_panels,yes
FTR-15218,PRP-3789,central_ac,Yes
FTR-15219,PRP-3789,stainless_appliances,no
FTR-15220,PRP-3789,hardwood_floors,0
FTR-15221,PRP-3790,new_roof,1
FTR-15222,PRP-3790,walk_in_closet,1
FTR-15223,PRP-3790,open_floor_plan,no
FTR-15224,PRP-3790,granite_counters,no
FTR-15225,PRP-3791,new_roof,YES
FTR-15226,PRP-3791,vaulted_ceilings,YES
FTR-15227,PRP-3792,fireplace,no
FTR-15228,PRP-3792,updated_kitchen,Yes
FTR-15229,PRP-3792,new_roof,yes
FTR-15230,PRP-3793,stainless_appliances,YES
FTR-15231,PRP-3793,walk_in_closet,no
FTR-15232,PRP-3793,hardwood_floors,YES
FTR-15233,PRP-3794,solar_panels,1
FTR-15234,PRP-3794,hardwood_floors,1
FTR-15235,PRP-3795,vaulted_ceilings,0
FTR-15236,PRP-3795,fireplace,0
FTR-15237,PRP-3795,new_roof,1
FTR-15238,PRP-3795,smart_home,YES
FTR-15239,PRP-3796,updated_kitchen,no
FTR-15240,PRP-3796,smart_home,Yes
FTR-15241,PRP-3796,solar_panels,YES
FTR-15242,PRP-3796,stainless_appliances,no
FTR-15243,PRP-3796,fresh_paint,YES
FTR-15244,PRP-3796,hardwood_floors,no
FTR-15245,PRP-3797,fresh_paint,YES
FTR-15246,PRP-3797,open_floor_plan,no
FTR-15247,PRP-3797,central_ac,1
FTR-15248,PRP-3798,vaulted_ceilings,YES
FTR-15249,PRP-3798,walk_in_closet,Yes
FTR-15250,PRP-3798,open_floor_plan,0
FTR-15251,PRP-3798,solar_panels,no
FTR-15252,PRP-3798,granite_counters,Yes
FTR-15253,PRP-3799,granite_counters,YES
FTR-15254,PRP-3799,fireplace,no
FTR-15255,PRP-3799,walk_in_closet,0
FTR-15256,PRP-3799,solar_panels,Yes
FTR-15257,PRP-3800,fresh_paint,no
FTR-15258,PRP-3800,vaulted_ceilings,no
FTR-15259,PRP-3800,central_ac,YES
FTR-15260,PRP-3800,solar_panels,0
FTR-15261,PRP-3801,master_suite,yes
FTR-15262,PRP-3801,smart_home,Yes
FTR-15263,PRP-3801,open_floor_plan,Yes
FTR-15264,PRP-3802,hardwood_floors,no
FTR-15265,PRP-3802,granite_counters,1
FTR-15266,PRP-3802,master_suite,YES
FTR-15267,PRP-3803,updated_kitchen,YES
FTR-15268,PRP-3803,open_floor_plan,Yes
FTR-15269,PRP-3803,fireplace,no
FTR-15270,PRP-3803,master_suite,1
FTR-15271,PRP-3803,central_ac,yes
FTR-15272,PRP-3804,central_ac,Yes
FTR-15273,PRP-3804,master_suite,Yes
FTR-15274,PRP-3804,new_roof,1
FTR-15275,PRP-3804,fresh_paint,0
FTR-15276,PRP-3805,updated_kitchen,no
FTR-15277,PRP-3805,new_roof,YES
FTR-15278,PRP-3805,vaulted_ceilings,0
FTR-15279,PRP-3806,fresh_paint,yes
FTR-15280,PRP-3806,new_roof,1
FTR-15281,PRP-3806,granite_counters,no
FTR-15282,PRP-3806,smart_home,YES
FTR-15283,PRP-3807,updated_kitchen,Yes
FTR-15284,PRP-3807,hardwood_floors,yes
FTR-15285,PRP-3808,new_roof,YES
FTR-15286,PRP-3808,hardwood_floors,yes
FTR-15287,PRP-3809,stainless_appliances,1
FTR-15288,PRP-3809,solar_panels,Yes
FTR-15289,PRP-3810,fireplace,YES
FTR-15290,PRP-3810,smart_home,1
FTR-15291,PRP-3811,fireplace,YES
FTR-15292,PRP-3811,solar_panels,Yes
FTR-15293,PRP-3812,stainless_appliances,no
FTR-15294,PRP-3812,hardwood_floors,no
FTR-15295,PRP-3812,solar_panels,0
FTR-15296,PRP-3812,granite_counters,no
FTR-15297,PRP-3812,central_ac,no
FTR-15298,PRP-3813,walk_in_closet,YES
FTR-15299,PRP-3813,fresh_paint,1
FTR-15300,PRP-3814,master_suite,yes
FTR-15301,PRP-3814,stainless_appliances,no
FTR-15302,PRP-3814,updated_kitchen,1
FTR-15303,PRP-3814,open_floor_plan,no
FTR-15304,PRP-3814,solar_panels,yes
FTR-15305,PRP-3815,master_suite,no
FTR-15306,PRP-3815,vaulted_ceilings,Yes
FTR-15307,PRP-3815,walk_in_closet,1
FTR-15308,PRP-3815,fireplace,no
FTR-15309,PRP-3815,smart_home,no
FTR-15310,PRP-3815,open_floor_plan,0
FTR-15311,PRP-3816,master_suite,yes
FTR-15312,PRP-3816,smart_home,0
FTR-15313,PRP-3816,central_ac,YES
FTR-15314,PRP-3816,new_roof,yes
FTR-15315,PRP-3816,granite_counters,Yes
FTR-15316,PRP-3817,granite_counters,yes
FTR-15317,PRP-3817,central_ac,1
FTR-15318,PRP-3817,new_roof,0
FTR-15319,PRP-3818,vaulted_ceilings,no
FTR-15320,PRP-3818,walk_in_closet,yes
FTR-15321,PRP-3819,master_suite,Yes
FTR-15322,PRP-3819,granite_counters,YES
FTR-15323,PRP-3819,fresh_paint,1
FTR-15324,PRP-3819,solar_panels,YES
FTR-15325,PRP-3819,open_floor_plan,no
FTR-15326,PRP-3819,new_roof,yes
FTR-15327,PRP-3820,hardwood_floors,1
FTR-15328,PRP-3820,updated_kitchen,no
FTR-15329,PRP-3820,walk_in_closet,Yes
FTR-15330,PRP-3820,open_floor_plan,YES
FTR-15331,PRP-3820,vaulted_ceilings,Yes
FTR-15332,PRP-3820,fireplace,no
FTR-15333,PRP-3821,fireplace,1
FTR-15334,PRP-3821,walk_in_closet,1
FTR-15335,PRP-3821,fresh_paint,1
FTR-15336,PRP-3822,new_roof,1
FTR-15337,PRP-3822,fireplace,yes
FTR-15338,PRP-3822,fresh_paint,yes
FTR-15339,PRP-3822,stainless_appliances,yes
FTR-15340,PRP-3822,granite_counters,Yes
FTR-15341,PRP-3823,central_ac,1
FTR-15342,PRP-3823,master_suite,1
FTR-15343,PRP-3823,vaulted_ceilings,1
FTR-15344,PRP-3824,updated_kitchen,0
FTR-15345,PRP-3824,fresh_paint,0
FTR-15346,PRP-3824,central_ac,no
FTR-15347,PRP-3824,fireplace,Yes
FTR-15348,PRP-3824,hardwood_floors,1
FTR-15349,PRP-3825,fresh_paint,no
FTR-15350,PRP-3825,open_floor_plan,1
FTR-15351,PRP-3825,new_roof,no
FTR-15352,PRP-3826,smart_home,Yes
FTR-15353,PRP-3826,vaulted_ceilings,Yes
FTR-15354,PRP-3826,hardwood_floors,no
FTR-15355,PRP-3826,solar_panels,yes
FTR-15356,PRP-3826,walk_in_closet,Yes
FTR-15357,PRP-3826,central_ac,1
FTR-15358,PRP-3827,walk_in_closet,YES
FTR-15359,PRP-3827,fresh_paint,yes
FTR-15360,PRP-3828,central_ac,yes
FTR-15361,PRP-3828,stainless_appliances,Yes
FTR-15362,PRP-3828,walk_in_closet,Yes
FTR-15363,PRP-3828,vaulted_ceilings,yes
FTR-15364,PRP-3828,fresh_paint,0
FTR-15365,PRP-3828,smart_home,yes
FTR-15366,PRP-3829,vaulted_ceilings,no
FTR-15367,PRP-3829,walk_in_closet,YES
FTR-15368,PRP-3829,stainless_appliances,1
FTR-15369,PRP-3829,master_suite,Yes
FTR-15370,PRP-3830,granite_counters,Yes
FTR-15371,PRP-3830,smart_home,Yes
FTR-15372,PRP-3830,stainless_appliances,no
FTR-15373,PRP-3830,solar_panels,0
FTR-15374,PRP-3830,walk_in_closet,Yes
FTR-15375,PRP-3830,open_floor_plan,0
FTR-15376,PRP-3831,smart_home,YES
FTR-15377,PRP-3831,central_ac,1
FTR-15378,PRP-3831,stainless_appliances,1
FTR-15379,PRP-3831,vaulted_ceilings,Yes
FTR-15380,PRP-3831,fresh_paint,Yes
FTR-15381,PRP-3831,open_floor_plan,no
FTR-15382,PRP-3832,stainless_appliances,1
FTR-15383,PRP-3832,walk_in_closet,Yes
FTR-15384,PRP-3833,walk_in_closet,Yes
FTR-15385,PRP-3833,vaulted_ceilings,Yes
FTR-15386,PRP-3833,central_ac,yes
FTR-15387,PRP-3833,stainless_appliances,0
FTR-15388,PRP-3833,updated_kitchen,1
FTR-15389,PRP-3833,new_roof,YES
FTR-15390,PRP-3834,updated_kitchen,Yes
FTR-15391,PRP-3834,stainless_appliances,0
FTR-15392,PRP-3834,master_suite,0
FTR-15393,PRP-3834,open_floor_plan,1
FTR-15394,PRP-3835,fresh_paint,1
FTR-15395,PRP-3835,stainless_appliances,0
FTR-15396,PRP-3835,hardwood_floors,YES
FTR-15397,PRP-3835,new_roof,no
FTR-15398,PRP-3836,central_ac,Yes
FTR-15399,PRP-3836,vaulted_ceilings,no
FTR-15400,PRP-3836,new_roof,Yes
FTR-15401,PRP-3836,updated_kitchen,yes
FTR-15402,PRP-3837,new_roof,0
FTR-15403,PRP-3837,vaulted_ceilings,Yes
FTR-15404,PRP-3837,granite_counters,1
FTR-15405,PRP-3838,open_floor_plan,YES
FTR-15406,PRP-3838,fireplace,1
FTR-15407,PRP-3838,vaulted_ceilings,yes
FTR-15408,PRP-3838,fresh_paint,1
FTR-15409,PRP-3838,central_ac,YES
FTR-15410,PRP-3838,master_suite,YES
FTR-15411,PRP-3839,new_roof,no
FTR-15412,PRP-3839,central_ac,1
FTR-15413,PRP-3839,updated_kitchen,1
FTR-15414,PRP-3840,fresh_paint,no
FTR-15415,PRP-3840,fireplace,0
FTR-15416,PRP-3840,stainless_appliances,yes
FTR-15417,PRP-3840,walk_in_closet,no
FTR-15418,PRP-3840,solar_panels,no
FTR-15419,PRP-3840,master_suite,Yes
FTR-15420,PRP-3841,master_suite,no
FTR-15421,PRP-3841,vaulted_ceilings,0
FTR-15422,PRP-3841,stainless_appliances,1
FTR-15423,PRP-3842,granite_counters,yes
FTR-15424,PRP-3842,central_ac,Yes
FTR-15425,PRP-3842,stainless_appliances,0
FTR-15426,PRP-3842,master_suite,YES
FTR-15427,PRP-3842,new_roof,no
FTR-15428,PRP-3842,hardwood_floors,0
FTR-15429,PRP-3843,vaulted_ceilings,0
FTR-15430,PRP-3843,stainless_appliances,Yes
FTR-15431,PRP-3843,open_floor_plan,1
FTR-15432,PRP-3844,new_roof,Yes
FTR-15433,PRP-3844,hardwood_floors,1
FTR-15434,PRP-3844,master_suite,0
FTR-15435,PRP-3845,open_floor_plan,0
FTR-15436,PRP-3845,granite_counters,Yes
FTR-15437,PRP-3845,solar_panels,0
FTR-15438,PRP-3845,vaulted_ceilings,1
FTR-15439,PRP-3845,walk_in_closet,YES
FTR-15440,PRP-3845,hardwood_floors,0
FTR-15441,PRP-3846,granite_counters,Yes
FTR-15442,PRP-3846,updated_kitchen,YES
FTR-15443,PRP-3846,master_suite,no
FTR-15444,PRP-3846,fireplace,Yes
FTR-15445,PRP-3846,vaulted_ceilings,1
FTR-15446,PRP-3846,solar_panels,YES
FTR-15447,PRP-3847,updated_kitchen,Yes
FTR-15448,PRP-3847,smart_home,YES
FTR-15449,PRP-3847,solar_panels,0
FTR-15450,PRP-3848,master_suite,yes
FTR-15451,PRP-3848,stainless_appliances,Yes
FTR-15452,PRP-3848,hardwood_floors,1
FTR-15453,PRP-3848,granite_counters,1
FTR-15454,PRP-3848,fireplace,yes
FTR-15455,PRP-3848,updated_kitchen,0
FTR-15456,PRP-3849,hardwood_floors,Yes
FTR-15457,PRP-3849,fireplace,no
FTR-15458,PRP-3850,granite_counters,1
FTR-15459,PRP-3850,fireplace,1
FTR-15460,PRP-3850,central_ac,YES
FTR-15461,PRP-3850,new_roof,YES
FTR-15462,PRP-3850,walk_in_closet,YES
FTR-15463,PRP-3850,stainless_appliances,1
FTR-15464,PRP-3851,fresh_paint,YES
FTR-15465,PRP-3851,master_suite,Yes
FTR-15466,PRP-3851,walk_in_closet,YES
FTR-15467,PRP-3851,granite_counters,yes
FTR-15468,PRP-3851,hardwood_floors,YES
FTR-15469,PRP-3851,smart_home,Yes
FTR-15470,PRP-3852,new_roof,Yes
FTR-15471,PRP-3852,hardwood_floors,no
FTR-15472,PRP-3852,updated_kitchen,0
FTR-15473,PRP-3852,master_suite,Yes
FTR-15474,PRP-3852,granite_counters,YES
FTR-15475,PRP-3853,vaulted_ceilings,YES
FTR-15476,PRP-3853,smart_home,yes
FTR-15477,PRP-3853,new_roof,1
FTR-15478,PRP-3853,updated_kitchen,YES
FTR-15479,PRP-3853,open_floor_plan,YES
FTR-15480,PRP-3853,walk_in_closet,YES
FTR-15481,PRP-3854,vaulted_ceilings,1
FTR-15482,PRP-3854,walk_in_closet,Yes
FTR-15483,PRP-3854,smart_home,1
FTR-15484,PRP-3854,master_suite,no
FTR-15485,PRP-3855,fresh_paint,1
FTR-15486,PRP-3855,smart_home,yes
FTR-15487,PRP-3855,hardwood_floors,Yes
FTR-15488,PRP-3856,updated_kitchen,YES
FTR-15489,PRP-3856,granite_counters,Yes
FTR-15490,PRP-3856,solar_panels,no
FTR-15491,PRP-3857,central_ac,YES
FTR-15492,PRP-3857,hardwood_floors,YES
FTR-15493,PRP-3857,stainless_appliances,1
FTR-15494,PRP-3857,fresh_paint,no
FTR-15495,PRP-3858,fresh_paint,YES
FTR-15496,PRP-3858,master_suite,yes
FTR-15497,PRP-3858,updated_kitchen,0
FTR-15498,PRP-3858,open_floor_plan,YES
FTR-15499,PRP-3859,master_suite,Yes
FTR-15500,PRP-3859,central_ac,YES
FTR-15501,PRP-3859,granite_counters,0
FTR-15502,PRP-3859,fireplace,1
FTR-15503,PRP-3859,smart_home,YES
FTR-15504,PRP-3860,granite_counters,YES
FTR-15505,PRP-3860,central_ac,1
FTR-15506,PRP-3861,hardwood_floors,no
FTR-15507,PRP-3861,central_ac,yes
FTR-15508,PRP-3861,open_floor_plan,Yes
FTR-15509,PRP-3861,master_suite,YES
FTR-15510,PRP-3862,updated_kitchen,YES
FTR-15511,PRP-3862,smart_home,yes
FTR-15512,PRP-3862,solar_panels,1
FTR-15513,PRP-3862,walk_in_closet,no
FTR-15514,PRP-3862,stainless_appliances,no
FTR-15515,PRP-3863,fresh_paint,YES
FTR-15516,PRP-3863,hardwood_floors,Yes
FTR-15517,PRP-3864,fresh_paint,Yes
FTR-15518,PRP-3864,stainless_appliances,yes
FTR-15519,PRP-3864,smart_home,0
FTR-15520,PRP-3864,open_floor_plan,YES
FTR-15521,PRP-3864,fireplace,yes
FTR-15522,PRP-3865,stainless_appliances,Yes
FTR-15523,PRP-3865,master_suite,YES
FTR-15524,PRP-3865,vaulted_ceilings,YES
FTR-15525,PRP-3865,granite_counters,Yes
FTR-15526,PRP-3866,open_floor_plan,1
FTR-15527,PRP-3866,solar_panels,no
FTR-15528,PRP-3867,fresh_paint,YES
FTR-15529,PRP-3867,stainless_appliances,yes
FTR-15530,PRP-3867,open_floor_plan,Yes
FTR-15531,PRP-3868,fireplace,0
FTR-15532,PRP-3868,smart_home,1
FTR-15533,PRP-3868,vaulted_ceilings,0
FTR-15534,PRP-3868,hardwood_floors,Yes
FTR-15535,PRP-3868,master_suite,no
FTR-15536,PRP-3869,walk_in_closet,YES
FTR-15537,PRP-3869,master_suite,0
FTR-15538,PRP-3869,granite_counters,yes
FTR-15539,PRP-3870,open_floor_plan,no
FTR-15540,PRP-3870,new_roof,0
FTR-15541,PRP-3870,master_suite,no
FTR-15542,PRP-3870,hardwood_floors,no
FTR-15543,PRP-3870,solar_panels,0
FTR-15544,PRP-3870,fresh_paint,YES
FTR-15545,PRP-3871,stainless_appliances,yes
FTR-15546,PRP-3871,new_roof,1
FTR-15547,PRP-3871,open_floor_plan,Yes
FTR-15548,PRP-3871,updated_kitchen,no
FTR-15549,PRP-3872,smart_home,no
FTR-15550,PRP-3872,new_roof,yes
FTR-15551,PRP-3873,fireplace,Yes
FTR-15552,PRP-3873,solar_panels,no
FTR-15553,PRP-3874,walk_in_closet,yes
FTR-15554,PRP-3874,solar_panels,0
FTR-15555,PRP-3874,granite_counters,1
FTR-15556,PRP-3874,new_roof,YES
FTR-15557,PRP-3874,central_ac,YES
FTR-15558,PRP-3875,solar_panels,no
FTR-15559,PRP-3875,hardwood_floors,yes
FTR-15560,PRP-3875,walk_in_closet,yes
FTR-15561,PRP-3875,updated_kitchen,Yes
FTR-15562,PRP-3875,open_floor_plan,yes
FTR-15563,PRP-3875,master_suite,yes
FTR-15564,PRP-3876,new_roof,yes
FTR-15565,PRP-3876,walk_in_closet,YES
FTR-15566,PRP-3876,fireplace,Yes
FTR-15567,PRP-3876,smart_home,no
FTR-15568,PRP-3876,open_floor_plan,YES
FTR-15569,PRP-3876,solar_panels,YES
FTR-15570,PRP-3877,smart_home,no
FTR-15571,PRP-3877,central_ac,0
FTR-15572,PRP-3877,fireplace,Yes
FTR-15573,PRP-3877,hardwood_floors,yes
FTR-15574,PRP-3878,fireplace,yes
FTR-15575,PRP-3878,fresh_paint,YES
FTR-15576,PRP-3878,central_ac,yes
FTR-15577,PRP-3878,stainless_appliances,YES
FTR-15578,PRP-3878,hardwood_floors,YES
FTR-15579,PRP-3879,fresh_paint,0
FTR-15580,PRP-3879,granite_counters,YES
FTR-15581,PRP-3880,master_suite,no
FTR-15582,PRP-3880,granite_counters,0
FTR-15583,PRP-3880,hardwood_floors,1
FTR-15584,PRP-3881,fireplace,yes
FTR-15585,PRP-3881,updated_kitchen,no
FTR-15586,PRP-3881,hardwood_floors,Yes
FTR-15587,PRP-3881,central_ac,YES
FTR-15588,PRP-3882,stainless_appliances,1
FTR-15589,PRP-3882,open_floor_plan,0
FTR-15590,PRP-3882,walk_in_closet,Yes
FTR-15591,PRP-3882,solar_panels,yes
FTR-15592,PRP-3882,hardwood_floors,YES
FTR-15593,PRP-3882,granite_counters,0
FTR-15594,PRP-3883,central_ac,0
FTR-15595,PRP-3883,vaulted_ceilings,1
FTR-15596,PRP-3883,stainless_appliances,no
FTR-15597,PRP-3883,hardwood_floors,1
FTR-15598,PRP-3883,walk_in_closet,yes
FTR-15599,PRP-3884,hardwood_floors,yes
FTR-15600,PRP-3884,central_ac,Yes
FTR-15601,PRP-3884,fireplace,YES
FTR-15602,PRP-3885,granite_counters,YES
FTR-15603,PRP-3885,central_ac,Yes
FTR-15604,PRP-3886,fireplace,Yes
FTR-15605,PRP-3886,updated_kitchen,1
FTR-15606,PRP-3886,hardwood_floors,0
FTR-15607,PRP-3886,master_suite,no
FTR-15608,PRP-3887,open_floor_plan,0
FTR-15609,PRP-3887,master_suite,0
FTR-15610,PRP-3887,central_ac,Yes
FTR-15611,PRP-3887,hardwood_floors,Yes
FTR-15612,PRP-3887,granite_counters,1
FTR-15613,PRP-3887,smart_home,1
FTR-15614,PRP-3888,new_roof,1
FTR-15615,PRP-3888,vaulted_ceilings,0
FTR-15616,PRP-3889,granite_counters,yes
FTR-15617,PRP-3889,open_floor_plan,yes
FTR-15618,PRP-3889,walk_in_closet,no
FTR-15619,PRP-3889,fresh_paint,no
FTR-15620,PRP-3889,central_ac,Yes
FTR-15621,PRP-3889,solar_panels,no
FTR-15622,PRP-3890,hardwood_floors,Yes
FTR-15623,PRP-3890,master_suite,0
FTR-15624,PRP-3890,fireplace,yes
FTR-15625,PRP-3890,walk_in_closet,1
FTR-15626,PRP-3890,solar_panels,Yes
FTR-15627,PRP-3890,fresh_paint,yes
FTR-15628,PRP-3891,stainless_appliances,Yes
FTR-15629,PRP-3891,vaulted_ceilings,YES
FTR-15630,PRP-3891,new_roof,0
FTR-15631,PRP-3891,open_floor_plan,no
FTR-15632,PRP-3892,solar_panels,YES
FTR-15633,PRP-3892,fireplace,YES
FTR-15634,PRP-3892,fresh_paint,Yes
FTR-15635,PRP-3892,stainless_appliances,no
FTR-15636,PRP-3892,walk_in_closet,Yes
FTR-15637,PRP-3892,new_roof,0
FTR-15638,PRP-3893,hardwood_floors,no
FTR-15639,PRP-3893,fresh_paint,YES
FTR-15640,PRP-3893,solar_panels,Yes
FTR-15641,PRP-3893,fireplace,no
FTR-15642,PRP-3893,vaulted_ceilings,1
FTR-15643,PRP-3893,granite_counters,YES
FTR-15644,PRP-3894,granite_counters,1
FTR-15645,PRP-3894,vaulted_ceilings,1
FTR-15646,PRP-3895,open_floor_plan,yes
FTR-15647,PRP-3895,central_ac,1
FTR-15648,PRP-3895,granite_counters,YES
FTR-15649,PRP-3895,smart_home,1
FTR-15650,PRP-3895,hardwood_floors,0
FTR-15651,PRP-3895,vaulted_ceilings,yes
FTR-15652,PRP-3896,hardwood_floors,YES
FTR-15653,PRP-3896,solar_panels,Yes
FTR-15654,PRP-3896,master_suite,Yes
FTR-15655,PRP-3896,updated_kitchen,Yes
FTR-15656,PRP-3897,central_ac,no
FTR-15657,PRP-3897,fresh_paint,0
FTR-15658,PRP-3898,smart_home,1
FTR-15659,PRP-3898,open_floor_plan,yes
FTR-15660,PRP-3898,new_roof,1
FTR-15661,PRP-3899,master_suite,no
FTR-15662,PRP-3899,granite_counters,YES
FTR-15663,PRP-3899,central_ac,Yes
FTR-15664,PRP-3899,updated_kitchen,no
FTR-15665,PRP-3899,open_floor_plan,1
FTR-15666,PRP-3900,granite_counters,Yes
FTR-15667,PRP-3900,open_floor_plan,yes
FTR-15668,PRP-3900,hardwood_floors,1
FTR-15669,PRP-3900,fresh_paint,YES
FTR-15670,PRP-3900,master_suite,no
FTR-15671,PRP-3900,new_roof,yes
FTR-15672,PRP-3901,granite_counters,yes
FTR-15673,PRP-3901,open_floor_plan,Yes
FTR-15674,PRP-3902,solar_panels,yes
FTR-15675,PRP-3902,master_suite,no
FTR-15676,PRP-3902,stainless_appliances,yes
FTR-15677,PRP-3902,open_floor_plan,no
FTR-15678,PRP-3902,fireplace,1
FTR-15679,PRP-3902,hardwood_floors,no
FTR-15680,PRP-3903,walk_in_closet,no
FTR-15681,PRP-3903,fresh_paint,Yes
FTR-15682,PRP-3903,new_roof,yes
FTR-15683,PRP-3904,hardwood_floors,YES
FTR-15684,PRP-3904,new_roof,Yes
FTR-15685,PRP-3904,fresh_paint,yes
FTR-15686,PRP-3905,updated_kitchen,0
FTR-15687,PRP-3905,open_floor_plan,no
FTR-15688,PRP-3906,master_suite,no
FTR-15689,PRP-3906,stainless_appliances,yes
FTR-15690,PRP-3906,new_roof,yes
FTR-15691,PRP-3906,solar_panels,1
FTR-15692,PRP-3906,fireplace,Yes
FTR-15693,PRP-3906,vaulted_ceilings,no
FTR-15694,PRP-3907,fireplace,YES
FTR-15695,PRP-3907,smart_home,Yes
FTR-15696,PRP-3907,stainless_appliances,no
FTR-15697,PRP-3907,hardwood_floors,Yes
FTR-15698,PRP-3907,vaulted_ceilings,1
FTR-15699,PRP-3907,fresh_paint,yes
FTR-15700,PRP-3908,fresh_paint,yes
FTR-15701,PRP-3908,master_suite,Yes
FTR-15702,PRP-3908,vaulted_ceilings,1
FTR-15703,PRP-3909,open_floor_plan,Yes
FTR-15704,PRP-3909,master_suite,0
FTR-15705,PRP-3909,fresh_paint,yes
FTR-15706,PRP-3909,walk_in_closet,0
FTR-15707,PRP-3910,walk_in_closet,YES
FTR-15708,PRP-3910,fresh_paint,yes
FTR-15709,PRP-3910,open_floor_plan,YES
FTR-15710,PRP-3911,fresh_paint,YES
FTR-15711,PRP-3911,vaulted_ceilings,no
FTR-15712,PRP-3911,hardwood_floors,yes
FTR-15713,PRP-3911,granite_counters,Yes
FTR-15714,PRP-3911,master_suite,Yes
FTR-15715,PRP-3912,fireplace,1
FTR-15716,PRP-3912,fresh_paint,yes
FTR-15717,PRP-3912,smart_home,Yes
FTR-15718,PRP-3912,vaulted_ceilings,0
FTR-15719,PRP-3913,fresh_paint,1
FTR-15720,PRP-3913,granite_counters,0
FTR-15721,PRP-3913,master_suite,no
FTR-15722,PRP-3913,new_roof,1
FTR-15723,PRP-3913,hardwood_floors,YES
FTR-15724,PRP-3913,vaulted_ceilings,0
FTR-15725,PRP-3914,new_roof,YES
FTR-15726,PRP-3914,smart_home,no
FTR-15727,PRP-3914,walk_in_closet,Yes
FTR-15728,PRP-3914,hardwood_floors,Yes
FTR-15729,PRP-3914,vaulted_ceilings,Yes
FTR-15730,PRP-3915,walk_in_closet,no
FTR-15731,PRP-3915,updated_kitchen,yes
FTR-15732,PRP-3915,granite_counters,1
FTR-15733,PRP-3916,open_floor_plan,1
FTR-15734,PRP-3916,granite_counters,0
FTR-15735,PRP-3916,smart_home,YES
FTR-15736,PRP-3917,updated_kitchen,1
FTR-15737,PRP-3917,stainless_appliances,0
FTR-15738,PRP-3917,central_ac,0
FTR-15739,PRP-3917,solar_panels,yes
FTR-15740,PRP-3918,solar_panels,1
FTR-15741,PRP-3918,granite_counters,0
FTR-15742,PRP-3918,fireplace,yes
FTR-15743,PRP-3919,walk_in_closet,0
FTR-15744,PRP-3919,master_suite,no
FTR-15745,PRP-3919,vaulted_ceilings,yes
FTR-15746,PRP-3919,smart_home,1
FTR-15747,PRP-3920,granite_counters,Yes
FTR-15748,PRP-3920,solar_panels,1
FTR-15749,PRP-3920,master_suite,1
FTR-15750,PRP-3920,fireplace,Yes
FTR-15751,PRP-3920,central_ac,1
FTR-15752,PRP-3920,fresh_paint,1
FTR-15753,PRP-3921,granite_counters,1
FTR-15754,PRP-3921,hardwood_floors,YES
FTR-15755,PRP-3921,central_ac,yes
FTR-15756,PRP-3921,fireplace,1
FTR-15757,PRP-3922,fireplace,YES
FTR-15758,PRP-3922,solar_panels,0
FTR-15759,PRP-3922,hardwood_floors,no
FTR-15760,PRP-3922,vaulted_ceilings,no
FTR-15761,PRP-3922,new_roof,yes
FTR-15762,PRP-3922,smart_home,YES
FTR-15763,PRP-3923,walk_in_closet,yes
FTR-15764,PRP-3923,smart_home,YES
FTR-15765,PRP-3923,vaulted_ceilings,Yes
FTR-15766,PRP-3923,fireplace,0
FTR-15767,PRP-3923,open_floor_plan,no
FTR-15768,PRP-3924,vaulted_ceilings,YES
FTR-15769,PRP-3924,walk_in_closet,no
FTR-15770,PRP-3924,updated_kitchen,Yes
FTR-15771,PRP-3924,solar_panels,Yes
FTR-15772,PRP-3924,fresh_paint,1
FTR-15773,PRP-3925,solar_panels,0
FTR-15774,PRP-3925,hardwood_floors,1
FTR-15775,PRP-3925,fireplace,no
FTR-15776,PRP-3925,fresh_paint,YES
FTR-15777,PRP-3925,smart_home,0
FTR-15778,PRP-3925,new_roof,yes
FTR-15779,PRP-3926,hardwood_floors,YES
FTR-15780,PRP-3926,granite_counters,yes
FTR-15781,PRP-3927,walk_in_closet,YES
FTR-15782,PRP-3927,hardwood_floors,0
FTR-15783,PRP-3927,fireplace,yes
FTR-15784,PRP-3928,stainless_appliances,Yes
FTR-15785,PRP-3928,solar_panels,Yes
FTR-15786,PRP-3928,central_ac,0
FTR-15787,PRP-3928,walk_in_closet,1
FTR-15788,PRP-3928,fresh_paint,no
FTR-15789,PRP-3929,master_suite,no
FTR-15790,PRP-3929,vaulted_ceilings,1
FTR-15791,PRP-3930,master_suite,yes
FTR-15792,PRP-3930,open_floor_plan,0
FTR-15793,PRP-3930,fresh_paint,0
FTR-15794,PRP-3930,granite_counters,Yes
FTR-15795,PRP-3930,walk_in_closet,no
FTR-15796,PRP-3931,vaulted_ceilings,1
FTR-15797,PRP-3931,fireplace,yes
FTR-15798,PRP-3931,stainless_appliances,1
FTR-15799,PRP-3931,granite_counters,no
FTR-15800,PRP-3932,master_suite,0
FTR-15801,PRP-3932,stainless_appliances,yes
FTR-15802,PRP-3932,fresh_paint,YES
FTR-15803,PRP-3932,fireplace,Yes
FTR-15804,PRP-3933,stainless_appliances,YES
FTR-15805,PRP-3933,solar_panels,YES
FTR-15806,PRP-3933,open_floor_plan,0
FTR-15807,PRP-3933,vaulted_ceilings,0
FTR-15808,PRP-3934,updated_kitchen,0
FTR-15809,PRP-3934,granite_counters,YES
FTR-15810,PRP-3935,hardwood_floors,0
FTR-15811,PRP-3935,new_roof,yes
FTR-15812,PRP-3935,smart_home,1
FTR-15813,PRP-3935,open_floor_plan,0
FTR-15814,PRP-3936,hardwood_floors,YES
FTR-15815,PRP-3936,new_roof,yes
FTR-15816,PRP-3937,walk_in_closet,yes
FTR-15817,PRP-3937,hardwood_floors,0
FTR-15818,PRP-3938,fresh_paint,Yes
FTR-15819,PRP-3938,fireplace,no
FTR-15820,PRP-3938,smart_home,no
FTR-15821,PRP-3939,updated_kitchen,no
FTR-15822,PRP-3939,stainless_appliances,Yes
FTR-15823,PRP-3940,central_ac,Yes
FTR-15824,PRP-3940,hardwood_floors,yes
FTR-15825,PRP-3940,fresh_paint,1
FTR-15826,PRP-3940,fireplace,0
FTR-15827,PRP-3941,vaulted_ceilings,Yes
FTR-15828,PRP-3941,new_roof,0
FTR-15829,PRP-3941,hardwood_floors,1
FTR-15830,PRP-3941,smart_home,1
FTR-15831,PRP-3942,master_suite,0
FTR-15832,PRP-3942,central_ac,0
FTR-15833,PRP-3942,smart_home,YES
FTR-15834,PRP-3942,stainless_appliances,Yes
FTR-15835,PRP-3943,new_roof,1
FTR-15836,PRP-3943,solar_panels,no
FTR-15837,PRP-3943,vaulted_ceilings,yes
FTR-15838,PRP-3943,updated_kitchen,no
FTR-15839,PRP-3944,fireplace,0
FTR-15840,PRP-3944,granite_counters,1
FTR-15841,PRP-3944,new_roof,no
FTR-15842,PRP-3945,granite_counters,Yes
FTR-15843,PRP-3945,smart_home,YES
FTR-15844,PRP-3945,vaulted_ceilings,Yes
FTR-15845,PRP-3945,central_ac,0
FTR-15846,PRP-3946,new_roof,no
FTR-15847,PRP-3946,granite_counters,1
FTR-15848,PRP-3946,fireplace,Yes
FTR-15849,PRP-3947,stainless_appliances,no
FTR-15850,PRP-3947,updated_kitchen,yes
FTR-15851,PRP-3947,solar_panels,0
FTR-15852,PRP-3947,new_roof,1
FTR-15853,PRP-3947,vaulted_ceilings,no
FTR-15854,PRP-3947,master_suite,YES
FTR-15855,PRP-3948,smart_home,YES
FTR-15856,PRP-3948,stainless_appliances,Yes
FTR-15857,PRP-3948,master_suite,1
FTR-15858,PRP-3949,fresh_paint,1
FTR-15859,PRP-3949,updated_kitchen,no
FTR-15860,PRP-3949,smart_home,Yes
FTR-15861,PRP-3950,open_floor_plan,0
FTR-15862,PRP-3950,stainless_appliances,0
FTR-15863,PRP-3950,walk_in_closet,0
FTR-15864,PRP-3950,solar_panels,yes
FTR-15865,PRP-3950,new_roof,yes
FTR-15866,PRP-3950,central_ac,Yes
FTR-15867,PRP-3951,central_ac,1
FTR-15868,PRP-3951,updated_kitchen,0
FTR-15869,PRP-3952,open_floor_plan,0
FTR-15870,PRP-3952,solar_panels,YES
FTR-15871,PRP-3952,new_roof,yes
FTR-15872,PRP-3952,hardwood_floors,no
FTR-15873,PRP-3952,smart_home,0
FTR-15874,PRP-3953,central_ac,YES
FTR-15875,PRP-3953,master_suite,0
FTR-15876,PRP-3954,granite_counters,yes
FTR-15877,PRP-3954,master_suite,yes
FTR-15878,PRP-3954,solar_panels,YES
FTR-15879,PRP-3954,fireplace,yes
FTR-15880,PRP-3954,smart_home,1
FTR-15881,PRP-3954,new_roof,Yes
FTR-15882,PRP-3955,granite_counters,1
FTR-15883,PRP-3955,central_ac,1
FTR-15884,PRP-3955,updated_kitchen,YES
FTR-15885,PRP-3955,stainless_appliances,1
FTR-15886,PRP-3955,fireplace,YES
FTR-15887,PRP-3956,new_roof,yes
FTR-15888,PRP-3956,vaulted_ceilings,0
FTR-15889,PRP-3956,fresh_paint,no
FTR-15890,PRP-3956,master_suite,YES
FTR-15891,PRP-3956,smart_home,0
FTR-15892,PRP-3957,new_roof,Yes
FTR-15893,PRP-3957,master_suite,no
FTR-15894,PRP-3958,new_roof,1
FTR-15895,PRP-3958,walk_in_closet,0
FTR-15896,PRP-3958,fireplace,Yes
FTR-15897,PRP-3959,central_ac,1
FTR-15898,PRP-3959,hardwood_floors,YES
FTR-15899,PRP-3959,stainless_appliances,Yes
FTR-15900,PRP-3959,solar_panels,0
FTR-15901,PRP-3960,vaulted_ceilings,0
FTR-15902,PRP-3960,hardwood_floors,0
FTR-15903,PRP-3960,open_floor_plan,YES
FTR-15904,PRP-3960,granite_counters,YES
FTR-15905,PRP-3960,master_suite,no
FTR-15906,PRP-3960,smart_home,0
FTR-15907,PRP-3961,updated_kitchen,1
FTR-15908,PRP-3961,solar_panels,no
FTR-15909,PRP-3961,granite_counters,YES
FTR-15910,PRP-3962,fireplace,yes
FTR-15911,PRP-3962,walk_in_closet,yes
FTR-15912,PRP-3962,hardwood_floors,1
FTR-15913,PRP-3962,solar_panels,1
FTR-15914,PRP-3962,master_suite,Yes
FTR-15915,PRP-3962,new_roof,1
FTR-15916,PRP-3963,master_suite,0
FTR-15917,PRP-3963,vaulted_ceilings,Yes
FTR-15918,PRP-3963,smart_home,1
FTR-15919,PRP-3963,hardwood_floors,YES
FTR-15920,PRP-3963,fresh_paint,no
FTR-15921,PRP-3963,updated_kitchen,no
FTR-15922,PRP-3964,walk_in_closet,no
FTR-15923,PRP-3964,master_suite,YES
FTR-15924,PRP-3964,hardwood_floors,0
FTR-15925,PRP-3964,fireplace,no
FTR-15926,PRP-3964,central_ac,0
FTR-15927,PRP-3964,solar_panels,YES
FTR-15928,PRP-3965,new_roof,YES
FTR-15929,PRP-3965,walk_in_closet,no
FTR-15930,PRP-3965,stainless_appliances,0
FTR-15931,PRP-3966,updated_kitchen,0
FTR-15932,PRP-3966,vaulted_ceilings,0
FTR-15933,PRP-3966,master_suite,no
FTR-15934,PRP-3966,central_ac,Yes
FTR-15935,PRP-3967,fireplace,yes
FTR-15936,PRP-3967,new_roof,no
FTR-15937,PRP-3967,hardwood_floors,yes
FTR-15938,PRP-3967,updated_kitchen,1
FTR-15939,PRP-3968,walk_in_closet,1
FTR-15940,PRP-3968,fireplace,yes
FTR-15941,PRP-3969,solar_panels,Yes
FTR-15942,PRP-3969,walk_in_closet,YES
FTR-15943,PRP-3969,updated_kitchen,yes
FTR-15944,PRP-3970,master_suite,yes
FTR-15945,PRP-3970,vaulted_ceilings,no
FTR-15946,PRP-3970,open_floor_plan,0
FTR-15947,PRP-3970,fresh_paint,1
FTR-15948,PRP-3970,smart_home,Yes
FTR-15949,PRP-3971,master_suite,yes
FTR-15950,PRP-3971,open_floor_plan,YES
FTR-15951,PRP-3972,solar_panels,yes
FTR-15952,PRP-3972,vaulted_ceilings,Yes
FTR-15953,PRP-3973,granite_counters,yes
FTR-15954,PRP-3973,central_ac,Yes
FTR-15955,PRP-3973,new_roof,YES
FTR-15956,PRP-3973,solar_panels,no
FTR-15957,PRP-3973,fireplace,0
FTR-15958,PRP-3974,master_suite,0
FTR-15959,PRP-3974,stainless_appliances,Yes
FTR-15960,PRP-3974,fresh_paint,yes
FTR-15961,PRP-3974,walk_in_closet,YES
FTR-15962,PRP-3975,master_suite,0
FTR-15963,PRP-3975,updated_kitchen,YES
FTR-15964,PRP-3976,stainless_appliances,YES
FTR-15965,PRP-3976,fresh_paint,0
FTR-15966,PRP-3976,vaulted_ceilings,no
FTR-15967,PRP-3976,granite_counters,yes
FTR-15968,PRP-3976,central_ac,1
FTR-15969,PRP-3976,new_roof,no
FTR-15970,PRP-3977,walk_in_closet,yes
FTR-15971,PRP-3977,smart_home,YES
FTR-15972,PRP-3978,walk_in_closet,Yes
FTR-15973,PRP-3978,smart_home,0
FTR-15974,PRP-3978,new_roof,0
FTR-15975,PRP-3978,fresh_paint,YES
FTR-15976,PRP-3978,stainless_appliances,YES
FTR-15977,PRP-3979,updated_kitchen,0
FTR-15978,PRP-3979,master_suite,yes
FTR-15979,PRP-3979,smart_home,yes
FTR-15980,PRP-3979,hardwood_floors,Yes
FTR-15981,PRP-3979,fresh_paint,YES
FTR-15982,PRP-3980,smart_home,YES
FTR-15983,PRP-3980,master_suite,0
FTR-15984,PRP-3980,fresh_paint,1
FTR-15985,PRP-3980,new_roof,0
FTR-15986,PRP-3980,granite_counters,YES
FTR-15987,PRP-3981,fireplace,YES
FTR-15988,PRP-3981,central_ac,YES
FTR-15989,PRP-3981,solar_panels,Yes
FTR-15990,PRP-3981,granite_counters,1
FTR-15991,PRP-3981,open_floor_plan,0
FTR-15992,PRP-3982,vaulted_ceilings,YES
FTR-15993,PRP-3982,central_ac,1
FTR-15994,PRP-3982,fireplace,yes
FTR-15995,PRP-3982,open_floor_plan,0
FTR-15996,PRP-3982,smart_home,Yes
FTR-15997,PRP-3982,new_roof,0
FTR-15998,PRP-3983,fireplace,no
FTR-15999,PRP-3983,fresh_paint,YES
FTR-16000,PRP-3983,central_ac,no
FTR-16001,PRP-3984,updated_kitchen,yes
FTR-16002,PRP-3984,vaulted_ceilings,1
FTR-16003,PRP-3984,master_suite,1
FTR-16004,PRP-3985,hardwood_floors,Yes
FTR-16005,PRP-3985,smart_home,0
FTR-16006,PRP-3985,granite_counters,Yes
FTR-16007,PRP-3986,new_roof,0
FTR-16008,PRP-3986,smart_home,YES
FTR-16009,PRP-3986,fireplace,yes
FTR-16010,PRP-3986,walk_in_closet,yes
FTR-16011,PRP-3986,open_floor_plan,1
FTR-16012,PRP-3986,solar_panels,Yes
FTR-16013,PRP-3987,hardwood_floors,no
FTR-16014,PRP-3987,vaulted_ceilings,YES
FTR-16015,PRP-3988,master_suite,YES
FTR-16016,PRP-3988,granite_counters,no
FTR-16017,PRP-3988,new_roof,yes
FTR-16018,PRP-3988,solar_panels,1
FTR-16019,PRP-3989,walk_in_closet,Yes
FTR-16020,PRP-3989,new_roof,0
FTR-16021,PRP-3989,open_floor_plan,YES
FTR-16022,PRP-3989,solar_panels,0
FTR-16023,PRP-3990,stainless_appliances,yes
FTR-16024,PRP-3990,solar_panels,Yes
FTR-16025,PRP-3990,fireplace,1
FTR-16026,PRP-3990,walk_in_closet,Yes
FTR-16027,PRP-3991,fresh_paint,Yes
FTR-16028,PRP-3991,smart_home,Yes
FTR-16029,PRP-3992,open_floor_plan,Yes
FTR-16030,PRP-3992,new_roof,0
FTR-16031,PRP-3993,central_ac,yes
FTR-16032,PRP-3993,stainless_appliances,yes
FTR-16033,PRP-3994,walk_in_closet,1
FTR-16034,PRP-3994,updated_kitchen,yes
FTR-16035,PRP-3994,hardwood_floors,0
FTR-16036,PRP-3995,granite_counters,1
FTR-16037,PRP-3995,updated_kitchen,Yes
FTR-16038,PRP-3995,vaulted_ceilings,YES
FTR-16039,PRP-3995,open_floor_plan,1
FTR-16040,PRP-3995,hardwood_floors,no
FTR-16041,PRP-3996,smart_home,yes
FTR-16042,PRP-3996,new_roof,no
FTR-16043,PRP-3996,fireplace,yes
FTR-16044,PRP-3996,stainless_appliances,no
FTR-16045,PRP-3996,hardwood_floors,1
FTR-16046,PRP-3997,walk_in_closet,Yes
FTR-16047,PRP-3997,hardwood_floors,0
FTR-16048,PRP-3997,granite_counters,0
FTR-16049,PRP-3998,walk_in_closet,1
FTR-16050,PRP-3998,vaulted_ceilings,1
FTR-16051,PRP-3999,smart_home,no
FTR-16052,PRP-3999,central_ac,yes
FTR-16053,PRP-3999,updated_kitchen,YES
FTR-16054,PRP-3999,open_floor_plan,YES
FTR-16055,PRP-3999,master_suite,0
FTR-16056,PRP-4000,open_floor_plan,no
FTR-16057,PRP-4000,walk_in_closet,0
FTR-16058,PRP-4000,granite_counters,YES
FTR-16059,PRP-4001,fresh_paint,no
FTR-16060,PRP-4001,granite_counters,Yes
FTR-16061,PRP-4001,stainless_appliances,yes
FTR-16062,PRP-4001,solar_panels,YES
FTR-16063,PRP-4001,fireplace,0
FTR-16064,PRP-4002,new_roof,Yes
FTR-16065,PRP-4002,open_floor_plan,0
FTR-16066,PRP-4003,walk_in_closet,YES
FTR-16067,PRP-4003,vaulted_ceilings,1
FTR-16068,PRP-4004,fresh_paint,1
FTR-16069,PRP-4004,vaulted_ceilings,YES
FTR-16070,PRP-4004,open_floor_plan,no
FTR-16071,PRP-4004,stainless_appliances,1
FTR-16072,PRP-4005,walk_in_closet,Yes
FTR-16073,PRP-4005,open_floor_plan,Yes
FTR-16074,PRP-4005,vaulted_ceilings,Yes
FTR-16075,PRP-4006,walk_in_closet,1
FTR-16076,PRP-4006,vaulted_ceilings,YES
FTR-16077,PRP-4006,updated_kitchen,1
FTR-16078,PRP-4007,central_ac,Yes
FTR-16079,PRP-4007,stainless_appliances,yes
FTR-16080,PRP-4007,updated_kitchen,1
FTR-16081,PRP-4007,open_floor_plan,0
FTR-16082,PRP-4007,fireplace,yes
FTR-16083,PRP-4008,open_floor_plan,yes
FTR-16084,PRP-4008,updated_kitchen,no
FTR-16085,PRP-4008,master_suite,Yes
FTR-16086,PRP-4008,new_roof,no
FTR-16087,PRP-4008,central_ac,1
FTR-16088,PRP-4008,hardwood_floors,Yes
FTR-16089,PRP-4009,solar_panels,0
FTR-16090,PRP-4009,new_roof,1
FTR-16091,PRP-4009,fresh_paint,YES
FTR-16092,PRP-4009,smart_home,yes
FTR-16093,PRP-4009,walk_in_closet,0
FTR-16094,PRP-4010,smart_home,no
FTR-16095,PRP-4010,walk_in_closet,no
FTR-16096,PRP-4010,updated_kitchen,Yes
FTR-16097,PRP-4010,solar_panels,no
FTR-16098,PRP-4010,central_ac,1
FTR-16099,PRP-4010,vaulted_ceilings,1
FTR-16100,PRP-4011,hardwood_floors,yes
FTR-16101,PRP-4011,central_ac,yes
FTR-16102,PRP-4011,vaulted_ceilings,YES
FTR-16103,PRP-4011,solar_panels,Yes
FTR-16104,PRP-4012,central_ac,YES
FTR-16105,PRP-4012,new_roof,no
FTR-16106,PRP-4012,fireplace,Yes
FTR-16107,PRP-4012,granite_counters,1
FTR-16108,PRP-4012,walk_in_closet,1
FTR-16109,PRP-4012,hardwood_floors,YES
FTR-16110,PRP-4013,master_suite,Yes
FTR-16111,PRP-4013,open_floor_plan,0
FTR-16112,PRP-4013,new_roof,no
FTR-16113,PRP-4013,fresh_paint,1
FTR-16114,PRP-4013,hardwood_floors,0
FTR-16115,PRP-4014,open_floor_plan,yes
FTR-16116,PRP-4014,solar_panels,no
FTR-16117,PRP-4014,master_suite,yes
FTR-16118,PRP-4014,new_roof,yes
FTR-16119,PRP-4014,central_ac,1
FTR-16120,PRP-4015,updated_kitchen,1
FTR-16121,PRP-4015,hardwood_floors,0
FTR-16122,PRP-4016,solar_panels,0
FTR-16123,PRP-4016,master_suite,0
FTR-16124,PRP-4017,granite_counters,yes
FTR-16125,PRP-4017,master_suite,0
FTR-16126,PRP-4017,new_roof,1
FTR-16127,PRP-4017,updated_kitchen,yes
FTR-16128,PRP-4018,new_roof,1
FTR-16129,PRP-4018,solar_panels,no
FTR-16130,PRP-4018,fireplace,1
FTR-16131,PRP-4019,vaulted_ceilings,Yes
FTR-16132,PRP-4019,fireplace,no
FTR-16133,PRP-4019,new_roof,Yes
FTR-16134,PRP-4019,granite_counters,1
FTR-16135,PRP-4019,master_suite,yes
FTR-16136,PRP-4020,vaulted_ceilings,0
FTR-16137,PRP-4020,new_roof,yes
FTR-16138,PRP-4020,open_floor_plan,Yes
FTR-16139,PRP-4020,walk_in_closet,no
FTR-16140,PRP-4021,fresh_paint,1
FTR-16141,PRP-4021,fireplace,0
FTR-16142,PRP-4021,granite_counters,1
FTR-16143,PRP-4021,central_ac,no
FTR-16144,PRP-4022,new_roof,no
FTR-16145,PRP-4022,vaulted_ceilings,YES
FTR-16146,PRP-4022,smart_home,1
FTR-16147,PRP-4022,fireplace,YES
FTR-16148,PRP-4022,hardwood_floors,YES
FTR-16149,PRP-4023,fireplace,YES
FTR-16150,PRP-4023,fresh_paint,YES
FTR-16151,PRP-4023,open_floor_plan,no
FTR-16152,PRP-4024,central_ac,0
FTR-16153,PRP-4024,master_suite,1
FTR-16154,PRP-4024,vaulted_ceilings,Yes
FTR-16155,PRP-4025,stainless_appliances,YES
FTR-16156,PRP-4025,central_ac,YES
FTR-16157,PRP-4025,vaulted_ceilings,yes
FTR-16158,PRP-4026,walk_in_closet,0
FTR-16159,PRP-4026,smart_home,1
FTR-16160,PRP-4027,hardwood_floors,Yes
FTR-16161,PRP-4027,stainless_appliances,Yes
FTR-16162,PRP-4027,vaulted_ceilings,1
FTR-16163,PRP-4027,granite_counters,1
FTR-16164,PRP-4027,updated_kitchen,no
FTR-16165,PRP-4027,fireplace,0
FTR-16166,PRP-4028,smart_home,1
FTR-16167,PRP-4028,granite_counters,0
FTR-16168,PRP-4028,new_roof,0
FTR-16169,PRP-4028,walk_in_closet,YES
FTR-16170,PRP-4029,hardwood_floors,Yes
FTR-16171,PRP-4029,solar_panels,YES
FTR-16172,PRP-4029,smart_home,0
FTR-16173,PRP-4030,central_ac,Yes
FTR-16174,PRP-4030,granite_counters,no
FTR-16175,PRP-4030,updated_kitchen,yes
FTR-16176,PRP-4030,walk_in_closet,YES
FTR-16177,PRP-4030,hardwood_floors,yes
FTR-16178,PRP-4030,new_roof,no
FTR-16179,PRP-4031,hardwood_floors,0
FTR-16180,PRP-4031,new_roof,Yes
FTR-16181,PRP-4032,solar_panels,0
FTR-16182,PRP-4032,open_floor_plan,no
FTR-16183,PRP-4032,updated_kitchen,0
FTR-16184,PRP-4032,hardwood_floors,yes
FTR-16185,PRP-4033,stainless_appliances,YES
FTR-16186,PRP-4033,new_roof,no
FTR-16187,PRP-4033,updated_kitchen,Yes
FTR-16188,PRP-4033,vaulted_ceilings,YES
FTR-16189,PRP-4034,vaulted_ceilings,YES
FTR-16190,PRP-4034,master_suite,YES
FTR-16191,PRP-4034,updated_kitchen,yes
FTR-16192,PRP-4034,fresh_paint,yes
FTR-16193,PRP-4035,smart_home,Yes
FTR-16194,PRP-4035,open_floor_plan,0
FTR-16195,PRP-4036,master_suite,1
FTR-16196,PRP-4036,granite_counters,Yes
FTR-16197,PRP-4037,granite_counters,YES
FTR-16198,PRP-4037,stainless_appliances,Yes
FTR-16199,PRP-4037,master_suite,0
FTR-16200,PRP-4037,updated_kitchen,Yes
FTR-16201,PRP-4037,vaulted_ceilings,0
FTR-16202,PRP-4037,open_floor_plan,YES
FTR-16203,PRP-4038,fireplace,no
FTR-16204,PRP-4038,fresh_paint,YES
FTR-16205,PRP-4038,central_ac,0
FTR-16206,PRP-4038,smart_home,YES
FTR-16207,PRP-4039,vaulted_ceilings,0
FTR-16208,PRP-4039,fireplace,YES
FTR-16209,PRP-4040,granite_counters,1
FTR-16210,PRP-4040,stainless_appliances,0
FTR-16211,PRP-4040,smart_home,1
FTR-16212,PRP-4040,solar_panels,YES
FTR-16213,PRP-4040,central_ac,0
FTR-16214,PRP-4041,smart_home,Yes
FTR-16215,PRP-4041,master_suite,Yes
FTR-16216,PRP-4041,updated_kitchen,1
FTR-16217,PRP-4041,fresh_paint,0
FTR-16218,PRP-4041,solar_panels,0
FTR-16219,PRP-4041,walk_in_closet,0
FTR-16220,PRP-4042,smart_home,Yes
FTR-16221,PRP-4042,vaulted_ceilings,0
FTR-16222,PRP-4042,walk_in_closet,yes
FTR-16223,PRP-4042,fresh_paint,Yes
FTR-16224,PRP-4042,central_ac,1
FTR-16225,PRP-4042,fireplace,Yes
FTR-16226,PRP-4043,open_floor_plan,Yes
FTR-16227,PRP-4043,solar_panels,YES
FTR-16228,PRP-4043,hardwood_floors,YES
FTR-16229,PRP-4043,granite_counters,Yes
FTR-16230,PRP-4043,fresh_paint,Yes
FTR-16231,PRP-4044,central_ac,no
FTR-16232,PRP-4044,granite_counters,no
FTR-16233,PRP-4044,smart_home,1
FTR-16234,PRP-4044,open_floor_plan,no
FTR-16235,PRP-4044,fresh_paint,yes
FTR-16236,PRP-4045,updated_kitchen,YES
FTR-16237,PRP-4045,master_suite,YES
FTR-16238,PRP-4045,solar_panels,no
FTR-16239,PRP-4045,fresh_paint,0
FTR-16240,PRP-4045,open_floor_plan,0
FTR-16241,PRP-4045,new_roof,0
FTR-16242,PRP-4046,solar_panels,YES
FTR-16243,PRP-4046,vaulted_ceilings,1
FTR-16244,PRP-4046,granite_counters,Yes
FTR-16245,PRP-4046,walk_in_closet,0
FTR-16246,PRP-4046,hardwood_floors,1
FTR-16247,PRP-4046,updated_kitchen,Yes
FTR-16248,PRP-4047,updated_kitchen,Yes
FTR-16249,PRP-4047,open_floor_plan,no
FTR-16250,PRP-4047,solar_panels,yes
FTR-16251,PRP-4047,master_suite,yes
FTR-16252,PRP-4047,walk_in_closet,Yes
FTR-16253,PRP-4048,fireplace,no
FTR-16254,PRP-4048,vaulted_ceilings,YES
FTR-16255,PRP-4048,stainless_appliances,Yes
FTR-16256,PRP-4048,master_suite,yes
FTR-16257,PRP-4048,fresh_paint,0
FTR-16258,PRP-4049,fireplace,yes
FTR-16259,PRP-4049,fresh_paint,1
FTR-16260,PRP-4049,stainless_appliances,0
FTR-16261,PRP-4049,hardwood_floors,no
FTR-16262,PRP-4049,solar_panels,yes
FTR-16263,PRP-4050,central_ac,no
FTR-16264,PRP-4050,solar_panels,no
FTR-16265,PRP-4050,walk_in_closet,no
FTR-16266,PRP-4050,master_suite,Yes
FTR-16267,PRP-4051,walk_in_closet,0
FTR-16268,PRP-4051,hardwood_floors,no
FTR-16269,PRP-4051,granite_counters,Yes
FTR-16270,PRP-4052,solar_panels,1
FTR-16271,PRP-4052,central_ac,YES
FTR-16272,PRP-4052,fireplace,Yes
FTR-16273,PRP-4052,updated_kitchen,no
FTR-16274,PRP-4052,stainless_appliances,yes
FTR-16275,PRP-4052,smart_home,Yes
FTR-16276,PRP-4053,updated_kitchen,0
FTR-16277,PRP-4053,open_floor_plan,1
FTR-16278,PRP-4054,vaulted_ceilings,no
FTR-16279,PRP-4054,central_ac,0
FTR-16280,PRP-4054,smart_home,yes
FTR-16281,PRP-4054,walk_in_closet,Yes
FTR-16282,PRP-4054,hardwood_floors,0
FTR-16283,PRP-4055,hardwood_floors,yes
FTR-16284,PRP-4055,walk_in_closet,1
FTR-16285,PRP-4056,open_floor_plan,YES
FTR-16286,PRP-4056,new_roof,no
FTR-16287,PRP-4056,smart_home,Yes
FTR-16288,PRP-4056,central_ac,Yes
FTR-16289,PRP-4057,stainless_appliances,1
FTR-16290,PRP-4057,fresh_paint,1
FTR-16291,PRP-4058,stainless_appliances,no
FTR-16292,PRP-4058,smart_home,yes
FTR-16293,PRP-4058,updated_kitchen,Yes
FTR-16294,PRP-4058,solar_panels,yes
FTR-16295,PRP-4058,vaulted_ceilings,Yes
FTR-16296,PRP-4058,fresh_paint,Yes
FTR-16297,PRP-4059,granite_counters,0
FTR-16298,PRP-4059,hardwood_floors,0
FTR-16299,PRP-4059,stainless_appliances,1
FTR-16300,PRP-4059,central_ac,YES
FTR-16301,PRP-4059,master_suite,Yes
FTR-16302,PRP-4059,solar_panels,no
FTR-16303,PRP-4060,updated_kitchen,1
FTR-16304,PRP-4060,fireplace,YES
FTR-16305,PRP-4060,granite_counters,YES
FTR-16306,PRP-4060,open_floor_plan,no
FTR-16307,PRP-4061,smart_home,no
FTR-16308,PRP-4061,hardwood_floors,yes
FTR-16309,PRP-4061,fireplace,no
FTR-16310,PRP-4061,vaulted_ceilings,yes
FTR-16311,PRP-4061,fresh_paint,0
FTR-16312,PRP-4061,solar_panels,1
FTR-16313,PRP-4062,solar_panels,0
FTR-16314,PRP-4062,central_ac,1
FTR-16315,PRP-4062,vaulted_ceilings,no
FTR-16316,PRP-4062,fireplace,no
FTR-16317,PRP-4062,stainless_appliances,yes
FTR-16318,PRP-4062,open_floor_plan,no
FTR-16319,PRP-4063,granite_counters,YES
FTR-16320,PRP-4063,open_floor_plan,no
FTR-16321,PRP-4064,central_ac,1
FTR-16322,PRP-4064,new_roof,Yes
FTR-16323,PRP-4064,updated_kitchen,no
FTR-16324,PRP-4065,new_roof,yes
FTR-16325,PRP-4065,stainless_appliances,YES
FTR-16326,PRP-4065,granite_counters,no
FTR-16327,PRP-4065,open_floor_plan,0
FTR-16328,PRP-4066,vaulted_ceilings,1
FTR-16329,PRP-4066,open_floor_plan,yes
FTR-16330,PRP-4066,walk_in_closet,yes
FTR-16331,PRP-4066,stainless_appliances,1
FTR-16332,PRP-4067,stainless_appliances,0
FTR-16333,PRP-4067,central_ac,yes
FTR-16334,PRP-4067,granite_counters,1
FTR-16335,PRP-4068,open_floor_plan,0
FTR-16336,PRP-4068,walk_in_closet,Yes
FTR-16337,PRP-4069,master_suite,Yes
FTR-16338,PRP-4069,new_roof,yes
FTR-16339,PRP-4069,smart_home,no
FTR-16340,PRP-4069,granite_counters,0
FTR-16341,PRP-4070,smart_home,no
FTR-16342,PRP-4070,solar_panels,YES
FTR-16343,PRP-4070,updated_kitchen,1
FTR-16344,PRP-4070,central_ac,yes
FTR-16345,PRP-4070,master_suite,Yes
FTR-16346,PRP-4071,fresh_paint,no
FTR-16347,PRP-4071,updated_kitchen,yes
FTR-16348,PRP-4071,walk_in_closet,no
FTR-16349,PRP-4072,master_suite,YES
FTR-16350,PRP-4072,smart_home,YES
FTR-16351,PRP-4072,open_floor_plan,yes
FTR-16352,PRP-4073,central_ac,Yes
FTR-16353,PRP-4073,walk_in_closet,YES
FTR-16354,PRP-4073,fireplace,yes
FTR-16355,PRP-4073,fresh_paint,1
FTR-16356,PRP-4073,stainless_appliances,yes
FTR-16357,PRP-4073,open_floor_plan,no
FTR-16358,PRP-4074,walk_in_closet,0
FTR-16359,PRP-4074,solar_panels,no
FTR-16360,PRP-4075,hardwood_floors,0
FTR-16361,PRP-4075,master_suite,YES
FTR-16362,PRP-4075,walk_in_closet,1
FTR-16363,PRP-4075,smart_home,1
FTR-16364,PRP-4075,new_roof,no
FTR-16365,PRP-4075,stainless_appliances,0
FTR-16366,PRP-4076,updated_kitchen,0
FTR-16367,PRP-4076,granite_counters,Yes
FTR-16368,PRP-4076,fireplace,1
FTR-16369,PRP-4076,hardwood_floors,YES
FTR-16370,PRP-4076,stainless_appliances,Yes
FTR-16371,PRP-4076,master_suite,yes
FTR-16372,PRP-4077,granite_counters,0
FTR-16373,PRP-4077,fireplace,YES
FTR-16374,PRP-4078,fresh_paint,no
FTR-16375,PRP-4078,open_floor_plan,0
FTR-16376,PRP-4078,fireplace,no
FTR-16377,PRP-4078,walk_in_closet,YES
FTR-16378,PRP-4078,stainless_appliances,Yes
FTR-16379,PRP-4078,master_suite,Yes
FTR-16380,PRP-4079,master_suite,YES
FTR-16381,PRP-4079,open_floor_plan,Yes
FTR-16382,PRP-4079,fireplace,yes
FTR-16383,PRP-4080,updated_kitchen,no
FTR-16384,PRP-4080,master_suite,1
FTR-16385,PRP-4081,vaulted_ceilings,no
FTR-16386,PRP-4081,stainless_appliances,no
FTR-16387,PRP-4081,fresh_paint,YES
FTR-16388,PRP-4081,open_floor_plan,yes
FTR-16389,PRP-4081,granite_counters,yes
FTR-16390,PRP-4082,updated_kitchen,0
FTR-16391,PRP-4082,solar_panels,YES
FTR-16392,PRP-4082,master_suite,YES
FTR-16393,PRP-4083,smart_home,0
FTR-16394,PRP-4083,new_roof,YES
FTR-16395,PRP-4083,vaulted_ceilings,Yes
FTR-16396,PRP-4083,hardwood_floors,YES
FTR-16397,PRP-4083,granite_counters,1
FTR-16398,PRP-4083,updated_kitchen,no
FTR-16399,PRP-4084,master_suite,no
FTR-16400,PRP-4084,updated_kitchen,0
FTR-16401,PRP-4084,walk_in_closet,0
FTR-16402,PRP-4085,new_roof,1
FTR-16403,PRP-4085,master_suite,YES
FTR-16404,PRP-4085,fresh_paint,no
FTR-16405,PRP-4086,open_floor_plan,YES
FTR-16406,PRP-4086,fresh_paint,Yes
FTR-16407,PRP-4086,central_ac,1
FTR-16408,PRP-4086,vaulted_ceilings,no
FTR-16409,PRP-4086,updated_kitchen,1
FTR-16410,PRP-4086,master_suite,Yes
FTR-16411,PRP-4087,fireplace,YES
FTR-16412,PRP-4087,updated_kitchen,yes
FTR-16413,PRP-4088,open_floor_plan,yes
FTR-16414,PRP-4088,solar_panels,Yes
FTR-16415,PRP-4088,updated_kitchen,no
FTR-16416,PRP-4088,vaulted_ceilings,no
FTR-16417,PRP-4088,stainless_appliances,no
FTR-16418,PRP-4089,walk_in_closet,YES
FTR-16419,PRP-4089,open_floor_plan,yes
FTR-16420,PRP-4089,new_roof,YES
FTR-16421,PRP-4089,central_ac,1
FTR-16422,PRP-4089,fresh_paint,0
FTR-16423,PRP-4090,master_suite,no
FTR-16424,PRP-4090,open_floor_plan,Yes
FTR-16425,PRP-4090,solar_panels,1
FTR-16426,PRP-4090,central_ac,no
FTR-16427,PRP-4090,updated_kitchen,1
FTR-16428,PRP-4091,fresh_paint,1
FTR-16429,PRP-4091,updated_kitchen,1
FTR-16430,PRP-4092,granite_counters,no
FTR-16431,PRP-4092,smart_home,1
FTR-16432,PRP-4092,open_floor_plan,1
FTR-16433,PRP-4092,master_suite,YES
FTR-16434,PRP-4093,stainless_appliances,YES
FTR-16435,PRP-4093,fresh_paint,1
FTR-16436,PRP-4094,open_floor_plan,YES
FTR-16437,PRP-4094,new_roof,yes
FTR-16438,PRP-4094,fresh_paint,1
FTR-16439,PRP-4094,walk_in_closet,yes
FTR-16440,PRP-4094,vaulted_ceilings,YES
FTR-16441,PRP-4095,fresh_paint,YES
FTR-16442,PRP-4095,granite_counters,yes
FTR-16443,PRP-4095,new_roof,Yes
FTR-16444,PRP-4095,smart_home,0
FTR-16445,PRP-4096,master_suite,yes
FTR-16446,PRP-4096,walk_in_closet,no
FTR-16447,PRP-4097,central_ac,1
FTR-16448,PRP-4097,stainless_appliances,1
FTR-16449,PRP-4097,master_suite,1
FTR-16450,PRP-4097,vaulted_ceilings,no
FTR-16451,PRP-4097,walk_in_closet,0
FTR-16452,PRP-4097,fresh_paint,yes
FTR-16453,PRP-4098,granite_counters,no
FTR-16454,PRP-4098,open_floor_plan,Yes
FTR-16455,PRP-4098,stainless_appliances,yes
FTR-16456,PRP-4098,walk_in_closet,YES
FTR-16457,PRP-4098,updated_kitchen,Yes
FTR-16458,PRP-4099,fireplace,1
FTR-16459,PRP-4099,granite_counters,Yes
FTR-16460,PRP-4099,walk_in_closet,Yes
FTR-16461,PRP-4100,master_suite,0
FTR-16462,PRP-4100,fireplace,YES
FTR-16463,PRP-4100,updated_kitchen,no
FTR-16464,PRP-4100,central_ac,YES
FTR-16465,PRP-4100,granite_counters,0
FTR-16466,PRP-4101,open_floor_plan,YES
FTR-16467,PRP-4101,solar_panels,YES
FTR-16468,PRP-4101,vaulted_ceilings,yes
FTR-16469,PRP-4101,central_ac,YES
FTR-16470,PRP-4101,hardwood_floors,yes
FTR-16471,PRP-4102,open_floor_plan,no
FTR-16472,PRP-4102,fresh_paint,yes
FTR-16473,PRP-4102,smart_home,YES
FTR-16474,PRP-4103,stainless_appliances,0
FTR-16475,PRP-4103,fresh_paint,YES
FTR-16476,PRP-4103,open_floor_plan,YES
FTR-16477,PRP-4103,central_ac,1
FTR-16478,PRP-4103,master_suite,Yes
FTR-16479,PRP-4104,master_suite,0
FTR-16480,PRP-4104,open_floor_plan,yes
FTR-16481,PRP-4104,granite_counters,0
FTR-16482,PRP-4104,new_roof,no
FTR-16483,PRP-4104,fresh_paint,yes
FTR-16484,PRP-4105,fireplace,no
FTR-16485,PRP-4105,granite_counters,1
FTR-16486,PRP-4105,updated_kitchen,Yes
FTR-16487,PRP-4105,solar_panels,YES
FTR-16488,PRP-4105,fresh_paint,0
FTR-16489,PRP-4105,smart_home,1
FTR-16490,PRP-4106,walk_in_closet,yes
FTR-16491,PRP-4106,hardwood_floors,no
FTR-16492,PRP-4106,updated_kitchen,0
FTR-16493,PRP-4107,central_ac,YES
FTR-16494,PRP-4107,stainless_appliances,1
FTR-16495,PRP-4107,walk_in_closet,0
FTR-16496,PRP-4108,hardwood_floors,YES
FTR-16497,PRP-4108,smart_home,no
FTR-16498,PRP-4108,vaulted_ceilings,1
FTR-16499,PRP-4108,stainless_appliances,0
FTR-16500,PRP-4109,hardwood_floors,0
FTR-16501,PRP-4109,granite_counters,0
FTR-16502,PRP-4110,updated_kitchen,yes
FTR-16503,PRP-4110,central_ac,1
FTR-16504,PRP-4111,central_ac,1
FTR-16505,PRP-4111,open_floor_plan,0
FTR-16506,PRP-4112,granite_counters,Yes
FTR-16507,PRP-4112,smart_home,no
FTR-16508,PRP-4112,new_roof,Yes
FTR-16509,PRP-4112,hardwood_floors,no
FTR-16510,PRP-4112,fresh_paint,yes
FTR-16511,PRP-4112,vaulted_ceilings,YES
FTR-16512,PRP-4113,master_suite,1
FTR-16513,PRP-4113,hardwood_floors,0
FTR-16514,PRP-4113,solar_panels,yes
FTR-16515,PRP-4114,open_floor_plan,1
FTR-16516,PRP-4114,central_ac,Yes
FTR-16517,PRP-4114,master_suite,YES
FTR-16518,PRP-4114,walk_in_closet,0
FTR-16519,PRP-4114,smart_home,Yes
FTR-16520,PRP-4114,granite_counters,0
FTR-16521,PRP-4115,vaulted_ceilings,Yes
FTR-16522,PRP-4115,solar_panels,YES
FTR-16523,PRP-4115,stainless_appliances,Yes
FTR-16524,PRP-4115,granite_counters,0
FTR-16525,PRP-4116,master_suite,Yes
FTR-16526,PRP-4116,granite_counters,no
FTR-16527,PRP-4116,stainless_appliances,0
FTR-16528,PRP-4116,updated_kitchen,YES
FTR-16529,PRP-4116,solar_panels,no
FTR-16530,PRP-4116,hardwood_floors,yes
FTR-16531,PRP-4117,hardwood_floors,yes
FTR-16532,PRP-4117,new_roof,0
FTR-16533,PRP-4117,fresh_paint,Yes
FTR-16534,PRP-4117,smart_home,no
FTR-16535,PRP-4118,updated_kitchen,YES
FTR-16536,PRP-4118,fireplace,no
FTR-16537,PRP-4118,granite_counters,YES
FTR-16538,PRP-4119,open_floor_plan,Yes
FTR-16539,PRP-4119,updated_kitchen,no
FTR-16540,PRP-4119,walk_in_closet,YES
FTR-16541,PRP-4119,granite_counters,0
FTR-16542,PRP-4120,stainless_appliances,0
FTR-16543,PRP-4120,vaulted_ceilings,yes
FTR-16544,PRP-4120,granite_counters,0
FTR-16545,PRP-4120,fresh_paint,1
FTR-16546,PRP-4120,walk_in_closet,0
FTR-16547,PRP-4120,open_floor_plan,no
FTR-16548,PRP-4121,master_suite,Yes
FTR-16549,PRP-4121,open_floor_plan,Yes
FTR-16550,PRP-4121,solar_panels,no
FTR-16551,PRP-4121,granite_counters,0
FTR-16552,PRP-4121,hardwood_floors,0
FTR-16553,PRP-4122,smart_home,YES
FTR-16554,PRP-4122,master_suite,1
FTR-16555,PRP-4123,new_roof,1
FTR-16556,PRP-4123,walk_in_closet,Yes
FTR-16557,PRP-4123,granite_counters,Yes
FTR-16558,PRP-4123,smart_home,no
FTR-16559,PRP-4124,solar_panels,YES
FTR-16560,PRP-4124,master_suite,Yes
FTR-16561,PRP-4124,fresh_paint,1
FTR-16562,PRP-4124,stainless_appliances,yes
FTR-16563,PRP-4125,smart_home,0
FTR-16564,PRP-4125,granite_counters,yes
FTR-16565,PRP-4125,open_floor_plan,Yes
FTR-16566,PRP-4125,central_ac,1
FTR-16567,PRP-4126,updated_kitchen,YES
FTR-16568,PRP-4126,solar_panels,YES
FTR-16569,PRP-4126,open_floor_plan,no
FTR-16570,PRP-4126,fresh_paint,YES
FTR-16571,PRP-4126,fireplace,0
FTR-16572,PRP-4126,master_suite,YES
FTR-16573,PRP-4127,open_floor_plan,Yes
FTR-16574,PRP-4127,updated_kitchen,no
FTR-16575,PRP-4127,solar_panels,0
FTR-16576,PRP-4128,hardwood_floors,YES
FTR-16577,PRP-4128,stainless_appliances,0
FTR-16578,PRP-4128,granite_counters,no
FTR-16579,PRP-4128,solar_panels,YES
FTR-16580,PRP-4129,updated_kitchen,YES
FTR-16581,PRP-4129,walk_in_closet,yes
FTR-16582,PRP-4129,hardwood_floors,YES
FTR-16583,PRP-4129,stainless_appliances,0
FTR-16584,PRP-4129,vaulted_ceilings,1
FTR-16585,PRP-4130,granite_counters,Yes
FTR-16586,PRP-4130,central_ac,no
FTR-16587,PRP-4130,master_suite,no
FTR-16588,PRP-4131,master_suite,no
FTR-16589,PRP-4131,walk_in_closet,no
FTR-16590,PRP-4132,walk_in_closet,yes
FTR-16591,PRP-4132,solar_panels,1
FTR-16592,PRP-4133,master_suite,no
FTR-16593,PRP-4133,solar_panels,no
FTR-16594,PRP-4134,stainless_appliances,YES
FTR-16595,PRP-4134,smart_home,1
FTR-16596,PRP-4135,solar_panels,1
FTR-16597,PRP-4135,master_suite,yes
FTR-16598,PRP-4135,stainless_appliances,YES
FTR-16599,PRP-4135,fireplace,no
FTR-16600,PRP-4135,hardwood_floors,yes
FTR-16601,PRP-4136,vaulted_ceilings,no
FTR-16602,PRP-4136,open_floor_plan,no
FTR-16603,PRP-4137,central_ac,0
FTR-16604,PRP-4137,vaulted_ceilings,0
FTR-16605,PRP-4137,walk_in_closet,yes
FTR-16606,PRP-4137,hardwood_floors,YES
FTR-16607,PRP-4138,vaulted_ceilings,1
FTR-16608,PRP-4138,smart_home,no
FTR-16609,PRP-4138,updated_kitchen,1
FTR-16610,PRP-4138,fireplace,0
FTR-16611,PRP-4139,open_floor_plan,Yes
FTR-16612,PRP-4139,fireplace,0
FTR-16613,PRP-4139,solar_panels,0
FTR-16614,PRP-4140,updated_kitchen,0
FTR-16615,PRP-4140,master_suite,yes
FTR-16616,PRP-4140,vaulted_ceilings,yes
FTR-16617,PRP-4141,open_floor_plan,yes
FTR-16618,PRP-4141,central_ac,YES
FTR-16619,PRP-4141,updated_kitchen,no
FTR-16620,PRP-4141,granite_counters,YES
FTR-16621,PRP-4141,stainless_appliances,yes
FTR-16622,PRP-4141,solar_panels,YES
FTR-16623,PRP-4142,open_floor_plan,yes
FTR-16624,PRP-4142,updated_kitchen,YES
FTR-16625,PRP-4142,walk_in_closet,YES
FTR-16626,PRP-4142,hardwood_floors,yes
FTR-16627,PRP-4142,stainless_appliances,Yes
FTR-16628,PRP-4142,central_ac,0
FTR-16629,PRP-4143,master_suite,0
FTR-16630,PRP-4143,new_roof,0
FTR-16631,PRP-4143,open_floor_plan,0
FTR-16632,PRP-4143,walk_in_closet,Yes
FTR-16633,PRP-4144,new_roof,YES
FTR-16634,PRP-4144,walk_in_closet,yes
FTR-16635,PRP-4145,hardwood_floors,Yes
FTR-16636,PRP-4145,walk_in_closet,yes
FTR-16637,PRP-4145,new_roof,YES
FTR-16638,PRP-4145,fresh_paint,1
FTR-16639,PRP-4145,fireplace,0
FTR-16640,PRP-4146,solar_panels,YES
FTR-16641,PRP-4146,fresh_paint,yes
FTR-16642,PRP-4146,fireplace,yes
FTR-16643,PRP-4147,stainless_appliances,YES
FTR-16644,PRP-4147,fireplace,yes
FTR-16645,PRP-4147,fresh_paint,yes
FTR-16646,PRP-4147,updated_kitchen,no
FTR-16647,PRP-4147,walk_in_closet,yes
FTR-16648,PRP-4148,fresh_paint,1
FTR-16649,PRP-4148,vaulted_ceilings,0
FTR-16650,PRP-4148,fireplace,1
FTR-16651,PRP-4148,master_suite,YES
FTR-16652,PRP-4148,open_floor_plan,Yes
FTR-16653,PRP-4148,central_ac,no
FTR-16654,PRP-4149,master_suite,no
FTR-16655,PRP-4149,stainless_appliances,Yes
FTR-16656,PRP-4149,vaulted_ceilings,no
FTR-16657,PRP-4150,solar_panels,0
FTR-16658,PRP-4150,fireplace,YES
FTR-16659,PRP-4150,open_floor_plan,1
FTR-16660,PRP-4150,smart_home,yes
FTR-16661,PRP-4151,solar_panels,Yes
FTR-16662,PRP-4151,central_ac,yes
FTR-16663,PRP-4152,granite_counters,yes
FTR-16664,PRP-4152,new_roof,no
FTR-16665,PRP-4152,fireplace,no
FTR-16666,PRP-4152,central_ac,no
FTR-16667,PRP-4152,open_floor_plan,Yes
FTR-16668,PRP-4152,walk_in_closet,Yes
FTR-16669,PRP-4153,smart_home,no
FTR-16670,PRP-4153,fresh_paint,no
FTR-16671,PRP-4153,walk_in_closet,0
FTR-16672,PRP-4154,granite_counters,0
FTR-16673,PRP-4154,stainless_appliances,yes
FTR-16674,PRP-4154,smart_home,0
FTR-16675,PRP-4155,vaulted_ceilings,1
FTR-16676,PRP-4155,open_floor_plan,Yes
FTR-16677,PRP-4155,smart_home,no
FTR-16678,PRP-4155,solar_panels,Yes
FTR-16679,PRP-4155,granite_counters,Yes
FTR-16680,PRP-4155,updated_kitchen,yes
FTR-16681,PRP-4156,open_floor_plan,0
FTR-16682,PRP-4156,fireplace,0
FTR-16683,PRP-4157,central_ac,0
FTR-16684,PRP-4157,open_floor_plan,YES
FTR-16685,PRP-4158,central_ac,no
FTR-16686,PRP-4158,granite_counters,no
FTR-16687,PRP-4158,vaulted_ceilings,no
FTR-16688,PRP-4158,updated_kitchen,YES
FTR-16689,PRP-4159,walk_in_closet,Yes
FTR-16690,PRP-4159,granite_counters,1
FTR-16691,PRP-4159,fresh_paint,0
FTR-16692,PRP-4159,vaulted_ceilings,no
FTR-16693,PRP-4159,open_floor_plan,yes
FTR-16694,PRP-4159,fireplace,yes
FTR-16695,PRP-4160,master_suite,0
FTR-16696,PRP-4160,smart_home,yes
FTR-16697,PRP-4161,granite_counters,Yes
FTR-16698,PRP-4161,hardwood_floors,YES
FTR-16699,PRP-4161,master_suite,YES
FTR-16700,PRP-4162,updated_kitchen,1
FTR-16701,PRP-4162,solar_panels,yes
FTR-16702,PRP-4162,walk_in_closet,1
FTR-16703,PRP-4162,open_floor_plan,0
FTR-16704,PRP-4162,hardwood_floors,no
FTR-16705,PRP-4162,fresh_paint,no
FTR-16706,PRP-4163,stainless_appliances,Yes
FTR-16707,PRP-4163,central_ac,yes
FTR-16708,PRP-4163,granite_counters,1
FTR-16709,PRP-4163,hardwood_floors,yes
FTR-16710,PRP-4164,smart_home,0
FTR-16711,PRP-4164,central_ac,Yes
FTR-16712,PRP-4164,granite_counters,YES
FTR-16713,PRP-4164,open_floor_plan,0
FTR-16714,PRP-4164,fresh_paint,0
FTR-16715,PRP-4164,updated_kitchen,no
FTR-16716,PRP-4165,walk_in_closet,yes
FTR-16717,PRP-4165,master_suite,YES
FTR-16718,PRP-4165,stainless_appliances,no
FTR-16719,PRP-4165,open_floor_plan,no
FTR-16720,PRP-4165,updated_kitchen,Yes
FTR-16721,PRP-4166,fresh_paint,no
FTR-16722,PRP-4166,open_floor_plan,0
FTR-16723,PRP-4166,hardwood_floors,YES
FTR-16724,PRP-4166,master_suite,Yes
FTR-16725,PRP-4167,granite_counters,no
FTR-16726,PRP-4167,new_roof,no
FTR-16727,PRP-4168,central_ac,Yes
FTR-16728,PRP-4168,hardwood_floors,no
FTR-16729,PRP-4168,granite_counters,Yes
FTR-16730,PRP-4168,walk_in_closet,yes
FTR-16731,PRP-4168,open_floor_plan,YES
FTR-16732,PRP-4168,stainless_appliances,YES
FTR-16733,PRP-4169,open_floor_plan,1
FTR-16734,PRP-4169,vaulted_ceilings,Yes
FTR-16735,PRP-4169,smart_home,Yes
FTR-16736,PRP-4169,new_roof,no
FTR-16737,PRP-4169,granite_counters,1
FTR-16738,PRP-4170,new_roof,0
FTR-16739,PRP-4170,granite_counters,Yes
FTR-16740,PRP-4171,central_ac,0
FTR-16741,PRP-4171,master_suite,no
FTR-16742,PRP-4172,fresh_paint,yes
FTR-16743,PRP-4172,smart_home,Yes
FTR-16744,PRP-4173,fresh_paint,1
FTR-16745,PRP-4173,solar_panels,YES
FTR-16746,PRP-4174,stainless_appliances,YES
FTR-16747,PRP-4174,updated_kitchen,no
FTR-16748,PRP-4174,fireplace,yes
FTR-16749,PRP-4174,smart_home,0
FTR-16750,PRP-4175,central_ac,no
FTR-16751,PRP-4175,fireplace,1
FTR-16752,PRP-4175,updated_kitchen,1
FTR-16753,PRP-4175,new_roof,Yes
FTR-16754,PRP-4176,updated_kitchen,YES
FTR-16755,PRP-4176,fresh_paint,YES
FTR-16756,PRP-4176,master_suite,yes
FTR-16757,PRP-4176,hardwood_floors,no
FTR-16758,PRP-4176,central_ac,0
FTR-16759,PRP-4176,walk_in_closet,yes
FTR-16760,PRP-4177,central_ac,no
FTR-16761,PRP-4177,solar_panels,no
FTR-16762,PRP-4177,master_suite,YES
FTR-16763,PRP-4178,hardwood_floors,Yes
FTR-16764,PRP-4178,updated_kitchen,no
FTR-16765,PRP-4179,stainless_appliances,1
FTR-16766,PRP-4179,solar_panels,yes
FTR-16767,PRP-4179,fireplace,0
FTR-16768,PRP-4179,granite_counters,YES
FTR-16769,PRP-4179,master_suite,Yes
FTR-16770,PRP-4179,vaulted_ceilings,no
FTR-16771,PRP-4180,solar_panels,0
FTR-16772,PRP-4180,smart_home,0
FTR-16773,PRP-4180,fireplace,1
FTR-16774,PRP-4180,open_floor_plan,0
FTR-16775,PRP-4180,fresh_paint,Yes
FTR-16776,PRP-4180,granite_counters,0
FTR-16777,PRP-4181,stainless_appliances,1
FTR-16778,PRP-4181,solar_panels,YES
FTR-16779,PRP-4182,updated_kitchen,YES
FTR-16780,PRP-4182,vaulted_ceilings,no
FTR-16781,PRP-4183,updated_kitchen,1
FTR-16782,PRP-4183,fireplace,Yes
FTR-16783,PRP-4183,walk_in_closet,YES
FTR-16784,PRP-4183,stainless_appliances,1
FTR-16785,PRP-4183,fresh_paint,YES
FTR-16786,PRP-4184,updated_kitchen,yes
FTR-16787,PRP-4184,vaulted_ceilings,Yes
FTR-16788,PRP-4185,smart_home,0
FTR-16789,PRP-4185,fresh_paint,0
FTR-16790,PRP-4186,new_roof,YES
FTR-16791,PRP-4186,master_suite,0
FTR-16792,PRP-4186,hardwood_floors,0
FTR-16793,PRP-4186,updated_kitchen,1
FTR-16794,PRP-4187,granite_counters,Yes
FTR-16795,PRP-4187,smart_home,no
FTR-16796,PRP-4187,stainless_appliances,1
FTR-16797,PRP-4187,updated_kitchen,Yes
FTR-16798,PRP-4188,new_roof,yes
FTR-16799,PRP-4188,vaulted_ceilings,0
FTR-16800,PRP-4188,updated_kitchen,YES
FTR-16801,PRP-4188,open_floor_plan,Yes
FTR-16802,PRP-4188,smart_home,0
FTR-16803,PRP-4189,walk_in_closet,no
FTR-16804,PRP-4189,hardwood_floors,YES
FTR-16805,PRP-4189,new_roof,YES
FTR-16806,PRP-4190,fireplace,yes
FTR-16807,PRP-4190,open_floor_plan,0
FTR-16808,PRP-4190,walk_in_closet,no
FTR-16809,PRP-4190,solar_panels,no
FTR-16810,PRP-4190,fresh_paint,YES
FTR-16811,PRP-4191,fireplace,Yes
FTR-16812,PRP-4191,walk_in_closet,no
FTR-16813,PRP-4191,updated_kitchen,0
FTR-16814,PRP-4191,solar_panels,YES
FTR-16815,PRP-4191,master_suite,0
FTR-16816,PRP-4192,new_roof,Yes
FTR-16817,PRP-4192,granite_counters,no
FTR-16818,PRP-4192,walk_in_closet,1
FTR-16819,PRP-4193,updated_kitchen,1
FTR-16820,PRP-4193,hardwood_floors,0
FTR-16821,PRP-4193,master_suite,1
FTR-16822,PRP-4193,granite_counters,YES
FTR-16823,PRP-4194,granite_counters,0
FTR-16824,PRP-4194,open_floor_plan,YES
FTR-16825,PRP-4195,stainless_appliances,0
FTR-16826,PRP-4195,updated_kitchen,0
FTR-16827,PRP-4196,vaulted_ceilings,no
FTR-16828,PRP-4196,smart_home,yes
FTR-16829,PRP-4196,fresh_paint,1
FTR-16830,PRP-4197,updated_kitchen,no
FTR-16831,PRP-4197,central_ac,yes
FTR-16832,PRP-4197,fresh_paint,YES
FTR-16833,PRP-4197,hardwood_floors,Yes
FTR-16834,PRP-4198,central_ac,0
FTR-16835,PRP-4198,open_floor_plan,0
FTR-16836,PRP-4198,stainless_appliances,no
FTR-16837,PRP-4199,solar_panels,0
FTR-16838,PRP-4199,hardwood_floors,yes
FTR-16839,PRP-4199,smart_home,YES
FTR-16840,PRP-4199,new_roof,Yes
FTR-16841,PRP-4199,fireplace,1
FTR-16842,PRP-4199,vaulted_ceilings,no
FTR-16843,PRP-4200,open_floor_plan,no
FTR-16844,PRP-4200,updated_kitchen,Yes
FTR-16845,PRP-4200,smart_home,yes
FTR-16846,PRP-4200,stainless_appliances,0
FTR-16847,PRP-4200,fireplace,no
FTR-16848,PRP-4200,vaulted_ceilings,1
FTR-16849,PRP-4201,solar_panels,yes
FTR-16850,PRP-4201,new_roof,1
FTR-16851,PRP-4201,stainless_appliances,no
FTR-16852,PRP-4201,central_ac,1
FTR-16853,PRP-4201,fireplace,1
FTR-16854,PRP-4202,updated_kitchen,1
FTR-16855,PRP-4202,master_suite,1
FTR-16856,PRP-4203,open_floor_plan,YES
FTR-16857,PRP-4203,stainless_appliances,no
FTR-16858,PRP-4203,hardwood_floors,YES
FTR-16859,PRP-4203,walk_in_closet,Yes
FTR-16860,PRP-4204,central_ac,no
FTR-16861,PRP-4204,open_floor_plan,YES
FTR-16862,PRP-4204,granite_counters,no
FTR-16863,PRP-4204,walk_in_closet,no
FTR-16864,PRP-4204,hardwood_floors,no
FTR-16865,PRP-4205,master_suite,0
FTR-16866,PRP-4205,updated_kitchen,1
FTR-16867,PRP-4205,hardwood_floors,Yes
FTR-16868,PRP-4206,solar_panels,Yes
FTR-16869,PRP-4206,granite_counters,1
FTR-16870,PRP-4206,hardwood_floors,Yes
FTR-16871,PRP-4206,vaulted_ceilings,1
FTR-16872,PRP-4207,vaulted_ceilings,1
FTR-16873,PRP-4207,walk_in_closet,Yes
FTR-16874,PRP-4207,updated_kitchen,YES
FTR-16875,PRP-4208,solar_panels,Yes
FTR-16876,PRP-4208,granite_counters,0
FTR-16877,PRP-4208,vaulted_ceilings,1
FTR-16878,PRP-4208,master_suite,1
FTR-16879,PRP-4208,central_ac,no
FTR-16880,PRP-4208,fresh_paint,0
FTR-16881,PRP-4209,solar_panels,YES
FTR-16882,PRP-4209,fresh_paint,no
FTR-16883,PRP-4209,vaulted_ceilings,YES
FTR-16884,PRP-4209,updated_kitchen,Yes
FTR-16885,PRP-4209,central_ac,0
FTR-16886,PRP-4210,open_floor_plan,YES
FTR-16887,PRP-4210,central_ac,Yes
FTR-16888,PRP-4211,updated_kitchen,no
FTR-16889,PRP-4211,smart_home,YES
FTR-16890,PRP-4211,central_ac,yes
FTR-16891,PRP-4211,stainless_appliances,1
FTR-16892,PRP-4211,vaulted_ceilings,0
FTR-16893,PRP-4211,hardwood_floors,Yes
FTR-16894,PRP-4212,vaulted_ceilings,0
FTR-16895,PRP-4212,fresh_paint,Yes
FTR-16896,PRP-4212,open_floor_plan,yes
FTR-16897,PRP-4212,walk_in_closet,Yes
FTR-16898,PRP-4212,master_suite,1
FTR-16899,PRP-4212,new_roof,yes
FTR-16900,PRP-4213,fireplace,1
FTR-16901,PRP-4213,solar_panels,YES
FTR-16902,PRP-4214,solar_panels,yes
FTR-16903,PRP-4214,fresh_paint,Yes
FTR-16904,PRP-4214,updated_kitchen,0
FTR-16905,PRP-4214,hardwood_floors,1
FTR-16906,PRP-4214,master_suite,Yes
FTR-16907,PRP-4215,vaulted_ceilings,1
FTR-16908,PRP-4215,solar_panels,no
FTR-16909,PRP-4215,updated_kitchen,1
FTR-16910,PRP-4215,granite_counters,no
FTR-16911,PRP-4216,open_floor_plan,Yes
FTR-16912,PRP-4216,updated_kitchen,Yes
FTR-16913,PRP-4216,hardwood_floors,YES
FTR-16914,PRP-4216,stainless_appliances,1
FTR-16915,PRP-4216,smart_home,Yes
FTR-16916,PRP-4217,updated_kitchen,yes
FTR-16917,PRP-4217,hardwood_floors,0
FTR-16918,PRP-4217,fresh_paint,YES
FTR-16919,PRP-4217,smart_home,Yes
FTR-16920,PRP-4217,master_suite,1
FTR-16921,PRP-4217,stainless_appliances,no
FTR-16922,PRP-4218,walk_in_closet,no
FTR-16923,PRP-4218,new_roof,1
FTR-16924,PRP-4219,hardwood_floors,yes
FTR-16925,PRP-4219,vaulted_ceilings,0
FTR-16926,PRP-4219,open_floor_plan,1
FTR-16927,PRP-4219,new_roof,0
FTR-16928,PRP-4219,solar_panels,YES
FTR-16929,PRP-4219,granite_counters,YES
FTR-16930,PRP-4220,walk_in_closet,0
FTR-16931,PRP-4220,hardwood_floors,YES
FTR-16932,PRP-4220,central_ac,Yes
FTR-16933,PRP-4220,granite_counters,YES
FTR-16934,PRP-4220,smart_home,0
FTR-16935,PRP-4221,vaulted_ceilings,no
FTR-16936,PRP-4221,smart_home,1
FTR-16937,PRP-4221,master_suite,no
FTR-16938,PRP-4222,open_floor_plan,Yes
FTR-16939,PRP-4222,central_ac,1
FTR-16940,PRP-4223,updated_kitchen,1
FTR-16941,PRP-4223,fresh_paint,yes
FTR-16942,PRP-4224,updated_kitchen,Yes
FTR-16943,PRP-4224,solar_panels,0
FTR-16944,PRP-4225,stainless_appliances,0
FTR-16945,PRP-4225,solar_panels,Yes
FTR-16946,PRP-4226,vaulted_ceilings,YES
FTR-16947,PRP-4226,fresh_paint,no
FTR-16948,PRP-4226,updated_kitchen,0
FTR-16949,PRP-4226,new_roof,no
FTR-16950,PRP-4227,updated_kitchen,no
FTR-16951,PRP-4227,central_ac,yes
FTR-16952,PRP-4227,open_floor_plan,no
FTR-16953,PRP-4227,vaulted_ceilings,Yes
FTR-16954,PRP-4227,master_suite,Yes
FTR-16955,PRP-4228,open_floor_plan,YES
FTR-16956,PRP-4228,master_suite,Yes
FTR-16957,PRP-4228,updated_kitchen,0
FTR-16958,PRP-4228,central_ac,0
FTR-16959,PRP-4229,master_suite,yes
FTR-16960,PRP-4229,new_roof,YES
FTR-16961,PRP-4229,updated_kitchen,1
FTR-16962,PRP-4229,central_ac,Yes
FTR-16963,PRP-4230,walk_in_closet,1
FTR-16964,PRP-4230,smart_home,YES
FTR-16965,PRP-4230,fresh_paint,0
FTR-16966,PRP-4230,vaulted_ceilings,yes
FTR-16967,PRP-4231,master_suite,Yes
FTR-16968,PRP-4231,open_floor_plan,1
FTR-16969,PRP-4232,walk_in_closet,0
FTR-16970,PRP-4232,hardwood_floors,yes
FTR-16971,PRP-4232,open_floor_plan,no
FTR-16972,PRP-4232,fireplace,no
FTR-16973,PRP-4232,fresh_paint,Yes
FTR-16974,PRP-4232,smart_home,1
FTR-16975,PRP-4233,fireplace,yes
FTR-16976,PRP-4233,vaulted_ceilings,no
FTR-16977,PRP-4233,master_suite,no
FTR-16978,PRP-4233,open_floor_plan,1
FTR-16979,PRP-4234,central_ac,0
FTR-16980,PRP-4234,hardwood_floors,Yes
FTR-16981,PRP-4234,walk_in_closet,no
FTR-16982,PRP-4234,fireplace,1
FTR-16983,PRP-4234,master_suite,0
FTR-16984,PRP-4235,new_roof,Yes
FTR-16985,PRP-4235,central_ac,1
FTR-16986,PRP-4235,fresh_paint,1
FTR-16987,PRP-4235,solar_panels,Yes
FTR-16988,PRP-4235,stainless_appliances,0
FTR-16989,PRP-4236,master_suite,yes
FTR-16990,PRP-4236,solar_panels,YES
FTR-16991,PRP-4236,open_floor_plan,Yes
FTR-16992,PRP-4237,vaulted_ceilings,YES
FTR-16993,PRP-4237,solar_panels,YES
FTR-16994,PRP-4237,hardwood_floors,no
FTR-16995,PRP-4238,walk_in_closet,yes
FTR-16996,PRP-4238,fresh_paint,no
FTR-16997,PRP-4238,granite_counters,Yes
FTR-16998,PRP-4238,updated_kitchen,YES
FTR-16999,PRP-4239,fireplace,no
FTR-17000,PRP-4239,hardwood_floors,Yes
FTR-17001,PRP-4239,solar_panels,1
FTR-17002,PRP-4240,fresh_paint,Yes
FTR-17003,PRP-4240,smart_home,0
FTR-17004,PRP-4240,open_floor_plan,Yes
FTR-17005,PRP-4241,smart_home,no
FTR-17006,PRP-4241,central_ac,YES
FTR-17007,PRP-4242,master_suite,no
FTR-17008,PRP-4242,fireplace,0
FTR-17009,PRP-4242,solar_panels,no
FTR-17010,PRP-4242,vaulted_ceilings,yes
FTR-17011,PRP-4242,smart_home,yes
FTR-17012,PRP-4242,walk_in_closet,Yes
FTR-17013,PRP-4243,fireplace,no
FTR-17014,PRP-4243,solar_panels,YES
FTR-17015,PRP-4244,fireplace,Yes
FTR-17016,PRP-4244,updated_kitchen,1
FTR-17017,PRP-4245,stainless_appliances,YES
FTR-17018,PRP-4245,open_floor_plan,YES
FTR-17019,PRP-4245,vaulted_ceilings,0
FTR-17020,PRP-4246,central_ac,YES
FTR-17021,PRP-4246,walk_in_closet,0
FTR-17022,PRP-4246,vaulted_ceilings,yes
FTR-17023,PRP-4246,fireplace,yes
FTR-17024,PRP-4246,updated_kitchen,1
FTR-17025,PRP-4247,vaulted_ceilings,no
FTR-17026,PRP-4247,stainless_appliances,1
FTR-17027,PRP-4247,fresh_paint,YES
FTR-17028,PRP-4247,solar_panels,yes
FTR-17029,PRP-4247,granite_counters,no
FTR-17030,PRP-4248,central_ac,0
FTR-17031,PRP-4248,open_floor_plan,1
FTR-17032,PRP-4248,new_roof,YES
FTR-17033,PRP-4248,smart_home,Yes
FTR-17034,PRP-4249,vaulted_ceilings,0
FTR-17035,PRP-4249,new_roof,yes
FTR-17036,PRP-4250,updated_kitchen,1
FTR-17037,PRP-4250,vaulted_ceilings,Yes
FTR-17038,PRP-4250,walk_in_closet,yes
FTR-17039,PRP-4250,fresh_paint,no
FTR-17040,PRP-4250,central_ac,1
FTR-17041,PRP-4251,master_suite,no
FTR-17042,PRP-4251,vaulted_ceilings,YES
FTR-17043,PRP-4251,fresh_paint,yes
FTR-17044,PRP-4251,smart_home,yes
FTR-17045,PRP-4251,new_roof,no
FTR-17046,PRP-4251,granite_counters,Yes
FTR-17047,PRP-4252,solar_panels,YES
FTR-17048,PRP-4252,new_roof,Yes
FTR-17049,PRP-4252,vaulted_ceilings,no
FTR-17050,PRP-4252,walk_in_closet,no
FTR-17051,PRP-4253,granite_counters,YES
FTR-17052,PRP-4253,solar_panels,0
FTR-17053,PRP-4253,walk_in_closet,yes
FTR-17054,PRP-4253,vaulted_ceilings,1
FTR-17055,PRP-4253,open_floor_plan,Yes
FTR-17056,PRP-4254,granite_counters,Yes
FTR-17057,PRP-4254,open_floor_plan,YES
FTR-17058,PRP-4254,fresh_paint,1
FTR-17059,PRP-4254,master_suite,Yes
FTR-17060,PRP-4254,vaulted_ceilings,Yes
FTR-17061,PRP-4255,master_suite,no
FTR-17062,PRP-4255,updated_kitchen,no
FTR-17063,PRP-4255,granite_counters,yes
FTR-17064,PRP-4256,stainless_appliances,yes
FTR-17065,PRP-4256,granite_counters,YES
FTR-17066,PRP-4256,walk_in_closet,Yes
FTR-17067,PRP-4257,updated_kitchen,1
FTR-17068,PRP-4257,walk_in_closet,no
FTR-17069,PRP-4258,fireplace,no
FTR-17070,PRP-4258,open_floor_plan,yes
FTR-17071,PRP-4258,solar_panels,1
FTR-17072,PRP-4258,granite_counters,Yes
FTR-17073,PRP-4259,hardwood_floors,0
FTR-17074,PRP-4259,walk_in_closet,0
FTR-17075,PRP-4259,smart_home,yes
FTR-17076,PRP-4260,solar_panels,0
FTR-17077,PRP-4260,master_suite,0
FTR-17078,PRP-4260,stainless_appliances,Yes
FTR-17079,PRP-4260,vaulted_ceilings,1
FTR-17080,PRP-4260,smart_home,YES
FTR-17081,PRP-4261,fireplace,YES
FTR-17082,PRP-4261,walk_in_closet,yes
FTR-17083,PRP-4261,open_floor_plan,no
FTR-17084,PRP-4261,fresh_paint,no
FTR-17085,PRP-4261,solar_panels,YES
FTR-17086,PRP-4261,master_suite,yes
FTR-17087,PRP-4262,smart_home,yes
FTR-17088,PRP-4262,new_roof,yes
FTR-17089,PRP-4262,fresh_paint,Yes
FTR-17090,PRP-4263,central_ac,YES
FTR-17091,PRP-4263,fireplace,Yes
FTR-17092,PRP-4263,updated_kitchen,YES
FTR-17093,PRP-4263,hardwood_floors,yes
FTR-17094,PRP-4264,stainless_appliances,YES
FTR-17095,PRP-4264,new_roof,yes
FTR-17096,PRP-4264,open_floor_plan,1
FTR-17097,PRP-4265,smart_home,0
FTR-17098,PRP-4265,hardwood_floors,0
FTR-17099,PRP-4265,fireplace,0
FTR-17100,PRP-4265,central_ac,YES
FTR-17101,PRP-4265,updated_kitchen,YES
FTR-17102,PRP-4265,solar_panels,1
FTR-17103,PRP-4266,stainless_appliances,0
FTR-17104,PRP-4266,fireplace,no
FTR-17105,PRP-4266,smart_home,1
FTR-17106,PRP-4267,central_ac,no
FTR-17107,PRP-4267,stainless_appliances,no
FTR-17108,PRP-4268,solar_panels,1
FTR-17109,PRP-4268,new_roof,Yes
FTR-17110,PRP-4268,granite_counters,Yes
FTR-17111,PRP-4268,stainless_appliances,yes
FTR-17112,PRP-4268,master_suite,Yes
FTR-17113,PRP-4268,vaulted_ceilings,no
FTR-17114,PRP-4269,updated_kitchen,Yes
FTR-17115,PRP-4269,new_roof,0
FTR-17116,PRP-4269,fireplace,1
FTR-17117,PRP-4269,hardwood_floors,Yes
FTR-17118,PRP-4270,vaulted_ceilings,1
FTR-17119,PRP-4270,fireplace,Yes
FTR-17120,PRP-4270,central_ac,no
FTR-17121,PRP-4270,updated_kitchen,1
FTR-17122,PRP-4271,master_suite,Yes
FTR-17123,PRP-4271,open_floor_plan,yes
FTR-17124,PRP-4271,new_roof,yes
FTR-17125,PRP-4271,fireplace,no
FTR-17126,PRP-4271,vaulted_ceilings,no
FTR-17127,PRP-4272,fresh_paint,yes
FTR-17128,PRP-4272,central_ac,0
FTR-17129,PRP-4272,updated_kitchen,YES
FTR-17130,PRP-4272,fireplace,0
FTR-17131,PRP-4272,smart_home,Yes
FTR-17132,PRP-4272,granite_counters,Yes
FTR-17133,PRP-4273,new_roof,YES
FTR-17134,PRP-4273,fresh_paint,no
FTR-17135,PRP-4273,master_suite,0
FTR-17136,PRP-4273,stainless_appliances,yes
FTR-17137,PRP-4273,granite_counters,1
FTR-17138,PRP-4274,fireplace,YES
FTR-17139,PRP-4274,solar_panels,Yes
FTR-17140,PRP-4275,open_floor_plan,Yes
FTR-17141,PRP-4275,updated_kitchen,YES
FTR-17142,PRP-4276,hardwood_floors,YES
FTR-17143,PRP-4276,new_roof,no
FTR-17144,PRP-4276,central_ac,1
FTR-17145,PRP-4277,open_floor_plan,YES
FTR-17146,PRP-4277,master_suite,Yes
FTR-17147,PRP-4277,central_ac,no
FTR-17148,PRP-4278,updated_kitchen,yes
FTR-17149,PRP-4278,solar_panels,YES
FTR-17150,PRP-4278,fireplace,no
FTR-17151,PRP-4278,vaulted_ceilings,yes
FTR-17152,PRP-4279,updated_kitchen,0
FTR-17153,PRP-4279,new_roof,yes
FTR-17154,PRP-4279,smart_home,yes
FTR-17155,PRP-4279,stainless_appliances,yes
FTR-17156,PRP-4280,smart_home,Yes
FTR-17157,PRP-4280,central_ac,0
FTR-17158,PRP-4280,updated_kitchen,YES
FTR-17159,PRP-4280,open_floor_plan,Yes
FTR-17160,PRP-4280,vaulted_ceilings,1
FTR-17161,PRP-4280,granite_counters,0
FTR-17162,PRP-4281,fresh_paint,YES
FTR-17163,PRP-4281,open_floor_plan,0
FTR-17164,PRP-4281,stainless_appliances,no
FTR-17165,PRP-4281,walk_in_closet,no
FTR-17166,PRP-4281,smart_home,1
FTR-17167,PRP-4281,updated_kitchen,yes
FTR-17168,PRP-4282,new_roof,YES
FTR-17169,PRP-4282,stainless_appliances,no
FTR-17170,PRP-4282,walk_in_closet,no
FTR-17171,PRP-4282,vaulted_ceilings,no
FTR-17172,PRP-4283,walk_in_closet,0
FTR-17173,PRP-4283,granite_counters,no
FTR-17174,PRP-4283,updated_kitchen,no
FTR-17175,PRP-4283,stainless_appliances,YES
FTR-17176,PRP-4283,solar_panels,1
FTR-17177,PRP-4283,master_suite,YES
FTR-17178,PRP-4284,solar_panels,0
FTR-17179,PRP-4284,central_ac,yes
FTR-17180,PRP-4284,open_floor_plan,no
FTR-17181,PRP-4285,new_roof,no
FTR-17182,PRP-4285,central_ac,0
FTR-17183,PRP-4285,vaulted_ceilings,no
FTR-17184,PRP-4285,stainless_appliances,no
FTR-17185,PRP-4285,updated_kitchen,yes
FTR-17186,PRP-4286,fresh_paint,YES
FTR-17187,PRP-4286,central_ac,1
FTR-17188,PRP-4286,solar_panels,1
FTR-17189,PRP-4286,open_floor_plan,0
FTR-17190,PRP-4286,new_roof,yes
FTR-17191,PRP-4287,open_floor_plan,yes
FTR-17192,PRP-4287,granite_counters,YES
FTR-17193,PRP-4287,new_roof,Yes
FTR-17194,PRP-4288,master_suite,1
FTR-17195,PRP-4288,granite_counters,Yes
FTR-17196,PRP-4288,vaulted_ceilings,0
FTR-17197,PRP-4288,updated_kitchen,yes
FTR-17198,PRP-4289,fresh_paint,no
FTR-17199,PRP-4289,master_suite,1
FTR-17200,PRP-4289,fireplace,yes
FTR-17201,PRP-4289,updated_kitchen,1
FTR-17202,PRP-4289,central_ac,0
FTR-17203,PRP-4290,vaulted_ceilings,Yes
FTR-17204,PRP-4290,stainless_appliances,1
FTR-17205,PRP-4290,new_roof,no
FTR-17206,PRP-4290,hardwood_floors,YES
FTR-17207,PRP-4290,granite_counters,yes
FTR-17208,PRP-4290,fireplace,0
FTR-17209,PRP-4291,walk_in_closet,0
FTR-17210,PRP-4291,fresh_paint,YES
FTR-17211,PRP-4292,stainless_appliances,YES
FTR-17212,PRP-4292,open_floor_plan,no
FTR-17213,PRP-4292,solar_panels,no
FTR-17214,PRP-4292,updated_kitchen,1
FTR-17215,PRP-4292,hardwood_floors,Yes
FTR-17216,PRP-4293,fresh_paint,YES
FTR-17217,PRP-4293,walk_in_closet,yes
FTR-17218,PRP-4293,solar_panels,1
FTR-17219,PRP-4293,master_suite,no
FTR-17220,PRP-4293,hardwood_floors,Yes
FTR-17221,PRP-4294,solar_panels,0
FTR-17222,PRP-4294,stainless_appliances,no
FTR-17223,PRP-4294,new_roof,Yes
FTR-17224,PRP-4295,solar_panels,yes
FTR-17225,PRP-4295,stainless_appliances,Yes
FTR-17226,PRP-4295,new_roof,yes
FTR-17227,PRP-4296,vaulted_ceilings,Yes
FTR-17228,PRP-4296,updated_kitchen,no
FTR-17229,PRP-4296,fresh_paint,no
FTR-17230,PRP-4296,granite_counters,1
FTR-17231,PRP-4296,hardwood_floors,Yes
FTR-17232,PRP-4296,master_suite,1
FTR-17233,PRP-4297,granite_counters,Yes
FTR-17234,PRP-4297,master_suite,yes
FTR-17235,PRP-4297,solar_panels,YES
FTR-17236,PRP-4298,open_floor_plan,yes
FTR-17237,PRP-4298,vaulted_ceilings,no
FTR-17238,PRP-4298,new_roof,0
FTR-17239,PRP-4298,smart_home,Yes
FTR-17240,PRP-4299,open_floor_plan,yes
FTR-17241,PRP-4299,fireplace,0
FTR-17242,PRP-4299,central_ac,no
FTR-17243,PRP-4299,stainless_appliances,Yes
FTR-17244,PRP-4300,vaulted_ceilings,yes
FTR-17245,PRP-4300,new_roof,YES
FTR-17246,PRP-4300,smart_home,yes
FTR-17247,PRP-4300,solar_panels,Yes
FTR-17248,PRP-4300,central_ac,no
FTR-17249,PRP-4300,hardwood_floors,1
FTR-17250,PRP-4301,smart_home,1
FTR-17251,PRP-4301,central_ac,0
FTR-17252,PRP-4301,granite_counters,YES
FTR-17253,PRP-4301,walk_in_closet,1
FTR-17254,PRP-4302,master_suite,no
FTR-17255,PRP-4302,fresh_paint,yes
FTR-17256,PRP-4302,new_roof,Yes
FTR-17257,PRP-4302,vaulted_ceilings,no
FTR-17258,PRP-4302,solar_panels,yes
FTR-17259,PRP-4302,granite_counters,1
FTR-17260,PRP-4303,hardwood_floors,0
FTR-17261,PRP-4303,smart_home,1
FTR-17262,PRP-4303,open_floor_plan,1
FTR-17263,PRP-4303,updated_kitchen,Yes
FTR-17264,PRP-4303,central_ac,Yes
FTR-17265,PRP-4303,walk_in_closet,no
FTR-17266,PRP-4304,new_roof,0
FTR-17267,PRP-4304,open_floor_plan,no
FTR-17268,PRP-4304,central_ac,YES
FTR-17269,PRP-4305,new_roof,yes
FTR-17270,PRP-4305,solar_panels,no
FTR-17271,PRP-4306,fresh_paint,yes
FTR-17272,PRP-4306,stainless_appliances,no
FTR-17273,PRP-4306,smart_home,YES
FTR-17274,PRP-4306,vaulted_ceilings,no
FTR-17275,PRP-4307,vaulted_ceilings,yes
FTR-17276,PRP-4307,stainless_appliances,no
FTR-17277,PRP-4307,granite_counters,0
FTR-17278,PRP-4308,open_floor_plan,0
FTR-17279,PRP-4308,granite_counters,no
FTR-17280,PRP-4309,vaulted_ceilings,Yes
FTR-17281,PRP-4309,smart_home,no
FTR-17282,PRP-4309,walk_in_closet,Yes
FTR-17283,PRP-4309,fresh_paint,Yes
FTR-17284,PRP-4309,stainless_appliances,yes
FTR-17285,PRP-4309,fireplace,1
FTR-17286,PRP-4310,new_roof,0
FTR-17287,PRP-4310,stainless_appliances,0
FTR-17288,PRP-4310,central_ac,Yes
FTR-17289,PRP-4310,updated_kitchen,yes
FTR-17290,PRP-4310,smart_home,YES
FTR-17291,PRP-4311,vaulted_ceilings,yes
FTR-17292,PRP-4311,fresh_paint,no
FTR-17293,PRP-4311,central_ac,no
FTR-17294,PRP-4311,updated_kitchen,1
FTR-17295,PRP-4311,hardwood_floors,no
FTR-17296,PRP-4311,stainless_appliances,no
FTR-17297,PRP-4312,fresh_paint,Yes
FTR-17298,PRP-4312,central_ac,0
FTR-17299,PRP-4312,walk_in_closet,no
FTR-17300,PRP-4312,vaulted_ceilings,yes
FTR-17301,PRP-4313,smart_home,1
FTR-17302,PRP-4313,central_ac,Yes
FTR-17303,PRP-4313,solar_panels,Yes
FTR-17304,PRP-4313,updated_kitchen,Yes
FTR-17305,PRP-4314,solar_panels,no
FTR-17306,PRP-4314,fireplace,YES
FTR-17307,PRP-4315,central_ac,yes
FTR-17308,PRP-4315,smart_home,yes
FTR-17309,PRP-4315,fireplace,no
FTR-17310,PRP-4315,open_floor_plan,1
FTR-17311,PRP-4315,master_suite,no
FTR-17312,PRP-4316,updated_kitchen,yes
FTR-17313,PRP-4316,solar_panels,no
FTR-17314,PRP-4316,granite_counters,no
FTR-17315,PRP-4316,new_roof,yes
FTR-17316,PRP-4316,vaulted_ceilings,YES
FTR-17317,PRP-4316,open_floor_plan,0
FTR-17318,PRP-4317,open_floor_plan,yes
FTR-17319,PRP-4317,smart_home,yes
FTR-17320,PRP-4317,updated_kitchen,Yes
FTR-17321,PRP-4317,stainless_appliances,no
FTR-17322,PRP-4318,granite_counters,Yes
FTR-17323,PRP-4318,master_suite,no
FTR-17324,PRP-4318,smart_home,no
FTR-17325,PRP-4318,solar_panels,1
FTR-17326,PRP-4319,granite_counters,0
FTR-17327,PRP-4319,vaulted_ceilings,0
FTR-17328,PRP-4319,fresh_paint,no
FTR-17329,PRP-4319,smart_home,yes
FTR-17330,PRP-4319,open_floor_plan,YES
FTR-17331,PRP-4319,stainless_appliances,1
FTR-17332,PRP-4320,central_ac,no
FTR-17333,PRP-4320,solar_panels,Yes
FTR-17334,PRP-4321,updated_kitchen,Yes
FTR-17335,PRP-4321,fireplace,0
FTR-17336,PRP-4321,master_suite,YES
FTR-17337,PRP-4321,open_floor_plan,YES
FTR-17338,PRP-4321,stainless_appliances,1
FTR-17339,PRP-4322,new_roof,no
FTR-17340,PRP-4322,stainless_appliances,1
FTR-17341,PRP-4322,open_floor_plan,yes
FTR-17342,PRP-4323,master_suite,Yes
FTR-17343,PRP-4323,hardwood_floors,0
FTR-17344,PRP-4323,stainless_appliances,YES
FTR-17345,PRP-4323,new_roof,Yes
FTR-17346,PRP-4323,fresh_paint,0
FTR-17347,PRP-4324,fireplace,no
FTR-17348,PRP-4324,solar_panels,no
FTR-17349,PRP-4324,granite_counters,Yes
FTR-17350,PRP-4325,smart_home,YES
FTR-17351,PRP-4325,central_ac,1
FTR-17352,PRP-4325,fresh_paint,0
FTR-17353,PRP-4325,master_suite,0
FTR-17354,PRP-4325,solar_panels,Yes
FTR-17355,PRP-4326,master_suite,1
FTR-17356,PRP-4326,smart_home,Yes
FTR-17357,PRP-4326,solar_panels,1
FTR-17358,PRP-4326,updated_kitchen,YES
FTR-17359,PRP-4327,hardwood_floors,Yes
FTR-17360,PRP-4327,stainless_appliances,1
FTR-17361,PRP-4328,fireplace,0
FTR-17362,PRP-4328,central_ac,YES
FTR-17363,PRP-4328,walk_in_closet,no
FTR-17364,PRP-4329,updated_kitchen,no
FTR-17365,PRP-4329,new_roof,Yes
FTR-17366,PRP-4330,fresh_paint,YES
FTR-17367,PRP-4330,smart_home,yes
FTR-17368,PRP-4330,vaulted_ceilings,Yes
FTR-17369,PRP-4330,stainless_appliances,no
FTR-17370,PRP-4331,fresh_paint,YES
FTR-17371,PRP-4331,vaulted_ceilings,yes
FTR-17372,PRP-4331,updated_kitchen,1
FTR-17373,PRP-4332,fireplace,Yes
FTR-17374,PRP-4332,solar_panels,Yes
FTR-17375,PRP-4332,granite_counters,Yes
FTR-17376,PRP-4333,granite_counters,Yes
FTR-17377,PRP-4333,stainless_appliances,0
FTR-17378,PRP-4333,updated_kitchen,YES
FTR-17379,PRP-4333,master_suite,1
FTR-17380,PRP-4333,fresh_paint,YES
FTR-17381,PRP-4333,smart_home,yes
FTR-17382,PRP-4334,stainless_appliances,Yes
FTR-17383,PRP-4334,central_ac,yes
FTR-17384,PRP-4334,fresh_paint,no
FTR-17385,PRP-4335,walk_in_closet,0
FTR-17386,PRP-4335,updated_kitchen,yes
FTR-17387,PRP-4335,fresh_paint,Yes
FTR-17388,PRP-4335,master_suite,1
FTR-17389,PRP-4336,stainless_appliances,yes
FTR-17390,PRP-4336,open_floor_plan,0
FTR-17391,PRP-4336,fireplace,Yes
FTR-17392,PRP-4337,hardwood_floors,YES
FTR-17393,PRP-4337,smart_home,0
FTR-17394,PRP-4337,fresh_paint,yes
FTR-17395,PRP-4337,central_ac,no
FTR-17396,PRP-4338,vaulted_ceilings,no
FTR-17397,PRP-4338,open_floor_plan,yes
FTR-17398,PRP-4338,master_suite,Yes
FTR-17399,PRP-4338,updated_kitchen,YES
FTR-17400,PRP-4338,central_ac,yes
FTR-17401,PRP-4338,new_roof,YES
FTR-17402,PRP-4339,granite_counters,1
FTR-17403,PRP-4339,fireplace,0
FTR-17404,PRP-4339,smart_home,1
FTR-17405,PRP-4340,updated_kitchen,yes
FTR-17406,PRP-4340,new_roof,1
FTR-17407,PRP-4340,fireplace,Yes
FTR-17408,PRP-4341,granite_counters,yes
FTR-17409,PRP-4341,central_ac,no
FTR-17410,PRP-4341,fresh_paint,Yes
FTR-17411,PRP-4342,fireplace,no
FTR-17412,PRP-4342,walk_in_closet,1
FTR-17413,PRP-4342,fresh_paint,YES
FTR-17414,PRP-4342,stainless_appliances,0
FTR-17415,PRP-4342,hardwood_floors,yes
FTR-17416,PRP-4343,smart_home,YES
FTR-17417,PRP-4343,stainless_appliances,yes
FTR-17418,PRP-4343,fresh_paint,0
FTR-17419,PRP-4343,central_ac,0
FTR-17420,PRP-4343,updated_kitchen,no
FTR-17421,PRP-4344,smart_home,no
FTR-17422,PRP-4344,granite_counters,yes
FTR-17423,PRP-4344,fresh_paint,Yes
FTR-17424,PRP-4345,granite_counters,no
FTR-17425,PRP-4345,fresh_paint,no
FTR-17426,PRP-4345,vaulted_ceilings,0
FTR-17427,PRP-4346,granite_counters,0
FTR-17428,PRP-4346,fresh_paint,1
FTR-17429,PRP-4346,solar_panels,no
FTR-17430,PRP-4346,walk_in_closet,YES
FTR-17431,PRP-4346,master_suite,Yes
FTR-17432,PRP-4346,fireplace,yes
FTR-17433,PRP-4347,fresh_paint,YES
FTR-17434,PRP-4347,new_roof,YES
FTR-17435,PRP-4347,updated_kitchen,yes
FTR-17436,PRP-4347,central_ac,1
FTR-17437,PRP-4348,fresh_paint,0
FTR-17438,PRP-4348,granite_counters,Yes
FTR-17439,PRP-4348,fireplace,yes
FTR-17440,PRP-4349,fresh_paint,YES
FTR-17441,PRP-4349,master_suite,0
FTR-17442,PRP-4349,open_floor_plan,no
FTR-17443,PRP-4349,new_roof,0
FTR-17444,PRP-4349,solar_panels,0
FTR-17445,PRP-4350,hardwood_floors,YES
FTR-17446,PRP-4350,open_floor_plan,0
FTR-17447,PRP-4350,granite_counters,0
FTR-17448,PRP-4350,new_roof,1
FTR-17449,PRP-4350,stainless_appliances,0
FTR-17450,PRP-4351,fireplace,no
FTR-17451,PRP-4351,granite_counters,no
FTR-17452,PRP-4352,vaulted_ceilings,yes
FTR-17453,PRP-4352,new_roof,YES
FTR-17454,PRP-4352,walk_in_closet,Yes
FTR-17455,PRP-4352,open_floor_plan,yes
FTR-17456,PRP-4352,fresh_paint,0
FTR-17457,PRP-4353,fresh_paint,YES
FTR-17458,PRP-4353,open_floor_plan,no
FTR-17459,PRP-4353,hardwood_floors,Yes
FTR-17460,PRP-4353,master_suite,no
FTR-17461,PRP-4353,updated_kitchen,no
FTR-17462,PRP-4354,updated_kitchen,no
FTR-17463,PRP-4354,stainless_appliances,0
FTR-17464,PRP-4354,walk_in_closet,YES
FTR-17465,PRP-4354,central_ac,1
FTR-17466,PRP-4354,hardwood_floors,0
FTR-17467,PRP-4354,open_floor_plan,no
FTR-17468,PRP-4355,solar_panels,1
FTR-17469,PRP-4355,walk_in_closet,yes
FTR-17470,PRP-4355,smart_home,YES
FTR-17471,PRP-4356,stainless_appliances,1
FTR-17472,PRP-4356,smart_home,Yes
FTR-17473,PRP-4356,open_floor_plan,YES
FTR-17474,PRP-4356,solar_panels,0
FTR-17475,PRP-4356,fresh_paint,Yes
FTR-17476,PRP-4357,stainless_appliances,yes
FTR-17477,PRP-4357,smart_home,yes
FTR-17478,PRP-4357,vaulted_ceilings,yes
FTR-17479,PRP-4357,central_ac,no
FTR-17480,PRP-4357,fresh_paint,yes
FTR-17481,PRP-4358,master_suite,Yes
FTR-17482,PRP-4358,solar_panels,0
FTR-17483,PRP-4358,fresh_paint,no
FTR-17484,PRP-4358,hardwood_floors,YES
FTR-17485,PRP-4359,master_suite,yes
FTR-17486,PRP-4359,open_floor_plan,Yes
FTR-17487,PRP-4359,solar_panels,no
FTR-17488,PRP-4360,granite_counters,Yes
FTR-17489,PRP-4360,updated_kitchen,1
FTR-17490,PRP-4361,updated_kitchen,YES
FTR-17491,PRP-4361,smart_home,yes
FTR-17492,PRP-4361,master_suite,0
FTR-17493,PRP-4362,granite_counters,0
FTR-17494,PRP-4362,stainless_appliances,0
FTR-17495,PRP-4362,solar_panels,1
FTR-17496,PRP-4362,smart_home,YES
FTR-17497,PRP-4362,fresh_paint,Yes
FTR-17498,PRP-4362,vaulted_ceilings,0
FTR-17499,PRP-4363,granite_counters,no
FTR-17500,PRP-4363,stainless_appliances,1
FTR-17501,PRP-4363,hardwood_floors,1
FTR-17502,PRP-4363,fresh_paint,no
FTR-17503,PRP-4363,new_roof,0
FTR-17504,PRP-4363,updated_kitchen,no
FTR-17505,PRP-4364,fireplace,1
FTR-17506,PRP-4364,hardwood_floors,YES
FTR-17507,PRP-4365,vaulted_ceilings,yes
FTR-17508,PRP-4365,stainless_appliances,Yes
FTR-17509,PRP-4365,updated_kitchen,yes
FTR-17510,PRP-4365,fresh_paint,1
FTR-17511,PRP-4366,smart_home,1
FTR-17512,PRP-4366,hardwood_floors,1
FTR-17513,PRP-4366,granite_counters,0
FTR-17514,PRP-4367,open_floor_plan,YES
FTR-17515,PRP-4367,master_suite,0
FTR-17516,PRP-4368,fresh_paint,0
FTR-17517,PRP-4368,walk_in_closet,1
FTR-17518,PRP-4368,master_suite,YES
FTR-17519,PRP-4368,solar_panels,0
FTR-17520,PRP-4368,granite_counters,Yes
FTR-17521,PRP-4369,smart_home,no
FTR-17522,PRP-4369,updated_kitchen,1
FTR-17523,PRP-4369,solar_panels,YES
FTR-17524,PRP-4369,walk_in_closet,yes
FTR-17525,PRP-4369,granite_counters,Yes
FTR-17526,PRP-4369,fireplace,yes
FTR-17527,PRP-4370,open_floor_plan,0
FTR-17528,PRP-4370,stainless_appliances,0
FTR-17529,PRP-4371,walk_in_closet,Yes
FTR-17530,PRP-4371,granite_counters,Yes
FTR-17531,PRP-4371,hardwood_floors,1
FTR-17532,PRP-4372,solar_panels,no
FTR-17533,PRP-4372,central_ac,Yes
FTR-17534,PRP-4372,vaulted_ceilings,no
FTR-17535,PRP-4372,updated_kitchen,1
FTR-17536,PRP-4373,master_suite,Yes
FTR-17537,PRP-4373,fireplace,0
FTR-17538,PRP-4374,walk_in_closet,YES
FTR-17539,PRP-4374,stainless_appliances,no
FTR-17540,PRP-4374,granite_counters,1
FTR-17541,PRP-4374,smart_home,Yes
FTR-17542,PRP-4374,new_roof,yes
FTR-17543,PRP-4375,granite_counters,Yes
FTR-17544,PRP-4375,smart_home,no
FTR-17545,PRP-4375,central_ac,1
FTR-17546,PRP-4376,fireplace,1
FTR-17547,PRP-4376,central_ac,YES
FTR-17548,PRP-4377,granite_counters,yes
FTR-17549,PRP-4377,solar_panels,YES
FTR-17550,PRP-4378,solar_panels,1
FTR-17551,PRP-4378,smart_home,yes
FTR-17552,PRP-4378,walk_in_closet,Yes
FTR-17553,PRP-4378,updated_kitchen,0
FTR-17554,PRP-4378,hardwood_floors,YES
FTR-17555,PRP-4378,open_floor_plan,no
FTR-17556,PRP-4379,walk_in_closet,yes
FTR-17557,PRP-4379,vaulted_ceilings,0
FTR-17558,PRP-4379,solar_panels,YES
FTR-17559,PRP-4379,smart_home,no
FTR-17560,PRP-4379,open_floor_plan,Yes
FTR-17561,PRP-4380,fireplace,no
FTR-17562,PRP-4380,updated_kitchen,YES
FTR-17563,PRP-4380,open_floor_plan,no
FTR-17564,PRP-4380,solar_panels,no
FTR-17565,PRP-4380,smart_home,0
FTR-17566,PRP-4381,master_suite,1
FTR-17567,PRP-4381,vaulted_ceilings,Yes
FTR-17568,PRP-4381,updated_kitchen,Yes
FTR-17569,PRP-4382,solar_panels,1
FTR-17570,PRP-4382,smart_home,Yes
FTR-17571,PRP-4382,updated_kitchen,Yes
FTR-17572,PRP-4383,stainless_appliances,YES
FTR-17573,PRP-4383,fresh_paint,no
FTR-17574,PRP-4383,updated_kitchen,Yes
FTR-17575,PRP-4383,walk_in_closet,Yes
FTR-17576,PRP-4383,fireplace,0
FTR-17577,PRP-4383,new_roof,no
FTR-17578,PRP-4384,open_floor_plan,YES
FTR-17579,PRP-4384,hardwood_floors,1
FTR-17580,PRP-4384,vaulted_ceilings,no
FTR-17581,PRP-4384,fresh_paint,Yes
FTR-17582,PRP-4385,walk_in_closet,yes
FTR-17583,PRP-4385,smart_home,no
FTR-17584,PRP-4386,fresh_paint,yes
FTR-17585,PRP-4386,new_roof,YES
FTR-17586,PRP-4386,solar_panels,0
FTR-17587,PRP-4386,granite_counters,yes
FTR-17588,PRP-4387,stainless_appliances,Yes
FTR-17589,PRP-4387,central_ac,Yes
FTR-17590,PRP-4387,new_roof,0
FTR-17591,PRP-4387,walk_in_closet,yes
FTR-17592,PRP-4387,vaulted_ceilings,yes
FTR-17593,PRP-4388,new_roof,yes
FTR-17594,PRP-4388,smart_home,no
FTR-17595,PRP-4388,central_ac,yes
FTR-17596,PRP-4388,open_floor_plan,Yes
FTR-17597,PRP-4388,vaulted_ceilings,no
FTR-17598,PRP-4389,stainless_appliances,1
FTR-17599,PRP-4389,granite_counters,1
FTR-17600,PRP-4389,walk_in_closet,YES
FTR-17601,PRP-4389,open_floor_plan,no
FTR-17602,PRP-4390,master_suite,no
FTR-17603,PRP-4390,fireplace,YES
FTR-17604,PRP-4390,stainless_appliances,YES
FTR-17605,PRP-4390,open_floor_plan,0
FTR-17606,PRP-4391,solar_panels,yes
FTR-17607,PRP-4391,master_suite,0
FTR-17608,PRP-4391,updated_kitchen,1
FTR-17609,PRP-4391,walk_in_closet,yes
FTR-17610,PRP-4392,open_floor_plan,0
FTR-17611,PRP-4392,fireplace,yes
FTR-17612,PRP-4392,granite_counters,0
FTR-17613,PRP-4393,hardwood_floors,YES
FTR-17614,PRP-4393,solar_panels,1
FTR-17615,PRP-4394,open_floor_plan,YES
FTR-17616,PRP-4394,new_roof,YES
FTR-17617,PRP-4395,updated_kitchen,0
FTR-17618,PRP-4395,open_floor_plan,no
FTR-17619,PRP-4395,stainless_appliances,YES
FTR-17620,PRP-4395,solar_panels,1
FTR-17621,PRP-4395,smart_home,0
FTR-17622,PRP-4395,granite_counters,no
FTR-17623,PRP-4396,fireplace,yes
FTR-17624,PRP-4396,new_roof,no
FTR-17625,PRP-4397,master_suite,0
FTR-17626,PRP-4397,solar_panels,YES
FTR-17627,PRP-4397,updated_kitchen,1
FTR-17628,PRP-4397,new_roof,Yes
FTR-17629,PRP-4397,fireplace,0
FTR-17630,PRP-4398,stainless_appliances,0
FTR-17631,PRP-4398,vaulted_ceilings,no
FTR-17632,PRP-4398,new_roof,yes
FTR-17633,PRP-4398,hardwood_floors,1
FTR-17634,PRP-4398,solar_panels,1
FTR-17635,PRP-4399,walk_in_closet,YES
FTR-17636,PRP-4399,central_ac,1
FTR-17637,PRP-4399,smart_home,1
FTR-17638,PRP-4399,master_suite,0
FTR-17639,PRP-4400,new_roof,YES
FTR-17640,PRP-4400,fireplace,no
FTR-17641,PRP-4400,hardwood_floors,0
FTR-17642,PRP-4400,master_suite,no
FTR-17643,PRP-4400,walk_in_closet,1
FTR-17644,PRP-4400,open_floor_plan,no
FTR-17645,PRP-4401,open_floor_plan,1
FTR-17646,PRP-4401,fresh_paint,1
FTR-17647,PRP-4401,smart_home,1
FTR-17648,PRP-4401,central_ac,Yes
FTR-17649,PRP-4402,master_suite,yes
FTR-17650,PRP-4402,solar_panels,yes
FTR-17651,PRP-4402,hardwood_floors,0
FTR-17652,PRP-4403,vaulted_ceilings,yes
FTR-17653,PRP-4403,walk_in_closet,1
FTR-17654,PRP-4404,stainless_appliances,no
FTR-17655,PRP-4404,new_roof,YES
FTR-17656,PRP-4405,fresh_paint,yes
FTR-17657,PRP-4405,granite_counters,YES
FTR-17658,PRP-4405,walk_in_closet,YES
FTR-17659,PRP-4405,master_suite,yes
FTR-17660,PRP-4405,hardwood_floors,yes
FTR-17661,PRP-4406,new_roof,Yes
FTR-17662,PRP-4406,granite_counters,YES
FTR-17663,PRP-4406,stainless_appliances,0
FTR-17664,PRP-4407,vaulted_ceilings,YES
FTR-17665,PRP-4407,central_ac,Yes
FTR-17666,PRP-4407,walk_in_closet,1
FTR-17667,PRP-4407,updated_kitchen,no
FTR-17668,PRP-4407,solar_panels,1
FTR-17669,PRP-4407,new_roof,YES
FTR-17670,PRP-4408,hardwood_floors,Yes
FTR-17671,PRP-4408,open_floor_plan,yes
FTR-17672,PRP-4408,stainless_appliances,Yes
FTR-17673,PRP-4408,fresh_paint,1
FTR-17674,PRP-4408,smart_home,no
FTR-17675,PRP-4409,granite_counters,1
FTR-17676,PRP-4409,walk_in_closet,Yes
FTR-17677,PRP-4409,stainless_appliances,0
FTR-17678,PRP-4410,master_suite,YES
FTR-17679,PRP-4410,walk_in_closet,0
FTR-17680,PRP-4410,fireplace,Yes
FTR-17681,PRP-4410,smart_home,yes
FTR-17682,PRP-4411,hardwood_floors,no
FTR-17683,PRP-4411,granite_counters,0
FTR-17684,PRP-4411,fireplace,no
FTR-17685,PRP-4412,updated_kitchen,0
FTR-17686,PRP-4412,walk_in_closet,Yes
FTR-17687,PRP-4412,smart_home,Yes
FTR-17688,PRP-4412,solar_panels,1
FTR-17689,PRP-4412,fireplace,0
FTR-17690,PRP-4412,vaulted_ceilings,0
FTR-17691,PRP-4413,vaulted_ceilings,YES
FTR-17692,PRP-4413,stainless_appliances,0
FTR-17693,PRP-4414,granite_counters,YES
FTR-17694,PRP-4414,central_ac,Yes
FTR-17695,PRP-4414,new_roof,Yes
FTR-17696,PRP-4414,master_suite,yes
FTR-17697,PRP-4414,vaulted_ceilings,yes
FTR-17698,PRP-4414,hardwood_floors,Yes
FTR-17699,PRP-4415,fresh_paint,0
FTR-17700,PRP-4415,vaulted_ceilings,yes
FTR-17701,PRP-4416,hardwood_floors,Yes
FTR-17702,PRP-4416,new_roof,0
FTR-17703,PRP-4416,master_suite,YES
FTR-17704,PRP-4416,solar_panels,yes
FTR-17705,PRP-4416,stainless_appliances,Yes
FTR-17706,PRP-4416,open_floor_plan,0
FTR-17707,PRP-4417,stainless_appliances,1
FTR-17708,PRP-4417,granite_counters,0
FTR-17709,PRP-4417,central_ac,Yes
FTR-17710,PRP-4417,hardwood_floors,yes
FTR-17711,PRP-4418,master_suite,no
FTR-17712,PRP-4418,walk_in_closet,yes
FTR-17713,PRP-4418,hardwood_floors,yes
FTR-17714,PRP-4418,fireplace,yes
FTR-17715,PRP-4418,fresh_paint,0
FTR-17716,PRP-4418,open_floor_plan,0
FTR-17717,PRP-4419,open_floor_plan,Yes
FTR-17718,PRP-4419,hardwood_floors,0
FTR-17719,PRP-4419,granite_counters,Yes
FTR-17720,PRP-4420,new_roof,Yes
FTR-17721,PRP-4420,stainless_appliances,Yes
FTR-17722,PRP-4420,vaulted_ceilings,yes
FTR-17723,PRP-4421,stainless_appliances,yes
FTR-17724,PRP-4421,walk_in_closet,Yes
FTR-17725,PRP-4421,fresh_paint,no
FTR-17726,PRP-4421,open_floor_plan,1
FTR-17727,PRP-4422,walk_in_closet,Yes
FTR-17728,PRP-4422,central_ac,YES
FTR-17729,PRP-4422,granite_counters,0
FTR-17730,PRP-4422,updated_kitchen,YES
FTR-17731,PRP-4422,fireplace,YES
FTR-17732,PRP-4423,vaulted_ceilings,Yes
FTR-17733,PRP-4423,fireplace,1
FTR-17734,PRP-4423,open_floor_plan,Yes
FTR-17735,PRP-4423,hardwood_floors,YES
FTR-17736,PRP-4423,new_roof,1
FTR-17737,PRP-4424,new_roof,1
FTR-17738,PRP-4424,updated_kitchen,yes
FTR-17739,PRP-4424,granite_counters,Yes
FTR-17740,PRP-4424,solar_panels,YES
FTR-17741,PRP-4424,master_suite,Yes
FTR-17742,PRP-4424,fireplace,YES
FTR-17743,PRP-4425,open_floor_plan,yes
FTR-17744,PRP-4425,granite_counters,YES
FTR-17745,PRP-4425,smart_home,YES
FTR-17746,PRP-4425,fireplace,no
FTR-17747,PRP-4426,stainless_appliances,0
FTR-17748,PRP-4426,hardwood_floors,no
FTR-17749,PRP-4426,central_ac,no
FTR-17750,PRP-4426,master_suite,yes
FTR-17751,PRP-4426,granite_counters,Yes
FTR-17752,PRP-4427,master_suite,0
FTR-17753,PRP-4427,smart_home,YES
FTR-17754,PRP-4427,central_ac,1
FTR-17755,PRP-4428,master_suite,0
FTR-17756,PRP-4428,open_floor_plan,yes
FTR-17757,PRP-4429,smart_home,1
FTR-17758,PRP-4429,fresh_paint,YES
FTR-17759,PRP-4430,central_ac,1
FTR-17760,PRP-4430,new_roof,no
FTR-17761,PRP-4431,hardwood_floors,yes
FTR-17762,PRP-4431,stainless_appliances,yes
FTR-17763,PRP-4432,solar_panels,0
FTR-17764,PRP-4432,new_roof,1
FTR-17765,PRP-4432,granite_counters,1
FTR-17766,PRP-4432,master_suite,0
FTR-17767,PRP-4432,vaulted_ceilings,1
FTR-17768,PRP-4432,walk_in_closet,0
FTR-17769,PRP-4433,granite_counters,0
FTR-17770,PRP-4433,central_ac,no
FTR-17771,PRP-4433,vaulted_ceilings,YES
FTR-17772,PRP-4434,open_floor_plan,0
FTR-17773,PRP-4434,fresh_paint,yes
FTR-17774,PRP-4434,master_suite,yes
FTR-17775,PRP-4434,vaulted_ceilings,Yes
FTR-17776,PRP-4434,updated_kitchen,no
FTR-17777,PRP-4435,stainless_appliances,no
FTR-17778,PRP-4435,smart_home,no
FTR-17779,PRP-4436,walk_in_closet,yes
FTR-17780,PRP-4436,open_floor_plan,YES
FTR-17781,PRP-4436,vaulted_ceilings,YES
FTR-17782,PRP-4436,solar_panels,1
FTR-17783,PRP-4436,granite_counters,no
FTR-17784,PRP-4437,solar_panels,no
FTR-17785,PRP-4437,central_ac,no
FTR-17786,PRP-4438,updated_kitchen,no
FTR-17787,PRP-4438,solar_panels,YES
FTR-17788,PRP-4439,granite_counters,0
FTR-17789,PRP-4439,walk_in_closet,Yes
FTR-17790,PRP-4439,updated_kitchen,no
FTR-17791,PRP-4439,new_roof,0
FTR-17792,PRP-4439,open_floor_plan,yes
FTR-17793,PRP-4440,open_floor_plan,YES
FTR-17794,PRP-4440,new_roof,no
FTR-17795,PRP-4440,smart_home,Yes
FTR-17796,PRP-4441,new_roof,0
FTR-17797,PRP-4441,solar_panels,Yes
FTR-17798,PRP-4441,fresh_paint,0
FTR-17799,PRP-4441,granite_counters,0
FTR-17800,PRP-4442,granite_counters,Yes
FTR-17801,PRP-4442,solar_panels,no
FTR-17802,PRP-4442,walk_in_closet,1
FTR-17803,PRP-4442,stainless_appliances,1
FTR-17804,PRP-4443,fireplace,1
FTR-17805,PRP-4443,smart_home,no
FTR-17806,PRP-4443,stainless_appliances,yes
FTR-17807,PRP-4444,updated_kitchen,1
FTR-17808,PRP-4444,central_ac,no
FTR-17809,PRP-4444,granite_counters,0
FTR-17810,PRP-4444,stainless_appliances,Yes
FTR-17811,PRP-4445,master_suite,Yes
FTR-17812,PRP-4445,walk_in_closet,0
FTR-17813,PRP-4446,hardwood_floors,no
FTR-17814,PRP-4446,walk_in_closet,1
FTR-17815,PRP-4446,fresh_paint,no
FTR-17816,PRP-4446,granite_counters,0
FTR-17817,PRP-4447,smart_home,yes
FTR-17818,PRP-4447,granite_counters,1
FTR-17819,PRP-4447,vaulted_ceilings,yes
FTR-17820,PRP-4448,open_floor_plan,0
FTR-17821,PRP-4448,smart_home,no
FTR-17822,PRP-4448,fresh_paint,yes
FTR-17823,PRP-4448,walk_in_closet,YES
FTR-17824,PRP-4448,hardwood_floors,yes
FTR-17825,PRP-4449,vaulted_ceilings,0
FTR-17826,PRP-4449,solar_panels,0
FTR-17827,PRP-4449,open_floor_plan,Yes
FTR-17828,PRP-4449,fireplace,0
FTR-17829,PRP-4450,open_floor_plan,no
FTR-17830,PRP-4450,fireplace,1
FTR-17831,PRP-4450,smart_home,Yes
FTR-17832,PRP-4450,walk_in_closet,0
FTR-17833,PRP-4450,central_ac,no
FTR-17834,PRP-4451,solar_panels,yes
FTR-17835,PRP-4451,stainless_appliances,1
FTR-17836,PRP-4451,smart_home,1
FTR-17837,PRP-4451,granite_counters,YES
FTR-17838,PRP-4451,hardwood_floors,0
FTR-17839,PRP-4452,fireplace,YES
FTR-17840,PRP-4452,stainless_appliances,1
FTR-17841,PRP-4453,solar_panels,yes
FTR-17842,PRP-4453,new_roof,YES
FTR-17843,PRP-4453,stainless_appliances,no
FTR-17844,PRP-4453,walk_in_closet,0
FTR-17845,PRP-4454,hardwood_floors,1
FTR-17846,PRP-4454,solar_panels,1
FTR-17847,PRP-4454,fresh_paint,0
FTR-17848,PRP-4454,master_suite,Yes
FTR-17849,PRP-4455,granite_counters,YES
FTR-17850,PRP-4455,fresh_paint,YES
FTR-17851,PRP-4455,new_roof,yes
FTR-17852,PRP-4455,central_ac,YES
FTR-17853,PRP-4455,vaulted_ceilings,Yes
FTR-17854,PRP-4456,granite_counters,1
FTR-17855,PRP-4456,central_ac,yes
FTR-17856,PRP-4456,stainless_appliances,no
FTR-17857,PRP-4456,hardwood_floors,0
FTR-17858,PRP-4456,open_floor_plan,yes
FTR-17859,PRP-4456,new_roof,yes
FTR-17860,PRP-4457,stainless_appliances,0
FTR-17861,PRP-4457,hardwood_floors,no
FTR-17862,PRP-4458,walk_in_closet,yes
FTR-17863,PRP-4458,open_floor_plan,no
FTR-17864,PRP-4458,solar_panels,no
FTR-17865,PRP-4458,central_ac,Yes
FTR-17866,PRP-4458,master_suite,yes
FTR-17867,PRP-4458,new_roof,yes
FTR-17868,PRP-4459,smart_home,1
FTR-17869,PRP-4459,central_ac,0
FTR-17870,PRP-4459,solar_panels,YES
FTR-17871,PRP-4460,stainless_appliances,no
FTR-17872,PRP-4460,new_roof,Yes
FTR-17873,PRP-4460,solar_panels,YES
FTR-17874,PRP-4460,master_suite,no
FTR-17875,PRP-4460,smart_home,1
FTR-17876,PRP-4460,central_ac,yes
FTR-17877,PRP-4461,updated_kitchen,no
FTR-17878,PRP-4461,smart_home,YES
FTR-17879,PRP-4461,central_ac,0
FTR-17880,PRP-4461,vaulted_ceilings,0
FTR-17881,PRP-4461,new_roof,no
FTR-17882,PRP-4461,fireplace,yes
FTR-17883,PRP-4462,open_floor_plan,no
FTR-17884,PRP-4462,master_suite,yes
FTR-17885,PRP-4462,vaulted_ceilings,YES
FTR-17886,PRP-4462,granite_counters,1
FTR-17887,PRP-4463,fireplace,YES
FTR-17888,PRP-4463,vaulted_ceilings,Yes
FTR-17889,PRP-4463,walk_in_closet,yes
FTR-17890,PRP-4463,stainless_appliances,yes
FTR-17891,PRP-4463,master_suite,0
FTR-17892,PRP-4464,smart_home,no
FTR-17893,PRP-4464,new_roof,yes
FTR-17894,PRP-4464,stainless_appliances,0
FTR-17895,PRP-4464,open_floor_plan,no
FTR-17896,PRP-4464,hardwood_floors,0
FTR-17897,PRP-4464,fresh_paint,Yes
FTR-17898,PRP-4465,solar_panels,0
FTR-17899,PRP-4465,central_ac,Yes
FTR-17900,PRP-4465,vaulted_ceilings,yes
FTR-17901,PRP-4465,fireplace,no
FTR-17902,PRP-4466,new_roof,0
FTR-17903,PRP-4466,master_suite,1
FTR-17904,PRP-4466,open_floor_plan,0
FTR-17905,PRP-4467,vaulted_ceilings,YES
FTR-17906,PRP-4467,central_ac,YES
FTR-17907,PRP-4467,stainless_appliances,no
FTR-17908,PRP-4467,fireplace,yes
FTR-17909,PRP-4467,solar_panels,YES
FTR-17910,PRP-4468,fireplace,Yes
FTR-17911,PRP-4468,stainless_appliances,Yes
FTR-17912,PRP-4468,central_ac,1
FTR-17913,PRP-4468,walk_in_closet,Yes
FTR-17914,PRP-4468,new_roof,1
FTR-17915,PRP-4469,vaulted_ceilings,YES
FTR-17916,PRP-4469,master_suite,1
FTR-17917,PRP-4469,central_ac,Yes
FTR-17918,PRP-4470,solar_panels,no
FTR-17919,PRP-4470,vaulted_ceilings,0
FTR-17920,PRP-4470,hardwood_floors,0
FTR-17921,PRP-4471,smart_home,YES
FTR-17922,PRP-4471,walk_in_closet,no
FTR-17923,PRP-4471,central_ac,no
FTR-17924,PRP-4471,stainless_appliances,1
FTR-17925,PRP-4471,granite_counters,Yes
FTR-17926,PRP-4471,updated_kitchen,1
FTR-17927,PRP-4472,smart_home,Yes
FTR-17928,PRP-4472,granite_counters,no
FTR-17929,PRP-4472,master_suite,YES
FTR-17930,PRP-4472,open_floor_plan,0
FTR-17931,PRP-4473,updated_kitchen,YES
FTR-17932,PRP-4473,open_floor_plan,1
FTR-17933,PRP-4473,central_ac,Yes
FTR-17934,PRP-4474,vaulted_ceilings,Yes
FTR-17935,PRP-4474,updated_kitchen,no
FTR-17936,PRP-4474,open_floor_plan,YES
FTR-17937,PRP-4475,master_suite,no
FTR-17938,PRP-4475,hardwood_floors,1
FTR-17939,PRP-4476,granite_counters,Yes
FTR-17940,PRP-4476,hardwood_floors,0
FTR-17941,PRP-4477,fireplace,no
FTR-17942,PRP-4477,smart_home,yes
FTR-17943,PRP-4477,walk_in_closet,yes
FTR-17944,PRP-4478,solar_panels,YES
FTR-17945,PRP-4478,fresh_paint,yes
FTR-17946,PRP-4478,vaulted_ceilings,1
FTR-17947,PRP-4478,smart_home,1
FTR-17948,PRP-4479,smart_home,YES
FTR-17949,PRP-4479,fireplace,0
FTR-17950,PRP-4480,fireplace,0
FTR-17951,PRP-4480,updated_kitchen,0
FTR-17952,PRP-4480,vaulted_ceilings,no
FTR-17953,PRP-4480,open_floor_plan,Yes
FTR-17954,PRP-4480,fresh_paint,0
FTR-17955,PRP-4481,fresh_paint,YES
FTR-17956,PRP-4481,new_roof,YES
FTR-17957,PRP-4482,fresh_paint,yes
FTR-17958,PRP-4482,vaulted_ceilings,YES
FTR-17959,PRP-4483,stainless_appliances,YES
FTR-17960,PRP-4483,new_roof,no
FTR-17961,PRP-4483,smart_home,no
FTR-17962,PRP-4483,vaulted_ceilings,no
FTR-17963,PRP-4484,fireplace,0
FTR-17964,PRP-4484,stainless_appliances,YES
FTR-17965,PRP-4485,fresh_paint,1
FTR-17966,PRP-4485,master_suite,Yes
FTR-17967,PRP-4485,stainless_appliances,no
FTR-17968,PRP-4485,hardwood_floors,1
FTR-17969,PRP-4485,central_ac,yes
FTR-17970,PRP-4485,fireplace,yes
FTR-17971,PRP-4486,hardwood_floors,Yes
FTR-17972,PRP-4486,granite_counters,0
FTR-17973,PRP-4486,smart_home,YES
FTR-17974,PRP-4486,updated_kitchen,YES
FTR-17975,PRP-4486,master_suite,YES
FTR-17976,PRP-4486,new_roof,YES
FTR-17977,PRP-4487,stainless_appliances,0
FTR-17978,PRP-4487,new_roof,1
FTR-17979,PRP-4487,solar_panels,Yes
FTR-17980,PRP-4487,central_ac,0
FTR-17981,PRP-4487,updated_kitchen,Yes
FTR-17982,PRP-4488,hardwood_floors,1
FTR-17983,PRP-4488,master_suite,yes
FTR-17984,PRP-4488,open_floor_plan,0
FTR-17985,PRP-4488,solar_panels,YES
FTR-17986,PRP-4488,updated_kitchen,no
FTR-17987,PRP-4489,vaulted_ceilings,yes
FTR-17988,PRP-4489,stainless_appliances,yes
FTR-17989,PRP-4489,open_floor_plan,Yes
FTR-17990,PRP-4489,solar_panels,Yes
FTR-17991,PRP-4489,smart_home,Yes
FTR-17992,PRP-4490,master_suite,1
FTR-17993,PRP-4490,fresh_paint,0
FTR-17994,PRP-4490,updated_kitchen,YES
FTR-17995,PRP-4490,stainless_appliances,no
FTR-17996,PRP-4490,smart_home,yes
FTR-17997,PRP-4491,new_roof,0
FTR-17998,PRP-4491,hardwood_floors,no
FTR-17999,PRP-4491,solar_panels,yes
FTR-18000,PRP-4492,central_ac,0
FTR-18001,PRP-4492,hardwood_floors,0
FTR-18002,PRP-4492,open_floor_plan,Yes
FTR-18003,PRP-4493,fresh_paint,no
FTR-18004,PRP-4493,vaulted_ceilings,no
FTR-18005,PRP-4493,open_floor_plan,1
FTR-18006,PRP-4493,master_suite,Yes
FTR-18007,PRP-4493,updated_kitchen,0
FTR-18008,PRP-4494,vaulted_ceilings,no
FTR-18009,PRP-4494,stainless_appliances,yes
FTR-18010,PRP-4494,new_roof,YES
FTR-18011,PRP-4495,smart_home,yes
FTR-18012,PRP-4495,granite_counters,Yes
FTR-18013,PRP-4495,new_roof,yes
FTR-18014,PRP-4496,vaulted_ceilings,no
FTR-18015,PRP-4496,stainless_appliances,0
FTR-18016,PRP-4497,updated_kitchen,Yes
FTR-18017,PRP-4497,new_roof,YES
FTR-18018,PRP-4498,fresh_paint,Yes
FTR-18019,PRP-4498,hardwood_floors,no
FTR-18020,PRP-4498,solar_panels,1
FTR-18021,PRP-4498,central_ac,0
FTR-18022,PRP-4498,updated_kitchen,no
FTR-18023,PRP-4498,open_floor_plan,0
FTR-18024,PRP-4499,hardwood_floors,0
FTR-18025,PRP-4499,updated_kitchen,0
FTR-18026,PRP-4499,stainless_appliances,YES
FTR-18027,PRP-4499,central_ac,no
FTR-18028,PRP-4499,smart_home,0
FTR-18029,PRP-4499,master_suite,YES
FTR-18030,PRP-4500,updated_kitchen,Yes
FTR-18031,PRP-4500,vaulted_ceilings,1
FTR-18032,PRP-4500,fresh_paint,no
FTR-18033,PRP-4500,open_floor_plan,no
FTR-18034,PRP-4500,fireplace,0
FTR-18035,PRP-4501,solar_panels,yes
FTR-18036,PRP-4501,granite_counters,0
FTR-18037,PRP-4501,vaulted_ceilings,YES
FTR-18038,PRP-4501,stainless_appliances,Yes
FTR-18039,PRP-4501,open_floor_plan,yes
FTR-18040,PRP-4501,fresh_paint,yes
FTR-18041,PRP-4502,fresh_paint,yes
FTR-18042,PRP-4502,stainless_appliances,1
FTR-18043,PRP-4503,stainless_appliances,1
FTR-18044,PRP-4503,walk_in_closet,YES
FTR-18045,PRP-4503,solar_panels,no
FTR-18046,PRP-4503,master_suite,yes
FTR-18047,PRP-4504,central_ac,yes
FTR-18048,PRP-4504,stainless_appliances,1
FTR-18049,PRP-4504,master_suite,no
FTR-18050,PRP-4504,vaulted_ceilings,YES
FTR-18051,PRP-4505,fresh_paint,0
FTR-18052,PRP-4505,open_floor_plan,yes
FTR-18053,PRP-4505,solar_panels,Yes
FTR-18054,PRP-4505,fireplace,yes
FTR-18055,PRP-4505,stainless_appliances,no
FTR-18056,PRP-4506,new_roof,no
FTR-18057,PRP-4506,hardwood_floors,0
FTR-18058,PRP-4506,smart_home,Yes
FTR-18059,PRP-4506,granite_counters,Yes
FTR-18060,PRP-4506,central_ac,Yes
FTR-18061,PRP-4506,fireplace,1
FTR-18062,PRP-4507,master_suite,yes
FTR-18063,PRP-4507,central_ac,Yes
FTR-18064,PRP-4507,smart_home,Yes
FTR-18065,PRP-4507,fireplace,YES
FTR-18066,PRP-4507,open_floor_plan,yes
FTR-18067,PRP-4507,vaulted_ceilings,yes
FTR-18068,PRP-4508,open_floor_plan,yes
FTR-18069,PRP-4508,fresh_paint,0
FTR-18070,PRP-4508,fireplace,1
FTR-18071,PRP-4509,central_ac,1
FTR-18072,PRP-4509,open_floor_plan,0
FTR-18073,PRP-4509,hardwood_floors,0
FTR-18074,PRP-4509,stainless_appliances,1
FTR-18075,PRP-4509,smart_home,0
FTR-18076,PRP-4510,solar_panels,yes
FTR-18077,PRP-4510,walk_in_closet,no
FTR-18078,PRP-4511,fireplace,1
FTR-18079,PRP-4511,master_suite,yes
FTR-18080,PRP-4511,central_ac,YES
FTR-18081,PRP-4512,vaulted_ceilings,yes
FTR-18082,PRP-4512,central_ac,Yes
FTR-18083,PRP-4513,hardwood_floors,no
FTR-18084,PRP-4513,fresh_paint,1
FTR-18085,PRP-4514,walk_in_closet,no
FTR-18086,PRP-4514,central_ac,yes
FTR-18087,PRP-4515,solar_panels,yes
FTR-18088,PRP-4515,new_roof,yes
FTR-18089,PRP-4515,walk_in_closet,1
FTR-18090,PRP-4516,solar_panels,yes
FTR-18091,PRP-4516,master_suite,no
FTR-18092,PRP-4516,central_ac,yes
FTR-18093,PRP-4517,central_ac,0
FTR-18094,PRP-4517,open_floor_plan,no
FTR-18095,PRP-4517,master_suite,0
FTR-18096,PRP-4517,stainless_appliances,yes
FTR-18097,PRP-4517,fresh_paint,0
FTR-18098,PRP-4517,smart_home,Yes
FTR-18099,PRP-4518,hardwood_floors,YES
FTR-18100,PRP-4518,stainless_appliances,no
FTR-18101,PRP-4518,updated_kitchen,yes
FTR-18102,PRP-4518,central_ac,yes
FTR-18103,PRP-4518,walk_in_closet,yes
FTR-18104,PRP-4519,vaulted_ceilings,yes
FTR-18105,PRP-4519,solar_panels,1
FTR-18106,PRP-4519,walk_in_closet,no
FTR-18107,PRP-4520,open_floor_plan,Yes
FTR-18108,PRP-4520,solar_panels,0
FTR-18109,PRP-4520,smart_home,Yes
FTR-18110,PRP-4520,granite_counters,0
FTR-18111,PRP-4520,fireplace,yes
FTR-18112,PRP-4521,master_suite,0
FTR-18113,PRP-4521,open_floor_plan,YES
FTR-18114,PRP-4521,vaulted_ceilings,Yes
FTR-18115,PRP-4521,updated_kitchen,1
FTR-18116,PRP-4521,fresh_paint,Yes
FTR-18117,PRP-4522,fresh_paint,YES
FTR-18118,PRP-4522,walk_in_closet,YES
FTR-18119,PRP-4523,solar_panels,no
FTR-18120,PRP-4523,master_suite,YES
FTR-18121,PRP-4523,open_floor_plan,YES
FTR-18122,PRP-4524,updated_kitchen,no
FTR-18123,PRP-4524,stainless_appliances,no
FTR-18124,PRP-4524,walk_in_closet,yes
FTR-18125,PRP-4525,central_ac,0
FTR-18126,PRP-4525,stainless_appliances,Yes
FTR-18127,PRP-4525,new_roof,1
FTR-18128,PRP-4526,master_suite,YES
FTR-18129,PRP-4526,granite_counters,1
FTR-18130,PRP-4526,vaulted_ceilings,no
FTR-18131,PRP-4526,fireplace,YES
FTR-18132,PRP-4526,smart_home,0
FTR-18133,PRP-4526,fresh_paint,Yes
FTR-18134,PRP-4527,fireplace,1
FTR-18135,PRP-4527,new_roof,1
FTR-18136,PRP-4527,stainless_appliances,0
FTR-18137,PRP-4528,updated_kitchen,yes
FTR-18138,PRP-4528,solar_panels,no
FTR-18139,PRP-4528,fresh_paint,no
FTR-18140,PRP-4528,stainless_appliances,0
FTR-18141,PRP-4529,stainless_appliances,1
FTR-18142,PRP-4529,master_suite,yes
FTR-18143,PRP-4529,updated_kitchen,YES
FTR-18144,PRP-4529,open_floor_plan,Yes
FTR-18145,PRP-4529,fresh_paint,no
FTR-18146,PRP-4529,walk_in_closet,no
FTR-18147,PRP-4530,smart_home,no
FTR-18148,PRP-4530,master_suite,1
FTR-18149,PRP-4530,vaulted_ceilings,1
FTR-18150,PRP-4530,stainless_appliances,YES
FTR-18151,PRP-4530,central_ac,YES
FTR-18152,PRP-4530,new_roof,no
FTR-18153,PRP-4531,vaulted_ceilings,yes
FTR-18154,PRP-4531,master_suite,Yes
FTR-18155,PRP-4531,fireplace,yes
FTR-18156,PRP-4531,hardwood_floors,Yes
FTR-18157,PRP-4532,solar_panels,YES
FTR-18158,PRP-4532,smart_home,Yes
FTR-18159,PRP-4532,open_floor_plan,YES
FTR-18160,PRP-4532,fresh_paint,yes
FTR-18161,PRP-4533,solar_panels,Yes
FTR-18162,PRP-4533,granite_counters,1
FTR-18163,PRP-4533,central_ac,yes
FTR-18164,PRP-4533,hardwood_floors,yes
FTR-18165,PRP-4533,updated_kitchen,0
FTR-18166,PRP-4533,fresh_paint,Yes
FTR-18167,PRP-4534,open_floor_plan,0
FTR-18168,PRP-4534,new_roof,YES
FTR-18169,PRP-4535,granite_counters,yes
FTR-18170,PRP-4535,open_floor_plan,yes
FTR-18171,PRP-4535,fireplace,YES
FTR-18172,PRP-4536,open_floor_plan,no
FTR-18173,PRP-4536,granite_counters,yes
FTR-18174,PRP-4536,fireplace,YES
FTR-18175,PRP-4536,updated_kitchen,no
FTR-18176,PRP-4537,stainless_appliances,YES
FTR-18177,PRP-4537,vaulted_ceilings,Yes
FTR-18178,PRP-4537,walk_in_closet,no
FTR-18179,PRP-4537,updated_kitchen,0
FTR-18180,PRP-4538,open_floor_plan,no
FTR-18181,PRP-4538,central_ac,YES
FTR-18182,PRP-4539,solar_panels,YES
FTR-18183,PRP-4539,walk_in_closet,1
FTR-18184,PRP-4539,fireplace,YES
FTR-18185,PRP-4540,master_suite,yes
FTR-18186,PRP-4540,fresh_paint,yes
FTR-18187,PRP-4540,solar_panels,yes
FTR-18188,PRP-4540,updated_kitchen,Yes
FTR-18189,PRP-4540,fireplace,1
FTR-18190,PRP-4540,new_roof,yes
FTR-18191,PRP-4541,fireplace,1
FTR-18192,PRP-4541,solar_panels,YES
FTR-18193,PRP-4541,new_roof,1
FTR-18194,PRP-4541,hardwood_floors,YES
FTR-18195,PRP-4541,walk_in_closet,no
FTR-18196,PRP-4541,vaulted_ceilings,0
FTR-18197,PRP-4542,granite_counters,no
FTR-18198,PRP-4542,central_ac,0
FTR-18199,PRP-4543,vaulted_ceilings,YES
FTR-18200,PRP-4543,granite_counters,Yes
FTR-18201,PRP-4543,walk_in_closet,no
FTR-18202,PRP-4543,central_ac,Yes
FTR-18203,PRP-4544,master_suite,yes
FTR-18204,PRP-4544,central_ac,0
FTR-18205,PRP-4544,fireplace,yes
FTR-18206,PRP-4544,vaulted_ceilings,0
FTR-18207,PRP-4545,fireplace,yes
FTR-18208,PRP-4545,updated_kitchen,1
FTR-18209,PRP-4546,new_roof,Yes
FTR-18210,PRP-4546,updated_kitchen,0
FTR-18211,PRP-4546,master_suite,yes
FTR-18212,PRP-4547,vaulted_ceilings,yes
FTR-18213,PRP-4547,master_suite,yes
FTR-18214,PRP-4547,updated_kitchen,Yes
FTR-18215,PRP-4548,fresh_paint,yes
FTR-18216,PRP-4548,hardwood_floors,1
FTR-18217,PRP-4549,solar_panels,0
FTR-18218,PRP-4549,hardwood_floors,0
FTR-18219,PRP-4550,smart_home,yes
FTR-18220,PRP-4550,granite_counters,no
FTR-18221,PRP-4550,hardwood_floors,no
FTR-18222,PRP-4550,central_ac,YES
FTR-18223,PRP-4551,walk_in_closet,YES
FTR-18224,PRP-4551,open_floor_plan,0
FTR-18225,PRP-4551,master_suite,Yes
FTR-18226,PRP-4551,fresh_paint,no
FTR-18227,PRP-4551,updated_kitchen,YES
FTR-18228,PRP-4551,solar_panels,yes
FTR-18229,PRP-4552,vaulted_ceilings,0
FTR-18230,PRP-4552,open_floor_plan,0
FTR-18231,PRP-4553,vaulted_ceilings,1
FTR-18232,PRP-4553,new_roof,1
FTR-18233,PRP-4553,granite_counters,yes
FTR-18234,PRP-4553,hardwood_floors,yes
FTR-18235,PRP-4553,updated_kitchen,0
FTR-18236,PRP-4553,solar_panels,no
FTR-18237,PRP-4554,smart_home,YES
FTR-18238,PRP-4554,central_ac,Yes
FTR-18239,PRP-4555,smart_home,yes
FTR-18240,PRP-4555,solar_panels,0
FTR-18241,PRP-4555,stainless_appliances,yes
FTR-18242,PRP-4555,updated_kitchen,1
FTR-18243,PRP-4555,hardwood_floors,no
FTR-18244,PRP-4555,new_roof,Yes
FTR-18245,PRP-4556,smart_home,Yes
FTR-18246,PRP-4556,fireplace,YES
FTR-18247,PRP-4556,master_suite,Yes
FTR-18248,PRP-4557,solar_panels,YES
FTR-18249,PRP-4557,walk_in_closet,YES
FTR-18250,PRP-4558,updated_kitchen,yes
FTR-18251,PRP-4558,smart_home,Yes
FTR-18252,PRP-4558,stainless_appliances,0
FTR-18253,PRP-4558,hardwood_floors,YES
FTR-18254,PRP-4558,master_suite,yes
FTR-18255,PRP-4558,vaulted_ceilings,Yes
FTR-18256,PRP-4559,stainless_appliances,1
FTR-18257,PRP-4559,walk_in_closet,1
FTR-18258,PRP-4559,central_ac,yes
FTR-18259,PRP-4560,hardwood_floors,0
FTR-18260,PRP-4560,stainless_appliances,yes
FTR-18261,PRP-4560,granite_counters,0
FTR-18262,PRP-4560,open_floor_plan,YES
FTR-18263,PRP-4561,hardwood_floors,YES
FTR-18264,PRP-4561,new_roof,1
FTR-18265,PRP-4561,granite_counters,YES
FTR-18266,PRP-4562,vaulted_ceilings,YES
FTR-18267,PRP-4562,walk_in_closet,Yes
FTR-18268,PRP-4562,updated_kitchen,YES
FTR-18269,PRP-4562,master_suite,yes
FTR-18270,PRP-4562,new_roof,1
FTR-18271,PRP-4563,updated_kitchen,no
FTR-18272,PRP-4563,fresh_paint,no
FTR-18273,PRP-4563,granite_counters,YES
FTR-18274,PRP-4563,central_ac,0
FTR-18275,PRP-4564,master_suite,Yes
FTR-18276,PRP-4564,fireplace,0
FTR-18277,PRP-4565,solar_panels,0
FTR-18278,PRP-4565,smart_home,yes
FTR-18279,PRP-4565,stainless_appliances,0
FTR-18280,PRP-4566,smart_home,0
FTR-18281,PRP-4566,stainless_appliances,no
FTR-18282,PRP-4566,solar_panels,YES
FTR-18283,PRP-4567,granite_counters,1
FTR-18284,PRP-4567,master_suite,YES
FTR-18285,PRP-4567,hardwood_floors,no
FTR-18286,PRP-4567,open_floor_plan,1
FTR-18287,PRP-4567,solar_panels,1
FTR-18288,PRP-4567,vaulted_ceilings,no
FTR-18289,PRP-4568,hardwood_floors,1
FTR-18290,PRP-4568,updated_kitchen,Yes
FTR-18291,PRP-4569,walk_in_closet,YES
FTR-18292,PRP-4569,smart_home,YES
FTR-18293,PRP-4569,central_ac,no
FTR-18294,PRP-4569,vaulted_ceilings,0
FTR-18295,PRP-4569,stainless_appliances,Yes
FTR-18296,PRP-4570,fireplace,no
FTR-18297,PRP-4570,central_ac,YES
FTR-18298,PRP-4570,new_roof,YES
FTR-18299,PRP-4570,solar_panels,YES
FTR-18300,PRP-4570,hardwood_floors,Yes
FTR-18301,PRP-4570,updated_kitchen,Yes
FTR-18302,PRP-4571,central_ac,YES
FTR-18303,PRP-4571,walk_in_closet,yes
FTR-18304,PRP-4571,fresh_paint,yes
FTR-18305,PRP-4571,stainless_appliances,0
FTR-18306,PRP-4572,hardwood_floors,1
FTR-18307,PRP-4572,updated_kitchen,yes
FTR-18308,PRP-4572,central_ac,0
FTR-18309,PRP-4573,open_floor_plan,1
FTR-18310,PRP-4573,fresh_paint,yes
FTR-18311,PRP-4573,master_suite,yes
FTR-18312,PRP-4573,updated_kitchen,Yes
FTR-18313,PRP-4574,smart_home,yes
FTR-18314,PRP-4574,open_floor_plan,yes
FTR-18315,PRP-4574,hardwood_floors,YES
FTR-18316,PRP-4574,solar_panels,yes
FTR-18317,PRP-4574,central_ac,0
FTR-18318,PRP-4574,master_suite,no
FTR-18319,PRP-4575,walk_in_closet,no
FTR-18320,PRP-4575,fireplace,yes
FTR-18321,PRP-4575,new_roof,YES
FTR-18322,PRP-4575,hardwood_floors,yes
FTR-18323,PRP-4576,central_ac,no
FTR-18324,PRP-4576,fireplace,no
FTR-18325,PRP-4576,hardwood_floors,yes
FTR-18326,PRP-4577,fresh_paint,yes
FTR-18327,PRP-4577,vaulted_ceilings,Yes
FTR-18328,PRP-4577,master_suite,YES
FTR-18329,PRP-4578,new_roof,no
FTR-18330,PRP-4578,fireplace,no
FTR-18331,PRP-4578,master_suite,no
FTR-18332,PRP-4578,vaulted_ceilings,0
FTR-18333,PRP-4579,master_suite,YES
FTR-18334,PRP-4579,smart_home,1
FTR-18335,PRP-4579,open_floor_plan,no
FTR-18336,PRP-4579,walk_in_closet,yes
FTR-18337,PRP-4579,new_roof,yes
FTR-18338,PRP-4579,updated_kitchen,0
FTR-18339,PRP-4580,fresh_paint,0
FTR-18340,PRP-4580,granite_counters,Yes
FTR-18341,PRP-4580,vaulted_ceilings,0
FTR-18342,PRP-4581,granite_counters,Yes
FTR-18343,PRP-4581,fresh_paint,YES
FTR-18344,PRP-4581,solar_panels,0
FTR-18345,PRP-4581,fireplace,no
FTR-18346,PRP-4582,fresh_paint,Yes
FTR-18347,PRP-4582,open_floor_plan,0
FTR-18348,PRP-4582,stainless_appliances,YES
FTR-18349,PRP-4582,hardwood_floors,no
FTR-18350,PRP-4583,updated_kitchen,Yes
FTR-18351,PRP-4583,hardwood_floors,no
FTR-18352,PRP-4583,fireplace,no
FTR-18353,PRP-4584,central_ac,Yes
FTR-18354,PRP-4584,walk_in_closet,1
FTR-18355,PRP-4585,updated_kitchen,0
FTR-18356,PRP-4585,central_ac,YES
FTR-18357,PRP-4585,walk_in_closet,1
FTR-18358,PRP-4585,new_roof,no
FTR-18359,PRP-4586,solar_panels,Yes
FTR-18360,PRP-4586,vaulted_ceilings,0
FTR-18361,PRP-4586,fireplace,Yes
FTR-18362,PRP-4586,stainless_appliances,0
FTR-18363,PRP-4586,updated_kitchen,YES
FTR-18364,PRP-4586,master_suite,Yes
FTR-18365,PRP-4587,master_suite,YES
FTR-18366,PRP-4587,granite_counters,0
FTR-18367,PRP-4587,solar_panels,0
FTR-18368,PRP-4587,central_ac,yes
FTR-18369,PRP-4587,smart_home,no
FTR-18370,PRP-4587,walk_in_closet,1
FTR-18371,PRP-4588,fresh_paint,yes
FTR-18372,PRP-4588,hardwood_floors,YES
FTR-18373,PRP-4589,vaulted_ceilings,1
FTR-18374,PRP-4589,master_suite,yes
FTR-18375,PRP-4589,solar_panels,0
FTR-18376,PRP-4589,hardwood_floors,0
FTR-18377,PRP-4589,stainless_appliances,1
FTR-18378,PRP-4590,open_floor_plan,yes
FTR-18379,PRP-4590,walk_in_closet,yes
FTR-18380,PRP-4590,vaulted_ceilings,1
FTR-18381,PRP-4591,stainless_appliances,Yes
FTR-18382,PRP-4591,vaulted_ceilings,no
FTR-18383,PRP-4591,central_ac,no
FTR-18384,PRP-4592,vaulted_ceilings,yes
FTR-18385,PRP-4592,fresh_paint,0
FTR-18386,PRP-4592,master_suite,0
FTR-18387,PRP-4593,fireplace,YES
FTR-18388,PRP-4593,updated_kitchen,Yes
FTR-18389,PRP-4593,granite_counters,Yes
FTR-18390,PRP-4593,master_suite,no
FTR-18391,PRP-4594,central_ac,YES
FTR-18392,PRP-4594,granite_counters,YES
FTR-18393,PRP-4594,new_roof,yes
FTR-18394,PRP-4594,open_floor_plan,no
FTR-18395,PRP-4594,fresh_paint,yes
FTR-18396,PRP-4595,hardwood_floors,1
FTR-18397,PRP-4595,fireplace,1
FTR-18398,PRP-4595,vaulted_ceilings,1
FTR-18399,PRP-4595,smart_home,1
FTR-18400,PRP-4595,fresh_paint,YES
FTR-18401,PRP-4596,stainless_appliances,Yes
FTR-18402,PRP-4596,smart_home,yes
FTR-18403,PRP-4596,walk_in_closet,1
FTR-18404,PRP-4596,solar_panels,Yes
FTR-18405,PRP-4597,solar_panels,yes
FTR-18406,PRP-4597,fresh_paint,YES
FTR-18407,PRP-4597,central_ac,Yes
FTR-18408,PRP-4597,vaulted_ceilings,YES
FTR-18409,PRP-4598,hardwood_floors,yes
FTR-18410,PRP-4598,fireplace,no
FTR-18411,PRP-4599,stainless_appliances,YES
FTR-18412,PRP-4599,master_suite,1
FTR-18413,PRP-4599,new_roof,Yes
FTR-18414,PRP-4599,granite_counters,Yes
FTR-18415,PRP-4600,master_suite,1
FTR-18416,PRP-4600,updated_kitchen,Yes
FTR-18417,PRP-4601,granite_counters,YES
FTR-18418,PRP-4601,master_suite,0
FTR-18419,PRP-4601,stainless_appliances,no
FTR-18420,PRP-4601,smart_home,no
FTR-18421,PRP-4601,vaulted_ceilings,Yes
FTR-18422,PRP-4601,fireplace,Yes
FTR-18423,PRP-4602,stainless_appliances,yes
FTR-18424,PRP-4602,solar_panels,1
FTR-18425,PRP-4602,fresh_paint,Yes
FTR-18426,PRP-4602,walk_in_closet,1
FTR-18427,PRP-4603,fireplace,1
FTR-18428,PRP-4603,granite_counters,Yes
FTR-18429,PRP-4603,vaulted_ceilings,YES
FTR-18430,PRP-4603,smart_home,YES
FTR-18431,PRP-4603,hardwood_floors,yes
FTR-18432,PRP-4604,solar_panels,0
FTR-18433,PRP-4604,master_suite,YES
FTR-18434,PRP-4604,open_floor_plan,0
FTR-18435,PRP-4605,hardwood_floors,yes
FTR-18436,PRP-4605,fireplace,Yes
FTR-18437,PRP-4606,fireplace,YES
FTR-18438,PRP-4606,stainless_appliances,1
FTR-18439,PRP-4606,hardwood_floors,1
FTR-18440,PRP-4607,granite_counters,YES
FTR-18441,PRP-4607,stainless_appliances,1
FTR-18442,PRP-4607,new_roof,Yes
FTR-18443,PRP-4607,master_suite,YES
FTR-18444,PRP-4608,open_floor_plan,0
FTR-18445,PRP-4608,central_ac,Yes
FTR-18446,PRP-4608,hardwood_floors,0
FTR-18447,PRP-4609,granite_counters,no
FTR-18448,PRP-4609,central_ac,YES
FTR-18449,PRP-4609,updated_kitchen,0
FTR-18450,PRP-4609,vaulted_ceilings,yes
FTR-18451,PRP-4609,fresh_paint,0
FTR-18452,PRP-4609,stainless_appliances,1
FTR-18453,PRP-4610,granite_counters,1
FTR-18454,PRP-4610,open_floor_plan,yes
FTR-18455,PRP-4610,vaulted_ceilings,yes
FTR-18456,PRP-4611,open_floor_plan,YES
FTR-18457,PRP-4611,hardwood_floors,Yes
FTR-18458,PRP-4611,solar_panels,yes
FTR-18459,PRP-4612,central_ac,0
FTR-18460,PRP-4612,solar_panels,1
FTR-18461,PRP-4612,open_floor_plan,yes
FTR-18462,PRP-4612,fireplace,no
FTR-18463,PRP-4612,updated_kitchen,yes
FTR-18464,PRP-4613,solar_panels,1
FTR-18465,PRP-4613,stainless_appliances,0
FTR-18466,PRP-4613,hardwood_floors,0
FTR-18467,PRP-4613,granite_counters,YES
FTR-18468,PRP-4613,fireplace,YES
FTR-18469,PRP-4613,updated_kitchen,1
FTR-18470,PRP-4614,stainless_appliances,no
FTR-18471,PRP-4614,hardwood_floors,Yes
FTR-18472,PRP-4615,updated_kitchen,0
FTR-18473,PRP-4615,fresh_paint,yes
FTR-18474,PRP-4615,new_roof,Yes
FTR-18475,PRP-4615,central_ac,no
FTR-18476,PRP-4615,smart_home,1
FTR-18477,PRP-4616,solar_panels,yes
FTR-18478,PRP-4616,fresh_paint,YES
FTR-18479,PRP-4616,central_ac,0
FTR-18480,PRP-4616,open_floor_plan,1
FTR-18481,PRP-4616,hardwood_floors,0
FTR-18482,PRP-4617,granite_counters,0
FTR-18483,PRP-4617,fresh_paint,Yes
FTR-18484,PRP-4617,open_floor_plan,YES
FTR-18485,PRP-4618,hardwood_floors,YES
FTR-18486,PRP-4618,central_ac,Yes
FTR-18487,PRP-4618,granite_counters,0
FTR-18488,PRP-4619,fireplace,1
FTR-18489,PRP-4619,updated_kitchen,0
FTR-18490,PRP-4619,fresh_paint,1
FTR-18491,PRP-4619,central_ac,no
FTR-18492,PRP-4620,fireplace,0
FTR-18493,PRP-4620,master_suite,0
FTR-18494,PRP-4620,vaulted_ceilings,0
FTR-18495,PRP-4620,updated_kitchen,0
FTR-18496,PRP-4620,walk_in_closet,YES
FTR-18497,PRP-4620,open_floor_plan,1
FTR-18498,PRP-4621,smart_home,no
FTR-18499,PRP-4621,updated_kitchen,1
FTR-18500,PRP-4622,new_roof,1
FTR-18501,PRP-4622,granite_counters,yes
FTR-18502,PRP-4622,fresh_paint,yes
FTR-18503,PRP-4623,new_roof,YES
FTR-18504,PRP-4623,updated_kitchen,Yes
FTR-18505,PRP-4623,fireplace,Yes
FTR-18506,PRP-4623,smart_home,Yes
FTR-18507,PRP-4624,hardwood_floors,YES
FTR-18508,PRP-4624,new_roof,YES
FTR-18509,PRP-4625,granite_counters,0
FTR-18510,PRP-4625,open_floor_plan,0
FTR-18511,PRP-4626,fireplace,0
FTR-18512,PRP-4626,smart_home,Yes
FTR-18513,PRP-4626,vaulted_ceilings,no
FTR-18514,PRP-4626,fresh_paint,Yes
FTR-18515,PRP-4626,master_suite,YES
FTR-18516,PRP-4626,solar_panels,YES
FTR-18517,PRP-4627,updated_kitchen,yes
FTR-18518,PRP-4627,smart_home,1
FTR-18519,PRP-4627,granite_counters,YES
FTR-18520,PRP-4628,open_floor_plan,0
FTR-18521,PRP-4628,new_roof,Yes
FTR-18522,PRP-4628,smart_home,0
FTR-18523,PRP-4628,fresh_paint,1
FTR-18524,PRP-4628,master_suite,1
FTR-18525,PRP-4629,new_roof,no
FTR-18526,PRP-4629,fireplace,1
FTR-18527,PRP-4629,stainless_appliances,no
FTR-18528,PRP-4629,vaulted_ceilings,yes
FTR-18529,PRP-4629,walk_in_closet,yes
FTR-18530,PRP-4630,updated_kitchen,YES
FTR-18531,PRP-4630,fireplace,no
FTR-18532,PRP-4630,stainless_appliances,yes
FTR-18533,PRP-4630,central_ac,YES
FTR-18534,PRP-4630,fresh_paint,1
FTR-18535,PRP-4630,hardwood_floors,0
FTR-18536,PRP-4631,central_ac,Yes
FTR-18537,PRP-4631,master_suite,1
FTR-18538,PRP-4631,stainless_appliances,0
FTR-18539,PRP-4631,walk_in_closet,yes
FTR-18540,PRP-4632,open_floor_plan,no
FTR-18541,PRP-4632,master_suite,yes
FTR-18542,PRP-4632,solar_panels,no
FTR-18543,PRP-4633,updated_kitchen,no
FTR-18544,PRP-4633,vaulted_ceilings,YES
FTR-18545,PRP-4633,walk_in_closet,1
FTR-18546,PRP-4634,open_floor_plan,Yes
FTR-18547,PRP-4634,solar_panels,0
FTR-18548,PRP-4634,new_roof,no
FTR-18549,PRP-4635,open_floor_plan,0
FTR-18550,PRP-4635,fresh_paint,0
FTR-18551,PRP-4635,stainless_appliances,Yes
FTR-18552,PRP-4635,master_suite,Yes
FTR-18553,PRP-4636,granite_counters,Yes
FTR-18554,PRP-4636,stainless_appliances,1
FTR-18555,PRP-4636,central_ac,0
FTR-18556,PRP-4636,new_roof,YES
FTR-18557,PRP-4637,fresh_paint,1
FTR-18558,PRP-4637,open_floor_plan,yes
FTR-18559,PRP-4638,vaulted_ceilings,YES
FTR-18560,PRP-4638,new_roof,Yes
FTR-18561,PRP-4638,granite_counters,yes
FTR-18562,PRP-4638,updated_kitchen,yes
FTR-18563,PRP-4638,fireplace,no
FTR-18564,PRP-4639,new_roof,yes
FTR-18565,PRP-4639,vaulted_ceilings,Yes
FTR-18566,PRP-4639,hardwood_floors,Yes
FTR-18567,PRP-4639,fresh_paint,1
FTR-18568,PRP-4639,updated_kitchen,0
FTR-18569,PRP-4640,granite_counters,1
FTR-18570,PRP-4640,master_suite,yes
FTR-18571,PRP-4640,walk_in_closet,1
FTR-18572,PRP-4640,open_floor_plan,1
FTR-18573,PRP-4641,open_floor_plan,yes
FTR-18574,PRP-4641,central_ac,YES
FTR-18575,PRP-4641,master_suite,YES
FTR-18576,PRP-4641,walk_in_closet,1
FTR-18577,PRP-4642,vaulted_ceilings,1
FTR-18578,PRP-4642,master_suite,YES
FTR-18579,PRP-4642,solar_panels,yes
FTR-18580,PRP-4642,walk_in_closet,YES
FTR-18581,PRP-4642,central_ac,Yes
FTR-18582,PRP-4642,hardwood_floors,YES
FTR-18583,PRP-4643,open_floor_plan,1
FTR-18584,PRP-4643,stainless_appliances,Yes
FTR-18585,PRP-4643,central_ac,Yes
FTR-18586,PRP-4643,hardwood_floors,1
FTR-18587,PRP-4643,updated_kitchen,yes
FTR-18588,PRP-4643,new_roof,1
FTR-18589,PRP-4644,fireplace,yes
FTR-18590,PRP-4644,hardwood_floors,1
FTR-18591,PRP-4644,solar_panels,no
FTR-18592,PRP-4644,new_roof,0
FTR-18593,PRP-4644,walk_in_closet,YES
FTR-18594,PRP-4645,fresh_paint,0
FTR-18595,PRP-4645,fireplace,0
FTR-18596,PRP-4645,open_floor_plan,no
FTR-18597,PRP-4646,master_suite,1
FTR-18598,PRP-4646,fireplace,0
FTR-18599,PRP-4646,solar_panels,0
FTR-18600,PRP-4647,fresh_paint,Yes
FTR-18601,PRP-4647,smart_home,Yes
FTR-18602,PRP-4647,updated_kitchen,0
FTR-18603,PRP-4648,stainless_appliances,Yes
FTR-18604,PRP-4648,updated_kitchen,Yes
FTR-18605,PRP-4648,walk_in_closet,YES
FTR-18606,PRP-4648,fireplace,Yes
FTR-18607,PRP-4649,fresh_paint,1
FTR-18608,PRP-4649,vaulted_ceilings,1
FTR-18609,PRP-4649,open_floor_plan,Yes
FTR-18610,PRP-4649,central_ac,no
FTR-18611,PRP-4649,solar_panels,0
FTR-18612,PRP-4649,master_suite,YES
FTR-18613,PRP-4650,central_ac,YES
FTR-18614,PRP-4650,updated_kitchen,YES
FTR-18615,PRP-4650,solar_panels,YES
FTR-18616,PRP-4650,stainless_appliances,1
FTR-18617,PRP-4650,fireplace,1
FTR-18618,PRP-4650,fresh_paint,no
FTR-18619,PRP-4651,master_suite,Yes
FTR-18620,PRP-4651,stainless_appliances,YES
FTR-18621,PRP-4651,smart_home,YES
FTR-18622,PRP-4651,open_floor_plan,no
FTR-18623,PRP-4652,granite_counters,YES
FTR-18624,PRP-4652,hardwood_floors,Yes
FTR-18625,PRP-4652,smart_home,Yes
FTR-18626,PRP-4652,master_suite,no
FTR-18627,PRP-4653,central_ac,Yes
FTR-18628,PRP-4653,updated_kitchen,yes
FTR-18629,PRP-4653,new_roof,0
FTR-18630,PRP-4653,hardwood_floors,YES
FTR-18631,PRP-4654,smart_home,0
FTR-18632,PRP-4654,central_ac,Yes
FTR-18633,PRP-4654,open_floor_plan,YES
FTR-18634,PRP-4654,updated_kitchen,YES
FTR-18635,PRP-4655,granite_counters,1
FTR-18636,PRP-4655,central_ac,YES
FTR-18637,PRP-4655,solar_panels,Yes
FTR-18638,PRP-4655,hardwood_floors,Yes
FTR-18639,PRP-4655,updated_kitchen,YES
FTR-18640,PRP-4655,open_floor_plan,no
FTR-18641,PRP-4656,fresh_paint,0
FTR-18642,PRP-4656,hardwood_floors,yes
FTR-18643,PRP-4656,master_suite,yes
FTR-18644,PRP-4656,granite_counters,0
FTR-18645,PRP-4656,fireplace,yes
FTR-18646,PRP-4656,vaulted_ceilings,0
FTR-18647,PRP-4657,solar_panels,0
FTR-18648,PRP-4657,master_suite,1
FTR-18649,PRP-4657,open_floor_plan,1
FTR-18650,PRP-4657,fresh_paint,no
FTR-18651,PRP-4658,solar_panels,0
FTR-18652,PRP-4658,smart_home,YES
FTR-18653,PRP-4659,updated_kitchen,0
FTR-18654,PRP-4659,hardwood_floors,Yes
FTR-18655,PRP-4659,fresh_paint,YES
FTR-18656,PRP-4659,stainless_appliances,0
FTR-18657,PRP-4659,granite_counters,Yes
FTR-18658,PRP-4659,smart_home,YES
FTR-18659,PRP-4660,fresh_paint,YES
FTR-18660,PRP-4660,central_ac,1
FTR-18661,PRP-4660,master_suite,YES
FTR-18662,PRP-4660,open_floor_plan,yes
FTR-18663,PRP-4660,granite_counters,YES
FTR-18664,PRP-4661,walk_in_closet,yes
FTR-18665,PRP-4661,open_floor_plan,yes
FTR-18666,PRP-4662,solar_panels,1
FTR-18667,PRP-4662,hardwood_floors,YES
FTR-18668,PRP-4662,stainless_appliances,no
FTR-18669,PRP-4662,updated_kitchen,YES
FTR-18670,PRP-4662,fresh_paint,YES
FTR-18671,PRP-4662,walk_in_closet,1
FTR-18672,PRP-4663,new_roof,YES
FTR-18673,PRP-4663,open_floor_plan,YES
FTR-18674,PRP-4663,walk_in_closet,yes
FTR-18675,PRP-4663,fresh_paint,yes
FTR-18676,PRP-4663,vaulted_ceilings,0
FTR-18677,PRP-4664,stainless_appliances,0
FTR-18678,PRP-4664,central_ac,yes
FTR-18679,PRP-4664,updated_kitchen,Yes
FTR-18680,PRP-4664,vaulted_ceilings,no
FTR-18681,PRP-4664,master_suite,0
FTR-18682,PRP-4664,solar_panels,Yes
FTR-18683,PRP-4665,vaulted_ceilings,no
FTR-18684,PRP-4665,fireplace,0
FTR-18685,PRP-4666,new_roof,YES
FTR-18686,PRP-4666,updated_kitchen,0
FTR-18687,PRP-4666,master_suite,YES
FTR-18688,PRP-4666,walk_in_closet,Yes
FTR-18689,PRP-4667,updated_kitchen,0
FTR-18690,PRP-4667,solar_panels,0
FTR-18691,PRP-4667,new_roof,yes
FTR-18692,PRP-4667,granite_counters,no
FTR-18693,PRP-4667,open_floor_plan,0
FTR-18694,PRP-4668,stainless_appliances,Yes
FTR-18695,PRP-4668,walk_in_closet,Yes
FTR-18696,PRP-4669,master_suite,no
FTR-18697,PRP-4669,new_roof,0
FTR-18698,PRP-4669,fireplace,no
FTR-18699,PRP-4669,walk_in_closet,0
FTR-18700,PRP-4669,hardwood_floors,Yes
FTR-18701,PRP-4670,granite_counters,no
FTR-18702,PRP-4670,solar_panels,Yes
FTR-18703,PRP-4670,stainless_appliances,Yes
FTR-18704,PRP-4670,hardwood_floors,yes
FTR-18705,PRP-4670,updated_kitchen,yes
FTR-18706,PRP-4670,central_ac,0
FTR-18707,PRP-4671,master_suite,YES
FTR-18708,PRP-4671,updated_kitchen,0
FTR-18709,PRP-4671,walk_in_closet,1
FTR-18710,PRP-4671,stainless_appliances,no
FTR-18711,PRP-4672,vaulted_ceilings,no
FTR-18712,PRP-4672,fresh_paint,no
FTR-18713,PRP-4672,smart_home,Yes
FTR-18714,PRP-4672,fireplace,Yes
FTR-18715,PRP-4672,walk_in_closet,0
FTR-18716,PRP-4672,hardwood_floors,YES
FTR-18717,PRP-4673,fresh_paint,yes
FTR-18718,PRP-4673,granite_counters,1
FTR-18719,PRP-4673,fireplace,0
FTR-18720,PRP-4673,updated_kitchen,yes
FTR-18721,PRP-4674,updated_kitchen,no
FTR-18722,PRP-4674,solar_panels,no
FTR-18723,PRP-4674,central_ac,no
FTR-18724,PRP-4674,open_floor_plan,Yes
FTR-18725,PRP-4674,master_suite,1
FTR-18726,PRP-4674,vaulted_ceilings,Yes
FTR-18727,PRP-4675,stainless_appliances,1
FTR-18728,PRP-4675,granite_counters,yes
FTR-18729,PRP-4675,hardwood_floors,0
FTR-18730,PRP-4676,stainless_appliances,0
FTR-18731,PRP-4676,new_roof,yes
FTR-18732,PRP-4676,smart_home,no
FTR-18733,PRP-4676,updated_kitchen,Yes
FTR-18734,PRP-4676,solar_panels,yes
FTR-18735,PRP-4676,central_ac,1
FTR-18736,PRP-4677,stainless_appliances,YES
FTR-18737,PRP-4677,new_roof,0
FTR-18738,PRP-4677,granite_counters,no
FTR-18739,PRP-4677,updated_kitchen,yes
FTR-18740,PRP-4677,hardwood_floors,Yes
FTR-18741,PRP-4678,vaulted_ceilings,Yes
FTR-18742,PRP-4678,hardwood_floors,yes
FTR-18743,PRP-4678,walk_in_closet,yes
FTR-18744,PRP-4679,vaulted_ceilings,1
FTR-18745,PRP-4679,open_floor_plan,Yes
FTR-18746,PRP-4679,smart_home,1
FTR-18747,PRP-4679,stainless_appliances,YES
FTR-18748,PRP-4680,hardwood_floors,1
FTR-18749,PRP-4680,vaulted_ceilings,yes
FTR-18750,PRP-4680,fireplace,Yes
FTR-18751,PRP-4680,solar_panels,YES
FTR-18752,PRP-4680,stainless_appliances,1
FTR-18753,PRP-4680,smart_home,1
FTR-18754,PRP-4681,updated_kitchen,1
FTR-18755,PRP-4681,smart_home,1
FTR-18756,PRP-4681,open_floor_plan,yes
FTR-18757,PRP-4681,fireplace,1
FTR-18758,PRP-4682,solar_panels,Yes
FTR-18759,PRP-4682,open_floor_plan,0
FTR-18760,PRP-4683,fireplace,yes
FTR-18761,PRP-4683,stainless_appliances,no
FTR-18762,PRP-4683,fresh_paint,Yes
FTR-18763,PRP-4683,granite_counters,YES
FTR-18764,PRP-4684,stainless_appliances,0
FTR-18765,PRP-4684,granite_counters,Yes
FTR-18766,PRP-4685,stainless_appliances,1
FTR-18767,PRP-4685,hardwood_floors,0
FTR-18768,PRP-4685,new_roof,Yes
FTR-18769,PRP-4685,smart_home,Yes
FTR-18770,PRP-4686,hardwood_floors,no
FTR-18771,PRP-4686,master_suite,yes
FTR-18772,PRP-4686,fresh_paint,Yes
FTR-18773,PRP-4686,granite_counters,YES
FTR-18774,PRP-4687,smart_home,0
FTR-18775,PRP-4687,granite_counters,0
FTR-18776,PRP-4688,open_floor_plan,no
FTR-18777,PRP-4688,granite_counters,Yes
FTR-18778,PRP-4688,solar_panels,0
FTR-18779,PRP-4689,granite_counters,Yes
FTR-18780,PRP-4689,vaulted_ceilings,1
FTR-18781,PRP-4689,hardwood_floors,1
FTR-18782,PRP-4689,updated_kitchen,1
FTR-18783,PRP-4690,open_floor_plan,0
FTR-18784,PRP-4690,granite_counters,no
FTR-18785,PRP-4690,smart_home,yes
FTR-18786,PRP-4690,vaulted_ceilings,0
FTR-18787,PRP-4691,stainless_appliances,1
FTR-18788,PRP-4691,granite_counters,1
FTR-18789,PRP-4691,fireplace,1
FTR-18790,PRP-4691,hardwood_floors,0
FTR-18791,PRP-4691,solar_panels,1
FTR-18792,PRP-4691,central_ac,YES
FTR-18793,PRP-4692,hardwood_floors,no
FTR-18794,PRP-4692,updated_kitchen,YES
FTR-18795,PRP-4692,fresh_paint,1
FTR-18796,PRP-4692,stainless_appliances,1
FTR-18797,PRP-4692,master_suite,1
FTR-18798,PRP-4692,walk_in_closet,1
FTR-18799,PRP-4693,fresh_paint,1
FTR-18800,PRP-4693,granite_counters,Yes
FTR-18801,PRP-4693,walk_in_closet,0
FTR-18802,PRP-4694,updated_kitchen,no
FTR-18803,PRP-4694,central_ac,no
FTR-18804,PRP-4694,open_floor_plan,1
FTR-18805,PRP-4695,master_suite,Yes
FTR-18806,PRP-4695,granite_counters,no
FTR-18807,PRP-4695,updated_kitchen,yes
FTR-18808,PRP-4695,walk_in_closet,Yes
FTR-18809,PRP-4695,fireplace,no
FTR-18810,PRP-4696,new_roof,YES
FTR-18811,PRP-4696,open_floor_plan,no
FTR-18812,PRP-4696,vaulted_ceilings,yes
FTR-18813,PRP-4696,stainless_appliances,Yes
FTR-18814,PRP-4697,solar_panels,Yes
FTR-18815,PRP-4697,fresh_paint,Yes
FTR-18816,PRP-4697,fireplace,no
FTR-18817,PRP-4697,new_roof,no
FTR-18818,PRP-4697,granite_counters,0
FTR-18819,PRP-4697,hardwood_floors,YES
FTR-18820,PRP-4698,fireplace,yes
FTR-18821,PRP-4698,central_ac,1
FTR-18822,PRP-4698,open_floor_plan,Yes
FTR-18823,PRP-4698,solar_panels,YES
FTR-18824,PRP-4699,master_suite,YES
FTR-18825,PRP-4699,central_ac,YES
FTR-18826,PRP-4699,updated_kitchen,no
FTR-18827,PRP-4699,fresh_paint,Yes
FTR-18828,PRP-4700,open_floor_plan,Yes
FTR-18829,PRP-4700,stainless_appliances,Yes
FTR-18830,PRP-4700,hardwood_floors,1
FTR-18831,PRP-4700,smart_home,Yes
FTR-18832,PRP-4700,new_roof,yes
FTR-18833,PRP-4701,new_roof,YES
FTR-18834,PRP-4701,master_suite,0
FTR-18835,PRP-4701,smart_home,0
FTR-18836,PRP-4701,vaulted_ceilings,yes
FTR-18837,PRP-4701,stainless_appliances,YES
FTR-18838,PRP-4701,fresh_paint,0
FTR-18839,PRP-4702,open_floor_plan,yes
FTR-18840,PRP-4702,vaulted_ceilings,yes
FTR-18841,PRP-4703,central_ac,0
FTR-18842,PRP-4703,fireplace,no
FTR-18843,PRP-4703,smart_home,no
FTR-18844,PRP-4704,vaulted_ceilings,Yes
FTR-18845,PRP-4704,hardwood_floors,Yes
FTR-18846,PRP-4704,updated_kitchen,yes
FTR-18847,PRP-4704,master_suite,yes
FTR-18848,PRP-4704,smart_home,1
FTR-18849,PRP-4704,open_floor_plan,0
FTR-18850,PRP-4705,stainless_appliances,no
FTR-18851,PRP-4705,solar_panels,1
FTR-18852,PRP-4705,updated_kitchen,yes
FTR-18853,PRP-4705,vaulted_ceilings,0
FTR-18854,PRP-4705,fireplace,1
FTR-18855,PRP-4705,fresh_paint,Yes
FTR-18856,PRP-4706,walk_in_closet,yes
FTR-18857,PRP-4706,vaulted_ceilings,YES
FTR-18858,PRP-4706,open_floor_plan,YES
FTR-18859,PRP-4706,granite_counters,0
FTR-18860,PRP-4706,smart_home,no
FTR-18861,PRP-4706,central_ac,1
FTR-18862,PRP-4707,walk_in_closet,YES
FTR-18863,PRP-4707,granite_counters,no
FTR-18864,PRP-4707,central_ac,0
FTR-18865,PRP-4707,fireplace,no
FTR-18866,PRP-4708,master_suite,1
FTR-18867,PRP-4708,fresh_paint,Yes
FTR-18868,PRP-4708,central_ac,Yes
FTR-18869,PRP-4708,open_floor_plan,0
FTR-18870,PRP-4708,stainless_appliances,no
FTR-18871,PRP-4708,fireplace,no
FTR-18872,PRP-4709,master_suite,1
FTR-18873,PRP-4709,walk_in_closet,YES
FTR-18874,PRP-4709,central_ac,1
FTR-18875,PRP-4709,stainless_appliances,0
FTR-18876,PRP-4709,smart_home,yes
FTR-18877,PRP-4709,updated_kitchen,1
FTR-18878,PRP-4710,walk_in_closet,yes
FTR-18879,PRP-4710,master_suite,1
FTR-18880,PRP-4710,smart_home,YES
FTR-18881,PRP-4711,smart_home,1
FTR-18882,PRP-4711,new_roof,Yes
FTR-18883,PRP-4711,updated_kitchen,Yes
FTR-18884,PRP-4711,open_floor_plan,YES
FTR-18885,PRP-4711,fresh_paint,yes
FTR-18886,PRP-4711,fireplace,Yes
FTR-18887,PRP-4712,hardwood_floors,no
FTR-18888,PRP-4712,open_floor_plan,no
FTR-18889,PRP-4712,walk_in_closet,Yes
FTR-18890,PRP-4713,solar_panels,YES
FTR-18891,PRP-4713,open_floor_plan,1
FTR-18892,PRP-4714,smart_home,1
FTR-18893,PRP-4714,updated_kitchen,no
FTR-18894,PRP-4714,new_roof,1
FTR-18895,PRP-4715,fresh_paint,Yes
FTR-18896,PRP-4715,updated_kitchen,yes
FTR-18897,PRP-4715,walk_in_closet,0
FTR-18898,PRP-4715,hardwood_floors,yes
FTR-18899,PRP-4715,vaulted_ceilings,no
FTR-18900,PRP-4715,smart_home,0
FTR-18901,PRP-4716,updated_kitchen,no
FTR-18902,PRP-4716,hardwood_floors,YES
FTR-18903,PRP-4716,new_roof,no
FTR-18904,PRP-4717,master_suite,0
FTR-18905,PRP-4717,smart_home,YES
FTR-18906,PRP-4717,fireplace,yes
FTR-18907,PRP-4717,solar_panels,no
FTR-18908,PRP-4717,walk_in_closet,0
FTR-18909,PRP-4717,open_floor_plan,YES
FTR-18910,PRP-4718,updated_kitchen,0
FTR-18911,PRP-4718,hardwood_floors,Yes
FTR-18912,PRP-4718,fresh_paint,yes
FTR-18913,PRP-4718,granite_counters,no
FTR-18914,PRP-4719,master_suite,Yes
FTR-18915,PRP-4719,updated_kitchen,no
FTR-18916,PRP-4719,granite_counters,1
FTR-18917,PRP-4720,fireplace,1
FTR-18918,PRP-4720,granite_counters,1
FTR-18919,PRP-4720,smart_home,YES
FTR-18920,PRP-4720,walk_in_closet,no
FTR-18921,PRP-4721,walk_in_closet,no
FTR-18922,PRP-4721,stainless_appliances,0
FTR-18923,PRP-4721,fireplace,0
FTR-18924,PRP-4721,open_floor_plan,yes
FTR-18925,PRP-4722,fireplace,no
FTR-18926,PRP-4722,fresh_paint,yes
FTR-18927,PRP-4723,vaulted_ceilings,Yes
FTR-18928,PRP-4723,granite_counters,1
FTR-18929,PRP-4723,master_suite,YES
FTR-18930,PRP-4723,new_roof,YES
FTR-18931,PRP-4723,walk_in_closet,no
FTR-18932,PRP-4724,vaulted_ceilings,YES
FTR-18933,PRP-4724,master_suite,1
FTR-18934,PRP-4724,new_roof,0
FTR-18935,PRP-4724,open_floor_plan,YES
FTR-18936,PRP-4724,central_ac,Yes
FTR-18937,PRP-4725,vaulted_ceilings,0
FTR-18938,PRP-4725,walk_in_closet,YES
FTR-18939,PRP-4725,fireplace,1
FTR-18940,PRP-4725,central_ac,YES
FTR-18941,PRP-4725,stainless_appliances,1
FTR-18942,PRP-4726,hardwood_floors,Yes
FTR-18943,PRP-4726,vaulted_ceilings,1
FTR-18944,PRP-4726,master_suite,0
FTR-18945,PRP-4726,updated_kitchen,0
FTR-18946,PRP-4726,new_roof,YES
FTR-18947,PRP-4726,central_ac,no
FTR-18948,PRP-4727,solar_panels,0
FTR-18949,PRP-4727,granite_counters,0
FTR-18950,PRP-4727,master_suite,1
FTR-18951,PRP-4727,hardwood_floors,0
FTR-18952,PRP-4727,updated_kitchen,yes
FTR-18953,PRP-4728,granite_counters,0
FTR-18954,PRP-4728,fresh_paint,0
FTR-18955,PRP-4728,smart_home,YES
FTR-18956,PRP-4729,solar_panels,Yes
FTR-18957,PRP-4729,master_suite,0
FTR-18958,PRP-4729,open_floor_plan,YES
FTR-18959,PRP-4729,fresh_paint,1
FTR-18960,PRP-4729,fireplace,yes
FTR-18961,PRP-4730,central_ac,Yes
FTR-18962,PRP-4730,stainless_appliances,0
FTR-18963,PRP-4730,vaulted_ceilings,YES
FTR-18964,PRP-4731,vaulted_ceilings,Yes
FTR-18965,PRP-4731,fresh_paint,0
FTR-18966,PRP-4731,fireplace,0
FTR-18967,PRP-4731,granite_counters,yes
FTR-18968,PRP-4732,vaulted_ceilings,yes
FTR-18969,PRP-4732,fireplace,0
FTR-18970,PRP-4732,new_roof,Yes
FTR-18971,PRP-4732,open_floor_plan,Yes
FTR-18972,PRP-4733,granite_counters,Yes
FTR-18973,PRP-4733,master_suite,Yes
FTR-18974,PRP-4733,solar_panels,1
FTR-18975,PRP-4733,vaulted_ceilings,YES
FTR-18976,PRP-4734,hardwood_floors,0
FTR-18977,PRP-4734,updated_kitchen,0
FTR-18978,PRP-4735,smart_home,no
FTR-18979,PRP-4735,central_ac,YES
FTR-18980,PRP-4735,open_floor_plan,1
FTR-18981,PRP-4735,fireplace,1
FTR-18982,PRP-4735,solar_panels,0
FTR-18983,PRP-4736,new_roof,no
FTR-18984,PRP-4736,fresh_paint,no
FTR-18985,PRP-4736,vaulted_ceilings,0
FTR-18986,PRP-4736,walk_in_closet,0
FTR-18987,PRP-4737,stainless_appliances,yes
FTR-18988,PRP-4737,solar_panels,no
FTR-18989,PRP-4737,fireplace,Yes
FTR-18990,PRP-4737,granite_counters,no
FTR-18991,PRP-4737,updated_kitchen,YES
FTR-18992,PRP-4737,central_ac,no
FTR-18993,PRP-4738,walk_in_closet,YES
FTR-18994,PRP-4738,fireplace,no
FTR-18995,PRP-4738,master_suite,YES
FTR-18996,PRP-4738,smart_home,yes
FTR-18997,PRP-4738,updated_kitchen,YES
FTR-18998,PRP-4738,granite_counters,0
FTR-18999,PRP-4739,smart_home,0
FTR-19000,PRP-4739,walk_in_closet,Yes
FTR-19001,PRP-4739,solar_panels,0
FTR-19002,PRP-4739,updated_kitchen,1
FTR-19003,PRP-4740,granite_counters,Yes
FTR-19004,PRP-4740,walk_in_closet,no
FTR-19005,PRP-4741,hardwood_floors,no
FTR-19006,PRP-4741,fireplace,0
FTR-19007,PRP-4741,smart_home,yes
FTR-19008,PRP-4741,fresh_paint,yes
FTR-19009,PRP-4742,fireplace,Yes
FTR-19010,PRP-4742,new_roof,yes
FTR-19011,PRP-4742,vaulted_ceilings,Yes
FTR-19012,PRP-4742,walk_in_closet,no
FTR-19013,PRP-4742,master_suite,no
FTR-19014,PRP-4743,solar_panels,Yes
FTR-19015,PRP-4743,vaulted_ceilings,Yes
FTR-19016,PRP-4743,new_roof,Yes
FTR-19017,PRP-4743,granite_counters,no
FTR-19018,PRP-4743,walk_in_closet,yes
FTR-19019,PRP-4743,central_ac,no
FTR-19020,PRP-4744,hardwood_floors,Yes
FTR-19021,PRP-4744,vaulted_ceilings,1
FTR-19022,PRP-4744,walk_in_closet,no
FTR-19023,PRP-4744,granite_counters,1
FTR-19024,PRP-4744,updated_kitchen,Yes
FTR-19025,PRP-4744,master_suite,no
FTR-19026,PRP-4745,central_ac,YES
FTR-19027,PRP-4745,stainless_appliances,yes
FTR-19028,PRP-4745,master_suite,yes
FTR-19029,PRP-4745,open_floor_plan,yes
FTR-19030,PRP-4746,granite_counters,1
FTR-19031,PRP-4746,updated_kitchen,0
FTR-19032,PRP-4746,walk_in_closet,YES
FTR-19033,PRP-4746,smart_home,0
FTR-19034,PRP-4746,master_suite,1
FTR-19035,PRP-4747,granite_counters,Yes
FTR-19036,PRP-4747,master_suite,1
FTR-19037,PRP-4747,hardwood_floors,1
FTR-19038,PRP-4747,smart_home,Yes
FTR-19039,PRP-4747,fireplace,0
FTR-19040,PRP-4748,walk_in_closet,no
FTR-19041,PRP-4748,master_suite,0
FTR-19042,PRP-4749,smart_home,0
FTR-19043,PRP-4749,master_suite,0
FTR-19044,PRP-4749,granite_counters,no
FTR-19045,PRP-4749,hardwood_floors,Yes
FTR-19046,PRP-4750,solar_panels,Yes
FTR-19047,PRP-4750,open_floor_plan,Yes
FTR-19048,PRP-4750,fireplace,no
FTR-19049,PRP-4750,stainless_appliances,1
FTR-19050,PRP-4751,fireplace,0
FTR-19051,PRP-4751,stainless_appliances,yes
FTR-19052,PRP-4751,vaulted_ceilings,YES
FTR-19053,PRP-4752,smart_home,0
FTR-19054,PRP-4752,open_floor_plan,Yes
FTR-19055,PRP-4752,central_ac,1
FTR-19056,PRP-4752,solar_panels,YES
FTR-19057,PRP-4753,fresh_paint,YES
FTR-19058,PRP-4753,smart_home,YES
FTR-19059,PRP-4753,hardwood_floors,YES
FTR-19060,PRP-4754,stainless_appliances,YES
FTR-19061,PRP-4754,central_ac,0
FTR-19062,PRP-4754,hardwood_floors,yes
FTR-19063,PRP-4754,vaulted_ceilings,YES
FTR-19064,PRP-4754,new_roof,YES
FTR-19065,PRP-4755,solar_panels,1
FTR-19066,PRP-4755,updated_kitchen,yes
FTR-19067,PRP-4755,open_floor_plan,Yes
FTR-19068,PRP-4756,vaulted_ceilings,Yes
FTR-19069,PRP-4756,granite_counters,Yes
FTR-19070,PRP-4756,stainless_appliances,no
FTR-19071,PRP-4756,updated_kitchen,YES
FTR-19072,PRP-4757,hardwood_floors,no
FTR-19073,PRP-4757,vaulted_ceilings,1
FTR-19074,PRP-4757,solar_panels,no
FTR-19075,PRP-4758,vaulted_ceilings,0
FTR-19076,PRP-4758,walk_in_closet,YES
FTR-19077,PRP-4758,solar_panels,Yes
FTR-19078,PRP-4758,granite_counters,yes
FTR-19079,PRP-4758,updated_kitchen,0
FTR-19080,PRP-4758,hardwood_floors,Yes
FTR-19081,PRP-4759,fresh_paint,no
FTR-19082,PRP-4759,central_ac,0
FTR-19083,PRP-4760,granite_counters,YES
FTR-19084,PRP-4760,solar_panels,no
FTR-19085,PRP-4761,fresh_paint,YES
FTR-19086,PRP-4761,master_suite,yes
FTR-19087,PRP-4762,solar_panels,YES
FTR-19088,PRP-4762,smart_home,yes
FTR-19089,PRP-4762,stainless_appliances,0
FTR-19090,PRP-4762,fireplace,1
FTR-19091,PRP-4763,fresh_paint,yes
FTR-19092,PRP-4763,hardwood_floors,no
FTR-19093,PRP-4764,central_ac,1
FTR-19094,PRP-4764,updated_kitchen,Yes
FTR-19095,PRP-4764,new_roof,YES
FTR-19096,PRP-4765,new_roof,yes
FTR-19097,PRP-4765,hardwood_floors,no
FTR-19098,PRP-4765,stainless_appliances,1
FTR-19099,PRP-4765,vaulted_ceilings,1
FTR-19100,PRP-4765,solar_panels,0
FTR-19101,PRP-4765,open_floor_plan,yes
FTR-19102,PRP-4766,master_suite,1
FTR-19103,PRP-4766,fireplace,1
FTR-19104,PRP-4766,updated_kitchen,0
FTR-19105,PRP-4767,solar_panels,1
FTR-19106,PRP-4767,walk_in_closet,no
FTR-19107,PRP-4767,vaulted_ceilings,no
FTR-19108,PRP-4767,central_ac,YES
FTR-19109,PRP-4767,updated_kitchen,1
FTR-19110,PRP-4767,new_roof,yes
FTR-19111,PRP-4768,fresh_paint,yes
FTR-19112,PRP-4768,fireplace,1
FTR-19113,PRP-4769,fireplace,0
FTR-19114,PRP-4769,stainless_appliances,0
FTR-19115,PRP-4770,granite_counters,Yes
FTR-19116,PRP-4770,vaulted_ceilings,0
FTR-19117,PRP-4771,central_ac,Yes
FTR-19118,PRP-4771,open_floor_plan,Yes
FTR-19119,PRP-4771,master_suite,1
FTR-19120,PRP-4771,updated_kitchen,0
FTR-19121,PRP-4771,hardwood_floors,1
FTR-19122,PRP-4772,fresh_paint,Yes
FTR-19123,PRP-4772,granite_counters,YES
FTR-19124,PRP-4773,fireplace,yes
FTR-19125,PRP-4773,walk_in_closet,1
FTR-19126,PRP-4773,granite_counters,yes
FTR-19127,PRP-4774,fireplace,yes
FTR-19128,PRP-4774,fresh_paint,no
FTR-19129,PRP-4774,central_ac,YES
FTR-19130,PRP-4774,granite_counters,Yes
FTR-19131,PRP-4774,master_suite,yes
FTR-19132,PRP-4775,stainless_appliances,YES
FTR-19133,PRP-4775,master_suite,0
FTR-19134,PRP-4775,central_ac,0
FTR-19135,PRP-4775,hardwood_floors,YES
FTR-19136,PRP-4775,vaulted_ceilings,1
FTR-19137,PRP-4776,hardwood_floors,yes
FTR-19138,PRP-4776,updated_kitchen,0
FTR-19139,PRP-4777,smart_home,1
FTR-19140,PRP-4777,master_suite,YES
FTR-19141,PRP-4777,vaulted_ceilings,Yes
FTR-19142,PRP-4777,fireplace,YES
FTR-19143,PRP-4778,open_floor_plan,no
FTR-19144,PRP-4778,hardwood_floors,Yes
FTR-19145,PRP-4778,vaulted_ceilings,0
FTR-19146,PRP-4778,master_suite,1
FTR-19147,PRP-4778,stainless_appliances,no
FTR-19148,PRP-4779,new_roof,Yes
FTR-19149,PRP-4779,open_floor_plan,no
FTR-19150,PRP-4779,solar_panels,1
FTR-19151,PRP-4779,updated_kitchen,no
FTR-19152,PRP-4779,granite_counters,yes
FTR-19153,PRP-4780,fresh_paint,Yes
FTR-19154,PRP-4780,solar_panels,1
FTR-19155,PRP-4780,updated_kitchen,YES
FTR-19156,PRP-4780,hardwood_floors,YES
FTR-19157,PRP-4780,walk_in_closet,1
FTR-19158,PRP-4781,granite_counters,1
FTR-19159,PRP-4781,updated_kitchen,no
FTR-19160,PRP-4781,open_floor_plan,no
FTR-19161,PRP-4782,updated_kitchen,0
FTR-19162,PRP-4782,granite_counters,YES
FTR-19163,PRP-4782,smart_home,no
FTR-19164,PRP-4782,fireplace,no
FTR-19165,PRP-4782,walk_in_closet,no
FTR-19166,PRP-4783,walk_in_closet,Yes
FTR-19167,PRP-4783,granite_counters,YES
FTR-19168,PRP-4783,open_floor_plan,no
FTR-19169,PRP-4784,master_suite,0
FTR-19170,PRP-4784,central_ac,0
FTR-19171,PRP-4784,vaulted_ceilings,1
FTR-19172,PRP-4784,solar_panels,YES
FTR-19173,PRP-4785,fireplace,0
FTR-19174,PRP-4785,granite_counters,yes
FTR-19175,PRP-4785,new_roof,1
FTR-19176,PRP-4785,master_suite,Yes
FTR-19177,PRP-4785,hardwood_floors,YES
FTR-19178,PRP-4785,stainless_appliances,1
FTR-19179,PRP-4786,stainless_appliances,1
FTR-19180,PRP-4786,smart_home,1
FTR-19181,PRP-4786,solar_panels,0
FTR-19182,PRP-4786,updated_kitchen,no
FTR-19183,PRP-4786,master_suite,YES
FTR-19184,PRP-4786,open_floor_plan,Yes
FTR-19185,PRP-4787,open_floor_plan,Yes
FTR-19186,PRP-4787,solar_panels,YES
FTR-19187,PRP-4788,central_ac,Yes
FTR-19188,PRP-4788,vaulted_ceilings,yes
FTR-19189,PRP-4788,new_roof,YES
FTR-19190,PRP-4788,open_floor_plan,no
FTR-19191,PRP-4788,master_suite,1
FTR-19192,PRP-4789,smart_home,YES
FTR-19193,PRP-4789,walk_in_closet,Yes
FTR-19194,PRP-4789,solar_panels,YES
FTR-19195,PRP-4789,central_ac,yes
FTR-19196,PRP-4789,hardwood_floors,0
FTR-19197,PRP-4789,master_suite,no
FTR-19198,PRP-4790,new_roof,Yes
FTR-19199,PRP-4790,solar_panels,Yes
FTR-19200,PRP-4790,updated_kitchen,no
FTR-19201,PRP-4790,master_suite,yes
FTR-19202,PRP-4791,smart_home,no
FTR-19203,PRP-4791,walk_in_closet,Yes
FTR-19204,PRP-4792,new_roof,1
FTR-19205,PRP-4792,solar_panels,yes
FTR-19206,PRP-4792,hardwood_floors,YES
FTR-19207,PRP-4792,updated_kitchen,1
FTR-19208,PRP-4792,granite_counters,no
FTR-19209,PRP-4793,hardwood_floors,1
FTR-19210,PRP-4793,central_ac,Yes
FTR-19211,PRP-4793,walk_in_closet,Yes
FTR-19212,PRP-4794,stainless_appliances,0
FTR-19213,PRP-4794,granite_counters,Yes
FTR-19214,PRP-4794,walk_in_closet,Yes
FTR-19215,PRP-4794,updated_kitchen,no
FTR-19216,PRP-4795,walk_in_closet,1
FTR-19217,PRP-4795,stainless_appliances,0
FTR-19218,PRP-4795,master_suite,0
FTR-19219,PRP-4795,smart_home,YES
FTR-19220,PRP-4796,hardwood_floors,YES
FTR-19221,PRP-4796,walk_in_closet,0
FTR-19222,PRP-4796,open_floor_plan,yes
FTR-19223,PRP-4797,vaulted_ceilings,YES
FTR-19224,PRP-4797,updated_kitchen,1
FTR-19225,PRP-4798,fireplace,YES
FTR-19226,PRP-4798,stainless_appliances,YES
FTR-19227,PRP-4798,smart_home,yes
FTR-19228,PRP-4798,new_roof,0
FTR-19229,PRP-4798,master_suite,Yes
FTR-19230,PRP-4799,hardwood_floors,YES
FTR-19231,PRP-4799,walk_in_closet,no
FTR-19232,PRP-4799,stainless_appliances,1
FTR-19233,PRP-4799,master_suite,no
FTR-19234,PRP-4799,new_roof,YES
FTR-19235,PRP-4799,open_floor_plan,no
FTR-19236,PRP-4800,hardwood_floors,no
FTR-19237,PRP-4800,fireplace,no
FTR-19238,PRP-4800,master_suite,Yes
FTR-19239,PRP-4800,smart_home,Yes
FTR-19240,PRP-4800,walk_in_closet,0
FTR-19241,PRP-4800,granite_counters,0
FTR-19242,PRP-4801,smart_home,YES
FTR-19243,PRP-4801,central_ac,no
FTR-19244,PRP-4801,new_roof,0
FTR-19245,PRP-4801,hardwood_floors,Yes
FTR-19246,PRP-4802,new_roof,1
FTR-19247,PRP-4802,fresh_paint,0
FTR-19248,PRP-4802,updated_kitchen,0
FTR-19249,PRP-4802,smart_home,yes
FTR-19250,PRP-4802,vaulted_ceilings,1
FTR-19251,PRP-4803,open_floor_plan,yes
FTR-19252,PRP-4803,new_roof,1
FTR-19253,PRP-4803,smart_home,yes
FTR-19254,PRP-4804,solar_panels,YES
FTR-19255,PRP-4804,stainless_appliances,no
FTR-19256,PRP-4804,smart_home,yes
FTR-19257,PRP-4804,granite_counters,Yes
FTR-19258,PRP-4805,fireplace,yes
FTR-19259,PRP-4805,walk_in_closet,no
FTR-19260,PRP-4805,fresh_paint,Yes
FTR-19261,PRP-4806,vaulted_ceilings,0
FTR-19262,PRP-4806,master_suite,1
FTR-19263,PRP-4807,new_roof,no
FTR-19264,PRP-4807,smart_home,1
FTR-19265,PRP-4807,stainless_appliances,0
FTR-19266,PRP-4807,open_floor_plan,YES
FTR-19267,PRP-4807,walk_in_closet,YES
FTR-19268,PRP-4808,walk_in_closet,YES
FTR-19269,PRP-4808,solar_panels,no
FTR-19270,PRP-4808,fresh_paint,YES
FTR-19271,PRP-4808,hardwood_floors,Yes
FTR-19272,PRP-4809,central_ac,0
FTR-19273,PRP-4809,fireplace,no
FTR-19274,PRP-4809,new_roof,1
FTR-19275,PRP-4809,hardwood_floors,no
FTR-19276,PRP-4810,master_suite,YES
FTR-19277,PRP-4810,walk_in_closet,0
FTR-19278,PRP-4811,new_roof,yes
FTR-19279,PRP-4811,walk_in_closet,0
FTR-19280,PRP-4811,updated_kitchen,1
FTR-19281,PRP-4811,fresh_paint,yes
FTR-19282,PRP-4811,granite_counters,no
FTR-19283,PRP-4812,stainless_appliances,1
FTR-19284,PRP-4812,solar_panels,yes
FTR-19285,PRP-4812,walk_in_closet,no
FTR-19286,PRP-4812,updated_kitchen,yes
FTR-19287,PRP-4812,vaulted_ceilings,no
FTR-19288,PRP-4812,hardwood_floors,yes
FTR-19289,PRP-4813,updated_kitchen,yes
FTR-19290,PRP-4813,smart_home,1
FTR-19291,PRP-4813,fireplace,1
FTR-19292,PRP-4813,walk_in_closet,1
FTR-19293,PRP-4814,smart_home,yes
FTR-19294,PRP-4814,hardwood_floors,yes
FTR-19295,PRP-4814,master_suite,yes
FTR-19296,PRP-4814,walk_in_closet,0
FTR-19297,PRP-4814,granite_counters,Yes
FTR-19298,PRP-4814,stainless_appliances,yes
FTR-19299,PRP-4815,central_ac,Yes
FTR-19300,PRP-4815,smart_home,Yes
FTR-19301,PRP-4815,hardwood_floors,0
FTR-19302,PRP-4815,solar_panels,yes
FTR-19303,PRP-4815,walk_in_closet,YES
FTR-19304,PRP-4816,fresh_paint,0
FTR-19305,PRP-4816,hardwood_floors,YES
FTR-19306,PRP-4816,walk_in_closet,1
FTR-19307,PRP-4816,smart_home,yes
FTR-19308,PRP-4816,central_ac,no
FTR-19309,PRP-4816,updated_kitchen,no
FTR-19310,PRP-4817,hardwood_floors,yes
FTR-19311,PRP-4817,new_roof,no
FTR-19312,PRP-4818,new_roof,yes
FTR-19313,PRP-4818,open_floor_plan,Yes
FTR-19314,PRP-4818,fireplace,0
FTR-19315,PRP-4818,updated_kitchen,no
FTR-19316,PRP-4818,fresh_paint,0
FTR-19317,PRP-4818,granite_counters,Yes
FTR-19318,PRP-4819,fireplace,YES
FTR-19319,PRP-4819,vaulted_ceilings,Yes
FTR-19320,PRP-4820,vaulted_ceilings,0
FTR-19321,PRP-4820,updated_kitchen,no
FTR-19322,PRP-4820,fireplace,0
FTR-19323,PRP-4820,open_floor_plan,no
FTR-19324,PRP-4821,open_floor_plan,yes
FTR-19325,PRP-4821,fresh_paint,1
FTR-19326,PRP-4821,central_ac,Yes
FTR-19327,PRP-4822,fireplace,yes
FTR-19328,PRP-4822,stainless_appliances,Yes
FTR-19329,PRP-4822,vaulted_ceilings,yes
FTR-19330,PRP-4822,new_roof,1
FTR-19331,PRP-4822,central_ac,no
FTR-19332,PRP-4823,master_suite,YES
FTR-19333,PRP-4823,open_floor_plan,0
FTR-19334,PRP-4823,central_ac,no
FTR-19335,PRP-4824,updated_kitchen,yes
FTR-19336,PRP-4824,solar_panels,1
FTR-19337,PRP-4824,walk_in_closet,0
FTR-19338,PRP-4825,smart_home,1
FTR-19339,PRP-4825,fireplace,0
FTR-19340,PRP-4825,master_suite,Yes
FTR-19341,PRP-4825,stainless_appliances,no
FTR-19342,PRP-4825,solar_panels,yes
FTR-19343,PRP-4825,hardwood_floors,YES
FTR-19344,PRP-4826,open_floor_plan,no
FTR-19345,PRP-4826,vaulted_ceilings,no
FTR-19346,PRP-4826,central_ac,1
FTR-19347,PRP-4826,stainless_appliances,yes
FTR-19348,PRP-4826,walk_in_closet,YES
FTR-19349,PRP-4826,updated_kitchen,1
FTR-19350,PRP-4827,solar_panels,Yes
FTR-19351,PRP-4827,updated_kitchen,Yes
FTR-19352,PRP-4828,fresh_paint,yes
FTR-19353,PRP-4828,smart_home,YES
FTR-19354,PRP-4828,hardwood_floors,no
FTR-19355,PRP-4828,updated_kitchen,1
FTR-19356,PRP-4828,granite_counters,Yes
FTR-19357,PRP-4829,hardwood_floors,no
FTR-19358,PRP-4829,updated_kitchen,Yes
FTR-19359,PRP-4829,solar_panels,yes
FTR-19360,PRP-4830,updated_kitchen,yes
FTR-19361,PRP-4830,walk_in_closet,no
FTR-19362,PRP-4830,central_ac,YES
FTR-19363,PRP-4830,solar_panels,1
FTR-19364,PRP-4830,stainless_appliances,0
FTR-19365,PRP-4831,new_roof,YES
FTR-19366,PRP-4831,smart_home,1
FTR-19367,PRP-4832,updated_kitchen,YES
FTR-19368,PRP-4832,new_roof,0
FTR-19369,PRP-4832,smart_home,1
FTR-19370,PRP-4833,walk_in_closet,no
FTR-19371,PRP-4833,fresh_paint,Yes
FTR-19372,PRP-4833,central_ac,yes
FTR-19373,PRP-4833,open_floor_plan,0
FTR-19374,PRP-4833,stainless_appliances,0
FTR-19375,PRP-4834,fireplace,YES
FTR-19376,PRP-4834,central_ac,Yes
FTR-19377,PRP-4834,master_suite,1
FTR-19378,PRP-4834,vaulted_ceilings,1
FTR-19379,PRP-4835,hardwood_floors,no
FTR-19380,PRP-4835,granite_counters,yes
FTR-19381,PRP-4835,central_ac,0
FTR-19382,PRP-4835,vaulted_ceilings,1
FTR-19383,PRP-4835,fireplace,no
FTR-19384,PRP-4836,hardwood_floors,yes
FTR-19385,PRP-4836,master_suite,0
FTR-19386,PRP-4836,fireplace,no
FTR-19387,PRP-4836,granite_counters,yes
FTR-19388,PRP-4836,new_roof,0
FTR-19389,PRP-4837,fresh_paint,0
FTR-19390,PRP-4837,master_suite,YES
FTR-19391,PRP-4837,solar_panels,1
FTR-19392,PRP-4837,open_floor_plan,Yes
FTR-19393,PRP-4837,smart_home,1
FTR-19394,PRP-4838,new_roof,yes
FTR-19395,PRP-4838,open_floor_plan,Yes
FTR-19396,PRP-4838,vaulted_ceilings,yes
FTR-19397,PRP-4838,fresh_paint,no
FTR-19398,PRP-4839,hardwood_floors,Yes
FTR-19399,PRP-4839,updated_kitchen,0
FTR-19400,PRP-4839,open_floor_plan,no
FTR-19401,PRP-4840,granite_counters,0
FTR-19402,PRP-4840,vaulted_ceilings,Yes
FTR-19403,PRP-4840,new_roof,Yes
FTR-19404,PRP-4840,master_suite,yes
FTR-19405,PRP-4841,updated_kitchen,Yes
FTR-19406,PRP-4841,smart_home,0
FTR-19407,PRP-4841,solar_panels,1
FTR-19408,PRP-4842,master_suite,Yes
FTR-19409,PRP-4842,vaulted_ceilings,YES
FTR-19410,PRP-4842,solar_panels,Yes
FTR-19411,PRP-4843,hardwood_floors,Yes
FTR-19412,PRP-4843,granite_counters,yes
FTR-19413,PRP-4844,open_floor_plan,yes
FTR-19414,PRP-4844,fresh_paint,Yes
FTR-19415,PRP-4844,vaulted_ceilings,YES
FTR-19416,PRP-4844,walk_in_closet,yes
FTR-19417,PRP-4844,solar_panels,0
FTR-19418,PRP-4844,central_ac,0
FTR-19419,PRP-4845,vaulted_ceilings,1
FTR-19420,PRP-4845,open_floor_plan,1
FTR-19421,PRP-4845,granite_counters,1
FTR-19422,PRP-4845,fresh_paint,no
FTR-19423,PRP-4845,updated_kitchen,yes
FTR-19424,PRP-4845,new_roof,1
FTR-19425,PRP-4846,central_ac,no
FTR-19426,PRP-4846,open_floor_plan,no
FTR-19427,PRP-4846,vaulted_ceilings,no
FTR-19428,PRP-4847,fresh_paint,no
FTR-19429,PRP-4847,granite_counters,0
FTR-19430,PRP-4847,vaulted_ceilings,Yes
FTR-19431,PRP-4848,updated_kitchen,1
FTR-19432,PRP-4848,open_floor_plan,0
FTR-19433,PRP-4848,stainless_appliances,YES
FTR-19434,PRP-4848,master_suite,1
FTR-19435,PRP-4848,fireplace,Yes
FTR-19436,PRP-4849,walk_in_closet,1
FTR-19437,PRP-4849,fresh_paint,yes
FTR-19438,PRP-4849,updated_kitchen,0
FTR-19439,PRP-4849,hardwood_floors,yes
FTR-19440,PRP-4849,master_suite,Yes
FTR-19441,PRP-4850,new_roof,Yes
FTR-19442,PRP-4850,vaulted_ceilings,YES
FTR-19443,PRP-4851,hardwood_floors,0
FTR-19444,PRP-4851,granite_counters,yes
FTR-19445,PRP-4851,vaulted_ceilings,YES
FTR-19446,PRP-4851,smart_home,yes
FTR-19447,PRP-4851,fresh_paint,1
FTR-19448,PRP-4852,walk_in_closet,Yes
FTR-19449,PRP-4852,granite_counters,no
FTR-19450,PRP-4852,solar_panels,YES
FTR-19451,PRP-4853,central_ac,Yes
FTR-19452,PRP-4853,walk_in_closet,1
FTR-19453,PRP-4853,hardwood_floors,1
FTR-19454,PRP-4853,master_suite,0
FTR-19455,PRP-4853,updated_kitchen,Yes
FTR-19456,PRP-4853,granite_counters,YES
FTR-19457,PRP-4854,stainless_appliances,yes
FTR-19458,PRP-4854,central_ac,yes
FTR-19459,PRP-4854,new_roof,no
FTR-19460,PRP-4854,fresh_paint,no
FTR-19461,PRP-4854,fireplace,yes
FTR-19462,PRP-4855,fresh_paint,1
FTR-19463,PRP-4855,fireplace,YES
FTR-19464,PRP-4855,walk_in_closet,no
FTR-19465,PRP-4855,updated_kitchen,Yes
FTR-19466,PRP-4855,smart_home,no
FTR-19467,PRP-4855,new_roof,Yes
FTR-19468,PRP-4856,stainless_appliances,1
FTR-19469,PRP-4856,solar_panels,YES
FTR-19470,PRP-4856,master_suite,0
FTR-19471,PRP-4856,vaulted_ceilings,Yes
FTR-19472,PRP-4856,central_ac,0
FTR-19473,PRP-4857,central_ac,0
FTR-19474,PRP-4857,walk_in_closet,1
FTR-19475,PRP-4857,open_floor_plan,yes
FTR-19476,PRP-4857,fireplace,Yes
FTR-19477,PRP-4857,new_roof,YES
FTR-19478,PRP-4858,open_floor_plan,yes
FTR-19479,PRP-4858,central_ac,Yes
FTR-19480,PRP-4859,open_floor_plan,yes
FTR-19481,PRP-4859,walk_in_closet,0
FTR-19482,PRP-4859,master_suite,0
FTR-19483,PRP-4859,updated_kitchen,Yes
FTR-19484,PRP-4859,vaulted_ceilings,1
FTR-19485,PRP-4859,granite_counters,YES
FTR-19486,PRP-4860,granite_counters,no
FTR-19487,PRP-4860,fresh_paint,0
FTR-19488,PRP-4860,fireplace,yes
FTR-19489,PRP-4860,stainless_appliances,Yes
FTR-19490,PRP-4860,central_ac,no
FTR-19491,PRP-4860,walk_in_closet,0
FTR-19492,PRP-4861,solar_panels,yes
FTR-19493,PRP-4861,master_suite,0
FTR-19494,PRP-4861,walk_in_closet,Yes
FTR-19495,PRP-4861,stainless_appliances,1
FTR-19496,PRP-4862,fireplace,no
FTR-19497,PRP-4862,central_ac,0
FTR-19498,PRP-4862,new_roof,no
FTR-19499,PRP-4862,stainless_appliances,YES
FTR-19500,PRP-4862,vaulted_ceilings,yes
FTR-19501,PRP-4863,smart_home,Yes
FTR-19502,PRP-4863,central_ac,yes
FTR-19503,PRP-4863,hardwood_floors,0
FTR-19504,PRP-4863,granite_counters,YES
FTR-19505,PRP-4863,updated_kitchen,0
FTR-19506,PRP-4863,walk_in_closet,no
FTR-19507,PRP-4864,open_floor_plan,1
FTR-19508,PRP-4864,updated_kitchen,1
FTR-19509,PRP-4864,granite_counters,yes
FTR-19510,PRP-4864,fresh_paint,no
FTR-19511,PRP-4864,master_suite,Yes
FTR-19512,PRP-4865,granite_counters,Yes
FTR-19513,PRP-4865,solar_panels,Yes
FTR-19514,PRP-4866,smart_home,Yes
FTR-19515,PRP-4866,central_ac,Yes
FTR-19516,PRP-4866,vaulted_ceilings,Yes
FTR-19517,PRP-4867,new_roof,YES
FTR-19518,PRP-4867,vaulted_ceilings,0
FTR-19519,PRP-4867,hardwood_floors,Yes
FTR-19520,PRP-4867,open_floor_plan,1
FTR-19521,PRP-4868,updated_kitchen,Yes
FTR-19522,PRP-4868,central_ac,0
FTR-19523,PRP-4868,fireplace,0
FTR-19524,PRP-4868,vaulted_ceilings,yes
FTR-19525,PRP-4868,hardwood_floors,yes
FTR-19526,PRP-4868,solar_panels,0
FTR-19527,PRP-4869,smart_home,yes
FTR-19528,PRP-4869,solar_panels,Yes
FTR-19529,PRP-4869,hardwood_floors,Yes
FTR-19530,PRP-4869,master_suite,Yes
FTR-19531,PRP-4869,updated_kitchen,1
FTR-19532,PRP-4870,walk_in_closet,yes
FTR-19533,PRP-4870,fresh_paint,YES
FTR-19534,PRP-4870,vaulted_ceilings,yes
FTR-19535,PRP-4870,hardwood_floors,no
FTR-19536,PRP-4871,central_ac,1
FTR-19537,PRP-4871,open_floor_plan,1
FTR-19538,PRP-4871,smart_home,0
FTR-19539,PRP-4871,updated_kitchen,Yes
FTR-19540,PRP-4872,central_ac,0
FTR-19541,PRP-4872,granite_counters,YES
FTR-19542,PRP-4872,fresh_paint,YES
FTR-19543,PRP-4872,stainless_appliances,no
FTR-19544,PRP-4872,hardwood_floors,YES
FTR-19545,PRP-4872,updated_kitchen,YES
FTR-19546,PRP-4873,updated_kitchen,YES
FTR-19547,PRP-4873,new_roof,1
FTR-19548,PRP-4874,updated_kitchen,0
FTR-19549,PRP-4874,master_suite,YES
FTR-19550,PRP-4874,central_ac,Yes
FTR-19551,PRP-4874,vaulted_ceilings,no
FTR-19552,PRP-4874,fresh_paint,1
FTR-19553,PRP-4875,hardwood_floors,0
FTR-19554,PRP-4875,fireplace,yes
FTR-19555,PRP-4875,open_floor_plan,YES
FTR-19556,PRP-4875,solar_panels,YES
FTR-19557,PRP-4876,smart_home,1
FTR-19558,PRP-4876,solar_panels,yes
FTR-19559,PRP-4876,open_floor_plan,1
FTR-19560,PRP-4876,granite_counters,1
FTR-19561,PRP-4876,vaulted_ceilings,Yes
FTR-19562,PRP-4877,granite_counters,YES
FTR-19563,PRP-4877,walk_in_closet,0
FTR-19564,PRP-4877,open_floor_plan,Yes
FTR-19565,PRP-4877,updated_kitchen,yes
FTR-19566,PRP-4878,vaulted_ceilings,YES
FTR-19567,PRP-4878,new_roof,YES
FTR-19568,PRP-4879,solar_panels,no
FTR-19569,PRP-4879,updated_kitchen,0
FTR-19570,PRP-4879,master_suite,YES
FTR-19571,PRP-4879,granite_counters,0
FTR-19572,PRP-4880,vaulted_ceilings,0
FTR-19573,PRP-4880,master_suite,1
FTR-19574,PRP-4880,new_roof,0
FTR-19575,PRP-4881,stainless_appliances,1
FTR-19576,PRP-4881,hardwood_floors,1
FTR-19577,PRP-4882,fireplace,1
FTR-19578,PRP-4882,smart_home,0
FTR-19579,PRP-4882,new_roof,no
FTR-19580,PRP-4882,master_suite,Yes
FTR-19581,PRP-4882,granite_counters,0
FTR-19582,PRP-4883,granite_counters,YES
FTR-19583,PRP-4883,walk_in_closet,1
FTR-19584,PRP-4883,vaulted_ceilings,yes
FTR-19585,PRP-4883,open_floor_plan,1
FTR-19586,PRP-4884,master_suite,Yes
FTR-19587,PRP-4884,stainless_appliances,no
FTR-19588,PRP-4885,open_floor_plan,1
FTR-19589,PRP-4885,new_roof,1
FTR-19590,PRP-4885,master_suite,YES
FTR-19591,PRP-4885,fresh_paint,1
FTR-19592,PRP-4885,solar_panels,YES
FTR-19593,PRP-4885,walk_in_closet,no
FTR-19594,PRP-4886,hardwood_floors,0
FTR-19595,PRP-4886,updated_kitchen,no
FTR-19596,PRP-4886,central_ac,no
FTR-19597,PRP-4887,solar_panels,yes
FTR-19598,PRP-4887,stainless_appliances,no
FTR-19599,PRP-4888,stainless_appliances,0
FTR-19600,PRP-4888,open_floor_plan,0
FTR-19601,PRP-4888,updated_kitchen,0
FTR-19602,PRP-4889,granite_counters,YES
FTR-19603,PRP-4889,master_suite,Yes
FTR-19604,PRP-4889,stainless_appliances,1
FTR-19605,PRP-4889,solar_panels,1
FTR-19606,PRP-4889,central_ac,yes
FTR-19607,PRP-4890,updated_kitchen,0
FTR-19608,PRP-4890,hardwood_floors,YES
FTR-19609,PRP-4890,smart_home,0
FTR-19610,PRP-4890,open_floor_plan,no
FTR-19611,PRP-4890,stainless_appliances,1
FTR-19612,PRP-4891,walk_in_closet,yes
FTR-19613,PRP-4891,vaulted_ceilings,no
FTR-19614,PRP-4891,fresh_paint,0
FTR-19615,PRP-4891,solar_panels,yes
FTR-19616,PRP-4891,open_floor_plan,yes
FTR-19617,PRP-4891,master_suite,yes
FTR-19618,PRP-4892,new_roof,0
FTR-19619,PRP-4892,granite_counters,YES
FTR-19620,PRP-4892,fireplace,0
FTR-19621,PRP-4892,solar_panels,Yes
FTR-19622,PRP-4892,central_ac,no
FTR-19623,PRP-4893,vaulted_ceilings,Yes
FTR-19624,PRP-4893,updated_kitchen,1
FTR-19625,PRP-4893,smart_home,Yes
FTR-19626,PRP-4893,granite_counters,Yes
FTR-19627,PRP-4893,solar_panels,YES
FTR-19628,PRP-4894,smart_home,1
FTR-19629,PRP-4894,fresh_paint,Yes
FTR-19630,PRP-4894,new_roof,YES
FTR-19631,PRP-4894,vaulted_ceilings,0
FTR-19632,PRP-4894,solar_panels,1
FTR-19633,PRP-4894,open_floor_plan,0
FTR-19634,PRP-4895,vaulted_ceilings,yes
FTR-19635,PRP-4895,walk_in_closet,1
FTR-19636,PRP-4895,fresh_paint,0
FTR-19637,PRP-4895,master_suite,YES
FTR-19638,PRP-4895,updated_kitchen,yes
FTR-19639,PRP-4895,stainless_appliances,Yes
FTR-19640,PRP-4896,stainless_appliances,Yes
FTR-19641,PRP-4896,master_suite,0
FTR-19642,PRP-4896,fresh_paint,1
FTR-19643,PRP-4897,new_roof,Yes
FTR-19644,PRP-4897,fireplace,1
FTR-19645,PRP-4897,solar_panels,yes
FTR-19646,PRP-4898,master_suite,0
FTR-19647,PRP-4898,new_roof,0
FTR-19648,PRP-4898,updated_kitchen,yes
FTR-19649,PRP-4898,walk_in_closet,Yes
FTR-19650,PRP-4899,granite_counters,yes
FTR-19651,PRP-4899,fresh_paint,0
FTR-19652,PRP-4900,stainless_appliances,1
FTR-19653,PRP-4900,central_ac,no
FTR-19654,PRP-4900,new_roof,1
FTR-19655,PRP-4901,walk_in_closet,Yes
FTR-19656,PRP-4901,granite_counters,yes
FTR-19657,PRP-4901,stainless_appliances,YES
FTR-19658,PRP-4902,solar_panels,no
FTR-19659,PRP-4902,updated_kitchen,Yes
FTR-19660,PRP-4902,fresh_paint,YES
FTR-19661,PRP-4903,open_floor_plan,YES
FTR-19662,PRP-4903,vaulted_ceilings,yes
FTR-19663,PRP-4903,master_suite,Yes
FTR-19664,PRP-4903,stainless_appliances,0
FTR-19665,PRP-4903,fresh_paint,yes
FTR-19666,PRP-4903,solar_panels,YES
FTR-19667,PRP-4904,central_ac,Yes
FTR-19668,PRP-4904,granite_counters,1
FTR-19669,PRP-4905,smart_home,Yes
FTR-19670,PRP-4905,central_ac,no
FTR-19671,PRP-4905,hardwood_floors,no
FTR-19672,PRP-4906,open_floor_plan,no
FTR-19673,PRP-4906,hardwood_floors,YES
FTR-19674,PRP-4906,walk_in_closet,Yes
FTR-19675,PRP-4906,fireplace,Yes
FTR-19676,PRP-4906,updated_kitchen,Yes
FTR-19677,PRP-4906,new_roof,1
FTR-19678,PRP-4907,updated_kitchen,yes
FTR-19679,PRP-4907,smart_home,no
FTR-19680,PRP-4907,solar_panels,YES
FTR-19681,PRP-4908,smart_home,0
FTR-19682,PRP-4908,open_floor_plan,1
FTR-19683,PRP-4908,hardwood_floors,Yes
FTR-19684,PRP-4908,master_suite,Yes
FTR-19685,PRP-4909,fresh_paint,Yes
FTR-19686,PRP-4909,central_ac,no
FTR-19687,PRP-4909,solar_panels,no
FTR-19688,PRP-4909,smart_home,0
FTR-19689,PRP-4909,new_roof,Yes
FTR-19690,PRP-4909,walk_in_closet,YES
FTR-19691,PRP-4910,open_floor_plan,yes
FTR-19692,PRP-4910,solar_panels,0
FTR-19693,PRP-4911,smart_home,0
FTR-19694,PRP-4911,central_ac,1
FTR-19695,PRP-4911,stainless_appliances,1
FTR-19696,PRP-4911,master_suite,1
FTR-19697,PRP-4911,fireplace,Yes
FTR-19698,PRP-4912,master_suite,YES
FTR-19699,PRP-4912,open_floor_plan,Yes
FTR-19700,PRP-4913,stainless_appliances,0
FTR-19701,PRP-4913,fireplace,no
FTR-19702,PRP-4913,smart_home,0
FTR-19703,PRP-4913,hardwood_floors,no
FTR-19704,PRP-4913,solar_panels,yes
FTR-19705,PRP-4914,updated_kitchen,yes
FTR-19706,PRP-4914,central_ac,no
FTR-19707,PRP-4915,central_ac,yes
FTR-19708,PRP-4915,vaulted_ceilings,yes
FTR-19709,PRP-4915,solar_panels,no
FTR-19710,PRP-4915,new_roof,YES
FTR-19711,PRP-4915,walk_in_closet,Yes
FTR-19712,PRP-4915,fireplace,YES
FTR-19713,PRP-4916,hardwood_floors,no
FTR-19714,PRP-4916,master_suite,no
FTR-19715,PRP-4916,solar_panels,1
FTR-19716,PRP-4917,smart_home,YES
FTR-19717,PRP-4917,vaulted_ceilings,YES
FTR-19718,PRP-4917,hardwood_floors,1
FTR-19719,PRP-4917,updated_kitchen,yes
FTR-19720,PRP-4917,granite_counters,1
FTR-19721,PRP-4918,master_suite,yes
FTR-19722,PRP-4918,granite_counters,0
FTR-19723,PRP-4918,updated_kitchen,1
FTR-19724,PRP-4918,smart_home,YES
FTR-19725,PRP-4918,walk_in_closet,YES
FTR-19726,PRP-4918,fireplace,Yes
FTR-19727,PRP-4919,fireplace,yes
FTR-19728,PRP-4919,stainless_appliances,1
FTR-19729,PRP-4919,granite_counters,0
FTR-19730,PRP-4920,central_ac,yes
FTR-19731,PRP-4920,hardwood_floors,0
FTR-19732,PRP-4920,walk_in_closet,YES
FTR-19733,PRP-4920,fireplace,1
FTR-19734,PRP-4920,granite_counters,yes
FTR-19735,PRP-4920,vaulted_ceilings,YES
FTR-19736,PRP-4921,master_suite,YES
FTR-19737,PRP-4921,new_roof,no
FTR-19738,PRP-4921,central_ac,no
FTR-19739,PRP-4922,fresh_paint,0
FTR-19740,PRP-4922,walk_in_closet,0
FTR-19741,PRP-4922,vaulted_ceilings,1
FTR-19742,PRP-4922,smart_home,1
FTR-19743,PRP-4922,master_suite,Yes
FTR-19744,PRP-4922,updated_kitchen,yes
FTR-19745,PRP-4923,granite_counters,Yes
FTR-19746,PRP-4923,new_roof,no
FTR-19747,PRP-4923,fireplace,Yes
FTR-19748,PRP-4923,solar_panels,0
FTR-19749,PRP-4924,new_roof,1
FTR-19750,PRP-4924,open_floor_plan,0
FTR-19751,PRP-4924,fireplace,1
FTR-19752,PRP-4924,fresh_paint,YES
FTR-19753,PRP-4924,stainless_appliances,yes
FTR-19754,PRP-4925,granite_counters,no
FTR-19755,PRP-4925,solar_panels,0
FTR-19756,PRP-4925,new_roof,0
FTR-19757,PRP-4925,fireplace,YES
FTR-19758,PRP-4926,granite_counters,Yes
FTR-19759,PRP-4926,open_floor_plan,no
FTR-19760,PRP-4926,fireplace,yes
FTR-19761,PRP-4926,solar_panels,yes
FTR-19762,PRP-4926,fresh_paint,Yes
FTR-19763,PRP-4927,vaulted_ceilings,no
FTR-19764,PRP-4927,stainless_appliances,YES
FTR-19765,PRP-4927,updated_kitchen,YES
FTR-19766,PRP-4927,fresh_paint,Yes
FTR-19767,PRP-4928,central_ac,yes
FTR-19768,PRP-4928,smart_home,Yes
FTR-19769,PRP-4928,vaulted_ceilings,no
FTR-19770,PRP-4929,fresh_paint,yes
FTR-19771,PRP-4929,new_roof,YES
FTR-19772,PRP-4929,stainless_appliances,YES
FTR-19773,PRP-4929,open_floor_plan,no
FTR-19774,PRP-4929,smart_home,yes
FTR-19775,PRP-4930,stainless_appliances,1
FTR-19776,PRP-4930,vaulted_ceilings,0
FTR-19777,PRP-4930,granite_counters,1
FTR-19778,PRP-4930,fireplace,0
FTR-19779,PRP-4931,fresh_paint,1
FTR-19780,PRP-4931,stainless_appliances,Yes
FTR-19781,PRP-4931,central_ac,YES
FTR-19782,PRP-4931,vaulted_ceilings,no
FTR-19783,PRP-4932,master_suite,Yes
FTR-19784,PRP-4932,open_floor_plan,yes
FTR-19785,PRP-4932,fireplace,Yes
FTR-19786,PRP-4932,fresh_paint,Yes
FTR-19787,PRP-4933,stainless_appliances,YES
FTR-19788,PRP-4933,updated_kitchen,1
FTR-19789,PRP-4933,fresh_paint,no
FTR-19790,PRP-4934,new_roof,Yes
FTR-19791,PRP-4934,open_floor_plan,1
FTR-19792,PRP-4934,walk_in_closet,Yes
FTR-19793,PRP-4934,central_ac,1
FTR-19794,PRP-4935,hardwood_floors,0
FTR-19795,PRP-4935,stainless_appliances,YES
FTR-19796,PRP-4935,new_roof,yes
FTR-19797,PRP-4936,master_suite,yes
FTR-19798,PRP-4936,new_roof,Yes
FTR-19799,PRP-4936,open_floor_plan,yes
FTR-19800,PRP-4936,solar_panels,0
FTR-19801,PRP-4937,open_floor_plan,0
FTR-19802,PRP-4937,hardwood_floors,no
FTR-19803,PRP-4937,updated_kitchen,yes
FTR-19804,PRP-4937,fireplace,YES
FTR-19805,PRP-4937,walk_in_closet,Yes
FTR-19806,PRP-4937,master_suite,YES
FTR-19807,PRP-4938,hardwood_floors,Yes
FTR-19808,PRP-4938,new_roof,0
FTR-19809,PRP-4939,new_roof,1
FTR-19810,PRP-4939,stainless_appliances,no
FTR-19811,PRP-4939,master_suite,0
FTR-19812,PRP-4939,vaulted_ceilings,1
FTR-19813,PRP-4939,updated_kitchen,YES
FTR-19814,PRP-4940,central_ac,1
FTR-19815,PRP-4940,new_roof,yes
FTR-19816,PRP-4940,open_floor_plan,no
FTR-19817,PRP-4940,vaulted_ceilings,YES
FTR-19818,PRP-4940,smart_home,no
FTR-19819,PRP-4940,updated_kitchen,0
FTR-19820,PRP-4941,smart_home,Yes
FTR-19821,PRP-4941,solar_panels,YES
FTR-19822,PRP-4941,updated_kitchen,YES
FTR-19823,PRP-4941,fresh_paint,no
FTR-19824,PRP-4941,fireplace,0
FTR-19825,PRP-4941,granite_counters,1
FTR-19826,PRP-4942,solar_panels,Yes
FTR-19827,PRP-4942,central_ac,yes
FTR-19828,PRP-4942,vaulted_ceilings,yes
FTR-19829,PRP-4942,fireplace,1
FTR-19830,PRP-4942,granite_counters,yes
FTR-19831,PRP-4943,stainless_appliances,no
FTR-19832,PRP-4943,walk_in_closet,1
FTR-19833,PRP-4943,fireplace,Yes
FTR-19834,PRP-4943,granite_counters,Yes
FTR-19835,PRP-4943,vaulted_ceilings,Yes
FTR-19836,PRP-4943,solar_panels,yes
FTR-19837,PRP-4944,granite_counters,1
FTR-19838,PRP-4944,fresh_paint,1
FTR-19839,PRP-4944,fireplace,yes
FTR-19840,PRP-4945,central_ac,YES
FTR-19841,PRP-4945,updated_kitchen,Yes
FTR-19842,PRP-4945,vaulted_ceilings,Yes
FTR-19843,PRP-4945,granite_counters,Yes
FTR-19844,PRP-4945,smart_home,0
FTR-19845,PRP-4946,smart_home,yes
FTR-19846,PRP-4946,central_ac,1
FTR-19847,PRP-4946,open_floor_plan,no
FTR-19848,PRP-4946,new_roof,1
FTR-19849,PRP-4946,fresh_paint,no
FTR-19850,PRP-4947,fresh_paint,yes
FTR-19851,PRP-4947,stainless_appliances,0
FTR-19852,PRP-4948,granite_counters,Yes
FTR-19853,PRP-4948,solar_panels,Yes
FTR-19854,PRP-4948,stainless_appliances,1
FTR-19855,PRP-4948,walk_in_closet,1
FTR-19856,PRP-4948,updated_kitchen,1
FTR-19857,PRP-4949,fresh_paint,YES
FTR-19858,PRP-4949,central_ac,1
FTR-19859,PRP-4949,new_roof,0
FTR-19860,PRP-4949,smart_home,no
FTR-19861,PRP-4950,hardwood_floors,yes
FTR-19862,PRP-4950,solar_panels,yes
FTR-19863,PRP-4950,stainless_appliances,0
FTR-19864,PRP-4950,walk_in_closet,YES
FTR-19865,PRP-4950,fireplace,0
FTR-19866,PRP-4951,hardwood_floors,yes
FTR-19867,PRP-4951,open_floor_plan,Yes
FTR-19868,PRP-4951,granite_counters,YES
FTR-19869,PRP-4952,updated_kitchen,0
FTR-19870,PRP-4952,central_ac,YES
FTR-19871,PRP-4952,smart_home,0
FTR-19872,PRP-4952,fresh_paint,Yes
FTR-19873,PRP-4952,granite_counters,yes
FTR-19874,PRP-4953,open_floor_plan,yes
FTR-19875,PRP-4953,master_suite,YES
FTR-19876,PRP-4953,granite_counters,1
FTR-19877,PRP-4953,fireplace,Yes
FTR-19878,PRP-4954,hardwood_floors,no
FTR-19879,PRP-4954,updated_kitchen,YES
FTR-19880,PRP-4955,vaulted_ceilings,yes
FTR-19881,PRP-4955,solar_panels,Yes
FTR-19882,PRP-4955,hardwood_floors,YES
FTR-19883,PRP-4955,granite_counters,YES
FTR-19884,PRP-4955,master_suite,0
FTR-19885,PRP-4955,fresh_paint,Yes
FTR-19886,PRP-4956,stainless_appliances,no
FTR-19887,PRP-4956,vaulted_ceilings,no
FTR-19888,PRP-4956,hardwood_floors,YES
FTR-19889,PRP-4956,open_floor_plan,YES
FTR-19890,PRP-4956,central_ac,1
FTR-19891,PRP-4956,walk_in_closet,yes
FTR-19892,PRP-4957,granite_counters,YES
FTR-19893,PRP-4957,smart_home,1
FTR-19894,PRP-4958,fireplace,yes
FTR-19895,PRP-4958,walk_in_closet,no
FTR-19896,PRP-4958,solar_panels,yes
FTR-19897,PRP-4958,fresh_paint,Yes
FTR-19898,PRP-4958,central_ac,0
FTR-19899,PRP-4958,stainless_appliances,0
FTR-19900,PRP-4959,updated_kitchen,yes
FTR-19901,PRP-4959,central_ac,Yes
FTR-19902,PRP-4959,smart_home,1
FTR-19903,PRP-4959,hardwood_floors,YES
FTR-19904,PRP-4959,fresh_paint,yes
FTR-19905,PRP-4960,hardwood_floors,yes
FTR-19906,PRP-4960,solar_panels,0
FTR-19907,PRP-4960,new_roof,Yes
FTR-19908,PRP-4960,smart_home,YES
FTR-19909,PRP-4960,updated_kitchen,Yes
FTR-19910,PRP-4960,central_ac,0
FTR-19911,PRP-4961,solar_panels,YES
FTR-19912,PRP-4961,central_ac,Yes
FTR-19913,PRP-4961,updated_kitchen,YES
FTR-19914,PRP-4962,solar_panels,yes
FTR-19915,PRP-4962,smart_home,YES
FTR-19916,PRP-4962,granite_counters,YES
FTR-19917,PRP-4962,central_ac,Yes
FTR-19918,PRP-4963,updated_kitchen,0
FTR-19919,PRP-4963,solar_panels,YES
FTR-19920,PRP-4963,vaulted_ceilings,1
FTR-19921,PRP-4963,master_suite,1
FTR-19922,PRP-4964,solar_panels,yes
FTR-19923,PRP-4964,hardwood_floors,Yes
FTR-19924,PRP-4964,new_roof,0
FTR-19925,PRP-4965,master_suite,YES
FTR-19926,PRP-4965,hardwood_floors,0
FTR-19927,PRP-4965,open_floor_plan,no
FTR-19928,PRP-4965,stainless_appliances,YES
FTR-19929,PRP-4965,smart_home,YES
FTR-19930,PRP-4966,open_floor_plan,1
FTR-19931,PRP-4966,smart_home,0
FTR-19932,PRP-4966,hardwood_floors,YES
FTR-19933,PRP-4966,granite_counters,YES
FTR-19934,PRP-4966,vaulted_ceilings,yes
FTR-19935,PRP-4966,stainless_appliances,YES
FTR-19936,PRP-4967,master_suite,Yes
FTR-19937,PRP-4967,fireplace,yes
FTR-19938,PRP-4967,updated_kitchen,no
FTR-19939,PRP-4967,vaulted_ceilings,1
FTR-19940,PRP-4968,stainless_appliances,0
FTR-19941,PRP-4968,fresh_paint,1
FTR-19942,PRP-4968,walk_in_closet,YES
FTR-19943,PRP-4968,central_ac,Yes
FTR-19944,PRP-4969,fresh_paint,YES
FTR-19945,PRP-4969,fireplace,1
FTR-19946,PRP-4969,hardwood_floors,0
FTR-19947,PRP-4970,updated_kitchen,1
FTR-19948,PRP-4970,stainless_appliances,YES
FTR-19949,PRP-4971,fresh_paint,no
FTR-19950,PRP-4971,walk_in_closet,yes
FTR-19951,PRP-4971,central_ac,Yes
FTR-19952,PRP-4971,fireplace,YES
FTR-19953,PRP-4971,smart_home,YES
FTR-19954,PRP-4972,master_suite,yes
FTR-19955,PRP-4972,walk_in_closet,1
FTR-19956,PRP-4973,new_roof,no
FTR-19957,PRP-4973,master_suite,0
FTR-19958,PRP-4973,fresh_paint,0
FTR-19959,PRP-4973,fireplace,0
FTR-19960,PRP-4973,vaulted_ceilings,YES
FTR-19961,PRP-4974,fireplace,1
FTR-19962,PRP-4974,walk_in_closet,yes
FTR-19963,PRP-4974,granite_counters,1
FTR-19964,PRP-4974,solar_panels,YES
FTR-19965,PRP-4974,vaulted_ceilings,no
FTR-19966,PRP-4974,updated_kitchen,0
FTR-19967,PRP-4975,granite_counters,1
FTR-19968,PRP-4975,updated_kitchen,YES
FTR-19969,PRP-4976,updated_kitchen,1
FTR-19970,PRP-4976,central_ac,0
FTR-19971,PRP-4977,master_suite,YES
FTR-19972,PRP-4977,updated_kitchen,no
FTR-19973,PRP-4977,central_ac,YES
FTR-19974,PRP-4977,fireplace,1
FTR-19975,PRP-4978,smart_home,Yes
FTR-19976,PRP-4978,fireplace,yes
FTR-19977,PRP-4978,central_ac,0
FTR-19978,PRP-4978,stainless_appliances,Yes
FTR-19979,PRP-4978,new_roof,1
FTR-19980,PRP-4978,open_floor_plan,1
FTR-19981,PRP-4979,solar_panels,YES
FTR-19982,PRP-4979,fireplace,no
FTR-19983,PRP-4979,vaulted_ceilings,Yes
FTR-19984,PRP-4979,open_floor_plan,0
FTR-19985,PRP-4980,stainless_appliances,no
FTR-19986,PRP-4980,granite_counters,Yes
FTR-19987,PRP-4981,master_suite,Yes
FTR-19988,PRP-4981,walk_in_closet,Yes
FTR-19989,PRP-4982,master_suite,Yes
FTR-19990,PRP-4982,walk_in_closet,0
FTR-19991,PRP-4982,central_ac,0
FTR-19992,PRP-4982,granite_counters,yes
FTR-19993,PRP-4983,new_roof,YES
FTR-19994,PRP-4983,updated_kitchen,no
FTR-19995,PRP-4983,fireplace,no
FTR-19996,PRP-4983,solar_panels,1
FTR-19997,PRP-4983,master_suite,1
FTR-19998,PRP-4983,open_floor_plan,yes
FTR-19999,PRP-4984,fireplace,1
FTR-20000,PRP-4984,master_suite,no
FTR-20001,PRP-4985,vaulted_ceilings,yes
FTR-20002,PRP-4985,hardwood_floors,Yes
FTR-20003,PRP-4985,stainless_appliances,YES
FTR-20004,PRP-4985,master_suite,YES
FTR-20005,PRP-4986,fresh_paint,1
FTR-20006,PRP-4986,master_suite,yes
FTR-20007,PRP-4986,granite_counters,0
FTR-20008,PRP-4987,stainless_appliances,yes
FTR-20009,PRP-4987,fireplace,Yes
FTR-20010,PRP-4987,new_roof,Yes
FTR-20011,PRP-4987,solar_panels,1
FTR-20012,PRP-4987,vaulted_ceilings,0
FTR-20013,PRP-4987,fresh_paint,no
FTR-20014,PRP-4988,new_roof,no
FTR-20015,PRP-4988,fireplace,Yes
FTR-20016,PRP-4989,stainless_appliances,yes
FTR-20017,PRP-4989,granite_counters,0
FTR-20018,PRP-4989,master_suite,Yes
FTR-20019,PRP-4989,solar_panels,no
FTR-20020,PRP-4989,open_floor_plan,0
FTR-20021,PRP-4989,hardwood_floors,no
FTR-20022,PRP-4990,solar_panels,Yes
FTR-20023,PRP-4990,new_roof,no
FTR-20024,PRP-4990,central_ac,yes
FTR-20025,PRP-4991,fresh_paint,YES
FTR-20026,PRP-4991,vaulted_ceilings,yes
FTR-20027,PRP-4991,smart_home,0
FTR-20028,PRP-4991,fireplace,0
FTR-20029,PRP-4991,solar_panels,Yes
FTR-20030,PRP-4991,walk_in_closet,Yes
FTR-20031,PRP-4992,vaulted_ceilings,no
FTR-20032,PRP-4992,granite_counters,1
FTR-20033,PRP-4992,smart_home,yes
FTR-20034,PRP-4992,updated_kitchen,0
FTR-20035,PRP-4992,walk_in_closet,0
FTR-20036,PRP-4992,fireplace,1
FTR-20037,PRP-4993,new_roof,Yes
FTR-20038,PRP-4993,granite_counters,no
FTR-20039,PRP-4994,granite_counters,Yes
FTR-20040,PRP-4994,walk_in_closet,Yes
FTR-20041,PRP-4994,updated_kitchen,no
FTR-20042,PRP-4994,stainless_appliances,0
FTR-20043,PRP-4995,central_ac,no
FTR-20044,PRP-4995,open_floor_plan,Yes
FTR-20045,PRP-4995,new_roof,YES
FTR-20046,PRP-4995,fresh_paint,1
FTR-20047,PRP-4996,fireplace,1
FTR-20048,PRP-4996,smart_home,YES
FTR-20049,PRP-4996,new_roof,yes
FTR-20050,PRP-4997,hardwood_floors,Yes
FTR-20051,PRP-4997,solar_panels,yes
FTR-20052,PRP-4998,solar_panels,0
FTR-20053,PRP-4998,stainless_appliances,0
FTR-20054,PRP-4998,hardwood_floors,no
FTR-20055,PRP-4998,smart_home,0
FTR-20056,PRP-4999,master_suite,Yes
FTR-20057,PRP-4999,updated_kitchen,0
FTR-20058,PRP-5000,fresh_paint,Yes
FTR-20059,PRP-5000,granite_counters,YES
FTR-20060,PRP-5000,updated_kitchen,Yes
